{"type":"FeatureCollection","features":[{"type":"Feature","geometry":{"type":"Point","coordinates":[111.41782011052324,39.66731224274357]},"properties":{"peak_name":"1224无名峰","peak_elev":1224,"peak_lon":111.41242980957033,"peak_lat":39.671624,"base_elev":959,"distance_m":665.7,"vertical_relief_m":265.0,"max_jut":98.053,"search_radius_m":1000,"elev_angle_deg":21.7064,"is_expanded":false}},{"type":"Feature","geometry":{"type":"Point","coordinates":[111.23698924382995,40.751758453732656]},"properties":{"peak_name":"1256无名峰","peak_elev":1256,"peak_lon":111.238876,"peak_lat":40.754858,"base_elev":1068,"distance_m":379.3,"vertical_relief_m":188.0,"max_jut":83.4488,"search_radius_m":500,"elev_angle_deg":26.3653,"is_expanded":false}},{"type":"Feature","geometry":{"type":"Point","coordinates":[111.06801613888707,40.729120908572845]},"properties":{"peak_name":"1269无名峰","peak_elev":1269,"peak_lon":111.066803,"peak_lat":40.73127746582031,"base_elev":1056,"distance_m":260.5,"vertical_relief_m":213.0,"max_jut":134.7732,"search_radius_m":375,"elev_angle_deg":39.2714,"is_expanded":false}},{"type":"Feature","geometry":{"type":"Point","coordinates":[111.37712642815262,40.76334672089779]},"properties":{"peak_name":"1270无名峰","peak_elev":1270,"peak_lon":111.379821,"peak_lat":40.762808,"base_elev":1112,"distance_m":235.3,"vertical_relief_m":158.0,"max_jut":88.2312,"search_radius_m":375,"elev_angle_deg":33.8807,"is_expanded":false}},{"type":"Feature","geometry":{"type":"Point","coordinates":[111.07448400893276,40.73208534901044]},"properties":{"peak_name":"1271无名峰","peak_elev":1271,"peak_lon":111.073002,"peak_lat":40.734241,"base_elev":1063,"distance_m":270.1,"vertical_relief_m":208.0,"max_jut":126.8573,"search_radius_m":375,"elev_angle_deg":37.5993,"is_expanded":false}},{"type":"Feature","geometry":{"type":"Point","coordinates":[111.02328003773792,40.74663805661317]},"properties":{"peak_name":"1279无名峰","peak_elev":1279,"peak_lon":111.025166,"peak_lat":40.74717712402344,"base_elev":1119,"distance_m":170.2,"vertical_relief_m":160.0,"max_jut":109.7245,"search_radius_m":375,"elev_angle_deg":43.2307,"is_expanded":false}},{"type":"Feature","geometry":{"type":"Point","coordinates":[111.25962678898978,40.763885710068266]},"properties":{"peak_name":"1286无名峰","peak_elev":1286,"peak_lon":111.262322,"peak_lat":40.7655029296875,"base_elev":1139,"distance_m":289.9,"vertical_relief_m":147.0,"max_jut":66.5385,"search_radius_m":375,"elev_angle_deg":26.8883,"is_expanded":false}},{"type":"Feature","geometry":{"type":"Point","coordinates":[111.38575025488016,40.7603822804602]},"properties":{"peak_name":"1294无名峰","peak_elev":1294,"peak_lon":111.384942,"peak_lat":40.762808,"base_elev":1129,"distance_m":277.9,"vertical_relief_m":165.0,"max_jut":84.1739,"search_radius_m":750,"elev_angle_deg":30.6992,"is_expanded":false}},{"type":"Feature","geometry":{"type":"Point","coordinates":[112.51385458867746,39.40401603296814]},"properties":{"peak_name":"1305无名峰","peak_elev":1305,"peak_lon":112.515202,"peak_lat":39.405364,"base_elev":1139,"distance_m":189.4,"vertical_relief_m":166.0,"max_jut":109.4182,"search_radius_m":750,"elev_angle_deg":41.233,"is_expanded":false}},{"type":"Feature","geometry":{"type":"Point","coordinates":[111.48761920809932,40.784367298546194]},"properties":{"peak_name":"1314无名峰","peak_elev":1314,"peak_lon":111.485194,"peak_lat":40.784098,"base_elev":1156,"distance_m":206.9,"vertical_relief_m":158.0,"max_jut":96.0484,"search_radius_m":250,"elev_angle_deg":37.3673,"is_expanded":false}},{"type":"Feature","geometry":{"type":"Point","coordinates":[111.28091686122342,40.76954509635822]},"properties":{"peak_name":"1328无名峰","peak_elev":1328,"peak_lon":111.280917,"peak_lat":40.77385711669922,"base_elev":1137,"distance_m":478.9,"vertical_relief_m":191.0,"max_jut":70.6835,"search_radius_m":875,"elev_angle_deg":21.7436,"is_expanded":false}},{"type":"Feature","geometry":{"type":"Point","coordinates":[111.45285440660388,40.7776299339153]},"properties":{"peak_name":"1334无名峰","peak_elev":1334,"peak_lon":111.454202,"peak_lat":40.779382,"base_elev":1124,"distance_m":225.4,"vertical_relief_m":210.0,"max_jut":143.132,"search_radius_m":375,"elev_angle_deg":42.9743,"is_expanded":false}},{"type":"Feature","geometry":{"type":"Point","coordinates":[111.22028057954536,40.74879401329506]},"properties":{"peak_name":"1341无名峰","peak_elev":1341,"peak_lon":111.217586,"peak_lat":40.751489,"base_elev":1081,"distance_m":376.0,"vertical_relief_m":260.0,"max_jut":147.8957,"search_radius_m":500,"elev_angle_deg":34.6634,"is_expanded":false}},{"type":"Feature","geometry":{"type":"Point","coordinates":[111.283881301661,40.77709094474483]},"properties":{"peak_name":"1348无名峰","peak_elev":1348,"peak_lon":111.284151,"peak_lat":40.77924728393555,"base_elev":1198,"distance_m":240.5,"vertical_relief_m":150.0,"max_jut":79.2985,"search_radius_m":375,"elev_angle_deg":31.9518,"is_expanded":false}},{"type":"Feature","geometry":{"type":"Point","coordinates":[111.33697173495248,40.7919131469328]},"properties":{"peak_name":"1351无名峰","peak_elev":1351,"peak_lon":111.334412,"peak_lat":40.793261,"base_elev":1157,"distance_m":262.8,"vertical_relief_m":194.0,"max_jut":115.309,"search_radius_m":375,"elev_angle_deg":36.4349,"is_expanded":false}},{"type":"Feature","geometry":{"type":"Point","coordinates":[111.05022949626152,40.72777343564666]},"properties":{"peak_name":"1353无名峰","peak_elev":1353,"peak_lon":111.050768,"peak_lat":40.731546,"base_elev":1078,"distance_m":421.4,"vertical_relief_m":275.0,"max_jut":150.1561,"search_radius_m":625,"elev_angle_deg":33.1279,"is_expanded":false}},{"type":"Feature","geometry":{"type":"Point","coordinates":[112.11904502130692,40.91129924819228]},"properties":{"peak_name":"1363无名峰","peak_elev":1363,"peak_lon":112.121066,"peak_lat":40.909682,"base_elev":1204,"distance_m":247.5,"vertical_relief_m":159.0,"max_jut":85.9765,"search_radius_m":500,"elev_angle_deg":32.7177,"is_expanded":false}},{"type":"Feature","geometry":{"type":"Point","coordinates":[111.81828906418372,40.95468787641526]},"properties":{"peak_name":"1369无名峰","peak_elev":1369,"peak_lon":111.817481,"peak_lat":40.952801,"base_elev":1225,"distance_m":220.3,"vertical_relief_m":144.0,"max_jut":78.7344,"search_radius_m":375,"elev_angle_deg":33.1708,"is_expanded":false}},{"type":"Feature","geometry":{"type":"Point","coordinates":[111.29627805258184,40.77439599889247]},"properties":{"peak_name":"1372无名峰","peak_elev":1372,"peak_lon":111.291966,"peak_lat":40.777091,"base_elev":1122,"distance_m":471.3,"vertical_relief_m":250.0,"max_jut":117.2512,"search_radius_m":625,"elev_angle_deg":27.9436,"is_expanded":false}},{"type":"Feature","geometry":{"type":"Point","coordinates":[111.3499074750438,40.76954509635822]},"properties":{"peak_name":"1377无名峰","peak_elev":1377,"peak_lon":111.348695,"peak_lat":40.773588,"base_elev":1160,"distance_m":460.5,"vertical_relief_m":217.0,"max_jut":92.4187,"search_radius_m":750,"elev_angle_deg":25.2311,"is_expanded":false}},{"type":"Feature","geometry":{"type":"Point","coordinates":[111.4498899661663,40.79595556571133]},"properties":{"peak_name":"1381无名峰","peak_elev":1381,"peak_lon":111.452315,"peak_lat":40.794339,"base_elev":1185,"distance_m":272.2,"vertical_relief_m":196.0,"max_jut":114.5845,"search_radius_m":500,"elev_angle_deg":35.7561,"is_expanded":false}},{"type":"Feature","geometry":{"type":"Point","coordinates":[111.49516505648592,40.79676404946704]},"properties":{"peak_name":"1382无名峰(2)","peak_elev":1382,"peak_lon":111.493279,"peak_lat":40.79514694213867,"base_elev":1203,"distance_m":240.0,"vertical_relief_m":179.0,"max_jut":107.0525,"search_radius_m":375,"elev_angle_deg":36.7168,"is_expanded":false}},{"type":"Feature","geometry":{"type":"Point","coordinates":[112.5666755273837,39.465730292987146]},"properties":{"peak_name":"1385无名峰","peak_elev":1385,"peak_lon":112.565732,"peak_lat":39.463574,"base_elev":1231,"distance_m":252.8,"vertical_relief_m":154.0,"max_jut":80.0532,"search_radius_m":375,"elev_angle_deg":31.3488,"is_expanded":false}},{"type":"Feature","geometry":{"type":"Point","coordinates":[111.15209844948068,40.77789942850053]},"properties":{"peak_name":"1394无名峰","peak_elev":1394,"peak_lon":111.149942,"peak_lat":40.778708,"base_elev":1207,"distance_m":203.0,"vertical_relief_m":187.0,"max_jut":126.8274,"search_radius_m":250,"elev_angle_deg":42.6507,"is_expanded":false}},{"type":"Feature","geometry":{"type":"Point","coordinates":[111.01357823266945,40.75337542124407]},"properties":{"peak_name":"1399无名峰","peak_elev":1399,"peak_lon":111.011288,"peak_lat":40.75067901611328,"base_elev":1196,"distance_m":356.5,"vertical_relief_m":203.0,"max_jut":100.443,"search_radius_m":500,"elev_angle_deg":29.6583,"is_expanded":false}},{"type":"Feature","geometry":{"type":"Point","coordinates":[111.09523509199592,40.7528364320736]},"properties":{"peak_name":"1401无名峰","peak_elev":1401,"peak_lon":111.101433,"peak_lat":40.753375,"base_elev":1104,"distance_m":526.8,"vertical_relief_m":297.0,"max_jut":146.1345,"search_radius_m":625,"elev_angle_deg":29.4135,"is_expanded":false}},{"type":"Feature","geometry":{"type":"Point","coordinates":[111.20518888277212,40.741517659493695]},"properties":{"peak_name":"1403无名峰(2)","peak_elev":1403,"peak_lon":111.20437622070312,"peak_lat":40.74717712402344,"base_elev":1047,"distance_m":632.2,"vertical_relief_m":356.0,"max_jut":174.5063,"search_radius_m":875,"elev_angle_deg":29.3844,"is_expanded":false}},{"type":"Feature","geometry":{"type":"Point","coordinates":[111.55202841397067,39.43716386695215]},"properties":{"peak_name":"1404无名峰","peak_elev":1404,"peak_lon":111.553376,"peak_lat":39.43904876708984,"base_elev":1258,"distance_m":239.3,"vertical_relief_m":146.0,"max_jut":76.0138,"search_radius_m":375,"elev_angle_deg":31.3879,"is_expanded":false}},{"type":"Feature","geometry":{"type":"Point","coordinates":[111.61212570647828,39.45009960704347]},"properties":{"peak_name":"1406无名峰","peak_elev":1406,"peak_lon":111.616168,"peak_lat":39.451178,"base_elev":1248,"distance_m":368.0,"vertical_relief_m":158.0,"max_jut":62.4482,"search_radius_m":375,"elev_angle_deg":23.2362,"is_expanded":false}},{"type":"Feature","geometry":{"type":"Point","coordinates":[112.53352769339968,39.40347704379767]},"properties":{"peak_name":"1407无名峰","peak_elev":1407,"peak_lon":112.536627,"peak_lat":39.40886688232422,"base_elev":1123,"distance_m":655.2,"vertical_relief_m":284.0,"max_jut":112.8587,"search_radius_m":1500,"elev_angle_deg":23.4346,"is_expanded":false}},{"type":"Feature","geometry":{"type":"Point","coordinates":[112.00046740380316,40.183124878885]},"properties":{"peak_name":"1410无名峰(1)","peak_elev":1410,"peak_lon":112.003297,"peak_lat":40.18312454223633,"base_elev":1269,"distance_m":241.0,"vertical_relief_m":141.0,"max_jut":71.3398,"search_radius_m":625,"elev_angle_deg":30.3303,"is_expanded":false}},{"type":"Feature","geometry":{"type":"Point","coordinates":[111.45581884704148,40.77574347181864]},"properties":{"peak_name":"1412无名峰","peak_elev":1412,"peak_lon":111.462556,"peak_lat":40.77735900878906,"base_elev":1121,"distance_m":596.4,"vertical_relief_m":291.0,"max_jut":127.8409,"search_radius_m":750,"elev_angle_deg":26.009,"is_expanded":false}},{"type":"Feature","geometry":{"type":"Point","coordinates":[111.46282570625762,40.79999798448987]},"properties":{"peak_name":"1414无名峰(1)","peak_elev":1414,"peak_lon":111.460131,"peak_lat":40.800806,"base_elev":1251,"distance_m":244.5,"vertical_relief_m":163.0,"max_jut":90.5524,"search_radius_m":375,"elev_angle_deg":33.6901,"is_expanded":false}},{"type":"Feature","geometry":{"type":"Point","coordinates":[111.51618563413432,40.82586946467252]},"properties":{"peak_name":"1418无名峰","peak_elev":1418,"peak_lon":111.510257,"peak_lat":40.823714,"base_elev":1169,"distance_m":554.5,"vertical_relief_m":249.0,"max_jut":102.1632,"search_radius_m":750,"elev_angle_deg":24.1826,"is_expanded":false}},{"type":"Feature","geometry":{"type":"Point","coordinates":[111.4709105438147,39.81930718881659]},"properties":{"peak_name":"1422无名峰","peak_elev":1422,"peak_lon":111.473067,"peak_lat":39.821733,"base_elev":1262,"distance_m":326.5,"vertical_relief_m":160.0,"max_jut":70.3882,"search_radius_m":375,"elev_angle_deg":26.107,"is_expanded":false}},{"type":"Feature","geometry":{"type":"Point","coordinates":[111.09631307033683,40.75687885085213]},"properties":{"peak_name":"1427无名峰","peak_elev":1427,"peak_lon":111.105745,"peak_lat":40.75768661499024,"base_elev":1132,"distance_m":801.5,"vertical_relief_m":295.0,"max_jut":102.1205,"search_radius_m":1250,"elev_angle_deg":20.2066,"is_expanded":false}},{"type":"Feature","geometry":{"type":"Point","coordinates":[111.13323382851416,40.76738913967633]},"properties":{"peak_name":"1430无名峰","peak_elev":1430,"peak_lon":111.141858,"peak_lat":40.769815,"base_elev":1206,"distance_m":776.4,"vertical_relief_m":224.0,"max_jut":62.2169,"search_radius_m":1250,"elev_angle_deg":16.0934,"is_expanded":false}},{"type":"Feature","geometry":{"type":"Point","coordinates":[111.12541848554233,40.77789942850053]},"properties":{"peak_name":"1438无名峰","peak_elev":1438,"peak_lon":111.128652,"peak_lat":40.779786,"base_elev":1256,"distance_m":344.1,"vertical_relief_m":182.0,"max_jut":85.1699,"search_radius_m":500,"elev_angle_deg":27.8751,"is_expanded":false}},{"type":"Feature","geometry":{"type":"Point","coordinates":[111.0305563915393,40.7671196450911]},"properties":{"peak_name":"1442无名峰","peak_elev":1442,"peak_lon":111.02355194091795,"peak_lat":40.768198,"base_elev":1144,"distance_m":603.4,"vertical_relief_m":298.0,"max_jut":132.2146,"search_radius_m":625,"elev_angle_deg":26.2833,"is_expanded":false}},{"type":"Feature","geometry":{"type":"Point","coordinates":[112.8472193906142,39.1512301120169]},"properties":{"peak_name":"1444无名峰","peak_elev":1444,"peak_lon":112.849914,"peak_lat":39.151769,"base_elev":1279,"distance_m":240.5,"vertical_relief_m":165.0,"max_jut":93.489,"search_radius_m":375,"elev_angle_deg":34.4529,"is_expanded":false}},{"type":"Feature","geometry":{"type":"Point","coordinates":[112.5502363576843,39.40239906545672]},"properties":{"peak_name":"1447无名峰","peak_elev":1447,"peak_lon":112.54808044433594,"peak_lat":39.409945,"base_elev":1120,"distance_m":858.1,"vertical_relief_m":327.0,"max_jut":116.3047,"search_radius_m":1750,"elev_angle_deg":20.8606,"is_expanded":false}},{"type":"Feature","geometry":{"type":"Point","coordinates":[111.50837029116248,40.82910339969534]},"properties":{"peak_name":"1461无名峰","peak_elev":1461,"peak_lon":111.505406,"peak_lat":40.827082,"base_elev":1245,"distance_m":336.0,"vertical_relief_m":216.0,"max_jut":116.8649,"search_radius_m":375,"elev_angle_deg":32.7352,"is_expanded":false}},{"type":"Feature","geometry":{"type":"Point","coordinates":[112.5855401483502,39.40886693550238]},"properties":{"peak_name":"1463无名峰","peak_elev":1463,"peak_lon":112.587427,"peak_lat":39.41236877441406,"base_elev":1202,"distance_m":421.4,"vertical_relief_m":261.0,"max_jut":137.34,"search_radius_m":875,"elev_angle_deg":31.7726,"is_expanded":false}},{"type":"Feature","geometry":{"type":"Point","coordinates":[112.20420531024146,40.25373246021679]},"properties":{"peak_name":"1471无名峰","peak_elev":1471,"peak_lon":112.20690155029295,"peak_lat":40.25319290161133,"base_elev":1330,"distance_m":237.1,"vertical_relief_m":141.0,"max_jut":72.194,"search_radius_m":250,"elev_angle_deg":30.7393,"is_expanded":false}},{"type":"Feature","geometry":{"type":"Point","coordinates":[112.01798455184348,40.16857217128226]},"properties":{"peak_name":"1472无名峰","peak_elev":1472,"peak_lon":112.0116958618164,"peak_lat":40.169381,"base_elev":1234,"distance_m":543.2,"vertical_relief_m":238.0,"max_jut":95.7112,"search_radius_m":875,"elev_angle_deg":23.6604,"is_expanded":false}},{"type":"Feature","geometry":{"type":"Point","coordinates":[112.90381325351376,39.15715899289209]},"properties":{"peak_name":"1476无名峰","peak_elev":1476,"peak_lon":112.907047,"peak_lat":39.154464,"base_elev":1284,"distance_m":409.4,"vertical_relief_m":192.0,"max_jut":81.5357,"search_radius_m":500,"elev_angle_deg":25.1256,"is_expanded":false}},{"type":"Feature","geometry":{"type":"Point","coordinates":[112.54619393890576,39.13398245856181]},"properties":{"peak_name":"1477无名峰","peak_elev":1477,"peak_lon":112.543229,"peak_lat":39.129401,"base_elev":1254,"distance_m":569.6,"vertical_relief_m":223.0,"max_jut":81.2441,"search_radius_m":1125,"elev_angle_deg":21.3805,"is_expanded":false}},{"type":"Feature","geometry":{"type":"Point","coordinates":[112.84614141227328,39.14772668240884]},"properties":{"peak_name":"1478无名峰","peak_elev":1478,"peak_lon":112.84156036376952,"peak_lat":39.147457122802734,"base_elev":1258,"distance_m":397.1,"vertical_relief_m":220.0,"max_jut":106.8045,"search_radius_m":500,"elev_angle_deg":28.9872,"is_expanded":false}},{"type":"Feature","geometry":{"type":"Point","coordinates":[112.53325819881444,39.13128751270945]},"properties":{"peak_name":"1481无名峰","peak_elev":1481,"peak_lon":112.538109,"peak_lat":39.127245,"base_elev":1230,"distance_m":614.3,"vertical_relief_m":251.0,"max_jut":94.9628,"search_radius_m":875,"elev_angle_deg":22.2247,"is_expanded":false}},{"type":"Feature","geometry":{"type":"Point","coordinates":[111.14428310650884,40.81697614335973]},"properties":{"peak_name":"1482无名峰","peak_elev":1482,"peak_lon":111.144014,"peak_lat":40.82048034667969,"base_elev":1283,"distance_m":389.8,"vertical_relief_m":199.0,"max_jut":90.3905,"search_radius_m":625,"elev_angle_deg":27.0451,"is_expanded":false}},{"type":"Feature","geometry":{"type":"Point","coordinates":[112.14707245817146,40.96870159484752]},"properties":{"peak_name":"1485无名峰","peak_elev":1485,"peak_lon":112.14828491210938,"peak_lat":40.965737,"base_elev":1252,"distance_m":344.7,"vertical_relief_m":233.0,"max_jut":130.4028,"search_radius_m":500,"elev_angle_deg":34.0567,"is_expanded":false}},{"type":"Feature","geometry":{"type":"Point","coordinates":[111.39221812492582,40.76523318299445]},"properties":{"peak_name":"1486无名峰","peak_elev":1486,"peak_lon":111.395587,"peak_lat":40.76846694946289,"base_elev":1134,"distance_m":458.1,"vertical_relief_m":352.0,"max_jut":214.4933,"search_radius_m":500,"elev_angle_deg":37.5384,"is_expanded":false}},{"type":"Feature","geometry":{"type":"Point","coordinates":[111.44530855821728,40.82694744301346]},"properties":{"peak_name":"1501无名峰(1)","peak_elev":1501,"peak_lon":111.445174,"peak_lat":40.823714,"base_elev":1272,"distance_m":359.3,"vertical_relief_m":229.0,"max_jut":122.9777,"search_radius_m":500,"elev_angle_deg":32.5114,"is_expanded":false}},{"type":"Feature","geometry":{"type":"Point","coordinates":[112.13440621266535,40.89135664888483]},"properties":{"peak_name":"1502无名峰","peak_elev":1502,"peak_lon":112.136023,"peak_lat":40.89351272583008,"base_elev":1336,"distance_m":275.5,"vertical_relief_m":166.0,"max_jut":85.6527,"search_radius_m":375,"elev_angle_deg":31.0707,"is_expanded":false}},{"type":"Feature","geometry":{"type":"Point","coordinates":[111.0079188463795,40.74744654036888]},"properties":{"peak_name":"1504无名峰(1)","peak_elev":1504,"peak_lon":111.00171661376952,"peak_lat":40.749468,"base_elev":1223,"distance_m":569.9,"vertical_relief_m":281.0,"max_jut":124.4671,"search_radius_m":625,"elev_angle_deg":26.2465,"is_expanded":false}},{"type":"Feature","geometry":{"type":"Point","coordinates":[111.50917877491818,40.8347627859853]},"properties":{"peak_name":"1505无名峰","peak_elev":1505,"peak_lon":111.505136,"peak_lat":40.833415,"base_elev":1255,"distance_m":372.4,"vertical_relief_m":250.0,"max_jut":139.5293,"search_radius_m":375,"elev_angle_deg":33.8743,"is_expanded":false}},{"type":"Feature","geometry":{"type":"Point","coordinates":[111.0372937561702,40.84176964520143]},"properties":{"peak_name":"1507无名峰","peak_elev":1507,"peak_lon":111.040258,"peak_lat":40.844195,"base_elev":1299,"distance_m":367.5,"vertical_relief_m":208.0,"max_jut":102.497,"search_radius_m":500,"elev_angle_deg":29.5093,"is_expanded":false}},{"type":"Feature","geometry":{"type":"Point","coordinates":[111.707796284237,39.531486971784695]},"properties":{"peak_name":"1510无名峰","peak_elev":1510,"peak_lon":111.700789,"peak_lat":39.532026,"base_elev":1276,"distance_m":605.4,"vertical_relief_m":234.0,"max_jut":84.5414,"search_radius_m":1250,"elev_angle_deg":21.1326,"is_expanded":false}},{"type":"Feature","geometry":{"type":"Point","coordinates":[111.39006216824394,40.76927560177298]},"properties":{"peak_name":"1513无名峰","peak_elev":1513,"peak_lon":111.392083,"peak_lat":40.773318,"base_elev":1178,"distance_m":480.2,"vertical_relief_m":335.0,"max_jut":191.5572,"search_radius_m":500,"elev_angle_deg":34.9006,"is_expanded":false}},{"type":"Feature","geometry":{"type":"Point","coordinates":[111.0478040449944,40.84473408563903]},"properties":{"peak_name":"1518无名峰","peak_elev":1518,"peak_lon":111.051038,"peak_lat":40.843656,"base_elev":1359,"distance_m":297.8,"vertical_relief_m":159.0,"max_jut":74.9894,"search_radius_m":500,"elev_angle_deg":28.0984,"is_expanded":false}},{"type":"Feature","geometry":{"type":"Point","coordinates":[111.10305043496776,40.77358751513676]},"properties":{"peak_name":"1520无名峰","peak_elev":1520,"peak_lon":111.107093,"peak_lat":40.771701,"base_elev":1277,"distance_m":400.5,"vertical_relief_m":243.0,"max_jut":126.1969,"search_radius_m":625,"elev_angle_deg":31.2469,"is_expanded":false}},{"type":"Feature","geometry":{"type":"Point","coordinates":[112.95286126802668,39.17494563551766]},"properties":{"peak_name":"1523无名峰","peak_elev":1523,"peak_lon":112.952861,"peak_lat":39.178719,"base_elev":1310,"distance_m":418.9,"vertical_relief_m":213.0,"max_jut":96.4173,"search_radius_m":500,"elev_angle_deg":26.9522,"is_expanded":false}},{"type":"Feature","geometry":{"type":"Point","coordinates":[112.86985693577402,39.76163534757612]},"properties":{"peak_name":"1524无名峰","peak_elev":1524,"peak_lon":112.877942,"peak_lat":39.765678,"base_elev":1215,"distance_m":825.5,"vertical_relief_m":309.0,"max_jut":108.4525,"search_radius_m":1000,"elev_angle_deg":20.5218,"is_expanded":false}},{"type":"Feature","geometry":{"type":"Point","coordinates":[111.47710891927512,40.82559997008728]},"properties":{"peak_name":"1525无名峰","peak_elev":1525,"peak_lon":111.480612,"peak_lat":40.827486,"base_elev":1349,"distance_m":362.2,"vertical_relief_m":176.0,"max_jut":77.0003,"search_radius_m":375,"elev_angle_deg":25.916,"is_expanded":false}},{"type":"Feature","geometry":{"type":"Point","coordinates":[111.73690169944248,40.933936793352096]},"properties":{"peak_name":"1527无名峰","peak_elev":1527,"peak_lon":111.739597,"peak_lat":40.933398,"base_elev":1247,"distance_m":234.8,"vertical_relief_m":280.0,"max_jut":214.7709,"search_radius_m":500,"elev_angle_deg":50.0178,"is_expanded":false}},{"type":"Feature","geometry":{"type":"Point","coordinates":[111.48788870268456,40.81320321916643]},"properties":{"peak_name":"1531无名峰","peak_elev":1531,"peak_lon":111.484385,"peak_lat":40.812395,"base_elev":1376,"distance_m":308.9,"vertical_relief_m":155.0,"max_jut":69.6311,"search_radius_m":750,"elev_angle_deg":26.6466,"is_expanded":false}},{"type":"Feature","geometry":{"type":"Point","coordinates":[112.14491650148958,40.59599058346633]},"properties":{"peak_name":"1532无名峰","peak_elev":1532,"peak_lon":112.149228,"peak_lat":40.59868621826172,"base_elev":1347,"distance_m":472.0,"vertical_relief_m":185.0,"max_jut":67.5671,"search_radius_m":500,"elev_angle_deg":21.4027,"is_expanded":false}},{"type":"Feature","geometry":{"type":"Point","coordinates":[111.04457010997156,40.75310592665883]},"properties":{"peak_name":"1535无名峰(1)","peak_elev":1535,"peak_lon":111.050229,"peak_lat":40.753106,"base_elev":1276,"distance_m":477.9,"vertical_relief_m":259.0,"max_jut":123.6544,"search_radius_m":500,"elev_angle_deg":28.4557,"is_expanded":false}},{"type":"Feature","geometry":{"type":"Point","coordinates":[112.94612390339576,39.16901675464247]},"properties":{"peak_name":"1536无名峰","peak_elev":1536,"peak_lon":112.941542,"peak_lat":39.166861,"base_elev":1294,"distance_m":462.7,"vertical_relief_m":242.0,"max_jut":112.2798,"search_radius_m":500,"elev_angle_deg":27.6103,"is_expanded":false}},{"type":"Feature","geometry":{"type":"Point","coordinates":[111.8926695697088,40.31248227979821]},"properties":{"peak_name":"1538无名峰","peak_elev":1538,"peak_lon":111.896038,"peak_lat":40.31356048583984,"base_elev":1375,"distance_m":310.3,"vertical_relief_m":163.0,"max_jut":75.9079,"search_radius_m":375,"elev_angle_deg":27.7129,"is_expanded":false}},{"type":"Feature","geometry":{"type":"Point","coordinates":[111.4919311214631,40.80188444658653]},"properties":{"peak_name":"1549无名峰(1)","peak_elev":1549,"peak_lon":111.497591,"peak_lat":40.80403900146485,"base_elev":1249,"distance_m":534.2,"vertical_relief_m":300.0,"max_jut":147.0989,"search_radius_m":750,"elev_angle_deg":29.318,"is_expanded":false}},{"type":"Feature","geometry":{"type":"Point","coordinates":[112.88360115962104,39.24528372226422]},"properties":{"peak_name":"1552无名峰(1)","peak_elev":1552,"peak_lon":112.878211,"peak_lat":39.244475,"base_elev":1215,"distance_m":473.9,"vertical_relief_m":337.0,"max_jut":195.601,"search_radius_m":625,"elev_angle_deg":35.4174,"is_expanded":false}},{"type":"Feature","geometry":{"type":"Point","coordinates":[113.0086466471705,39.85488047406773]},"properties":{"peak_name":"1553无名峰","peak_elev":1553,"peak_lon":112.990591,"peak_lat":39.856497,"base_elev":1190,"distance_m":1555.5,"vertical_relief_m":363.0,"max_jut":82.6888,"search_radius_m":1625,"elev_angle_deg":13.1358,"is_expanded":false}},{"type":"Feature","geometry":{"type":"Point","coordinates":[112.10880422706796,40.540744193492976]},"properties":{"peak_name":"1559无名峰","peak_elev":1559,"peak_lon":112.1109619140625,"peak_lat":40.54155349731445,"base_elev":1443,"distance_m":203.7,"vertical_relief_m":116.0,"max_jut":57.4826,"search_radius_m":250,"elev_angle_deg":29.66,"is_expanded":false}},{"type":"Feature","geometry":{"type":"Point","coordinates":[111.3175681248155,40.80835231663218]},"properties":{"peak_name":"1564无名峰(1)","peak_elev":1564,"peak_lon":111.316221,"peak_lat":40.803501,"base_elev":1178,"distance_m":550.6,"vertical_relief_m":386.0,"max_jut":221.4101,"search_radius_m":1000,"elev_angle_deg":35.0325,"is_expanded":false}},{"type":"Feature","geometry":{"type":"Point","coordinates":[111.52831289046992,40.8280254213544]},"properties":{"peak_name":"1569无名峰","peak_elev":1569,"peak_lon":111.534242,"peak_lat":40.83395385742188,"base_elev":1237,"distance_m":826.8,"vertical_relief_m":332.0,"max_jut":123.7295,"search_radius_m":2250,"elev_angle_deg":21.8778,"is_expanded":false}},{"type":"Feature","geometry":{"type":"Point","coordinates":[111.12353202344568,40.77709094474483]},"properties":{"peak_name":"1570无名峰(1)","peak_elev":1570,"peak_lon":111.11409759521484,"peak_lat":40.77762985229492,"base_elev":1245,"distance_m":798.7,"vertical_relief_m":325.0,"max_jut":122.7626,"search_radius_m":1000,"elev_angle_deg":22.142,"is_expanded":false}},{"type":"Feature","geometry":{"type":"Point","coordinates":[111.4498899661663,40.83449329140007]},"properties":{"peak_name":"1571无名峰(1)","peak_elev":1571,"peak_lon":111.45500946044922,"peak_lat":40.834224,"base_elev":1296,"distance_m":432.8,"vertical_relief_m":275.0,"max_jut":147.7374,"search_radius_m":500,"elev_angle_deg":32.4318,"is_expanded":false}},{"type":"Feature","geometry":{"type":"Point","coordinates":[111.022202059397,40.74043968115275]},"properties":{"peak_name":"1572无名峰","peak_elev":1572,"peak_lon":111.006841,"peak_lat":40.737745,"base_elev":1107,"distance_m":1331.5,"vertical_relief_m":465.0,"max_jut":153.6258,"search_radius_m":1375,"elev_angle_deg":19.2507,"is_expanded":false}},{"type":"Feature","geometry":{"type":"Point","coordinates":[111.42994736685884,40.81697614335973]},"properties":{"peak_name":"1573无名峰","peak_elev":1573,"peak_lon":111.426713,"peak_lat":40.816707,"base_elev":1369,"distance_m":274.5,"vertical_relief_m":204.0,"max_jut":121.877,"search_radius_m":375,"elev_angle_deg":36.6186,"is_expanded":false}},{"type":"Feature","geometry":{"type":"Point","coordinates":[112.12147047257405,40.87437849001497]},"properties":{"peak_name":"1574无名峰","peak_elev":1574,"peak_lon":112.125243,"peak_lat":40.877882,"base_elev":1344,"distance_m":502.5,"vertical_relief_m":230.0,"max_jut":95.7449,"search_radius_m":750,"elev_angle_deg":24.5941,"is_expanded":false}},{"type":"Feature","geometry":{"type":"Point","coordinates":[111.3259224569578,40.90024997019761]},"properties":{"peak_name":"1575无名峰","peak_elev":1575,"peak_lon":111.329156,"peak_lat":40.900519,"base_elev":1332,"distance_m":274.1,"vertical_relief_m":243.0,"max_jut":161.4291,"search_radius_m":500,"elev_angle_deg":41.5582,"is_expanded":false}},{"type":"Feature","geometry":{"type":"Point","coordinates":[112.11257715126126,40.8746479846002]},"properties":{"peak_name":"1576无名峰","peak_elev":1576,"peak_lon":112.114733,"peak_lat":40.87895965576172,"base_elev":1313,"distance_m":512.1,"vertical_relief_m":263.0,"max_jut":120.0663,"search_radius_m":1125,"elev_angle_deg":27.1837,"is_expanded":false}},{"type":"Feature","geometry":{"type":"Point","coordinates":[112.069997006794,40.16399076333325]},"properties":{"peak_name":"1577无名峰(1)","peak_elev":1577,"peak_lon":112.072961,"peak_lat":40.163721,"base_elev":1382,"distance_m":254.3,"vertical_relief_m":195.0,"max_jut":118.8502,"search_radius_m":1250,"elev_angle_deg":37.4814,"is_expanded":false}},{"type":"Feature","geometry":{"type":"Point","coordinates":[111.33778021870818,40.90510087273186]},"properties":{"peak_name":"1578无名峰(2)","peak_elev":1578,"peak_lon":111.333468,"peak_lat":40.906718,"base_elev":1341,"distance_m":405.3,"vertical_relief_m":237.0,"max_jut":119.7987,"search_radius_m":500,"elev_angle_deg":30.317,"is_expanded":false}},{"type":"Feature","geometry":{"type":"Point","coordinates":[112.12901632096066,40.87410899542974]},"properties":{"peak_name":"1579无名峰","peak_elev":1579,"peak_lon":112.131577,"peak_lat":40.877343,"base_elev":1376,"distance_m":419.0,"vertical_relief_m":203.0,"max_jut":88.4886,"search_radius_m":750,"elev_angle_deg":25.8496,"is_expanded":false}},{"type":"Feature","geometry":{"type":"Point","coordinates":[112.15057588777952,40.93555376086351]},"properties":{"peak_name":"1580无名峰","peak_elev":1580,"peak_lon":112.150845,"peak_lat":40.938518,"base_elev":1390,"distance_m":330.0,"vertical_relief_m":190.0,"max_jut":94.7208,"search_radius_m":625,"elev_angle_deg":29.9315,"is_expanded":false}},{"type":"Feature","geometry":{"type":"Point","coordinates":[111.02947841319836,40.83826621559336]},"properties":{"peak_name":"1581无名峰(1)","peak_elev":1581,"peak_lon":111.029748,"peak_lat":40.834493,"base_elev":1308,"distance_m":419.6,"vertical_relief_m":273.0,"max_jut":148.7382,"search_radius_m":875,"elev_angle_deg":33.0488,"is_expanded":false}},{"type":"Feature","geometry":{"type":"Point","coordinates":[112.5540092818776,40.59383462678444]},"properties":{"peak_name":"1583无名峰","peak_elev":1583,"peak_lon":112.551045,"peak_lat":40.597338,"base_elev":1341,"distance_m":462.9,"vertical_relief_m":242.0,"max_jut":112.0944,"search_radius_m":625,"elev_angle_deg":27.6002,"is_expanded":false}},{"type":"Feature","geometry":{"type":"Point","coordinates":[112.0759258876692,40.98379329162073]},"properties":{"peak_name":"1584无名峰","peak_elev":1584,"peak_lon":112.071344,"peak_lat":40.987836,"base_elev":1330,"distance_m":591.8,"vertical_relief_m":254.0,"max_jut":100.2092,"search_radius_m":1000,"elev_angle_deg":23.229,"is_expanded":false}},{"type":"Feature","geometry":{"type":"Point","coordinates":[112.0346932161281,40.28768877795651]},"properties":{"peak_name":"1588无名峰","peak_elev":1588,"peak_lon":112.028764,"peak_lat":40.285533,"base_elev":1382,"distance_m":558.1,"vertical_relief_m":206.0,"max_jut":71.4407,"search_radius_m":625,"elev_angle_deg":20.2596,"is_expanded":false}},{"type":"Feature","geometry":{"type":"Point","coordinates":[111.6288343707629,40.90590935648756]},"properties":{"peak_name":"1590无名峰","peak_elev":1590,"peak_lon":111.622097,"peak_lat":40.90024948120117,"base_elev":1226,"distance_m":847.0,"vertical_relief_m":364.0,"max_jut":143.778,"search_radius_m":1125,"elev_angle_deg":23.2557,"is_expanded":false}},{"type":"Feature","geometry":{"type":"Point","coordinates":[112.22091397452608,40.60299744268246]},"properties":{"peak_name":"1595无名峰(2)","peak_elev":1595,"peak_lon":112.221453,"peak_lat":40.605153,"base_elev":1424,"distance_m":243.7,"vertical_relief_m":171.0,"max_jut":98.1476,"search_radius_m":375,"elev_angle_deg":35.0567,"is_expanded":false}},{"type":"Feature","geometry":{"type":"Point","coordinates":[112.1360231801768,40.3469775867084]},"properties":{"peak_name":"1596无名峰","peak_elev":1596,"peak_lon":112.13790893554688,"peak_lat":40.349134,"base_elev":1460,"distance_m":288.1,"vertical_relief_m":136.0,"max_jut":58.0474,"search_radius_m":375,"elev_angle_deg":25.27,"is_expanded":false}},{"type":"Feature","geometry":{"type":"Point","coordinates":[111.50837029116248,40.84769852607662]},"properties":{"peak_name":"1597无名峰","peak_elev":1597,"peak_lon":111.511065,"peak_lat":40.856053,"base_elev":1241,"distance_m":955.2,"vertical_relief_m":356.0,"max_jut":124.2096,"search_radius_m":1000,"elev_angle_deg":20.4403,"is_expanded":false}},{"type":"Feature","geometry":{"type":"Point","coordinates":[112.408212711265,40.95738282226761]},"properties":{"peak_name":"1598无名峰","peak_elev":1598,"peak_lon":112.410638,"peak_lat":40.958461,"base_elev":1464,"distance_m":236.7,"vertical_relief_m":134.0,"max_jut":66.0944,"search_radius_m":500,"elev_angle_deg":29.515,"is_expanded":false}},{"type":"Feature","geometry":{"type":"Point","coordinates":[112.53379718798492,40.03759780285763]},"properties":{"peak_name":"1600无名峰","peak_elev":1600,"peak_lon":112.533528,"peak_lat":40.040293,"base_elev":1451,"distance_m":300.1,"vertical_relief_m":149.0,"max_jut":66.1784,"search_radius_m":500,"elev_angle_deg":26.4045,"is_expanded":false}},{"type":"Feature","geometry":{"type":"Point","coordinates":[111.35556686133374,40.79649455488181]},"properties":{"peak_name":"1604无名峰(2)","peak_elev":1604,"peak_lon":111.357723,"peak_lat":40.792722,"base_elev":1235,"distance_m":456.8,"vertical_relief_m":369.0,"max_jut":231.7896,"search_radius_m":625,"elev_angle_deg":38.931,"is_expanded":false}},{"type":"Feature","geometry":{"type":"Point","coordinates":[112.52436487750164,39.008667476427135]},"properties":{"peak_name":"1605无名峰","peak_elev":1605,"peak_lon":112.52180480957033,"peak_lat":39.010015,"base_elev":1377,"distance_m":267.5,"vertical_relief_m":228.0,"max_jut":148.0052,"search_radius_m":625,"elev_angle_deg":40.4422,"is_expanded":false}},{"type":"Feature","geometry":{"type":"Point","coordinates":[111.94252606797744,40.25319347104632]},"properties":{"peak_name":"1606无名峰","peak_elev":1606,"peak_lon":111.941448,"peak_lat":40.25723648071289,"base_elev":1379,"distance_m":458.2,"vertical_relief_m":227.0,"max_jut":100.6694,"search_radius_m":1375,"elev_angle_deg":26.3546,"is_expanded":false}},{"type":"Feature","geometry":{"type":"Point","coordinates":[111.69836397375376,40.950106468466245]},"properties":{"peak_name":"1607无名峰(1)","peak_elev":1607,"peak_lon":111.69512939453124,"peak_lat":40.94687271118164,"base_elev":1262,"distance_m":450.7,"vertical_relief_m":345.0,"max_jut":209.7142,"search_radius_m":625,"elev_angle_deg":37.4332,"is_expanded":false}},{"type":"Feature","geometry":{"type":"Point","coordinates":[111.46686812503616,40.81859311087115]},"properties":{"peak_name":"1608无名峰","peak_elev":1608,"peak_lon":111.476031,"peak_lat":40.81886291503906,"base_elev":1301,"distance_m":773.6,"vertical_relief_m":307.0,"max_jut":113.489,"search_radius_m":875,"elev_angle_deg":21.6455,"is_expanded":false}},{"type":"Feature","geometry":{"type":"Point","coordinates":[112.160277692848,40.916689139897]},"properties":{"peak_name":"1609无名峰(2)","peak_elev":1609,"peak_lon":112.161895,"peak_lat":40.910221,"base_elev":1315,"distance_m":731.1,"vertical_relief_m":294.0,"max_jut":109.5804,"search_radius_m":750,"elev_angle_deg":21.9067,"is_expanded":false}},{"type":"Feature","geometry":{"type":"Point","coordinates":[111.07151956849516,40.84985448275851]},"properties":{"peak_name":"1611无名峰","peak_elev":1611,"peak_lon":111.075292,"peak_lat":40.850663,"base_elev":1444,"distance_m":330.5,"vertical_relief_m":167.0,"max_jut":75.4447,"search_radius_m":500,"elev_angle_deg":26.8072,"is_expanded":false}},{"type":"Feature","geometry":{"type":"Point","coordinates":[112.95340025719716,39.80637144872527]},"properties":{"peak_name":"1612无名峰","peak_elev":1612,"peak_lon":112.944642,"peak_lat":39.810144,"base_elev":1200,"distance_m":859.0,"vertical_relief_m":412.0,"max_jut":178.3945,"search_radius_m":1750,"elev_angle_deg":25.6237,"is_expanded":false}},{"type":"Feature","geometry":{"type":"Point","coordinates":[112.06379863133358,40.11790718925792]},"properties":{"peak_name":"1613无名峰(2)","peak_elev":1613,"peak_lon":112.071344,"peak_lat":40.115212,"base_elev":1328,"distance_m":709.4,"vertical_relief_m":285.0,"max_jut":106.4035,"search_radius_m":750,"elev_angle_deg":21.8877,"is_expanded":false}},{"type":"Feature","geometry":{"type":"Point","coordinates":[111.9700145156715,40.26100881401816]},"properties":{"peak_name":"1614","peak_elev":1632,"peak_lon":111.959774,"peak_lat":40.26235580444336,"base_elev":1319,"distance_m":883.9,"vertical_relief_m":313.0,"max_jut":104.7069,"search_radius_m":1375,"elev_angle_deg":19.4997,"is_expanded":false}},{"type":"Feature","geometry":{"type":"Point","coordinates":[111.93282426290897,40.24969004143826]},"properties":{"peak_name":"1615无名峰(1)","peak_elev":1615,"peak_lon":111.93498229980467,"peak_lat":40.254541,"base_elev":1333,"distance_m":569.1,"vertical_relief_m":282.0,"max_jut":125.1118,"search_radius_m":1000,"elev_angle_deg":26.3593,"is_expanded":false}},{"type":"Feature","geometry":{"type":"Point","coordinates":[111.2356417709038,40.81886260545638]},"properties":{"peak_name":"1617无名峰","peak_elev":1617,"peak_lon":111.230521,"peak_lat":40.814551,"base_elev":1244,"distance_m":644.9,"vertical_relief_m":373.0,"max_jut":186.8065,"search_radius_m":1000,"elev_angle_deg":30.0444,"is_expanded":false}},{"type":"Feature","geometry":{"type":"Point","coordinates":[111.06020079591524,40.79622506029657]},"properties":{"peak_name":"1619无名峰","peak_elev":1619,"peak_lon":111.0680160522461,"peak_lat":40.788949,"base_elev":1231,"distance_m":1043.0,"vertical_relief_m":388.0,"max_jut":135.3004,"search_radius_m":1375,"elev_angle_deg":20.4054,"is_expanded":false}},{"type":"Feature","geometry":{"type":"Point","coordinates":[112.9283372607702,39.79047126819636]},"properties":{"peak_name":"1620无名峰","peak_elev":1620,"peak_lon":112.91876983642578,"peak_lat":39.792897,"base_elev":1226,"distance_m":862.6,"vertical_relief_m":394.0,"max_jut":163.9825,"search_radius_m":1625,"elev_angle_deg":24.549,"is_expanded":false}},{"type":"Feature","geometry":{"type":"Point","coordinates":[111.0162731785218,40.84581206397997]},"properties":{"peak_name":"1623无名峰(1)","peak_elev":1623,"peak_lon":111.018429,"peak_lat":40.850663,"base_elev":1350,"distance_m":568.6,"vertical_relief_m":273.0,"max_jut":118.0831,"search_radius_m":875,"elev_angle_deg":25.6469,"is_expanded":false}},{"type":"Feature","geometry":{"type":"Point","coordinates":[111.43425928022262,40.82371350799063]},"properties":{"peak_name":"1624无名峰","peak_elev":1624,"peak_lon":111.429678,"peak_lat":40.822097,"base_elev":1351,"distance_m":426.1,"vertical_relief_m":273.0,"max_jut":147.4606,"search_radius_m":500,"elev_angle_deg":32.6475,"is_expanded":false}},{"type":"Feature","geometry":{"type":"Point","coordinates":[112.97280386733412,39.83035646681126]},"properties":{"peak_name":"1626无名峰(3)","peak_elev":1626,"peak_lon":112.966875,"peak_lat":39.834129,"base_elev":1287,"distance_m":658.1,"vertical_relief_m":339.0,"max_jut":155.3588,"search_radius_m":1875,"elev_angle_deg":27.2539,"is_expanded":false}},{"type":"Feature","geometry":{"type":"Point","coordinates":[111.503249894043,40.861173255338414]},"properties":{"peak_name":"1627无名峰","peak_elev":1627,"peak_lon":111.501363,"peak_lat":40.866024017333984,"base_elev":1341,"distance_m":561.7,"vertical_relief_m":286.0,"max_jut":129.6712,"search_radius_m":625,"elev_angle_deg":26.9838,"is_expanded":false}},{"type":"Feature","geometry":{"type":"Point","coordinates":[112.89249448093383,39.24151079807091]},"properties":{"peak_name":"1628无名峰(2)","peak_elev":1628,"peak_lon":112.895998,"peak_lat":39.241241,"base_elev":1367,"distance_m":303.9,"vertical_relief_m":261.0,"max_jut":170.2725,"search_radius_m":375,"elev_angle_deg":40.6571,"is_expanded":false}},{"type":"Feature","geometry":{"type":"Point","coordinates":[112.73484014857088,39.6638088131355]},"properties":{"peak_name":"1630无名峰","peak_elev":1630,"peak_lon":112.733762,"peak_lat":39.666234,"base_elev":1431,"distance_m":284.7,"vertical_relief_m":199.0,"max_jut":113.9209,"search_radius_m":500,"elev_angle_deg":34.9528,"is_expanded":false}},{"type":"Feature","geometry":{"type":"Point","coordinates":[111.0801433952227,40.75903480753402]},"properties":{"peak_name":"1632无名峰","peak_elev":1632,"peak_lon":111.072598,"peak_lat":40.763751,"base_elev":1209,"distance_m":824.8,"vertical_relief_m":423.0,"max_jut":193.195,"search_radius_m":875,"elev_angle_deg":27.1511,"is_expanded":false}},{"type":"Feature","geometry":{"type":"Point","coordinates":[112.92133040155409,39.7848118819064]},"properties":{"peak_name":"1634无名峰(2)","peak_elev":1634,"peak_lon":112.913515,"peak_lat":39.788585,"base_elev":1232,"distance_m":789.7,"vertical_relief_m":402.0,"max_jut":182.5655,"search_radius_m":2250,"elev_angle_deg":26.9786,"is_expanded":false}},{"type":"Feature","geometry":{"type":"Point","coordinates":[112.1376401476882,40.88408029508346]},"properties":{"peak_name":"1639无名峰(2)","peak_elev":1639,"peak_lon":112.14330291748048,"peak_lat":40.881655,"base_elev":1407,"distance_m":548.0,"vertical_relief_m":232.0,"max_jut":90.5667,"search_radius_m":875,"elev_angle_deg":22.9457,"is_expanded":false}},{"type":"Feature","geometry":{"type":"Point","coordinates":[111.8069702916038,40.97894238908648]},"properties":{"peak_name":"1640无名峰","peak_elev":1640,"peak_lon":111.80508422851562,"peak_lat":40.978942,"base_elev":1420,"distance_m":158.7,"vertical_relief_m":220.0,"max_jut":178.565,"search_radius_m":250,"elev_angle_deg":54.1947,"is_expanded":false}},{"type":"Feature","geometry":{"type":"Point","coordinates":[111.72154050808405,41.036883724912194]},"properties":{"peak_name":"1642无名峰","peak_elev":1642,"peak_lon":111.720193,"peak_lat":41.03337860107422,"base_elev":1469,"distance_m":405.4,"vertical_relief_m":173.0,"max_jut":67.8437,"search_radius_m":625,"elev_angle_deg":23.1098,"is_expanded":false}},{"type":"Feature","geometry":{"type":"Point","coordinates":[111.92797336037472,40.42081910306303]},"properties":{"peak_name":"1643无名峰(1)","peak_elev":1643,"peak_lon":111.927165,"peak_lat":40.424323,"base_elev":1442,"distance_m":395.1,"vertical_relief_m":201.0,"max_jut":91.0516,"search_radius_m":1250,"elev_angle_deg":26.9639,"is_expanded":false}},{"type":"Feature","geometry":{"type":"Point","coordinates":[111.45042895533678,40.83799672100813]},"properties":{"peak_name":"1644无名峰","peak_elev":1644,"peak_lon":111.457705,"peak_lat":40.839614,"base_elev":1306,"distance_m":639.4,"vertical_relief_m":338.0,"max_jut":158.24,"search_radius_m":875,"elev_angle_deg":27.8619,"is_expanded":false}},{"type":"Feature","geometry":{"type":"Point","coordinates":[111.51510765579336,40.83503228057054]},"properties":{"peak_name":"1645无名峰","peak_elev":1645,"peak_lon":111.524675,"peak_lat":40.839614,"base_elev":1208,"distance_m":953.9,"vertical_relief_m":437.0,"max_jut":182.2234,"search_radius_m":1500,"elev_angle_deg":24.6134,"is_expanded":false}},{"type":"Feature","geometry":{"type":"Point","coordinates":[112.85719069026794,40.38524581781189]},"properties":{"peak_name":"1646无名峰","peak_elev":1646,"peak_lon":112.854765,"peak_lat":40.382551,"base_elev":1487,"distance_m":363.3,"vertical_relief_m":159.0,"max_jut":63.7458,"search_radius_m":375,"elev_angle_deg":23.6368,"is_expanded":false}},{"type":"Feature","geometry":{"type":"Point","coordinates":[111.9977724579508,40.35155899465741]},"properties":{"peak_name":"1649无名峰(1)","peak_elev":1649,"peak_lon":112.003162,"peak_lat":40.349134,"base_elev":1444,"distance_m":531.2,"vertical_relief_m":205.0,"max_jut":73.9064,"search_radius_m":625,"elev_angle_deg":21.1025,"is_expanded":false}},{"type":"Feature","geometry":{"type":"Point","coordinates":[112.82539032921012,39.76055736923517]},"properties":{"peak_name":"1651无名峰","peak_elev":1651,"peak_lon":112.825121,"peak_lat":39.756515,"base_elev":1428,"distance_m":449.4,"vertical_relief_m":223.0,"max_jut":99.0034,"search_radius_m":500,"elev_angle_deg":26.3914,"is_expanded":false}},{"type":"Feature","geometry":{"type":"Point","coordinates":[111.50594483989536,40.83745773183766]},"properties":{"peak_name":"1654无名峰","peak_elev":1654,"peak_lon":111.495704,"peak_lat":40.837188,"base_elev":1278,"distance_m":864.2,"vertical_relief_m":376.0,"max_jut":150.3227,"search_radius_m":1625,"elev_angle_deg":23.5131,"is_expanded":false}},{"type":"Feature","geometry":{"type":"Point","coordinates":[111.30166794428658,40.809430294973126]},"properties":{"peak_name":"1655无名峰","peak_elev":1655,"peak_lon":111.294931,"peak_lat":40.80592727661133,"base_elev":1291,"distance_m":688.8,"vertical_relief_m":364.0,"max_jut":170.2396,"search_radius_m":875,"elev_angle_deg":27.8544,"is_expanded":false}},{"type":"Feature","geometry":{"type":"Point","coordinates":[111.18955819682846,40.83503228057054]},"properties":{"peak_name":"1661无名峰(1)","peak_elev":1661,"peak_lon":111.183629,"peak_lat":40.833685,"base_elev":1359,"distance_m":522.0,"vertical_relief_m":302.0,"max_jut":151.4859,"search_radius_m":750,"elev_angle_deg":30.0513,"is_expanded":false}},{"type":"Feature","geometry":{"type":"Point","coordinates":[111.42779141017697,40.82883390511011]},"properties":{"peak_name":"1664无名峰(1)","peak_elev":1664,"peak_lon":111.424018,"peak_lat":40.828295,"base_elev":1443,"distance_m":323.9,"vertical_relief_m":221.0,"max_jut":124.7706,"search_radius_m":375,"elev_angle_deg":34.3061,"is_expanded":false}},{"type":"Feature","geometry":{"type":"Point","coordinates":[111.99157408249036,40.3229925686224]},"properties":{"peak_name":"1666无名峰(1)","peak_elev":1666,"peak_lon":111.990361,"peak_lat":40.326227,"base_elev":1481,"distance_m":373.7,"vertical_relief_m":185.0,"max_jut":82.0128,"search_radius_m":875,"elev_angle_deg":26.3377,"is_expanded":false}},{"type":"Feature","geometry":{"type":"Point","coordinates":[111.84038762017305,40.97463047572271]},"properties":{"peak_name":"1668无名峰","peak_elev":1668,"peak_lon":111.82852935791016,"peak_lat":40.975169,"base_elev":1283,"distance_m":999.9,"vertical_relief_m":385.0,"max_jut":138.6511,"search_radius_m":1375,"elev_angle_deg":21.0586,"is_expanded":false}},{"type":"Feature","geometry":{"type":"Point","coordinates":[111.5175331070605,40.88461928425393]},"properties":{"peak_name":"1670无名峰(1)","peak_elev":1670,"peak_lon":111.512008,"peak_lat":40.887045,"base_elev":1302,"distance_m":538.0,"vertical_relief_m":368.0,"max_jut":208.0003,"search_radius_m":625,"elev_angle_deg":34.3727,"is_expanded":false}},{"type":"Feature","geometry":{"type":"Point","coordinates":[111.479264875957,40.83907469934907]},"properties":{"peak_name":"1671无名峰(1)","peak_elev":1671,"peak_lon":111.478995,"peak_lat":40.843387,"base_elev":1433,"distance_m":479.4,"vertical_relief_m":238.0,"max_jut":105.7179,"search_radius_m":750,"elev_angle_deg":26.4023,"is_expanded":false}},{"type":"Feature","geometry":{"type":"Point","coordinates":[111.96381614021108,40.4755265038659]},"properties":{"peak_name":"1677无名峰","peak_elev":1677,"peak_lon":111.960313,"peak_lat":40.476335,"base_elev":1505,"distance_m":310.3,"vertical_relief_m":172.0,"max_jut":83.5214,"search_radius_m":375,"elev_angle_deg":28.9997,"is_expanded":false}},{"type":"Feature","geometry":{"type":"Point","coordinates":[112.47450837923304,40.94417758759106]},"properties":{"peak_name":"1678无名峰","peak_elev":1678,"peak_lon":112.468849,"peak_lat":40.943908,"base_elev":1394,"distance_m":477.5,"vertical_relief_m":284.0,"max_jut":145.4499,"search_radius_m":875,"elev_angle_deg":30.7427,"is_expanded":false}},{"type":"Feature","geometry":{"type":"Point","coordinates":[111.09200115697308,40.84689004232092]},"properties":{"peak_name":"1680无名峰","peak_elev":1680,"peak_lon":111.089037,"peak_lat":40.848238,"base_elev":1526,"distance_m":291.4,"vertical_relief_m":154.0,"max_jut":72.0508,"search_radius_m":500,"elev_angle_deg":27.8557,"is_expanded":false}},{"type":"Feature","geometry":{"type":"Point","coordinates":[111.0642432146938,40.83314581847388]},"properties":{"peak_name":"1682无名峰","peak_elev":1682,"peak_lon":111.065321,"peak_lat":40.828025,"base_elev":1394,"distance_m":575.9,"vertical_relief_m":288.0,"max_jut":128.693,"search_radius_m":625,"elev_angle_deg":26.569,"is_expanded":false}},{"type":"Feature","geometry":{"type":"Point","coordinates":[112.16890151957556,40.79406910361468]},"properties":{"peak_name":"1683无名峰","peak_elev":1683,"peak_lon":112.1670150756836,"peak_lat":40.796495,"base_elev":1504,"distance_m":312.9,"vertical_relief_m":179.0,"max_jut":88.8584,"search_radius_m":625,"elev_angle_deg":29.7725,"is_expanded":false}},{"type":"Feature","geometry":{"type":"Point","coordinates":[111.9452210138298,39.57218065415531]},"properties":{"peak_name":"1684无名峰","peak_elev":1684,"peak_lon":111.946029,"peak_lat":39.57595443725586,"base_elev":1483,"distance_m":424.7,"vertical_relief_m":201.0,"max_jut":85.8853,"search_radius_m":625,"elev_angle_deg":25.327,"is_expanded":false}},{"type":"Feature","geometry":{"type":"Point","coordinates":[111.79430404609772,39.599938596434605]},"properties":{"peak_name":"1688无名峰","peak_elev":1688,"peak_lon":111.79430389404295,"peak_lat":39.594549,"base_elev":1494,"distance_m":598.4,"vertical_relief_m":194.0,"max_jut":59.7479,"search_radius_m":625,"elev_angle_deg":17.9626,"is_expanded":false}},{"type":"Feature","geometry":{"type":"Point","coordinates":[111.61104772813734,40.923157009942656]},"properties":{"peak_name":"1690无名峰","peak_elev":1690,"peak_lon":111.606736,"peak_lat":40.918576,"base_elev":1362,"distance_m":625.1,"vertical_relief_m":328.0,"max_jut":152.4048,"search_radius_m":625,"elev_angle_deg":27.6867,"is_expanded":false}},{"type":"Feature","geometry":{"type":"Point","coordinates":[111.46201722250191,40.865485168702186]},"properties":{"peak_name":"1696无名峰(1)","peak_elev":1696,"peak_lon":111.460939,"peak_lat":40.863599,"base_elev":1435,"distance_m":228.3,"vertical_relief_m":261.0,"max_jut":196.3786,"search_radius_m":375,"elev_angle_deg":48.8234,"is_expanded":false}},{"type":"Feature","geometry":{"type":"Point","coordinates":[112.05140188041273,40.408152857556935]},"properties":{"peak_name":"1697无名峰","peak_elev":1697,"peak_lon":112.047629,"peak_lat":40.407344,"base_elev":1524,"distance_m":332.6,"vertical_relief_m":173.0,"max_jut":79.9696,"search_radius_m":375,"elev_angle_deg":27.4809,"is_expanded":false}},{"type":"Feature","geometry":{"type":"Point","coordinates":[111.77166650093793,39.59508769390036]},"properties":{"peak_name":"1701无名峰","peak_elev":1701,"peak_lon":111.785411,"peak_lat":39.589698,"base_elev":1391,"distance_m":1323.6,"vertical_relief_m":310.0,"max_jut":70.7997,"search_radius_m":1375,"elev_angle_deg":13.1816,"is_expanded":false}},{"type":"Feature","geometry":{"type":"Point","coordinates":[112.14949790943858,40.830989861792]},"properties":{"peak_name":"1702无名峰","peak_elev":1702,"peak_lon":112.154618,"peak_lat":40.828295,"base_elev":1444,"distance_m":525.4,"vertical_relief_m":258.0,"max_jut":113.8318,"search_radius_m":625,"elev_angle_deg":26.1536,"is_expanded":false}},{"type":"Feature","geometry":{"type":"Point","coordinates":[112.01852354101396,39.60317253145743]},"properties":{"peak_name":"1705无名峰","peak_elev":1705,"peak_lon":112.0204086303711,"peak_lat":39.60775375366211,"base_elev":1487,"distance_m":533.8,"vertical_relief_m":218.0,"max_jut":82.3427,"search_radius_m":625,"elev_angle_deg":22.2147,"is_expanded":false}},{"type":"Feature","geometry":{"type":"Point","coordinates":[112.02687787315628,40.96007776811997]},"properties":{"peak_name":"1707无名峰","peak_elev":1707,"peak_lon":112.034693,"peak_lat":40.96950912475586,"base_elev":1422,"distance_m":1236.9,"vertical_relief_m":285.0,"max_jut":63.9831,"search_radius_m":1250,"elev_angle_deg":12.9753,"is_expanded":false}},{"type":"Feature","geometry":{"type":"Point","coordinates":[111.10170296204156,40.862790222849824]},"properties":{"peak_name":"1709无名峰","peak_elev":1709,"peak_lon":111.099278,"peak_lat":40.862521,"base_elev":1525,"distance_m":206.6,"vertical_relief_m":184.0,"max_jut":122.5363,"search_radius_m":375,"elev_angle_deg":41.6886,"is_expanded":false}},{"type":"Feature","geometry":{"type":"Point","coordinates":[112.85099231480751,39.744657188706256]},"properties":{"peak_name":"1710无名峰","peak_elev":1710,"peak_lon":112.848297,"peak_lat":39.749239,"base_elev":1338,"distance_m":558.7,"vertical_relief_m":372.0,"max_jut":206.0515,"search_radius_m":2250,"elev_angle_deg":33.6569,"is_expanded":false}},{"type":"Feature","geometry":{"type":"Point","coordinates":[111.7565748041647,40.98783571039927]},"properties":{"peak_name":"1712无名峰","peak_elev":1712,"peak_lon":111.760078,"peak_lat":40.989587,"base_elev":1512,"distance_m":353.2,"vertical_relief_m":200.0,"max_jut":98.6594,"search_radius_m":500,"elev_angle_deg":29.5208,"is_expanded":false}},{"type":"Feature","geometry":{"type":"Point","coordinates":[111.12622696929805,40.79218264151803]},"properties":{"peak_name":"1714无名峰(1)","peak_elev":1714,"peak_lon":111.126047,"peak_lat":40.800627,"base_elev":1353,"distance_m":937.9,"vertical_relief_m":361.0,"max_jut":129.5323,"search_radius_m":2500,"elev_angle_deg":21.0518,"is_expanded":false}},{"type":"Feature","geometry":{"type":"Point","coordinates":[112.28101126703368,41.123660981358135]},"properties":{"peak_name":"1715无名峰(2)","peak_elev":1715,"peak_lon":112.286401,"peak_lat":41.122583,"base_elev":1420,"distance_m":468.2,"vertical_relief_m":295.0,"max_jut":157.5227,"search_radius_m":875,"elev_angle_deg":32.2139,"is_expanded":false}},{"type":"Feature","geometry":{"type":"Point","coordinates":[111.4431526015354,40.859017298656525]},"properties":{"peak_name":"1716无名峰(1)","peak_elev":1716,"peak_lon":111.447465,"peak_lat":40.861982,"base_elev":1404,"distance_m":490.5,"vertical_relief_m":312.0,"max_jut":167.5517,"search_radius_m":625,"elev_angle_deg":32.4599,"is_expanded":false}},{"type":"Feature","geometry":{"type":"Point","coordinates":[112.3359881624218,40.67037108899142]},"properties":{"peak_name":"1717无名峰","peak_elev":1717,"peak_lon":112.335988,"peak_lat":40.67252731323242,"base_elev":1572,"distance_m":239.4,"vertical_relief_m":145.0,"max_jut":75.0365,"search_radius_m":625,"elev_angle_deg":31.2025,"is_expanded":false}},{"type":"Feature","geometry":{"type":"Point","coordinates":[112.33437119491036,40.51271675662845]},"properties":{"peak_name":"1718无名峰","peak_elev":1718,"peak_lon":112.33787536621094,"peak_lat":40.51325607299805,"base_elev":1535,"distance_m":303.0,"vertical_relief_m":183.0,"max_jut":94.7827,"search_radius_m":500,"elev_angle_deg":31.1303,"is_expanded":false}},{"type":"Feature","geometry":{"type":"Point","coordinates":[112.69333798244452,39.14664870406789]},"properties":{"peak_name":"1719无名峰","peak_elev":1719,"peak_lon":112.690643,"peak_lat":39.147727,"base_elev":1504,"distance_m":261.9,"vertical_relief_m":215.0,"max_jut":136.5415,"search_radius_m":500,"elev_angle_deg":39.3834,"is_expanded":false}},{"type":"Feature","geometry":{"type":"Point","coordinates":[111.30813581433225,40.823983002575865]},"properties":{"peak_name":"1720无名峰","peak_elev":1720,"peak_lon":111.303554,"peak_lat":40.821558,"base_elev":1358,"distance_m":471.1,"vertical_relief_m":362.0,"max_jut":220.7497,"search_radius_m":500,"elev_angle_deg":37.5392,"is_expanded":false}},{"type":"Feature","geometry":{"type":"Point","coordinates":[111.14051018231554,40.83988318310478]},"properties":{"peak_name":"1727无名峰(1)","peak_elev":1727,"peak_lon":111.13511657714844,"peak_lat":40.844465,"base_elev":1325,"distance_m":682.5,"vertical_relief_m":402.0,"max_jut":204.0868,"search_radius_m":750,"elev_angle_deg":30.4986,"is_expanded":false}},{"type":"Feature","geometry":{"type":"Point","coordinates":[111.44126613943877,40.8423086343719]},"properties":{"peak_name":"1728无名峰(2)","peak_elev":1728,"peak_lon":111.442344,"peak_lat":40.848238,"base_elev":1348,"distance_m":664.7,"vertical_relief_m":380.0,"max_jut":188.4218,"search_radius_m":875,"elev_angle_deg":29.756,"is_expanded":false}},{"type":"Feature","geometry":{"type":"Point","coordinates":[111.88943563468598,40.97112704611464]},"properties":{"peak_name":"1729无名峰","peak_elev":1729,"peak_lon":111.867607,"peak_lat":40.9757080078125,"base_elev":1263,"distance_m":1906.4,"vertical_relief_m":466.0,"max_jut":110.8921,"search_radius_m":2500,"elev_angle_deg":13.736,"is_expanded":false}},{"type":"Feature","geometry":{"type":"Point","coordinates":[111.16530368415724,40.79541657654087]},"properties":{"peak_name":"1731无名峰(2)","peak_elev":1731,"peak_lon":111.156141,"peak_lat":40.79909896850586,"base_elev":1194,"distance_m":874.7,"vertical_relief_m":537.0,"max_jut":281.3005,"search_radius_m":1250,"elev_angle_deg":31.5468,"is_expanded":false}},{"type":"Feature","geometry":{"type":"Point","coordinates":[112.43138924559528,40.95926928436426]},"properties":{"peak_name":"1733无名峰(1)","peak_elev":1733,"peak_lon":112.425191,"peak_lat":40.954688,"base_elev":1472,"distance_m":728.8,"vertical_relief_m":261.0,"max_jut":88.0496,"search_radius_m":1000,"elev_angle_deg":19.7036,"is_expanded":false}},{"type":"Feature","geometry":{"type":"Point","coordinates":[111.5175331070605,40.902405926879496]},"properties":{"peak_name":"1734无名峰","peak_elev":1734,"peak_lon":111.511469,"peak_lat":40.905101,"base_elev":1359,"distance_m":592.2,"vertical_relief_m":375.0,"max_jut":200.8609,"search_radius_m":750,"elev_angle_deg":32.3433,"is_expanded":false}},{"type":"Feature","geometry":{"type":"Point","coordinates":[111.44584754738776,40.85362740695181]},"properties":{"peak_name":"1735无名峰(1)","peak_elev":1735,"peak_lon":111.437763,"peak_lat":40.852549,"base_elev":1382,"distance_m":692.1,"vertical_relief_m":353.0,"max_jut":160.6892,"search_radius_m":1125,"elev_angle_deg":27.0235,"is_expanded":false}},{"type":"Feature","geometry":{"type":"Point","coordinates":[112.7644845529468,39.097600689554966]},"properties":{"peak_name":"1736无名峰(2)","peak_elev":1736,"peak_lon":112.766641,"peak_lat":39.0994873046875,"base_elev":1496,"distance_m":280.5,"vertical_relief_m":240.0,"max_jut":156.0542,"search_radius_m":375,"elev_angle_deg":40.5508,"is_expanded":false}},{"type":"Feature","geometry":{"type":"Point","coordinates":[112.72432985974666,39.04343227792256]},"properties":{"peak_name":"1737无名峰(2)","peak_elev":1737,"peak_lon":112.716784,"peak_lat":39.043971,"base_elev":1402,"distance_m":656.0,"vertical_relief_m":335.0,"max_jut":152.6505,"search_radius_m":750,"elev_angle_deg":27.0521,"is_expanded":false}},{"type":"Feature","geometry":{"type":"Point","coordinates":[112.83724809096049,39.73576386739347]},"properties":{"peak_name":"1742无名峰(3)","peak_elev":1742,"peak_lon":112.832667,"peak_lat":39.743579,"base_elev":1335,"distance_m":952.4,"vertical_relief_m":407.0,"max_jut":159.8234,"search_radius_m":2500,"elev_angle_deg":23.139,"is_expanded":false}},{"type":"Feature","geometry":{"type":"Point","coordinates":[112.11742805379552,41.01990556604233]},"properties":{"peak_name":"1743无名峰(1)","peak_elev":1743,"peak_lon":112.112038,"peak_lat":41.01936721801758,"base_elev":1464,"distance_m":457.3,"vertical_relief_m":279.0,"max_jut":145.5776,"search_radius_m":500,"elev_angle_deg":31.3875,"is_expanded":false}},{"type":"Feature","geometry":{"type":"Point","coordinates":[111.46363419001332,40.87222253333308]},"properties":{"peak_name":"1746无名峰(1)","peak_elev":1746,"peak_lon":111.460131,"peak_lat":40.870606,"base_elev":1469,"distance_m":345.6,"vertical_relief_m":277.0,"max_jut":173.3986,"search_radius_m":625,"elev_angle_deg":38.7123,"is_expanded":false}},{"type":"Feature","geometry":{"type":"Point","coordinates":[111.04726505582391,40.81077776789931]},"properties":{"peak_name":"1748无名峰(1)","peak_elev":1748,"peak_lon":111.056428,"peak_lat":40.812395,"base_elev":1226,"distance_m":793.7,"vertical_relief_m":522.0,"max_jut":287.3071,"search_radius_m":1125,"elev_angle_deg":33.3321,"is_expanded":false}},{"type":"Feature","geometry":{"type":"Point","coordinates":[112.041430580759,39.56894671913248]},"properties":{"peak_name":"1749无名峰","peak_elev":1749,"peak_lon":112.043856,"peak_lat":39.571911,"base_elev":1555,"distance_m":389.6,"vertical_relief_m":194.0,"max_jut":86.4572,"search_radius_m":500,"elev_angle_deg":26.4709,"is_expanded":false}},{"type":"Feature","geometry":{"type":"Point","coordinates":[112.69926686331974,39.02861007573459]},"properties":{"peak_name":"1751无名峰(2)","peak_elev":1751,"peak_lon":112.69764709472656,"peak_lat":39.03238296508789,"base_elev":1451,"distance_m":441.7,"vertical_relief_m":300.0,"max_jut":168.4152,"search_radius_m":1125,"elev_angle_deg":34.1841,"is_expanded":false}},{"type":"Feature","geometry":{"type":"Point","coordinates":[111.1372762472927,40.850393471928975]},"properties":{"peak_name":"1752无名峰","peak_elev":1752,"peak_lon":111.131617,"peak_lat":40.851741,"base_elev":1396,"distance_m":500.1,"vertical_relief_m":356.0,"max_jut":206.7513,"search_radius_m":625,"elev_angle_deg":35.4455,"is_expanded":false}},{"type":"Feature","geometry":{"type":"Point","coordinates":[112.22657336081603,41.09347758781172]},"properties":{"peak_name":"1753无名峰","peak_elev":1753,"peak_lon":112.224417,"peak_lat":41.09239959716797,"base_elev":1600,"distance_m":217.2,"vertical_relief_m":153.0,"max_jut":88.2057,"search_radius_m":250,"elev_angle_deg":35.1616,"is_expanded":false}},{"type":"Feature","geometry":{"type":"Point","coordinates":[112.77526433635624,39.18626440809757]},"properties":{"peak_name":"1754无名峰(2)","peak_elev":1754,"peak_lon":112.796015,"peak_lat":39.184378,"base_elev":1261,"distance_m":1805.0,"vertical_relief_m":493.0,"max_jut":130.1812,"search_radius_m":1875,"elev_angle_deg":15.2766,"is_expanded":false}},{"type":"Feature","geometry":{"type":"Point","coordinates":[111.32349700569068,40.879768381719686]},"properties":{"peak_name":"1758无名峰","peak_elev":1758,"peak_lon":111.318511,"peak_lat":40.878421,"base_elev":1402,"distance_m":446.1,"vertical_relief_m":356.0,"max_jut":222.3412,"search_radius_m":500,"elev_angle_deg":38.5908,"is_expanded":false}},{"type":"Feature","geometry":{"type":"Point","coordinates":[111.3687720960103,40.80026747907511]},"properties":{"peak_name":"1759无名峰","peak_elev":1759,"peak_lon":111.376992,"peak_lat":40.792991,"base_elev":1299,"distance_m":1065.0,"vertical_relief_m":460.0,"max_jut":182.4487,"search_radius_m":1250,"elev_angle_deg":23.3607,"is_expanded":false}},{"type":"Feature","geometry":{"type":"Point","coordinates":[112.3645545884568,40.93420628793733]},"properties":{"peak_name":"1760无名峰","peak_elev":1760,"peak_lon":112.37236785888672,"peak_lat":40.940135,"base_elev":1446,"distance_m":930.8,"vertical_relief_m":314.0,"max_jut":100.4251,"search_radius_m":1000,"elev_angle_deg":18.6415,"is_expanded":false}},{"type":"Feature","geometry":{"type":"Point","coordinates":[111.4393796773421,40.81212524082549]},"properties":{"peak_name":"1761无名峰(1)","peak_elev":1761,"peak_lon":111.431295,"peak_lat":40.807273864746094,"base_elev":1289,"distance_m":869.2,"vertical_relief_m":472.0,"max_jut":225.4148,"search_radius_m":875,"elev_angle_deg":28.5032,"is_expanded":false}},{"type":"Feature","geometry":{"type":"Point","coordinates":[112.28694014790888,40.74043968115275]},"properties":{"peak_name":"1762无名峰","peak_elev":1762,"peak_lon":112.294755,"peak_lat":40.749872,"base_elev":1480,"distance_m":1238.1,"vertical_relief_m":282.0,"max_jut":62.6169,"search_radius_m":3000,"elev_angle_deg":12.8313,"is_expanded":false}},{"type":"Feature","geometry":{"type":"Point","coordinates":[111.04618707748298,40.81535917584832]},"properties":{"peak_name":"1764无名峰","peak_elev":1764,"peak_lon":111.053194,"peak_lat":40.817919,"base_elev":1256,"distance_m":656.0,"vertical_relief_m":508.0,"max_jut":311.4044,"search_radius_m":1500,"elev_angle_deg":37.7539,"is_expanded":false}},{"type":"Feature","geometry":{"type":"Point","coordinates":[112.32278292774524,40.92207903160172]},"properties":{"peak_name":"1767无名峰","peak_elev":1767,"peak_lon":112.317932,"peak_lat":40.925043,"base_elev":1540,"distance_m":524.7,"vertical_relief_m":227.0,"max_jut":90.2146,"search_radius_m":625,"elev_angle_deg":23.3947,"is_expanded":false}},{"type":"Feature","geometry":{"type":"Point","coordinates":[111.03405982114737,40.76523318299445]},"properties":{"peak_name":"1768无名峰","peak_elev":1768,"peak_lon":111.061009,"peak_lat":40.767928,"base_elev":1133,"distance_m":2294.9,"vertical_relief_m":635.0,"max_jut":169.7324,"search_radius_m":3000,"elev_angle_deg":15.4668,"is_expanded":false}},{"type":"Feature","geometry":{"type":"Point","coordinates":[112.04547299953754,41.00454437468389]},"properties":{"peak_name":"1769无名峰(1)","peak_elev":1769,"peak_lon":112.038736,"peak_lat":41.00238800048828,"base_elev":1490,"distance_m":615.3,"vertical_relief_m":279.0,"max_jut":115.4052,"search_radius_m":625,"elev_angle_deg":24.3913,"is_expanded":false}},{"type":"Feature","geometry":{"type":"Point","coordinates":[111.45015946075154,40.78086386893813]},"properties":{"peak_name":"1770无名峰(1)","peak_elev":1770,"peak_lon":111.432642,"peak_lat":40.78180694580078,"base_elev":1134,"distance_m":1482.4,"vertical_relief_m":636.0,"max_jut":251.299,"search_radius_m":2000,"elev_angle_deg":23.221,"is_expanded":false}},{"type":"Feature","geometry":{"type":"Point","coordinates":[111.24507408138705,40.80646585453553]},"properties":{"peak_name":"1771无名峰(1)","peak_elev":1771,"peak_lon":111.256662,"peak_lat":40.805118,"base_elev":1202,"distance_m":989.2,"vertical_relief_m":569.0,"max_jut":284.2323,"search_radius_m":1000,"elev_angle_deg":29.908,"is_expanded":false}},{"type":"Feature","geometry":{"type":"Point","coordinates":[112.16135567118896,40.55799184694807]},"properties":{"peak_name":"1773无名峰","peak_elev":1773,"peak_lon":112.161356,"peak_lat":40.559878,"base_elev":1645,"distance_m":209.5,"vertical_relief_m":128.0,"max_jut":66.6816,"search_radius_m":250,"elev_angle_deg":31.424,"is_expanded":false}},{"type":"Feature","geometry":{"type":"Point","coordinates":[112.44082155607856,40.57685646791458]},"properties":{"peak_name":"1774无名峰(2)","peak_elev":1774,"peak_lon":112.443247,"peak_lat":40.579821,"base_elev":1530,"distance_m":388.0,"vertical_relief_m":244.0,"max_jut":129.8698,"search_radius_m":1125,"elev_angle_deg":32.1644,"is_expanded":false}},{"type":"Feature","geometry":{"type":"Point","coordinates":[112.25271433558392,40.62347903116039]},"properties":{"peak_name":"1776无名峰","peak_elev":1776,"peak_lon":112.259991,"peak_lat":40.624018,"base_elev":1455,"distance_m":618.6,"vertical_relief_m":321.0,"max_jut":148.144,"search_radius_m":1000,"elev_angle_deg":27.4254,"is_expanded":false}},{"type":"Feature","geometry":{"type":"Point","coordinates":[112.80760368658454,39.72848751359211]},"properties":{"peak_name":"1778无名峰(3)","peak_elev":1778,"peak_lon":112.803292,"peak_lat":39.73252868652344,"base_elev":1451,"distance_m":581.3,"vertical_relief_m":327.0,"max_jut":160.3303,"search_radius_m":2000,"elev_angle_deg":29.3592,"is_expanded":false}},{"type":"Feature","geometry":{"type":"Point","coordinates":[111.0335208319769,40.80053697366034]},"properties":{"peak_name":"1779无名峰(1)","peak_elev":1779,"peak_lon":111.026244,"peak_lat":40.809565,"base_elev":1267,"distance_m":1175.7,"vertical_relief_m":512.0,"max_jut":204.3904,"search_radius_m":1875,"elev_angle_deg":23.5324,"is_expanded":false}},{"type":"Feature","geometry":{"type":"Point","coordinates":[112.32143545481904,40.90752632399898]},"properties":{"peak_name":"1780无名峰","peak_elev":1780,"peak_lon":112.332485,"peak_lat":40.902406,"base_elev":1485,"distance_m":1090.9,"vertical_relief_m":295.0,"max_jut":77.1137,"search_radius_m":1375,"elev_angle_deg":15.1319,"is_expanded":false}},{"type":"Feature","geometry":{"type":"Point","coordinates":[111.26232173484216,40.81293372458119]},"properties":{"peak_name":"1781无名峰(1)","peak_elev":1781,"peak_lon":111.266364,"peak_lat":40.809969,"base_elev":1444,"distance_m":474.0,"vertical_relief_m":337.0,"max_jut":195.3492,"search_radius_m":500,"elev_angle_deg":35.4117,"is_expanded":false}},{"type":"Feature","geometry":{"type":"Point","coordinates":[112.07080549054972,40.99834599922346]},"properties":{"peak_name":"1783无名峰","peak_elev":1783,"peak_lon":112.057331,"peak_lat":40.993944,"base_elev":1342,"distance_m":1234.6,"vertical_relief_m":441.0,"max_jut":148.5946,"search_radius_m":1750,"elev_angle_deg":19.6568,"is_expanded":false}},{"type":"Feature","geometry":{"type":"Point","coordinates":[111.01708166227752,40.83691874266719]},"properties":{"peak_name":"1784无名峰","peak_elev":1784,"peak_lon":111.000104,"peak_lat":40.83098983764648,"base_elev":1327,"distance_m":1576.1,"vertical_relief_m":457.0,"max_jut":127.4837,"search_radius_m":1750,"elev_angle_deg":16.1698,"is_expanded":false}},{"type":"Feature","geometry":{"type":"Point","coordinates":[112.49552895688142,40.63749274959265]},"properties":{"peak_name":"1785无名峰","peak_elev":1785,"peak_lon":112.491756,"peak_lat":40.63883972167969,"base_elev":1582,"distance_m":352.5,"vertical_relief_m":203.0,"max_jut":101.4521,"search_radius_m":500,"elev_angle_deg":29.9371,"is_expanded":false}},{"type":"Feature","geometry":{"type":"Point","coordinates":[112.16782354123464,40.09257469824575]},"properties":{"peak_name":"1787无名峰","peak_elev":1787,"peak_lon":112.172674,"peak_lat":40.091497,"base_elev":1548,"distance_m":430.6,"vertical_relief_m":239.0,"max_jut":116.1803,"search_radius_m":500,"elev_angle_deg":29.032,"is_expanded":false}},{"type":"Feature","geometry":{"type":"Point","coordinates":[112.26861451611283,41.11422867087488]},"properties":{"peak_name":"1788无名峰(1)","peak_elev":1788,"peak_lon":112.268749,"peak_lat":41.11907958984375,"base_elev":1431,"distance_m":538.8,"vertical_relief_m":357.0,"max_jut":197.0042,"search_radius_m":875,"elev_angle_deg":33.5278,"is_expanded":false}},{"type":"Feature","geometry":{"type":"Point","coordinates":[111.81936704252466,41.01155123390002]},"properties":{"peak_name":"1791无名峰","peak_elev":1791,"peak_lon":111.825026,"peak_lat":41.013438,"base_elev":1496,"distance_m":520.1,"vertical_relief_m":295.0,"max_jut":145.7565,"search_radius_m":750,"elev_angle_deg":29.5618,"is_expanded":false}},{"type":"Feature","geometry":{"type":"Point","coordinates":[111.21381270949968,40.8423086343719]},"properties":{"peak_name":"1792无名峰","peak_elev":1792,"peak_lon":111.207749,"peak_lat":40.84177017211914,"base_elev":1482,"distance_m":514.9,"vertical_relief_m":310.0,"max_jut":160.1951,"search_radius_m":625,"elev_angle_deg":31.0504,"is_expanded":false}},{"type":"Feature","geometry":{"type":"Point","coordinates":[112.86338906572836,39.16955574381294]},"properties":{"peak_name":"1795无名峰","peak_elev":1795,"peak_lon":112.855843,"peak_lat":39.171712,"base_elev":1470,"distance_m":694.7,"vertical_relief_m":325.0,"max_jut":137.9488,"search_radius_m":875,"elev_angle_deg":25.0715,"is_expanded":false}},{"type":"Feature","geometry":{"type":"Point","coordinates":[112.46480657416453,40.59221765927303]},"properties":{"peak_name":"1796无名峰(2)","peak_elev":1796,"peak_lon":112.463729,"peak_lat":40.599494,"base_elev":1506,"distance_m":813.1,"vertical_relief_m":290.0,"max_jut":97.3047,"search_radius_m":875,"elev_angle_deg":19.6293,"is_expanded":false}},{"type":"Feature","geometry":{"type":"Point","coordinates":[112.35134935378024,40.64099617920072]},"properties":{"peak_name":"1797无名峰(1)","peak_elev":1797,"peak_lon":112.351349,"peak_lat":40.647195,"base_elev":1498,"distance_m":688.4,"vertical_relief_m":299.0,"max_jut":118.9895,"search_radius_m":1125,"elev_angle_deg":23.4773,"is_expanded":false}},{"type":"Feature","geometry":{"type":"Point","coordinates":[111.44854249324013,40.852549428610864]},"properties":{"peak_name":"1802无名峰","peak_elev":1802,"peak_lon":111.4552764892578,"peak_lat":40.85569381713867,"base_elev":1375,"distance_m":666.6,"vertical_relief_m":427.0,"max_jut":230.5689,"search_radius_m":875,"elev_angle_deg":32.6422,"is_expanded":false}},{"type":"Feature","geometry":{"type":"Point","coordinates":[112.33329321656944,40.7927216306885]},"properties":{"peak_name":"1803无名峰","peak_elev":1803,"peak_lon":112.339492,"peak_lat":40.79380035400391,"base_elev":1596,"distance_m":536.7,"vertical_relief_m":207.0,"max_jut":74.6428,"search_radius_m":625,"elev_angle_deg":21.0911,"is_expanded":false}},{"type":"Feature","geometry":{"type":"Point","coordinates":[112.19719845102532,40.86063426616794]},"properties":{"peak_name":"1804无名峰","peak_elev":1804,"peak_lon":112.209865,"peak_lat":40.852549,"base_elev":1462,"distance_m":1395.3,"vertical_relief_m":342.0,"max_jut":81.4886,"search_radius_m":1500,"elev_angle_deg":13.7722,"is_expanded":false}},{"type":"Feature","geometry":{"type":"Point","coordinates":[112.20016289146292,39.24474473309375]},"properties":{"peak_name":"1806无名峰","peak_elev":1806,"peak_lon":112.204879,"peak_lat":39.243936,"base_elev":1573,"distance_m":416.9,"vertical_relief_m":233.0,"max_jut":113.8659,"search_radius_m":625,"elev_angle_deg":29.2003,"is_expanded":false}},{"type":"Feature","geometry":{"type":"Point","coordinates":[112.74535043739506,39.6810564665906]},"properties":{"peak_name":"1809无名峰(4)","peak_elev":1809,"peak_lon":112.739961,"peak_lat":39.684021,"base_elev":1431,"distance_m":567.5,"vertical_relief_m":378.0,"max_jut":209.7057,"search_radius_m":1375,"elev_angle_deg":33.6668,"is_expanded":false}},{"type":"Feature","geometry":{"type":"Point","coordinates":[111.42617444266554,40.81104726248454]},"properties":{"peak_name":"1810无名峰(1)","peak_elev":1810,"peak_lon":111.421458,"peak_lat":40.80848693847656,"base_elev":1498,"distance_m":489.1,"vertical_relief_m":312.0,"max_jut":167.943,"search_radius_m":500,"elev_angle_deg":32.5341,"is_expanded":false}},{"type":"Feature","geometry":{"type":"Point","coordinates":[112.80032733278316,39.72040267603503]},"properties":{"peak_name":"1811无名峰(2)","peak_elev":1811,"peak_lon":112.795387,"peak_lat":39.727859,"base_elev":1373,"distance_m":929.9,"vertical_relief_m":438.0,"max_jut":186.5327,"search_radius_m":1125,"elev_angle_deg":25.2213,"is_expanded":false}},{"type":"Feature","geometry":{"type":"Point","coordinates":[112.91459303692318,39.27250267537304]},"properties":{"peak_name":"1812无名峰(2)","peak_elev":1812,"peak_lon":112.912976,"peak_lat":39.266843,"base_elev":1386,"distance_m":643.7,"vertical_relief_m":426.0,"max_jut":234.8907,"search_radius_m":750,"elev_angle_deg":33.4966,"is_expanded":false}},{"type":"Feature","geometry":{"type":"Point","coordinates":[111.89482552639068,40.981367840353606]},"properties":{"peak_name":"1813无名峰(1)","peak_elev":1813,"peak_lon":111.902371,"peak_lat":40.983793,"base_elev":1295,"distance_m":689.8,"vertical_relief_m":518.0,"max_jut":311.4572,"search_radius_m":1000,"elev_angle_deg":36.9044,"is_expanded":false}},{"type":"Feature","geometry":{"type":"Point","coordinates":[111.68165530946914,41.00265791258724]},"properties":{"peak_name":"1816无名峰(1)","peak_elev":1816,"peak_lon":111.681925,"peak_lat":41.01020431518555,"base_elev":1460,"distance_m":838.4,"vertical_relief_m":356.0,"max_jut":138.9959,"search_radius_m":1500,"elev_angle_deg":23.007,"is_expanded":false}},{"type":"Feature","geometry":{"type":"Point","coordinates":[112.76879646631058,39.70396350633565]},"properties":{"peak_name":"1817无名峰(2)","peak_elev":1817,"peak_lon":112.764889,"peak_lat":39.711238861083984,"base_elev":1418,"distance_m":874.5,"vertical_relief_m":399.0,"max_jut":165.4961,"search_radius_m":1500,"elev_angle_deg":24.5254,"is_expanded":false}},{"type":"Feature","geometry":{"type":"Point","coordinates":[112.33329321656944,40.885966757180114]},"properties":{"peak_name":"1819无名峰","peak_elev":1819,"peak_lon":112.335988,"peak_lat":40.88812255859375,"base_elev":1645,"distance_m":330.0,"vertical_relief_m":174.0,"max_jut":81.1907,"search_radius_m":500,"elev_angle_deg":27.8015,"is_expanded":false}},{"type":"Feature","geometry":{"type":"Point","coordinates":[112.3082302201425,41.183758273865735]},"properties":{"peak_name":"1821无名峰(3)","peak_elev":1821,"peak_lon":112.310386,"peak_lat":41.184836,"base_elev":1687,"distance_m":216.9,"vertical_relief_m":134.0,"max_jut":70.5036,"search_radius_m":375,"elev_angle_deg":31.7076,"is_expanded":false}},{"type":"Feature","geometry":{"type":"Point","coordinates":[111.43884068817162,40.84176964520143]},"properties":{"peak_name":"1822无名峰","peak_elev":1822,"peak_lon":111.43358612060548,"peak_lat":40.835571,"base_elev":1332,"distance_m":818.7,"vertical_relief_m":490.0,"max_jut":251.611,"search_radius_m":1250,"elev_angle_deg":30.9009,"is_expanded":false}},{"type":"Feature","geometry":{"type":"Point","coordinates":[111.23025187919907,40.8528189231961]},"properties":{"peak_name":"1823无名峰(1)","peak_elev":1823,"peak_lon":111.227018,"peak_lat":40.849853515625,"base_elev":1435,"distance_m":427.6,"vertical_relief_m":388.0,"max_jut":260.7795,"search_radius_m":625,"elev_angle_deg":42.2203,"is_expanded":false}},{"type":"Feature","geometry":{"type":"Point","coordinates":[111.87623040000942,41.001310439661054]},"properties":{"peak_name":"1824无名峰(1)","peak_elev":1824,"peak_lon":111.881351,"peak_lat":41.00238800048828,"base_elev":1482,"distance_m":447.1,"vertical_relief_m":342.0,"max_jut":208.0806,"search_radius_m":750,"elev_angle_deg":37.4134,"is_expanded":false}},{"type":"Feature","geometry":{"type":"Point","coordinates":[111.9737874398648,40.48361134142298]},"properties":{"peak_name":"1825无名峰","peak_elev":1825,"peak_lon":111.966511,"peak_lat":40.466364,"base_elev":1368,"distance_m":2012.2,"vertical_relief_m":457.0,"max_jut":101.1191,"search_radius_m":4250,"elev_angle_deg":12.7957,"is_expanded":false}},{"type":"Feature","geometry":{"type":"Point","coordinates":[112.56101614109372,39.57864852420097]},"properties":{"peak_name":"1826无名峰","peak_elev":1826,"peak_lon":112.563442,"peak_lat":39.584577,"base_elev":1513,"distance_m":690.4,"vertical_relief_m":313.0,"max_jut":129.1133,"search_radius_m":1000,"elev_angle_deg":24.3877,"is_expanded":false}},{"type":"Feature","geometry":{"type":"Point","coordinates":[112.78523563600996,39.71743823559744]},"properties":{"peak_name":"1827无名峰","peak_elev":1827,"peak_lon":112.778768,"peak_lat":39.720672,"base_elev":1464,"distance_m":660.6,"vertical_relief_m":363.0,"max_jut":174.9851,"search_radius_m":1375,"elev_angle_deg":28.7888,"is_expanded":false}},{"type":"Feature","geometry":{"type":"Point","coordinates":[112.5216699316493,40.612968742336186]},"properties":{"peak_name":"1828无名峰(2)","peak_elev":1828,"peak_lon":112.510351,"peak_lat":40.61458587646485,"base_elev":1470,"distance_m":974.5,"vertical_relief_m":358.0,"max_jut":123.7091,"search_radius_m":1250,"elev_angle_deg":20.1717,"is_expanded":false}},{"type":"Feature","geometry":{"type":"Point","coordinates":[112.33086776530232,41.192112606008045]},"properties":{"peak_name":"1830无名峰","peak_elev":1830,"peak_lon":112.322513,"peak_lat":41.19157409667969,"base_elev":1549,"distance_m":703.4,"vertical_relief_m":281.0,"max_jut":104.4699,"search_radius_m":1000,"elev_angle_deg":21.7761,"is_expanded":false}},{"type":"Feature","geometry":{"type":"Point","coordinates":[112.1885746242978,40.49439112483241]},"properties":{"peak_name":"1831无名峰","peak_elev":1831,"peak_lon":112.192887,"peak_lat":40.494661,"base_elev":1665,"distance_m":366.8,"vertical_relief_m":166.0,"max_jut":68.5843,"search_radius_m":375,"elev_angle_deg":24.3497,"is_expanded":false}},{"type":"Feature","geometry":{"type":"Point","coordinates":[112.40713473292406,40.908334807754684]},"properties":{"peak_name":"1834无名峰","peak_elev":1831,"peak_lon":112.398915,"peak_lat":40.906314,"base_elev":1525,"distance_m":728.0,"vertical_relief_m":306.0,"max_jut":118.7931,"search_radius_m":1125,"elev_angle_deg":22.7985,"is_expanded":false}},{"type":"Feature","geometry":{"type":"Point","coordinates":[111.08795873819454,40.86898859831025]},"properties":{"peak_name":"1835无名峰(1)","peak_elev":1835,"peak_lon":111.082838,"peak_lat":40.865485,"base_elev":1564,"distance_m":581.2,"vertical_relief_m":271.0,"max_jut":114.6064,"search_radius_m":750,"elev_angle_deg":24.9985,"is_expanded":false}},{"type":"Feature","geometry":{"type":"Point","coordinates":[111.42401848598364,40.88569726259488]},"properties":{"peak_name":"1838无名峰","peak_elev":1838,"peak_lon":111.426444,"peak_lat":40.888392,"base_elev":1621,"distance_m":362.4,"vertical_relief_m":217.0,"max_jut":111.472,"search_radius_m":375,"elev_angle_deg":30.9126,"is_expanded":false}},{"type":"Feature","geometry":{"type":"Point","coordinates":[112.76044213416829,39.69183625000003]},"properties":{"peak_name":"1839无名峰(2)","peak_elev":1839,"peak_lon":112.752627,"peak_lat":39.695879,"base_elev":1397,"distance_m":806.7,"vertical_relief_m":442.0,"max_jut":212.5862,"search_radius_m":1250,"elev_angle_deg":28.7188,"is_expanded":false}},{"type":"Feature","geometry":{"type":"Point","coordinates":[112.98520061825498,39.2932537584362]},"properties":{"peak_name":"1842无名峰","peak_elev":1842,"peak_lon":112.980889,"peak_lat":39.291906,"base_elev":1541,"distance_m":400.9,"vertical_relief_m":301.0,"max_jut":180.9363,"search_radius_m":625,"elev_angle_deg":36.8996,"is_expanded":false}},{"type":"Feature","geometry":{"type":"Point","coordinates":[111.40757931628428,40.82883390511011]},"properties":{"peak_name":"1844无名峰(1)","peak_elev":1844,"peak_lon":111.408657,"peak_lat":40.830451,"base_elev":1637,"distance_m":201.3,"vertical_relief_m":207.0,"max_jut":148.3714,"search_radius_m":250,"elev_angle_deg":45.7998,"is_expanded":false}},{"type":"Feature","geometry":{"type":"Point","coordinates":[112.17159646542792,40.56688516826085]},"properties":{"peak_name":"1845无名峰","peak_elev":1845,"peak_lon":112.179951,"peak_lat":40.565538,"base_elev":1534,"distance_m":723.1,"vertical_relief_m":311.0,"max_jut":123.115,"search_radius_m":750,"elev_angle_deg":23.2722,"is_expanded":false}},{"type":"Feature","geometry":{"type":"Point","coordinates":[112.26187715148194,39.32747957076116]},"properties":{"peak_name":"1846无名峰(1)","peak_elev":1846,"peak_lon":112.250828,"peak_lat":39.325952,"base_elev":1501,"distance_m":967.7,"vertical_relief_m":345.0,"max_jut":116.0942,"search_radius_m":1500,"elev_angle_deg":19.6219,"is_expanded":false}},{"type":"Feature","geometry":{"type":"Point","coordinates":[112.1721354545984,40.47229256884307]},"properties":{"peak_name":"1847无名峰","peak_elev":1847,"peak_lon":112.166341,"peak_lat":40.47458267211914,"base_elev":1580,"distance_m":553.3,"vertical_relief_m":267.0,"max_jut":116.2043,"search_radius_m":875,"elev_angle_deg":25.7601,"is_expanded":false}},{"type":"Feature","geometry":{"type":"Point","coordinates":[111.93875314378414,39.250404119383695]},"properties":{"peak_name":"1848无名峰","peak_elev":1848,"peak_lon":111.938214,"peak_lat":39.253369,"base_elev":1659,"distance_m":332.4,"vertical_relief_m":189.0,"max_jut":93.3058,"search_radius_m":1750,"elev_angle_deg":29.6222,"is_expanded":false}},{"type":"Feature","geometry":{"type":"Point","coordinates":[111.98187227742189,41.02071404979804]},"properties":{"peak_name":"1850无名峰(1)","peak_elev":1850,"peak_lon":111.976752,"peak_lat":41.023409,"base_elev":1544,"distance_m":524.4,"vertical_relief_m":306.0,"max_jut":154.367,"search_radius_m":750,"elev_angle_deg":30.2646,"is_expanded":false}},{"type":"Feature","geometry":{"type":"Point","coordinates":[111.42267101305748,40.87680394128209]},"properties":{"peak_name":"1851无名峰","peak_elev":1851,"peak_lon":111.422132,"peak_lat":40.87356948852539,"base_elev":1554,"distance_m":362.1,"vertical_relief_m":297.0,"max_jut":188.2272,"search_radius_m":500,"elev_angle_deg":39.3591,"is_expanded":false}},{"type":"Feature","geometry":{"type":"Point","coordinates":[112.35081036460976,40.89674654058955]},"properties":{"peak_name":"1852无名峰","peak_elev":1852,"peak_lon":112.356201171875,"peak_lat":40.89351272583008,"base_elev":1615,"distance_m":579.1,"vertical_relief_m":237.0,"max_jut":89.8511,"search_radius_m":625,"elev_angle_deg":22.2571,"is_expanded":false}},{"type":"Feature","geometry":{"type":"Point","coordinates":[111.8242179450589,41.00050195590535]},"properties":{"peak_name":"1853无名峰","peak_elev":1853,"peak_lon":111.814786,"peak_lat":40.99403381347656,"base_elev":1408,"distance_m":1070.4,"vertical_relief_m":445.0,"max_jut":170.9439,"search_radius_m":1500,"elev_angle_deg":22.5742,"is_expanded":false}},{"type":"Feature","geometry":{"type":"Point","coordinates":[112.81919195374968,39.7314519540297]},"properties":{"peak_name":"1854无名峰(2)","peak_elev":1854,"peak_lon":112.81514739990234,"peak_lat":39.73872756958008,"base_elev":1408,"distance_m":879.1,"vertical_relief_m":446.0,"max_jut":201.6555,"search_radius_m":1750,"elev_angle_deg":26.9004,"is_expanded":false}},{"type":"Feature","geometry":{"type":"Point","coordinates":[112.02660837857104,40.31194329062774]},"properties":{"peak_name":"1855无名峰","peak_elev":1855,"peak_lon":112.032133,"peak_lat":40.3138313293457,"base_elev":1614,"distance_m":514.3,"vertical_relief_m":241.0,"max_jut":102.4224,"search_radius_m":4500,"elev_angle_deg":25.1077,"is_expanded":false}},{"type":"Feature","geometry":{"type":"Point","coordinates":[111.98699267454136,40.4507330020242]},"properties":{"peak_name":"1856无名峰","peak_elev":1856,"peak_lon":111.986454,"peak_lat":40.458818,"base_elev":1543,"distance_m":899.0,"vertical_relief_m":313.0,"max_jut":102.7974,"search_radius_m":3250,"elev_angle_deg":19.1963,"is_expanded":false}},{"type":"Feature","geometry":{"type":"Point","coordinates":[112.56802300030986,39.5818824592238]},"properties":{"peak_name":"1857无名峰","peak_elev":1857,"peak_lon":112.56936645507812,"peak_lat":39.586463928222656,"base_elev":1607,"distance_m":521.6,"vertical_relief_m":250.0,"max_jut":107.9386,"search_radius_m":625,"elev_angle_deg":25.6081,"is_expanded":false}},{"type":"Feature","geometry":{"type":"Point","coordinates":[112.30688274721632,41.11827108965342]},"properties":{"peak_name":"1858无名峰(2)","peak_elev":1858,"peak_lon":112.30850219726562,"peak_lat":41.123391,"base_elev":1589,"distance_m":584.6,"vertical_relief_m":269.0,"max_jut":112.3432,"search_radius_m":1125,"elev_angle_deg":24.7092,"is_expanded":false}},{"type":"Feature","geometry":{"type":"Point","coordinates":[111.0418751641192,40.87491747918544]},"properties":{"peak_name":"1859无名峰(1)","peak_elev":1859,"peak_lon":111.043223,"peak_lat":40.870067,"base_elev":1599,"distance_m":550.5,"vertical_relief_m":260.0,"max_jut":110.9328,"search_radius_m":1625,"elev_angle_deg":25.2813,"is_expanded":false}},{"type":"Feature","geometry":{"type":"Point","coordinates":[111.28172534497912,40.92100105326077]},"properties":{"peak_name":"1861无名峰(2)","peak_elev":1861,"peak_lon":111.287115,"peak_lat":40.922618,"base_elev":1520,"distance_m":488.2,"vertical_relief_m":341.0,"max_jut":195.5304,"search_radius_m":1500,"elev_angle_deg":34.9337,"is_expanded":false}},{"type":"Feature","geometry":{"type":"Point","coordinates":[112.1729439383541,40.50624888658279]},"properties":{"peak_name":"1863无名峰(1)","peak_elev":1863,"peak_lon":112.171596,"peak_lat":40.51069641113281,"base_elev":1625,"distance_m":506.9,"vertical_relief_m":238.0,"max_jut":101.0531,"search_radius_m":1125,"elev_angle_deg":25.151,"is_expanded":false}},{"type":"Feature","geometry":{"type":"Point","coordinates":[111.40946577838092,40.85497487987799]},"properties":{"peak_name":"1867无名峰(1)","peak_elev":1867,"peak_lon":111.4048843383789,"peak_lat":40.85928726196289,"base_elev":1535,"distance_m":615.3,"vertical_relief_m":332.0,"max_jut":157.6867,"search_radius_m":750,"elev_angle_deg":28.3502,"is_expanded":false}},{"type":"Feature","geometry":{"type":"Point","coordinates":[111.93066830622706,41.11476766004535]},"properties":{"peak_name":"1868无名峰","peak_elev":1868,"peak_lon":111.932016,"peak_lat":41.117193,"base_elev":1722,"distance_m":292.2,"vertical_relief_m":146.0,"max_jut":65.2283,"search_radius_m":375,"elev_angle_deg":26.5494,"is_expanded":false}},{"type":"Feature","geometry":{"type":"Point","coordinates":[110.99740855755527,40.80350141409794]},"properties":{"peak_name":"1869无名峰","peak_elev":1869,"peak_lon":111.011692,"peak_lat":40.811586,"base_elev":1311,"distance_m":1502.9,"vertical_relief_m":558.0,"max_jut":194.4313,"search_radius_m":2250,"elev_angle_deg":20.3691,"is_expanded":false}},{"type":"Feature","geometry":{"type":"Point","coordinates":[112.0775428551806,40.367189680601086]},"properties":{"peak_name":"1871无名峰","peak_elev":1871,"peak_lon":112.081046,"peak_lat":40.37069320678711,"base_elev":1585,"distance_m":489.8,"vertical_relief_m":286.0,"max_jut":144.2276,"search_radius_m":750,"elev_angle_deg":30.2812,"is_expanded":false}},{"type":"Feature","geometry":{"type":"Point","coordinates":[112.75424375870784,39.09274978702072]},"properties":{"peak_name":"1872无名峰(2)","peak_elev":1872,"peak_lon":112.755591,"peak_lat":39.097601,"base_elev":1491,"distance_m":551.0,"vertical_relief_m":381.0,"max_jut":216.4744,"search_radius_m":625,"elev_angle_deg":34.6627,"is_expanded":false}},{"type":"Feature","geometry":{"type":"Point","coordinates":[111.4145861755004,40.77170105304011]},"properties":{"peak_name":"1873无名峰","peak_elev":1873,"peak_lon":111.423345,"peak_lat":40.780325,"base_elev":1296,"distance_m":1209.9,"vertical_relief_m":577.0,"max_jut":248.4008,"search_radius_m":3250,"elev_angle_deg":25.4964,"is_expanded":false}},{"type":"Feature","geometry":{"type":"Point","coordinates":[112.09398202488,40.99888498839393]},"properties":{"peak_name":"1874无名峰","peak_elev":1874,"peak_lon":112.098159,"peak_lat":41.002658,"base_elev":1540,"distance_m":546.9,"vertical_relief_m":334.0,"max_jut":174.1295,"search_radius_m":2250,"elev_angle_deg":31.413,"is_expanded":false}},{"type":"Feature","geometry":{"type":"Point","coordinates":[111.34909899128807,40.84689004232092]},"properties":{"peak_name":"1877无名峰(1)","peak_elev":1877,"peak_lon":111.352602,"peak_lat":40.84850692749024,"base_elev":1524,"distance_m":345.7,"vertical_relief_m":353.0,"max_jut":252.3929,"search_radius_m":500,"elev_angle_deg":45.5986,"is_expanded":false}},{"type":"Feature","geometry":{"type":"Point","coordinates":[112.09883292741424,40.367189680601086]},"properties":{"peak_name":"1880无名峰","peak_elev":1880,"peak_lon":112.103684,"peak_lat":40.373658,"base_elev":1537,"distance_m":828.0,"vertical_relief_m":343.0,"max_jut":131.2212,"search_radius_m":1500,"elev_angle_deg":22.5018,"is_expanded":false}},{"type":"Feature","geometry":{"type":"Point","coordinates":[112.09883292741424,40.367189680601086]},"properties":{"peak_name":"1883无名峰","peak_elev":1883,"peak_lon":112.099102,"peak_lat":40.37608337402344,"base_elev":1537,"distance_m":987.8,"vertical_relief_m":346.0,"max_jut":114.2369,"search_radius_m":1500,"elev_angle_deg":19.304,"is_expanded":false}},{"type":"Feature","geometry":{"type":"Point","coordinates":[112.38584466069042,41.01047325555908]},"properties":{"peak_name":"1884无名峰(2)","peak_elev":1884,"peak_lon":112.37762451171876,"peak_lat":41.014785,"base_elev":1527,"distance_m":841.1,"vertical_relief_m":357.0,"max_jut":139.6436,"search_radius_m":2750,"elev_angle_deg":22.9985,"is_expanded":false}},{"type":"Feature","geometry":{"type":"Point","coordinates":[111.05885332298908,40.86413769577601]},"properties":{"peak_name":"1886无名峰(1)","peak_elev":1886,"peak_lon":111.0550765991211,"peak_lat":40.868719,"base_elev":1556,"distance_m":600.2,"vertical_relief_m":330.0,"max_jut":158.9724,"search_radius_m":625,"elev_angle_deg":28.8027,"is_expanded":false}},{"type":"Feature","geometry":{"type":"Point","coordinates":[112.37856830688906,40.65096747885445]},"properties":{"peak_name":"1887无名峰(4)","peak_elev":1887,"peak_lon":112.382341,"peak_lat":40.65096664428711,"base_elev":1647,"distance_m":319.1,"vertical_relief_m":240.0,"max_jut":144.4981,"search_radius_m":375,"elev_angle_deg":36.9474,"is_expanded":false}},{"type":"Feature","geometry":{"type":"Point","coordinates":[112.23546668212882,39.1692862492277]},"properties":{"peak_name":"1888无名峰","peak_elev":1888,"peak_lon":112.22846221923828,"peak_lat":39.180875,"base_elev":1446,"distance_m":1421.8,"vertical_relief_m":442.0,"max_jut":131.1085,"search_radius_m":1500,"elev_angle_deg":17.2691,"is_expanded":false}},{"type":"Feature","geometry":{"type":"Point","coordinates":[112.3451509783198,41.00157993424629]},"properties":{"peak_name":"1889无名峰","peak_elev":1889,"peak_lon":112.359704,"peak_lat":41.014246,"base_elev":1346,"distance_m":1864.8,"vertical_relief_m":543.0,"max_jut":151.8682,"search_radius_m":2500,"elev_angle_deg":16.2347,"is_expanded":false}},{"type":"Feature","geometry":{"type":"Point","coordinates":[112.36401559928632,41.004005385513416]},"properties":{"peak_name":"1891无名峰","peak_elev":1891,"peak_lon":112.363477,"peak_lat":41.010743,"base_elev":1494,"distance_m":749.6,"vertical_relief_m":397.0,"max_jut":185.6235,"search_radius_m":2500,"elev_angle_deg":27.9064,"is_expanded":false}},{"type":"Feature","geometry":{"type":"Point","coordinates":[112.21067318028712,41.132015313500446]},"properties":{"peak_name":"1892无名峰","peak_elev":1892,"peak_lon":112.210404,"peak_lat":41.137809,"base_elev":1585,"distance_m":643.8,"vertical_relief_m":307.0,"max_jut":132.0025,"search_radius_m":1125,"elev_angle_deg":25.4944,"is_expanded":false}},{"type":"Feature","geometry":{"type":"Point","coordinates":[111.22701794417624,40.91803661282318]},"properties":{"peak_name":"1893无名峰","peak_elev":1893,"peak_lon":111.224054,"peak_lat":40.922618,"base_elev":1641,"distance_m":566.7,"vertical_relief_m":252.0,"max_jut":102.3415,"search_radius_m":750,"elev_angle_deg":23.9737,"is_expanded":false}},{"type":"Feature","geometry":{"type":"Point","coordinates":[112.35431379421784,40.67656946445185]},"properties":{"peak_name":"1895无名峰","peak_elev":1895,"peak_lon":112.357548,"peak_lat":40.677378,"base_elev":1716,"distance_m":287.8,"vertical_relief_m":179.0,"max_jut":94.6856,"search_radius_m":750,"elev_angle_deg":31.8799,"is_expanded":false}},{"type":"Feature","geometry":{"type":"Point","coordinates":[112.73564863232656,39.65222054597036]},"properties":{"peak_name":"1896无名峰","peak_elev":1896,"peak_lon":112.7138214111328,"peak_lat":39.667582,"base_elev":1315,"distance_m":2533.3,"vertical_relief_m":581.0,"max_jut":129.9692,"search_radius_m":5250,"elev_angle_deg":12.9171,"is_expanded":false}},{"type":"Feature","geometry":{"type":"Point","coordinates":[111.44719502031394,40.87922939254921]},"properties":{"peak_name":"1897无名峰(1)","peak_elev":1897,"peak_lon":111.439919,"peak_lat":40.879499,"base_elev":1576,"distance_m":614.0,"vertical_relief_m":321.0,"max_jut":149.0161,"search_radius_m":875,"elev_angle_deg":27.6006,"is_expanded":false}},{"type":"Feature","geometry":{"type":"Point","coordinates":[111.37523996605596,40.82101856213827]},"properties":{"peak_name":"1901无名峰(1)","peak_elev":1901,"peak_lon":111.367964,"peak_lat":40.82182693481445,"base_elev":1600,"distance_m":620.3,"vertical_relief_m":301.0,"max_jut":131.6622,"search_radius_m":625,"elev_angle_deg":25.8849,"is_expanded":false}},{"type":"Feature","geometry":{"type":"Point","coordinates":[112.18507119468973,41.08943516903318]},"properties":{"peak_name":"1902无名峰","peak_elev":1902,"peak_lon":112.178469,"peak_lat":41.089705,"base_elev":1605,"distance_m":555.5,"vertical_relief_m":297.0,"max_jut":140.3061,"search_radius_m":750,"elev_angle_deg":28.1313,"is_expanded":false}},{"type":"Feature","geometry":{"type":"Point","coordinates":[111.1116742616953,40.85389690153704]},"properties":{"peak_name":"1903无名峰","peak_elev":1903,"peak_lon":111.1033172607422,"peak_lat":40.850393,"base_elev":1450,"distance_m":805.0,"vertical_relief_m":453.0,"max_jut":222.4379,"search_radius_m":1125,"elev_angle_deg":29.3679,"is_expanded":false}},{"type":"Feature","geometry":{"type":"Point","coordinates":[111.20653635569832,40.92989437457356]},"properties":{"peak_name":"1904无名峰","peak_elev":1904,"peak_lon":111.201146,"peak_lat":40.928277,"base_elev":1705,"distance_m":488.2,"vertical_relief_m":199.0,"max_jut":75.2406,"search_radius_m":500,"elev_angle_deg":22.1768,"is_expanded":false}},{"type":"Feature","geometry":{"type":"Point","coordinates":[111.4280609047622,40.89728552976002]},"properties":{"peak_name":"1905无名峰(2)","peak_elev":1905,"peak_lon":111.424827,"peak_lat":40.895938,"base_elev":1702,"distance_m":310.9,"vertical_relief_m":203.0,"max_jut":111.1142,"search_radius_m":375,"elev_angle_deg":33.1422,"is_expanded":false}},{"type":"Feature","geometry":{"type":"Point","coordinates":[111.38736722239156,40.78248083644954]},"properties":{"peak_name":"1906无名峰","peak_elev":1906,"peak_lon":111.396261,"peak_lat":40.79137420654297,"base_elev":1336,"distance_m":1240.5,"vertical_relief_m":570.0,"max_jut":238.0106,"search_radius_m":5500,"elev_angle_deg":24.6784,"is_expanded":false}},{"type":"Feature","geometry":{"type":"Point","coordinates":[112.74373346988364,39.06795628517902]},"properties":{"peak_name":"1908无名峰","peak_elev":1908,"peak_lon":112.737805,"peak_lat":39.07819747924805,"base_elev":1389,"distance_m":1247.3,"vertical_relief_m":519.0,"max_jut":199.2245,"search_radius_m":1625,"elev_angle_deg":22.5921,"is_expanded":false}},{"type":"Feature","geometry":{"type":"Point","coordinates":[111.92932083330088,39.29298426385096]},"properties":{"peak_name":"1910无名峰","peak_elev":1910,"peak_lon":111.928512,"peak_lat":39.29541015625,"base_elev":1738,"distance_m":278.2,"vertical_relief_m":172.0,"max_jut":90.3599,"search_radius_m":1500,"elev_angle_deg":31.7269,"is_expanded":false}},{"type":"Feature","geometry":{"type":"Point","coordinates":[112.85530422817128,40.30628390433778]},"properties":{"peak_name":"1913无名峰","peak_elev":1913,"peak_lon":112.849645,"peak_lat":40.307901,"base_elev":1671,"distance_m":513.5,"vertical_relief_m":242.0,"max_jut":103.3379,"search_radius_m":4250,"elev_angle_deg":25.2334,"is_expanded":false}},{"type":"Feature","geometry":{"type":"Point","coordinates":[112.22980729583888,39.20485953447884]},"properties":{"peak_name":"1914无名峰","peak_elev":1913,"peak_lon":112.228864,"peak_lat":39.208228,"base_elev":1697,"distance_m":382.7,"vertical_relief_m":216.0,"max_jut":106.049,"search_radius_m":500,"elev_angle_deg":29.4409,"is_expanded":false}},{"type":"Feature","geometry":{"type":"Point","coordinates":[111.12191505593428,40.85201043944039]},"properties":{"peak_name":"1915无名峰(1)","peak_elev":1915,"peak_lon":111.125688,"peak_lat":40.859017,"base_elev":1419,"distance_m":840.6,"vertical_relief_m":496.0,"max_jut":251.9192,"search_radius_m":1250,"elev_angle_deg":30.5429,"is_expanded":false}},{"type":"Feature","geometry":{"type":"Point","coordinates":[112.74723689949172,40.18339437347024]},"properties":{"peak_name":"1916无名峰(2)","peak_elev":1916,"peak_lon":112.732954,"peak_lat":40.19121170043945,"base_elev":1531,"distance_m":1494.3,"vertical_relief_m":385.0,"max_jut":96.1672,"search_radius_m":1750,"elev_angle_deg":14.4478,"is_expanded":false}},{"type":"Feature","geometry":{"type":"Point","coordinates":[112.22495639330462,40.85497487987799]},"properties":{"peak_name":"1917无名峰","peak_elev":1917,"peak_lon":112.234119,"peak_lat":40.855783,"base_elev":1573,"distance_m":777.8,"vertical_relief_m":344.0,"max_jut":139.4368,"search_radius_m":875,"elev_angle_deg":23.8585,"is_expanded":false}},{"type":"Feature","geometry":{"type":"Point","coordinates":[112.2548702922658,41.12446946511385]},"properties":{"peak_name":"1920无名峰(2)","peak_elev":1920,"peak_lon":112.242339,"peak_lat":41.125413,"base_elev":1460,"distance_m":1057.5,"vertical_relief_m":460.0,"max_jut":183.8741,"search_radius_m":1375,"elev_angle_deg":23.5085,"is_expanded":false}},{"type":"Feature","geometry":{"type":"Point","coordinates":[111.26771162654686,40.9271994287212]},"properties":{"peak_name":"1921无名峰(2)","peak_elev":1921,"peak_lon":111.269329,"peak_lat":40.934476,"base_elev":1543,"distance_m":819.5,"vertical_relief_m":378.0,"max_jut":158.1738,"search_radius_m":875,"elev_angle_deg":24.7618,"is_expanded":false}},{"type":"Feature","geometry":{"type":"Point","coordinates":[111.42374899139844,40.848507009832325]},"properties":{"peak_name":"1922无名峰(1)","peak_elev":1922,"peak_lon":111.413239,"peak_lat":40.84311676025391,"base_elev":1435,"distance_m":1069.5,"vertical_relief_m":487.0,"max_jut":202.0357,"search_radius_m":1375,"elev_angle_deg":24.4823,"is_expanded":false}},{"type":"Feature","geometry":{"type":"Point","coordinates":[112.22845982291268,40.85093246109945]},"properties":{"peak_name":"1923无名峰(1)","peak_elev":1923,"peak_lon":112.2389678955078,"peak_lat":40.853627,"base_elev":1609,"distance_m":935.2,"vertical_relief_m":314.0,"max_jut":100.1372,"search_radius_m":1125,"elev_angle_deg":18.5598,"is_expanded":false}},{"type":"Feature","geometry":{"type":"Point","coordinates":[111.40838780003996,40.85389690153704]},"properties":{"peak_name":"1924无名峰","peak_elev":1924,"peak_lon":111.408657,"peak_lat":40.848777,"base_elev":1548,"distance_m":569.0,"vertical_relief_m":376.0,"max_jut":207.1014,"search_radius_m":875,"elev_angle_deg":33.4571,"is_expanded":false}},{"type":"Feature","geometry":{"type":"Point","coordinates":[112.12308744008548,41.116654122142]},"properties":{"peak_name":"1925无名峰(1)","peak_elev":1925,"peak_lon":112.12712860107422,"peak_lat":41.11907958984375,"base_elev":1687,"distance_m":433.3,"vertical_relief_m":238.0,"max_jut":114.6776,"search_radius_m":625,"elev_angle_deg":28.7788,"is_expanded":false}},{"type":"Feature","geometry":{"type":"Point","coordinates":[111.42267101305748,40.85120195568469]},"properties":{"peak_name":"1928无名峰","peak_elev":1928,"peak_lon":111.424827,"peak_lat":40.856053,"base_elev":1460,"distance_m":568.6,"vertical_relief_m":468.0,"max_jut":297.2657,"search_radius_m":1000,"elev_angle_deg":39.4569,"is_expanded":false}},{"type":"Feature","geometry":{"type":"Point","coordinates":[111.4003029624829,40.85793932031558]},"properties":{"peak_name":"1929无名峰(1)","peak_elev":1929,"peak_lon":111.394913,"peak_lat":40.858748,"base_elev":1651,"distance_m":463.2,"vertical_relief_m":278.0,"max_jut":143.3043,"search_radius_m":500,"elev_angle_deg":30.971,"is_expanded":false}},{"type":"Feature","geometry":{"type":"Point","coordinates":[111.41485567008564,40.85686134197464]},"properties":{"peak_name":"1930无名峰(2)","peak_elev":1930,"peak_lon":111.422671,"peak_lat":40.860633850097656,"base_elev":1512,"distance_m":780.8,"vertical_relief_m":418.0,"max_jut":197.4991,"search_radius_m":1375,"elev_angle_deg":28.1623,"is_expanded":false}},{"type":"Feature","geometry":{"type":"Point","coordinates":[112.2451684871973,39.2398938305595]},"properties":{"peak_name":"1931无名峰(1)","peak_elev":1931,"peak_lon":112.235736,"peak_lat":39.221838,"base_elev":1397,"distance_m":2163.7,"vertical_relief_m":534.0,"max_jut":127.8288,"search_radius_m":3250,"elev_angle_deg":13.8635,"is_expanded":false}},{"type":"Feature","geometry":{"type":"Point","coordinates":[112.4224959242825,40.91345520487417]},"properties":{"peak_name":"1932无名峰(2)","peak_elev":1932,"peak_lon":112.42303466796876,"peak_lat":40.915881,"base_elev":1731,"distance_m":273.2,"vertical_relief_m":201.0,"max_jut":119.0285,"search_radius_m":1125,"elev_angle_deg":36.3428,"is_expanded":false}},{"type":"Feature","geometry":{"type":"Point","coordinates":[112.53837859593392,40.6250959986718]},"properties":{"peak_name":"1937无名峰(1)","peak_elev":1937,"peak_lon":112.538244,"peak_lat":40.632642,"base_elev":1554,"distance_m":838.0,"vertical_relief_m":383.0,"max_jut":159.0254,"search_radius_m":2250,"elev_angle_deg":24.5623,"is_expanded":false}},{"type":"Feature","geometry":{"type":"Point","coordinates":[111.32403599486116,40.819940583797326]},"properties":{"peak_name":"1938无名峰(1)","peak_elev":1938,"peak_lon":111.350536,"peak_lat":40.827037,"base_elev":1177,"distance_m":2370.4,"vertical_relief_m":761.0,"max_jut":233.082,"search_radius_m":3000,"elev_angle_deg":17.7989,"is_expanded":false}},{"type":"Feature","geometry":{"type":"Point","coordinates":[111.96947552650104,41.09132163112984]},"properties":{"peak_name":"1939无名峰(2)","peak_elev":1939,"peak_lon":111.967589,"peak_lat":41.086336,"base_elev":1675,"distance_m":575.9,"vertical_relief_m":264.0,"max_jut":109.9207,"search_radius_m":625,"elev_angle_deg":24.6273,"is_expanded":false}},{"type":"Feature","geometry":{"type":"Point","coordinates":[111.02031559730034,40.90132794853856]},"properties":{"peak_name":"1940无名峰(1)","peak_elev":1940,"peak_lon":111.023011,"peak_lat":40.909952,"base_elev":1590,"distance_m":984.3,"vertical_relief_m":350.0,"max_jut":117.1516,"search_radius_m":1250,"elev_angle_deg":19.5745,"is_expanded":false}},{"type":"Feature","geometry":{"type":"Point","coordinates":[112.85368726065988,40.29469563717264]},"properties":{"peak_name":"1941无名峰","peak_elev":1941,"peak_lon":112.850992,"peak_lat":40.299547,"base_elev":1629,"distance_m":585.4,"vertical_relief_m":312.0,"max_jut":146.6529,"search_radius_m":1625,"elev_angle_deg":28.0562,"is_expanded":false}},{"type":"Feature","geometry":{"type":"Point","coordinates":[111.00549339511235,40.8813853492311]},"properties":{"peak_name":"1943无名峰(1)","peak_elev":1943,"peak_lon":111.000912,"peak_lat":40.885428,"base_elev":1560,"distance_m":592.2,"vertical_relief_m":383.0,"max_jut":208.0558,"search_radius_m":875,"elev_angle_deg":32.8924,"is_expanded":false}},{"type":"Feature","geometry":{"type":"Point","coordinates":[112.24409050885636,40.488731738542455]},"properties":{"peak_name":"1945无名峰","peak_elev":1945,"peak_lon":112.239779,"peak_lat":40.505171,"base_elev":1481,"distance_m":1861.7,"vertical_relief_m":464.0,"max_jut":112.0844,"search_radius_m":4250,"elev_angle_deg":13.995,"is_expanded":false}},{"type":"Feature","geometry":{"type":"Point","coordinates":[111.3830553090278,40.921540042431246]},"properties":{"peak_name":"1947无名峰(1)","peak_elev":1947,"peak_lon":111.385211,"peak_lat":40.91641998291016,"base_elev":1585,"distance_m":596.9,"vertical_relief_m":362.0,"max_jut":187.592,"search_radius_m":1125,"elev_angle_deg":31.2354,"is_expanded":false}},{"type":"Feature","geometry":{"type":"Point","coordinates":[112.18318473259306,39.01163191686473]},"properties":{"peak_name":"1948无名峰(1)","peak_elev":1948,"peak_lon":112.185341,"peak_lat":39.012979,"base_elev":1771,"distance_m":239.3,"vertical_relief_m":177.0,"max_jut":105.3273,"search_radius_m":500,"elev_angle_deg":36.4888,"is_expanded":false}},{"type":"Feature","geometry":{"type":"Point","coordinates":[112.73564863232656,39.65222054597036]},"properties":{"peak_name":"1949无名峰","peak_elev":1949,"peak_lon":112.700008,"peak_lat":39.661046,"base_elev":1315,"distance_m":3211.8,"vertical_relief_m":634.0,"max_jut":123.0371,"search_radius_m":7000,"elev_angle_deg":11.1665,"is_expanded":false}},{"type":"Feature","geometry":{"type":"Point","coordinates":[112.55158383061048,39.03103552700171]},"properties":{"peak_name":"1950无名峰(1)","peak_elev":1950,"peak_lon":112.549428,"peak_lat":39.037234,"base_elev":1549,"distance_m":713.0,"vertical_relief_m":401.0,"max_jut":196.3734,"search_radius_m":1625,"elev_angle_deg":29.3539,"is_expanded":false}},{"type":"Feature","geometry":{"type":"Point","coordinates":[112.82970224257387,39.23908534680379]},"properties":{"peak_name":"1952无名峰","peak_elev":1952,"peak_lon":112.850723,"peak_lat":39.215909,"base_elev":1203,"distance_m":3148.8,"vertical_relief_m":749.0,"max_jut":173.2778,"search_radius_m":5250,"elev_angle_deg":13.3802,"is_expanded":false}},{"type":"Feature","geometry":{"type":"Point","coordinates":[112.4262688484758,40.5612257819709]},"properties":{"peak_name":"1953无名峰(1)","peak_elev":1953,"peak_lon":112.41791534423828,"peak_lat":40.566077,"base_elev":1552,"distance_m":889.2,"vertical_relief_m":401.0,"max_jut":165.0056,"search_radius_m":1500,"elev_angle_deg":24.2738,"is_expanded":false}},{"type":"Feature","geometry":{"type":"Point","coordinates":[112.42492137554964,40.55960881445949]},"properties":{"peak_name":"1954无名峰","peak_elev":1954,"peak_lon":112.413118,"peak_lat":40.565915,"base_elev":1546,"distance_m":1220.5,"vertical_relief_m":408.0,"max_jut":129.5041,"search_radius_m":1250,"elev_angle_deg":18.4842,"is_expanded":false}},{"type":"Feature","geometry":{"type":"Point","coordinates":[111.38494177112446,40.77574347181864]},"properties":{"peak_name":"1956无名峰","peak_elev":1956,"peak_lon":111.403267,"peak_lat":40.797034,"base_elev":1204,"distance_m":2825.3,"vertical_relief_m":752.0,"max_jut":193.4025,"search_radius_m":6250,"elev_angle_deg":14.9047,"is_expanded":false}},{"type":"Feature","geometry":{"type":"Point","coordinates":[111.20195494774931,40.91615015072653]},"properties":{"peak_name":"1957无名峰","peak_elev":1957,"peak_lon":111.201685,"peak_lat":40.912916,"base_elev":1804,"distance_m":359.9,"vertical_relief_m":153.0,"max_jut":59.7973,"search_radius_m":375,"elev_angle_deg":23.0312,"is_expanded":false}},{"type":"Feature","geometry":{"type":"Point","coordinates":[111.42725242100649,40.7948775873704]},"properties":{"peak_name":"1962无名峰","peak_elev":1962,"peak_lon":111.409196,"peak_lat":40.796225,"base_elev":1403,"distance_m":1531.2,"vertical_relief_m":559.0,"max_jut":192.1285,"search_radius_m":5500,"elev_angle_deg":20.0558,"is_expanded":false}},{"type":"Feature","geometry":{"type":"Point","coordinates":[112.37129195308768,40.54532560144199]},"properties":{"peak_name":"1963无名峰(1)","peak_elev":1963,"peak_lon":112.373852,"peak_lat":40.55125427246094,"base_elev":1644,"distance_m":693.2,"vertical_relief_m":319.0,"max_jut":133.2586,"search_radius_m":1500,"elev_angle_deg":24.7112,"is_expanded":false}},{"type":"Feature","geometry":{"type":"Point","coordinates":[112.37533437186624,40.67360502401426]},"properties":{"peak_name":"1965无名峰","peak_elev":1965,"peak_lon":112.376143,"peak_lat":40.67791748046875,"base_elev":1719,"distance_m":483.7,"vertical_relief_m":246.0,"max_jut":111.3985,"search_radius_m":625,"elev_angle_deg":26.957,"is_expanded":false}},{"type":"Feature","geometry":{"type":"Point","coordinates":[111.19872101272648,40.93555376086351]},"properties":{"peak_name":"1966无名峰(1)","peak_elev":1966,"peak_lon":111.196026,"peak_lat":40.938518,"base_elev":1774,"distance_m":399.8,"vertical_relief_m":192.0,"max_jut":83.1081,"search_radius_m":750,"elev_angle_deg":25.6522,"is_expanded":false}},{"type":"Feature","geometry":{"type":"Point","coordinates":[111.40892678921044,40.76442469923874]},"properties":{"peak_name":"1969无名峰(1)","peak_elev":1969,"peak_lon":111.413508,"peak_lat":40.787332,"base_elev":1135,"distance_m":2573.1,"vertical_relief_m":834.0,"max_jut":256.8671,"search_radius_m":4500,"elev_angle_deg":17.9587,"is_expanded":false}},{"type":"Feature","geometry":{"type":"Point","coordinates":[112.15030639319428,39.374910617762666]},"properties":{"peak_name":"1971无名峰","peak_elev":1971,"peak_lon":112.146129,"peak_lat":39.380031,"base_elev":1714,"distance_m":672.9,"vertical_relief_m":257.0,"max_jut":91.6701,"search_radius_m":1000,"elev_angle_deg":20.9033,"is_expanded":false}},{"type":"Feature","geometry":{"type":"Point","coordinates":[112.24409050885636,40.488731738542455]},"properties":{"peak_name":"1972无名峰","peak_elev":1972,"peak_lon":112.224148,"peak_lat":40.498973,"base_elev":1481,"distance_m":2037.5,"vertical_relief_m":491.0,"max_jut":115.1763,"search_radius_m":4750,"elev_angle_deg":13.5489,"is_expanded":false}},{"type":"Feature","geometry":{"type":"Point","coordinates":[111.98995711497896,40.42351404891538]},"properties":{"peak_name":"1973无名峰","peak_elev":1973,"peak_lon":112.006666,"peak_lat":40.415429,"base_elev":1513,"distance_m":1678.4,"vertical_relief_m":460.0,"max_jut":121.7452,"search_radius_m":6000,"elev_angle_deg":15.3267,"is_expanded":true}},{"type":"Feature","geometry":{"type":"Point","coordinates":[112.25756523811816,39.21483083413256]},"properties":{"peak_name":"1974无名峰(2)","peak_elev":1974,"peak_lon":112.245977,"peak_lat":39.212675,"base_elev":1572,"distance_m":1029.0,"vertical_relief_m":402.0,"max_jut":146.5604,"search_radius_m":3750,"elev_angle_deg":21.3391,"is_expanded":false}},{"type":"Feature","geometry":{"type":"Point","coordinates":[112.75289628578166,39.12751458851615]},"properties":{"peak_name":"1976无名峰","peak_elev":1976,"peak_lon":112.748045,"peak_lat":39.122394,"base_elev":1592,"distance_m":706.5,"vertical_relief_m":384.0,"max_jut":183.3496,"search_radius_m":1000,"elev_angle_deg":28.5252,"is_expanded":false}},{"type":"Feature","geometry":{"type":"Point","coordinates":[111.84011812558782,41.004005385513416]},"properties":{"peak_name":"1978无名峰(1)","peak_elev":1978,"peak_lon":111.857096,"peak_lat":41.004275,"base_elev":1404,"distance_m":1428.7,"vertical_relief_m":574.0,"max_jut":214.4655,"search_radius_m":1875,"elev_angle_deg":21.8885,"is_expanded":false}},{"type":"Feature","geometry":{"type":"Point","coordinates":[111.31110025476984,40.9482200063696]},"properties":{"peak_name":"1980无名峰","peak_elev":1980,"peak_lon":111.307193,"peak_lat":40.95899963378906,"base_elev":1610,"distance_m":1241.5,"vertical_relief_m":370.0,"max_jut":105.5802,"search_radius_m":3750,"elev_angle_deg":16.5955,"is_expanded":false}},{"type":"Feature","geometry":{"type":"Point","coordinates":[112.84425495017662,39.248787151872286]},"properties":{"peak_name":"1983无名峰(2)","peak_elev":1983,"peak_lon":112.862042,"peak_lat":39.213214,"base_elev":1148,"distance_m":4237.5,"vertical_relief_m":835.0,"max_jut":161.2671,"search_radius_m":6000,"elev_angle_deg":11.1473,"is_expanded":false}},{"type":"Feature","geometry":{"type":"Point","coordinates":[112.7275637947695,39.0760411227361]},"properties":{"peak_name":"1985无名峰","peak_elev":1985,"peak_lon":112.731067,"peak_lat":39.080892,"base_elev":1645,"distance_m":618.0,"vertical_relief_m":340.0,"max_jut":163.8144,"search_radius_m":625,"elev_angle_deg":28.8179,"is_expanded":false}},{"type":"Feature","geometry":{"type":"Point","coordinates":[112.0842802198115,40.38335935571524]},"properties":{"peak_name":"1988无名峰","peak_elev":1988,"peak_lon":112.074399,"peak_lat":40.38021469116211,"base_elev":1637,"distance_m":908.8,"vertical_relief_m":351.0,"max_jut":126.6681,"search_radius_m":3500,"elev_angle_deg":21.1177,"is_expanded":false}},{"type":"Feature","geometry":{"type":"Point","coordinates":[112.57449087035552,39.04154581582591]},"properties":{"peak_name":"1989无名峰","peak_elev":1989,"peak_lon":112.55876922607422,"peak_lat":39.046397,"base_elev":1586,"distance_m":1463.7,"vertical_relief_m":403.0,"max_jut":107.166,"search_radius_m":2000,"elev_angle_deg":15.3938,"is_expanded":false}},{"type":"Feature","geometry":{"type":"Point","coordinates":[111.1423966444122,40.84635105315044]},"properties":{"peak_name":"1990无名峰(1)","peak_elev":1990,"peak_lon":111.155871,"peak_lat":40.857398986816406,"base_elev":1361,"distance_m":1672.2,"vertical_relief_m":629.0,"max_jut":221.5528,"search_radius_m":1750,"elev_angle_deg":20.6138,"is_expanded":false}},{"type":"Feature","geometry":{"type":"Point","coordinates":[111.22028057954536,40.8671021362136]},"properties":{"peak_name":"1991无名峰","peak_elev":1991,"peak_lon":111.214352,"peak_lat":40.864138,"base_elev":1634,"distance_m":598.5,"vertical_relief_m":357.0,"max_jut":183.075,"search_radius_m":625,"elev_angle_deg":30.8157,"is_expanded":false}},{"type":"Feature","geometry":{"type":"Point","coordinates":[111.2070753448688,40.8528189231961]},"properties":{"peak_name":"1994无名峰(1)","peak_elev":1994,"peak_lon":111.211657,"peak_lat":40.857131,"base_elev":1601,"distance_m":615.3,"vertical_relief_m":393.0,"max_jut":211.5887,"search_radius_m":1500,"elev_angle_deg":32.5669,"is_expanded":false}},{"type":"Feature","geometry":{"type":"Point","coordinates":[111.9902266095642,40.991069645422094]},"properties":{"peak_name":"1996无名峰(1)","peak_elev":1996,"peak_lon":112.011427,"peak_lat":40.998885,"base_elev":1494,"distance_m":1983.8,"vertical_relief_m":502.0,"max_jut":123.3679,"search_radius_m":4250,"elev_angle_deg":14.2006,"is_expanded":false}},{"type":"Feature","geometry":{"type":"Point","coordinates":[112.03496271071334,40.43402433773958]},"properties":{"peak_name":"1997无名峰","peak_elev":1997,"peak_lon":112.019332,"peak_lat":40.418124,"base_elev":1487,"distance_m":2208.4,"vertical_relief_m":510.0,"max_jut":114.7585,"search_radius_m":3750,"elev_angle_deg":13.0037,"is_expanded":false}},{"type":"Feature","geometry":{"type":"Point","coordinates":[112.74049953486082,40.205223434874334]},"properties":{"peak_name":"1998无名峰","peak_elev":1998,"peak_lon":112.731876,"peak_lat":40.204684,"base_elev":1711,"distance_m":736.6,"vertical_relief_m":287.0,"max_jut":104.4152,"search_radius_m":750,"elev_angle_deg":21.2873,"is_expanded":false}},{"type":"Feature","geometry":{"type":"Point","coordinates":[112.4750473684035,40.94283011466488]},"properties":{"peak_name":"1999无名峰(2)","peak_elev":1999,"peak_lon":112.454027,"peak_lat":40.92692947387695,"base_elev":1394,"distance_m":2500.4,"vertical_relief_m":605.0,"max_jut":142.3587,"search_radius_m":2750,"elev_angle_deg":13.6019,"is_expanded":false}},{"type":"Feature","geometry":{"type":"Point","coordinates":[112.30634375804586,39.39377523872918]},"properties":{"peak_name":"2000无名峰","peak_elev":2000,"peak_lon":112.264303,"peak_lat":39.4072494506836,"base_elev":1360,"distance_m":3918.0,"vertical_relief_m":640.0,"max_jut":103.3721,"search_radius_m":7500,"elev_angle_deg":9.2773,"is_expanded":false}},{"type":"Feature","geometry":{"type":"Point","coordinates":[112.00936072511594,40.36665069143061]},"properties":{"peak_name":"2001","peak_elev":2004,"peak_lon":112.000467,"peak_lat":40.376622,"base_elev":1548,"distance_m":1340.3,"vertical_relief_m":456.0,"max_jut":146.8548,"search_radius_m":1500,"elev_angle_deg":18.7895,"is_expanded":false}},{"type":"Feature","geometry":{"type":"Point","coordinates":[112.55724321690045,40.6679456377243]},"properties":{"peak_name":"2001无名峰(2)","peak_elev":2001,"peak_lon":112.556165,"peak_lat":40.673066,"base_elev":1704,"distance_m":575.9,"vertical_relief_m":297.0,"max_jut":136.0048,"search_radius_m":1125,"elev_angle_deg":27.2808,"is_expanded":false}},{"type":"Feature","geometry":{"type":"Point","coordinates":[111.9872621691266,40.42405303808585]},"properties":{"peak_name":"2003无名峰","peak_elev":2003,"peak_lon":112.0069351196289,"peak_lat":40.407075,"base_elev":1491,"distance_m":2518.4,"vertical_relief_m":512.0,"max_jut":102.0332,"search_radius_m":8250,"elev_angle_deg":11.4918,"is_expanded":true}},{"type":"Feature","geometry":{"type":"Point","coordinates":[112.21983599618514,40.59410412136968]},"properties":{"peak_name":"2004无名峰","peak_elev":2004,"peak_lon":112.251367,"peak_lat":40.59248733520508,"base_elev":1381,"distance_m":2675.1,"vertical_relief_m":623.0,"max_jut":141.6428,"search_radius_m":2750,"elev_angle_deg":13.1098,"is_expanded":false}},{"type":"Feature","geometry":{"type":"Point","coordinates":[112.42195693511204,39.09894816248114]},"properties":{"peak_name":"2008无名峰(3)","peak_elev":2008,"peak_lon":112.410773,"peak_lat":39.083587,"base_elev":1403,"distance_m":1960.7,"vertical_relief_m":605.0,"max_jut":178.2753,"search_radius_m":2250,"elev_angle_deg":17.1483,"is_expanded":false}},{"type":"Feature","geometry":{"type":"Point","coordinates":[111.00926631930568,40.94067415798299]},"properties":{"peak_name":"2009无名峰","peak_elev":2009,"peak_lon":111.01546478271484,"peak_lat":40.936901,"base_elev":1757,"distance_m":669.4,"vertical_relief_m":252.0,"max_jut":88.8685,"search_radius_m":750,"elev_angle_deg":20.6292,"is_expanded":false}},{"type":"Feature","geometry":{"type":"Point","coordinates":[112.66288509431288,40.16291278499231]},"properties":{"peak_name":"2010无名峰","peak_elev":2010,"peak_lon":112.65506744384766,"peak_lat":40.16884231567383,"base_elev":1709,"distance_m":936.5,"vertical_relief_m":301.0,"max_jut":92.1548,"search_radius_m":4500,"elev_angle_deg":17.8179,"is_expanded":false}},{"type":"Feature","geometry":{"type":"Point","coordinates":[112.4292332889134,39.0903243357536]},"properties":{"peak_name":"2013无名峰","peak_elev":2013,"peak_lon":112.415489,"peak_lat":39.079545,"base_elev":1455,"distance_m":1687.1,"vertical_relief_m":558.0,"max_jut":175.2807,"search_radius_m":2250,"elev_angle_deg":18.3014,"is_expanded":false}},{"type":"Feature","geometry":{"type":"Point","coordinates":[112.6141065743852,40.676838959037084]},"properties":{"peak_name":"2014无名峰","peak_elev":2014,"peak_lon":112.60682678222656,"peak_lat":40.693278,"base_elev":1578,"distance_m":1926.5,"vertical_relief_m":436.0,"max_jut":96.1585,"search_radius_m":5750,"elev_angle_deg":12.7522,"is_expanded":false}},{"type":"Feature","geometry":{"type":"Point","coordinates":[112.82404285628392,39.099756646236855]},"properties":{"peak_name":"2015无名峰","peak_elev":2015,"peak_lon":112.786583,"peak_lat":39.124011,"base_elev":1174,"distance_m":4212.8,"vertical_relief_m":841.0,"max_jut":164.7835,"search_radius_m":6000,"elev_angle_deg":11.2895,"is_expanded":false}},{"type":"Feature","geometry":{"type":"Point","coordinates":[112.774994841771,39.130748523538976]},"properties":{"peak_name":"2016无名峰(2)","peak_elev":2016,"peak_lon":112.779307,"peak_lat":39.12859344482422,"base_elev":1732,"distance_m":443.0,"vertical_relief_m":284.0,"max_jut":153.4062,"search_radius_m":10000,"elev_angle_deg":32.6633,"is_expanded":true}},{"type":"Feature","geometry":{"type":"Point","coordinates":[112.84236848807996,39.13128751270945]},"properties":{"peak_name":"2017无名峰(1)","peak_elev":2017,"peak_lon":112.810568,"peak_lat":39.136408,"base_elev":1229,"distance_m":2807.7,"vertical_relief_m":788.0,"max_jut":213.3883,"search_radius_m":4000,"elev_angle_deg":15.6771,"is_expanded":false}},{"type":"Feature","geometry":{"type":"Point","coordinates":[111.23591126548902,40.86225123367935]},"properties":{"peak_name":"2018无名峰","peak_elev":2018,"peak_lon":111.242783,"peak_lat":40.868719,"base_elev":1492,"distance_m":922.8,"vertical_relief_m":526.0,"max_jut":260.5311,"search_radius_m":1250,"elev_angle_deg":29.6833,"is_expanded":false}},{"type":"Feature","geometry":{"type":"Point","coordinates":[112.76664050962869,39.12778408310138]},"properties":{"peak_name":"2019无名峰","peak_elev":2019,"peak_lon":112.772839,"peak_lat":39.1269760131836,"base_elev":1673,"distance_m":543.4,"vertical_relief_m":346.0,"max_jut":186.1337,"search_radius_m":625,"elev_angle_deg":32.4862,"is_expanded":false}},{"type":"Feature","geometry":{"type":"Point","coordinates":[112.84587191768804,39.132095996465154]},"properties":{"peak_name":"2020无名峰(2)","peak_elev":2020,"peak_lon":112.806121,"peak_lat":39.140989,"base_elev":1199,"distance_m":3575.8,"vertical_relief_m":821.0,"max_jut":184.1031,"search_radius_m":4000,"elev_angle_deg":12.9309,"is_expanded":false}},{"type":"Feature","geometry":{"type":"Point","coordinates":[111.98699267454136,41.121505024676246]},"properties":{"peak_name":"2021无名峰(1)","peak_elev":2021,"peak_lon":111.9775619506836,"peak_lat":41.118271,"base_elev":1702,"distance_m":869.6,"vertical_relief_m":319.0,"max_jut":110.0403,"search_radius_m":1250,"elev_angle_deg":20.1448,"is_expanded":false}},{"type":"Feature","geometry":{"type":"Point","coordinates":[112.2308852741798,39.34769166465384]},"properties":{"peak_name":"2022无名峰","peak_elev":2022,"peak_lon":112.219971,"peak_lat":39.370329,"base_elev":1470,"distance_m":2683.5,"vertical_relief_m":552.0,"max_jut":111.1068,"search_radius_m":2750,"elev_angle_deg":11.6237,"is_expanded":false}},{"type":"Feature","geometry":{"type":"Point","coordinates":[112.3157760685291,40.54397812851581]},"properties":{"peak_name":"2024无名峰","peak_elev":2024,"peak_lon":112.305715,"peak_lat":40.546224,"base_elev":1668,"distance_m":888.0,"vertical_relief_m":356.0,"max_jut":132.7251,"search_radius_m":1500,"elev_angle_deg":21.8459,"is_expanded":false}},{"type":"Feature","geometry":{"type":"Point","coordinates":[112.4788202925968,39.09059383033883]},"properties":{"peak_name":"2025无名峰","peak_elev":2025,"peak_lon":112.493642,"peak_lat":39.062566,"base_elev":1438,"distance_m":3365.6,"vertical_relief_m":587.0,"max_jut":100.757,"search_radius_m":5250,"elev_angle_deg":9.8935,"is_expanded":true}},{"type":"Feature","geometry":{"type":"Point","coordinates":[111.6603652372355,40.9881052049845]},"properties":{"peak_name":"2026无名峰","peak_elev":2026,"peak_lon":111.64716339111328,"peak_lat":40.984063,"base_elev":1536,"distance_m":1198.2,"vertical_relief_m":490.0,"max_jut":185.7863,"search_radius_m":1375,"elev_angle_deg":22.2419,"is_expanded":false}},{"type":"Feature","geometry":{"type":"Point","coordinates":[112.11527209711365,41.032841306133655]},"properties":{"peak_name":"2027无名峰(2)","peak_elev":2027,"peak_lon":112.128208,"peak_lat":41.037962,"base_elev":1546,"distance_m":1227.5,"vertical_relief_m":481.0,"max_jut":175.7636,"search_radius_m":1750,"elev_angle_deg":21.3979,"is_expanded":false}},{"type":"Feature","geometry":{"type":"Point","coordinates":[112.06918852303828,40.40761386838646]},"properties":{"peak_name":"2028","peak_elev":2028,"peak_lon":112.064607,"peak_lat":40.383359,"base_elev":1466,"distance_m":2721.3,"vertical_relief_m":562.0,"max_jut":113.5253,"search_radius_m":3750,"elev_angle_deg":11.6686,"is_expanded":false}},{"type":"Feature","geometry":{"type":"Point","coordinates":[112.06784105011212,41.020444555212805]},"properties":{"peak_name":"2029无名峰(1)","peak_elev":2029,"peak_lon":112.086167,"peak_lat":41.022331,"base_elev":1434,"distance_m":1555.5,"vertical_relief_m":595.0,"max_jut":213.0365,"search_radius_m":2750,"elev_angle_deg":20.9325,"is_expanded":false}},{"type":"Feature","geometry":{"type":"Point","coordinates":[112.45456577992556,40.91965358033459]},"properties":{"peak_name":"2030无名峰(2)","peak_elev":2030,"peak_lon":112.446616,"peak_lat":40.923427,"base_elev":1705,"distance_m":790.0,"vertical_relief_m":325.0,"max_jut":123.8121,"search_radius_m":2750,"elev_angle_deg":22.3619,"is_expanded":false}},{"type":"Feature","geometry":{"type":"Point","coordinates":[112.36024267509302,40.60542289394959]},"properties":{"peak_name":"2033无名峰(1)","peak_elev":2033,"peak_lon":112.379242,"peak_lat":40.593835,"base_elev":1574,"distance_m":2059.6,"vertical_relief_m":459.0,"max_jut":99.9349,"search_radius_m":2500,"elev_angle_deg":12.5636,"is_expanded":false}},{"type":"Feature","geometry":{"type":"Point","coordinates":[112.8388650584719,40.27987343498467]},"properties":{"peak_name":"2034","peak_elev":2030,"peak_lon":112.83078002929688,"peak_lat":40.29254150390625,"base_elev":1566,"distance_m":1565.7,"vertical_relief_m":464.0,"max_jut":131.7654,"search_radius_m":3250,"elev_angle_deg":16.5074,"is_expanded":false}},{"type":"Feature","geometry":{"type":"Point","coordinates":[112.7553217370488,39.12481964266379]},"properties":{"peak_name":"2035无名峰","peak_elev":2035,"peak_lon":112.751145,"peak_lat":39.11525344848633,"base_elev":1611,"distance_m":1121.8,"vertical_relief_m":424.0,"max_jut":149.7558,"search_radius_m":2500,"elev_angle_deg":20.7048,"is_expanded":false}},{"type":"Feature","geometry":{"type":"Point","coordinates":[112.29340801795452,39.37976152029691]},"properties":{"peak_name":"2036无名峰","peak_elev":2036,"peak_lon":112.264123,"peak_lat":39.39646911621094,"base_elev":1386,"distance_m":3131.5,"vertical_relief_m":650.0,"max_jut":132.2493,"search_radius_m":6500,"elev_angle_deg":11.7263,"is_expanded":false}},{"type":"Feature","geometry":{"type":"Point","coordinates":[112.72729430018424,39.029418559490296]},"properties":{"peak_name":"2039无名峰","peak_elev":2039,"peak_lon":112.700884,"peak_lat":39.055021,"base_elev":1208,"distance_m":3647.8,"vertical_relief_m":831.0,"max_jut":184.5886,"search_radius_m":7750,"elev_angle_deg":12.8335,"is_expanded":true}},{"type":"Feature","geometry":{"type":"Point","coordinates":[111.9902266095642,41.07084004265191]},"properties":{"peak_name":"2041无名峰","peak_elev":2041,"peak_lon":111.98322296142578,"peak_lat":41.066932,"base_elev":1744,"distance_m":731.3,"vertical_relief_m":297.0,"max_jut":111.8642,"search_radius_m":1000,"elev_angle_deg":22.1034,"is_expanded":false}},{"type":"Feature","geometry":{"type":"Point","coordinates":[112.29340801795452,39.37976152029691]},"properties":{"peak_name":"2043无名峰","peak_elev":2043,"peak_lon":112.259586,"peak_lat":39.393775,"base_elev":1386,"distance_m":3303.2,"vertical_relief_m":657.0,"max_jut":128.3693,"search_radius_m":6750,"elev_angle_deg":11.2492,"is_expanded":false}},{"type":"Feature","geometry":{"type":"Point","coordinates":[112.260799173141,40.55044599856147]},"properties":{"peak_name":"2044无名峰","peak_elev":2044,"peak_lon":112.259586,"peak_lat":40.554758,"base_elev":1791,"distance_m":489.7,"vertical_relief_m":253.0,"max_jut":116.0147,"search_radius_m":1375,"elev_angle_deg":27.3228,"is_expanded":false}},{"type":"Feature","geometry":{"type":"Point","coordinates":[112.76017263958305,39.12077722388525]},"properties":{"peak_name":"2046无名峰(2)","peak_elev":2046,"peak_lon":112.762329,"peak_lat":39.115657,"base_elev":1700,"distance_m":598.2,"vertical_relief_m":346.0,"max_jut":173.07,"search_radius_m":750,"elev_angle_deg":30.0452,"is_expanded":false}},{"type":"Feature","geometry":{"type":"Point","coordinates":[112.91728798277552,39.27277216995827]},"properties":{"peak_name":"2047无名峰","peak_elev":2047,"peak_lon":112.931302,"peak_lat":39.27789306640625,"base_elev":1415,"distance_m":1336.2,"vertical_relief_m":632.0,"max_jut":270.6053,"search_radius_m":1375,"elev_angle_deg":25.3134,"is_expanded":false}},{"type":"Feature","geometry":{"type":"Point","coordinates":[112.17186596001316,39.43797235070785]},"properties":{"peak_name":"2049无名峰(3)","peak_elev":2049,"peak_lon":112.1802215576172,"peak_lat":39.4393196105957,"base_elev":1775,"distance_m":734.7,"vertical_relief_m":274.0,"max_jut":95.9376,"search_radius_m":1125,"elev_angle_deg":20.4526,"is_expanded":false}},{"type":"Feature","geometry":{"type":"Point","coordinates":[111.69378256580475,40.97247451904082]},"properties":{"peak_name":"2050","peak_elev":2058,"peak_lon":111.699711,"peak_lat":40.982176,"base_elev":1322,"distance_m":1187.3,"vertical_relief_m":736.0,"max_jut":387.6123,"search_radius_m":1750,"elev_angle_deg":31.7945,"is_expanded":false}},{"type":"Feature","geometry":{"type":"Point","coordinates":[112.72648581642856,39.17090321673912]},"properties":{"peak_name":"2051无名峰","peak_elev":2051,"peak_lon":112.7405014038086,"peak_lat":39.161201,"base_elev":1441,"distance_m":1620.9,"vertical_relief_m":610.0,"max_jut":214.9685,"search_radius_m":3000,"elev_angle_deg":20.623,"is_expanded":false}},{"type":"Feature","geometry":{"type":"Point","coordinates":[111.18282083219756,40.94013516881252]},"properties":{"peak_name":"2054无名峰","peak_elev":2054,"peak_lon":111.176622,"peak_lat":40.93730545043945,"base_elev":1830,"distance_m":609.3,"vertical_relief_m":224.0,"max_jut":77.3948,"search_radius_m":625,"elev_angle_deg":20.1852,"is_expanded":false}},{"type":"Feature","geometry":{"type":"Point","coordinates":[112.82781578047724,39.1083804729644]},"properties":{"peak_name":"2056无名峰(3)","peak_elev":2056,"peak_lon":112.794937,"peak_lat":39.125089,"base_elev":1203,"distance_m":3395.0,"vertical_relief_m":853.0,"max_jut":208.115,"search_radius_m":5250,"elev_angle_deg":14.1037,"is_expanded":false}},{"type":"Feature","geometry":{"type":"Point","coordinates":[112.61599303648184,39.06768679059379]},"properties":{"peak_name":"2057无名峰","peak_elev":2057,"peak_lon":112.608178,"peak_lat":39.0682258605957,"base_elev":1729,"distance_m":679.0,"vertical_relief_m":328.0,"max_jut":142.954,"search_radius_m":1125,"elev_angle_deg":25.7835,"is_expanded":false}},{"type":"Feature","geometry":{"type":"Point","coordinates":[112.65668671885248,39.05852397469577]},"properties":{"peak_name":"2059无名峰","peak_elev":2059,"peak_lon":112.652779,"peak_lat":39.054751,"base_elev":1772,"distance_m":538.4,"vertical_relief_m":287.0,"max_jut":135.007,"search_radius_m":750,"elev_angle_deg":28.0603,"is_expanded":false}},{"type":"Feature","geometry":{"type":"Point","coordinates":[111.3356242620263,40.89782451893049]},"properties":{"peak_name":"2060无名峰(1)","peak_elev":2060,"peak_lon":111.362933,"peak_lat":40.89495086669922,"base_elev":1328,"distance_m":2323.2,"vertical_relief_m":732.0,"max_jut":220.4689,"search_radius_m":2500,"elev_angle_deg":17.4887,"is_expanded":false}},{"type":"Feature","geometry":{"type":"Point","coordinates":[112.7043872604392,39.02052523817751]},"properties":{"peak_name":"2061无名峰(4)","peak_elev":2061,"peak_lon":112.689296,"peak_lat":39.04612731933594,"base_elev":1264,"distance_m":3128.2,"vertical_relief_m":797.0,"max_jut":196.6103,"search_radius_m":4750,"elev_angle_deg":14.2937,"is_expanded":false}},{"type":"Feature","geometry":{"type":"Point","coordinates":[112.54861939017287,40.637762244177885]},"properties":{"peak_name":"2063无名峰(3)","peak_elev":2063,"peak_lon":112.542286,"peak_lat":40.645578,"base_elev":1671,"distance_m":1020.0,"vertical_relief_m":392.0,"max_jut":140.5994,"search_radius_m":3750,"elev_angle_deg":21.0225,"is_expanded":false}},{"type":"Feature","geometry":{"type":"Point","coordinates":[111.1229930342752,40.87491747918544]},"properties":{"peak_name":"2065无名峰","peak_elev":2065,"peak_lon":111.113156,"peak_lat":40.870067,"base_elev":1531,"distance_m":988.8,"vertical_relief_m":534.0,"max_jut":254.0143,"search_radius_m":1125,"elev_angle_deg":28.3712,"is_expanded":false}},{"type":"Feature","geometry":{"type":"Point","coordinates":[112.3044572959492,40.53265935593591]},"properties":{"peak_name":"2066无名峰","peak_elev":2066,"peak_lon":112.293947,"peak_lat":40.540475,"base_elev":1637,"distance_m":1243.4,"vertical_relief_m":429.0,"max_jut":140.0005,"search_radius_m":3500,"elev_angle_deg":19.0355,"is_expanded":false}},{"type":"Feature","geometry":{"type":"Point","coordinates":[112.14572498524528,39.343649245875305]},"properties":{"peak_name":"2067无名峰(1)","peak_elev":2067,"peak_lon":112.153001,"peak_lat":39.340146,"base_elev":1801,"distance_m":738.0,"vertical_relief_m":266.0,"max_jut":90.2963,"search_radius_m":2500,"elev_angle_deg":19.8209,"is_expanded":false}},{"type":"Feature","geometry":{"type":"Point","coordinates":[112.289365599176,40.52053209960029]},"properties":{"peak_name":"2068无名峰","peak_elev":2068,"peak_lon":112.281281,"peak_lat":40.533064,"base_elev":1608,"distance_m":1551.1,"vertical_relief_m":460.0,"max_jut":130.7215,"search_radius_m":2750,"elev_angle_deg":16.5184,"is_expanded":false}},{"type":"Feature","geometry":{"type":"Point","coordinates":[111.13592877436652,40.87276152250355]},"properties":{"peak_name":"2069无名峰","peak_elev":2069,"peak_lon":111.14617156982422,"peak_lat":40.877612,"base_elev":1546,"distance_m":1017.7,"vertical_relief_m":523.0,"max_jut":239.3457,"search_radius_m":1375,"elev_angle_deg":27.1988,"is_expanded":false}},{"type":"Feature","geometry":{"type":"Point","coordinates":[112.22145296369656,39.349578126750494]},"properties":{"peak_name":"2071无名峰","peak_elev":2071,"peak_lon":112.20690155029295,"peak_lat":39.368982,"base_elev":1546,"distance_m":2492.7,"vertical_relief_m":525.0,"max_jut":108.1457,"search_radius_m":2500,"elev_angle_deg":11.8935,"is_expanded":false}},{"type":"Feature","geometry":{"type":"Point","coordinates":[112.34326451622316,41.08512325566941]},"properties":{"peak_name":"2074无名峰","peak_elev":2074,"peak_lon":112.363477,"peak_lat":41.105066,"base_elev":1530,"distance_m":2790.9,"vertical_relief_m":544.0,"max_jut":104.1009,"search_radius_m":4500,"elev_angle_deg":11.0297,"is_expanded":false}},{"type":"Feature","geometry":{"type":"Point","coordinates":[111.33373779992964,40.88030737089016]},"properties":{"peak_name":"2077无名峰(1)","peak_elev":2077,"peak_lon":111.365269,"peak_lat":40.888392,"base_elev":1275,"distance_m":2805.1,"vertical_relief_m":802.0,"max_jut":220.9179,"search_radius_m":3750,"elev_angle_deg":15.9556,"is_expanded":false}},{"type":"Feature","geometry":{"type":"Point","coordinates":[111.33373779992964,40.879768381719686]},"properties":{"peak_name":"2078无名峰(1)","peak_elev":2078,"peak_lon":111.367829,"peak_lat":40.883407,"base_elev":1273,"distance_m":2901.7,"vertical_relief_m":805.0,"max_jut":215.7019,"search_radius_m":4250,"elev_angle_deg":15.5053,"is_expanded":false}},{"type":"Feature","geometry":{"type":"Point","coordinates":[111.33319881075916,40.87815141420827]},"properties":{"peak_name":"2079无名峰","peak_elev":2079,"peak_lon":111.363382,"peak_lat":40.87895965576172,"base_elev":1265,"distance_m":2545.7,"vertical_relief_m":814.0,"max_jut":248.49,"search_radius_m":3750,"elev_angle_deg":17.7319,"is_expanded":false}},{"type":"Feature","geometry":{"type":"Point","coordinates":[111.99642498502462,41.11773210048295]},"properties":{"peak_name":"2081无名峰(1)","peak_elev":2081,"peak_lon":112.010978,"peak_lat":41.11880874633789,"base_elev":1692,"distance_m":1228.1,"vertical_relief_m":389.0,"max_jut":117.7384,"search_radius_m":1375,"elev_angle_deg":17.5756,"is_expanded":false}},{"type":"Feature","geometry":{"type":"Point","coordinates":[112.70492624960968,39.01432686271709]},"properties":{"peak_name":"2082无名峰","peak_elev":2082,"peak_lon":112.660999,"peak_lat":39.041411,"base_elev":1201,"distance_m":4848.6,"vertical_relief_m":881.0,"max_jut":157.652,"search_radius_m":15500,"elev_angle_deg":10.2984,"is_expanded":true}},{"type":"Feature","geometry":{"type":"Point","coordinates":[112.68121072610892,39.03076603241647]},"properties":{"peak_name":"2083无名峰","peak_elev":2083,"peak_lon":112.665715,"peak_lat":39.041815,"base_elev":1503,"distance_m":1817.9,"vertical_relief_m":580.0,"max_jut":176.3993,"search_radius_m":15000,"elev_angle_deg":17.6953,"is_expanded":true}},{"type":"Feature","geometry":{"type":"Point","coordinates":[112.61734050940802,39.06687830683808]},"properties":{"peak_name":"2085无名峰","peak_elev":2085,"peak_lon":112.62171936035156,"peak_lat":39.072875,"base_elev":1717,"distance_m":766.0,"vertical_relief_m":368.0,"max_jut":159.2741,"search_radius_m":875,"elev_angle_deg":25.6605,"is_expanded":false}},{"type":"Feature","geometry":{"type":"Point","coordinates":[111.34829050753238,40.88542776800964]},"properties":{"peak_name":"2088无名峰","peak_elev":2088,"peak_lon":111.355297,"peak_lat":40.889201,"base_elev":1551,"distance_m":724.1,"vertical_relief_m":537.0,"max_jut":320.1551,"search_radius_m":750,"elev_angle_deg":36.561,"is_expanded":false}},{"type":"Feature","geometry":{"type":"Point","coordinates":[112.14680296358624,41.05467036753776]},"properties":{"peak_name":"2089无名峰","peak_elev":2089,"peak_lon":112.12686157226562,"peak_lat":41.059791,"base_elev":1605,"distance_m":1770.2,"vertical_relief_m":484.0,"max_jut":127.9131,"search_radius_m":5500,"elev_angle_deg":15.2918,"is_expanded":false}},{"type":"Feature","geometry":{"type":"Point","coordinates":[111.38332480361304,40.90563986190233]},"properties":{"peak_name":"2092无名峰","peak_elev":2092,"peak_lon":111.39114379882812,"peak_lat":40.901328,"base_elev":1690,"distance_m":814.4,"vertical_relief_m":402.0,"max_jut":178.1005,"search_radius_m":3000,"elev_angle_deg":26.2716,"is_expanded":false}},{"type":"Feature","geometry":{"type":"Point","coordinates":[111.30436289013892,40.86144274992365]},"properties":{"peak_name":"2094无名峰","peak_elev":2094,"peak_lon":111.28981018066406,"peak_lat":40.850932,"base_elev":1364,"distance_m":1693.5,"vertical_relief_m":730.0,"max_jut":289.1297,"search_radius_m":2500,"elev_angle_deg":23.3189,"is_expanded":false}},{"type":"Feature","geometry":{"type":"Point","coordinates":[111.22944339544335,40.98271531327978]},"properties":{"peak_name":"2095无名峰","peak_elev":2095,"peak_lon":111.241301,"peak_lat":40.984871,"base_elev":1757,"distance_m":1026.2,"vertical_relief_m":338.0,"max_jut":105.9653,"search_radius_m":1625,"elev_angle_deg":18.2304,"is_expanded":false}},{"type":"Feature","geometry":{"type":"Point","coordinates":[112.19234754849109,39.42719256729842]},"properties":{"peak_name":"2096无名峰","peak_elev":2096,"peak_lon":112.19612121582033,"peak_lat":39.433121,"base_elev":1847,"distance_m":734.0,"vertical_relief_m":249.0,"max_jut":79.9365,"search_radius_m":750,"elev_angle_deg":18.7388,"is_expanded":false}},{"type":"Feature","geometry":{"type":"Point","coordinates":[112.3915040469804,39.09436675453214]},"properties":{"peak_name":"2100无名峰","peak_elev":2100,"peak_lon":112.401386,"peak_lat":39.071819,"base_elev":1475,"distance_m":2645.2,"vertical_relief_m":625.0,"max_jut":143.5539,"search_radius_m":4000,"elev_angle_deg":13.2939,"is_expanded":false}},{"type":"Feature","geometry":{"type":"Point","coordinates":[112.26214664606717,39.04801368587157]},"properties":{"peak_name":"2101无名峰","peak_elev":2101,"peak_lon":112.220105,"peak_lat":39.03939056396485,"base_elev":1479,"distance_m":3763.5,"vertical_relief_m":622.0,"max_jut":101.6344,"search_radius_m":6250,"elev_angle_deg":9.3845,"is_expanded":false}},{"type":"Feature","geometry":{"type":"Point","coordinates":[111.25881830523409,41.00643083678054]},"properties":{"peak_name":"2102无名峰","peak_elev":2096,"peak_lon":111.254641,"peak_lat":40.994708,"base_elev":1722,"distance_m":1348.5,"vertical_relief_m":374.0,"max_jut":99.8617,"search_radius_m":1375,"elev_angle_deg":15.5011,"is_expanded":false}},{"type":"Feature","geometry":{"type":"Point","coordinates":[112.48097624927868,40.61189076399525]},"properties":{"peak_name":"2103无名峰","peak_elev":2103,"peak_lon":112.471274,"peak_lat":40.616472,"base_elev":1696,"distance_m":965.9,"vertical_relief_m":407.0,"max_jut":158.2428,"search_radius_m":2750,"elev_angle_deg":22.849,"is_expanded":false}},{"type":"Feature","geometry":{"type":"Point","coordinates":[112.7539742641226,39.039659353729256]},"properties":{"peak_name":"2105无名峰(2)","peak_elev":2105,"peak_lon":112.689296,"peak_lat":39.063914,"base_elev":1102,"distance_m":6212.6,"vertical_relief_m":1003.0,"max_jut":160.1447,"search_radius_m":10000,"elev_angle_deg":9.171,"is_expanded":false}},{"type":"Feature","geometry":{"type":"Point","coordinates":[112.07942931727726,41.02745141442894]},"properties":{"peak_name":"2107无名峰","peak_elev":2107,"peak_lon":112.088862,"peak_lat":41.032302,"base_elev":1644,"distance_m":958.9,"vertical_relief_m":463.0,"max_jut":201.5474,"search_radius_m":2500,"elev_angle_deg":25.7733,"is_expanded":false}},{"type":"Feature","geometry":{"type":"Point","coordinates":[112.26214664606717,39.04801368587157]},"properties":{"peak_name":"2111无名峰(2)","peak_elev":2111,"peak_lon":112.221992,"peak_lat":39.03400039672852,"base_elev":1479,"distance_m":3808.7,"vertical_relief_m":632.0,"max_jut":103.628,"search_radius_m":6750,"elev_angle_deg":9.4216,"is_expanded":false}},{"type":"Feature","geometry":{"type":"Point","coordinates":[111.165034189572,40.87330051167402]},"properties":{"peak_name":"2113无名峰(1)","peak_elev":2113,"peak_lon":111.171772,"peak_lat":40.875186920166016,"base_elev":1819,"distance_m":605.4,"vertical_relief_m":294.0,"max_jut":128.6564,"search_radius_m":625,"elev_angle_deg":25.9026,"is_expanded":false}},{"type":"Feature","geometry":{"type":"Point","coordinates":[112.40659574375358,40.67064058357666]},"properties":{"peak_name":"2115无名峰","peak_elev":2115,"peak_lon":112.403766,"peak_lat":40.678725,"base_elev":1790,"distance_m":929.1,"vertical_relief_m":325.0,"max_jut":107.2089,"search_radius_m":1125,"elev_angle_deg":19.2799,"is_expanded":false}},{"type":"Feature","geometry":{"type":"Point","coordinates":[112.62488635779464,39.118621267203366]},"properties":{"peak_name":"2116无名峰(1)","peak_elev":2116,"peak_lon":112.6440200805664,"peak_lat":39.11538696289063,"base_elev":1497,"distance_m":1693.3,"vertical_relief_m":619.0,"max_jut":212.9518,"search_radius_m":2000,"elev_angle_deg":20.0803,"is_expanded":false}},{"type":"Feature","geometry":{"type":"Point","coordinates":[112.71355007633724,39.12805357768662]},"properties":{"peak_name":"2117无名峰(2)","peak_elev":2117,"peak_lon":112.709238,"peak_lat":39.13371276855469,"base_elev":1683,"distance_m":730.6,"vertical_relief_m":434.0,"max_jut":221.5698,"search_radius_m":1875,"elev_angle_deg":30.7117,"is_expanded":false}},{"type":"Feature","geometry":{"type":"Point","coordinates":[112.72783328935472,39.13425195314704]},"properties":{"peak_name":"2119无名峰","peak_elev":2119,"peak_lon":112.717188,"peak_lat":39.138025,"base_elev":1597,"distance_m":1011.2,"vertical_relief_m":522.0,"max_jut":239.7758,"search_radius_m":1750,"elev_angle_deg":27.3036,"is_expanded":false}},{"type":"Feature","geometry":{"type":"Point","coordinates":[112.56802300030986,40.629407912035575]},"properties":{"peak_name":"2120无名峰(1)","peak_elev":2120,"peak_lon":112.552572,"peak_lat":40.648452,"base_elev":1450,"distance_m":2486.1,"vertical_relief_m":670.0,"max_jut":174.3072,"search_radius_m":2500,"elev_angle_deg":15.0828,"is_expanded":false}},{"type":"Feature","geometry":{"type":"Point","coordinates":[111.29250512838856,40.95360989807431]},"properties":{"peak_name":"2121无名峰","peak_elev":2121,"peak_lon":111.280108,"peak_lat":40.968702,"base_elev":1661,"distance_m":1974.4,"vertical_relief_m":460.0,"max_jut":104.359,"search_radius_m":6250,"elev_angle_deg":13.1149,"is_expanded":false}},{"type":"Feature","geometry":{"type":"Point","coordinates":[112.45914718787458,40.60488390477912]},"properties":{"peak_name":"2122无名峰","peak_elev":2122,"peak_lon":112.462112,"peak_lat":40.617820739746094,"base_elev":1640,"distance_m":1458.3,"vertical_relief_m":482.0,"max_jut":151.0938,"search_radius_m":3750,"elev_angle_deg":18.2898,"is_expanded":false}},{"type":"Feature","geometry":{"type":"Point","coordinates":[112.57610783786694,39.1188907617886]},"properties":{"peak_name":"2123无名峰","peak_elev":2123,"peak_lon":112.581228,"peak_lat":39.077389,"base_elev":1290,"distance_m":4628.7,"vertical_relief_m":833.0,"max_jut":147.3179,"search_radius_m":9250,"elev_angle_deg":10.202,"is_expanded":true}},{"type":"Feature","geometry":{"type":"Point","coordinates":[112.13494520183583,41.1091082737554]},"properties":{"peak_name":"2124无名峰","peak_elev":2124,"peak_lon":112.151654,"peak_lat":41.131072,"base_elev":1627,"distance_m":2814.1,"vertical_relief_m":497.0,"max_jut":86.4177,"search_radius_m":3750,"elev_angle_deg":10.0158,"is_expanded":false}},{"type":"Feature","geometry":{"type":"Point","coordinates":[111.16314772747536,40.87491747918544]},"properties":{"peak_name":"2125无名峰","peak_elev":2125,"peak_lon":111.168538,"peak_lat":40.87868881225586,"base_elev":1818,"distance_m":617.9,"vertical_relief_m":307.0,"max_jut":136.6817,"search_radius_m":625,"elev_angle_deg":26.4202,"is_expanded":false}},{"type":"Feature","geometry":{"type":"Point","coordinates":[112.06649357718594,41.04954997041828]},"properties":{"peak_name":"2127无名峰","peak_elev":2127,"peak_lon":112.069862,"peak_lat":41.059252,"base_elev":1621,"distance_m":1114.1,"vertical_relief_m":506.0,"max_jut":209.0773,"search_radius_m":1125,"elev_angle_deg":24.4265,"is_expanded":false}},{"type":"Feature","geometry":{"type":"Point","coordinates":[112.5758383432817,39.1188907617886]},"properties":{"peak_name":"2129无名峰","peak_elev":2129,"peak_lon":112.574626,"peak_lat":39.076041,"base_elev":1290,"distance_m":4758.3,"vertical_relief_m":839.0,"max_jut":145.4649,"search_radius_m":7750,"elev_angle_deg":9.9998,"is_expanded":true}},{"type":"Feature","geometry":{"type":"Point","coordinates":[112.89357245927478,39.23692939012191]},"properties":{"peak_name":"2130无名峰","peak_elev":2130,"peak_lon":112.916749,"peak_lat":39.243667,"base_elev":1270,"distance_m":2136.1,"vertical_relief_m":860.0,"max_jut":321.7352,"search_radius_m":3500,"elev_angle_deg":21.9299,"is_expanded":false}},{"type":"Feature","geometry":{"type":"Point","coordinates":[112.31847101438146,39.39350574414394]},"properties":{"peak_name":"2131无名峰","peak_elev":2131,"peak_lon":112.230436,"peak_lat":39.413808,"base_elev":1296,"distance_m":7910.6,"vertical_relief_m":835.0,"max_jut":87.8491,"search_radius_m":11000,"elev_angle_deg":6.0255,"is_expanded":true}},{"type":"Feature","geometry":{"type":"Point","coordinates":[111.13134736641751,40.888122713862]},"properties":{"peak_name":"2132无名峰","peak_elev":2132,"peak_lon":111.139432,"peak_lat":40.892435,"base_elev":1675,"distance_m":832.8,"vertical_relief_m":457.0,"max_jut":220.0746,"search_radius_m":875,"elev_angle_deg":28.7558,"is_expanded":false}},{"type":"Feature","geometry":{"type":"Point","coordinates":[112.69953635790496,39.136946898999405]},"properties":{"peak_name":"2135无名峰","peak_elev":2135,"peak_lon":112.701692,"peak_lat":39.131288,"base_elev":1711,"distance_m":655.3,"vertical_relief_m":424.0,"max_jut":230.1247,"search_radius_m":1750,"elev_angle_deg":32.9042,"is_expanded":false}},{"type":"Feature","geometry":{"type":"Point","coordinates":[112.74535043739506,39.14691819865313]},"properties":{"peak_name":"2136无名峰(2)","peak_elev":2136,"peak_lon":112.736188,"peak_lat":39.14988327026367,"base_elev":1595,"distance_m":857.7,"vertical_relief_m":541.0,"max_jut":289.0016,"search_radius_m":2250,"elev_angle_deg":32.242,"is_expanded":false}},{"type":"Feature","geometry":{"type":"Point","coordinates":[112.7539742641226,39.039659353729256]},"properties":{"peak_name":"2137无名峰","peak_elev":2137,"peak_lon":112.6950912475586,"peak_lat":39.0682258605957,"base_elev":1102,"distance_m":6003.0,"vertical_relief_m":1035.0,"max_jut":176.1024,"search_radius_m":16500,"elev_angle_deg":9.7824,"is_expanded":true}},{"type":"Feature","geometry":{"type":"Point","coordinates":[111.35044646421429,40.859556287827]},"properties":{"peak_name":"2138无名峰(1)","peak_elev":2138,"peak_lon":111.360957,"peak_lat":40.866024017333984,"base_elev":1491,"distance_m":1140.7,"vertical_relief_m":647.0,"max_jut":319.4662,"search_radius_m":2750,"elev_angle_deg":29.5617,"is_expanded":false}},{"type":"Feature","geometry":{"type":"Point","coordinates":[112.71759249511577,39.07469364980992]},"properties":{"peak_name":"2140无名峰","peak_elev":2140,"peak_lon":112.710047,"peak_lat":39.079275,"base_elev":1678,"distance_m":827.6,"vertical_relief_m":462.0,"max_jut":225.3454,"search_radius_m":15500,"elev_angle_deg":29.172,"is_expanded":true}},{"type":"Feature","geometry":{"type":"Point","coordinates":[111.19306162643652,40.862790222849824]},"properties":{"peak_name":"2141无名峰","peak_elev":2141,"peak_lon":111.184168,"peak_lat":40.862789154052734,"base_elev":1727,"distance_m":749.8,"vertical_relief_m":414.0,"max_jut":200.5001,"search_radius_m":1000,"elev_angle_deg":28.9052,"is_expanded":false}},{"type":"Feature","geometry":{"type":"Point","coordinates":[112.69360747702976,39.13640790982893]},"properties":{"peak_name":"2143无名峰","peak_elev":2143,"peak_lon":112.696572,"peak_lat":39.129671,"base_elev":1691,"distance_m":790.6,"vertical_relief_m":452.0,"max_jut":224.1371,"search_radius_m":1500,"elev_angle_deg":29.7574,"is_expanded":false}},{"type":"Feature","geometry":{"type":"Point","coordinates":[112.20770873984952,39.02133372193322]},"properties":{"peak_name":"2145无名峰","peak_elev":2145,"peak_lon":112.215524,"peak_lat":39.019582,"base_elev":1848,"distance_m":704.2,"vertical_relief_m":297.0,"max_jut":115.625,"search_radius_m":8000,"elev_angle_deg":22.8678,"is_expanded":false}},{"type":"Feature","geometry":{"type":"Point","coordinates":[111.18740224014655,40.869527587480725]},"properties":{"peak_name":"2147无名峰","peak_elev":2147,"peak_lon":111.179317,"peak_lat":40.86858367919922,"base_elev":1794,"distance_m":689.6,"vertical_relief_m":353.0,"max_jut":161.16,"search_radius_m":750,"elev_angle_deg":27.1075,"is_expanded":false}},{"type":"Feature","geometry":{"type":"Point","coordinates":[112.6216524227718,39.10406855960063]},"properties":{"peak_name":"2148无名峰","peak_elev":2148,"peak_lon":112.621248,"peak_lat":39.086012,"base_elev":1581,"distance_m":2004.9,"vertical_relief_m":567.0,"max_jut":154.0721,"search_radius_m":18000,"elev_angle_deg":15.7913,"is_expanded":true}},{"type":"Feature","geometry":{"type":"Point","coordinates":[112.07915982269202,41.04793300290686]},"properties":{"peak_name":"2149无名峰","peak_elev":2149,"peak_lon":112.090748,"peak_lat":41.04402542114258,"base_elev":1668,"distance_m":1066.6,"vertical_relief_m":481.0,"max_jut":198.0554,"search_radius_m":2000,"elev_angle_deg":24.2737,"is_expanded":false}},{"type":"Feature","geometry":{"type":"Point","coordinates":[112.91082011272988,39.2962181988738]},"properties":{"peak_name":"2150无名峰","peak_elev":2150,"peak_lon":112.93992614746094,"peak_lat":39.278701,"base_elev":1145,"distance_m":3176.1,"vertical_relief_m":1005.0,"max_jut":303.4281,"search_radius_m":5250,"elev_angle_deg":17.5587,"is_expanded":false}},{"type":"Feature","geometry":{"type":"Point","coordinates":[112.05167137499797,41.030685349451765]},"properties":{"peak_name":"2151无名峰(3)","peak_elev":2151,"peak_lon":112.031369,"peak_lat":41.03086471557617,"base_elev":1522,"distance_m":1707.5,"vertical_relief_m":629.0,"max_jut":217.92,"search_radius_m":2750,"elev_angle_deg":20.2225,"is_expanded":false}},{"type":"Feature","geometry":{"type":"Point","coordinates":[111.2386062113414,40.81886260545638]},"properties":{"peak_name":"2152无名峰","peak_elev":2152,"peak_lon":111.252889,"peak_lat":40.833146,"base_elev":1236,"distance_m":1991.9,"vertical_relief_m":916.0,"max_jut":382.7556,"search_radius_m":2500,"elev_angle_deg":24.6959,"is_expanded":false}},{"type":"Feature","geometry":{"type":"Point","coordinates":[111.30005097677515,40.902675421464735]},"properties":{"peak_name":"2153无名峰(2)","peak_elev":2153,"peak_lon":111.289271,"peak_lat":40.886775,"base_elev":1404,"distance_m":1985.8,"vertical_relief_m":749.0,"max_jut":264.2178,"search_radius_m":2750,"elev_angle_deg":20.6654,"is_expanded":false}},{"type":"Feature","geometry":{"type":"Point","coordinates":[111.29897299843422,40.875186973770674]},"properties":{"peak_name":"2154无名峰","peak_elev":2154,"peak_lon":111.297895,"peak_lat":40.882598,"base_elev":1602,"distance_m":828.0,"vertical_relief_m":552.0,"max_jut":305.9292,"search_radius_m":2750,"elev_angle_deg":33.6901,"is_expanded":false}},{"type":"Feature","geometry":{"type":"Point","coordinates":[112.66261559972766,39.11673480510672]},"properties":{"peak_name":"2156无名峰","peak_elev":2156,"peak_lon":112.673934,"peak_lat":39.110536,"base_elev":1671,"distance_m":1196.6,"vertical_relief_m":485.0,"max_jut":182.3522,"search_radius_m":1500,"elev_angle_deg":22.0635,"is_expanded":false}},{"type":"Feature","geometry":{"type":"Point","coordinates":[112.7733778742596,39.0798140469294]},"properties":{"peak_name":"2157无名峰","peak_elev":2157,"peak_lon":112.71867370605467,"peak_lat":39.10191345214844,"base_elev":1257,"distance_m":5330.9,"vertical_relief_m":900.0,"max_jut":150.0747,"search_radius_m":15500,"elev_angle_deg":9.5827,"is_expanded":true}},{"type":"Feature","geometry":{"type":"Point","coordinates":[112.68606162864316,39.136946898999405]},"properties":{"peak_name":"2158无名峰","peak_elev":2158,"peak_lon":112.686601,"peak_lat":39.124281,"base_elev":1634,"distance_m":1406.9,"vertical_relief_m":524.0,"max_jut":182.6337,"search_radius_m":2250,"elev_angle_deg":20.4278,"is_expanded":false}},{"type":"Feature","geometry":{"type":"Point","coordinates":[112.13871812602916,41.09159112571507]},"properties":{"peak_name":"2159无名峰","peak_elev":2159,"peak_lon":112.120931,"peak_lat":41.08673858642578,"base_elev":1664,"distance_m":1588.7,"vertical_relief_m":495.0,"max_jut":147.5295,"search_radius_m":3000,"elev_angle_deg":17.3058,"is_expanded":false}},{"type":"Feature","geometry":{"type":"Point","coordinates":[112.98223617781738,39.30592000394228]},"properties":{"peak_name":"2160无名峰","peak_elev":2160,"peak_lon":112.989647,"peak_lat":39.270616,"base_elev":1296,"distance_m":3971.3,"vertical_relief_m":864.0,"max_jut":183.4192,"search_radius_m":14000,"elev_angle_deg":12.2741,"is_expanded":true}},{"type":"Feature","geometry":{"type":"Point","coordinates":[112.1120381620908,41.04469906788403]},"properties":{"peak_name":"2163","peak_elev":2165,"peak_lon":112.123087,"peak_lat":41.053053,"base_elev":1620,"distance_m":1312.9,"vertical_relief_m":545.0,"max_jut":209.0764,"search_radius_m":1750,"elev_angle_deg":22.5439,"is_expanded":false}},{"type":"Feature","geometry":{"type":"Point","coordinates":[111.28738473126909,40.859556287827]},"properties":{"peak_name":"2168无名峰","peak_elev":2168,"peak_lon":111.277952,"peak_lat":40.856592,"base_elev":1636,"distance_m":860.8,"vertical_relief_m":532.0,"max_jut":280.0961,"search_radius_m":1625,"elev_angle_deg":31.7173,"is_expanded":false}},{"type":"Feature","geometry":{"type":"Point","coordinates":[112.23870061715164,39.452794552895824]},"properties":{"peak_name":"2169无名峰","peak_elev":2169,"peak_lon":112.208787,"peak_lat":39.434738,"base_elev":1593,"distance_m":3263.4,"vertical_relief_m":576.0,"max_jut":100.2034,"search_radius_m":11000,"elev_angle_deg":10.0098,"is_expanded":true}},{"type":"Feature","geometry":{"type":"Point","coordinates":[112.66692751309142,39.11107541881676]},"properties":{"peak_name":"2170无名峰","peak_elev":2170,"peak_lon":112.667332,"peak_lat":39.106764,"base_elev":1850,"distance_m":479.9,"vertical_relief_m":320.0,"max_jut":177.331,"search_radius_m":750,"elev_angle_deg":33.6956,"is_expanded":true}},{"type":"Feature","geometry":{"type":"Point","coordinates":[111.28495928000196,40.90186693770902]},"properties":{"peak_name":"2174无名峰","peak_elev":2174,"peak_lon":111.280513,"peak_lat":40.887584,"base_elev":1584,"distance_m":1629.8,"vertical_relief_m":590.0,"max_jut":200.6365,"search_radius_m":1750,"elev_angle_deg":19.9006,"is_expanded":false}},{"type":"Feature","geometry":{"type":"Point","coordinates":[112.33949159202986,40.612968742336186]},"properties":{"peak_name":"2175无名峰","peak_elev":2175,"peak_lon":112.325747,"peak_lat":40.600976,"base_elev":1658,"distance_m":1768.3,"vertical_relief_m":517.0,"max_jut":145.126,"search_radius_m":3500,"elev_angle_deg":16.2974,"is_expanded":false}},{"type":"Feature","geometry":{"type":"Point","coordinates":[112.72864177311044,39.0693037581052]},"properties":{"peak_name":"2177无名峰","peak_elev":2177,"peak_lon":112.721904,"peak_lat":39.088168,"base_elev":1480,"distance_m":2173.9,"vertical_relief_m":697.0,"max_jut":212.5528,"search_radius_m":14500,"elev_angle_deg":17.777,"is_expanded":true}},{"type":"Feature","geometry":{"type":"Point","coordinates":[112.35269682670642,40.60434491560864]},"properties":{"peak_name":"2180无名峰","peak_elev":2180,"peak_lon":112.31900787353516,"peak_lat":40.59114074707031,"base_elev":1604,"distance_m":3206.5,"vertical_relief_m":576.0,"max_jut":102.0031,"search_radius_m":5250,"elev_angle_deg":10.1837,"is_expanded":true}},{"type":"Feature","geometry":{"type":"Point","coordinates":[112.74588942656553,39.09598372204355]},"properties":{"peak_name":"2181无名峰","peak_elev":2181,"peak_lon":112.728372,"peak_lat":39.100026,"base_elev":1593,"distance_m":1580.4,"vertical_relief_m":588.0,"max_jut":205.4228,"search_radius_m":14500,"elev_angle_deg":20.4081,"is_expanded":true}},{"type":"Feature","geometry":{"type":"Point","coordinates":[112.7561302208045,39.038042386217846]},"properties":{"peak_name":"2183无名峰","peak_elev":2183,"peak_lon":112.679594,"peak_lat":39.07118988037109,"base_elev":1083,"distance_m":7578.4,"vertical_relief_m":1100.0,"max_jut":158.2675,"search_radius_m":17500,"elev_angle_deg":8.2588,"is_expanded":true}},{"type":"Feature","geometry":{"type":"Point","coordinates":[111.01061379223184,40.96870159484752]},"properties":{"peak_name":"2188无名峰","peak_elev":2188,"peak_lon":111.013039,"peak_lat":40.97274398803711,"base_elev":1956,"distance_m":493.2,"vertical_relief_m":232.0,"max_jut":98.7099,"search_radius_m":625,"elev_angle_deg":25.1922,"is_expanded":false}},{"type":"Feature","geometry":{"type":"Point","coordinates":[111.33131234866252,40.85227993402563]},"properties":{"peak_name":"2192无名峰","peak_elev":2192,"peak_lon":111.363382,"peak_lat":40.84015274047852,"base_elev":1229,"distance_m":3021.2,"vertical_relief_m":963.0,"max_jut":292.9102,"search_radius_m":4500,"elev_angle_deg":17.6796,"is_expanded":false}},{"type":"Feature","geometry":{"type":"Point","coordinates":[112.13844863144392,41.101023436198325]},"properties":{"peak_name":"2195无名峰","peak_elev":2195,"peak_lon":112.107457,"peak_lat":41.096981,"base_elev":1594,"distance_m":2642.0,"vertical_relief_m":601.0,"max_jut":133.6172,"search_radius_m":2750,"elev_angle_deg":12.8155,"is_expanded":false}},{"type":"Feature","geometry":{"type":"Point","coordinates":[111.12541848554233,40.88219383298681]},"properties":{"peak_name":"2199无名峰","peak_elev":2199,"peak_lon":111.110595703125,"peak_lat":40.890009,"base_elev":1556,"distance_m":1521.1,"vertical_relief_m":643.0,"max_jut":250.6379,"search_radius_m":1625,"elev_angle_deg":22.9148,"is_expanded":false}},{"type":"Feature","geometry":{"type":"Point","coordinates":[112.7561302208045,39.038042386217846]},"properties":{"peak_name":"2203无名峰(2)","peak_elev":2203,"peak_lon":112.711529,"peak_lat":39.098140716552734,"base_elev":1083,"distance_m":7708.1,"vertical_relief_m":1120.0,"max_jut":160.972,"search_radius_m":15500,"elev_angle_deg":8.2673,"is_expanded":true}},{"type":"Feature","geometry":{"type":"Point","coordinates":[111.022202059397,40.9633117031428]},"properties":{"peak_name":"2207无名峰","peak_elev":2207,"peak_lon":111.02327728271484,"peak_lat":40.971531,"base_elev":1887,"distance_m":917.3,"vertical_relief_m":320.0,"max_jut":105.2908,"search_radius_m":1875,"elev_angle_deg":19.2313,"is_expanded":false}},{"type":"Feature","geometry":{"type":"Point","coordinates":[111.19872101272648,40.896207551419074]},"properties":{"peak_name":"2208无名峰","peak_elev":2208,"peak_lon":111.190906,"peak_lat":40.893243,"base_elev":1894,"distance_m":736.3,"vertical_relief_m":314.0,"max_jut":123.3633,"search_radius_m":750,"elev_angle_deg":23.0961,"is_expanded":false}},{"type":"Feature","geometry":{"type":"Point","coordinates":[111.12568798012757,40.881654843816335]},"properties":{"peak_name":"2209无名峰(1)","peak_elev":2209,"peak_lon":111.106015,"peak_lat":40.88731384277344,"base_elev":1547,"distance_m":1773.2,"vertical_relief_m":662.0,"max_jut":231.9703,"search_radius_m":2000,"elev_angle_deg":20.4724,"is_expanded":false}},{"type":"Feature","geometry":{"type":"Point","coordinates":[112.08131577937392,41.0519754216854]},"properties":{"peak_name":"2213无名峰","peak_elev":2213,"peak_lon":112.090209,"peak_lat":41.05916213989258,"base_elev":1726,"distance_m":1093.6,"vertical_relief_m":487.0,"max_jut":198.2086,"search_radius_m":1375,"elev_angle_deg":24.0043,"is_expanded":false}},{"type":"Feature","geometry":{"type":"Point","coordinates":[111.33131234866252,40.85227993402563]},"properties":{"peak_name":"2216无名峰(1)","peak_elev":2216,"peak_lon":111.369311,"peak_lat":40.842668,"base_elev":1229,"distance_m":3377.5,"vertical_relief_m":987.0,"max_jut":277.3875,"search_radius_m":5000,"elev_angle_deg":16.2898,"is_expanded":false}},{"type":"Feature","geometry":{"type":"Point","coordinates":[111.24507408138705,40.81185574624025]},"properties":{"peak_name":"2224无名峰(1)","peak_elev":2224,"peak_lon":111.275257,"peak_lat":40.831259,"base_elev":1201,"distance_m":3335.6,"vertical_relief_m":1023.0,"max_jut":300.234,"search_radius_m":5000,"elev_angle_deg":17.0503,"is_expanded":false}},{"type":"Feature","geometry":{"type":"Point","coordinates":[111.136467763537,40.86467668494648]},"properties":{"peak_name":"2244无名峰","peak_elev":2244,"peak_lon":111.178509,"peak_lat":40.891896,"base_elev":1446,"distance_m":4657.7,"vertical_relief_m":798.0,"max_jut":134.894,"search_radius_m":8500,"elev_angle_deg":9.722,"is_expanded":false}},{"type":"Feature","geometry":{"type":"Point","coordinates":[111.24507408138705,40.81185574624025]},"properties":{"peak_name":"2245无名峰","peak_elev":2245,"peak_lon":111.26879119873048,"peak_lat":40.836649,"base_elev":1201,"distance_m":3403.5,"vertical_relief_m":1044.0,"max_jut":306.1882,"search_radius_m":5250,"elev_angle_deg":17.053,"is_expanded":false}},{"type":"Feature","geometry":{"type":"Point","coordinates":[112.92052191779835,39.268999245764974]},"properties":{"peak_name":"2246无名峰(2)","peak_elev":2246,"peak_lon":112.9355239868164,"peak_lat":39.254447,"base_elev":1468,"distance_m":2070.4,"vertical_relief_m":778.0,"max_jut":273.6574,"search_radius_m":6250,"elev_angle_deg":20.5949,"is_expanded":true}},{"type":"Feature","geometry":{"type":"Point","coordinates":[112.62515585237986,39.10514653794157]},"properties":{"peak_name":"2248无名峰(2)","peak_elev":2248,"peak_lon":112.639304,"peak_lat":39.090055,"base_elev":1577,"distance_m":2074.9,"vertical_relief_m":671.0,"max_jut":206.4276,"search_radius_m":17000,"elev_angle_deg":17.9206,"is_expanded":true}},{"type":"Feature","geometry":{"type":"Point","coordinates":[111.13161686100275,40.8700665766512]},"properties":{"peak_name":"2250无名峰","peak_elev":2250,"peak_lon":111.165304,"peak_lat":40.904831,"base_elev":1466,"distance_m":4792.2,"vertical_relief_m":784.0,"max_jut":126.5978,"search_radius_m":9500,"elev_angle_deg":9.2912,"is_expanded":true}},{"type":"Feature","geometry":{"type":"Point","coordinates":[111.00306794384524,40.949836973881006]},"properties":{"peak_name":"2261","peak_elev":2261,"peak_lon":111.007784,"peak_lat":40.982042,"base_elev":1696,"distance_m":3598.5,"vertical_relief_m":565.0,"max_jut":87.5336,"search_radius_m":4000,"elev_angle_deg":8.9232,"is_expanded":false}},{"type":"Feature","geometry":{"type":"Point","coordinates":[111.31729863023024,40.840152677690014]},"properties":{"peak_name":"2267无名峰","peak_elev":2267,"peak_lon":111.273102,"peak_lat":40.839883,"base_elev":1203,"distance_m":3727.6,"vertical_relief_m":1064.0,"max_jut":292.7326,"search_radius_m":4750,"elev_angle_deg":15.9308,"is_expanded":false}},{"type":"Feature","geometry":{"type":"Point","coordinates":[112.32871180862044,40.61997560155232]},"properties":{"peak_name":"2271无名峰","peak_elev":2271,"peak_lon":112.315776,"peak_lat":40.614047,"base_elev":1687,"distance_m":1277.4,"vertical_relief_m":584.0,"max_jut":243.1223,"search_radius_m":3750,"elev_angle_deg":24.5689,"is_expanded":false}},{"type":"Feature","geometry":{"type":"Point","coordinates":[111.136467763537,40.86467668494648]},"properties":{"peak_name":"2280","peak_elev":2279,"peak_lon":111.176083,"peak_lat":40.902675,"base_elev":1446,"distance_m":5381.0,"vertical_relief_m":833.0,"max_jut":127.4719,"search_radius_m":8500,"elev_angle_deg":8.7998,"is_expanded":false}},{"type":"Feature","geometry":{"type":"Point","coordinates":[112.8951894267862,39.27438913746969]},"properties":{"peak_name":"2292无名峰","peak_elev":2292,"peak_lon":112.92671966552734,"peak_lat":39.250943,"base_elev":1184,"distance_m":3765.7,"vertical_relief_m":1108.0,"max_jut":312.881,"search_radius_m":4500,"elev_angle_deg":16.3957,"is_expanded":true}},{"type":"Feature","geometry":{"type":"Point","coordinates":[112.13844863144392,39.00947596018284]},"properties":{"peak_name":"2309无名峰","peak_elev":2309,"peak_lon":112.150845,"peak_lat":39.00570297241211,"base_elev":1866,"distance_m":1152.5,"vertical_relief_m":443.0,"max_jut":159.1996,"search_radius_m":2750,"elev_angle_deg":21.0259,"is_expanded":false}},{"type":"Feature","geometry":{"type":"Point","coordinates":[112.92914574452593,39.31319635774365]},"properties":{"peak_name":"2316无名峰","peak_elev":2316,"peak_lon":112.952322,"peak_lat":39.272233,"base_elev":1075,"distance_m":4967.9,"vertical_relief_m":1241.0,"max_jut":300.4926,"search_radius_m":7000,"elev_angle_deg":14.0257,"is_expanded":true}},{"type":"Feature","geometry":{"type":"Point","coordinates":[111.34667354002096,40.95765231685285]},"properties":{"peak_name":"凤凰山1983","peak_elev":1981,"peak_lon":111.32215118408205,"peak_lat":40.963312,"base_elev":1403,"distance_m":2158.0,"vertical_relief_m":578.0,"max_jut":149.8593,"search_radius_m":2500,"elev_angle_deg":14.9942,"is_expanded":false}},{"type":"Feature","geometry":{"type":"Point","coordinates":[112.66234610514242,39.52555809090951]},"properties":{"peak_name":"富汉梁1880","peak_elev":1878,"peak_lon":112.651701,"peak_lat":39.52097702026367,"base_elev":1612,"distance_m":1047.1,"vertical_relief_m":266.0,"max_jut":65.5836,"search_radius_m":1250,"elev_angle_deg":14.2536,"is_expanded":false}},{"type":"Feature","geometry":{"type":"Point","coordinates":[112.56371108694609,39.56328733284253]},"properties":{"peak_name":"洪涛山1947","peak_elev":1944,"peak_lon":112.581632,"peak_lat":39.59400939941406,"base_elev":1356,"distance_m":3742.4,"vertical_relief_m":588.0,"max_jut":91.195,"search_radius_m":4250,"elev_angle_deg":8.9292,"is_expanded":false}},{"type":"Feature","geometry":{"type":"Point","coordinates":[112.98978202620398,39.8457176581697]},"properties":{"peak_name":"清凉山1643","peak_elev":1644,"peak_lon":112.987087,"peak_lat":39.84975814819336,"base_elev":1303,"distance_m":504.4,"vertical_relief_m":341.0,"max_jut":190.8899,"search_radius_m":875,"elev_angle_deg":34.0607,"is_expanded":false}},{"type":"Feature","geometry":{"type":"Point","coordinates":[112.32008798189288,40.63668426583694]},"properties":{"peak_name":"蛮汉山2305","peak_elev":2298,"peak_lon":112.307422,"peak_lat":40.610543,"base_elev":1506,"distance_m":3094.4,"vertical_relief_m":792.0,"max_jut":196.214,"search_radius_m":4500,"elev_angle_deg":14.3564,"is_expanded":false}},{"type":"Feature","geometry":{"type":"Point","coordinates":[112.92941523911117,39.31346585232889]},"properties":{"peak_name":"馒头山2426","peak_elev":2421,"peak_lon":112.962833,"peak_lat":39.266574,"base_elev":1073,"distance_m":5951.0,"vertical_relief_m":1348.0,"max_jut":297.6032,"search_radius_m":8500,"elev_angle_deg":12.7631,"is_expanded":true}},{"type":"Feature","geometry":{"type":"Point","coordinates":[112.79709339776036,39.08897686282742]},"properties":{"peak_name":"高家沟山2097","peak_elev":2094,"peak_lon":112.776881,"peak_lat":39.121316,"base_elev":1196,"distance_m":3993.3,"vertical_relief_m":898.0,"max_jut":196.874,"search_radius_m":4250,"elev_angle_deg":12.6737,"is_expanded":false}},{"type":"Feature","geometry":{"type":"Point","coordinates":[112.59416397507776,39.46330484172002]},"properties":{"peak_name":"鹰毛山1666","peak_elev":1666,"peak_lon":112.595242,"peak_lat":39.45387268066406,"base_elev":1330,"distance_m":1051.3,"vertical_relief_m":336.0,"max_jut":102.1501,"search_radius_m":1250,"elev_angle_deg":17.7241,"is_expanded":false}},{"type":"Feature","geometry":{"type":"Point","coordinates":[112.24921090597584,39.42261115934941]},"properties":{"peak_name":"黑坨山2147","peak_elev":2148,"peak_lon":112.245977,"peak_lat":39.414796,"base_elev":1805,"distance_m":911.3,"vertical_relief_m":343.0,"max_jut":120.7053,"search_radius_m":8750,"elev_angle_deg":20.6256,"is_expanded":false}}]}