{"type":"FeatureCollection","features":[{"type":"Feature","geometry":{"type":"Point","coordinates":[113.09731036571308,34.64474165770291]},"properties":{"peak_name":"1014无名峰(2)","peak_elev":1014,"peak_lon":113.093268,"peak_lat":34.636926,"base_elev":539,"distance_m":942.9,"vertical_relief_m":475.0,"max_jut":213.4182,"search_radius_m":1250,"elev_angle_deg":26.7374,"is_expanded":false}},{"type":"Feature","geometry":{"type":"Point","coordinates":[113.13288365096422,34.627763498833055]},"properties":{"peak_name":"1015无名峰","peak_elev":1015,"peak_lon":113.133153,"peak_lat":34.63099670410156,"base_elev":764,"distance_m":359.5,"vertical_relief_m":251.0,"max_jut":143.4585,"search_radius_m":875,"elev_angle_deg":34.9224,"is_expanded":false}},{"type":"Feature","geometry":{"type":"Point","coordinates":[112.98789556410732,34.30356151279432]},"properties":{"peak_name":"1026无名峰","peak_elev":1026,"peak_lon":112.982236,"peak_lat":34.297902,"base_elev":600,"distance_m":815.8,"vertical_relief_m":426.0,"max_jut":197.0947,"search_radius_m":875,"elev_angle_deg":27.573,"is_expanded":false}},{"type":"Feature","geometry":{"type":"Point","coordinates":[112.38773112278707,33.64491674647788]},"properties":{"peak_name":"1028无名峰","peak_elev":1028,"peak_lon":112.385575,"peak_lat":33.640874,"base_elev":681,"distance_m":491.0,"vertical_relief_m":347.0,"max_jut":200.0359,"search_radius_m":500,"elev_angle_deg":35.2497,"is_expanded":false}},{"type":"Feature","geometry":{"type":"Point","coordinates":[111.67976884737249,33.99984111523351]},"properties":{"peak_name":"1038无名峰(1)","peak_elev":1038,"peak_lon":111.683003,"peak_lat":34.006848,"base_elev":533,"distance_m":832.7,"vertical_relief_m":505.0,"max_jut":261.5206,"search_radius_m":1125,"elev_angle_deg":31.2352,"is_expanded":false}},{"type":"Feature","geometry":{"type":"Point","coordinates":[111.2658251644502,33.452767107204714]},"properties":{"peak_name":"1041无名峰","peak_elev":1041,"peak_lon":111.270946,"peak_lat":33.456539154052734,"base_elev":659,"distance_m":633.8,"vertical_relief_m":382.0,"max_jut":197.2069,"search_radius_m":1250,"elev_angle_deg":31.0779,"is_expanded":false}},{"type":"Feature","geometry":{"type":"Point","coordinates":[111.75522733123852,33.465433352710804]},"properties":{"peak_name":"1042无名峰","peak_elev":1042,"peak_lon":111.747681,"peak_lat":33.471093,"base_elev":552,"distance_m":941.3,"vertical_relief_m":490.0,"max_jut":226.2588,"search_radius_m":1000,"elev_angle_deg":27.4995,"is_expanded":false}},{"type":"Feature","geometry":{"type":"Point","coordinates":[111.4754919517637,33.48160302782495]},"properties":{"peak_name":"1048无名峰","peak_elev":1048,"peak_lon":111.488832,"peak_lat":33.486454010009766,"base_elev":322,"distance_m":1351.5,"vertical_relief_m":726.0,"max_jut":343.9337,"search_radius_m":1875,"elev_angle_deg":28.2438,"is_expanded":false}},{"type":"Feature","geometry":{"type":"Point","coordinates":[112.09991090575518,33.61958425546571]},"properties":{"peak_name":"1053无名峰","peak_elev":1053,"peak_lon":112.102067,"peak_lat":33.629825,"base_elev":480,"distance_m":1153.3,"vertical_relief_m":573.0,"max_jut":254.4606,"search_radius_m":1250,"elev_angle_deg":26.4198,"is_expanded":false}},{"type":"Feature","geometry":{"type":"Point","coordinates":[113.0296672248189,34.29305122397012]},"properties":{"peak_name":"1056无名峰","peak_elev":1056,"peak_lon":113.025625,"peak_lat":34.296285,"base_elev":605,"distance_m":516.9,"vertical_relief_m":451.0,"max_jut":296.5073,"search_radius_m":1125,"elev_angle_deg":41.105,"is_expanded":false}},{"type":"Feature","geometry":{"type":"Point","coordinates":[111.93336325207945,33.33634544638283]},"properties":{"peak_name":"1061无名峰(1)","peak_elev":1061,"peak_lon":111.9295883178711,"peak_lat":33.32313919067383,"base_elev":453,"distance_m":1506.3,"vertical_relief_m":608.0,"max_jut":227.1221,"search_radius_m":2250,"elev_angle_deg":21.9809,"is_expanded":false}},{"type":"Feature","geometry":{"type":"Point","coordinates":[112.95959863265756,34.478463498612385]},"properties":{"peak_name":"1062无名峰(2)","peak_elev":1062,"peak_lon":112.955691,"peak_lat":34.480889,"base_elev":623,"distance_m":448.6,"vertical_relief_m":439.0,"max_jut":307.1282,"search_radius_m":625,"elev_angle_deg":44.3803,"is_expanded":false}},{"type":"Feature","geometry":{"type":"Point","coordinates":[111.43911018275686,33.635214941409394]},"properties":{"peak_name":"1070无名峰","peak_elev":1070,"peak_lon":111.436415,"peak_lat":33.637371,"base_elev":795,"distance_m":346.0,"vertical_relief_m":275.0,"max_jut":171.1003,"search_radius_m":500,"elev_angle_deg":38.4776,"is_expanded":false}},{"type":"Feature","geometry":{"type":"Point","coordinates":[111.57897787249428,33.451150139693304]},"properties":{"peak_name":"1075无名峰","peak_elev":1075,"peak_lon":111.581134,"peak_lat":33.44063949584961,"base_elev":496,"distance_m":1182.9,"vertical_relief_m":579.0,"max_jut":254.0582,"search_radius_m":2000,"elev_angle_deg":26.0806,"is_expanded":false}},{"type":"Feature","geometry":{"type":"Point","coordinates":[111.48142083263888,33.55274959832722]},"properties":{"peak_name":"1081无名峰","peak_elev":1081,"peak_lon":111.470641,"peak_lat":33.552211,"base_elev":495,"distance_m":1002.9,"vertical_relief_m":586.0,"max_jut":296.111,"search_radius_m":1250,"elev_angle_deg":30.298,"is_expanded":false}},{"type":"Feature","geometry":{"type":"Point","coordinates":[112.61518455272612,33.54466476077015]},"properties":{"peak_name":"1084无名峰","peak_elev":1084,"peak_lon":112.594433,"peak_lat":33.546821,"base_elev":492,"distance_m":1942.1,"vertical_relief_m":592.0,"max_jut":172.9479,"search_radius_m":4750,"elev_angle_deg":16.9525,"is_expanded":false}},{"type":"Feature","geometry":{"type":"Point","coordinates":[112.78038473347571,34.46795320978819]},"properties":{"peak_name":"1086无名峰","peak_elev":1086,"peak_lon":112.786448,"peak_lat":34.467145,"base_elev":629,"distance_m":564.2,"vertical_relief_m":457.0,"max_jut":287.9942,"search_radius_m":1125,"elev_angle_deg":39.0073,"is_expanded":false}},{"type":"Feature","geometry":{"type":"Point","coordinates":[111.43021686144408,33.59748569947637]},"properties":{"peak_name":"1091无名峰","peak_elev":1091,"peak_lon":111.421863,"peak_lat":33.603684,"base_elev":513,"distance_m":1036.3,"vertical_relief_m":578.0,"max_jut":281.5814,"search_radius_m":1375,"elev_angle_deg":29.1507,"is_expanded":false}},{"type":"Feature","geometry":{"type":"Point","coordinates":[112.57772480537837,33.63656241433557]},"properties":{"peak_name":"1093无名峰","peak_elev":1093,"peak_lon":112.588505,"peak_lat":33.628478,"base_elev":436,"distance_m":1343.3,"vertical_relief_m":657.0,"max_jut":288.6689,"search_radius_m":2000,"elev_angle_deg":26.063,"is_expanded":false}},{"type":"Feature","geometry":{"type":"Point","coordinates":[112.96633599728848,34.46714472603248]},"properties":{"peak_name":"1102无名峰","peak_elev":1102,"peak_lon":112.958655,"peak_lat":34.46984100341797,"base_elev":564,"distance_m":766.5,"vertical_relief_m":538.0,"max_jut":309.4054,"search_radius_m":1250,"elev_angle_deg":35.0647,"is_expanded":false}},{"type":"Feature","geometry":{"type":"Point","coordinates":[112.56425007611656,33.56649382217425]},"properties":{"peak_name":"1103无名峰","peak_elev":1103,"peak_lon":112.573054,"peak_lat":33.5704460144043,"base_elev":547,"distance_m":927.6,"vertical_relief_m":556.0,"max_jut":286.0923,"search_radius_m":1750,"elev_angle_deg":30.9383,"is_expanded":false}},{"type":"Feature","geometry":{"type":"Point","coordinates":[111.42994736685884,33.6217402121476]},"properties":{"peak_name":"1104无名峰","peak_elev":1104,"peak_lon":111.42321014404295,"peak_lat":33.621471,"base_elev":718,"distance_m":625.9,"vertical_relief_m":386.0,"max_jut":202.9369,"search_radius_m":875,"elev_angle_deg":31.6626,"is_expanded":false}},{"type":"Feature","geometry":{"type":"Point","coordinates":[111.98672317995612,33.992834256017375]},"properties":{"peak_name":"1106无名峰","peak_elev":1106,"peak_lon":111.978908,"peak_lat":33.993373,"base_elev":670,"distance_m":724.5,"vertical_relief_m":436.0,"max_jut":225.1589,"search_radius_m":1000,"elev_angle_deg":31.0393,"is_expanded":false}},{"type":"Feature","geometry":{"type":"Point","coordinates":[112.60494375848718,33.55975645754335]},"properties":{"peak_name":"1107无名峰","peak_elev":1107,"peak_lon":112.592278,"peak_lat":33.551806,"base_elev":560,"distance_m":1470.0,"vertical_relief_m":547.0,"max_jut":190.8323,"search_radius_m":4250,"elev_angle_deg":20.4107,"is_expanded":false}},{"type":"Feature","geometry":{"type":"Point","coordinates":[112.19638996726962,34.04619418389407]},"properties":{"peak_name":"1114无名峰","peak_elev":1114,"peak_lon":112.19369506835938,"peak_lat":34.055896,"base_elev":621,"distance_m":1104.6,"vertical_relief_m":493.0,"max_jut":200.5673,"search_radius_m":1125,"elev_angle_deg":24.0519,"is_expanded":false}},{"type":"Feature","geometry":{"type":"Point","coordinates":[111.58517624795468,33.42366169199924]},"properties":{"peak_name":"1118无名峰","peak_elev":1118,"peak_lon":111.593261,"peak_lat":33.432286,"base_elev":555,"distance_m":1216.7,"vertical_relief_m":563.0,"max_jut":236.29,"search_radius_m":2750,"elev_angle_deg":24.8313,"is_expanded":false}},{"type":"Feature","geometry":{"type":"Point","coordinates":[111.59460855843795,33.4255481540959]},"properties":{"peak_name":"1122无名峰","peak_elev":1122,"peak_lon":111.598247,"peak_lat":33.431208,"base_elev":696,"distance_m":713.1,"vertical_relief_m":426.0,"max_jut":218.2261,"search_radius_m":3250,"elev_angle_deg":30.8537,"is_expanded":false}},{"type":"Feature","geometry":{"type":"Point","coordinates":[112.375064877281,33.58805338899312]},"properties":{"peak_name":"1125无名峰(1)","peak_elev":1125,"peak_lon":112.358626,"peak_lat":33.595869,"base_elev":325,"distance_m":1755.0,"vertical_relief_m":800.0,"max_jut":332.1136,"search_radius_m":2500,"elev_angle_deg":24.5054,"is_expanded":false}},{"type":"Feature","geometry":{"type":"Point","coordinates":[112.0166370789173,33.49750320835387]},"properties":{"peak_name":"1126无名峰","peak_elev":1126,"peak_lon":112.023644,"peak_lat":33.49372863769531,"base_elev":594,"distance_m":774.1,"vertical_relief_m":532.0,"max_jut":301.4707,"search_radius_m":1625,"elev_angle_deg":34.4988,"is_expanded":false}},{"type":"Feature","geometry":{"type":"Point","coordinates":[112.069997006794,33.649498154426894]},"properties":{"peak_name":"1129无名峰","peak_elev":1129,"peak_lon":112.072961,"peak_lat":33.652463,"base_elev":797,"distance_m":428.6,"vertical_relief_m":332.0,"max_jut":203.2225,"search_radius_m":500,"elev_angle_deg":37.7619,"is_expanded":false}},{"type":"Feature","geometry":{"type":"Point","coordinates":[112.5674840111394,33.622548695903305]},"properties":{"peak_name":"1130无名峰","peak_elev":1125,"peak_lon":112.581902,"peak_lat":33.619988,"base_elev":509,"distance_m":1367.7,"vertical_relief_m":616.0,"max_jut":253.3735,"search_radius_m":3500,"elev_angle_deg":24.2464,"is_expanded":false}},{"type":"Feature","geometry":{"type":"Point","coordinates":[112.117967042966,33.64060483311411]},"properties":{"peak_name":"1136无名峰","peak_elev":1136,"peak_lon":112.123087,"peak_lat":33.641143798828125,"base_elev":756,"distance_m":478.7,"vertical_relief_m":380.0,"max_jut":236.551,"search_radius_m":500,"elev_angle_deg":38.4431,"is_expanded":false}},{"type":"Feature","geometry":{"type":"Point","coordinates":[112.03253725944622,33.612307901664344]},"properties":{"peak_name":"1139无名峰","peak_elev":1139,"peak_lon":112.031998,"peak_lat":33.617698,"base_elev":746,"distance_m":599.9,"vertical_relief_m":393.0,"max_jut":214.9765,"search_radius_m":625,"elev_angle_deg":33.2292,"is_expanded":false}},{"type":"Feature","geometry":{"type":"Point","coordinates":[112.49148653810288,33.57592613265751]},"properties":{"peak_name":"1140无名峰","peak_elev":1140,"peak_lon":112.50576782226562,"peak_lat":33.567302,"base_elev":407,"distance_m":1635.0,"vertical_relief_m":733.0,"max_jut":299.9924,"search_radius_m":3000,"elev_angle_deg":24.1476,"is_expanded":false}},{"type":"Feature","geometry":{"type":"Point","coordinates":[112.5674840111394,33.622548695903305]},"properties":{"peak_name":"1141无名峰","peak_elev":1141,"peak_lon":112.577725,"peak_lat":33.612577,"base_elev":509,"distance_m":1458.2,"vertical_relief_m":632.0,"max_jut":251.2037,"search_radius_m":2500,"elev_angle_deg":23.4324,"is_expanded":false}},{"type":"Feature","geometry":{"type":"Point","coordinates":[112.1422215556372,34.05347053769544]},"properties":{"peak_name":"1143无名峰","peak_elev":1143,"peak_lon":112.147611,"peak_lat":34.051854,"base_elev":777,"distance_m":528.9,"vertical_relief_m":366.0,"max_jut":208.4935,"search_radius_m":1125,"elev_angle_deg":34.6833,"is_expanded":false}},{"type":"Feature","geometry":{"type":"Point","coordinates":[111.06990260098374,33.557061511691]},"properties":{"peak_name":"1144无名峰","peak_elev":1144,"peak_lon":111.080952,"peak_lat":33.56298828125,"base_elev":548,"distance_m":1218.5,"vertical_relief_m":596.0,"max_jut":262.0331,"search_radius_m":1500,"elev_angle_deg":26.0645,"is_expanded":false}},{"type":"Feature","geometry":{"type":"Point","coordinates":[111.51995855832762,33.517176313076085]},"properties":{"peak_name":"1147无名峰","peak_elev":1147,"peak_lon":111.525887,"peak_lat":33.52067947387695,"base_elev":643,"distance_m":674.0,"vertical_relief_m":504.0,"max_jut":301.9324,"search_radius_m":1000,"elev_angle_deg":36.7882,"is_expanded":false}},{"type":"Feature","geometry":{"type":"Point","coordinates":[113.07575079889422,34.25990338998611]},"properties":{"peak_name":"1148无名峰(2)","peak_elev":1148,"peak_lon":113.074673,"peak_lat":34.266641,"base_elev":660,"distance_m":754.0,"vertical_relief_m":488.0,"max_jut":264.7293,"search_radius_m":1625,"elev_angle_deg":32.9115,"is_expanded":false}},{"type":"Feature","geometry":{"type":"Point","coordinates":[111.90506632062966,33.61203840707911]},"properties":{"peak_name":"1149无名峰","peak_elev":1149,"peak_lon":111.912612,"peak_lat":33.610152,"base_elev":741,"distance_m":730.9,"vertical_relief_m":408.0,"max_jut":199.1409,"search_radius_m":1000,"elev_angle_deg":29.1709,"is_expanded":false}},{"type":"Feature","geometry":{"type":"Point","coordinates":[111.4447695690468,33.579160067680334]},"properties":{"peak_name":"1151无名峰","peak_elev":1151,"peak_lon":111.447195,"peak_lat":33.591556549072266,"base_elev":470,"distance_m":1393.3,"vertical_relief_m":681.0,"max_jut":298.4692,"search_radius_m":1750,"elev_angle_deg":26.0479,"is_expanded":false}},{"type":"Feature","geometry":{"type":"Point","coordinates":[111.41539465925612,33.51475086180896]},"properties":{"peak_name":"1153无名峰","peak_elev":1153,"peak_lon":111.406232,"peak_lat":33.51609802246094,"base_elev":649,"distance_m":864.3,"vertical_relief_m":504.0,"max_jut":254.2701,"search_radius_m":875,"elev_angle_deg":30.2478,"is_expanded":false}},{"type":"Feature","geometry":{"type":"Point","coordinates":[112.33356271115468,33.597755194061605]},"properties":{"peak_name":"1157无名峰(1)","peak_elev":1157,"peak_lon":112.354314,"peak_lat":33.600585,"base_elev":375,"distance_m":1951.5,"vertical_relief_m":782.0,"max_jut":291.3923,"search_radius_m":3000,"elev_angle_deg":21.8368,"is_expanded":false}},{"type":"Feature","geometry":{"type":"Point","coordinates":[112.51654953452982,34.032180465461806]},"properties":{"peak_name":"1159无名峰","peak_elev":1159,"peak_lon":112.52975463867188,"peak_lat":34.019784,"base_elev":522,"distance_m":1838.0,"vertical_relief_m":637.0,"max_jut":208.5128,"search_radius_m":3000,"elev_angle_deg":19.1149,"is_expanded":false}},{"type":"Feature","geometry":{"type":"Point","coordinates":[112.11311614043174,33.9952597072845]},"properties":{"peak_name":"1167无名峰","peak_elev":1167,"peak_lon":112.113925,"peak_lat":33.990409,"base_elev":800,"distance_m":543.2,"vertical_relief_m":367.0,"max_jut":205.1189,"search_radius_m":1000,"elev_angle_deg":34.044,"is_expanded":false}},{"type":"Feature","geometry":{"type":"Point","coordinates":[111.23294682505144,33.71875826283251]},"properties":{"peak_name":"1168无名峰","peak_elev":1168,"peak_lon":111.22809600830078,"peak_lat":33.722531,"base_elev":725,"distance_m":614.2,"vertical_relief_m":443.0,"max_jut":259.1431,"search_radius_m":875,"elev_angle_deg":35.8015,"is_expanded":false}},{"type":"Feature","geometry":{"type":"Point","coordinates":[111.45042895533678,33.614194363760994]},"properties":{"peak_name":"1169无名峰","peak_elev":1169,"peak_lon":111.452585,"peak_lat":33.607996,"base_elev":685,"distance_m":716.0,"vertical_relief_m":484.0,"max_jut":270.6478,"search_radius_m":1375,"elev_angle_deg":34.0578,"is_expanded":false}},{"type":"Feature","geometry":{"type":"Point","coordinates":[111.39167913575535,33.604492558692506]},"properties":{"peak_name":"1171无名峰(1)","peak_elev":1171,"peak_lon":111.40164947509766,"peak_lat":33.613116,"base_elev":521,"distance_m":1330.8,"vertical_relief_m":650.0,"max_jut":285.2127,"search_radius_m":1500,"elev_angle_deg":26.0322,"is_expanded":false}},{"type":"Feature","geometry":{"type":"Point","coordinates":[112.55320079812188,33.684532450507554]},"properties":{"peak_name":"1172无名峰","peak_elev":1172,"peak_lon":112.535953,"peak_lat":33.698007,"base_elev":432,"distance_m":2188.8,"vertical_relief_m":740.0,"max_jut":237.0031,"search_radius_m":5500,"elev_angle_deg":18.6796,"is_expanded":false}},{"type":"Feature","geometry":{"type":"Point","coordinates":[111.59380007468224,33.60341458035156]},"properties":{"peak_name":"1178无名峰","peak_elev":1178,"peak_lon":111.596226,"peak_lat":33.606379,"base_elev":874,"distance_m":398.5,"vertical_relief_m":304.0,"max_jut":184.2635,"search_radius_m":500,"elev_angle_deg":37.3386,"is_expanded":false}},{"type":"Feature","geometry":{"type":"Point","coordinates":[112.13737065310296,33.8675192738827]},"properties":{"peak_name":"1180无名峰(1)","peak_elev":1180,"peak_lon":112.1325225830078,"peak_lat":33.869406,"base_elev":821,"distance_m":495.0,"vertical_relief_m":359.0,"max_jut":210.9562,"search_radius_m":500,"elev_angle_deg":35.9516,"is_expanded":false}},{"type":"Feature","geometry":{"type":"Point","coordinates":[111.13161686100275,33.69369526640558]},"properties":{"peak_name":"1181无名峰","peak_elev":1181,"peak_lon":111.136468,"peak_lat":33.694234,"base_elev":825,"distance_m":453.7,"vertical_relief_m":356.0,"max_jut":220.0364,"search_radius_m":750,"elev_angle_deg":38.1198,"is_expanded":false}},{"type":"Feature","geometry":{"type":"Point","coordinates":[112.13090278305732,33.271397251340986]},"properties":{"peak_name":"1182无名峰","peak_elev":1182,"peak_lon":112.133193,"peak_lat":33.261426,"base_elev":627,"distance_m":1126.3,"vertical_relief_m":555.0,"max_jut":244.8423,"search_radius_m":1750,"elev_angle_deg":26.2324,"is_expanded":false}},{"type":"Feature","geometry":{"type":"Point","coordinates":[111.45527985787102,33.64815068150072]},"properties":{"peak_name":"1184无名峰","peak_elev":1184,"peak_lon":111.450968,"peak_lat":33.647342,"base_elev":845,"distance_m":409.9,"vertical_relief_m":339.0,"max_jut":216.2892,"search_radius_m":625,"elev_angle_deg":39.5918,"is_expanded":false}},{"type":"Feature","geometry":{"type":"Point","coordinates":[111.96651108606343,33.42959057287443]},"properties":{"peak_name":"1189无名峰","peak_elev":1189,"peak_lon":111.969745,"peak_lat":33.427703857421875,"base_elev":842,"distance_m":366.4,"vertical_relief_m":347.0,"max_jut":238.6847,"search_radius_m":375,"elev_angle_deg":43.4423,"is_expanded":false}},{"type":"Feature","geometry":{"type":"Point","coordinates":[111.50944826950342,33.58454995938505]},"properties":{"peak_name":"1197无名峰(1)","peak_elev":1197,"peak_lon":111.500016,"peak_lat":33.59505844116211,"base_elev":471,"distance_m":1457.8,"vertical_relief_m":726.0,"max_jut":323.4336,"search_radius_m":1875,"elev_angle_deg":26.4738,"is_expanded":false}},{"type":"Feature","geometry":{"type":"Point","coordinates":[113.14662787481124,34.58464436519532]},"properties":{"peak_name":"1207无名峰","peak_elev":1207,"peak_lon":113.144876,"peak_lat":34.592999,"base_elev":731,"distance_m":940.6,"vertical_relief_m":476.0,"max_jut":214.543,"search_radius_m":2500,"elev_angle_deg":26.8421,"is_expanded":false}},{"type":"Feature","geometry":{"type":"Point","coordinates":[112.3615901480192,33.68426295592232]},"properties":{"peak_name":"1210无名峰","peak_elev":1210,"peak_lon":112.361051,"peak_lat":33.680221,"base_elev":881,"distance_m":451.1,"vertical_relief_m":329.0,"max_jut":193.556,"search_radius_m":500,"elev_angle_deg":36.1043,"is_expanded":false}},{"type":"Feature","geometry":{"type":"Point","coordinates":[111.02274104856748,33.755140031839346]},"properties":{"peak_name":"1211无名峰","peak_elev":1211,"peak_lon":111.023819,"peak_lat":33.74974822998047,"base_elev":880,"distance_m":606.3,"vertical_relief_m":331.0,"max_jut":158.3121,"search_radius_m":625,"elev_angle_deg":28.6316,"is_expanded":false}},{"type":"Feature","geometry":{"type":"Point","coordinates":[111.10358942413822,33.854044544620905]},"properties":{"peak_name":"1212无名峰","peak_elev":1212,"peak_lon":111.100894,"peak_lat":33.848924,"base_elev":823,"distance_m":620.3,"vertical_relief_m":389.0,"max_jut":206.4053,"search_radius_m":1000,"elev_angle_deg":32.0925,"is_expanded":false}},{"type":"Feature","geometry":{"type":"Point","coordinates":[113.15120928276026,34.582218913928195]},"properties":{"peak_name":"1213无名峰","peak_elev":1213,"peak_lon":113.15067291259766,"peak_lat":34.593538,"base_elev":667,"distance_m":1256.6,"vertical_relief_m":546.0,"max_jut":217.1543,"search_radius_m":2750,"elev_angle_deg":23.4852,"is_expanded":false}},{"type":"Feature","geometry":{"type":"Point","coordinates":[112.27508238615847,33.77723858782869]},"properties":{"peak_name":"1217无名峰","peak_elev":1217,"peak_lon":112.276969,"peak_lat":33.77130889892578,"base_elev":736,"distance_m":680.5,"vertical_relief_m":481.0,"max_jut":277.2202,"search_radius_m":750,"elev_angle_deg":35.2539,"is_expanded":false}},{"type":"Feature","geometry":{"type":"Point","coordinates":[111.12110657217856,33.81388985142077]},"properties":{"peak_name":"1218无名峰(1)","peak_elev":1218,"peak_lon":111.125149,"peak_lat":33.810117,"base_elev":766,"distance_m":561.4,"vertical_relief_m":452.0,"max_jut":283.3757,"search_radius_m":875,"elev_angle_deg":38.8386,"is_expanded":false}},{"type":"Feature","geometry":{"type":"Point","coordinates":[112.88036722459822,34.45313100760022]},"properties":{"peak_name":"1226无名峰","peak_elev":1226,"peak_lon":112.889261,"peak_lat":34.451514,"base_elev":584,"distance_m":836.7,"vertical_relief_m":642.0,"max_jut":391.2947,"search_radius_m":1250,"elev_angle_deg":37.499,"is_expanded":false}},{"type":"Feature","geometry":{"type":"Point","coordinates":[111.5167246233048,33.51771530224656]},"properties":{"peak_name":"1228无名峰","peak_elev":1228,"peak_lon":111.518072,"peak_lat":33.50774383544922,"base_elev":602,"distance_m":1113.0,"vertical_relief_m":626.0,"max_jut":306.2964,"search_radius_m":1375,"elev_angle_deg":29.3553,"is_expanded":false}},{"type":"Feature","geometry":{"type":"Point","coordinates":[112.9094726398037,34.460407361401586]},"properties":{"peak_name":"1234无名峰","peak_elev":1234,"peak_lon":112.901657,"peak_lat":34.469301,"base_elev":673,"distance_m":1220.2,"vertical_relief_m":561.0,"max_jut":234.1866,"search_radius_m":2250,"elev_angle_deg":24.6911,"is_expanded":false}},{"type":"Feature","geometry":{"type":"Point","coordinates":[111.74579502075528,33.48456746826255]},"properties":{"peak_name":"1246无名峰","peak_elev":1246,"peak_lon":111.751185,"peak_lat":33.482951,"base_elev":782,"distance_m":532.1,"vertical_relief_m":464.0,"max_jut":305.2442,"search_radius_m":750,"elev_angle_deg":41.089,"is_expanded":false}},{"type":"Feature","geometry":{"type":"Point","coordinates":[112.18965260263872,33.666206818711515]},"properties":{"peak_name":"1247无名峰","peak_elev":1247,"peak_lon":112.19369506835938,"peak_lat":33.661624908447266,"base_elev":748,"distance_m":631.5,"vertical_relief_m":499.0,"max_jut":309.1926,"search_radius_m":875,"elev_angle_deg":38.3152,"is_expanded":false}},{"type":"Feature","geometry":{"type":"Point","coordinates":[112.04008310783284,33.44144833462481]},"properties":{"peak_name":"1249无名峰","peak_elev":1249,"peak_lon":112.045473,"peak_lat":33.436597,"base_elev":789,"distance_m":735.3,"vertical_relief_m":460.0,"max_jut":243.89,"search_radius_m":875,"elev_angle_deg":32.0299,"is_expanded":false}},{"type":"Feature","geometry":{"type":"Point","coordinates":[111.50648382906584,33.62308768507378]},"properties":{"peak_name":"1250无名峰(2)","peak_elev":1250,"peak_lon":111.51403045654295,"peak_lat":33.61985397338867,"base_elev":785,"distance_m":786.8,"vertical_relief_m":465.0,"max_jut":236.7944,"search_radius_m":1250,"elev_angle_deg":30.5832,"is_expanded":false}},{"type":"Feature","geometry":{"type":"Point","coordinates":[112.90489123185468,34.482505917390924]},"properties":{"peak_name":"1253无名峰","peak_elev":1253,"peak_lon":112.915402,"peak_lat":34.478463,"base_elev":686,"distance_m":1064.6,"vertical_relief_m":567.0,"max_jut":266.816,"search_radius_m":1250,"elev_angle_deg":28.0395,"is_expanded":false}},{"type":"Feature","geometry":{"type":"Point","coordinates":[112.84290747725044,34.49139923870371]},"properties":{"peak_name":"1257无名峰","peak_elev":1257,"peak_lon":112.842638,"peak_lat":34.480079650878906,"base_elev":583,"distance_m":1255.9,"vertical_relief_m":674.0,"max_jut":318.1221,"search_radius_m":2250,"elev_angle_deg":28.221,"is_expanded":false}},{"type":"Feature","geometry":{"type":"Point","coordinates":[111.5514894248002,34.081767469145205]},"properties":{"peak_name":"1259无名峰","peak_elev":1259,"peak_lon":111.559035,"peak_lat":34.082576,"base_elev":822,"distance_m":702.2,"vertical_relief_m":437.0,"max_jut":231.2522,"search_radius_m":875,"elev_angle_deg":31.8952,"is_expanded":false}},{"type":"Feature","geometry":{"type":"Point","coordinates":[112.18938310805348,33.38000356919104]},"properties":{"peak_name":"1266无名峰","peak_elev":1266,"peak_lon":112.182376,"peak_lat":33.377039,"base_elev":821,"distance_m":730.2,"vertical_relief_m":445.0,"max_jut":231.7655,"search_radius_m":750,"elev_angle_deg":31.3591,"is_expanded":false}},{"type":"Feature","geometry":{"type":"Point","coordinates":[112.16782354123464,33.99121728850596]},"properties":{"peak_name":"1267无名峰(1)","peak_elev":1267,"peak_lon":112.149498,"peak_lat":34.001458,"base_elev":475,"distance_m":2038.8,"vertical_relief_m":792.0,"max_jut":286.9731,"search_radius_m":2250,"elev_angle_deg":21.2293,"is_expanded":false}},{"type":"Feature","geometry":{"type":"Point","coordinates":[112.8094901486812,34.495711152067486]},"properties":{"peak_name":"1268无名峰(2)","peak_elev":1268,"peak_lon":112.816497,"peak_lat":34.481158,"base_elev":547,"distance_m":1738.0,"vertical_relief_m":721.0,"max_jut":275.8638,"search_radius_m":2750,"elev_angle_deg":22.5309,"is_expanded":false}},{"type":"Feature","geometry":{"type":"Point","coordinates":[112.30176235009684,33.73735338921378]},"properties":{"peak_name":"1271无名峰(1)","peak_elev":1271,"peak_lon":112.3082275390625,"peak_lat":33.742204,"base_elev":790,"distance_m":805.2,"vertical_relief_m":481.0,"max_jut":246.6832,"search_radius_m":1250,"elev_angle_deg":30.8527,"is_expanded":false}},{"type":"Feature","geometry":{"type":"Point","coordinates":[112.0947905086357,33.41072595190792]},"properties":{"peak_name":"1273无名峰","peak_elev":1273,"peak_lon":112.107187,"peak_lat":33.405606,"base_elev":694,"distance_m":1285.4,"vertical_relief_m":579.0,"max_jut":238.0367,"search_radius_m":2500,"elev_angle_deg":24.2489,"is_expanded":false}},{"type":"Feature","geometry":{"type":"Point","coordinates":[111.86868455162282,33.434710969993915]},"properties":{"peak_name":"1275无名峰","peak_elev":1275,"peak_lon":111.856557,"peak_lat":33.43147659301758,"base_elev":662,"distance_m":1183.5,"vertical_relief_m":613.0,"max_jut":282.314,"search_radius_m":2500,"elev_angle_deg":27.3821,"is_expanded":false}},{"type":"Feature","geometry":{"type":"Point","coordinates":[111.54340458724316,33.77616060948775]},"properties":{"peak_name":"1277无名峰","peak_elev":1277,"peak_lon":111.55094909667967,"peak_lat":33.775083,"base_elev":923,"distance_m":709.0,"vertical_relief_m":354.0,"max_jut":158.395,"search_radius_m":875,"elev_angle_deg":26.5327,"is_expanded":false}},{"type":"Feature","geometry":{"type":"Point","coordinates":[111.49893798067924,33.833562956142984]},"properties":{"peak_name":"1279无名峰","peak_elev":1279,"peak_lon":111.496243,"peak_lat":33.835988,"base_elev":991,"distance_m":366.9,"vertical_relief_m":288.0,"max_jut":177.8036,"search_radius_m":500,"elev_angle_deg":38.1303,"is_expanded":false}},{"type":"Feature","geometry":{"type":"Point","coordinates":[111.69135711453762,33.557061511691]},"properties":{"peak_name":"1284无名峰","peak_elev":1284,"peak_lon":111.68462371826172,"peak_lat":33.568919,"base_elev":551,"distance_m":1456.2,"vertical_relief_m":733.0,"max_jut":329.1301,"search_radius_m":2500,"elev_angle_deg":26.7191,"is_expanded":false}},{"type":"Feature","geometry":{"type":"Point","coordinates":[112.50711722404655,33.84353425579671]},"properties":{"peak_name":"1286无名峰","peak_elev":1286,"peak_lon":112.509138,"peak_lat":33.859704,"base_elev":467,"distance_m":1803.3,"vertical_relief_m":819.0,"max_jut":337.9949,"search_radius_m":2750,"elev_angle_deg":24.426,"is_expanded":false}},{"type":"Feature","geometry":{"type":"Point","coordinates":[112.89114700800766,34.482505917390924]},"properties":{"peak_name":"1289无名峰(2)","peak_elev":1289,"peak_lon":112.8949203491211,"peak_lat":34.473074,"base_elev":671,"distance_m":1102.2,"vertical_relief_m":618.0,"max_jut":301.7951,"search_radius_m":1875,"elev_angle_deg":29.2792,"is_expanded":false}},{"type":"Feature","geometry":{"type":"Point","coordinates":[111.39221812492582,34.64150772268008]},"properties":{"peak_name":"1290无名峰","peak_elev":1290,"peak_lon":111.3936996459961,"peak_lat":34.64582061767578,"base_elev":932,"distance_m":497.4,"vertical_relief_m":358.0,"max_jut":208.8678,"search_radius_m":1125,"elev_angle_deg":35.7442,"is_expanded":false}},{"type":"Feature","geometry":{"type":"Point","coordinates":[112.0578697504584,33.97747306465893]},"properties":{"peak_name":"1293无名峰","peak_elev":1293,"peak_lon":112.064068,"peak_lat":33.98097610473633,"base_elev":837,"distance_m":692.1,"vertical_relief_m":456.0,"max_jut":251.0016,"search_radius_m":875,"elev_angle_deg":33.3795,"is_expanded":false}},{"type":"Feature","geometry":{"type":"Point","coordinates":[112.22684285540127,34.0133158444953]},"properties":{"peak_name":"1294无名峰","peak_elev":1294,"peak_lon":112.227921,"peak_lat":33.999572,"base_elev":608,"distance_m":1527.8,"vertical_relief_m":686.0,"max_jut":280.4343,"search_radius_m":2000,"elev_angle_deg":24.1806,"is_expanded":false}},{"type":"Feature","geometry":{"type":"Point","coordinates":[111.74121361280626,34.30086656694196]},"properties":{"peak_name":"1296无名峰(1)","peak_elev":1296,"peak_lon":111.733129,"peak_lat":34.297633,"base_elev":757,"distance_m":826.2,"vertical_relief_m":539.0,"max_jut":294.7757,"search_radius_m":1625,"elev_angle_deg":33.1198,"is_expanded":false}},{"type":"Feature","geometry":{"type":"Point","coordinates":[111.2906186662919,33.67375266709812]},"properties":{"peak_name":"1304无名峰","peak_elev":1304,"peak_lon":111.297491,"peak_lat":33.66243362426758,"base_elev":635,"distance_m":1408.0,"vertical_relief_m":669.0,"max_jut":286.7437,"search_radius_m":1625,"elev_angle_deg":25.4144,"is_expanded":false}},{"type":"Feature","geometry":{"type":"Point","coordinates":[112.78820007644757,34.480619455294274]},"properties":{"peak_name":"1309无名峰(2)","peak_elev":1309,"peak_lon":112.79871368408205,"peak_lat":34.479541,"base_elev":733,"distance_m":973.2,"vertical_relief_m":576.0,"max_jut":293.8427,"search_radius_m":1125,"elev_angle_deg":30.6197,"is_expanded":false}},{"type":"Feature","geometry":{"type":"Point","coordinates":[111.11032678876911,33.75163660223128]},"properties":{"peak_name":"1310无名峰","peak_elev":1310,"peak_lon":111.106823,"peak_lat":33.766189,"base_elev":634,"distance_m":1646.5,"vertical_relief_m":676.0,"max_jut":256.2476,"search_radius_m":2250,"elev_angle_deg":22.3215,"is_expanded":false}},{"type":"Feature","geometry":{"type":"Point","coordinates":[112.01609808974683,33.953757541158176]},"properties":{"peak_name":"1313无名峰","peak_elev":1313,"peak_lon":112.018254,"peak_lat":33.944325,"base_elev":866,"distance_m":1065.1,"vertical_relief_m":447.0,"max_jut":172.6443,"search_radius_m":1125,"elev_angle_deg":22.7668,"is_expanded":false}},{"type":"Feature","geometry":{"type":"Point","coordinates":[111.53019935256658,33.63764039267652]},"properties":{"peak_name":"1314无名峰","peak_elev":1314,"peak_lon":111.538823,"peak_lat":33.638988,"base_elev":911,"distance_m":813.9,"vertical_relief_m":403.0,"max_jut":179.111,"search_radius_m":875,"elev_angle_deg":26.3422,"is_expanded":false}},{"type":"Feature","geometry":{"type":"Point","coordinates":[112.25810422728864,33.99984111523351]},"properties":{"peak_name":"1316无名峰","peak_elev":1316,"peak_lon":112.26295471191406,"peak_lat":33.991756439208984,"base_elev":750,"distance_m":1002.5,"vertical_relief_m":566.0,"max_jut":277.9422,"search_radius_m":1875,"elev_angle_deg":29.4486,"is_expanded":false}},{"type":"Feature","geometry":{"type":"Point","coordinates":[111.27660494785964,33.709056457764014]},"properties":{"peak_name":"1317无名峰(1)","peak_elev":1317,"peak_lon":111.270137,"peak_lat":33.709326,"base_elev":844,"distance_m":600.3,"vertical_relief_m":473.0,"max_jut":293.1231,"search_radius_m":625,"elev_angle_deg":38.236,"is_expanded":false}},{"type":"Feature","geometry":{"type":"Point","coordinates":[111.5221145150095,33.823322161904024]},"properties":{"peak_name":"1323无名峰","peak_elev":1323,"peak_lon":111.522654,"peak_lat":33.828443,"base_elev":915,"distance_m":570.2,"vertical_relief_m":408.0,"max_jut":237.0387,"search_radius_m":875,"elev_angle_deg":35.5852,"is_expanded":false}},{"type":"Feature","geometry":{"type":"Point","coordinates":[111.20923130155067,33.65812198115444]},"properties":{"peak_name":"1324无名峰","peak_elev":1324,"peak_lon":111.200877,"peak_lat":33.650846,"base_elev":759,"distance_m":1118.8,"vertical_relief_m":565.0,"max_jut":254.6259,"search_radius_m":1500,"elev_angle_deg":26.794,"is_expanded":false}},{"type":"Feature","geometry":{"type":"Point","coordinates":[112.12874682637542,34.01789725244431]},"properties":{"peak_name":"1325无名峰(2)","peak_elev":1325,"peak_lon":112.122548,"peak_lat":34.01654815673828,"base_elev":875,"distance_m":591.8,"vertical_relief_m":450.0,"max_jut":272.6998,"search_radius_m":1125,"elev_angle_deg":37.2491,"is_expanded":false}},{"type":"Feature","geometry":{"type":"Point","coordinates":[111.9573482701654,33.34496927311037]},"properties":{"peak_name":"1326无名峰","peak_elev":1326,"peak_lon":111.972979,"peak_lat":33.340657,"base_elev":611,"distance_m":1531.7,"vertical_relief_m":715.0,"max_jut":302.852,"search_radius_m":3250,"elev_angle_deg":25.0232,"is_expanded":false}},{"type":"Feature","geometry":{"type":"Point","coordinates":[111.73043382939684,34.28550537558351]},"properties":{"peak_name":"1327无名峰","peak_elev":1327,"peak_lon":111.737441,"peak_lat":34.29197311401367,"base_elev":729,"distance_m":964.9,"vertical_relief_m":598.0,"max_jut":314.9497,"search_radius_m":1250,"elev_angle_deg":31.7887,"is_expanded":false}},{"type":"Feature","geometry":{"type":"Point","coordinates":[111.21111776364732,33.84757667457525]},"properties":{"peak_name":"1331无名峰","peak_elev":1331,"peak_lon":111.208962,"peak_lat":33.843265,"base_elev":976,"distance_m":518.2,"vertical_relief_m":355.0,"max_jut":200.3876,"search_radius_m":750,"elev_angle_deg":34.4136,"is_expanded":false}},{"type":"Feature","geometry":{"type":"Point","coordinates":[111.34478707792432,33.67914255880284]},"properties":{"peak_name":"1333无名峰(1)","peak_elev":1333,"peak_lon":111.336163,"peak_lat":33.686958,"base_elev":799,"distance_m":1179.4,"vertical_relief_m":534.0,"max_jut":220.1948,"search_radius_m":1375,"elev_angle_deg":24.3597,"is_expanded":false}},{"type":"Feature","geometry":{"type":"Point","coordinates":[111.02328003773792,33.80311006801133]},"properties":{"peak_name":"1334无名峰","peak_elev":1334,"peak_lon":111.027996,"peak_lat":33.80849838256836,"base_elev":892,"distance_m":740.2,"vertical_relief_m":442.0,"max_jut":226.4645,"search_radius_m":750,"elev_angle_deg":30.8429,"is_expanded":false}},{"type":"Feature","geometry":{"type":"Point","coordinates":[112.47073545503972,33.66324237827392]},"properties":{"peak_name":"1335无名峰","peak_elev":1335,"peak_lon":112.475047,"peak_lat":33.656505,"base_elev":877,"distance_m":847.6,"vertical_relief_m":458.0,"max_jut":217.4852,"search_radius_m":875,"elev_angle_deg":28.3845,"is_expanded":false}},{"type":"Feature","geometry":{"type":"Point","coordinates":[113.03748256779072,34.495711152067486]},"properties":{"peak_name":"1336无名峰(2)","peak_elev":1336,"peak_lon":113.047993,"peak_lat":34.500293,"base_elev":674,"distance_m":1090.9,"vertical_relief_m":662.0,"max_jut":343.7355,"search_radius_m":4000,"elev_angle_deg":31.251,"is_expanded":false}},{"type":"Feature","geometry":{"type":"Point","coordinates":[111.307866319747,33.71471584405397]},"properties":{"peak_name":"1341无名峰(1)","peak_elev":1341,"peak_lon":111.301129,"peak_lat":33.719701,"base_elev":905,"distance_m":834.1,"vertical_relief_m":436.0,"max_jut":201.9956,"search_radius_m":875,"elev_angle_deg":27.5969,"is_expanded":false}},{"type":"Feature","geometry":{"type":"Point","coordinates":[112.3111946605801,33.62578263092614]},"properties":{"peak_name":"1347无名峰(2)","peak_elev":1347,"peak_lon":112.293408,"peak_lat":33.620123,"base_elev":590,"distance_m":1765.8,"vertical_relief_m":757.0,"max_jut":298.6592,"search_radius_m":3500,"elev_angle_deg":23.2049,"is_expanded":false}},{"type":"Feature","geometry":{"type":"Point","coordinates":[111.08472480317172,33.7750826311468]},"properties":{"peak_name":"1348无名峰","peak_elev":1348,"peak_lon":111.072598,"peak_lat":33.775622,"base_elev":679,"distance_m":1124.9,"vertical_relief_m":669.0,"max_jut":342.5124,"search_radius_m":1500,"elev_angle_deg":30.7408,"is_expanded":false}},{"type":"Feature","geometry":{"type":"Point","coordinates":[111.84200458768449,33.48456746826255]},"properties":{"peak_name":"1353无名峰","peak_elev":1353,"peak_lon":111.853323,"peak_lat":33.486723,"base_elev":811,"distance_m":1078.7,"vertical_relief_m":542.0,"max_jut":243.708,"search_radius_m":1250,"elev_angle_deg":26.6775,"is_expanded":false}},{"type":"Feature","geometry":{"type":"Point","coordinates":[111.10628436999058,33.790443822505246]},"properties":{"peak_name":"1357无名峰","peak_elev":1357,"peak_lon":111.11666107177734,"peak_lat":33.781955,"base_elev":691,"distance_m":1345.4,"vertical_relief_m":666.0,"max_jut":295.4249,"search_radius_m":1625,"elev_angle_deg":26.3363,"is_expanded":false}},{"type":"Feature","geometry":{"type":"Point","coordinates":[111.89078310761217,33.65488804613161]},"properties":{"peak_name":"1358无名峰","peak_elev":1358,"peak_lon":111.897251,"peak_lat":33.647612,"base_elev":717,"distance_m":1005.6,"vertical_relief_m":641.0,"max_jut":344.3307,"search_radius_m":1500,"elev_angle_deg":32.5147,"is_expanded":false}},{"type":"Feature","geometry":{"type":"Point","coordinates":[112.0586782342141,33.32610465214387]},"properties":{"peak_name":"1360无名峰","peak_elev":1360,"peak_lon":112.045473,"peak_lat":33.330417,"base_elev":652,"distance_m":1319.2,"vertical_relief_m":708.0,"max_jut":335.1968,"search_radius_m":1875,"elev_angle_deg":28.222,"is_expanded":false}},{"type":"Feature","geometry":{"type":"Point","coordinates":[111.6024239014098,33.60233660201062]},"properties":{"peak_name":"1361无名峰(2)","peak_elev":1361,"peak_lon":111.607275,"peak_lat":33.604223,"base_elev":1015,"distance_m":496.5,"vertical_relief_m":346.0,"max_jut":198.004,"search_radius_m":500,"elev_angle_deg":34.8718,"is_expanded":false}},{"type":"Feature","geometry":{"type":"Point","coordinates":[112.43489267520336,33.928425050146004]},"properties":{"peak_name":"1367无名峰","peak_elev":1367,"peak_lon":112.423574,"peak_lat":33.919801,"base_elev":717,"distance_m":1417.9,"vertical_relief_m":650.0,"max_jut":270.8754,"search_radius_m":1500,"elev_angle_deg":24.6279,"is_expanded":false}},{"type":"Feature","geometry":{"type":"Point","coordinates":[112.07457841474302,33.66270338910345]},"properties":{"peak_name":"1368无名峰","peak_elev":1368,"peak_lon":112.064877,"peak_lat":33.660413,"base_elev":786,"distance_m":935.0,"vertical_relief_m":582.0,"max_jut":307.9591,"search_radius_m":1500,"elev_angle_deg":31.9006,"is_expanded":false}},{"type":"Feature","geometry":{"type":"Point","coordinates":[112.032267764861,33.91117739669091]},"properties":{"peak_name":"1370无名峰","peak_elev":1370,"peak_lon":112.024991,"peak_lat":33.90470886230469,"base_elev":871,"distance_m":983.7,"vertical_relief_m":499.0,"max_jut":225.6812,"search_radius_m":1000,"elev_angle_deg":26.8972,"is_expanded":false}},{"type":"Feature","geometry":{"type":"Point","coordinates":[111.60835278228498,33.62227920131807]},"properties":{"peak_name":"1372无名峰","peak_elev":1372,"peak_lon":111.613204,"peak_lat":33.623626708984375,"base_elev":1009,"distance_m":474.3,"vertical_relief_m":363.0,"max_jut":220.8507,"search_radius_m":500,"elev_angle_deg":37.4282,"is_expanded":false}},{"type":"Feature","geometry":{"type":"Point","coordinates":[111.77732588722786,33.46893678231887]},"properties":{"peak_name":"1374无名峰","peak_elev":1374,"peak_lon":111.769511,"peak_lat":33.48065948486328,"base_elev":615,"distance_m":1489.4,"vertical_relief_m":759.0,"max_jut":344.242,"search_radius_m":1750,"elev_angle_deg":27.0034,"is_expanded":false}},{"type":"Feature","geometry":{"type":"Point","coordinates":[111.50432787238394,34.08661837167945]},"properties":{"peak_name":"1377无名峰","peak_elev":1377,"peak_lon":111.497591,"peak_lat":34.08513641357422,"base_elev":960,"distance_m":643.1,"vertical_relief_m":417.0,"max_jut":227.1639,"search_radius_m":875,"elev_angle_deg":32.9603,"is_expanded":false}},{"type":"Feature","geometry":{"type":"Point","coordinates":[112.27050097820948,33.62200970673283]},"properties":{"peak_name":"1380无名峰","peak_elev":1380,"peak_lon":112.286132,"peak_lat":33.618506,"base_elev":578,"distance_m":1501.6,"vertical_relief_m":802.0,"max_jut":378.3618,"search_radius_m":2500,"elev_angle_deg":28.1065,"is_expanded":false}},{"type":"Feature","geometry":{"type":"Point","coordinates":[112.18102877591116,33.96884923793138]},"properties":{"peak_name":"1381无名峰","peak_elev":1381,"peak_lon":112.202049,"peak_lat":33.955375,"base_elev":489,"distance_m":2451.2,"vertical_relief_m":892.0,"max_jut":305.1397,"search_radius_m":3000,"elev_angle_deg":19.9966,"is_expanded":false}},{"type":"Feature","geometry":{"type":"Point","coordinates":[112.10718725955655,33.997415663966386]},"properties":{"peak_name":"1383无名峰","peak_elev":1383,"peak_lon":112.098563,"peak_lat":34.000111,"base_elev":843,"distance_m":851.0,"vertical_relief_m":540.0,"max_jut":289.6531,"search_radius_m":1125,"elev_angle_deg":32.3971,"is_expanded":false}},{"type":"Feature","geometry":{"type":"Point","coordinates":[111.04861252875013,33.792599779187135]},"properties":{"peak_name":"1384无名峰(1)","peak_elev":1384,"peak_lon":111.037833,"peak_lat":33.790174,"base_elev":768,"distance_m":1033.9,"vertical_relief_m":616.0,"max_jut":315.716,"search_radius_m":1625,"elev_angle_deg":30.7866,"is_expanded":false}},{"type":"Feature","geometry":{"type":"Point","coordinates":[111.38413328736875,33.66674580788199]},"properties":{"peak_name":"1385无名峰","peak_elev":1385,"peak_lon":111.393296,"peak_lat":33.659739,"base_elev":793,"distance_m":1151.6,"vertical_relief_m":592.0,"max_jut":270.6587,"search_radius_m":2750,"elev_angle_deg":27.2062,"is_expanded":false}},{"type":"Feature","geometry":{"type":"Point","coordinates":[111.12811343139468,33.96238136788572]},"properties":{"peak_name":"1386无名峰","peak_elev":1386,"peak_lon":111.131078,"peak_lat":33.96588516235352,"base_elev":1094,"distance_m":475.5,"vertical_relief_m":292.0,"max_jut":152.6956,"search_radius_m":500,"elev_angle_deg":31.5537,"is_expanded":false}},{"type":"Feature","geometry":{"type":"Point","coordinates":[111.76115621211372,34.21274183756983]},"properties":{"peak_name":"1387无名峰","peak_elev":1387,"peak_lon":111.757922,"peak_lat":34.217593,"base_elev":973,"distance_m":615.1,"vertical_relief_m":414.0,"max_jut":230.9405,"search_radius_m":625,"elev_angle_deg":33.943,"is_expanded":false}},{"type":"Feature","geometry":{"type":"Point","coordinates":[111.50378888321347,33.57942956226557]},"properties":{"peak_name":"1390无名峰","peak_elev":1390,"peak_lon":111.489236,"peak_lat":33.58966827392578,"base_elev":453,"distance_m":1764.9,"vertical_relief_m":937.0,"max_jut":439.466,"search_radius_m":2500,"elev_angle_deg":27.9642,"is_expanded":false}},{"type":"Feature","geometry":{"type":"Point","coordinates":[112.41818401091874,33.61473335293147]},"properties":{"peak_name":"1396无名峰","peak_elev":1396,"peak_lon":112.428155,"peak_lat":33.605301,"base_elev":632,"distance_m":1396.7,"vertical_relief_m":764.0,"max_jut":366.4997,"search_radius_m":2500,"elev_angle_deg":28.6788,"is_expanded":false}},{"type":"Feature","geometry":{"type":"Point","coordinates":[111.52966036339612,33.62147071756237]},"properties":{"peak_name":"1399无名峰","peak_elev":1399,"peak_lon":111.531277,"peak_lat":33.628208,"base_elev":855,"distance_m":762.2,"vertical_relief_m":544.0,"max_jut":315.5463,"search_radius_m":1375,"elev_angle_deg":35.5163,"is_expanded":false}},{"type":"Feature","geometry":{"type":"Point","coordinates":[111.050768485432,33.77669959865822]},"properties":{"peak_name":"1400无名峰(1)","peak_elev":1400,"peak_lon":111.061279,"peak_lat":33.780203,"base_elev":717,"distance_m":1048.2,"vertical_relief_m":683.0,"max_jut":373.265,"search_radius_m":1500,"elev_angle_deg":33.088,"is_expanded":false}},{"type":"Feature","geometry":{"type":"Point","coordinates":[112.17186596001316,33.64410826272218]},"properties":{"peak_name":"1401无名峰(2)","peak_elev":1401,"peak_lon":112.15380859375,"peak_lat":33.634944915771484,"base_elev":554,"distance_m":1959.4,"vertical_relief_m":847.0,"max_jut":336.3155,"search_radius_m":2500,"elev_angle_deg":23.3776,"is_expanded":false}},{"type":"Feature","geometry":{"type":"Point","coordinates":[111.40057245706814,33.64437775730741]},"properties":{"peak_name":"1405无名峰","peak_elev":1405,"peak_lon":111.400842,"peak_lat":33.658931732177734,"base_elev":773,"distance_m":1614.5,"vertical_relief_m":632.0,"max_jut":229.8795,"search_radius_m":3250,"elev_angle_deg":21.378,"is_expanded":false}},{"type":"Feature","geometry":{"type":"Point","coordinates":[111.78325476810303,33.53496295570165]},"properties":{"peak_name":"1406无名峰(2)","peak_elev":1406,"peak_lon":111.778943,"peak_lat":33.524587,"base_elev":775,"distance_m":1218.5,"vertical_relief_m":631.0,"max_jut":289.6915,"search_radius_m":1875,"elev_angle_deg":27.3774,"is_expanded":false}},{"type":"Feature","geometry":{"type":"Point","coordinates":[112.01744556267302,33.34820320813321]},"properties":{"peak_name":"1413无名峰","peak_elev":1413,"peak_lon":112.023105,"peak_lat":33.344026,"base_elev":965,"distance_m":701.6,"vertical_relief_m":448.0,"max_jut":241.1271,"search_radius_m":750,"elev_angle_deg":32.5599,"is_expanded":false}},{"type":"Feature","geometry":{"type":"Point","coordinates":[112.4203399676006,33.90336205371907]},"properties":{"peak_name":"1415无名峰(2)","peak_elev":1415,"peak_lon":112.411177,"peak_lat":33.917376,"base_elev":769,"distance_m":1770.4,"vertical_relief_m":646.0,"max_jut":221.1636,"search_radius_m":2250,"elev_angle_deg":20.0465,"is_expanded":false}},{"type":"Feature","geometry":{"type":"Point","coordinates":[113.01295856053426,34.51268931093734]},"properties":{"peak_name":"1418无名峰(2)","peak_elev":1418,"peak_lon":113.010803,"peak_lat":34.52009963989258,"base_elev":853,"distance_m":845.5,"vertical_relief_m":565.0,"max_jut":313.4501,"search_radius_m":4750,"elev_angle_deg":33.7526,"is_expanded":false}},{"type":"Feature","geometry":{"type":"Point","coordinates":[112.10799574331226,33.99795465313686]},"properties":{"peak_name":"1419无名峰","peak_elev":1419,"peak_lon":112.105436,"peak_lat":34.005231,"base_elev":838,"distance_m":841.0,"vertical_relief_m":581.0,"max_jut":329.7609,"search_radius_m":1625,"elev_angle_deg":34.6384,"is_expanded":false}},{"type":"Feature","geometry":{"type":"Point","coordinates":[111.01600368393656,33.79367775752807]},"properties":{"peak_name":"1421无名峰","peak_elev":1421,"peak_lon":111.030017,"peak_lat":33.793947,"base_elev":769,"distance_m":1298.1,"vertical_relief_m":652.0,"max_jut":293.1495,"search_radius_m":1875,"elev_angle_deg":26.6691,"is_expanded":false}},{"type":"Feature","geometry":{"type":"Point","coordinates":[111.4776479084456,33.85269707169473]},"properties":{"peak_name":"1422无名峰","peak_elev":1422,"peak_lon":111.475492,"peak_lat":33.857817,"base_elev":1010,"distance_m":601.9,"vertical_relief_m":412.0,"max_jut":232.3978,"search_radius_m":750,"elev_angle_deg":34.3916,"is_expanded":false}},{"type":"Feature","geometry":{"type":"Point","coordinates":[112.1322502559835,33.36787631285542]},"properties":{"peak_name":"1426无名峰","peak_elev":1426,"peak_lon":112.090748,"peak_lat":33.367068,"base_elev":453,"distance_m":3863.4,"vertical_relief_m":973.0,"max_jut":238.1057,"search_radius_m":5500,"elev_angle_deg":14.136,"is_expanded":false}},{"type":"Feature","geometry":{"type":"Point","coordinates":[112.42869429974292,33.9712746891985]},"properties":{"peak_name":"1430无名峰","peak_elev":1430,"peak_lon":112.415759,"peak_lat":33.955644,"base_elev":667,"distance_m":2106.0,"vertical_relief_m":763.0,"max_jut":259.6695,"search_radius_m":2250,"elev_angle_deg":19.9154,"is_expanded":false}},{"type":"Feature","geometry":{"type":"Point","coordinates":[111.5355892442713,33.622818190488545]},"properties":{"peak_name":"1431无名峰","peak_elev":1431,"peak_lon":111.537206,"peak_lat":33.630095,"base_elev":881,"distance_m":820.9,"vertical_relief_m":550.0,"max_jut":305.6303,"search_radius_m":2000,"elev_angle_deg":33.8219,"is_expanded":false}},{"type":"Feature","geometry":{"type":"Point","coordinates":[112.33248473281373,33.629016565948966]},"properties":{"peak_name":"1433无名峰","peak_elev":1433,"peak_lon":112.351619,"peak_lat":33.645995,"base_elev":531,"distance_m":2588.0,"vertical_relief_m":902.0,"max_jut":296.7896,"search_radius_m":4000,"elev_angle_deg":19.2151,"is_expanded":false}},{"type":"Feature","geometry":{"type":"Point","coordinates":[110.99740855755527,33.79718118713614]},"properties":{"peak_name":"1434无名峰(1)","peak_elev":1434,"peak_lon":111.00199127197266,"peak_lat":33.803919,"base_elev":846,"distance_m":859.4,"vertical_relief_m":588.0,"max_jut":331.7181,"search_radius_m":1500,"elev_angle_deg":34.3799,"is_expanded":false}},{"type":"Feature","geometry":{"type":"Point","coordinates":[111.7800208330802,33.471901222756465]},"properties":{"peak_name":"1435无名峰","peak_elev":1435,"peak_lon":111.792957,"peak_lat":33.477561,"base_elev":667,"distance_m":1356.4,"vertical_relief_m":768.0,"max_jut":378.7296,"search_radius_m":1875,"elev_angle_deg":29.5187,"is_expanded":false}},{"type":"Feature","geometry":{"type":"Point","coordinates":[112.0187930355992,33.46597234188128]},"properties":{"peak_name":"1437无名峰","peak_elev":1437,"peak_lon":112.002084,"peak_lat":33.469476,"base_elev":695,"distance_m":1601.1,"vertical_relief_m":742.0,"max_jut":312.4752,"search_radius_m":2000,"elev_angle_deg":24.8645,"is_expanded":false}},{"type":"Feature","geometry":{"type":"Point","coordinates":[112.08401072522626,33.337962413894246]},"properties":{"peak_name":"1442无名峰","peak_elev":1442,"peak_lon":112.07902526855467,"peak_lat":33.367876,"base_elev":604,"distance_m":3350.1,"vertical_relief_m":838.0,"max_jut":202.8857,"search_radius_m":6250,"elev_angle_deg":14.0439,"is_expanded":false}},{"type":"Feature","geometry":{"type":"Point","coordinates":[113.01969592516517,34.515653751374934]},"properties":{"peak_name":"1443无名峰","peak_elev":1443,"peak_lon":113.020774,"peak_lat":34.51996612548828,"base_elev":938,"distance_m":488.5,"vertical_relief_m":505.0,"max_jut":362.5814,"search_radius_m":875,"elev_angle_deg":45.9515,"is_expanded":false}},{"type":"Feature","geometry":{"type":"Point","coordinates":[111.77058852259697,33.53631042862784]},"properties":{"peak_name":"1445无名峰","peak_elev":1445,"peak_lon":111.768433,"peak_lat":33.525531,"base_elev":757,"distance_m":1212.2,"vertical_relief_m":688.0,"max_jut":338.9728,"search_radius_m":2250,"elev_angle_deg":29.5776,"is_expanded":false}},{"type":"Feature","geometry":{"type":"Point","coordinates":[111.21354321491444,33.96265086247096]},"properties":{"peak_name":"1446无名峰","peak_elev":1446,"peak_lon":111.208423,"peak_lat":33.96426773071289,"base_elev":1064,"distance_m":506.1,"vertical_relief_m":382.0,"max_jut":230.3738,"search_radius_m":625,"elev_angle_deg":37.0452,"is_expanded":false}},{"type":"Feature","geometry":{"type":"Point","coordinates":[111.37362299854456,33.52229671019557]},"properties":{"peak_name":"1448无名峰","peak_elev":1448,"peak_lon":111.361765,"peak_lat":33.522836,"base_elev":850,"distance_m":1103.2,"vertical_relief_m":598.0,"max_jut":285.444,"search_radius_m":1375,"elev_angle_deg":28.4603,"is_expanded":false}},{"type":"Feature","geometry":{"type":"Point","coordinates":[112.33248473281373,33.629016565948966]},"properties":{"peak_name":"1450无名峰(2)","peak_elev":1450,"peak_lon":112.35377502441406,"peak_lat":33.652463,"base_elev":531,"distance_m":3265.6,"vertical_relief_m":919.0,"max_jut":248.7766,"search_radius_m":5000,"elev_angle_deg":15.7176,"is_expanded":false}},{"type":"Feature","geometry":{"type":"Point","coordinates":[112.1346757072506,33.63413696306845]},"properties":{"peak_name":"1451无名峰","peak_elev":1451,"peak_lon":112.142087,"peak_lat":33.642761,"base_elev":826,"distance_m":1178.0,"vertical_relief_m":625.0,"max_jut":292.712,"search_radius_m":3250,"elev_angle_deg":27.9486,"is_expanded":false}},{"type":"Feature","geometry":{"type":"Point","coordinates":[111.70644881131084,33.57296169221991]},"properties":{"peak_name":"1452无名峰(2)","peak_elev":1452,"peak_lon":111.696882,"peak_lat":33.585089,"base_elev":615,"distance_m":1611.9,"vertical_relief_m":837.0,"max_jut":385.3962,"search_radius_m":2250,"elev_angle_deg":27.4412,"is_expanded":false}},{"type":"Feature","geometry":{"type":"Point","coordinates":[111.7061793167256,33.59101782943071]},"properties":{"peak_name":"1453无名峰","peak_elev":1453,"peak_lon":111.6983642578125,"peak_lat":33.59317398071289,"base_elev":872,"distance_m":763.8,"vertical_relief_m":581.0,"max_jut":352.1196,"search_radius_m":875,"elev_angle_deg":37.2592,"is_expanded":false}},{"type":"Feature","geometry":{"type":"Point","coordinates":[111.3717365364479,33.54547324452585]},"properties":{"peak_name":"1454无名峰(2)","peak_elev":1454,"peak_lon":111.346404,"peak_lat":33.535771,"base_elev":597,"distance_m":2587.3,"vertical_relief_m":857.0,"max_jut":269.7836,"search_radius_m":3750,"elev_angle_deg":18.3266,"is_expanded":false}},{"type":"Feature","geometry":{"type":"Point","coordinates":[111.71291668135648,34.26556277627606]},"properties":{"peak_name":"1455无名峰(2)","peak_elev":1455,"peak_lon":111.723696,"peak_lat":34.260712,"base_elev":706,"distance_m":1129.2,"vertical_relief_m":749.0,"max_jut":414.3328,"search_radius_m":1500,"elev_angle_deg":33.5564,"is_expanded":false}},{"type":"Feature","geometry":{"type":"Point","coordinates":[111.75037642870429,33.71148190903114]},"properties":{"peak_name":"1457无名峰","peak_elev":1457,"peak_lon":111.75670623779295,"peak_lat":33.715524,"base_elev":939,"distance_m":738.4,"vertical_relief_m":518.0,"max_jut":297.5688,"search_radius_m":875,"elev_angle_deg":35.0503,"is_expanded":false}},{"type":"Feature","geometry":{"type":"Point","coordinates":[111.94090910046604,33.450880645108064]},"properties":{"peak_name":"1462无名峰","peak_elev":1462,"peak_lon":111.927973,"peak_lat":33.457753,"base_elev":796,"distance_m":1423.9,"vertical_relief_m":666.0,"max_jut":282.3604,"search_radius_m":2000,"elev_angle_deg":25.0669,"is_expanded":false}},{"type":"Feature","geometry":{"type":"Point","coordinates":[112.48771361390958,33.62578263092614]},"properties":{"peak_name":"1463无名峰(3)","peak_elev":1463,"peak_lon":112.481785,"peak_lat":33.63871765136719,"base_elev":657,"distance_m":1536.5,"vertical_relief_m":806.0,"max_jut":373.8486,"search_radius_m":4250,"elev_angle_deg":27.6801,"is_expanded":false}},{"type":"Feature","geometry":{"type":"Point","coordinates":[111.48169032722411,33.85512252296185]},"properties":{"peak_name":"1464无名峰(1)","peak_elev":1464,"peak_lon":111.486541,"peak_lat":33.851348876953125,"base_elev":1044,"distance_m":613.8,"vertical_relief_m":420.0,"max_jut":237.1854,"search_radius_m":875,"elev_angle_deg":34.3824,"is_expanded":false}},{"type":"Feature","geometry":{"type":"Point","coordinates":[112.01097769262736,33.43902288335769]},"properties":{"peak_name":"1466无名峰","peak_elev":1466,"peak_lon":112.000467,"peak_lat":33.442526,"base_elev":870,"distance_m":1051.7,"vertical_relief_m":596.0,"max_jut":294.1765,"search_radius_m":1125,"elev_angle_deg":29.5403,"is_expanded":false}},{"type":"Feature","geometry":{"type":"Point","coordinates":[111.27822191537106,33.70770898483784]},"properties":{"peak_name":"1468无名峰(1)","peak_elev":1468,"peak_lon":111.259896,"peak_lat":33.709326,"base_elev":794,"distance_m":1708.2,"vertical_relief_m":674.0,"max_jut":247.8253,"search_radius_m":2250,"elev_angle_deg":21.5326,"is_expanded":false}},{"type":"Feature","geometry":{"type":"Point","coordinates":[111.64096162709852,33.83491042906916]},"properties":{"peak_name":"1471无名峰","peak_elev":1471,"peak_lon":111.650663,"peak_lat":33.833832,"base_elev":975,"distance_m":905.9,"vertical_relief_m":496.0,"max_jut":238.5777,"search_radius_m":1000,"elev_angle_deg":28.7017,"is_expanded":false}},{"type":"Feature","geometry":{"type":"Point","coordinates":[111.1019724566268,34.213819815910774]},"properties":{"peak_name":"1474无名峰","peak_elev":1474,"peak_lon":111.095909,"peak_lat":34.212742,"base_elev":1100,"distance_m":571.4,"vertical_relief_m":374.0,"max_jut":205.1006,"search_radius_m":750,"elev_angle_deg":33.2061,"is_expanded":false}},{"type":"Feature","geometry":{"type":"Point","coordinates":[112.3675190288944,33.84622920164907]},"properties":{"peak_name":"1476无名峰(3)","peak_elev":1476,"peak_lon":112.357009,"peak_lat":33.841648,"base_elev":946,"distance_m":1097.5,"vertical_relief_m":530.0,"max_jut":230.6967,"search_radius_m":1625,"elev_angle_deg":25.7766,"is_expanded":false}},{"type":"Feature","geometry":{"type":"Point","coordinates":[111.360417763868,33.55355808208293]},"properties":{"peak_name":"1477无名峰(1)","peak_elev":1477,"peak_lon":111.341014,"peak_lat":33.539005279541016,"base_elev":633,"distance_m":2419.3,"vertical_relief_m":844.0,"max_jut":278.013,"search_radius_m":4250,"elev_angle_deg":19.2319,"is_expanded":false}},{"type":"Feature","geometry":{"type":"Point","coordinates":[111.98402823410376,33.51582884014991]},"properties":{"peak_name":"1479无名峰","peak_elev":1479,"peak_lon":111.98294830322266,"peak_lat":33.53118896484375,"base_elev":618,"distance_m":1706.6,"vertical_relief_m":861.0,"max_jut":387.0458,"search_radius_m":2500,"elev_angle_deg":26.7715,"is_expanded":false}},{"type":"Feature","geometry":{"type":"Point","coordinates":[112.37452588811053,33.81550681893218]},"properties":{"peak_name":"1480无名峰(2)","peak_elev":1480,"peak_lon":112.383419,"peak_lat":33.83005905151367,"base_elev":764,"distance_m":1812.0,"vertical_relief_m":716.0,"max_jut":262.7869,"search_radius_m":2250,"elev_angle_deg":21.5611,"is_expanded":false}},{"type":"Feature","geometry":{"type":"Point","coordinates":[111.28549826917242,33.602606096595856]},"properties":{"peak_name":"1482无名峰","peak_elev":1482,"peak_lon":111.264478,"peak_lat":33.58993911743164,"base_elev":687,"distance_m":2404.3,"vertical_relief_m":795.0,"max_jut":249.6948,"search_radius_m":3250,"elev_angle_deg":18.2969,"is_expanded":false}},{"type":"Feature","geometry":{"type":"Point","coordinates":[111.93336325207945,34.32242613376083]},"properties":{"peak_name":"1486无名峰(2)","peak_elev":1486,"peak_lon":111.942526,"peak_lat":34.313262939453125,"base_elev":902,"distance_m":1320.8,"vertical_relief_m":584.0,"max_jut":236.0602,"search_radius_m":3250,"elev_angle_deg":23.8529,"is_expanded":false}},{"type":"Feature","geometry":{"type":"Point","coordinates":[113.04475892159208,34.52724201854008]},"properties":{"peak_name":"1487无名峰","peak_elev":1487,"peak_lon":113.034249,"peak_lat":34.51592254638672,"base_elev":708,"distance_m":1583.7,"vertical_relief_m":779.0,"max_jut":343.6485,"search_radius_m":3500,"elev_angle_deg":26.1919,"is_expanded":false}},{"type":"Feature","geometry":{"type":"Point","coordinates":[112.0969464653176,33.95429653032865]},"properties":{"peak_name":"1488无名峰","peak_elev":1488,"peak_lon":112.077004,"peak_lat":33.960225,"base_elev":761,"distance_m":1957.1,"vertical_relief_m":727.0,"max_jut":253.5285,"search_radius_m":3250,"elev_angle_deg":20.3784,"is_expanded":false}},{"type":"Feature","geometry":{"type":"Point","coordinates":[111.5671201107439,33.548707179548686]},"properties":{"peak_name":"1489无名峰(2)","peak_elev":1489,"peak_lon":111.553645,"peak_lat":33.555445,"base_elev":767,"distance_m":1457.6,"vertical_relief_m":722.0,"max_jut":320.7211,"search_radius_m":4500,"elev_angle_deg":26.3508,"is_expanded":false}},{"type":"Feature","geometry":{"type":"Point","coordinates":[113.02885874106316,34.49463317372654]},"properties":{"peak_name":"1493无名峰(2)","peak_elev":1493,"peak_lon":113.040447,"peak_lat":34.51080322265625,"base_elev":582,"distance_m":2085.7,"vertical_relief_m":911.0,"max_jut":364.2868,"search_radius_m":4250,"elev_angle_deg":23.5949,"is_expanded":false}},{"type":"Feature","geometry":{"type":"Point","coordinates":[112.41360260296972,33.63440645765368]},"properties":{"peak_name":"1501无名峰","peak_elev":1501,"peak_lon":112.449176,"peak_lat":33.64841842651367,"base_elev":586,"distance_m":3647.8,"vertical_relief_m":915.0,"max_jut":222.9033,"search_radius_m":7500,"elev_angle_deg":14.0813,"is_expanded":true}},{"type":"Feature","geometry":{"type":"Point","coordinates":[112.20258834273004,33.77238768529444]},"properties":{"peak_name":"1502无名峰","peak_elev":1502,"peak_lon":112.192887,"peak_lat":33.764303,"base_elev":844,"distance_m":1269.6,"vertical_relief_m":658.0,"max_jut":302.7384,"search_radius_m":1875,"elev_angle_deg":27.3965,"is_expanded":false}},{"type":"Feature","geometry":{"type":"Point","coordinates":[112.94100350627627,34.46660573686201]},"properties":{"peak_name":"1505无名峰","peak_elev":1505,"peak_lon":112.936961,"peak_lat":34.47496032714844,"base_elev":788,"distance_m":998.4,"vertical_relief_m":717.0,"max_jut":417.7483,"search_radius_m":3750,"elev_angle_deg":35.684,"is_expanded":false}},{"type":"Feature","geometry":{"type":"Point","coordinates":[112.37183094225816,33.65138461652354]},"properties":{"peak_name":"1507无名峰","peak_elev":1507,"peak_lon":112.359704,"peak_lat":33.66243362426758,"base_elev":876,"distance_m":1663.5,"vertical_relief_m":631.0,"max_jut":223.7263,"search_radius_m":5250,"elev_angle_deg":20.7728,"is_expanded":false}},{"type":"Feature","geometry":{"type":"Point","coordinates":[111.9851062124447,33.51582884014991]},"properties":{"peak_name":"1508无名峰","peak_elev":1508,"peak_lon":111.991574,"peak_lat":33.529708,"base_elev":621,"distance_m":1652.5,"vertical_relief_m":887.0,"max_jut":418.8774,"search_radius_m":2500,"elev_angle_deg":28.2252,"is_expanded":false}},{"type":"Feature","geometry":{"type":"Point","coordinates":[112.05975621255504,33.33365050053047]},"properties":{"peak_name":"1511无名峰(2)","peak_elev":1511,"peak_lon":112.055444,"peak_lat":33.351168,"base_elev":697,"distance_m":1983.9,"vertical_relief_m":814.0,"max_jut":308.3621,"search_radius_m":2000,"elev_angle_deg":22.3085,"is_expanded":false}},{"type":"Feature","geometry":{"type":"Point","coordinates":[112.24921090597584,33.333111511359995]},"properties":{"peak_name":"1512无名峰(3)","peak_elev":1512,"peak_lon":112.235736,"peak_lat":33.328261,"base_elev":716,"distance_m":1365.0,"vertical_relief_m":796.0,"max_jut":401.3914,"search_radius_m":2500,"elev_angle_deg":30.2486,"is_expanded":false}},{"type":"Feature","geometry":{"type":"Point","coordinates":[111.97270946152386,33.5187932805875]},"properties":{"peak_name":"1518无名峰","peak_elev":1518,"peak_lon":111.973248,"peak_lat":33.532538,"base_elev":677,"distance_m":1525.3,"vertical_relief_m":841.0,"max_jut":405.28,"search_radius_m":2250,"elev_angle_deg":28.8709,"is_expanded":false}},{"type":"Feature","geometry":{"type":"Point","coordinates":[112.2023188481448,33.32152324419486]},"properties":{"peak_name":"1521无名峰","peak_elev":1523,"peak_lon":112.19383239746094,"peak_lat":33.330012,"base_elev":907,"distance_m":1229.1,"vertical_relief_m":616.0,"max_jut":275.864,"search_radius_m":7500,"elev_angle_deg":26.6191,"is_expanded":false}},{"type":"Feature","geometry":{"type":"Point","coordinates":[112.33544917325132,33.800415122158974]},"properties":{"peak_name":"1524无名峰","peak_elev":1524,"peak_lon":112.327634,"peak_lat":33.826556,"base_elev":608,"distance_m":2988.5,"vertical_relief_m":916.0,"max_jut":267.8995,"search_radius_m":3000,"elev_angle_deg":17.0407,"is_expanded":false}},{"type":"Feature","geometry":{"type":"Point","coordinates":[111.55526234899352,33.57565663807227]},"properties":{"peak_name":"1529无名峰(2)","peak_elev":1529,"peak_lon":111.562269,"peak_lat":33.565416,"base_elev":813,"distance_m":1308.9,"vertical_relief_m":716.0,"max_jut":343.2413,"search_radius_m":4250,"elev_angle_deg":28.6797,"is_expanded":false}},{"type":"Feature","geometry":{"type":"Point","coordinates":[111.24884700558034,33.61096042873817]},"properties":{"peak_name":"1531无名峰","peak_elev":1531,"peak_lon":111.248039,"peak_lat":33.593443,"base_elev":775,"distance_m":1944.4,"vertical_relief_m":756.0,"max_jut":273.3635,"search_radius_m":3000,"elev_angle_deg":21.2465,"is_expanded":false}},{"type":"Feature","geometry":{"type":"Point","coordinates":[111.62586993032532,33.927077577219826]},"properties":{"peak_name":"1532无名峰","peak_elev":1532,"peak_lon":111.628834,"peak_lat":33.924113,"base_elev":1237,"distance_m":428.1,"vertical_relief_m":295.0,"max_jut":167.3292,"search_radius_m":500,"elev_angle_deg":34.5704,"is_expanded":false}},{"type":"Feature","geometry":{"type":"Point","coordinates":[111.21030927989162,33.76726728817496]},"properties":{"peak_name":"1533无名峰","peak_elev":1533,"peak_lon":111.222437,"peak_lat":33.76295471191406,"base_elev":904,"distance_m":1221.1,"vertical_relief_m":629.0,"max_jut":288.3619,"search_radius_m":1750,"elev_angle_deg":27.2534,"is_expanded":false}},{"type":"Feature","geometry":{"type":"Point","coordinates":[111.56631162698818,33.89446873240629]},"properties":{"peak_name":"1537无名峰","peak_elev":1537,"peak_lon":111.565503,"peak_lat":33.898781,"base_elev":1225,"distance_m":484.1,"vertical_relief_m":312.0,"max_jut":168.7306,"search_radius_m":500,"elev_angle_deg":32.8016,"is_expanded":false}},{"type":"Feature","geometry":{"type":"Point","coordinates":[112.2044748048267,33.75837396686218]},"properties":{"peak_name":"1540无名峰","peak_elev":1540,"peak_lon":112.191809,"peak_lat":33.75621795654297,"base_elev":967,"distance_m":1197.6,"vertical_relief_m":573.0,"max_jut":247.7062,"search_radius_m":1875,"elev_angle_deg":25.5691,"is_expanded":false}},{"type":"Feature","geometry":{"type":"Point","coordinates":[112.27077047279472,33.732771981264776]},"properties":{"peak_name":"1542无名峰(2)","peak_elev":1542,"peak_lon":112.269423,"peak_lat":33.73897171020508,"base_elev":1048,"distance_m":698.9,"vertical_relief_m":494.0,"max_jut":284.6875,"search_radius_m":750,"elev_angle_deg":35.2536,"is_expanded":false}},{"type":"Feature","geometry":{"type":"Point","coordinates":[111.11059628335435,33.83679689116581]},"properties":{"peak_name":"1543无名峰(1)","peak_elev":1543,"peak_lon":111.089576,"peak_lat":33.836123,"base_elev":788,"distance_m":1947.1,"vertical_relief_m":755.0,"max_jut":273.4637,"search_radius_m":2000,"elev_angle_deg":21.1941,"is_expanded":false}},{"type":"Feature","geometry":{"type":"Point","coordinates":[112.02364393813345,33.322870717121035]},"properties":{"peak_name":"1544无名峰(3)","peak_elev":1544,"peak_lon":112.013268,"peak_lat":33.337154388427734,"base_elev":657,"distance_m":1855.5,"vertical_relief_m":887.0,"max_jut":382.1571,"search_radius_m":2000,"elev_angle_deg":25.5496,"is_expanded":false}},{"type":"Feature","geometry":{"type":"Point","coordinates":[112.39958888453744,33.86320736051893]},"properties":{"peak_name":"1547无名峰","peak_elev":1547,"peak_lon":112.391504,"peak_lat":33.871831,"base_elev":970,"distance_m":1214.3,"vertical_relief_m":577.0,"max_jut":247.4929,"search_radius_m":3250,"elev_angle_deg":25.4157,"is_expanded":false}},{"type":"Feature","geometry":{"type":"Point","coordinates":[112.23196325252076,33.366259345344005]},"properties":{"peak_name":"1548无名峰(2)","peak_elev":1548,"peak_lon":112.21228790283205,"peak_lat":33.366798,"base_elev":571,"distance_m":1832.1,"vertical_relief_m":977.0,"max_jut":460.4919,"search_radius_m":3000,"elev_angle_deg":28.0696,"is_expanded":false}},{"type":"Feature","geometry":{"type":"Point","coordinates":[112.10206686243708,33.98124598885223]},"properties":{"peak_name":"1549无名峰","peak_elev":1549,"peak_lon":112.094252,"peak_lat":33.973565,"base_elev":957,"distance_m":1116.9,"vertical_relief_m":592.0,"max_jut":277.1316,"search_radius_m":2500,"elev_angle_deg":27.9253,"is_expanded":false}},{"type":"Feature","geometry":{"type":"Point","coordinates":[111.60646632018832,33.62793858760802]},"properties":{"peak_name":"1550无名峰","peak_elev":1550,"peak_lon":111.614821,"peak_lat":33.631981,"base_elev":962,"distance_m":895.5,"vertical_relief_m":588.0,"max_jut":322.9581,"search_radius_m":1625,"elev_angle_deg":33.2896,"is_expanded":false}},{"type":"Feature","geometry":{"type":"Point","coordinates":[112.0330762486167,33.43740591584628]},"properties":{"peak_name":"1553无名峰","peak_elev":1553,"peak_lon":112.04520416259766,"peak_lat":33.42096710205078,"base_elev":700,"distance_m":2143.9,"vertical_relief_m":853.0,"max_jut":314.9915,"search_radius_m":3250,"elev_angle_deg":21.6963,"is_expanded":false}},{"type":"Feature","geometry":{"type":"Point","coordinates":[111.79699899195008,33.62955555511944]},"properties":{"peak_name":"1555无名峰","peak_elev":1555,"peak_lon":111.804545,"peak_lat":33.62739944458008,"base_elev":1109,"distance_m":739.9,"vertical_relief_m":446.0,"max_jut":230.5312,"search_radius_m":750,"elev_angle_deg":31.0809,"is_expanded":false}},{"type":"Feature","geometry":{"type":"Point","coordinates":[111.34667354002096,33.560834435884296]},"properties":{"peak_name":"1563无名峰","peak_elev":1563,"peak_lon":111.328887,"peak_lat":33.54897689819336,"base_elev":698,"distance_m":2111.4,"vertical_relief_m":865.0,"max_jut":328.0059,"search_radius_m":3500,"elev_angle_deg":22.278,"is_expanded":false}},{"type":"Feature","geometry":{"type":"Point","coordinates":[112.47989827093774,33.62739959843756]},"properties":{"peak_name":"1569无名峰(2)","peak_elev":1569,"peak_lon":112.469657,"peak_lat":33.639796,"base_elev":775,"distance_m":1671.3,"vertical_relief_m":794.0,"max_jut":340.4375,"search_radius_m":5500,"elev_angle_deg":25.4114,"is_expanded":false}},{"type":"Feature","geometry":{"type":"Point","coordinates":[111.71022173550412,33.593443280697834]},"properties":{"peak_name":"1571无名峰(1)","peak_elev":1571,"peak_lon":111.701598,"peak_lat":33.598968,"base_elev":806,"distance_m":1008.1,"vertical_relief_m":765.0,"max_jut":462.5809,"search_radius_m":1375,"elev_angle_deg":37.1932,"is_expanded":false}},{"type":"Feature","geometry":{"type":"Point","coordinates":[111.92258346866998,33.556253027935284]},"properties":{"peak_name":"1572无名峰","peak_elev":1572,"peak_lon":111.913825,"peak_lat":33.564338,"base_elev":866,"distance_m":1210.6,"vertical_relief_m":706.0,"max_jut":355.5537,"search_radius_m":1625,"elev_angle_deg":30.25,"is_expanded":false}},{"type":"Feature","geometry":{"type":"Point","coordinates":[111.29708653633756,33.58239400270316]},"properties":{"peak_name":"1573无名峰","peak_elev":1573,"peak_lon":111.286307,"peak_lat":33.571075439453125,"base_elev":893,"distance_m":1605.5,"vertical_relief_m":680.0,"max_jut":265.0394,"search_radius_m":3250,"elev_angle_deg":22.9548,"is_expanded":false}},{"type":"Feature","geometry":{"type":"Point","coordinates":[111.5258874392028,33.66297288368869]},"properties":{"peak_name":"1575无名峰","peak_elev":1575,"peak_lon":111.5299301147461,"peak_lat":33.671327,"base_elev":956,"distance_m":999.6,"vertical_relief_m":619.0,"max_jut":325.4569,"search_radius_m":1250,"elev_angle_deg":31.7678,"is_expanded":false}},{"type":"Feature","geometry":{"type":"Point","coordinates":[112.05706126670268,33.70878696317878]},"properties":{"peak_name":"1579无名峰","peak_elev":1579,"peak_lon":112.060026,"peak_lat":33.710673,"base_elev":1356,"distance_m":345.4,"vertical_relief_m":223.0,"max_jut":120.998,"search_radius_m":375,"elev_angle_deg":32.8474,"is_expanded":false}},{"type":"Feature","geometry":{"type":"Point","coordinates":[112.41360260296972,33.63440645765368]},"properties":{"peak_name":"1581无名峰","peak_elev":1581,"peak_lon":112.455644,"peak_lat":33.641683,"base_elev":586,"distance_m":3983.0,"vertical_relief_m":995.0,"max_jut":241.6048,"search_radius_m":7000,"elev_angle_deg":14.0261,"is_expanded":false}},{"type":"Feature","geometry":{"type":"Point","coordinates":[112.18453220551925,33.34335230559896]},"properties":{"peak_name":"1582无名峰","peak_elev":1582,"peak_lon":112.19612121582033,"peak_lat":33.336345,"base_elev":915,"distance_m":1329.6,"vertical_relief_m":667.0,"max_jut":299.1914,"search_radius_m":7500,"elev_angle_deg":26.6408,"is_expanded":false}},{"type":"Feature","geometry":{"type":"Point","coordinates":[111.86922354079329,33.5150203563942]},"properties":{"peak_name":"1584无名峰","peak_elev":1584,"peak_lon":111.847394,"peak_lat":33.513403,"base_elev":714,"distance_m":2036.0,"vertical_relief_m":870.0,"max_jut":342.4559,"search_radius_m":2250,"elev_angle_deg":23.1374,"is_expanded":false}},{"type":"Feature","geometry":{"type":"Point","coordinates":[112.39931938995224,33.86320736051893]},"properties":{"peak_name":"1586无名峰","peak_elev":1586,"peak_lon":112.388809,"peak_lat":33.866711,"base_elev":975,"distance_m":1047.3,"vertical_relief_m":611.0,"max_jut":308.2451,"search_radius_m":2750,"elev_angle_deg":30.2595,"is_expanded":false}},{"type":"Feature","geometry":{"type":"Point","coordinates":[112.3103861768244,33.80553551927845]},"properties":{"peak_name":"1590无名峰(2)","peak_elev":1590,"peak_lon":112.317932,"peak_lat":33.825209,"base_elev":669,"distance_m":2291.3,"vertical_relief_m":921.0,"max_jut":342.8907,"search_radius_m":3000,"elev_angle_deg":21.8979,"is_expanded":false}},{"type":"Feature","geometry":{"type":"Point","coordinates":[112.11554159169886,33.6397963493584]},"properties":{"peak_name":"1591无名峰(2)","peak_elev":1591,"peak_lon":112.126321,"peak_lat":33.659739,"base_elev":717,"distance_m":2427.5,"vertical_relief_m":874.0,"max_jut":295.6277,"search_radius_m":4250,"elev_angle_deg":19.801,"is_expanded":false}},{"type":"Feature","geometry":{"type":"Point","coordinates":[111.54933346811832,33.63871837101746]},"properties":{"peak_name":"1592无名峰(1)","peak_elev":1592,"peak_lon":111.548525,"peak_lat":33.649229,"base_elev":943,"distance_m":1168.2,"vertical_relief_m":649.0,"max_jut":314.5808,"search_radius_m":1375,"elev_angle_deg":29.0546,"is_expanded":false}},{"type":"Feature","geometry":{"type":"Point","coordinates":[112.2691535052833,33.779933533681046]},"properties":{"peak_name":"1595无名峰","peak_elev":1595,"peak_lon":112.259586,"peak_lat":33.764303,"base_elev":711,"distance_m":1947.1,"vertical_relief_m":884.0,"max_jut":364.9743,"search_radius_m":2000,"elev_angle_deg":24.4185,"is_expanded":false}},{"type":"Feature","geometry":{"type":"Point","coordinates":[112.42492137554964,33.87614310061025]},"properties":{"peak_name":"1597无名峰","peak_elev":1597,"peak_lon":112.405248,"peak_lat":33.87668228149414,"base_elev":836,"distance_m":1821.1,"vertical_relief_m":761.0,"max_jut":293.953,"search_radius_m":1875,"elev_angle_deg":22.679,"is_expanded":false}},{"type":"Feature","geometry":{"type":"Point","coordinates":[111.5137601828672,33.953757541158176]},"properties":{"peak_name":"1599无名峰","peak_elev":1599,"peak_lon":111.514299,"peak_lat":33.950524,"base_elev":1334,"distance_m":362.1,"vertical_relief_m":265.0,"max_jut":156.2588,"search_radius_m":375,"elev_angle_deg":36.1982,"is_expanded":false}},{"type":"Feature","geometry":{"type":"Point","coordinates":[111.3738924931298,34.460407361401586]},"properties":{"peak_name":"1601无名峰","peak_elev":1601,"peak_lon":111.371198,"peak_lat":34.474421,"base_elev":1001,"distance_m":1574.1,"vertical_relief_m":600.0,"max_jut":213.2779,"search_radius_m":4750,"elev_angle_deg":20.8654,"is_expanded":false}},{"type":"Feature","geometry":{"type":"Point","coordinates":[111.97621289113192,33.85566151213232]},"properties":{"peak_name":"1602无名峰","peak_elev":1602,"peak_lon":111.980525,"peak_lat":33.83760452270508,"base_elev":979,"distance_m":2042.3,"vertical_relief_m":623.0,"max_jut":181.3966,"search_radius_m":5750,"elev_angle_deg":16.9642,"is_expanded":false}},{"type":"Feature","geometry":{"type":"Point","coordinates":[111.4423441177797,33.885575411093505]},"properties":{"peak_name":"1605无名峰(1)","peak_elev":1605,"peak_lon":111.451237,"peak_lat":33.884767,"base_elev":1155,"distance_m":827.5,"vertical_relief_m":450.0,"max_jut":215.3214,"search_radius_m":1000,"elev_angle_deg":28.5376,"is_expanded":false}},{"type":"Feature","geometry":{"type":"Point","coordinates":[111.6918961037081,34.14914111545417]},"properties":{"peak_name":"1606无名峰","peak_elev":1606,"peak_lon":111.695939,"peak_lat":34.158843,"base_elev":1024,"distance_m":1138.9,"vertical_relief_m":582.0,"max_jut":264.4253,"search_radius_m":1250,"elev_angle_deg":27.0679,"is_expanded":false}},{"type":"Feature","geometry":{"type":"Point","coordinates":[111.37874339566405,33.81954923771072]},"properties":{"peak_name":"1611无名峰","peak_elev":1611,"peak_lon":111.384672,"peak_lat":33.81901168823242,"base_elev":1234,"distance_m":552.1,"vertical_relief_m":377.0,"max_jut":212.9014,"search_radius_m":750,"elev_angle_deg":34.3271,"is_expanded":false}},{"type":"Feature","geometry":{"type":"Point","coordinates":[111.5204975474981,33.661625410762504]},"properties":{"peak_name":"1612无名峰(2)","peak_elev":1612,"peak_lon":111.505406,"peak_lat":33.662164,"base_elev":897,"distance_m":1401.0,"vertical_relief_m":715.0,"max_jut":325.5723,"search_radius_m":1625,"elev_angle_deg":27.0375,"is_expanded":false}},{"type":"Feature","geometry":{"type":"Point","coordinates":[112.2023188481448,33.32152324419486]},"properties":{"peak_name":"1614无名峰","peak_elev":1614,"peak_lon":112.209056,"peak_lat":33.332842,"base_elev":907,"distance_m":1403.4,"vertical_relief_m":707.0,"max_jut":317.6837,"search_radius_m":8250,"elev_angle_deg":26.7379,"is_expanded":false}},{"type":"Feature","geometry":{"type":"Point","coordinates":[111.06370422552332,33.88449743275256]},"properties":{"peak_name":"1615无名峰","peak_elev":1615,"peak_lon":111.066938,"peak_lat":33.879377,"base_elev":1184,"distance_m":641.9,"vertical_relief_m":431.0,"max_jut":240.005,"search_radius_m":1625,"elev_angle_deg":33.8792,"is_expanded":false}},{"type":"Feature","geometry":{"type":"Point","coordinates":[111.46228671708715,34.10763894932785]},"properties":{"peak_name":"1617无名峰","peak_elev":1617,"peak_lon":111.468485,"peak_lat":34.105752,"base_elev":1243,"distance_m":609.0,"vertical_relief_m":374.0,"max_jut":195.9482,"search_radius_m":750,"elev_angle_deg":31.555,"is_expanded":false}},{"type":"Feature","geometry":{"type":"Point","coordinates":[112.11230765667604,33.859973425496094]},"properties":{"peak_name":"1619无名峰(2)","peak_elev":1619,"peak_lon":112.118506,"peak_lat":33.878569,"base_elev":787,"distance_m":2140.9,"vertical_relief_m":832.0,"max_jut":300.82,"search_radius_m":4250,"elev_angle_deg":21.2372,"is_expanded":false}},{"type":"Feature","geometry":{"type":"Point","coordinates":[111.58733220463658,33.75891295603265]},"properties":{"peak_name":"1621无名峰(2)","peak_elev":1621,"peak_lon":111.584637,"peak_lat":33.74974822998047,"base_elev":1056,"distance_m":1046.8,"vertical_relief_m":565.0,"max_jut":267.9042,"search_radius_m":1125,"elev_angle_deg":28.3575,"is_expanded":false}},{"type":"Feature","geometry":{"type":"Point","coordinates":[111.73124231315252,33.707439490252604]},"properties":{"peak_name":"1622无名峰","peak_elev":1622,"peak_lon":111.72180938720705,"peak_lat":33.706901,"base_elev":1066,"distance_m":876.5,"vertical_relief_m":556.0,"max_jut":298.2843,"search_radius_m":1625,"elev_angle_deg":32.3886,"is_expanded":false}},{"type":"Feature","geometry":{"type":"Point","coordinates":[111.86652859494092,33.58508894855552]},"properties":{"peak_name":"1625无名峰","peak_elev":1625,"peak_lon":111.870302,"peak_lat":33.593443,"base_elev":1081,"distance_m":990.6,"vertical_relief_m":544.0,"max_jut":261.471,"search_radius_m":1875,"elev_angle_deg":28.7739,"is_expanded":false}},{"type":"Feature","geometry":{"type":"Point","coordinates":[111.84739447938918,33.5293035694117]},"properties":{"peak_name":"1626无名峰(2)","peak_elev":1626,"peak_lon":111.83364868164062,"peak_lat":33.518793,"base_elev":852,"distance_m":1729.0,"vertical_relief_m":774.0,"max_jut":316.2333,"search_radius_m":2500,"elev_angle_deg":24.116,"is_expanded":false}},{"type":"Feature","geometry":{"type":"Point","coordinates":[112.09290404653903,33.63737089809128]},"properties":{"peak_name":"1628无名峰","peak_elev":1628,"peak_lon":112.115542,"peak_lat":33.667554,"base_elev":577,"distance_m":3951.9,"vertical_relief_m":1051.0,"max_jut":269.8343,"search_radius_m":4250,"elev_angle_deg":14.893,"is_expanded":false}},{"type":"Feature","geometry":{"type":"Point","coordinates":[111.70213689794706,34.13404941868096]},"properties":{"peak_name":"1631无名峰","peak_elev":1631,"peak_lon":111.72180938720705,"peak_lat":34.139305114746094,"base_elev":866,"distance_m":1905.9,"vertical_relief_m":765.0,"max_jut":285.399,"search_radius_m":2250,"elev_angle_deg":21.8698,"is_expanded":false}},{"type":"Feature","geometry":{"type":"Point","coordinates":[111.9640856347963,33.52067974268415]},"properties":{"peak_name":"1632无名峰","peak_elev":1632,"peak_lon":111.963277,"peak_lat":33.534423828125,"base_elev":740,"distance_m":1526.3,"vertical_relief_m":892.0,"max_jut":449.2411,"search_radius_m":2000,"elev_angle_deg":30.3029,"is_expanded":false}},{"type":"Feature","geometry":{"type":"Point","coordinates":[111.89347805346452,33.602067107425384]},"properties":{"peak_name":"1633无名峰","peak_elev":1633,"peak_lon":111.882698,"peak_lat":33.589131,"base_elev":871,"distance_m":1749.3,"vertical_relief_m":762.0,"max_jut":304.0562,"search_radius_m":1875,"elev_angle_deg":23.5381,"is_expanded":false}},{"type":"Feature","geometry":{"type":"Point","coordinates":[111.10331992955298,33.60610952620392]},"properties":{"peak_name":"1634无名峰","peak_elev":1634,"peak_lon":111.115717,"peak_lat":33.623626708984375,"base_elev":873,"distance_m":2258.0,"vertical_relief_m":761.0,"max_jut":242.7649,"search_radius_m":4000,"elev_angle_deg":18.625,"is_expanded":false}},{"type":"Feature","geometry":{"type":"Point","coordinates":[111.3431701104129,34.49840609791984]},"properties":{"peak_name":"1638无名峰","peak_elev":1638,"peak_lon":111.354219,"peak_lat":34.48169708251953,"base_elev":951,"distance_m":2113.2,"vertical_relief_m":687.0,"max_jut":212.143,"search_radius_m":3250,"elev_angle_deg":18.0093,"is_expanded":false}},{"type":"Feature","geometry":{"type":"Point","coordinates":[111.86598960577048,34.30787342615809]},"properties":{"peak_name":"1639无名峰(2)","peak_elev":1639,"peak_lon":111.85520935058594,"peak_lat":34.3078727722168,"base_elev":1041,"distance_m":992.3,"vertical_relief_m":598.0,"max_jut":309.1514,"search_radius_m":1250,"elev_angle_deg":31.0749,"is_expanded":false}},{"type":"Feature","geometry":{"type":"Point","coordinates":[111.91611559862432,33.585627937725995]},"properties":{"peak_name":"1640无名峰(2)","peak_elev":1640,"peak_lon":111.89778900146484,"peak_lat":33.585357666015625,"base_elev":831,"distance_m":1701.5,"vertical_relief_m":809.0,"max_jut":347.983,"search_radius_m":1875,"elev_angle_deg":25.4294,"is_expanded":false}},{"type":"Feature","geometry":{"type":"Point","coordinates":[111.62613942491056,33.8570089850585]},"properties":{"peak_name":"1641无名峰","peak_elev":1641,"peak_lon":111.6204833984375,"peak_lat":33.862129,"base_elev":1114,"distance_m":772.3,"vertical_relief_m":527.0,"max_jut":296.9739,"search_radius_m":875,"elev_angle_deg":34.3087,"is_expanded":false}},{"type":"Feature","geometry":{"type":"Point","coordinates":[111.10062498370064,33.59721620489114]},"properties":{"peak_name":"1644无名峰","peak_elev":1644,"peak_lon":111.128383,"peak_lat":33.61823654174805,"base_elev":766,"distance_m":3474.5,"vertical_relief_m":878.0,"max_jut":215.1277,"search_radius_m":7250,"elev_angle_deg":14.1817,"is_expanded":false}},{"type":"Feature","geometry":{"type":"Point","coordinates":[111.50729231282152,34.083653931241855]},"properties":{"peak_name":"1645无名峰(1)","peak_elev":1645,"peak_lon":111.51914978027344,"peak_lat":34.09012222290039,"base_elev":943,"distance_m":1308.6,"vertical_relief_m":702.0,"max_jut":332.0677,"search_radius_m":1625,"elev_angle_deg":28.2114,"is_expanded":false}},{"type":"Feature","geometry":{"type":"Point","coordinates":[111.68165530946914,33.72711259497482]},"properties":{"peak_name":"1647无名峰","peak_elev":1647,"peak_lon":111.687315,"peak_lat":33.72037506103516,"base_elev":954,"distance_m":913.0,"vertical_relief_m":693.0,"max_jut":418.7147,"search_radius_m":1375,"elev_angle_deg":37.1998,"is_expanded":false}},{"type":"Feature","geometry":{"type":"Point","coordinates":[111.76573762006272,33.58454995938505]},"properties":{"peak_name":"1650无名峰","peak_elev":1650,"peak_lon":111.776248,"peak_lat":33.591556549072266,"base_elev":985,"distance_m":1247.3,"vertical_relief_m":665.0,"max_jut":312.9366,"search_radius_m":1625,"elev_angle_deg":28.0644,"is_expanded":false}},{"type":"Feature","geometry":{"type":"Point","coordinates":[111.83904014724688,34.31137685576616]},"properties":{"peak_name":"1652无名峰(2)","peak_elev":1652,"peak_lon":111.830686,"peak_lat":34.30652618408203,"base_elev":1159,"distance_m":938.5,"vertical_relief_m":493.0,"max_jut":229.376,"search_radius_m":1625,"elev_angle_deg":27.7132,"is_expanded":false}},{"type":"Feature","geometry":{"type":"Point","coordinates":[111.36904159059554,33.86590230637128]},"properties":{"peak_name":"1658无名峰","peak_elev":1658,"peak_lon":111.379821,"peak_lat":33.865633,"base_elev":1082,"distance_m":997.9,"vertical_relief_m":576.0,"max_jut":288.4215,"search_radius_m":1125,"elev_angle_deg":29.9941,"is_expanded":false}},{"type":"Feature","geometry":{"type":"Point","coordinates":[112.00370133882598,33.82008822688119]},"properties":{"peak_name":"1660无名峰","peak_elev":1660,"peak_lon":112.000198,"peak_lat":33.842187,"base_elev":972,"distance_m":2472.6,"vertical_relief_m":688.0,"max_jut":184.023,"search_radius_m":3250,"elev_angle_deg":15.5492,"is_expanded":false}},{"type":"Feature","geometry":{"type":"Point","coordinates":[111.51268220452626,34.168275231005914]},"properties":{"peak_name":"1663无名峰(1)","peak_elev":1663,"peak_lon":111.529391,"peak_lat":34.171779,"base_elev":954,"distance_m":1588.8,"vertical_relief_m":709.0,"max_jut":289.3861,"search_radius_m":2250,"elev_angle_deg":24.0488,"is_expanded":false}},{"type":"Feature","geometry":{"type":"Point","coordinates":[111.71345567052695,33.59047884026024]},"properties":{"peak_name":"1670无名峰","peak_elev":1670,"peak_lon":111.695939,"peak_lat":33.615811,"base_elev":680,"distance_m":3246.2,"vertical_relief_m":990.0,"max_jut":288.4455,"search_radius_m":3500,"elev_angle_deg":16.9602,"is_expanded":false}},{"type":"Feature","geometry":{"type":"Point","coordinates":[112.02579989481532,33.8351799236544]},"properties":{"peak_name":"1673无名峰(2)","peak_elev":1673,"peak_lon":112.037658,"peak_lat":33.848924,"base_elev":1045,"distance_m":1878.5,"vertical_relief_m":628.0,"max_jut":198.9609,"search_radius_m":4500,"elev_angle_deg":18.4853,"is_expanded":false}},{"type":"Feature","geometry":{"type":"Point","coordinates":[111.60431036350644,33.622548695903305]},"properties":{"peak_name":"1674无名峰","peak_elev":1674,"peak_lon":111.62560272216795,"peak_lat":33.62443542480469,"base_elev":883,"distance_m":1986.8,"vertical_relief_m":791.0,"max_jut":293.1184,"search_radius_m":4000,"elev_angle_deg":21.7089,"is_expanded":false}},{"type":"Feature","geometry":{"type":"Point","coordinates":[112.2502888843168,33.65839147573968]},"properties":{"peak_name":"1679无名峰","peak_elev":1679,"peak_lon":112.248672,"peak_lat":33.66324234008789,"base_elev":1293,"distance_m":558.6,"vertical_relief_m":386.0,"max_jut":219.128,"search_radius_m":625,"elev_angle_deg":34.645,"is_expanded":false}},{"type":"Feature","geometry":{"type":"Point","coordinates":[111.5229229987652,33.65839147573968]},"properties":{"peak_name":"1685无名峰","peak_elev":1685,"peak_lon":111.546639,"peak_lat":33.66243362426758,"base_elev":875,"distance_m":2244.9,"vertical_relief_m":810.0,"max_jut":275.3971,"search_radius_m":3250,"elev_angle_deg":19.8403,"is_expanded":false}},{"type":"Feature","geometry":{"type":"Point","coordinates":[111.48734971351408,33.670249237490054]},"properties":{"peak_name":"1695无名峰","peak_elev":1695,"peak_lon":111.500016,"peak_lat":33.67698669433594,"base_elev":975,"distance_m":1392.2,"vertical_relief_m":720.0,"max_jut":330.9652,"search_radius_m":1625,"elev_angle_deg":27.3465,"is_expanded":false}},{"type":"Feature","geometry":{"type":"Point","coordinates":[111.16449520040152,33.7998761329885]},"properties":{"peak_name":"1698无名峰","peak_elev":1698,"peak_lon":111.160722,"peak_lat":33.813351,"base_elev":1020,"distance_m":1534.9,"vertical_relief_m":678.0,"max_jut":273.4367,"search_radius_m":3750,"elev_angle_deg":23.8321,"is_expanded":false}},{"type":"Feature","geometry":{"type":"Point","coordinates":[111.20303292609026,34.38494887753554]},"properties":{"peak_name":"1706无名峰","peak_elev":1706,"peak_lon":111.194005,"peak_lat":34.394651,"base_elev":1171,"distance_m":1359.3,"vertical_relief_m":535.0,"max_jut":195.8307,"search_radius_m":1375,"elev_angle_deg":21.4839,"is_expanded":false}},{"type":"Feature","geometry":{"type":"Point","coordinates":[111.86113870323622,33.69180880430892]},"properties":{"peak_name":"1707无名峰","peak_elev":1707,"peak_lon":111.852919,"peak_lat":33.682107,"base_elev":944,"distance_m":1318.7,"vertical_relief_m":763.0,"max_jut":381.8504,"search_radius_m":1375,"elev_angle_deg":30.0537,"is_expanded":false}},{"type":"Feature","geometry":{"type":"Point","coordinates":[111.64742949714416,33.84488172872289]},"properties":{"peak_name":"1711无名峰","peak_elev":1711,"peak_lon":111.66090393066406,"peak_lat":33.847307,"base_elev":1109,"distance_m":1275.8,"vertical_relief_m":602.0,"max_jut":257.317,"search_radius_m":1375,"elev_angle_deg":25.2608,"is_expanded":false}},{"type":"Feature","geometry":{"type":"Point","coordinates":[111.42159303471654,33.96777125959044]},"properties":{"peak_name":"1712无名峰","peak_elev":1712,"peak_lon":111.423749,"peak_lat":33.969388,"base_elev":1497,"distance_m":268.1,"vertical_relief_m":215.0,"max_jut":134.5249,"search_radius_m":500,"elev_angle_deg":38.7275,"is_expanded":false}},{"type":"Feature","geometry":{"type":"Point","coordinates":[111.43075585061456,33.88234147607067]},"properties":{"peak_name":"1713无名峰","peak_elev":1713,"peak_lon":111.432912,"peak_lat":33.89392852783203,"base_elev":1122,"distance_m":1300.6,"vertical_relief_m":591.0,"max_jut":244.0129,"search_radius_m":1375,"elev_angle_deg":24.4373,"is_expanded":false}},{"type":"Feature","geometry":{"type":"Point","coordinates":[111.91746307155051,33.49426927333104]},"properties":{"peak_name":"1715无名峰","peak_elev":1715,"peak_lon":111.941987,"peak_lat":33.487801,"base_elev":868,"distance_m":2389.3,"vertical_relief_m":847.0,"max_jut":283.425,"search_radius_m":6000,"elev_angle_deg":19.5193,"is_expanded":false}},{"type":"Feature","geometry":{"type":"Point","coordinates":[112.23196325252076,33.366259345344005]},"properties":{"peak_name":"1718无名峰","peak_elev":1718,"peak_lon":112.202588,"peak_lat":33.358983,"base_elev":571,"distance_m":2850.6,"vertical_relief_m":1147.0,"max_jut":428.7987,"search_radius_m":6750,"elev_angle_deg":21.9184,"is_expanded":false}},{"type":"Feature","geometry":{"type":"Point","coordinates":[111.73205079690824,34.26933570046936]},"properties":{"peak_name":"1719无名峰","peak_elev":1719,"peak_lon":111.760482,"peak_lat":34.25990295410156,"base_elev":778,"distance_m":2819.8,"vertical_relief_m":941.0,"max_jut":298.2796,"search_radius_m":3000,"elev_angle_deg":18.4545,"is_expanded":false}},{"type":"Feature","geometry":{"type":"Point","coordinates":[111.92258346866998,33.47270970651217]},"properties":{"peak_name":"1721无名峰","peak_elev":1721,"peak_lon":111.932555,"peak_lat":33.479986,"base_elev":922,"distance_m":1229.0,"vertical_relief_m":799.0,"max_jut":435.558,"search_radius_m":1250,"elev_angle_deg":33.0288,"is_expanded":false}},{"type":"Feature","geometry":{"type":"Point","coordinates":[111.84281307144018,34.323773606687006]},"properties":{"peak_name":"1722无名峰","peak_elev":1722,"peak_lon":111.836076,"peak_lat":34.300597,"base_elev":883,"distance_m":2644.7,"vertical_relief_m":839.0,"max_jut":253.2082,"search_radius_m":7250,"elev_angle_deg":17.601,"is_expanded":true}},{"type":"Feature","geometry":{"type":"Point","coordinates":[111.90479682604442,33.52094923726939]},"properties":{"peak_name":"1727无名峰(1)","peak_elev":1727,"peak_lon":111.923931,"peak_lat":33.527148,"base_elev":910,"distance_m":1905.8,"vertical_relief_m":817.0,"max_jut":322.3278,"search_radius_m":4000,"elev_angle_deg":23.2044,"is_expanded":false}},{"type":"Feature","geometry":{"type":"Point","coordinates":[111.97540440737622,33.49426927333104]},"properties":{"peak_name":"1729无名峰","peak_elev":1729,"peak_lon":111.970015,"peak_lat":33.48483657836914,"base_elev":1043,"distance_m":1159.9,"vertical_relief_m":686.0,"max_jut":348.7778,"search_radius_m":4000,"elev_angle_deg":30.6014,"is_expanded":false}},{"type":"Feature","geometry":{"type":"Point","coordinates":[111.40057245706814,33.86617180095652]},"properties":{"peak_name":"1737无名峰","peak_elev":1737,"peak_lon":111.394105,"peak_lat":33.876413,"base_elev":1181,"distance_m":1283.9,"vertical_relief_m":556.0,"max_jut":220.6752,"search_radius_m":1500,"elev_angle_deg":23.4153,"is_expanded":false}},{"type":"Feature","geometry":{"type":"Point","coordinates":[111.16907660835054,33.82440014024496]},"properties":{"peak_name":"1739无名峰(1)","peak_elev":1739,"peak_lon":111.169077,"peak_lat":33.815237,"base_elev":1169,"distance_m":1016.4,"vertical_relief_m":570.0,"max_jut":278.2879,"search_radius_m":4000,"elev_angle_deg":29.2838,"is_expanded":false}},{"type":"Feature","geometry":{"type":"Point","coordinates":[111.73205079690824,34.26933570046936]},"properties":{"peak_name":"1746无名峰","peak_elev":1746,"peak_lon":111.756575,"peak_lat":34.263407,"base_elev":778,"distance_m":2352.4,"vertical_relief_m":968.0,"max_jut":368.9273,"search_radius_m":2750,"elev_angle_deg":22.3669,"is_expanded":false}},{"type":"Feature","geometry":{"type":"Point","coordinates":[111.8452385227073,34.23834382316724]},"properties":{"peak_name":"1748无名峰","peak_elev":1748,"peak_lon":111.806162,"peak_lat":34.249932,"base_elev":755,"distance_m":3822.3,"vertical_relief_m":993.0,"max_jut":250.0844,"search_radius_m":5250,"elev_angle_deg":14.563,"is_expanded":false}},{"type":"Feature","geometry":{"type":"Point","coordinates":[111.84739447938918,33.74975014013463]},"properties":{"peak_name":"1751无名峰","peak_elev":1751,"peak_lon":111.83904266357422,"peak_lat":33.764033,"base_elev":1082,"distance_m":1763.1,"vertical_relief_m":669.0,"max_jut":237.0095,"search_radius_m":3500,"elev_angle_deg":20.779,"is_expanded":false}},{"type":"Feature","geometry":{"type":"Point","coordinates":[112.2901740829317,33.728460067901]},"properties":{"peak_name":"1753无名峰","peak_elev":1753,"peak_lon":112.267132,"peak_lat":33.710673,"base_elev":762,"distance_m":2907.5,"vertical_relief_m":991.0,"max_jut":319.6995,"search_radius_m":4000,"elev_angle_deg":18.8213,"is_expanded":true}},{"type":"Feature","geometry":{"type":"Point","coordinates":[111.57439646454526,34.18444490612007]},"properties":{"peak_name":"1754无名峰(1)","peak_elev":1754,"peak_lon":111.571432,"peak_lat":34.171779,"base_elev":1067,"distance_m":1431.3,"vertical_relief_m":687.0,"max_jut":296.7305,"search_radius_m":1500,"elev_angle_deg":25.6402,"is_expanded":false}},{"type":"Feature","geometry":{"type":"Point","coordinates":[111.83877065266164,34.239421801508186]},"properties":{"peak_name":"1756无名峰","peak_elev":1756,"peak_lon":111.815864,"peak_lat":34.249393463134766,"base_elev":849,"distance_m":2382.5,"vertical_relief_m":907.0,"max_jut":323.045,"search_radius_m":4250,"elev_angle_deg":20.8415,"is_expanded":false}},{"type":"Feature","geometry":{"type":"Point","coordinates":[111.87865585127656,34.30571746947621]},"properties":{"peak_name":"1758无名峰","peak_elev":1758,"peak_lon":111.846317,"peak_lat":34.293321,"base_elev":856,"distance_m":3279.3,"vertical_relief_m":902.0,"max_jut":239.5087,"search_radius_m":5250,"elev_angle_deg":15.3794,"is_expanded":false}},{"type":"Feature","geometry":{"type":"Point","coordinates":[111.94926343260832,33.52472216146269]},"properties":{"peak_name":"1760无名峰","peak_elev":1760,"peak_lon":111.944143,"peak_lat":33.535232,"base_elev":941,"distance_m":1259.0,"vertical_relief_m":819.0,"max_jut":446.0138,"search_radius_m":2750,"elev_angle_deg":33.0447,"is_expanded":false}},{"type":"Feature","geometry":{"type":"Point","coordinates":[111.16745964083913,33.80230158425562]},"properties":{"peak_name":"1764无名峰","peak_elev":1764,"peak_lon":111.17514038085938,"peak_lat":33.814429,"base_elev":1083,"distance_m":1521.6,"vertical_relief_m":681.0,"max_jut":277.8581,"search_radius_m":1750,"elev_angle_deg":24.1112,"is_expanded":false}},{"type":"Feature","geometry":{"type":"Point","coordinates":[111.17231054337336,33.802571078840856]},"properties":{"peak_name":"1766无名峰","peak_elev":1766,"peak_lon":111.179856,"peak_lat":33.813621520996094,"base_elev":1148,"distance_m":1410.8,"vertical_relief_m":618.0,"max_jut":247.684,"search_radius_m":1625,"elev_angle_deg":23.6558,"is_expanded":false}},{"type":"Feature","geometry":{"type":"Point","coordinates":[111.56927606742578,34.12246115151582]},"properties":{"peak_name":"1778无名峰","peak_elev":1779,"peak_lon":111.590431,"peak_lat":34.12044143676758,"base_elev":999,"distance_m":1964.4,"vertical_relief_m":780.0,"max_jut":288.3711,"search_radius_m":2250,"elev_angle_deg":21.6564,"is_expanded":false}},{"type":"Feature","geometry":{"type":"Point","coordinates":[111.95842624850636,33.51960176434321]},"properties":{"peak_name":"1783无名峰","peak_elev":1783,"peak_lon":111.942257,"peak_lat":33.508283,"base_elev":800,"distance_m":1957.8,"vertical_relief_m":983.0,"max_jut":441.1528,"search_radius_m":2250,"elev_angle_deg":26.661,"is_expanded":false}},{"type":"Feature","geometry":{"type":"Point","coordinates":[111.66764159103688,33.70474454440024]},"properties":{"peak_name":"1784无名峰","peak_elev":1784,"peak_lon":111.669259,"peak_lat":33.694234,"base_elev":1252,"distance_m":1175.4,"vertical_relief_m":532.0,"max_jut":218.9241,"search_radius_m":6500,"elev_angle_deg":24.3521,"is_expanded":false}},{"type":"Feature","geometry":{"type":"Point","coordinates":[112.00073689838838,33.87991602480355]},"properties":{"peak_name":"1785无名峰","peak_elev":1785,"peak_lon":112.01852416992188,"peak_lat":33.886249,"base_elev":1011,"distance_m":1789.2,"vertical_relief_m":774.0,"max_jut":307.691,"search_radius_m":3000,"elev_angle_deg":23.3931,"is_expanded":false}},{"type":"Feature","geometry":{"type":"Point","coordinates":[111.51052624784435,34.14402071833469]},"properties":{"peak_name":"1788无名峰","peak_elev":1788,"peak_lon":111.507831,"peak_lat":34.132971,"base_elev":1234,"distance_m":1250.7,"vertical_relief_m":554.0,"max_jut":223.9552,"search_radius_m":1375,"elev_angle_deg":23.891,"is_expanded":false}},{"type":"Feature","geometry":{"type":"Point","coordinates":[111.57520494830096,34.13270194575478]},"properties":{"peak_name":"1792无名峰","peak_elev":1792,"peak_lon":111.595687,"peak_lat":34.131893157958984,"base_elev":1056,"distance_m":1891.4,"vertical_relief_m":736.0,"max_jut":267.4023,"search_radius_m":2250,"elev_angle_deg":21.2625,"is_expanded":false}},{"type":"Feature","geometry":{"type":"Point","coordinates":[111.79834646487626,33.55733100627623]},"properties":{"peak_name":"1794无名峰","peak_elev":1794,"peak_lon":111.803736,"peak_lat":33.575926,"base_elev":1020,"distance_m":2122.3,"vertical_relief_m":774.0,"max_jut":264.6629,"search_radius_m":5250,"elev_angle_deg":20.0368,"is_expanded":false}},{"type":"Feature","geometry":{"type":"Point","coordinates":[111.73043382939684,33.69450375016128]},"properties":{"peak_name":"1802无名峰","peak_elev":1802,"peak_lon":111.736902,"peak_lat":33.678469,"base_elev":1145,"distance_m":1876.9,"vertical_relief_m":657.0,"max_jut":216.6685,"search_radius_m":4500,"elev_angle_deg":19.2924,"is_expanded":false}},{"type":"Feature","geometry":{"type":"Point","coordinates":[112.17159646542792,33.67941205338807]},"properties":{"peak_name":"1807无名峰","peak_elev":1803,"peak_lon":112.17765808105467,"peak_lat":33.723205,"base_elev":770,"distance_m":4889.8,"vertical_relief_m":1033.0,"max_jut":213.0181,"search_radius_m":5000,"elev_angle_deg":11.9287,"is_expanded":false}},{"type":"Feature","geometry":{"type":"Point","coordinates":[111.65874826972409,34.172856638954926]},"properties":{"peak_name":"1815无名峰","peak_elev":1815,"peak_lon":111.666833,"peak_lat":34.16046142578125,"base_elev":1155,"distance_m":1564.0,"vertical_relief_m":660.0,"max_jut":256.2963,"search_radius_m":5500,"elev_angle_deg":22.8795,"is_expanded":false}},{"type":"Feature","geometry":{"type":"Point","coordinates":[111.7670850929889,33.70474454440024]},"properties":{"peak_name":"1816无名峰(3)","peak_elev":1816,"peak_lon":111.774361,"peak_lat":33.707978,"base_elev":1093,"distance_m":763.9,"vertical_relief_m":723.0,"max_jut":497.2819,"search_radius_m":1000,"elev_angle_deg":43.4244,"is_expanded":false}},{"type":"Feature","geometry":{"type":"Point","coordinates":[111.19279213185128,33.81981873229596]},"properties":{"peak_name":"1817无名峰(1)","peak_elev":1817,"peak_lon":111.191175,"peak_lat":33.810386,"base_elev":1239,"distance_m":1056.9,"vertical_relief_m":578.0,"max_jut":276.8182,"search_radius_m":5000,"elev_angle_deg":28.6735,"is_expanded":false}},{"type":"Feature","geometry":{"type":"Point","coordinates":[111.69998094126515,33.70178010396265]},"properties":{"peak_name":"1818无名峰","peak_elev":1818,"peak_lon":111.708874,"peak_lat":33.692348,"base_elev":1126,"distance_m":1332.0,"vertical_relief_m":692.0,"max_jut":318.8329,"search_radius_m":1625,"elev_angle_deg":27.4528,"is_expanded":false}},{"type":"Feature","geometry":{"type":"Point","coordinates":[111.1914446589251,33.785592919971]},"properties":{"peak_name":"1819无名峰","peak_elev":1819,"peak_lon":111.190232,"peak_lat":33.794756,"base_elev":1056,"distance_m":1022.5,"vertical_relief_m":763.0,"max_jut":455.5906,"search_radius_m":1125,"elev_angle_deg":36.7307,"is_expanded":false}},{"type":"Feature","geometry":{"type":"Point","coordinates":[111.96947552650104,33.515559345564675]},"properties":{"peak_name":"1822无名峰(2)","peak_elev":1822,"peak_lon":111.95626831054688,"peak_lat":33.497638,"base_elev":731,"distance_m":2336.0,"vertical_relief_m":1091.0,"max_jut":461.184,"search_radius_m":3000,"elev_angle_deg":25.0343,"is_expanded":false}},{"type":"Feature","geometry":{"type":"Point","coordinates":[111.51645512871956,34.14698515877228]},"properties":{"peak_name":"1824无名峰","peak_elev":1824,"peak_lon":111.519824,"peak_lat":34.134049,"base_elev":1142,"distance_m":1468.2,"vertical_relief_m":682.0,"max_jut":286.788,"search_radius_m":2000,"elev_angle_deg":24.9155,"is_expanded":false}},{"type":"Feature","geometry":{"type":"Point","coordinates":[111.59029664507418,34.143481729164215]},"properties":{"peak_name":"1828无名峰","peak_elev":1828,"peak_lon":111.59918975830078,"peak_lat":34.14267349243164,"base_elev":1325,"distance_m":825.1,"vertical_relief_m":503.0,"max_jut":262.2293,"search_radius_m":875,"elev_angle_deg":31.3674,"is_expanded":false}},{"type":"Feature","geometry":{"type":"Point","coordinates":[111.81047372121188,33.58697541065217]},"properties":{"peak_name":"1835无名峰","peak_elev":1835,"peak_lon":111.821523,"peak_lat":33.581855,"base_elev":1205,"distance_m":1172.5,"vertical_relief_m":630.0,"max_jut":298.4333,"search_radius_m":1375,"elev_angle_deg":28.2497,"is_expanded":false}},{"type":"Feature","geometry":{"type":"Point","coordinates":[111.22620946042052,34.449897072577386]},"properties":{"peak_name":"1837无名峰","peak_elev":1837,"peak_lon":111.22081756591795,"peak_lat":34.461755,"base_elev":1318,"distance_m":1405.6,"vertical_relief_m":519.0,"max_jut":179.4832,"search_radius_m":3500,"elev_angle_deg":20.266,"is_expanded":false}},{"type":"Feature","geometry":{"type":"Point","coordinates":[111.41027426213662,34.117071259811105]},"properties":{"peak_name":"1838无名峰(2)","peak_elev":1838,"peak_lon":111.41485595703124,"peak_lat":34.1052131652832,"base_elev":1192,"distance_m":1381.6,"vertical_relief_m":646.0,"max_jut":273.1664,"search_radius_m":1875,"elev_angle_deg":25.0596,"is_expanded":false}},{"type":"Feature","geometry":{"type":"Point","coordinates":[111.68300278239532,34.153992017988415]},"properties":{"peak_name":"1841无名峰","peak_elev":1836,"peak_lon":111.67127990722656,"peak_lat":34.16328811645508,"base_elev":1158,"distance_m":1493.9,"vertical_relief_m":678.0,"max_jut":280.1946,"search_radius_m":1500,"elev_angle_deg":24.4107,"is_expanded":false}},{"type":"Feature","geometry":{"type":"Point","coordinates":[111.6423091000247,33.59236530235689]},"properties":{"peak_name":"1845无名峰","peak_elev":1845,"peak_lon":111.655245,"peak_lat":33.617427825927734,"base_elev":728,"distance_m":3028.0,"vertical_relief_m":1117.0,"max_jut":385.9856,"search_radius_m":3750,"elev_angle_deg":20.2485,"is_expanded":false}},{"type":"Feature","geometry":{"type":"Point","coordinates":[111.28927119336572,34.13297144034002]},"properties":{"peak_name":"1850无名峰","peak_elev":1850,"peak_lon":111.307866,"peak_lat":34.116263,"base_elev":1038,"distance_m":2525.4,"vertical_relief_m":812.0,"max_jut":248.4749,"search_radius_m":3500,"elev_angle_deg":17.8243,"is_expanded":false}},{"type":"Feature","geometry":{"type":"Point","coordinates":[111.68866216868528,34.21139436464365]},"properties":{"peak_name":"1851无名峰(1)","peak_elev":1851,"peak_lon":111.712378,"peak_lat":34.208160400390625,"base_elev":996,"distance_m":2214.8,"vertical_relief_m":855.0,"max_jut":308.4599,"search_radius_m":3250,"elev_angle_deg":21.1086,"is_expanded":false}},{"type":"Feature","geometry":{"type":"Point","coordinates":[111.8107432157971,33.58428046479982]},"properties":{"peak_name":"1855无名峰","peak_elev":1855,"peak_lon":111.819367,"peak_lat":33.575926,"base_elev":1252,"distance_m":1224.6,"vertical_relief_m":603.0,"max_jut":266.2614,"search_radius_m":4750,"elev_angle_deg":26.2159,"is_expanded":false}},{"type":"Feature","geometry":{"type":"Point","coordinates":[111.68030783654297,34.1876788411429]},"properties":{"peak_name":"1856无名峰","peak_elev":1856,"peak_lon":111.677343,"peak_lat":34.172857,"base_elev":1078,"distance_m":1666.7,"vertical_relief_m":778.0,"max_jut":328.4566,"search_radius_m":2250,"elev_angle_deg":25.0227,"is_expanded":false}},{"type":"Feature","geometry":{"type":"Point","coordinates":[111.65632281845696,34.14213425623804]},"properties":{"peak_name":"1860无名峰","peak_elev":1860,"peak_lon":111.648103,"peak_lat":34.14563751220703,"base_elev":1334,"distance_m":851.9,"vertical_relief_m":526.0,"max_jut":276.5899,"search_radius_m":1250,"elev_angle_deg":31.693,"is_expanded":false}},{"type":"Feature","geometry":{"type":"Point","coordinates":[111.6805773311282,34.19172125992144]},"properties":{"peak_name":"1863无名峰(2)","peak_elev":1863,"peak_lon":111.692435,"peak_lat":34.173665,"base_elev":1004,"distance_m":2281.8,"vertical_relief_m":859.0,"max_jut":302.274,"search_radius_m":2500,"elev_angle_deg":20.6292,"is_expanded":false}},{"type":"Feature","geometry":{"type":"Point","coordinates":[112.23115476876504,33.759451945203125]},"properties":{"peak_name":"1868无名峰","peak_elev":1868,"peak_lon":112.2443618774414,"peak_lat":33.748942,"base_elev":1067,"distance_m":1690.0,"vertical_relief_m":801.0,"max_jut":343.0291,"search_radius_m":4250,"elev_angle_deg":25.3593,"is_expanded":false}},{"type":"Feature","geometry":{"type":"Point","coordinates":[111.65847877513885,34.135935880777616]},"properties":{"peak_name":"1872无名峰","peak_elev":1872,"peak_lon":111.667642,"peak_lat":34.145368,"base_elev":1226,"distance_m":1345.0,"vertical_relief_m":646.0,"max_jut":279.5561,"search_radius_m":1375,"elev_angle_deg":25.6549,"is_expanded":false}},{"type":"Feature","geometry":{"type":"Point","coordinates":[111.22459249290912,34.45124454550356]},"properties":{"peak_name":"1876无名峰","peak_elev":1876,"peak_lon":111.2154312133789,"peak_lat":34.45501708984375,"base_elev":1354,"distance_m":940.1,"vertical_relief_m":522.0,"max_jut":253.6496,"search_radius_m":4250,"elev_angle_deg":29.0417,"is_expanded":false}},{"type":"Feature","geometry":{"type":"Point","coordinates":[111.60943076062593,34.16477180139785]},"properties":{"peak_name":"1877无名峰","peak_elev":1877,"peak_lon":111.616168,"peak_lat":34.152645111083984,"base_elev":1149,"distance_m":1481.7,"vertical_relief_m":728.0,"max_jut":320.6095,"search_radius_m":3000,"elev_angle_deg":26.1662,"is_expanded":false}},{"type":"Feature","geometry":{"type":"Point","coordinates":[112.1414130718815,33.69719869601364]},"properties":{"peak_name":"1881无名峰","peak_elev":1881,"peak_lon":112.168902,"peak_lat":33.722531,"base_elev":849,"distance_m":3793.2,"vertical_relief_m":1032.0,"max_jut":270.8411,"search_radius_m":4250,"elev_angle_deg":15.2198,"is_expanded":false}},{"type":"Feature","geometry":{"type":"Point","coordinates":[111.23052137378431,33.78262847953341]},"properties":{"peak_name":"1884无名峰","peak_elev":1884,"peak_lon":111.227287,"peak_lat":33.802032470703125,"base_elev":1151,"distance_m":2173.0,"vertical_relief_m":733.0,"max_jut":233.7819,"search_radius_m":2250,"elev_angle_deg":18.6404,"is_expanded":false}},{"type":"Feature","geometry":{"type":"Point","coordinates":[111.20276343150502,34.47549905817479]},"properties":{"peak_name":"1893无名峰","peak_elev":1893,"peak_lon":111.206267,"peak_lat":34.461755,"base_elev":1316,"distance_m":1558.3,"vertical_relief_m":577.0,"max_jut":199.9758,"search_radius_m":3500,"elev_angle_deg":20.3183,"is_expanded":false}},{"type":"Feature","geometry":{"type":"Point","coordinates":[111.48627173517312,34.131354472828605]},"properties":{"peak_name":"1901无名峰","peak_elev":1901,"peak_lon":111.487619,"peak_lat":34.139978,"base_elev":1383,"distance_m":964.6,"vertical_relief_m":518.0,"max_jut":244.622,"search_radius_m":1625,"elev_angle_deg":28.2363,"is_expanded":false}},{"type":"Feature","geometry":{"type":"Point","coordinates":[111.2183941174487,33.77616060948775]},"properties":{"peak_name":"1903无名峰","peak_elev":1903,"peak_lon":111.213274,"peak_lat":33.802841,"base_elev":986,"distance_m":2997.1,"vertical_relief_m":917.0,"max_jut":267.7101,"search_radius_m":3500,"elev_angle_deg":17.0121,"is_expanded":false}},{"type":"Feature","geometry":{"type":"Point","coordinates":[111.19036668058416,33.78370645787435]},"properties":{"peak_name":"1906无名峰","peak_elev":1906,"peak_lon":111.198991,"peak_lat":33.806613,"base_elev":1016,"distance_m":2663.3,"vertical_relief_m":890.0,"max_jut":281.5543,"search_radius_m":4750,"elev_angle_deg":18.4782,"is_expanded":false}},{"type":"Feature","geometry":{"type":"Point","coordinates":[111.555801338164,33.7254956274634]},"properties":{"peak_name":"1907无名峰","peak_elev":1907,"peak_lon":111.562943,"peak_lat":33.727921,"base_elev":1420,"distance_m":714.5,"vertical_relief_m":487.0,"max_jut":274.5739,"search_radius_m":750,"elev_angle_deg":34.2782,"is_expanded":false}},{"type":"Feature","geometry":{"type":"Point","coordinates":[111.60862227687022,34.16558028515356]},"properties":{"peak_name":"1915无名峰","peak_elev":1915,"peak_lon":111.602154,"peak_lat":34.14981460571289,"base_elev":1135,"distance_m":1847.7,"vertical_relief_m":780.0,"max_jut":302.8432,"search_radius_m":2000,"elev_angle_deg":22.8869,"is_expanded":false}},{"type":"Feature","geometry":{"type":"Point","coordinates":[111.24911650016558,33.7599909343736]},"properties":{"peak_name":"1928无名峰","peak_elev":1928,"peak_lon":111.259896,"peak_lat":33.784784,"base_elev":962,"distance_m":2925.7,"vertical_relief_m":966.0,"max_jut":302.344,"search_radius_m":3000,"elev_angle_deg":18.2721,"is_expanded":false}},{"type":"Feature","geometry":{"type":"Point","coordinates":[111.80723978618904,33.62120122297713]},"properties":{"peak_name":"1931无名峰","peak_elev":1931,"peak_lon":111.824487,"peak_lat":33.623357,"base_elev":1156,"distance_m":1618.2,"vertical_relief_m":775.0,"max_jut":335.3238,"search_radius_m":2250,"elev_angle_deg":25.591,"is_expanded":false}},{"type":"Feature","geometry":{"type":"Point","coordinates":[112.23142426335028,33.753523064327936]},"properties":{"peak_name":"1933无名峰","peak_elev":1933,"peak_lon":112.239509,"peak_lat":33.740318,"base_elev":1177,"distance_m":1645.1,"vertical_relief_m":756.0,"max_jut":315.2708,"search_radius_m":8000,"elev_angle_deg":24.681,"is_expanded":true}},{"type":"Feature","geometry":{"type":"Point","coordinates":[111.57331848620431,33.72360916536675]},"properties":{"peak_name":"1935无名峰","peak_elev":1935,"peak_lon":111.576013,"peak_lat":33.726035,"base_elev":1571,"distance_m":367.1,"vertical_relief_m":364.0,"max_jut":256.2482,"search_radius_m":375,"elev_angle_deg":44.7571,"is_expanded":false}},{"type":"Feature","geometry":{"type":"Point","coordinates":[112.27939429952228,33.73169400292383]},"properties":{"peak_name":"1936无名峰","peak_elev":1936,"peak_lon":112.242204,"peak_lat":33.736006,"base_elev":878,"distance_m":3479.5,"vertical_relief_m":1058.0,"max_jut":308.3757,"search_radius_m":9000,"elev_angle_deg":16.9128,"is_expanded":true}},{"type":"Feature","geometry":{"type":"Point","coordinates":[111.8759609054242,33.67429165626859]},"properties":{"peak_name":"1938无名峰","peak_elev":1938,"peak_lon":111.819906,"peak_lat":33.674292,"base_elev":790,"distance_m":5198.3,"vertical_relief_m":1148.0,"max_jut":248.0688,"search_radius_m":9250,"elev_angle_deg":12.4534,"is_expanded":true}},{"type":"Feature","geometry":{"type":"Point","coordinates":[111.40488437043192,34.11868822732252]},"properties":{"peak_name":"1939无名峰","peak_elev":1939,"peak_lon":111.433451,"peak_lat":34.12434768676758,"base_elev":1123,"distance_m":2709.1,"vertical_relief_m":816.0,"max_jut":235.7637,"search_radius_m":6750,"elev_angle_deg":16.7627,"is_expanded":false}},{"type":"Feature","geometry":{"type":"Point","coordinates":[111.44827299865489,33.713907360298265]},"properties":{"peak_name":"1960无名峰","peak_elev":1960,"peak_lon":111.466599,"peak_lat":33.735736,"base_elev":1059,"distance_m":2957.5,"vertical_relief_m":901.0,"max_jut":262.3496,"search_radius_m":4500,"elev_angle_deg":16.9433,"is_expanded":false}},{"type":"Feature","geometry":{"type":"Point","coordinates":[111.33212083241824,33.80634400303416]},"properties":{"peak_name":"1968无名峰","peak_elev":1968,"peak_lon":111.347752,"peak_lat":33.808231353759766,"base_elev":1318,"distance_m":1462.4,"vertical_relief_m":650.0,"max_jut":264.4627,"search_radius_m":1500,"elev_angle_deg":23.9639,"is_expanded":false}},{"type":"Feature","geometry":{"type":"Point","coordinates":[111.60134592306883,33.742743280918496]},"properties":{"peak_name":"1971无名峰(2)","peak_elev":1971,"peak_lon":111.592992,"peak_lat":33.721723,"base_elev":1000,"distance_m":2456.7,"vertical_relief_m":971.0,"max_jut":356.2846,"search_radius_m":5250,"elev_angle_deg":21.5662,"is_expanded":false}},{"type":"Feature","geometry":{"type":"Point","coordinates":[112.27508238615847,33.73169400292383]},"properties":{"peak_name":"1977无名峰","peak_elev":1977,"peak_lon":112.251367,"peak_lat":33.736545,"base_elev":948,"distance_m":2262.6,"vertical_relief_m":1029.0,"max_jut":426.659,"search_radius_m":7500,"elev_angle_deg":24.4554,"is_expanded":false}},{"type":"Feature","geometry":{"type":"Point","coordinates":[111.76385115796607,33.66135591617727]},"properties":{"peak_name":"1986无名峰","peak_elev":1986,"peak_lon":111.764121,"peak_lat":33.669306,"base_elev":1436,"distance_m":882.2,"vertical_relief_m":550.0,"max_jut":290.4634,"search_radius_m":6250,"elev_angle_deg":31.9411,"is_expanded":false}},{"type":"Feature","geometry":{"type":"Point","coordinates":[111.26932859405828,33.77238768529444]},"properties":{"peak_name":"1993无名峰","peak_elev":1993,"peak_lon":111.270137,"peak_lat":33.780742,"base_elev":1365,"distance_m":929.7,"vertical_relief_m":628.0,"max_jut":350.9377,"search_radius_m":1500,"elev_angle_deg":34.0385,"is_expanded":false}},{"type":"Feature","geometry":{"type":"Point","coordinates":[111.77624790888692,33.63575393057987]},"properties":{"peak_name":"2001无名峰","peak_elev":2001,"peak_lon":111.804814,"peak_lat":33.665129,"base_elev":1015,"distance_m":4199.7,"vertical_relief_m":986.0,"max_jut":225.2385,"search_radius_m":8750,"elev_angle_deg":13.2125,"is_expanded":false}},{"type":"Feature","geometry":{"type":"Point","coordinates":[111.80562281867763,33.715524327809675]},"properties":{"peak_name":"2002无名峰","peak_elev":2002,"peak_lon":111.804006,"peak_lat":33.674831,"base_elev":970,"distance_m":4516.1,"vertical_relief_m":1032.0,"max_jut":229.3582,"search_radius_m":9000,"elev_angle_deg":12.872,"is_expanded":false}},{"type":"Feature","geometry":{"type":"Point","coordinates":[112.04628148329324,33.66782378622293]},"properties":{"peak_name":"2013无名峰","peak_elev":2013,"peak_lon":112.038197,"peak_lat":33.695851,"base_elev":845,"distance_m":3197.8,"vertical_relief_m":1168.0,"max_jut":399.9284,"search_radius_m":7250,"elev_angle_deg":20.0648,"is_expanded":true}},{"type":"Feature","geometry":{"type":"Point","coordinates":[111.43506776397832,34.148063137113226]},"properties":{"peak_name":"2016无名峰","peak_elev":2016,"peak_lon":111.434529,"peak_lat":34.131624,"base_elev":1207,"distance_m":1824.2,"vertical_relief_m":809.0,"max_jut":327.3086,"search_radius_m":6250,"elev_angle_deg":23.9164,"is_expanded":false}},{"type":"Feature","geometry":{"type":"Point","coordinates":[111.79996343238768,33.703397071474065]},"properties":{"peak_name":"2018无名峰","peak_elev":2018,"peak_lon":111.799424,"peak_lat":33.689653,"base_elev":1222,"distance_m":1525.3,"vertical_relief_m":796.0,"max_jut":367.5549,"search_radius_m":2250,"elev_angle_deg":27.5585,"is_expanded":false}},{"type":"Feature","geometry":{"type":"Point","coordinates":[111.47603094093418,33.70393606064454]},"properties":{"peak_name":"2019无名峰","peak_elev":2019,"peak_lon":111.49273681640624,"peak_lat":33.721049,"base_elev":1234,"distance_m":2449.7,"vertical_relief_m":785.0,"max_jut":239.4235,"search_radius_m":7750,"elev_angle_deg":17.7679,"is_expanded":true}},{"type":"Feature","geometry":{"type":"Point","coordinates":[111.44881198782537,33.713907360298265]},"properties":{"peak_name":"2021无名峰","peak_elev":2021,"peak_lon":111.479534,"peak_lat":33.726843,"base_elev":1065,"distance_m":3188.6,"vertical_relief_m":956.0,"max_jut":274.8739,"search_radius_m":7750,"elev_angle_deg":16.6897,"is_expanded":false}},{"type":"Feature","geometry":{"type":"Point","coordinates":[111.4145861755004,33.78640140372671]},"properties":{"peak_name":"2035无名峰","peak_elev":2035,"peak_lon":111.382247,"peak_lat":33.77912521362305,"base_elev":1134,"distance_m":3102.1,"vertical_relief_m":901.0,"max_jut":251.729,"search_radius_m":6500,"elev_angle_deg":16.1959,"is_expanded":false}},{"type":"Feature","geometry":{"type":"Point","coordinates":[111.84469953353684,33.69342577182034]},"properties":{"peak_name":"2039无名峰","peak_elev":2039,"peak_lon":111.834863,"peak_lat":33.68587875366211,"base_elev":1155,"distance_m":1238.0,"vertical_relief_m":884.0,"max_jut":513.7145,"search_radius_m":1625,"elev_angle_deg":35.5289,"is_expanded":false}},{"type":"Feature","geometry":{"type":"Point","coordinates":[111.46147823333143,34.148063137113226]},"properties":{"peak_name":"2048无名峰","peak_elev":2048,"peak_lon":111.451237,"peak_lat":34.133241,"base_elev":1232,"distance_m":1896.2,"vertical_relief_m":816.0,"max_jut":322.2023,"search_radius_m":2750,"elev_angle_deg":23.2839,"is_expanded":false}},{"type":"Feature","geometry":{"type":"Point","coordinates":[111.60727480394404,33.74759418345275]},"properties":{"peak_name":"2050无名峰","peak_elev":2050,"peak_lon":111.619672,"peak_lat":33.724418,"base_elev":902,"distance_m":2815.7,"vertical_relief_m":1148.0,"max_jut":432.7692,"search_radius_m":4500,"elev_angle_deg":22.1814,"is_expanded":false}},{"type":"Feature","geometry":{"type":"Point","coordinates":[111.26178274567168,33.76187739647025]},"properties":{"peak_name":"2052无名峰","peak_elev":2052,"peak_lon":111.289541,"peak_lat":33.777239,"base_elev":1075,"distance_m":3084.6,"vertical_relief_m":977.0,"max_jut":295.2152,"search_radius_m":5750,"elev_angle_deg":17.5748,"is_expanded":false}},{"type":"Feature","geometry":{"type":"Point","coordinates":[111.60377137433598,33.74112631340709]},"properties":{"peak_name":"2055无名峰","peak_elev":2055,"peak_lon":111.604041,"peak_lat":33.724418,"base_elev":1028,"distance_m":1853.4,"vertical_relief_m":1027.0,"max_jut":496.814,"search_radius_m":2750,"elev_angle_deg":28.9916,"is_expanded":false}},{"type":"Feature","geometry":{"type":"Point","coordinates":[112.00100639297362,33.684801945092794]},"properties":{"peak_name":"2064无名峰","peak_elev":2064,"peak_lon":112.011786,"peak_lat":33.703936,"base_elev":993,"distance_m":2345.8,"vertical_relief_m":1071.0,"max_jut":444.1992,"search_radius_m":7250,"elev_angle_deg":24.5396,"is_expanded":false}},{"type":"Feature","geometry":{"type":"Point","coordinates":[111.3167596410598,33.75001963471987]},"properties":{"peak_name":"2076无名峰","peak_elev":2076,"peak_lon":111.304093,"peak_lat":33.760528564453125,"base_elev":1227,"distance_m":1654.1,"vertical_relief_m":849.0,"max_jut":387.6497,"search_radius_m":1750,"elev_angle_deg":27.1701,"is_expanded":false}},{"type":"Feature","geometry":{"type":"Point","coordinates":[111.41000476755138,33.781819995777695]},"properties":{"peak_name":"2077无名峰","peak_elev":2077,"peak_lon":111.388984,"peak_lat":33.777104,"base_elev":1219,"distance_m":2016.0,"vertical_relief_m":858.0,"max_jut":336.5068,"search_radius_m":3000,"elev_angle_deg":23.0544,"is_expanded":false}},{"type":"Feature","geometry":{"type":"Point","coordinates":[112.00208437131457,33.68830537470085]},"properties":{"peak_name":"2078无名峰(2)","peak_elev":2070,"peak_lon":112.004645,"peak_lat":33.704879,"base_elev":1079,"distance_m":1853.6,"vertical_relief_m":991.0,"max_jut":466.3651,"search_radius_m":4750,"elev_angle_deg":28.1305,"is_expanded":false}},{"type":"Feature","geometry":{"type":"Point","coordinates":[111.96839754816008,33.69800717976935]},"properties":{"peak_name":"2082无名峰","peak_elev":2082,"peak_lon":111.995886,"peak_lat":33.710134,"base_elev":843,"distance_m":2881.5,"vertical_relief_m":1239.0,"max_jut":489.917,"search_radius_m":4250,"elev_angle_deg":23.2669,"is_expanded":false}},{"type":"Feature","geometry":{"type":"Point","coordinates":[112.0069352738488,33.66863226997864]},"properties":{"peak_name":"2083无名峰","peak_elev":2083,"peak_lon":112.022701,"peak_lat":33.697738,"base_elev":769,"distance_m":3543.9,"vertical_relief_m":1314.0,"max_jut":456.1366,"search_radius_m":7000,"elev_angle_deg":20.3437,"is_expanded":false}},{"type":"Feature","geometry":{"type":"Point","coordinates":[111.79699899195008,33.631172522630855]},"properties":{"peak_name":"2092无名峰","peak_elev":2092,"peak_lon":111.804006,"peak_lat":33.650846,"base_elev":1114,"distance_m":2276.9,"vertical_relief_m":978.0,"max_jut":385.294,"search_radius_m":7750,"elev_angle_deg":23.245,"is_expanded":false}},{"type":"Feature","geometry":{"type":"Point","coordinates":[111.3973385220453,34.12030519483393]},"properties":{"peak_name":"2093无名峰","peak_elev":2093,"peak_lon":111.416742,"peak_lat":34.1363410949707,"base_elev":1050,"distance_m":2523.4,"vertical_relief_m":1043.0,"max_jut":398.3828,"search_radius_m":2750,"elev_angle_deg":22.4568,"is_expanded":false}},{"type":"Feature","geometry":{"type":"Point","coordinates":[111.34478707792432,33.79556421962473]},"properties":{"peak_name":"2101无名峰","peak_elev":2101,"peak_lon":111.357723,"peak_lat":33.793678,"base_elev":1447,"distance_m":1216.1,"vertical_relief_m":654.0,"max_jut":310.2449,"search_radius_m":1625,"elev_angle_deg":28.2707,"is_expanded":false}},{"type":"Feature","geometry":{"type":"Point","coordinates":[111.96839754816008,33.69800717976935]},"properties":{"peak_name":"2116无名峰","peak_elev":2116,"peak_lon":111.998042,"peak_lat":33.70460891723633,"base_elev":843,"distance_m":2844.1,"vertical_relief_m":1273.0,"max_jut":520.878,"search_radius_m":4000,"elev_angle_deg":24.113,"is_expanded":false}},{"type":"Feature","geometry":{"type":"Point","coordinates":[111.77705639264262,33.64033533852887]},"properties":{"peak_name":"2129无名峰","peak_elev":2129,"peak_lon":111.799963,"peak_lat":33.656505,"base_elev":1075,"distance_m":2780.6,"vertical_relief_m":1054.0,"max_jut":373.6697,"search_radius_m":8000,"elev_angle_deg":20.7595,"is_expanded":false}},{"type":"Feature","geometry":{"type":"Point","coordinates":[111.40057245706814,33.79017432792001]},"properties":{"peak_name":"2134无名峰","peak_elev":2134,"peak_lon":111.3773956298828,"peak_lat":33.783706,"base_elev":1295,"distance_m":2263.2,"vertical_relief_m":839.0,"max_jut":292.0534,"search_radius_m":6750,"elev_angle_deg":20.3405,"is_expanded":false}},{"type":"Feature","geometry":{"type":"Point","coordinates":[111.87407444332752,33.65111512193831]},"properties":{"peak_name":"2135无名峰","peak_elev":2135,"peak_lon":111.837693,"peak_lat":33.64491653442383,"base_elev":797,"distance_m":3444.2,"vertical_relief_m":1338.0,"max_jut":485.3198,"search_radius_m":4500,"elev_angle_deg":21.2301,"is_expanded":false}},{"type":"Feature","geometry":{"type":"Point","coordinates":[112.27616036449945,33.73088551916812]},"properties":{"peak_name":"2151无名峰","peak_elev":2151,"peak_lon":112.244899,"peak_lat":33.72037506103516,"base_elev":927,"distance_m":3123.1,"vertical_relief_m":1224.0,"max_jut":447.1963,"search_radius_m":10000,"elev_angle_deg":21.4011,"is_expanded":true}},{"type":"Feature","geometry":{"type":"Point","coordinates":[111.66144321557644,33.74004833506614]},"properties":{"peak_name":"2198无名峰","peak_elev":2198,"peak_lon":111.639884,"peak_lat":33.718219,"base_elev":926,"distance_m":3139.2,"vertical_relief_m":1272.0,"max_jut":477.411,"search_radius_m":3750,"elev_angle_deg":22.0577,"is_expanded":false}},{"type":"Feature","geometry":{"type":"Point","coordinates":[111.77651740347216,33.65488804613161]},"properties":{"peak_name":"2209无名峰","peak_elev":2209,"peak_lon":111.786219,"peak_lat":33.66243362426758,"base_elev":1392,"distance_m":1228.9,"vertical_relief_m":817.0,"max_jut":452.325,"search_radius_m":1250,"elev_angle_deg":33.6168,"is_expanded":false}},{"type":"Feature","geometry":{"type":"Point","coordinates":[111.9233919524257,33.242022341550275]},"properties":{"peak_name":"686无名峰","peak_elev":686,"peak_lon":111.922314,"peak_lat":33.239058,"base_elev":411,"distance_m":343.8,"vertical_relief_m":275.0,"max_jut":171.5542,"search_radius_m":1125,"elev_angle_deg":38.6557,"is_expanded":false}},{"type":"Feature","geometry":{"type":"Point","coordinates":[112.30472679053445,33.4007546522542]},"properties":{"peak_name":"710无名峰","peak_elev":710,"peak_lon":112.3004150390625,"peak_lat":33.396173,"base_elev":306,"distance_m":647.4,"vertical_relief_m":404.0,"max_jut":213.7634,"search_radius_m":875,"elev_angle_deg":31.9656,"is_expanded":false}},{"type":"Feature","geometry":{"type":"Point","coordinates":[111.77058852259697,33.329338587166696]},"properties":{"peak_name":"713无名峰","peak_elev":713,"peak_lon":111.766546,"peak_lat":33.32718276977539,"base_elev":459,"distance_m":445.9,"vertical_relief_m":254.0,"max_jut":125.7921,"search_radius_m":625,"elev_angle_deg":29.6673,"is_expanded":false}},{"type":"Feature","geometry":{"type":"Point","coordinates":[112.6426730004202,33.55679201710576]},"properties":{"peak_name":"771无名峰","peak_elev":771,"peak_lon":112.638631,"peak_lat":33.55274963378906,"base_elev":324,"distance_m":584.7,"vertical_relief_m":447.0,"max_jut":271.3662,"search_radius_m":1000,"elev_angle_deg":37.3977,"is_expanded":false}},{"type":"Feature","geometry":{"type":"Point","coordinates":[111.21354321491444,33.39994616849849]},"properties":{"peak_name":"785无名峰","peak_elev":785,"peak_lon":111.209501,"peak_lat":33.394556,"base_elev":424,"distance_m":706.3,"vertical_relief_m":361.0,"max_jut":164.1399,"search_radius_m":875,"elev_angle_deg":27.0722,"is_expanded":false}},{"type":"Feature","geometry":{"type":"Point","coordinates":[113.53308311003948,34.34236873306828]},"properties":{"peak_name":"791无名峰","peak_elev":791,"peak_lon":113.530388,"peak_lat":34.347085,"base_elev":407,"distance_m":579.0,"vertical_relief_m":384.0,"max_jut":212.0192,"search_radius_m":1375,"elev_angle_deg":33.5528,"is_expanded":false}},{"type":"Feature","geometry":{"type":"Point","coordinates":[112.21336812613949,33.428512594533494]},"properties":{"peak_name":"818无名峰","peak_elev":818,"peak_lon":112.224687,"peak_lat":33.430669,"base_elev":325,"distance_m":1079.5,"vertical_relief_m":493.0,"max_jut":205.1342,"search_radius_m":1500,"elev_angle_deg":24.5458,"is_expanded":false}},{"type":"Feature","geometry":{"type":"Point","coordinates":[112.20285783731528,33.59883317240255]},"properties":{"peak_name":"820无名峰","peak_elev":820,"peak_lon":112.194504,"peak_lat":33.59505844116211,"base_elev":404,"distance_m":881.2,"vertical_relief_m":416.0,"max_jut":177.7467,"search_radius_m":1000,"elev_angle_deg":25.2712,"is_expanded":false}},{"type":"Feature","geometry":{"type":"Point","coordinates":[112.93938653876488,34.24184725277531]},"properties":{"peak_name":"831无名峰","peak_elev":831,"peak_lon":112.94288635253906,"peak_lat":34.243194580078125,"base_elev":596,"distance_m":355.4,"vertical_relief_m":235.0,"max_jut":129.7482,"search_radius_m":625,"elev_angle_deg":33.4737,"is_expanded":false}},{"type":"Feature","geometry":{"type":"Point","coordinates":[112.28020278327796,33.389166385089055]},"properties":{"peak_name":"837无名峰","peak_elev":837,"peak_lon":112.284784,"peak_lat":33.396712,"base_elev":269,"distance_m":939.2,"vertical_relief_m":568.0,"max_jut":293.6007,"search_radius_m":1500,"elev_angle_deg":31.1643,"is_expanded":false}},{"type":"Feature","geometry":{"type":"Point","coordinates":[113.1972928568356,34.62830248800353]},"properties":{"peak_name":"841无名峰","peak_elev":841,"peak_lon":113.192442,"peak_lat":34.626955,"base_elev":561,"distance_m":469.3,"vertical_relief_m":280.0,"max_jut":143.6536,"search_radius_m":625,"elev_angle_deg":30.8217,"is_expanded":false}},{"type":"Feature","geometry":{"type":"Point","coordinates":[112.55427877646284,34.00442252318251]},"properties":{"peak_name":"845无名峰","peak_elev":845,"peak_lon":112.549697,"peak_lat":34.005231,"base_elev":510,"distance_m":432.7,"vertical_relief_m":335.0,"max_jut":205.3457,"search_radius_m":500,"elev_angle_deg":37.7473,"is_expanded":false}},{"type":"Feature","geometry":{"type":"Point","coordinates":[111.72531343227736,33.978281548414635]},"properties":{"peak_name":"849无名峰","peak_elev":849,"peak_lon":111.730164,"peak_lat":33.977204,"base_elev":485,"distance_m":463.9,"vertical_relief_m":364.0,"max_jut":224.9571,"search_radius_m":750,"elev_angle_deg":38.1196,"is_expanded":false}},{"type":"Feature","geometry":{"type":"Point","coordinates":[113.16037209865829,34.631536423026354]},"properties":{"peak_name":"850无名峰","peak_elev":843,"peak_lon":113.159159,"peak_lat":34.634097,"base_elev":573,"distance_m":305.1,"vertical_relief_m":270.0,"max_jut":178.7723,"search_radius_m":500,"elev_angle_deg":41.5074,"is_expanded":false}},{"type":"Feature","geometry":{"type":"Point","coordinates":[111.46498166293952,33.52499165604793]},"properties":{"peak_name":"887无名峰","peak_elev":887,"peak_lon":111.469024,"peak_lat":33.530921,"base_elev":371,"distance_m":757.3,"vertical_relief_m":516.0,"max_jut":290.2777,"search_radius_m":1250,"elev_angle_deg":34.2693,"is_expanded":false}},{"type":"Feature","geometry":{"type":"Point","coordinates":[111.3049018793094,33.22504418268042]},"properties":{"peak_name":"890无名峰","peak_elev":890,"peak_lon":111.304093,"peak_lat":33.21803665161133,"base_elev":425,"distance_m":780.8,"vertical_relief_m":465.0,"max_jut":237.4748,"search_radius_m":1125,"elev_angle_deg":30.7756,"is_expanded":false}},{"type":"Feature","geometry":{"type":"Point","coordinates":[112.59874538302677,34.522121621420595]},"properties":{"peak_name":"902无名峰","peak_elev":902,"peak_lon":112.608043,"peak_lat":34.513228,"base_elev":422,"distance_m":1304.7,"vertical_relief_m":480.0,"max_jut":165.6704,"search_radius_m":2750,"elev_angle_deg":20.1986,"is_expanded":false}},{"type":"Feature","geometry":{"type":"Point","coordinates":[112.26753653777187,33.41827180029453]},"properties":{"peak_name":"913无名峰","peak_elev":913,"peak_lon":112.262416,"peak_lat":33.411534,"base_elev":416,"distance_m":886.2,"vertical_relief_m":497.0,"max_jut":242.8887,"search_radius_m":2000,"elev_angle_deg":29.2846,"is_expanded":false}},{"type":"Feature","geometry":{"type":"Point","coordinates":[112.24759393846443,33.4045275764475]},"properties":{"peak_name":"918无名峰","peak_elev":918,"peak_lon":112.251906,"peak_lat":33.411265,"base_elev":410,"distance_m":848.1,"vertical_relief_m":508.0,"max_jut":260.7495,"search_radius_m":1500,"elev_angle_deg":30.921,"is_expanded":false}},{"type":"Feature","geometry":{"type":"Point","coordinates":[112.49040855976196,33.61257739624958]},"properties":{"peak_name":"919无名峰","peak_elev":919,"peak_lon":112.487983,"peak_lat":33.613116,"base_elev":705,"distance_m":232.9,"vertical_relief_m":214.0,"max_jut":144.9402,"search_radius_m":250,"elev_angle_deg":42.5783,"is_expanded":false}},{"type":"Feature","geometry":{"type":"Point","coordinates":[112.57907227830454,33.58077703519175]},"properties":{"peak_name":"922无名峰","peak_elev":922,"peak_lon":112.58230590820312,"peak_lat":33.575926,"base_elev":599,"distance_m":616.1,"vertical_relief_m":323.0,"max_jut":149.8022,"search_radius_m":625,"elev_angle_deg":27.6665,"is_expanded":false}},{"type":"Feature","geometry":{"type":"Point","coordinates":[111.70590982214036,33.52687811814458]},"properties":{"peak_name":"932无名峰","peak_elev":932,"peak_lon":111.705371,"peak_lat":33.521219,"base_elev":531,"distance_m":629.7,"vertical_relief_m":401.0,"max_jut":215.0194,"search_radius_m":1000,"elev_angle_deg":32.4894,"is_expanded":false}},{"type":"Feature","geometry":{"type":"Point","coordinates":[111.6595567534798,33.442526312965754]},"properties":{"peak_name":"933无名峰","peak_elev":933,"peak_lon":111.65254974365234,"peak_lat":33.436058044433594,"base_elev":499,"distance_m":969.1,"vertical_relief_m":434.0,"max_jut":177.3148,"search_radius_m":1625,"elev_angle_deg":24.1247,"is_expanded":false}},{"type":"Feature","geometry":{"type":"Point","coordinates":[112.91540152067888,34.5086468921588]},"properties":{"peak_name":"934无名峰","peak_elev":934,"peak_lon":112.919309,"peak_lat":34.510533,"base_elev":626,"distance_m":415.4,"vertical_relief_m":308.0,"max_jut":183.5766,"search_radius_m":750,"elev_angle_deg":36.5552,"is_expanded":false}},{"type":"Feature","geometry":{"type":"Point","coordinates":[112.63647462495976,34.50918588132927]},"properties":{"peak_name":"941无名峰","peak_elev":941,"peak_lon":112.6230010986328,"peak_lat":34.511881,"base_elev":438,"distance_m":1272.9,"vertical_relief_m":503.0,"max_jut":185.1741,"search_radius_m":2750,"elev_angle_deg":21.562,"is_expanded":false}},{"type":"Feature","geometry":{"type":"Point","coordinates":[112.16216415494466,33.92519111512318]},"properties":{"peak_name":"944无名峰","peak_elev":944,"peak_lon":112.1670150756836,"peak_lat":33.923305,"base_elev":559,"distance_m":494.9,"vertical_relief_m":385.0,"max_jut":236.5802,"search_radius_m":750,"elev_angle_deg":37.8806,"is_expanded":false}},{"type":"Feature","geometry":{"type":"Point","coordinates":[111.4259049480803,33.467858803977926]},"properties":{"peak_name":"946无名峰","peak_elev":946,"peak_lon":111.432912,"peak_lat":33.470419,"base_elev":461,"distance_m":710.5,"vertical_relief_m":485.0,"max_jut":273.6851,"search_radius_m":1250,"elev_angle_deg":34.3181,"is_expanded":false}},{"type":"Feature","geometry":{"type":"Point","coordinates":[112.1864186676159,33.60584003161868]},"properties":{"peak_name":"948无名峰","peak_elev":948,"peak_lon":112.178873,"peak_lat":33.6007194519043,"base_elev":482,"distance_m":901.7,"vertical_relief_m":466.0,"max_jut":213.997,"search_radius_m":1125,"elev_angle_deg":27.33,"is_expanded":false}},{"type":"Feature","geometry":{"type":"Point","coordinates":[111.41512516467088,33.579160067680334]},"properties":{"peak_name":"952无名峰","peak_elev":952,"peak_lon":111.41014099121094,"peak_lat":33.58427810668945,"base_elev":446,"distance_m":732.4,"vertical_relief_m":506.0,"max_jut":287.5033,"search_radius_m":1500,"elev_angle_deg":34.6398,"is_expanded":false}},{"type":"Feature","geometry":{"type":"Point","coordinates":[111.54475206016932,33.199442197083016]},"properties":{"peak_name":"962无名峰(1)","peak_elev":962,"peak_lon":111.548525,"peak_lat":33.208875,"base_elev":444,"distance_m":1103.7,"vertical_relief_m":518.0,"max_jut":219.6955,"search_radius_m":2000,"elev_angle_deg":25.1421,"is_expanded":false}},{"type":"Feature","geometry":{"type":"Point","coordinates":[112.25460079768057,33.201059164594426]},"properties":{"peak_name":"974无名峰","peak_elev":974,"peak_lon":112.23348999023438,"peak_lat":33.215163,"base_elev":316,"distance_m":2514.1,"vertical_relief_m":658.0,"max_jut":166.6563,"search_radius_m":3500,"elev_angle_deg":14.6667,"is_expanded":false}},{"type":"Feature","geometry":{"type":"Point","coordinates":[113.056077694172,34.538291296534744]},"properties":{"peak_name":"975无名峰","peak_elev":975,"peak_lon":113.059042,"peak_lat":34.543412,"base_elev":527,"distance_m":629.9,"vertical_relief_m":448.0,"max_jut":259.404,"search_radius_m":1000,"elev_angle_deg":35.4214,"is_expanded":false}},{"type":"Feature","geometry":{"type":"Point","coordinates":[111.65793978596838,33.541969814917785]},"properties":{"peak_name":"986无名峰","peak_elev":986,"peak_lon":111.663195,"peak_lat":33.547899,"base_elev":482,"distance_m":819.0,"vertical_relief_m":504.0,"max_jut":263.9893,"search_radius_m":1125,"elev_angle_deg":31.6075,"is_expanded":false}},{"type":"Feature","geometry":{"type":"Point","coordinates":[112.94423744129912,34.30814292074333]},"properties":{"peak_name":"989无名峰","peak_elev":989,"peak_lon":112.946124,"peak_lat":34.303292,"base_elev":591,"distance_m":565.4,"vertical_relief_m":398.0,"max_jut":228.7836,"search_radius_m":1250,"elev_angle_deg":35.1427,"is_expanded":false}},{"type":"Feature","geometry":{"type":"Point","coordinates":[113.01861794682422,34.5582338958422]},"properties":{"peak_name":"995无名峰","peak_elev":995,"peak_lon":113.016192,"peak_lat":34.55715560913086,"base_elev":780,"distance_m":252.7,"vertical_relief_m":215.0,"max_jut":139.402,"search_radius_m":375,"elev_angle_deg":40.3915,"is_expanded":false}},{"type":"Feature","geometry":{"type":"Point","coordinates":[112.02148798145154,33.395095265964244]},"properties":{"peak_name":"998无名峰","peak_elev":1000,"peak_lon":112.017041,"peak_lat":33.394961,"base_elev":669,"distance_m":414.0,"vertical_relief_m":331.0,"max_jut":206.969,"search_radius_m":500,"elev_angle_deg":38.6429,"is_expanded":false}},{"type":"Feature","geometry":{"type":"Point","coordinates":[112.22953780125364,33.35170663774127]},"properties":{"peak_name":"五垛山1665","peak_elev":1653,"peak_lon":112.205014,"peak_lat":33.337962,"base_elev":663,"distance_m":2745.1,"vertical_relief_m":990.0,"max_jut":336.0519,"search_radius_m":8000,"elev_angle_deg":19.8315,"is_expanded":false}},{"type":"Feature","geometry":{"type":"Point","coordinates":[113.4921199330836,33.16656385768424]},"properties":{"peak_name":"五峰山872","peak_elev":863,"peak_lon":113.489425,"peak_lat":33.158479,"base_elev":373,"distance_m":931.2,"vertical_relief_m":490.0,"max_jut":227.7671,"search_radius_m":2000,"elev_angle_deg":27.7535,"is_expanded":false}},{"type":"Feature","geometry":{"type":"Point","coordinates":[112.02472191647438,33.86132089842228]},"properties":{"peak_name":"南天门1688","peak_elev":1675,"peak_lon":112.030112,"peak_lat":33.854853,"base_elev":1183,"distance_m":873.8,"vertical_relief_m":492.0,"max_jut":241.2158,"search_radius_m":2000,"elev_angle_deg":29.382,"is_expanded":true}},{"type":"Feature","geometry":{"type":"Point","coordinates":[111.29870350384898,34.60755140494036]},"properties":{"peak_name":"塔山1466","peak_elev":1454,"peak_lon":111.306654,"peak_lat":34.59919738769531,"base_elev":902,"distance_m":1179.3,"vertical_relief_m":552.0,"max_jut":233.8928,"search_radius_m":3250,"elev_angle_deg":25.0831,"is_expanded":false}},{"type":"Feature","geometry":{"type":"Point","coordinates":[111.15964429786727,33.65300158403496]},"properties":{"peak_name":"失马崖1661","peak_elev":1653,"peak_lon":111.146978,"peak_lat":33.64491653442383,"base_elev":942,"distance_m":1478.1,"vertical_relief_m":711.0,"max_jut":308.3073,"search_radius_m":2000,"elev_angle_deg":25.6886,"is_expanded":false}},{"type":"Feature","geometry":{"type":"Point","coordinates":[111.96354664562584,33.517176313076085]},"properties":{"peak_name":"宝天曼1830","peak_elev":1864,"peak_lon":111.946299,"peak_lat":33.500468,"base_elev":769,"distance_m":2450.0,"vertical_relief_m":1095.0,"max_jut":446.5906,"search_radius_m":3250,"elev_angle_deg":24.0817,"is_expanded":false}},{"type":"Feature","geometry":{"type":"Point","coordinates":[112.99247697205634,34.51430627844876]},"properties":{"peak_name":"嵩山1440","peak_elev":1442,"peak_lon":113.001101,"peak_lat":34.519427,"base_elev":806,"distance_m":974.5,"vertical_relief_m":636.0,"max_jut":347.7506,"search_radius_m":3000,"elev_angle_deg":33.1302,"is_expanded":false}},{"type":"Feature","geometry":{"type":"Point","coordinates":[111.3175681248155,33.748672161793685]},"properties":{"peak_name":"摩云垛2075","peak_elev":2076,"peak_lon":111.307597,"peak_lat":33.766189,"base_elev":1194,"distance_m":2151.4,"vertical_relief_m":882.0,"max_jut":334.106,"search_radius_m":2250,"elev_angle_deg":22.2919,"is_expanded":false}},{"type":"Feature","geometry":{"type":"Point","coordinates":[111.81478563457564,33.769423244856846]},"properties":{"peak_name":"暮糊山1806","peak_elev":1799,"peak_lon":111.836345,"peak_lat":33.77104187011719,"base_elev":1040,"distance_m":2005.2,"vertical_relief_m":759.0,"max_jut":269.1946,"search_radius_m":2500,"elev_angle_deg":20.7324,"is_expanded":false}},{"type":"Feature","geometry":{"type":"Point","coordinates":[111.63934465958712,34.16746674725021]},"properties":{"peak_name":"李风寨1975","peak_elev":1974,"peak_lon":111.625466,"peak_lat":34.153992,"base_elev":1039,"distance_m":1967.7,"vertical_relief_m":935.0,"max_jut":401.1167,"search_radius_m":2250,"elev_angle_deg":25.4159,"is_expanded":false}},{"type":"Feature","geometry":{"type":"Point","coordinates":[111.67707390152012,33.85134959876855]},"properties":{"peak_name":"牛心垛1763","peak_elev":1765,"peak_lon":111.662791,"peak_lat":33.857009,"base_elev":1095,"distance_m":1463.3,"vertical_relief_m":670.0,"max_jut":279.2374,"search_radius_m":2500,"elev_angle_deg":24.6016,"is_expanded":false}},{"type":"Feature","geometry":{"type":"Point","coordinates":[111.19683455062984,34.24184725277531]},"properties":{"peak_name":"牛心山1260","peak_elev":1259,"peak_lon":111.1938705444336,"peak_lat":34.226217,"base_elev":568,"distance_m":1755.2,"vertical_relief_m":691.0,"max_jut":252.6248,"search_radius_m":2000,"elev_angle_deg":21.4889,"is_expanded":false}},{"type":"Feature","geometry":{"type":"Point","coordinates":[111.99885043629172,33.48672342494444]},"properties":{"peak_name":"牧虎顶1795","peak_elev":1795,"peak_lon":111.979177,"peak_lat":33.482412,"base_elev":838,"distance_m":1889.9,"vertical_relief_m":957.0,"max_jut":432.9527,"search_radius_m":2500,"elev_angle_deg":26.8566,"is_expanded":false}},{"type":"Feature","geometry":{"type":"Point","coordinates":[111.870032024549,33.63629291975034]},"properties":{"peak_name":"玉皇顶2203","peak_elev":2204,"peak_lon":111.827452,"peak_lat":33.638988,"base_elev":858,"distance_m":3961.7,"vertical_relief_m":1346.0,"max_jut":433.8325,"search_radius_m":4500,"elev_angle_deg":18.7654,"is_expanded":false}},{"type":"Feature","geometry":{"type":"Point","coordinates":[111.226748449591,34.44666313755456]},"properties":{"peak_name":"甘山1885","peak_elev":1894,"peak_lon":111.213543,"peak_lat":34.460138,"base_elev":1260,"distance_m":1925.3,"vertical_relief_m":634.0,"max_jut":198.2032,"search_radius_m":4000,"elev_angle_deg":18.2267,"is_expanded":false}},{"type":"Feature","geometry":{"type":"Point","coordinates":[111.84550801729252,33.69450375016128]},"properties":{"peak_name":"白云山2158","peak_elev":2052,"peak_lon":111.829877,"peak_lat":33.683993,"base_elev":1118,"distance_m":1860.0,"vertical_relief_m":934.0,"max_jut":419.2256,"search_radius_m":1875,"elev_angle_deg":26.6635,"is_expanded":false}},{"type":"Feature","geometry":{"type":"Point","coordinates":[112.05679177211744,33.372188226219194]},"properties":{"peak_name":"红庙岭1438","peak_elev":1439,"peak_lon":112.070805,"peak_lat":33.368685,"base_elev":816,"distance_m":1360.7,"vertical_relief_m":623.0,"max_jut":259.7167,"search_radius_m":1375,"elev_angle_deg":24.6008,"is_expanded":false}},{"type":"Feature","geometry":{"type":"Point","coordinates":[111.66144321557644,33.74004833506614]},"properties":{"peak_name":"老君山2192","peak_elev":2186,"peak_lon":111.643926,"peak_lat":33.72037506103516,"base_elev":926,"distance_m":2719.8,"vertical_relief_m":1260.0,"max_jut":529.2637,"search_radius_m":3500,"elev_angle_deg":24.8568,"is_expanded":false}},{"type":"Feature","geometry":{"type":"Point","coordinates":[112.96175458933944,34.30544797489097]},"properties":{"peak_name":"老婆寨1004","peak_elev":1064,"peak_lon":112.969031,"peak_lat":34.297633,"base_elev":574,"distance_m":1095.5,"vertical_relief_m":490.0,"max_jut":199.9435,"search_radius_m":1750,"elev_angle_deg":24.0982,"is_expanded":false}},{"type":"Feature","geometry":{"type":"Point","coordinates":[111.84200458768449,34.32808552005078]},"properties":{"peak_name":"花山1832","peak_elev":1822,"peak_lon":111.839399,"peak_lat":34.295028,"base_elev":818,"distance_m":3674.9,"vertical_relief_m":1004.0,"max_jut":264.0177,"search_radius_m":4750,"elev_angle_deg":15.2806,"is_expanded":false}},{"type":"Feature","geometry":{"type":"Point","coordinates":[111.81343816164949,33.53280699901977]},"properties":{"peak_name":"银虎曼1630","peak_elev":1633,"peak_lon":111.822062,"peak_lat":33.522836,"base_elev":942,"distance_m":1365.6,"vertical_relief_m":691.0,"max_jut":311.7509,"search_radius_m":2000,"elev_angle_deg":26.8396,"is_expanded":false}},{"type":"Feature","geometry":{"type":"Point","coordinates":[111.7242354539364,34.203579021671814]},"properties":{"peak_name":"鹰嘴山1859","peak_elev":1852,"peak_lon":111.725583,"peak_lat":34.214089,"base_elev":1285,"distance_m":1172.4,"vertical_relief_m":567.0,"max_jut":246.3825,"search_radius_m":3750,"elev_angle_deg":25.8095,"is_expanded":false}},{"type":"Feature","geometry":{"type":"Point","coordinates":[112.49472047312572,33.59020934567501]},"properties":{"peak_name":"齐顶山1323","peak_elev":1304,"peak_lon":112.519649,"peak_lat":33.580642,"base_elev":381,"distance_m":2545.8,"vertical_relief_m":923.0,"max_jut":314.9548,"search_radius_m":4500,"elev_angle_deg":19.9285,"is_expanded":false}}]}