{"type":"FeatureCollection","features":[{"type":"Feature","geometry":{"type":"Point","coordinates":[120.633996,36.206732]},"properties":{"name":"1003无名峰","elev":1003,"rp":0.2333,"mean_relief_crp":0.125,"mean_jut_crp":0.3056,"mean_ats_crp":0.4861,"max_jut_crp":0.125,"max_ats_crp":0.125,"max_jut":233.1746,"max_mean_jut":97.4503,"max_mean_jut_r":8500,"max_mean_jut_rp":0.2462,"max_fsi":0.0717,"max_fsi_r":10000,"max_ats":72.3349,"max_ats_r":10000,"max_ats_rp":0.1231,"r_prominence":8500,"r_base":10000,"band_rp":"{\"极短距离\": 1.0, \"短距离\": 1.0, \"中短距离\": 0.8889, \"中距离\": 0.5694, \"中长距离\": 0.1667, \"长距离\": 0.0694, \"超长距离\": 0.0556}","band_jut_rp":"{\"极短距离\": 1.0, \"短距离\": 1.0, \"中短距离\": 0.9722, \"中距离\": 0.5972, \"中长距离\": 0.1528, \"长距离\": 0.0556, \"超长距离\": 0.0417}","band_ats_rp":"{\"极短距离\": 1.0, \"短距离\": 1.0, \"中短距离\": 0.9583, \"中距离\": 0.7917, \"中长距离\": 0.5278, \"长距离\": 0.1667, \"超长距离\": 0.0556}","chart_r":"[125, 250, 375, 500, 625, 750, 875, 1000, 1125, 1250, 1375, 1500, 1625, 1750, 1875, 2000, 2250, 2500, 2750, 3000, 3250, 3500, 3750, 4000, 4250, 4500, 4750, 5000, 5250, 5500, 5750, 6000, 6250, 6500, 6750, 7000, 7250, 7500, 7750, 8000, 8250, 8500, 8750, 9000, 9250, 9500, 9750, 10000]","chart_mx":"[51.0, 103.0, 139.0, 187.0, 227.0, 260.0, 285.0, 313.0, 329.0, 353.0, 379.0, 424.0, 453.0, 489.0, 516.0, 539.0, 582.0, 660.0, 733.0, 808.0, 857.0, 900.0, 941.0, 972.0, 994.0, 1004.0, 1005.0, 1005.0, 1005.0, 1005.0, 1005.0, 1009.0, 1009.0, 1009.0, 1009.0, 1009.0, 1009.0, 1009.0, 1009.0, 1009.0, 1009.0, 1009.0, 1009.0, 1009.0, 1009.0, 1009.0, 1009.0, 1009.0]","chart_mn":"[22.34, 41.6, 58.75, 75.78, 90.43, 103.64, 116.3, 129.2, 141.7, 153.6, 165.25, 177.15, 189.56, 202.01, 214.79, 228.23, 256.64, 284.27, 311.15, 339.53, 366.64, 390.63, 412.55, 433.47, 453.13, 472.42, 492.3, 510.95, 528.27, 544.29, 559.7, 574.72, 588.92, 602.99, 616.78, 630.64, 644.34, 657.5, 670.43, 683.1, 695.45, 707.16, 717.67, 727.29, 736.51, 745.62, 754.41, 762.86]","chart_rk":"[73, 73, 73, 73, 73, 73, 73, 73, 72, 72, 69, 69, 65, 65, 62, 59, 56, 51, 42, 37, 32, 26, 20, 17, 14, 12, 9, 8, 7, 6, 6, 6, 6, 5, 5, 5, 5, 5, 5, 5, 5, 5, 5, 5, 5, 5, 5, 5]","chart_ats":"[2.91, 4.64, 6.49, 7.72, 8.71, 9.66, 10.74, 11.74, 13.08, 13.94, 14.67, 14.76, 15.55, 16.12, 17.04, 18.27, 21.25, 22.86, 24.72, 26.9, 29.76, 32.1, 34.06, 36.12, 38.16, 40.55, 43.43, 46.1, 48.46, 50.52, 52.44, 54.04, 55.65, 57.22, 58.72, 60.26, 61.77, 63.18, 64.55, 65.88, 67.15, 68.3, 69.2, 69.93, 70.59, 71.23, 71.82, 72.33]","chart_ats_rk":"[72, 73, 73, 73, 73, 73, 73, 73, 72, 72, 71, 71, 71, 70, 70, 67, 65, 61, 60, 57, 55, 52, 48, 43, 42, 35, 30, 26, 20, 15, 14, 14, 12, 9, 8, 8, 7, 6, 6, 6, 6, 5, 5, 4, 4, 3, 3, 4]","chart_r_jut":"[125, 250, 375, 500, 625, 750, 875, 1000, 1125, 1250, 1375, 1500, 1625, 1750, 1875, 2000, 2250, 2500, 2750, 3000, 3250, 3500, 3750, 4000, 4250, 4500, 4750, 5000, 5250, 5500, 5750, 6000, 6250, 6500, 6750, 7000, 7250, 7500, 7750, 8000, 8250, 8500, 8750, 9000, 9250, 9500, 9750, 10000]","chart_mean_jut":"[6.63, 11.48, 15.36, 19.05, 21.86, 24.22, 26.31, 28.44, 30.36, 32.04, 33.65, 35.32, 37.17, 39.02, 40.95, 43.15, 48.18, 53.08, 58.23, 64.02, 69.55, 73.95, 77.69, 81.0, 83.71, 86.17, 88.66, 90.68, 92.19, 93.28, 94.16, 94.88, 95.34, 95.74, 96.07, 96.41, 96.73, 96.95, 97.15, 97.31, 97.43, 97.45, 97.3, 97.02, 96.71, 96.4, 96.05, 95.67]","chart_max_jut":"[19.82, 33.93, 47.19, 62.79, 73.88, 83.37, 88.51, 94.38, 94.68, 94.68, 102.16, 113.03, 122.53, 132.33, 135.77, 141.37, 147.17, 168.03, 187.89, 207.34, 219.74, 229.67, 233.17, 233.17, 233.17, 233.17, 233.17, 233.17, 233.17, 233.17, 233.17, 233.17, 233.17, 233.17, 233.17, 233.17, 233.17, 233.17, 233.17, 233.17, 233.17, 233.17, 233.17, 233.17, 233.17, 233.17, 233.17, 233.17]","chart_jut_rk":"[73, 73, 73, 73, 73, 73, 73, 73, 73, 73, 73, 73, 71, 69, 68, 67, 61, 56, 47, 41, 32, 24, 21, 16, 12, 10, 7, 6, 6, 6, 6, 5, 5, 5, 5, 5, 5, 4, 4, 4, 4, 4, 4, 4, 4, 4, 4, 4]"}},{"type":"Feature","geometry":{"type":"Point","coordinates":[120.627528,36.212392]},"properties":{"name":"1008无名峰(1)","elev":1008,"rp":0.1584,"mean_relief_crp":0.0556,"mean_jut_crp":0.1389,"mean_ats_crp":0.3056,"max_jut_crp":0.1389,"max_ats_crp":0.1528,"max_jut":231.1214,"max_mean_jut":99.212,"max_mean_jut_r":null,"max_mean_jut_rp":null,"max_fsi":0.0856,"max_fsi_r":250,"max_ats":null,"max_ats_r":null,"max_ats_rp":null,"r_prominence":null,"r_base":null,"band_rp":"{\"极短距离\": 0.9306, \"短距离\": 0.875, \"中短距离\": 0.6806, \"中距离\": 0.2917, \"中长距离\": 0.0972, \"长距离\": 0.0556, \"超长距离\": 0.0694}","band_jut_rp":"{\"极短距离\": 0.9306, \"短距离\": 0.8889, \"中短距离\": 0.7083, \"中距离\": 0.2778, \"中长距离\": 0.0694, \"长距离\": 0.0417, \"超长距离\": 0.0278}","band_ats_rp":"{\"极短距离\": 0.9167, \"短距离\": 0.9306, \"中短距离\": 0.7917, \"中距离\": 0.6389, \"中长距离\": 0.3889, \"长距离\": 0.1389, \"超长距离\": 0.0417}","chart_r":"[125, 250, 375, 500, 625, 750, 875, 1000, 1125, 1250, 1375, 1500, 1625, 1750, 1875, 2000, 2250, 2500, 2750, 3000, 3250, 3500, 3750, 4000, 4250, 4500, 4750, 5000, 5250, 5500, 5750, 6000, 6250, 6500, 6750, 7000, 7250, 7500, 7750, 8000, 8250, 8500, 8750, 9000, 9250, 9500, 9750, 10000]","chart_mx":"[83.0, 132.0, 195.0, 238.0, 276.0, 317.0, 360.0, 399.0, 443.0, 480.0, 506.0, 538.0, 570.0, 594.0, 613.0, 636.0, 689.0, 758.0, 802.0, 837.0, 871.0, 914.0, 935.0, 971.0, 997.0, 1008.0, 1010.0, 1010.0, 1010.0, 1010.0, 1014.0, 1014.0, 1014.0, 1014.0, 1014.0, 1014.0, 1014.0, 1014.0, 1014.0, 1014.0, 1014.0, 1014.0, 1014.0, 1014.0, 1014.0, 1014.0, 1014.0, 1014.0]","chart_mn":"[33.72, 63.02, 86.08, 104.18, 121.03, 138.92, 154.81, 169.39, 181.8, 192.95, 205.15, 218.68, 233.26, 248.05, 262.95, 278.77, 307.71, 332.95, 355.96, 377.51, 397.17, 416.26, 435.12, 455.45, 474.37, 491.32, 506.7, 520.79, 534.91, 549.34, 564.33, 579.19, 594.03, 608.49, 622.39, 635.79, 648.76, 661.51, 673.67, 684.98, 695.52, 705.76, 715.61, 725.06, 734.16, 742.75, 751.05, 759.2]","chart_rk":"[64, 66, 67, 68, 68, 68, 64, 62, 60, 59, 58, 54, 50, 50, 48, 43, 37, 32, 25, 21, 18, 16, 14, 11, 8, 6, 6, 6, 5, 5, 5, 5, 5, 4, 4, 4, 4, 4, 4, 3, 4, 6, 6, 6, 6, 6, 6, 6]","chart_ats":"[5.66, 11.3, 13.31, 15.08, 16.77, 18.57, 19.75, 20.68, 20.76, 20.88, 21.72, 22.59, 23.71, 25.2, 26.95, 28.81, 31.67, 32.93, 34.67, 36.49, 37.91, 38.9, 40.72, 42.16, 43.72, 45.51, 47.4, 49.1, 50.77, 52.5, 54.08, 55.8, 57.51, 59.15, 60.68, 62.11, 63.44, 64.72, 65.89, 66.89, 67.73, 68.52, 69.24, 69.88, 70.46, 70.93, 71.37, 71.78]","chart_ats_rk":"[65, 65, 67, 69, 68, 68, 68, 66, 65, 66, 63, 61, 60, 58, 57, 57, 52, 49, 48, 45, 42, 39, 38, 36, 30, 27, 23, 19, 15, 13, 13, 11, 9, 7, 7, 6, 5, 5, 5, 5, 5, 4, 4, 5, 5, 4, 6, 6]","chart_r_jut":"[125, 250, 375, 500, 625, 750, 875, 1000, 1125, 1250, 1375, 1500, 1625, 1750, 1875, 2000, 2250, 2500, 2750, 3000, 3250, 3500, 3750, 4000, 4250, 4500, 4750, 5000, 5250, 5500, 5750, 6000, 6250, 6500, 6750, 7000, 7250, 7500, 7750, 8000, 8250, 8500, 8750, 9000, 9250, 9500, 9750, 10000]","chart_mean_jut":"[13.93, 23.67, 30.15, 34.45, 38.25, 42.38, 45.92, 48.71, 50.58, 51.94, 53.56, 55.58, 57.94, 60.35, 62.84, 65.72, 70.91, 74.96, 78.11, 80.9, 83.15, 85.42, 87.5, 89.89, 91.88, 93.36, 94.48, 95.22, 95.86, 96.52, 97.17, 97.69, 98.16, 98.57, 98.86, 99.05, 99.15, 99.21, 99.18, 99.01, 98.74, 98.45, 98.11, 97.73, 97.31, 96.84, 96.35, 95.88]","chart_max_jut":"[41.27, 56.9, 90.82, 102.44, 114.76, 120.35, 137.74, 146.88, 158.36, 170.71, 176.97, 184.06, 192.4, 192.4, 192.4, 192.65, 200.62, 218.86, 226.27, 227.97, 227.97, 228.34, 230.7, 230.7, 231.12, 231.12, 231.12, 231.12, 231.12, 231.12, 231.12, 231.12, 231.12, 231.12, 231.12, 231.12, 231.12, 231.12, 231.12, 231.12, 231.12, 231.12, 231.12, 231.12, 231.12, 231.12, 231.12, 231.12]","chart_jut_rk":"[64, 66, 67, 69, 69, 68, 65, 65, 62, 61, 60, 55, 54, 51, 49, 44, 37, 29, 23, 21, 19, 15, 12, 10, 8, 5, 5, 5, 5, 5, 4, 4, 4, 4, 4, 3, 3, 3, 3, 3, 3, 3, 3, 3, 3, 3, 3, 3]"}},{"type":"Feature","geometry":{"type":"Point","coordinates":[120.630493,36.187598]},"properties":{"name":"1008无名峰(2)","elev":1008,"rp":0.2944,"mean_relief_crp":0.1944,"mean_jut_crp":0.3611,"mean_ats_crp":0.6111,"max_jut_crp":0.1944,"max_ats_crp":0.1111,"max_jut":226.315,"max_mean_jut":95.1818,"max_mean_jut_r":null,"max_mean_jut_rp":null,"max_fsi":0.089,"max_fsi_r":250,"max_ats":null,"max_ats_r":null,"max_ats_rp":null,"r_prominence":null,"r_base":null,"band_rp":"{\"极短距离\": 0.9167, \"短距离\": 0.9583, \"中短距离\": 0.9028, \"中距离\": 0.8194, \"中长距离\": 0.5, \"长距离\": 0.125, \"超长距离\": 0.0278}","band_jut_rp":"{\"极短距离\": 0.9028, \"短距离\": 0.9722, \"中短距离\": 0.9028, \"中距离\": 0.8056, \"中长距离\": 0.5, \"长距离\": 0.1389, \"超长距离\": 0.0694}","band_ats_rp":"{\"极短距离\": 0.8889, \"短距离\": 0.9583, \"中短距离\": 0.9722, \"中距离\": 0.9444, \"中长距离\": 0.7917, \"长距离\": 0.3333, \"超长距离\": 0.0972}","chart_r":"[125, 250, 375, 500, 625, 750, 875, 1000, 1125, 1250, 1375, 1500, 1625, 1750, 1875, 2000, 2250, 2500, 2750, 3000, 3250, 3500, 3750, 4000, 4250, 4500, 4750, 5000, 5250, 5500, 5750, 6000, 6250, 6500, 6750, 7000, 7250, 7500, 7750, 8000, 8250, 8500, 8750, 9000, 9250, 9500, 9750, 10000]","chart_mx":"[100.0, 144.0, 184.0, 223.0, 283.0, 321.0, 343.0, 355.0, 371.0, 390.0, 425.0, 460.0, 492.0, 525.0, 577.0, 615.0, 690.0, 737.0, 786.0, 833.0, 869.0, 899.0, 926.0, 962.0, 983.0, 1000.0, 1009.0, 1009.0, 1009.0, 1009.0, 1009.0, 1009.0, 1009.0, 1009.0, 1010.0, 1010.0, 1010.0, 1010.0, 1010.0, 1010.0, 1014.0, 1014.0, 1014.0, 1014.0, 1014.0, 1014.0, 1014.0, 1014.0]","chart_mn":"[39.51, 66.46, 82.21, 98.87, 115.21, 129.53, 141.02, 148.43, 155.52, 164.76, 174.55, 182.07, 188.64, 196.1, 205.18, 215.18, 234.27, 251.3, 265.31, 278.22, 292.9, 312.3, 332.78, 355.55, 380.2, 404.99, 430.42, 455.28, 478.98, 501.27, 522.51, 543.03, 563.38, 583.6, 603.04, 621.39, 638.57, 654.56, 669.42, 683.37, 696.7, 709.68, 722.13, 733.81, 744.89, 755.23, 764.88, 773.89]","chart_rk":"[59, 64, 70, 71, 70, 69, 70, 70, 69, 66, 67, 65, 67, 66, 66, 64, 63, 60, 60, 60, 58, 52, 50, 44, 38, 33, 27, 21, 16, 14, 12, 11, 10, 8, 8, 7, 7, 6, 6, 4, 3, 3, 3, 3, 2, 2, 2, 2]","chart_ats":"[7.51, 12.81, 12.92, 13.96, 14.08, 14.91, 15.76, 16.19, 16.42, 16.93, 16.83, 16.34, 15.89, 15.65, 15.22, 15.36, 15.54, 16.11, 16.22, 16.19, 16.57, 17.7, 19.07, 20.61, 22.82, 25.24, 28.11, 31.27, 34.39, 37.4, 40.34, 43.21, 46.11, 49.05, 51.85, 54.51, 56.95, 59.17, 61.16, 62.97, 64.38, 65.97, 67.43, 68.73, 69.89, 70.89, 71.75, 72.48]","chart_ats_rk":"[59, 63, 68, 70, 71, 72, 70, 70, 70, 70, 69, 69, 70, 71, 71, 71, 71, 70, 69, 69, 68, 66, 65, 62, 61, 58, 55, 52, 47, 39, 34, 28, 21, 19, 16, 12, 12, 10, 9, 9, 9, 8, 7, 7, 7, 5, 4, 3]","chart_r_jut":"[125, 250, 375, 500, 625, 750, 875, 1000, 1125, 1250, 1375, 1500, 1625, 1750, 1875, 2000, 2250, 2500, 2750, 3000, 3250, 3500, 3750, 4000, 4250, 4500, 4750, 5000, 5250, 5500, 5750, 6000, 6250, 6500, 6750, 7000, 7250, 7500, 7750, 8000, 8250, 8500, 8750, 9000, 9250, 9500, 9750, 10000]","chart_mean_jut":"[19.02, 27.77, 28.92, 31.49, 34.58, 36.94, 38.33, 38.73, 39.17, 40.07, 40.99, 41.29, 41.44, 41.91, 42.8, 43.91, 45.78, 47.25, 48.05, 48.47, 49.16, 50.96, 53.07, 55.75, 59.0, 62.33, 65.89, 69.31, 72.45, 75.29, 77.91, 80.29, 82.58, 84.81, 86.84, 88.6, 90.08, 91.3, 92.27, 93.06, 93.7, 94.25, 94.69, 94.97, 95.14, 95.18, 95.12, 94.96]","chart_max_jut":"[57.68, 70.59, 83.22, 92.77, 108.06, 127.61, 128.58, 128.58, 128.58, 128.58, 128.58, 134.58, 143.29, 150.03, 169.12, 179.6, 202.83, 210.42, 215.75, 225.16, 225.82, 225.82, 225.82, 226.31, 226.31, 226.31, 226.31, 226.31, 226.31, 226.31, 226.31, 226.31, 226.31, 226.31, 226.31, 226.31, 226.31, 226.31, 226.31, 226.31, 226.31, 226.31, 226.31, 226.31, 226.31, 226.31, 226.31, 226.31]","chart_jut_rk":"[58, 64, 69, 71, 71, 70, 70, 71, 71, 70, 68, 67, 66, 67, 66, 65, 64, 62, 59, 59, 55, 52, 49, 43, 39, 35, 29, 22, 18, 16, 12, 11, 9, 9, 9, 8, 8, 8, 8, 7, 6, 6, 6, 6, 6, 6, 6, 6]"}},{"type":"Feature","geometry":{"type":"Point","coordinates":[120.632109,36.200803]},"properties":{"name":"1008无名峰(3)","elev":1008,"rp":0.2583,"mean_relief_crp":0.1528,"mean_jut_crp":0.3194,"mean_ats_crp":0.5278,"max_jut_crp":0.1528,"max_ats_crp":0.1389,"max_jut":230.3912,"max_mean_jut":95.7347,"max_mean_jut_r":null,"max_mean_jut_rp":null,"max_fsi":0.1142,"max_fsi_r":125,"max_ats":null,"max_ats_r":null,"max_ats_rp":null,"r_prominence":null,"r_base":null,"band_rp":"{\"极短距离\": 0.875, \"短距离\": 0.9722, \"中短距离\": 0.8611, \"中距离\": 0.7083, \"中长距离\": 0.3194, \"长距离\": 0.0833, \"超长距离\": 0.0417}","band_jut_rp":"{\"极短距离\": 0.8611, \"短距离\": 0.9861, \"中短距离\": 0.9167, \"中距离\": 0.7222, \"中长距离\": 0.3056, \"长距离\": 0.0972, \"超长距离\": 0.0556}","band_ats_rp":"{\"极短距离\": 0.8333, \"短距离\": 0.9722, \"中短距离\": 0.9444, \"中距离\": 0.875, \"中长距离\": 0.7083, \"长距离\": 0.2361, \"超长距离\": 0.0833}","chart_r":"[125, 250, 375, 500, 625, 750, 875, 1000, 1125, 1250, 1375, 1500, 1625, 1750, 1875, 2000, 2250, 2500, 2750, 3000, 3250, 3500, 3750, 4000, 4250, 4500, 4750, 5000, 5250, 5500, 5750, 6000, 6250, 6500, 6750, 7000, 7250, 7500, 7750, 8000, 8250, 8500, 8750, 9000, 9250, 9500, 9750, 10000]","chart_mx":"[95.0, 137.0, 181.0, 212.0, 245.0, 273.0, 298.0, 331.0, 357.0, 377.0, 398.0, 446.0, 467.0, 505.0, 523.0, 553.0, 607.0, 697.0, 763.0, 841.0, 874.0, 908.0, 936.0, 969.0, 992.0, 1009.0, 1009.0, 1009.0, 1010.0, 1010.0, 1010.0, 1010.0, 1010.0, 1010.0, 1014.0, 1014.0, 1014.0, 1014.0, 1014.0, 1014.0, 1014.0, 1014.0, 1014.0, 1014.0, 1014.0, 1014.0, 1014.0, 1014.0]","chart_mn":"[44.61, 69.95, 89.15, 103.58, 114.18, 123.83, 132.75, 140.84, 149.53, 159.67, 170.82, 181.96, 193.72, 205.17, 215.29, 223.58, 240.21, 260.06, 283.22, 306.36, 327.16, 347.56, 369.53, 392.26, 414.84, 438.18, 461.37, 483.19, 503.57, 523.27, 541.9, 559.57, 576.32, 592.74, 608.45, 623.76, 638.68, 653.39, 667.9, 681.94, 695.31, 707.84, 719.57, 730.53, 740.8, 750.58, 759.97, 768.71]","chart_rk":"[47, 62, 64, 69, 71, 72, 71, 71, 71, 70, 68, 66, 64, 63, 61, 61, 60, 58, 56, 50, 45, 41, 37, 34, 26, 20, 16, 13, 11, 9, 9, 7, 7, 7, 6, 6, 6, 7, 7, 7, 6, 4, 4, 4, 4, 4, 3, 3]","chart_ats":"[10.85, 15.38, 16.51, 16.98, 16.28, 15.91, 15.73, 15.03, 14.89, 15.41, 16.15, 15.94, 16.94, 17.18, 17.81, 17.69, 17.85, 17.83, 19.12, 20.14, 21.78, 23.27, 25.27, 27.25, 29.44, 31.98, 35.14, 38.14, 40.9, 43.63, 46.16, 48.52, 50.7, 52.82, 54.6, 56.51, 58.35, 60.17, 61.95, 63.65, 65.22, 66.63, 67.88, 68.97, 69.93, 70.78, 71.56, 72.19]","chart_ats_rk":"[36, 54, 61, 67, 69, 69, 71, 71, 71, 71, 70, 70, 69, 69, 69, 69, 68, 67, 64, 64, 62, 59, 59, 57, 53, 51, 46, 39, 34, 30, 24, 19, 16, 15, 14, 11, 11, 9, 8, 8, 7, 7, 6, 6, 6, 6, 5, 5]","chart_r_jut":"[125, 250, 375, 500, 625, 750, 875, 1000, 1125, 1250, 1375, 1500, 1625, 1750, 1875, 2000, 2250, 2500, 2750, 3000, 3250, 3500, 3750, 4000, 4250, 4500, 4750, 5000, 5250, 5500, 5750, 6000, 6250, 6500, 6750, 7000, 7250, 7500, 7750, 8000, 8250, 8500, 8750, 9000, 9250, 9500, 9750, 10000]","chart_mean_jut":"[23.11, 30.12, 33.51, 34.75, 34.93, 35.06, 35.31, 35.31, 35.55, 36.38, 37.63, 39.07, 40.84, 42.29, 43.27, 43.76, 45.1, 47.79, 51.52, 55.29, 58.17, 60.8, 64.02, 67.31, 70.39, 73.65, 76.84, 79.64, 82.04, 84.21, 86.04, 87.57, 88.84, 90.0, 90.99, 91.86, 92.65, 93.37, 94.05, 94.64, 95.11, 95.45, 95.65, 95.73, 95.71, 95.63, 95.47, 95.22]","chart_max_jut":"[52.86, 67.54, 80.59, 85.17, 86.37, 91.57, 96.94, 100.76, 111.45, 113.22, 113.22, 127.41, 130.08, 136.24, 141.45, 151.98, 158.27, 185.15, 203.04, 228.11, 229.55, 229.55, 229.55, 230.39, 230.39, 230.39, 230.39, 230.39, 230.39, 230.39, 230.39, 230.39, 230.39, 230.39, 230.39, 230.39, 230.39, 230.39, 230.39, 230.39, 230.39, 230.39, 230.39, 230.39, 230.39, 230.39, 230.39, 230.39]","chart_jut_rk":"[46, 60, 64, 68, 70, 71, 72, 72, 72, 72, 72, 69, 67, 66, 65, 66, 65, 59, 56, 49, 47, 41, 37, 30, 26, 20, 16, 14, 11, 9, 8, 8, 8, 8, 7, 7, 7, 6, 6, 5, 5, 5, 5, 5, 5, 5, 5, 5]"}},{"type":"Feature","geometry":{"type":"Point","coordinates":[121.723024,37.331603]},"properties":{"name":"363无名峰","elev":363,"rp":0.9444,"mean_relief_crp":0.9444,"mean_jut_crp":0.9583,"mean_ats_crp":0.9444,"max_jut_crp":0.9722,"max_ats_crp":0.9028,"max_jut":113.3761,"max_mean_jut":52.4102,"max_mean_jut_r":1375,"max_mean_jut_rp":0.9538,"max_fsi":0.1082,"max_fsi_r":125,"max_ats":35.8127,"max_ats_r":1750,"max_ats_rp":0.8923,"r_prominence":1375,"r_base":1750,"band_rp":"{\"极短距离\": 0.8056, \"短距离\": 0.8333, \"中短距离\": 0.75, \"中距离\": 0.8889, \"中长距离\": 0.9167, \"长距离\": 0.9444, \"超长距离\": 0.9861}","band_jut_rp":"{\"极短距离\": 0.75, \"短距离\": 0.875, \"中短距离\": 0.8472, \"中距离\": 0.9444, \"中长距离\": 0.9444, \"长距离\": 0.9444, \"超长距离\": 0.9583}","band_ats_rp":"{\"极短距离\": 0.7778, \"短距离\": 0.7778, \"中短距离\": 0.6528, \"中距离\": 0.8056, \"中长距离\": 0.9028, \"长距离\": 0.9167, \"超长距离\": 0.9306}","chart_r":"[125, 250, 375, 500, 625, 750, 875, 1000, 1125, 1250, 1375, 1500, 1625, 1750, 1875, 2000, 2250, 2500, 2750, 3000, 3250, 3500, 3750, 4000, 4250, 4500, 4750, 5000, 5250, 5500, 5750, 6000, 6250, 6500, 6750, 7000, 7250, 7500, 7750, 8000, 8250, 8500, 8750, 9000, 9250, 9500, 9750, 10000]","chart_mx":"[125.0, 174.0, 223.0, 244.0, 274.0, 285.0, 298.0, 305.0, 315.0, 321.0, 323.0, 326.0, 329.0, 331.0, 334.0, 336.0, 337.0, 338.0, 340.0, 343.0, 345.0, 346.0, 348.0, 349.0, 349.0, 350.0, 351.0, 351.0, 352.0, 352.0, 354.0, 354.0, 354.0, 355.0, 356.0, 358.0, 358.0, 358.0, 358.0, 359.0, 359.0, 360.0, 360.0, 360.0, 361.0, 361.0, 361.0, 361.0]","chart_mn":"[57.37, 77.44, 91.98, 108.35, 124.64, 141.9, 159.6, 173.76, 187.29, 200.52, 211.69, 220.35, 227.38, 233.81, 238.99, 242.44, 243.66, 239.21, 236.66, 236.96, 238.49, 241.49, 244.17, 246.04, 247.46, 248.33, 248.5, 247.73, 247.17, 246.51, 244.98, 243.46, 242.67, 242.48, 242.51, 242.77, 243.09, 243.3, 243.02, 242.71, 242.13, 241.08, 239.53, 237.71, 235.85, 234.08, 232.4, 230.76]","chart_rk":"[16, 53, 63, 66, 67, 64, 62, 56, 55, 54, 52, 52, 54, 55, 56, 56, 59, 63, 65, 66, 66, 66, 67, 67, 67, 67, 67, 67, 67, 67, 68, 69, 69, 69, 69, 68, 69, 70, 70, 70, 70, 71, 72, 72, 72, 72, 72, 72]","chart_ats":"[16.25, 16.74, 15.4, 17.18, 18.59, 21.92, 25.29, 27.91, 30.01, 32.35, 34.35, 35.29, 35.61, 35.81, 35.54, 34.87, 32.45, 29.01, 26.3, 24.35, 22.93, 21.98, 21.05, 20.19, 19.41, 18.6, 17.77, 16.95, 16.17, 15.5, 14.7, 14.03, 13.48, 12.98, 12.53, 12.1, 11.77, 11.46, 11.13, 10.78, 10.47, 10.12, 9.79, 9.45, 9.09, 8.78, 8.48, 8.2]","chart_ats_rk":"[10, 51, 64, 66, 66, 63, 58, 55, 52, 50, 48, 46, 47, 45, 47, 48, 50, 56, 59, 61, 61, 61, 62, 63, 64, 66, 67, 67, 67, 67, 67, 67, 67, 67, 67, 67, 67, 67, 67, 68, 68, 68, 68, 68, 70, 70, 71, 72]","chart_r_jut":"[125, 250, 375, 500, 625, 750, 875, 1000, 1125, 1250, 1375, 1500, 1625, 1750, 1875, 2000, 2250, 2500, 2750, 3000, 3250, 3500, 3750, 4000, 4250, 4500, 4750, 5000, 5250, 5500, 5750, 6000, 6250, 6500, 6750, 7000, 7250, 7500, 7750, 8000, 8250, 8500, 8750, 9000, 9250, 9500, 9750, 10000]","chart_mean_jut":"[35.41, 37.62, 37.33, 38.7, 40.87, 44.02, 47.21, 49.0, 50.47, 51.79, 52.41, 52.22, 51.53, 50.7, 49.67, 48.33, 44.88, 40.99, 37.79, 35.25, 33.16, 31.5, 30.01, 28.64, 27.37, 26.21, 25.1, 24.01, 23.03, 22.13, 21.23, 20.41, 19.67, 19.0, 18.4, 17.85, 17.34, 16.86, 16.39, 15.95, 15.53, 15.12, 14.71, 14.31, 13.92, 13.54, 13.18, 12.82]","chart_max_jut":"[84.56, 96.44, 113.38, 113.38, 113.38, 113.38, 113.38, 113.38, 113.38, 113.38, 113.38, 113.38, 113.38, 113.38, 113.38, 113.38, 113.38, 113.38, 113.38, 113.38, 113.38, 113.38, 113.38, 113.38, 113.38, 113.38, 113.38, 113.38, 113.38, 113.38, 113.38, 113.38, 113.38, 113.38, 113.38, 113.38, 113.38, 113.38, 113.38, 113.38, 113.38, 113.38, 113.38, 113.38, 113.38, 113.38, 113.38, 113.38]","chart_jut_rk":"[14, 52, 63, 65, 66, 66, 64, 64, 63, 62, 63, 61, 61, 61, 61, 62, 66, 68, 68, 69, 70, 70, 70, 69, 69, 69, 69, 69, 69, 69, 69, 69, 69, 69, 69, 69, 69, 69, 69, 69, 70, 70, 70, 71, 71, 71, 72, 72]"}},{"type":"Feature","geometry":{"type":"Point","coordinates":[122.344209,36.848399]},"properties":{"name":"374无名峰","elev":374,"rp":0.4917,"mean_relief_crp":0.7778,"mean_jut_crp":0.6806,"mean_ats_crp":0.375,"max_jut_crp":0.4167,"max_ats_crp":0.2083,"max_jut":182.2612,"max_mean_jut":94.127,"max_mean_jut_r":1125,"max_mean_jut_rp":0.2923,"max_fsi":0.1839,"max_fsi_r":1250,"max_ats":68.7946,"max_ats_r":1250,"max_ats_rp":0.1692,"r_prominence":1125,"r_base":1250,"band_rp":"{\"极短距离\": 0.4444, \"短距离\": 0.1389, \"中短距离\": 0.3194, \"中距离\": 0.5556, \"中长距离\": 0.6944, \"长距离\": 0.8611, \"超长距离\": 0.8611}","band_jut_rp":"{\"极短距离\": 0.4444, \"短距离\": 0.1528, \"中短距离\": 0.3194, \"中距离\": 0.5417, \"中长距离\": 0.75, \"长距离\": 0.8194, \"超长距离\": 0.8472}","band_ats_rp":"{\"极短距离\": 0.5278, \"短距离\": 0.0694, \"中短距离\": 0.0833, \"中距离\": 0.1944, \"中长距离\": 0.4583, \"长距离\": 0.7083, \"超长距离\": 0.7917}","chart_r":"[125, 250, 375, 500, 625, 750, 875, 1000, 1125, 1250, 1375, 1500, 1625, 1750, 1875, 2000, 2250, 2500, 2750, 3000, 3250, 3500, 3750, 4000, 4250, 4500, 4750, 5000, 5250, 5500, 5750, 6000, 6250, 6500, 6750, 7000, 7250, 7500, 7750, 8000, 8250, 8500, 8750, 9000, 9250, 9500, 9750, 10000]","chart_mx":"[116.0, 192.0, 281.0, 329.0, 345.0, 359.0, 367.0, 374.0, 374.0, 374.0, 374.0, 374.0, 374.0, 376.0, 377.0, 377.0, 377.0, 377.0, 377.0, 377.0, 377.0, 378.0, 378.0, 386.0, 386.0, 386.0, 386.0, 386.0, 386.0, 386.0, 386.0, 386.0, 386.0, 386.0, 386.0, 386.0, 386.0, 386.0, 386.0, 386.0, 386.0, 386.0, 386.0, 386.0, 386.0, 386.0, 400.0, 400.0]","chart_mn":"[46.89, 84.36, 122.2, 157.92, 186.82, 211.64, 232.19, 251.57, 267.25, 277.17, 283.73, 289.33, 294.35, 299.07, 303.44, 307.48, 314.95, 321.13, 326.16, 330.22, 333.06, 335.71, 338.07, 339.09, 339.16, 339.71, 339.72, 338.93, 337.23, 335.52, 334.02, 332.94, 332.38, 332.18, 332.04, 332.13, 332.63, 333.43, 334.33, 335.32, 336.52, 337.88, 339.27, 340.62, 341.85, 342.99, 344.08, 345.12]","chart_rk":"[42, 46, 33, 22, 15, 13, 10, 11, 11, 13, 16, 20, 22, 26, 30, 32, 34, 37, 39, 42, 43, 46, 47, 50, 51, 53, 56, 57, 58, 58, 62, 63, 63, 63, 63, 63, 63, 63, 63, 63, 63, 63, 63, 63, 63, 63, 63, 62]","chart_ats":"[10.46, 18.72, 25.11, 34.33, 43.72, 51.19, 57.09, 62.6, 67.26, 68.79, 68.57, 67.91, 66.98, 65.59, 64.37, 63.33, 61.3, 59.14, 56.87, 54.52, 52.07, 49.7, 47.63, 44.51, 42.35, 40.48, 38.66, 36.85, 35.03, 33.35, 31.82, 30.45, 29.26, 28.22, 27.25, 26.37, 25.6, 24.92, 24.3, 23.73, 23.22, 22.75, 22.32, 21.91, 21.5, 21.11, 20.01, 19.66]","chart_ats_rk":"[39, 45, 42, 25, 15, 11, 7, 6, 3, 5, 6, 6, 6, 10, 11, 12, 14, 13, 15, 15, 21, 25, 29, 31, 34, 36, 39, 43, 45, 48, 50, 51, 53, 56, 57, 57, 57, 58, 58, 57, 58, 57, 58, 58, 58, 58, 59, 59]","chart_r_jut":"[125, 250, 375, 500, 625, 750, 875, 1000, 1125, 1250, 1375, 1500, 1625, 1750, 1875, 2000, 2250, 2500, 2750, 3000, 3250, 3500, 3750, 4000, 4250, 4500, 4750, 5000, 5250, 5500, 5750, 6000, 6250, 6500, 6750, 7000, 7250, 7500, 7750, 8000, 8250, 8500, 8750, 9000, 9250, 9500, 9750, 10000]","chart_mean_jut":"[25.88, 42.61, 57.74, 71.51, 80.73, 86.84, 90.24, 93.06, 94.13, 92.83, 90.39, 87.78, 85.1, 82.46, 79.97, 77.65, 73.38, 69.43, 65.74, 62.24, 58.94, 55.96, 53.25, 50.66, 48.2, 45.99, 43.93, 41.97, 40.1, 38.37, 36.77, 35.31, 33.99, 32.79, 31.67, 30.64, 29.71, 28.85, 28.06, 27.32, 26.63, 25.99, 25.39, 24.83, 24.28, 23.76, 23.26, 22.78]","chart_max_jut":"[79.85, 128.6, 166.37, 182.26, 182.26, 182.26, 182.26, 182.26, 182.26, 182.26, 182.26, 182.26, 182.26, 182.26, 182.26, 182.26, 182.26, 182.26, 182.26, 182.26, 182.26, 182.26, 182.26, 182.26, 182.26, 182.26, 182.26, 182.26, 182.26, 182.26, 182.26, 182.26, 182.26, 182.26, 182.26, 182.26, 182.26, 182.26, 182.26, 182.26, 182.26, 182.26, 182.26, 182.26, 182.26, 182.26, 182.26, 182.26]","chart_jut_rk":"[39, 45, 34, 24, 16, 14, 12, 12, 13, 13, 17, 21, 23, 25, 29, 31, 34, 39, 40, 43, 46, 47, 48, 50, 52, 55, 57, 57, 57, 58, 59, 59, 61, 61, 61, 61, 62, 62, 62, 62, 62, 62, 62, 62, 62, 62, 62, 62]"}},{"type":"Feature","geometry":{"type":"Point","coordinates":[121.435338,36.802854]},"properties":{"name":"387无名峰","elev":387,"rp":0.7583,"mean_relief_crp":0.8472,"mean_jut_crp":0.8194,"mean_ats_crp":0.6528,"max_jut_crp":0.8472,"max_ats_crp":0.625,"max_jut":142.2639,"max_mean_jut":79.0679,"max_mean_jut_r":1000,"max_mean_jut_rp":0.5846,"max_fsi":0.1365,"max_fsi_r":750,"max_ats":50.2193,"max_ats_r":1125,"max_ats_rp":0.6154,"r_prominence":1000,"r_base":1125,"band_rp":"{\"极短距离\": 0.3194, \"短距离\": 0.4028, \"中短距离\": 0.6389, \"中距离\": 0.7639, \"中长距离\": 0.7778, \"长距离\": 0.8333, \"超长距离\": 0.8472}","band_jut_rp":"{\"极短距离\": 0.3194, \"短距离\": 0.4028, \"中短距离\": 0.625, \"中距离\": 0.7639, \"中长距离\": 0.8333, \"长距离\": 0.8611, \"超长距离\": 0.8611}","band_ats_rp":"{\"极短距离\": 0.2917, \"短距离\": 0.2222, \"中短距离\": 0.4583, \"中距离\": 0.5972, \"中长距离\": 0.6806, \"长距离\": 0.75, \"超长距离\": 0.8333}","chart_r":"[125, 250, 375, 500, 625, 750, 875, 1000, 1125, 1250, 1375, 1500, 1625, 1750, 1875, 2000, 2250, 2500, 2750, 3000, 3250, 3500, 3750, 4000, 4250, 4500, 4750, 5000, 5250, 5500, 5750, 6000, 6250, 6500, 6750, 7000, 7250, 7500, 7750, 8000, 8250, 8500, 8750, 9000, 9250, 9500, 9750, 10000]","chart_mx":"[143.0, 204.0, 232.0, 285.0, 308.0, 326.0, 347.0, 359.0, 368.0, 374.0, 378.0, 383.0, 384.0, 387.0, 388.0, 388.0, 390.0, 390.0, 390.0, 391.0, 395.0, 395.0, 395.0, 395.0, 395.0, 395.0, 395.0, 395.0, 395.0, 395.0, 395.0, 395.0, 395.0, 395.0, 395.0, 395.0, 395.0, 395.0, 395.0, 395.0, 395.0, 395.0, 395.0, 395.0, 395.0, 395.0, 395.0, 395.0]","chart_mn":"[62.36, 92.6, 120.66, 150.96, 177.17, 197.76, 213.84, 227.43, 237.49, 243.21, 247.8, 251.36, 253.88, 256.67, 259.45, 262.13, 267.91, 275.34, 283.22, 290.99, 299.18, 307.02, 313.04, 317.5, 321.27, 324.51, 327.44, 330.06, 332.49, 334.68, 336.57, 338.07, 339.13, 339.82, 340.06, 340.05, 340.07, 340.16, 340.53, 341.01, 341.59, 342.29, 342.95, 343.45, 343.74, 343.92, 344.12, 344.38]","chart_rk":"[6, 30, 35, 28, 27, 24, 24, 27, 30, 34, 39, 42, 44, 48, 49, 50, 53, 55, 57, 57, 56, 57, 55, 55, 57, 58, 59, 59, 59, 59, 59, 61, 61, 61, 62, 62, 62, 62, 62, 62, 62, 62, 62, 62, 62, 62, 62, 63]","chart_ats":"[17.1, 22.3, 29.73, 35.22, 42.27, 46.89, 48.56, 50.09, 50.22, 48.87, 47.44, 45.59, 43.99, 42.43, 41.28, 40.34, 38.57, 37.72, 37.18, 36.7, 36.19, 36.08, 35.61, 34.87, 34.06, 33.24, 32.44, 31.65, 30.9, 30.16, 29.42, 28.67, 27.9, 27.12, 26.34, 25.58, 24.87, 24.2, 23.6, 23.04, 22.52, 22.03, 21.56, 21.1, 20.63, 20.18, 19.75, 19.35]","chart_ats_rk":"[7, 29, 28, 22, 17, 15, 16, 16, 19, 23, 26, 31, 34, 39, 40, 42, 43, 44, 44, 43, 44, 44, 46, 45, 48, 50, 51, 51, 52, 52, 52, 55, 56, 58, 58, 58, 59, 59, 60, 60, 60, 60, 60, 60, 60, 60, 60, 60]","chart_r_jut":"[125, 250, 375, 500, 625, 750, 875, 1000, 1125, 1250, 1375, 1500, 1625, 1750, 1875, 2000, 2250, 2500, 2750, 3000, 3250, 3500, 3750, 4000, 4250, 4500, 4750, 5000, 5250, 5500, 5750, 6000, 6250, 6500, 6750, 7000, 7250, 7500, 7750, 8000, 8250, 8500, 8750, 9000, 9250, 9500, 9750, 10000]","chart_mean_jut":"[39.21, 49.12, 57.17, 66.49, 73.49, 77.3, 78.8, 79.07, 77.82, 75.16, 72.36, 69.47, 66.53, 63.97, 61.74, 59.71, 56.15, 53.42, 51.19, 49.31, 47.78, 46.41, 44.93, 43.38, 41.88, 40.46, 39.13, 37.88, 36.71, 35.6, 34.53, 33.49, 32.49, 31.53, 30.6, 29.71, 28.89, 28.11, 27.38, 26.69, 26.04, 25.43, 24.84, 24.27, 23.71, 23.18, 22.67, 22.2]","chart_max_jut":"[89.99, 122.58, 127.46, 139.44, 142.26, 142.26, 142.26, 142.26, 142.26, 142.26, 142.26, 142.26, 142.26, 142.26, 142.26, 142.26, 142.26, 142.26, 142.26, 142.26, 142.26, 142.26, 142.26, 142.26, 142.26, 142.26, 142.26, 142.26, 142.26, 142.26, 142.26, 142.26, 142.26, 142.26, 142.26, 142.26, 142.26, 142.26, 142.26, 142.26, 142.26, 142.26, 142.26, 142.26, 142.26, 142.26, 142.26, 142.26]","chart_jut_rk":"[6, 27, 35, 28, 29, 27, 27, 30, 33, 38, 39, 43, 47, 48, 50, 51, 53, 55, 57, 57, 58, 59, 59, 62, 61, 61, 62, 62, 62, 62, 62, 63, 63, 63, 63, 63, 63, 63, 63, 63, 63, 63, 63, 63, 63, 63, 63, 63]"}},{"type":"Feature","geometry":{"type":"Point","coordinates":[120.650435,36.239341]},"properties":{"name":"397无名峰","elev":397,"rp":0.8167,"mean_relief_crp":1.0,"mean_jut_crp":0.9028,"mean_ats_crp":0.9583,"max_jut_crp":0.5278,"max_ats_crp":0.6944,"max_jut":174.9567,"max_mean_jut":82.066,"max_mean_jut_r":750,"max_mean_jut_rp":0.4923,"max_fsi":0.1158,"max_fsi_r":125,"max_ats":45.6277,"max_ats_r":1125,"max_ats_rp":0.6769,"r_prominence":750,"r_base":1125,"band_rp":"{\"极短距离\": 0.1806, \"短距离\": 0.4583, \"中短距离\": 0.7917, \"中距离\": 0.9861, \"中长距离\": 1.0, \"长距离\": 1.0, \"超长距离\": 1.0}","band_jut_rp":"{\"极短距离\": 0.1806, \"短距离\": 0.3333, \"中短距离\": 0.6389, \"中距离\": 0.8889, \"中长距离\": 0.9583, \"长距离\": 0.9583, \"超长距离\": 0.9722}","band_ats_rp":"{\"极短距离\": 0.2083, \"短距离\": 0.2917, \"中短距离\": 0.6111, \"中距离\": 0.9028, \"中长距离\": 0.9861, \"长距离\": 0.9861, \"超长距离\": 1.0}","chart_r":"[125, 250, 375, 500, 625, 750, 875, 1000, 1125, 1250, 1375, 1500, 1625, 1750, 1875, 2000, 2250, 2500, 2750, 3000, 3250, 3500, 3750, 4000, 4250, 4500, 4750, 5000, 5250, 5500, 5750, 6000, 6250, 6500, 6750, 7000, 7250, 7500, 7750, 8000, 8250, 8500, 8750, 9000, 9250, 9500, 9750, 10000]","chart_mx":"[126.0, 238.0, 282.0, 325.0, 352.0, 375.0, 383.0, 390.0, 394.0, 397.0, 399.0, 399.0, 399.0, 399.0, 399.0, 400.0, 403.0, 403.0, 403.0, 403.0, 403.0, 403.0, 403.0, 403.0, 403.0, 403.0, 403.0, 403.0, 403.0, 403.0, 403.0, 403.0, 403.0, 403.0, 403.0, 403.0, 403.0, 403.0, 403.0, 403.0, 403.0, 403.0, 403.0, 403.0, 403.0, 403.0, 403.0, 403.0]","chart_mn":"[57.8, 103.2, 134.95, 162.54, 182.32, 198.26, 210.2, 219.22, 225.69, 228.31, 228.49, 226.9, 223.51, 219.38, 214.06, 208.35, 197.99, 189.22, 184.04, 180.44, 176.8, 171.86, 166.07, 160.86, 158.27, 157.61, 157.71, 158.27, 159.72, 162.89, 167.04, 170.33, 172.63, 174.27, 175.64, 176.54, 176.72, 176.75, 176.84, 176.74, 176.58, 176.69, 177.25, 178.45, 180.21, 182.44, 185.2, 188.41]","chart_rk":"[15, 11, 16, 15, 19, 23, 29, 34, 40, 45, 48, 50, 56, 60, 63, 67, 69, 71, 72, 73, 73, 73, 73, 73, 73, 73, 73, 73, 73, 73, 73, 73, 73, 73, 73, 73, 73, 73, 73, 73, 73, 73, 73, 73, 73, 73, 73, 73]","chart_ats":"[15.75, 25.25, 33.38, 38.79, 41.73, 43.39, 44.97, 45.5, 45.63, 44.4, 42.39, 40.1, 37.41, 34.72, 31.98, 29.3, 24.73, 21.32, 19.0, 17.2, 15.58, 13.95, 12.38, 11.08, 10.23, 9.65, 9.2, 8.81, 8.52, 8.4, 8.37, 8.29, 8.15, 7.98, 7.81, 7.61, 7.37, 7.14, 6.93, 6.73, 6.54, 6.38, 6.26, 6.18, 6.12, 6.1, 6.09, 6.11]","chart_ats_rk":"[12, 19, 17, 15, 20, 20, 19, 22, 25, 30, 36, 39, 42, 48, 52, 56, 60, 63, 66, 67, 69, 71, 71, 72, 72, 72, 72, 72, 72, 72, 72, 72, 72, 72, 73, 73, 73, 73, 73, 73, 73, 73, 73, 73, 73, 73, 73, 73]","chart_r_jut":"[125, 250, 375, 500, 625, 750, 875, 1000, 1125, 1250, 1375, 1500, 1625, 1750, 1875, 2000, 2250, 2500, 2750, 3000, 3250, 3500, 3750, 4000, 4250, 4500, 4750, 5000, 5250, 5500, 5750, 6000, 6250, 6500, 6750, 7000, 7250, 7500, 7750, 8000, 8250, 8500, 8750, 9000, 9250, 9500, 9750, 10000]","chart_mean_jut":"[34.33, 58.25, 69.76, 77.55, 80.57, 82.07, 81.94, 80.95, 79.66, 77.2, 74.02, 70.52, 66.78, 63.14, 59.61, 56.24, 50.34, 45.4, 41.61, 38.42, 35.51, 32.7, 30.03, 27.76, 26.04, 24.69, 23.5, 22.43, 21.5, 20.78, 20.2, 19.61, 19.03, 18.46, 17.92, 17.36, 16.8, 16.28, 15.79, 15.34, 14.92, 14.56, 14.23, 13.95, 13.7, 13.47, 13.26, 13.06]","chart_max_jut":"[76.7, 153.14, 167.96, 174.96, 174.96, 174.96, 174.96, 174.96, 174.96, 174.96, 174.96, 174.96, 174.96, 174.96, 174.96, 174.96, 174.96, 174.96, 174.96, 174.96, 174.96, 174.96, 174.96, 174.96, 174.96, 174.96, 174.96, 174.96, 174.96, 174.96, 174.96, 174.96, 174.96, 174.96, 174.96, 174.96, 174.96, 174.96, 174.96, 174.96, 174.96, 174.96, 174.96, 174.96, 174.96, 174.96, 174.96, 174.96]","chart_jut_rk":"[15, 11, 14, 15, 17, 20, 22, 26, 29, 36, 38, 41, 46, 49, 52, 55, 57, 64, 65, 67, 69, 69, 69, 70, 70, 70, 70, 70, 70, 70, 70, 70, 70, 70, 70, 70, 70, 71, 71, 71, 71, 72, 72, 72, 72, 72, 71, 71]"}},{"type":"Feature","geometry":{"type":"Point","coordinates":[120.497362,36.239611]},"properties":{"name":"398无名峰(1)","elev":398,"rp":0.9,"mean_relief_crp":0.9306,"mean_jut_crp":0.9444,"mean_ats_crp":0.9167,"max_jut_crp":0.8889,"max_ats_crp":0.8194,"max_jut":135.3206,"max_mean_jut":68.387,"max_mean_jut_r":null,"max_mean_jut_rp":null,"max_fsi":0.1277,"max_fsi_r":125,"max_ats":null,"max_ats_r":null,"max_ats_rp":null,"r_prominence":null,"r_base":null,"band_rp":"{\"极短距离\": 0.4722, \"短距离\": 0.5972, \"中短距离\": 0.8333, \"中距离\": 0.9167, \"中长距离\": 0.9306, \"长距离\": 0.9306, \"超长距离\": 0.9722}","band_jut_rp":"{\"极短距离\": 0.5278, \"短距离\": 0.6111, \"中短距离\": 0.8056, \"中距离\": 0.9167, \"中长距离\": 0.9306, \"长距离\": 0.9306, \"超长距离\": 0.9306}","band_ats_rp":"{\"极短距离\": 0.4306, \"短距离\": 0.5139, \"中短距离\": 0.7361, \"中距离\": 0.8194, \"中长距离\": 0.9167, \"长距离\": 0.9306, \"超长距离\": 0.9444}","chart_r":"[125, 250, 375, 500, 625, 750, 875, 1000, 1125, 1250, 1375, 1500, 1625, 1750, 1875, 2000, 2250, 2500, 2750, 3000, 3250, 3500, 3750, 4000, 4250, 4500, 4750, 5000, 5250, 5500, 5750, 6000, 6250, 6500, 6750, 7000, 7250, 7500, 7750, 8000, 8250, 8500, 8750, 9000, 9250, 9500, 9750, 10000]","chart_mx":"[105.0, 193.0, 232.0, 271.0, 303.0, 323.0, 337.0, 352.0, 356.0, 363.0, 369.0, 369.0, 369.0, 369.0, 369.0, 369.0, 369.0, 369.0, 369.0, 369.0, 369.0, 369.0, 378.0, 378.0, 379.0, 379.0, 379.0, 380.0, 381.0, 382.0, 384.0, 385.0, 388.0, 388.0, 388.0, 389.0, 389.0, 391.0, 391.0, 391.0, 392.0, 392.0, 392.0, 392.0, 392.0, 393.0, 394.0, 394.0]","chart_mn":"[51.19, 91.48, 118.99, 141.62, 162.84, 181.16, 197.5, 205.65, 208.81, 209.57, 210.4, 211.45, 213.21, 216.28, 219.41, 222.1, 227.69, 232.54, 235.67, 236.66, 235.68, 233.6, 232.2, 231.6, 232.86, 235.87, 239.59, 242.33, 244.08, 245.34, 245.86, 245.8, 244.92, 243.81, 242.71, 241.63, 240.61, 239.91, 239.48, 239.35, 239.64, 240.23, 240.6, 240.67, 240.5, 240.09, 239.37, 238.65]","chart_rk":"[31, 32, 38, 41, 38, 39, 38, 43, 50, 51, 54, 59, 59, 61, 60, 62, 64, 64, 66, 67, 67, 67, 68, 68, 68, 68, 68, 68, 68, 68, 67, 67, 68, 68, 68, 70, 71, 71, 71, 71, 71, 72, 71, 71, 71, 71, 71, 71]","chart_ats":"[13.41, 21.67, 27.55, 30.79, 34.12, 37.21, 40.08, 39.16, 37.55, 34.96, 32.92, 31.77, 31.02, 30.65, 30.32, 29.89, 29.04, 27.92, 26.47, 24.75, 22.93, 21.11, 19.15, 17.97, 17.11, 16.6, 16.26, 15.82, 15.32, 14.83, 14.27, 13.74, 13.09, 12.58, 12.12, 11.65, 11.25, 10.83, 10.52, 10.24, 9.98, 9.77, 9.56, 9.35, 9.13, 8.9, 8.65, 8.45]","chart_ats_rk":"[23, 30, 34, 36, 35, 31, 30, 37, 41, 46, 51, 52, 54, 54, 54, 53, 55, 57, 58, 60, 60, 62, 64, 66, 67, 68, 68, 68, 68, 68, 68, 68, 68, 68, 68, 68, 68, 69, 69, 69, 69, 69, 69, 69, 69, 69, 69, 70]","chart_r_jut":"[125, 250, 375, 500, 625, 750, 875, 1000, 1125, 1250, 1375, 1500, 1625, 1750, 1875, 2000, 2250, 2500, 2750, 3000, 3250, 3500, 3750, 4000, 4250, 4500, 4750, 5000, 5250, 5500, 5750, 6000, 6250, 6500, 6750, 7000, 7250, 7500, 7750, 8000, 8250, 8500, 8750, 9000, 9250, 9500, 9750, 10000]","chart_mean_jut":"[27.51, 45.72, 53.71, 58.93, 63.49, 66.35, 68.39, 67.02, 64.01, 60.55, 57.73, 55.45, 53.69, 52.3, 51.0, 49.66, 47.06, 44.31, 41.44, 38.59, 35.9, 33.34, 31.17, 29.34, 27.84, 26.68, 25.73, 24.81, 23.92, 23.09, 22.29, 21.51, 20.75, 20.03, 19.37, 18.76, 18.19, 17.66, 17.18, 16.73, 16.33, 15.95, 15.58, 15.23, 14.89, 14.56, 14.25, 13.94]","chart_max_jut":"[61.72, 114.57, 122.65, 127.7, 135.32, 135.32, 135.32, 135.32, 135.32, 135.32, 135.32, 135.32, 135.32, 135.32, 135.32, 135.32, 135.32, 135.32, 135.32, 135.32, 135.32, 135.32, 135.32, 135.32, 135.32, 135.32, 135.32, 135.32, 135.32, 135.32, 135.32, 135.32, 135.32, 135.32, 135.32, 135.32, 135.32, 135.32, 135.32, 135.32, 135.32, 135.32, 135.32, 135.32, 135.32, 135.32, 135.32, 135.32]","chart_jut_rk":"[35, 33, 42, 43, 41, 41, 41, 44, 47, 52, 53, 57, 59, 59, 60, 60, 62, 65, 66, 66, 68, 68, 68, 68, 68, 68, 68, 68, 68, 68, 68, 68, 68, 68, 68, 68, 68, 68, 68, 68, 68, 68, 68, 68, 68, 68, 69, 70]"}},{"type":"Feature","geometry":{"type":"Point","coordinates":[122.328174,36.848668]},"properties":{"name":"398无名峰(2)","elev":398,"rp":0.4389,"mean_relief_crp":0.7222,"mean_jut_crp":0.5556,"mean_ats_crp":0.3194,"max_jut_crp":0.2917,"max_ats_crp":0.3056,"max_jut":198.2582,"max_mean_jut":101.2166,"max_mean_jut_r":875,"max_mean_jut_rp":0.2,"max_fsi":0.1648,"max_fsi_r":1375,"max_ats":65.5805,"max_ats_r":1375,"max_ats_rp":0.2769,"r_prominence":875,"r_base":1375,"band_rp":"{\"极短距离\": 0.1528, \"短距离\": 0.1111, \"中短距离\": 0.3611, \"中距离\": 0.5, \"中长距离\": 0.6667, \"长距离\": 0.7639, \"超长距离\": 0.7917}","band_jut_rp":"{\"极短距离\": 0.1667, \"短距离\": 0.0972, \"中短距离\": 0.2639, \"中距离\": 0.5139, \"中长距离\": 0.6806, \"长距离\": 0.7639, \"超长距离\": 0.7778}","band_ats_rp":"{\"极短距离\": 0.1667, \"短距离\": 0.0556, \"中短距离\": 0.1389, \"中距离\": 0.2083, \"中长距离\": 0.4028, \"长距离\": 0.5556, \"超长距离\": 0.75}","chart_r":"[125, 250, 375, 500, 625, 750, 875, 1000, 1125, 1250, 1375, 1500, 1625, 1750, 1875, 2000, 2250, 2500, 2750, 3000, 3250, 3500, 3750, 4000, 4250, 4500, 4750, 5000, 5250, 5500, 5750, 6000, 6250, 6500, 6750, 7000, 7250, 7500, 7750, 8000, 8250, 8500, 8750, 9000, 9250, 9500, 9750, 10000]","chart_mx":"[109.0, 218.0, 301.0, 346.0, 369.0, 383.0, 389.0, 395.0, 398.0, 398.0, 398.0, 398.0, 398.0, 398.0, 398.0, 399.0, 399.0, 399.0, 401.0, 401.0, 401.0, 401.0, 401.0, 401.0, 401.0, 401.0, 401.0, 405.0, 410.0, 410.0, 410.0, 410.0, 410.0, 410.0, 410.0, 410.0, 410.0, 410.0, 410.0, 410.0, 410.0, 410.0, 427.0, 427.0, 427.0, 427.0, 427.0, 437.0]","chart_mn":"[44.12, 98.47, 145.82, 180.6, 205.89, 224.78, 239.67, 252.26, 262.69, 271.51, 279.66, 287.03, 293.31, 298.14, 302.36, 307.02, 317.39, 326.23, 331.81, 336.14, 339.97, 342.83, 344.41, 345.34, 347.03, 349.26, 351.82, 354.44, 356.89, 358.93, 360.53, 361.61, 362.19, 362.51, 362.71, 362.61, 362.36, 362.37, 362.52, 362.74, 363.06, 363.49, 363.96, 364.6, 365.4, 366.28, 367.23, 368.22]","chart_rk":"[49, 19, 9, 5, 5, 4, 7, 10, 13, 17, 19, 21, 24, 27, 31, 33, 33, 35, 37, 39, 40, 43, 45, 48, 49, 50, 53, 53, 55, 55, 55, 55, 56, 56, 56, 56, 56, 56, 57, 58, 58, 58, 58, 58, 58, 58, 59, 59]","chart_ats":"[8.71, 23.27, 37.2, 47.33, 54.71, 59.35, 62.36, 63.92, 64.86, 65.39, 65.58, 65.47, 64.89, 63.74, 62.43, 61.31, 60.17, 58.89, 56.57, 54.37, 52.28, 50.2, 48.03, 45.93, 44.17, 42.65, 41.33, 39.74, 38.16, 37.08, 35.99, 34.89, 33.78, 32.7, 31.68, 30.69, 29.73, 28.86, 28.07, 27.32, 26.62, 25.97, 24.35, 23.82, 23.33, 22.87, 22.44, 21.54]","chart_ats_rk":"[52, 25, 11, 6, 4, 4, 4, 5, 7, 7, 7, 8, 10, 12, 13, 13, 15, 14, 16, 16, 20, 21, 28, 29, 29, 31, 33, 35, 36, 40, 41, 41, 41, 45, 46, 49, 49, 50, 51, 53, 54, 55, 56, 56, 56, 56, 56, 56]","chart_r_jut":"[125, 250, 375, 500, 625, 750, 875, 1000, 1125, 1250, 1375, 1500, 1625, 1750, 1875, 2000, 2250, 2500, 2750, 3000, 3250, 3500, 3750, 4000, 4250, 4500, 4750, 5000, 5250, 5500, 5750, 6000, 6250, 6500, 6750, 7000, 7250, 7500, 7750, 8000, 8250, 8500, 8750, 9000, 9250, 9500, 9750, 10000]","chart_mean_jut":"[21.53, 51.53, 76.79, 90.67, 98.05, 101.13, 101.22, 100.09, 98.27, 95.86, 93.33, 90.78, 88.05, 85.09, 82.18, 79.68, 75.64, 72.03, 68.37, 64.86, 61.67, 58.72, 55.93, 53.34, 51.04, 48.97, 47.11, 45.41, 43.84, 42.35, 40.93, 39.56, 38.24, 36.99, 35.82, 34.7, 33.64, 32.66, 31.74, 30.87, 30.06, 29.29, 28.57, 27.89, 27.26, 26.66, 26.1, 25.56]","chart_max_jut":"[57.84, 139.08, 184.57, 195.95, 198.26, 198.26, 198.26, 198.26, 198.26, 198.26, 198.26, 198.26, 198.26, 198.26, 198.26, 198.26, 198.26, 198.26, 198.26, 198.26, 198.26, 198.26, 198.26, 198.26, 198.26, 198.26, 198.26, 198.26, 198.26, 198.26, 198.26, 198.26, 198.26, 198.26, 198.26, 198.26, 198.26, 198.26, 198.26, 198.26, 198.26, 198.26, 198.26, 198.26, 198.26, 198.26, 198.26, 198.26]","chart_jut_rk":"[50, 21, 9, 5, 6, 6, 5, 8, 9, 12, 14, 17, 20, 22, 22, 26, 30, 36, 37, 38, 42, 44, 46, 48, 49, 51, 52, 54, 54, 54, 54, 55, 56, 56, 56, 56, 56, 56, 56, 57, 57, 57, 58, 58, 58, 58, 58, 59]"}},{"type":"Feature","geometry":{"type":"Point","coordinates":[122.316181,36.849746]},"properties":{"name":"424无名峰","elev":424,"rp":0.4056,"mean_relief_crp":0.6111,"mean_jut_crp":0.4722,"mean_ats_crp":0.2917,"max_jut_crp":0.3611,"max_ats_crp":0.2917,"max_jut":187.6121,"max_mean_jut":97.7389,"max_mean_jut_r":1000,"max_mean_jut_rp":0.2308,"max_fsi":0.1554,"max_fsi_r":1750,"max_ats":65.8789,"max_ats_r":1750,"max_ats_rp":0.2615,"r_prominence":1000,"r_base":1750,"band_rp":"{\"极短距离\": 0.6528, \"短距离\": 0.0972, \"中短距离\": 0.2222, \"中距离\": 0.4861, \"中长距离\": 0.5694, \"长距离\": 0.6806, \"超长距离\": 0.75}","band_jut_rp":"{\"极短距离\": 0.6944, \"短距离\": 0.125, \"中短距离\": 0.2222, \"中距离\": 0.4444, \"中长距离\": 0.5694, \"长距离\": 0.6944, \"超长距离\": 0.7361}","band_ats_rp":"{\"极短距离\": 0.6528, \"短距离\": 0.0833, \"中短距离\": 0.1111, \"中距离\": 0.1806, \"中长距离\": 0.3472, \"长距离\": 0.4722, \"超长距离\": 0.6389}","chart_r":"[125, 250, 375, 500, 625, 750, 875, 1000, 1125, 1250, 1375, 1500, 1625, 1750, 1875, 2000, 2250, 2500, 2750, 3000, 3250, 3500, 3750, 4000, 4250, 4500, 4750, 5000, 5250, 5500, 5750, 6000, 6250, 6500, 6750, 7000, 7250, 7500, 7750, 8000, 8250, 8500, 8750, 9000, 9250, 9500, 9750, 10000]","chart_mx":"[83.0, 192.0, 262.0, 328.0, 367.0, 388.0, 406.0, 415.0, 415.0, 418.0, 424.0, 424.0, 424.0, 424.0, 424.0, 425.0, 425.0, 425.0, 425.0, 425.0, 425.0, 427.0, 427.0, 432.0, 436.0, 436.0, 436.0, 436.0, 436.0, 436.0, 436.0, 436.0, 436.0, 436.0, 436.0, 436.0, 436.0, 440.0, 453.0, 453.0, 453.0, 453.0, 453.0, 453.0, 474.0, 477.0, 480.0, 493.0]","chart_mn":"[29.91, 69.52, 118.6, 162.31, 196.27, 221.38, 239.65, 254.27, 268.0, 279.1, 288.21, 296.58, 304.62, 312.28, 318.89, 324.2, 331.73, 336.74, 338.91, 340.62, 344.7, 350.58, 356.88, 362.4, 367.33, 371.88, 375.98, 379.5, 382.35, 384.74, 386.63, 388.35, 389.74, 390.74, 391.52, 392.21, 392.75, 392.93, 392.69, 392.33, 392.04, 391.98, 392.14, 392.44, 392.72, 393.05, 393.53, 394.11]","chart_rk":"[66, 63, 40, 16, 12, 7, 8, 9, 10, 12, 13, 15, 17, 17, 19, 21, 26, 28, 34, 36, 38, 39, 41, 41, 42, 42, 42, 43, 44, 46, 49, 49, 50, 50, 51, 53, 54, 54, 54, 55, 55, 55, 55, 55, 55, 55, 55, 55]","chart_ats":"[4.2, 10.61, 24.72, 37.28, 47.52, 54.55, 57.62, 59.88, 63.06, 64.44, 64.34, 64.9, 65.44, 65.88, 65.87, 65.19, 63.17, 60.61, 57.49, 54.56, 52.57, 51.05, 50.06, 48.44, 46.96, 45.95, 44.94, 43.91, 42.82, 41.71, 40.59, 39.52, 38.45, 37.39, 36.35, 35.36, 34.41, 33.15, 31.27, 30.38, 29.54, 28.77, 28.07, 27.42, 25.61, 24.89, 24.22, 23.12]","chart_ats_rk":"[66, 66, 45, 18, 11, 6, 6, 8, 9, 9, 8, 9, 9, 8, 10, 10, 11, 12, 14, 14, 17, 19, 19, 25, 26, 26, 28, 29, 31, 33, 33, 34, 35, 35, 39, 39, 41, 43, 46, 46, 46, 47, 48, 49, 52, 53, 54, 55]","chart_r_jut":"[125, 250, 375, 500, 625, 750, 875, 1000, 1125, 1250, 1375, 1500, 1625, 1750, 1875, 2000, 2250, 2500, 2750, 3000, 3250, 3500, 3750, 4000, 4250, 4500, 4750, 5000, 5250, 5500, 5750, 6000, 6250, 6500, 6750, 7000, 7250, 7500, 7750, 8000, 8250, 8500, 8750, 9000, 9250, 9500, 9750, 10000]","chart_mean_jut":"[11.65, 29.31, 54.61, 75.35, 88.85, 95.61, 97.61, 97.74, 97.65, 96.51, 94.66, 92.79, 91.08, 89.45, 87.58, 85.46, 80.92, 76.5, 72.1, 68.08, 64.81, 62.18, 59.89, 57.74, 55.74, 53.87, 52.12, 50.45, 48.82, 47.27, 45.78, 44.37, 43.02, 41.72, 40.48, 39.31, 38.2, 37.12, 36.07, 35.08, 34.13, 33.25, 32.43, 31.65, 30.91, 30.21, 29.55, 28.92]","chart_max_jut":"[34.78, 116.58, 152.3, 174.69, 187.61, 187.61, 187.61, 187.61, 187.61, 187.61, 187.61, 187.61, 187.61, 187.61, 187.61, 187.61, 187.61, 187.61, 187.61, 187.61, 187.61, 187.61, 187.61, 187.61, 187.61, 187.61, 187.61, 187.61, 187.61, 187.61, 187.61, 187.61, 187.61, 187.61, 187.61, 187.61, 187.61, 187.61, 187.61, 187.61, 187.61, 187.61, 187.61, 187.61, 187.61, 187.61, 187.61, 187.61]","chart_jut_rk":"[67, 63, 38, 16, 10, 9, 9, 9, 10, 11, 12, 14, 17, 18, 18, 20, 23, 25, 32, 34, 36, 38, 40, 40, 41, 42, 43, 46, 47, 47, 49, 51, 51, 52, 52, 53, 53, 53, 54, 54, 54, 54, 54, 54, 54, 54, 54, 54]"}},{"type":"Feature","geometry":{"type":"Point","coordinates":[119.964302,35.790094]},"properties":{"name":"429无名峰","elev":429,"rp":0.8194,"mean_relief_crp":0.7639,"mean_jut_crp":0.8472,"mean_ats_crp":0.7222,"max_jut_crp":0.9028,"max_ats_crp":0.8611,"max_jut":130.9507,"max_mean_jut":56.6906,"max_mean_jut_r":2250,"max_mean_jut_rp":0.9231,"max_fsi":0.0925,"max_fsi_r":125,"max_ats":39.3886,"max_ats_r":2750,"max_ats_rp":0.8462,"r_prominence":2250,"r_base":2750,"band_rp":"{\"极短距离\": 0.7222, \"短距离\": 0.75, \"中短距离\": 0.7083, \"中距离\": 0.6389, \"中长距离\": 0.6806, \"长距离\": 0.7222, \"超长距离\": 0.7361}","band_jut_rp":"{\"极短距离\": 0.7083, \"短距离\": 0.8194, \"中短距离\": 0.7639, \"中距离\": 0.6944, \"中长距离\": 0.7639, \"长距离\": 0.7361, \"超长距离\": 0.75}","band_ats_rp":"{\"极短距离\": 0.6389, \"短距离\": 0.75, \"中短距离\": 0.7222, \"中距离\": 0.5694, \"中长距离\": 0.5833, \"长距离\": 0.5694, \"超长距离\": 0.625}","chart_r":"[125, 250, 375, 500, 625, 750, 875, 1000, 1125, 1250, 1375, 1500, 1625, 1750, 1875, 2000, 2250, 2500, 2750, 3000, 3250, 3500, 3750, 4000, 4250, 4500, 4750, 5000, 5250, 5500, 5750, 6000, 6250, 6500, 6750, 7000, 7250, 7500, 7750, 8000, 8250, 8500, 8750, 9000, 9250, 9500, 9750, 10000]","chart_mx":"[111.0, 192.0, 241.0, 266.0, 283.0, 300.0, 312.0, 356.0, 379.0, 390.0, 393.0, 397.0, 404.0, 409.0, 412.0, 414.0, 416.0, 421.0, 426.0, 430.0, 431.0, 431.0, 432.0, 432.0, 433.0, 433.0, 433.0, 439.0, 439.0, 439.0, 439.0, 439.0, 439.0, 439.0, 439.0, 439.0, 439.0, 439.0, 439.0, 439.0, 439.0, 439.0, 439.0, 439.0, 439.0, 439.0, 439.0, 439.0]","chart_mn":"[52.73, 81.51, 106.16, 127.11, 144.05, 154.02, 162.6, 173.6, 185.89, 196.64, 207.4, 218.32, 228.9, 238.89, 248.96, 258.93, 276.24, 290.63, 302.44, 311.87, 319.65, 326.33, 332.58, 338.43, 344.24, 349.98, 355.53, 360.56, 364.8, 368.66, 372.36, 375.8, 378.95, 381.81, 384.38, 386.67, 388.74, 390.62, 392.32, 393.85, 395.26, 396.52, 397.66, 398.67, 399.54, 400.31, 401.0, 401.59]","chart_rk":"[22, 49, 54, 54, 54, 58, 59, 57, 56, 55, 56, 55, 52, 52, 51, 51, 49, 47, 47, 46, 47, 49, 51, 51, 50, 49, 50, 51, 53, 53, 53, 53, 54, 54, 55, 55, 55, 55, 55, 54, 54, 54, 54, 54, 54, 54, 54, 54]","chart_ats":"[14.25, 17.24, 21.0, 24.54, 26.82, 26.58, 26.44, 24.95, 25.77, 26.84, 28.39, 29.88, 31.12, 32.33, 33.74, 35.22, 37.64, 38.92, 39.39, 39.31, 39.1, 38.75, 38.29, 37.89, 37.46, 37.16, 36.87, 36.02, 35.56, 35.08, 34.61, 34.13, 33.64, 33.14, 32.62, 32.08, 31.54, 31.01, 30.47, 29.93, 29.41, 28.89, 28.37, 27.86, 27.36, 26.86, 26.37, 25.9]","chart_ats_rk":"[21, 50, 52, 51, 51, 54, 56, 57, 56, 56, 54, 54, 53, 51, 49, 47, 45, 41, 41, 42, 41, 40, 40, 42, 43, 43, 43, 45, 43, 43, 42, 42, 42, 44, 44, 45, 47, 47, 47, 47, 47, 46, 46, 47, 48, 49, 49, 50]","chart_r_jut":"[125, 250, 375, 500, 625, 750, 875, 1000, 1125, 1250, 1375, 1500, 1625, 1750, 1875, 2000, 2250, 2500, 2750, 3000, 3250, 3500, 3750, 4000, 4250, 4500, 4750, 5000, 5250, 5500, 5750, 6000, 6250, 6500, 6750, 7000, 7250, 7500, 7750, 8000, 8250, 8500, 8750, 9000, 9250, 9500, 9750, 10000]","chart_mean_jut":"[30.0, 40.62, 47.68, 51.35, 52.69, 51.77, 50.73, 51.17, 52.54, 53.23, 53.79, 54.34, 54.92, 55.35, 55.83, 56.31, 56.69, 56.37, 55.48, 54.2, 52.72, 51.18, 49.74, 48.37, 47.11, 45.97, 44.9, 43.86, 42.8, 41.77, 40.8, 39.87, 38.97, 38.1, 37.25, 36.43, 35.62, 34.85, 34.09, 33.37, 32.66, 31.98, 31.32, 30.68, 30.06, 29.46, 28.87, 28.31]","chart_max_jut":"[72.77, 108.88, 128.61, 130.95, 130.95, 130.95, 130.95, 130.95, 130.95, 130.95, 130.95, 130.95, 130.95, 130.95, 130.95, 130.95, 130.95, 130.95, 130.95, 130.95, 130.95, 130.95, 130.95, 130.95, 130.95, 130.95, 130.95, 130.95, 130.95, 130.95, 130.95, 130.95, 130.95, 130.95, 130.95, 130.95, 130.95, 130.95, 130.95, 130.95, 130.95, 130.95, 130.95, 130.95, 130.95, 130.95, 130.95, 130.95]","chart_jut_rk":"[24, 49, 52, 54, 55, 58, 62, 60, 60, 60, 59, 60, 56, 56, 56, 54, 52, 52, 51, 52, 51, 51, 53, 54, 55, 57, 56, 56, 56, 55, 55, 54, 55, 55, 55, 55, 55, 55, 55, 55, 55, 55, 55, 55, 55, 55, 55, 55]"}},{"type":"Feature","geometry":{"type":"Point","coordinates":[119.978585,35.781471252441406]},"properties":{"name":"442无名峰","elev":442,"rp":0.8417,"mean_relief_crp":0.75,"mean_jut_crp":0.8611,"mean_ats_crp":0.7639,"max_jut_crp":0.9444,"max_ats_crp":0.8889,"max_jut":115.378,"max_mean_jut":49.4987,"max_mean_jut_r":3250,"max_mean_jut_rp":0.9846,"max_fsi":0.0869,"max_fsi_r":125,"max_ats":38.658,"max_ats_r":4500,"max_ats_rp":0.8769,"r_prominence":3250,"r_base":4500,"band_rp":"{\"极短距离\": 0.6944, \"短距离\": 0.8889, \"中短距离\": 0.8194, \"中距离\": 0.75, \"中长距离\": 0.6111, \"长距离\": 0.6389, \"超长距离\": 0.6944}","band_jut_rp":"{\"极短距离\": 0.6667, \"短距离\": 0.9028, \"中短距离\": 0.875, \"中距离\": 0.7917, \"中长距离\": 0.7361, \"长距离\": 0.7222, \"超长距离\": 0.7222}","band_ats_rp":"{\"极短距离\": 0.6111, \"短距离\": 0.8472, \"中短距离\": 0.8333, \"中距离\": 0.6806, \"中长距离\": 0.5556, \"长距离\": 0.5417, \"超长距离\": 0.5972}","chart_r":"[125, 250, 375, 500, 625, 750, 875, 1000, 1125, 1250, 1375, 1500, 1625, 1750, 1875, 2000, 2250, 2500, 2750, 3000, 3250, 3500, 3750, 4000, 4250, 4500, 4750, 5000, 5250, 5500, 5750, 6000, 6250, 6500, 6750, 7000, 7250, 7500, 7750, 8000, 8250, 8500, 8750, 9000, 9250, 9500, 9750, 10000]","chart_mx":"[118.0, 185.0, 221.0, 245.0, 268.0, 289.0, 302.0, 319.0, 335.0, 378.0, 404.0, 416.0, 419.0, 424.0, 426.0, 429.0, 435.0, 438.0, 443.0, 443.0, 443.0, 443.0, 444.0, 444.0, 444.0, 445.0, 445.0, 446.0, 446.0, 452.0, 452.0, 452.0, 452.0, 452.0, 452.0, 452.0, 452.0, 452.0, 452.0, 452.0, 452.0, 452.0, 452.0, 452.0, 452.0, 452.0, 452.0, 452.0]","chart_mn":"[54.99, 87.55, 108.74, 124.02, 133.66, 141.75, 148.87, 157.0, 168.62, 182.0, 192.88, 201.5, 210.49, 220.38, 229.94, 239.26, 256.68, 271.85, 286.84, 301.1, 314.54, 327.32, 338.27, 347.95, 356.41, 363.57, 369.43, 374.57, 379.32, 383.66, 387.72, 391.35, 394.57, 397.42, 399.98, 402.27, 404.41, 406.41, 408.24, 409.86, 411.32, 412.61, 413.76, 414.76, 415.63, 416.41, 417.14, 417.78]","chart_rk":"[19, 39, 51, 56, 63, 65, 67, 67, 65, 62, 62, 62, 61, 58, 57, 57, 55, 56, 55, 52, 50, 48, 46, 46, 46, 45, 45, 47, 47, 47, 47, 47, 47, 47, 47, 47, 48, 48, 50, 50, 51, 51, 51, 51, 51, 51, 51, 51]","chart_ats":"[14.95, 20.72, 23.49, 24.62, 23.82, 22.9, 22.38, 21.83, 22.49, 22.08, 22.22, 22.63, 23.59, 24.68, 25.88, 26.96, 28.88, 30.48, 31.94, 33.62, 35.15, 36.55, 37.46, 38.16, 38.6, 38.66, 38.54, 38.21, 37.91, 37.06, 36.7, 36.28, 35.81, 35.3, 34.77, 34.23, 33.69, 33.16, 32.62, 32.08, 31.54, 31.0, 30.47, 29.93, 29.4, 28.88, 28.37, 27.87]","chart_ats_rk":"[17, 36, 47, 50, 57, 60, 62, 62, 60, 61, 61, 60, 61, 60, 59, 58, 56, 52, 50, 48, 47, 43, 41, 41, 41, 41, 40, 37, 38, 41, 40, 40, 40, 41, 42, 43, 43, 42, 42, 43, 43, 44, 44, 43, 43, 43, 43, 43]","chart_r_jut":"[125, 250, 375, 500, 625, 750, 875, 1000, 1125, 1250, 1375, 1500, 1625, 1750, 1875, 2000, 2250, 2500, 2750, 3000, 3250, 3500, 3750, 4000, 4250, 4500, 4750, 5000, 5250, 5500, 5750, 6000, 6250, 6500, 6750, 7000, 7250, 7500, 7750, 8000, 8250, 8500, 8750, 9000, 9250, 9500, 9750, 10000]","chart_mean_jut":"[32.09, 43.79, 47.74, 48.64, 47.77, 46.68, 45.39, 44.35, 44.69, 45.86, 46.55, 46.73, 46.96, 47.49, 47.94, 48.33, 48.95, 49.11, 49.32, 49.46, 49.5, 49.47, 49.17, 48.69, 48.08, 47.32, 46.42, 45.49, 44.58, 43.67, 42.78, 41.9, 41.02, 40.15, 39.3, 38.46, 37.65, 36.88, 36.12, 35.38, 34.66, 33.96, 33.28, 32.62, 31.97, 31.34, 30.74, 30.15]","chart_max_jut":"[82.19, 111.5, 113.26, 113.26, 113.26, 113.26, 113.26, 113.26, 113.26, 113.26, 115.38, 115.38, 115.38, 115.38, 115.38, 115.38, 115.38, 115.38, 115.38, 115.38, 115.38, 115.38, 115.38, 115.38, 115.38, 115.38, 115.38, 115.38, 115.38, 115.38, 115.38, 115.38, 115.38, 115.38, 115.38, 115.38, 115.38, 115.38, 115.38, 115.38, 115.38, 115.38, 115.38, 115.38, 115.38, 115.38, 115.38, 115.38]","chart_jut_rk":"[21, 41, 51, 56, 61, 64, 66, 66, 67, 65, 65, 65, 64, 64, 64, 61, 60, 57, 58, 56, 54, 55, 54, 53, 53, 54, 54, 53, 53, 53, 53, 53, 53, 53, 54, 54, 54, 54, 53, 53, 53, 53, 53, 53, 53, 53, 53, 53]"}},{"type":"Feature","geometry":{"type":"Point","coordinates":[120.408159,37.5101432800293]},"properties":{"name":"453无名峰","elev":453,"rp":0.825,"mean_relief_crp":0.9028,"mean_jut_crp":0.8889,"mean_ats_crp":0.875,"max_jut_crp":0.7361,"max_ats_crp":0.7222,"max_jut":151.381,"max_mean_jut":77.0449,"max_mean_jut_r":625,"max_mean_jut_rp":0.6308,"max_fsi":0.1383,"max_fsi_r":625,"max_ats":45.2127,"max_ats_r":750,"max_ats_rp":0.7077,"r_prominence":625,"r_base":750,"band_rp":"{\"极短距离\": 0.1944, \"短距离\": 0.5417, \"中短距离\": 0.7778, \"中距离\": 0.8333, \"中长距离\": 0.9028, \"长距离\": 0.9028, \"超长距离\": 0.8889}","band_jut_rp":"{\"极短距离\": 0.2083, \"短距离\": 0.5, \"中短距离\": 0.8194, \"中距离\": 0.9028, \"中长距离\": 0.9028, \"长距离\": 0.9028, \"超长距离\": 0.8889}","band_ats_rp":"{\"极短距离\": 0.1528, \"短距离\": 0.3333, \"中短距离\": 0.6944, \"中距离\": 0.7639, \"中长距离\": 0.8194, \"长距离\": 0.9028, \"超长距离\": 0.9028}","chart_r":"[125, 250, 375, 500, 625, 750, 875, 1000, 1125, 1250, 1375, 1500, 1625, 1750, 1875, 2000, 2250, 2500, 2750, 3000, 3250, 3500, 3750, 4000, 4250, 4500, 4750, 5000, 5250, 5500, 5750, 6000, 6250, 6500, 6750, 7000, 7250, 7500, 7750, 8000, 8250, 8500, 8750, 9000, 9250, 9500, 9750, 10000]","chart_mx":"[120.0, 211.0, 259.0, 294.0, 311.0, 327.0, 334.0, 334.0, 346.0, 349.0, 352.0, 355.0, 357.0, 358.0, 358.0, 358.0, 362.0, 366.0, 370.0, 374.0, 381.0, 385.0, 387.0, 392.0, 395.0, 399.0, 405.0, 405.0, 405.0, 407.0, 409.0, 412.0, 413.0, 416.0, 419.0, 420.0, 422.0, 427.0, 427.0, 428.0, 432.0, 432.0, 432.0, 433.0, 437.0, 444.0, 444.0, 444.0]","chart_mn":"[54.61, 100.49, 135.81, 161.49, 180.74, 194.14, 202.44, 208.05, 212.08, 215.32, 216.83, 218.08, 220.1, 222.78, 225.38, 227.85, 234.49, 242.65, 251.38, 259.3, 265.94, 271.38, 276.01, 280.31, 284.06, 287.19, 289.36, 290.34, 290.75, 291.38, 291.52, 290.61, 288.76, 286.48, 284.25, 282.05, 279.88, 278.72, 278.81, 279.64, 281.1, 282.98, 284.99, 287.11, 289.41, 292.08, 294.97, 298.09]","chart_rk":"[20, 17, 15, 18, 20, 28, 36, 42, 48, 49, 50, 56, 58, 57, 59, 60, 62, 62, 61, 61, 62, 63, 64, 64, 65, 65, 65, 66, 66, 66, 66, 66, 66, 66, 66, 66, 66, 66, 66, 66, 66, 66, 65, 65, 66, 66, 66, 66]","chart_ats":"[14.68, 25.95, 35.68, 40.97, 44.78, 45.21, 44.23, 43.15, 40.23, 38.35, 36.12, 34.03, 32.52, 31.45, 30.57, 29.78, 28.56, 27.91, 27.58, 27.24, 26.54, 25.92, 25.37, 24.68, 24.08, 23.38, 22.49, 21.83, 21.12, 20.37, 19.61, 18.76, 17.97, 17.1, 16.3, 15.64, 14.99, 14.36, 14.02, 13.72, 13.39, 13.22, 13.08, 12.92, 12.7, 12.43, 12.38, 12.35]","chart_ats_rk":"[19, 16, 14, 13, 14, 19, 21, 28, 37, 41, 44, 49, 50, 53, 53, 54, 57, 58, 56, 56, 58, 58, 58, 59, 58, 60, 60, 62, 65, 66, 66, 66, 66, 66, 66, 66, 66, 66, 66, 66, 66, 66, 65, 65, 65, 65, 65, 65]","chart_r_jut":"[125, 250, 375, 500, 625, 750, 875, 1000, 1125, 1250, 1375, 1500, 1625, 1750, 1875, 2000, 2250, 2500, 2750, 3000, 3250, 3500, 3750, 4000, 4250, 4500, 4750, 5000, 5250, 5500, 5750, 6000, 6250, 6500, 6750, 7000, 7250, 7500, 7750, 8000, 8250, 8500, 8750, 9000, 9250, 9500, 9750, 10000]","chart_mean_jut":"[32.26, 54.5, 68.04, 74.59, 77.04, 76.15, 72.97, 69.27, 65.63, 62.16, 58.64, 55.4, 52.75, 50.54, 48.56, 46.79, 44.09, 42.1, 40.59, 39.29, 38.03, 36.77, 35.58, 34.51, 33.49, 32.49, 31.47, 30.44, 29.42, 28.45, 27.52, 26.6, 25.7, 24.83, 24.03, 23.29, 22.61, 22.0, 21.47, 21.0, 20.58, 20.18, 19.82, 19.49, 19.18, 18.89, 18.63, 18.39]","chart_max_jut":"[78.11, 138.7, 151.38, 151.38, 151.38, 151.38, 151.38, 151.38, 151.38, 151.38, 151.38, 151.38, 151.38, 151.38, 151.38, 151.38, 151.38, 151.38, 151.38, 151.38, 151.38, 151.38, 151.38, 151.38, 151.38, 151.38, 151.38, 151.38, 151.38, 151.38, 151.38, 151.38, 151.38, 151.38, 151.38, 151.38, 151.38, 151.38, 151.38, 151.38, 151.38, 151.38, 151.38, 151.38, 151.38, 151.38, 151.38, 151.38]","chart_jut_rk":"[18, 15, 16, 17, 23, 28, 34, 43, 46, 49, 51, 58, 60, 62, 62, 64, 67, 67, 67, 65, 66, 66, 66, 66, 66, 66, 66, 66, 66, 66, 66, 66, 66, 66, 66, 66, 66, 66, 65, 65, 65, 65, 65, 65, 66, 66, 66, 66]"}},{"type":"Feature","geometry":{"type":"Point","coordinates":[120.44535064697266,37.493569]},"properties":{"name":"457无名峰","elev":457,"rp":0.95,"mean_relief_crp":0.9861,"mean_jut_crp":0.9722,"mean_ats_crp":0.9861,"max_jut_crp":0.9583,"max_ats_crp":0.8472,"max_jut":113.7622,"max_mean_jut":65.7885,"max_mean_jut_r":500,"max_mean_jut_rp":0.8462,"max_fsi":0.1572,"max_fsi_r":500,"max_ats":39.469,"max_ats_r":500,"max_ats_rp":0.8308,"r_prominence":500,"r_base":500,"band_rp":"{\"极短距离\": 0.3333, \"短距离\": 0.8472, \"中短距离\": 0.9722, \"中距离\": 0.9722, \"中长距离\": 0.9861, \"长距离\": 0.9861, \"超长距离\": 0.9583}","band_jut_rp":"{\"极短距离\": 0.3333, \"短距离\": 0.7778, \"中短距离\": 0.9306, \"中距离\": 0.9722, \"中长距离\": 1.0, \"长距离\": 1.0, \"超长距离\": 0.9861}","band_ats_rp":"{\"极短距离\": 0.1806, \"短距离\": 0.6806, \"中短距离\": 0.8472, \"中距离\": 0.9722, \"中长距离\": 1.0, \"长距离\": 1.0, \"超长距离\": 0.9861}","chart_r":"[125, 250, 375, 500, 625, 750, 875, 1000, 1125, 1250, 1375, 1500, 1625, 1750, 1875, 2000, 2250, 2500, 2750, 3000, 3250, 3500, 3750, 4000, 4250, 4500, 4750, 5000, 5250, 5500, 5750, 6000, 6250, 6500, 6750, 7000, 7250, 7500, 7750, 8000, 8250, 8500, 8750, 9000, 9250, 9500, 9750, 10000]","chart_mx":"[111.0, 174.0, 224.0, 251.0, 262.0, 283.0, 291.0, 295.0, 305.0, 312.0, 319.0, 326.0, 337.0, 339.0, 342.0, 344.0, 346.0, 350.0, 354.0, 357.0, 359.0, 362.0, 364.0, 366.0, 369.0, 381.0, 382.0, 382.0, 382.0, 387.0, 388.0, 391.0, 394.0, 397.0, 399.0, 403.0, 404.0, 407.0, 409.0, 412.0, 414.0, 417.0, 420.0, 422.0, 424.0, 425.0, 428.0, 429.0]","chart_mn":"[51.9, 95.51, 128.54, 150.58, 158.67, 164.92, 168.25, 165.85, 162.81, 161.68, 163.71, 167.84, 173.62, 179.69, 184.99, 188.66, 192.52, 192.6, 191.03, 187.02, 181.53, 175.37, 169.96, 165.77, 164.48, 165.06, 166.63, 168.79, 171.57, 175.72, 180.96, 186.9, 193.44, 200.33, 206.66, 212.62, 218.2, 223.5, 228.62, 233.65, 238.53, 243.28, 247.76, 251.9, 255.69, 259.22, 262.33, 265.18]","chart_rk":"[27, 23, 23, 29, 43, 52, 56, 64, 67, 69, 71, 71, 71, 71, 71, 70, 70, 70, 71, 72, 72, 72, 72, 72, 72, 72, 72, 72, 72, 72, 72, 72, 72, 72, 72, 72, 72, 72, 72, 72, 72, 70, 70, 69, 69, 69, 69, 69]","chart_ats":"[13.36, 26.99, 35.03, 39.47, 37.95, 34.52, 32.07, 28.7, 25.43, 23.34, 22.11, 21.47, 20.97, 21.14, 21.05, 20.67, 19.47, 17.81, 16.17, 14.52, 12.94, 11.44, 10.25, 9.31, 8.7, 8.08, 7.8, 7.62, 7.5, 7.39, 7.44, 7.5, 7.61, 7.76, 7.89, 7.98, 8.11, 8.2, 8.31, 8.39, 8.48, 8.54, 8.58, 8.62, 8.64, 8.67, 8.64, 8.64]","chart_ats_rk":"[25, 13, 15, 14, 24, 40, 47, 53, 57, 58, 62, 62, 63, 63, 64, 64, 66, 68, 70, 71, 72, 72, 73, 73, 73, 73, 73, 73, 73, 73, 73, 73, 73, 73, 72, 72, 72, 72, 72, 72, 72, 72, 72, 72, 72, 71, 70, 69]","chart_r_jut":"[125, 250, 375, 500, 625, 750, 875, 1000, 1125, 1250, 1375, 1500, 1625, 1750, 1875, 2000, 2250, 2500, 2750, 3000, 3250, 3500, 3750, 4000, 4250, 4500, 4750, 5000, 5250, 5500, 5750, 6000, 6250, 6500, 6750, 7000, 7250, 7500, 7750, 8000, 8250, 8500, 8750, 9000, 9250, 9500, 9750, 10000]","chart_mean_jut":"[28.58, 49.17, 61.04, 65.79, 62.66, 59.24, 55.47, 51.05, 47.63, 45.04, 43.09, 41.7, 40.7, 39.88, 38.91, 37.69, 34.99, 32.37, 29.97, 27.71, 25.6, 23.62, 21.94, 20.56, 19.52, 18.66, 17.89, 17.24, 16.69, 16.28, 15.94, 15.69, 15.5, 15.37, 15.24, 15.12, 15.02, 14.93, 14.86, 14.79, 14.71, 14.63, 14.54, 14.44, 14.33, 14.22, 14.1, 13.98]","chart_max_jut":"[74.64, 97.47, 111.76, 113.76, 113.76, 113.76, 113.76, 113.76, 113.76, 113.76, 113.76, 113.76, 113.76, 113.76, 113.76, 113.76, 113.76, 113.76, 113.76, 113.76, 113.76, 113.76, 113.76, 113.76, 113.76, 113.76, 113.76, 113.76, 113.76, 113.76, 113.76, 113.76, 113.76, 113.76, 113.76, 113.76, 113.76, 113.76, 113.76, 113.76, 113.76, 113.76, 113.76, 113.76, 113.76, 113.76, 113.76, 113.76]","chart_jut_rk":"[28, 26, 25, 30, 43, 51, 56, 62, 64, 67, 66, 66, 68, 68, 69, 70, 70, 71, 71, 71, 73, 73, 73, 73, 73, 73, 73, 73, 73, 73, 73, 73, 73, 73, 73, 73, 73, 73, 73, 72, 72, 71, 71, 70, 70, 70, 70, 69]"}},{"type":"Feature","geometry":{"type":"Point","coordinates":[120.186365,36.91900634765625]},"properties":{"name":"469无名峰","elev":469,"rp":0.675,"mean_relief_crp":0.8056,"mean_jut_crp":0.7778,"mean_ats_crp":0.5417,"max_jut_crp":0.8056,"max_ats_crp":0.4444,"max_jut":144.8754,"max_mean_jut":84.5512,"max_mean_jut_r":625,"max_mean_jut_rp":0.4615,"max_fsi":0.1507,"max_fsi_r":375,"max_ats":54.54,"max_ats_r":1625,"max_ats_rp":0.4154,"r_prominence":625,"r_base":1625,"band_rp":"{\"极短距离\": 0.0833, \"短距离\": 0.2639, \"中短距离\": 0.4861, \"中距离\": 0.6528, \"中长距离\": 0.8333, \"长距离\": 0.8472, \"超长距离\": 0.8333}","band_jut_rp":"{\"极短距离\": 0.0972, \"短距离\": 0.3194, \"中短距离\": 0.5417, \"中距离\": 0.6806, \"中长距离\": 0.8472, \"长距离\": 0.8472, \"超长距离\": 0.8333}","band_ats_rp":"{\"极短距离\": 0.0556, \"短距离\": 0.1528, \"中短距离\": 0.2361, \"中距离\": 0.4583, \"中长距离\": 0.6944, \"长距离\": 0.8056, \"超长距离\": 0.8194}","chart_r":"[125, 250, 375, 500, 625, 750, 875, 1000, 1125, 1250, 1375, 1500, 1625, 1750, 1875, 2000, 2250, 2500, 2750, 3000, 3250, 3500, 3750, 4000, 4250, 4500, 4750, 5000, 5250, 5500, 5750, 6000, 6250, 6500, 6750, 7000, 7250, 7500, 7750, 8000, 8250, 8500, 8750, 9000, 9250, 9500, 9750, 10000]","chart_mx":"[146.0, 219.0, 254.0, 284.0, 303.0, 318.0, 331.0, 340.0, 344.0, 350.0, 351.0, 357.0, 362.0, 368.0, 371.0, 374.0, 379.0, 381.0, 385.0, 387.0, 390.0, 392.0, 395.0, 399.0, 399.0, 399.0, 401.0, 403.0, 403.0, 403.0, 404.0, 405.0, 405.0, 415.0, 428.0, 428.0, 428.0, 428.0, 428.0, 428.0, 428.0, 428.0, 428.0, 428.0, 428.0, 428.0, 428.0, 428.0]","chart_mn":"[49.65, 112.73, 149.89, 173.99, 192.17, 206.12, 218.45, 229.69, 239.16, 247.54, 256.01, 264.94, 273.18, 280.35, 286.37, 291.06, 297.28, 300.62, 302.53, 304.78, 306.29, 307.03, 307.8, 309.23, 310.62, 312.62, 315.58, 319.37, 323.36, 327.14, 330.66, 333.94, 336.92, 339.64, 342.25, 344.82, 347.2, 349.38, 351.31, 353.02, 354.55, 355.87, 357.04, 358.11, 359.05, 359.85, 360.46, 360.88]","chart_rk":"[36, 5, 7, 11, 14, 17, 20, 25, 28, 32, 32, 33, 35, 36, 35, 36, 41, 42, 46, 51, 53, 56, 57, 58, 61, 61, 62, 62, 63, 63, 63, 62, 62, 62, 61, 61, 61, 61, 61, 61, 60, 61, 61, 60, 60, 60, 60, 60]","chart_ats":"[9.27, 33.55, 47.02, 51.63, 53.63, 53.98, 53.96, 54.19, 54.42, 53.94, 54.44, 54.52, 54.54, 54.03, 53.58, 52.68, 50.12, 47.47, 44.55, 42.3, 40.02, 37.84, 35.73, 33.84, 32.48, 31.35, 30.35, 29.61, 29.12, 28.66, 28.14, 27.62, 27.17, 26.08, 24.88, 24.5, 24.12, 23.74, 23.34, 22.95, 22.55, 22.15, 21.75, 21.36, 20.98, 20.59, 20.2, 19.81]","chart_ats_rk":"[46, 5, 4, 4, 7, 7, 11, 12, 12, 16, 16, 19, 19, 20, 22, 23, 27, 30, 33, 34, 39, 41, 45, 49, 51, 52, 52, 53, 53, 53, 56, 57, 59, 59, 60, 61, 61, 61, 61, 61, 59, 59, 59, 59, 59, 59, 58, 58]","chart_r_jut":"[125, 250, 375, 500, 625, 750, 875, 1000, 1125, 1250, 1375, 1500, 1625, 1750, 1875, 2000, 2250, 2500, 2750, 3000, 3250, 3500, 3750, 4000, 4250, 4500, 4750, 5000, 5250, 5500, 5750, 6000, 6250, 6500, 6750, 7000, 7250, 7500, 7750, 8000, 8250, 8500, 8750, 9000, 9250, 9500, 9750, 10000]","chart_mean_jut":"[27.25, 65.17, 79.69, 84.27, 84.55, 83.28, 81.76, 80.21, 78.27, 76.26, 74.64, 73.47, 72.27, 70.93, 69.42, 67.69, 63.89, 60.17, 56.7, 53.71, 50.96, 48.31, 45.85, 43.67, 41.72, 40.01, 38.57, 37.36, 36.29, 35.3, 34.38, 33.5, 32.66, 31.86, 31.11, 30.41, 29.73, 29.08, 28.44, 27.82, 27.22, 26.64, 26.08, 25.53, 25.0, 24.49, 23.99, 23.5]","chart_max_jut":"[93.64, 142.58, 144.88, 144.88, 144.88, 144.88, 144.88, 144.88, 144.88, 144.88, 144.88, 144.88, 144.88, 144.88, 144.88, 144.88, 144.88, 144.88, 144.88, 144.88, 144.88, 144.88, 144.88, 144.88, 144.88, 144.88, 144.88, 144.88, 144.88, 144.88, 144.88, 144.88, 144.88, 144.88, 144.88, 144.88, 144.88, 144.88, 144.88, 144.88, 144.88, 144.88, 144.88, 144.88, 144.88, 144.88, 144.88, 144.88]","chart_jut_rk":"[36, 6, 7, 10, 14, 18, 25, 28, 32, 37, 37, 39, 39, 40, 39, 41, 43, 46, 49, 53, 53, 56, 57, 60, 62, 62, 63, 63, 63, 63, 63, 62, 62, 62, 62, 62, 61, 61, 61, 61, 61, 61, 61, 61, 61, 61, 61, 61]"}},{"type":"Feature","geometry":{"type":"Point","coordinates":[120.86980438232422,37.241591]},"properties":{"name":"474无名峰","elev":474,"rp":0.975,"mean_relief_crp":0.9722,"mean_jut_crp":0.9861,"mean_ats_crp":0.9722,"max_jut_crp":0.9861,"max_ats_crp":0.9583,"max_jut":110.1566,"max_mean_jut":53.0778,"max_mean_jut_r":750,"max_mean_jut_rp":0.9385,"max_fsi":0.116,"max_fsi_r":125,"max_ats":31.443,"max_ats_r":875,"max_ats_rp":0.9538,"r_prominence":750,"r_base":875,"band_rp":"{\"极短距离\": 0.5139, \"短距离\": 0.8194, \"中短距离\": 0.9167, \"中距离\": 0.9444, \"中长距离\": 0.9583, \"长距离\": 0.9583, \"超长距离\": 0.9444}","band_jut_rp":"{\"极短距离\": 0.4583, \"短距离\": 0.8472, \"中短距离\": 0.9444, \"中距离\": 0.9861, \"中长距离\": 0.9861, \"长距离\": 0.9861, \"超长距离\": 1.0}","band_ats_rp":"{\"极短距离\": 0.2639, \"短距离\": 0.6944, \"中短距离\": 0.7778, \"中距离\": 0.9167, \"中长距离\": 0.9444, \"长距离\": 0.9444, \"超长距离\": 0.9722}","chart_r":"[125, 250, 375, 500, 625, 750, 875, 1000, 1125, 1250, 1375, 1500, 1625, 1750, 1875, 2000, 2250, 2500, 2750, 3000, 3250, 3500, 3750, 4000, 4250, 4500, 4750, 5000, 5250, 5500, 5750, 6000, 6250, 6500, 6750, 7000, 7250, 7500, 7750, 8000, 8250, 8500, 8750, 9000, 9250, 9500, 9750, 10000]","chart_mx":"[121.0, 179.0, 208.0, 237.0, 255.0, 267.0, 271.0, 274.0, 279.0, 283.0, 285.0, 288.0, 289.0, 293.0, 295.0, 299.0, 301.0, 308.0, 314.0, 320.0, 325.0, 327.0, 336.0, 338.0, 341.0, 344.0, 346.0, 348.0, 351.0, 353.0, 355.0, 357.0, 359.0, 361.0, 363.0, 364.0, 367.0, 368.0, 371.0, 372.0, 373.0, 375.0, 376.0, 376.0, 378.0, 380.0, 381.0, 381.0]","chart_mn":"[67.86, 93.2, 111.55, 127.15, 141.78, 155.52, 164.67, 170.9, 176.15, 180.4, 183.69, 186.33, 188.87, 191.91, 194.47, 196.22, 199.82, 203.62, 206.93, 209.34, 211.11, 212.85, 214.67, 217.06, 219.68, 222.21, 224.73, 227.19, 229.73, 232.29, 234.6, 236.09, 237.22, 238.71, 240.28, 241.72, 242.93, 244.0, 244.92, 245.6, 246.25, 247.09, 248.04, 249.12, 250.22, 251.35, 252.34, 253.41]","chart_rk":"[3, 29, 47, 53, 56, 57, 58, 60, 62, 63, 63, 63, 66, 67, 68, 69, 68, 68, 68, 70, 70, 71, 71, 70, 70, 70, 70, 70, 70, 70, 70, 70, 70, 70, 70, 69, 70, 69, 69, 69, 69, 69, 69, 70, 70, 70, 70, 70]","chart_ats":"[24.68, 25.82, 27.53, 27.92, 29.24, 30.92, 31.44, 30.88, 29.84, 28.74, 27.7, 26.49, 25.55, 24.63, 23.86, 22.85, 21.58, 20.28, 19.09, 17.89, 16.8, 15.98, 14.95, 14.4, 13.92, 13.49, 13.15, 12.84, 12.53, 12.28, 12.03, 11.72, 11.41, 11.14, 10.89, 10.68, 10.4, 10.19, 9.92, 9.69, 9.47, 9.25, 9.07, 8.93, 8.75, 8.59, 8.44, 8.33]","chart_ats_rk":"[1, 17, 35, 45, 45, 45, 48, 50, 53, 54, 55, 56, 57, 61, 61, 61, 63, 65, 65, 66, 67, 68, 69, 68, 69, 69, 69, 69, 69, 69, 69, 69, 69, 69, 69, 70, 70, 70, 70, 71, 71, 71, 71, 71, 71, 72, 72, 71]","chart_r_jut":"[125, 250, 375, 500, 625, 750, 875, 1000, 1125, 1250, 1375, 1500, 1625, 1750, 1875, 2000, 2250, 2500, 2750, 3000, 3250, 3500, 3750, 4000, 4250, 4500, 4750, 5000, 5250, 5500, 5750, 6000, 6250, 6500, 6750, 7000, 7250, 7500, 7750, 8000, 8250, 8500, 8750, 9000, 9250, 9500, 9750, 10000]","chart_mean_jut":"[44.0, 49.59, 51.34, 52.04, 52.59, 53.08, 51.75, 49.51, 47.26, 45.08, 42.97, 40.94, 39.1, 37.6, 36.2, 34.82, 32.51, 30.68, 28.97, 27.35, 25.86, 24.54, 23.4, 22.42, 21.6, 20.88, 20.24, 19.66, 19.14, 18.66, 18.2, 17.73, 17.26, 16.85, 16.46, 16.08, 15.72, 15.37, 15.02, 14.68, 14.35, 14.04, 13.75, 13.48, 13.22, 12.98, 12.75, 12.53]","chart_max_jut":"[83.83, 103.57, 110.16, 110.16, 110.16, 110.16, 110.16, 110.16, 110.16, 110.16, 110.16, 110.16, 110.16, 110.16, 110.16, 110.16, 110.16, 110.16, 110.16, 110.16, 110.16, 110.16, 110.16, 110.16, 110.16, 110.16, 110.16, 110.16, 110.16, 110.16, 110.16, 110.16, 110.16, 110.16, 110.16, 110.16, 110.16, 110.16, 110.16, 110.16, 110.16, 110.16, 110.16, 110.16, 110.16, 110.16, 110.16, 110.16]","chart_jut_rk":"[4, 24, 47, 50, 56, 56, 61, 63, 65, 66, 67, 68, 69, 71, 71, 71, 72, 72, 72, 72, 72, 72, 72, 72, 72, 72, 72, 72, 72, 72, 72, 72, 72, 72, 72, 72, 72, 72, 72, 73, 73, 73, 73, 73, 73, 73, 73, 73]"}},{"type":"Feature","geometry":{"type":"Point","coordinates":[121.142263,36.901489]},"properties":{"name":"483无名峰","elev":483,"rp":0.9917,"mean_relief_crp":0.9583,"mean_jut_crp":1.0,"mean_ats_crp":1.0,"max_jut_crp":1.0,"max_ats_crp":1.0,"max_jut":95.7438,"max_mean_jut":43.947,"max_mean_jut_r":null,"max_mean_jut_rp":1.0,"max_fsi":0.0927,"max_fsi_r":125,"max_ats":24.6549,"max_ats_r":null,"max_ats_rp":1.0,"r_prominence":null,"r_base":null,"band_rp":"{\"极短距离\": 0.7639, \"短距离\": 0.9306, \"中短距离\": 0.9583, \"中距离\": 0.9583, \"中长距离\": 0.9444, \"长距离\": 0.9167, \"超长距离\": 0.9306}","band_jut_rp":"{\"极短距离\": 0.7361, \"短距离\": 0.9306, \"中短距离\": 1.0, \"中距离\": 1.0, \"中长距离\": 0.9722, \"长距离\": 0.9722, \"超长距离\": 0.9444}","band_ats_rp":"{\"极短距离\": 0.6806, \"短距离\": 0.8194, \"中短距离\": 0.8889, \"中距离\": 0.9583, \"中长距离\": 0.9583, \"长距离\": 0.9583, \"超长距离\": 0.9583}","chart_r":"[125, 250, 375, 500, 625, 750, 875, 1000, 1125, 1250, 1375, 1500, 1625, 1750, 1875, 2000, 2250, 2500, 2750, 3000, 3250, 3500, 3750, 4000, 4250, 4500, 4750, 5000, 5250, 5500, 5750, 6000, 6250, 6500, 6750, 7000, 7250, 7500, 7750, 8000, 8250, 8500, 8750, 9000, 9250, 9500, 9750, 10000]","chart_mx":"[107.0, 165.0, 201.0, 223.0, 236.0, 252.0, 266.0, 284.0, 295.0, 306.0, 320.0, 321.0, 324.0, 329.0, 334.0, 334.0, 342.0, 346.0, 369.0, 371.0, 376.0, 380.0, 385.0, 388.0, 392.0, 396.0, 398.0, 400.0, 401.0, 404.0, 407.0, 410.0, 411.0, 413.0, 415.0, 417.0, 422.0, 426.0, 427.0, 427.0, 428.0, 430.0, 432.0, 432.0, 435.0, 438.0, 439.0, 442.0]","chart_mn":"[56.01, 79.54, 96.51, 111.88, 126.25, 139.91, 149.23, 157.17, 164.07, 169.68, 174.71, 179.2, 182.8, 185.36, 186.83, 187.55, 190.08, 195.82, 202.94, 210.33, 216.87, 222.19, 225.97, 229.03, 231.66, 234.0, 236.08, 237.74, 239.13, 240.82, 242.81, 244.69, 246.71, 248.83, 251.06, 253.26, 255.52, 257.89, 260.22, 262.44, 264.66, 266.63, 268.72, 270.91, 273.22, 275.42, 277.48, 279.47]","chart_rk":"[18, 51, 60, 64, 66, 67, 65, 66, 66, 65, 66, 67, 68, 70, 70, 71, 71, 69, 69, 69, 69, 70, 69, 69, 69, 69, 69, 69, 69, 69, 69, 68, 67, 67, 67, 67, 67, 67, 67, 68, 68, 68, 68, 68, 68, 68, 68, 67]","chart_ats":"[16.86, 18.38, 18.99, 20.6, 22.64, 24.3, 24.65, 24.04, 23.6, 22.8, 21.7, 21.44, 20.87, 20.02, 19.01, 18.22, 16.64, 16.04, 15.04, 15.15, 15.02, 14.8, 14.37, 13.97, 13.54, 13.12, 12.77, 12.4, 12.04, 11.68, 11.37, 11.08, 10.87, 10.66, 10.48, 10.31, 10.09, 9.91, 9.81, 9.73, 9.63, 9.5, 9.39, 9.33, 9.22, 9.12, 9.05, 8.94]","chart_ats_rk":"[9, 46, 56, 59, 59, 57, 59, 59, 59, 59, 64, 63, 64, 65, 67, 68, 70, 71, 71, 70, 70, 70, 70, 71, 70, 70, 70, 70, 70, 70, 70, 70, 70, 70, 71, 71, 71, 71, 71, 70, 70, 70, 70, 70, 68, 68, 68, 68]","chart_r_jut":"[125, 250, 375, 500, 625, 750, 875, 1000, 1125, 1250, 1375, 1500, 1625, 1750, 1875, 2000, 2250, 2500, 2750, 3000, 3250, 3500, 3750, 4000, 4250, 4500, 4750, 5000, 5250, 5500, 5750, 6000, 6250, 6500, 6750, 7000, 7250, 7500, 7750, 8000, 8250, 8500, 8750, 9000, 9250, 9500, 9750, 10000]","chart_mean_jut":"[32.21, 38.12, 39.54, 41.07, 42.33, 43.77, 43.95, 43.45, 42.44, 41.12, 39.75, 38.41, 36.99, 35.53, 33.99, 32.45, 29.94, 28.34, 27.36, 26.73, 26.05, 25.3, 24.47, 23.67, 22.92, 22.21, 21.53, 20.86, 20.19, 19.6, 19.06, 18.57, 18.11, 17.69, 17.33, 16.98, 16.66, 16.37, 16.09, 15.83, 15.57, 15.32, 15.09, 14.88, 14.69, 14.5, 14.32, 14.15]","chart_max_jut":"[59.47, 89.77, 95.52, 95.74, 95.74, 95.74, 95.74, 95.74, 95.74, 95.74, 95.74, 95.74, 95.74, 95.74, 95.74, 95.74, 95.74, 95.74, 95.74, 95.74, 95.74, 95.74, 95.74, 95.74, 95.74, 95.74, 95.74, 95.74, 95.74, 95.74, 95.74, 95.74, 95.74, 95.74, 95.74, 95.74, 95.74, 95.74, 95.74, 95.74, 95.74, 95.74, 95.74, 95.74, 95.74, 95.74, 95.74, 95.74]","chart_jut_rk":"[19, 51, 58, 64, 65, 67, 68, 67, 68, 68, 69, 70, 72, 73, 73, 73, 73, 73, 73, 73, 71, 71, 71, 71, 71, 71, 71, 71, 71, 71, 71, 71, 71, 71, 71, 71, 71, 70, 70, 70, 69, 69, 69, 69, 69, 69, 68, 68]"}},{"type":"Feature","geometry":{"type":"Point","coordinates":[120.654478,37.389814]},"properties":{"name":"488无名峰","elev":488,"rp":0.6833,"mean_relief_crp":0.875,"mean_jut_crp":0.8056,"mean_ats_crp":0.5694,"max_jut_crp":0.9306,"max_ats_crp":0.2361,"max_jut":115.8457,"max_mean_jut":89.2303,"max_mean_jut_r":750,"max_mean_jut_rp":0.3846,"max_fsi":0.2258,"max_fsi_r":500,"max_ats":67.9741,"max_ats_r":875,"max_ats_rp":0.2,"r_prominence":750,"r_base":875,"band_rp":"{\"极短距离\": 0.0278, \"短距离\": 0.1806, \"中短距离\": 0.4722, \"中距离\": 0.7361, \"中长距离\": 0.8611, \"长距离\": 0.8889, \"超长距离\": 0.9028}","band_jut_rp":"{\"极短距离\": 0.0556, \"短距离\": 0.2222, \"中短距离\": 0.5, \"中距离\": 0.75, \"中长距离\": 0.875, \"长距离\": 0.8889, \"超长距离\": 0.9167}","band_ats_rp":"{\"极短距离\": 0.0278, \"短距离\": 0.0278, \"中短距离\": 0.1944, \"中距离\": 0.5, \"中长距离\": 0.75, \"长距离\": 0.875, \"超长距离\": 0.8889}","chart_r":"[125, 250, 375, 500, 625, 750, 875, 1000, 1125, 1250, 1375, 1500, 1625, 1750, 1875, 2000, 2250, 2500, 2750, 3000, 3250, 3500, 3750, 4000, 4250, 4500, 4750, 5000, 5250, 5500, 5750, 6000, 6250, 6500, 6750, 7000, 7250, 7500, 7750, 8000, 8250, 8500, 8750, 9000, 9250, 9500, 9750, 10000]","chart_mx":"[129.0, 185.0, 222.0, 250.0, 274.0, 289.0, 301.0, 312.0, 319.0, 330.0, 336.0, 342.0, 346.0, 353.0, 355.0, 355.0, 361.0, 363.0, 366.0, 369.0, 372.0, 375.0, 378.0, 381.0, 383.0, 387.0, 390.0, 391.0, 392.0, 394.0, 395.0, 395.0, 397.0, 398.0, 402.0, 403.0, 404.0, 405.0, 406.0, 408.0, 410.0, 411.0, 412.0, 412.0, 413.0, 414.0, 416.0, 416.0]","chart_mn":"[67.69, 114.93, 151.2, 178.61, 200.15, 217.55, 231.55, 242.65, 252.34, 260.55, 267.48, 273.46, 278.55, 282.53, 285.65, 287.77, 290.83, 292.83, 294.45, 295.6, 295.66, 294.4, 293.73, 294.09, 295.12, 295.89, 296.33, 296.18, 295.48, 294.79, 294.26, 294.26, 294.11, 293.43, 292.19, 290.49, 288.86, 287.39, 286.05, 284.96, 284.22, 283.56, 282.92, 282.02, 281.01, 280.15, 279.44, 278.74]","chart_rk":"[4, 4, 5, 7, 8, 10, 13, 15, 18, 22, 26, 29, 31, 35, 36, 39, 44, 46, 49, 55, 57, 59, 60, 62, 62, 63, 64, 64, 64, 65, 65, 65, 65, 65, 65, 65, 65, 65, 65, 65, 65, 65, 66, 67, 67, 67, 67, 68]","chart_ats":"[23.07, 41.34, 54.17, 61.4, 64.76, 67.17, 67.97, 67.25, 66.75, 64.79, 63.37, 61.68, 60.1, 57.71, 55.96, 54.26, 49.99, 46.52, 43.29, 40.34, 37.49, 34.69, 32.34, 30.44, 28.95, 27.43, 26.06, 24.84, 23.65, 22.48, 21.47, 20.65, 19.77, 18.94, 17.98, 17.17, 16.41, 15.72, 15.08, 14.46, 13.91, 13.43, 12.98, 12.56, 12.13, 11.73, 11.34, 11.01]","chart_ats_rk":"[2, 2, 3, 2, 2, 2, 3, 3, 5, 8, 9, 12, 14, 15, 17, 19, 28, 33, 35, 41, 43, 48, 52, 53, 55, 55, 58, 59, 61, 63, 64, 64, 64, 64, 64, 64, 65, 65, 65, 65, 65, 65, 66, 66, 66, 66, 67, 67]","chart_r_jut":"[125, 250, 375, 500, 625, 750, 875, 1000, 1125, 1250, 1375, 1500, 1625, 1750, 1875, 2000, 2250, 2500, 2750, 3000, 3250, 3500, 3750, 4000, 4250, 4500, 4750, 5000, 5250, 5500, 5750, 6000, 6250, 6500, 6750, 7000, 7250, 7500, 7750, 8000, 8250, 8500, 8750, 9000, 9250, 9500, 9750, 10000]","chart_mean_jut":"[43.97, 66.54, 79.54, 85.95, 88.66, 89.23, 88.36, 86.48, 84.39, 82.06, 79.6, 77.14, 74.65, 72.1, 69.55, 66.94, 62.05, 57.67, 53.81, 50.36, 47.16, 44.18, 41.61, 39.43, 37.57, 35.87, 34.29, 32.8, 31.38, 30.04, 28.82, 27.72, 26.69, 25.69, 24.73, 23.81, 22.96, 22.16, 21.41, 20.71, 20.06, 19.46, 18.9, 18.35, 17.83, 17.34, 16.88, 16.43]","chart_max_jut":"[86.21, 108.84, 114.59, 115.85, 115.85, 115.85, 115.85, 115.85, 115.85, 115.85, 115.85, 115.85, 115.85, 115.85, 115.85, 115.85, 115.85, 115.85, 115.85, 115.85, 115.85, 115.85, 115.85, 115.85, 115.85, 115.85, 115.85, 115.85, 115.85, 115.85, 115.85, 115.85, 115.85, 115.85, 115.85, 115.85, 115.85, 115.85, 115.85, 115.85, 115.85, 115.85, 115.85, 115.85, 115.85, 115.85, 115.85, 115.85]","chart_jut_rk":"[5, 4, 8, 9, 11, 13, 15, 17, 23, 25, 30, 32, 36, 38, 38, 43, 45, 49, 53, 55, 59, 61, 63, 64, 64, 64, 64, 64, 65, 65, 65, 65, 65, 65, 65, 65, 65, 65, 66, 66, 67, 67, 67, 67, 67, 67, 67, 67]"}},{"type":"Feature","geometry":{"type":"Point","coordinates":[121.742427,37.280399]},"properties":{"name":"493无名峰","elev":493,"rp":0.9028,"mean_relief_crp":0.9167,"mean_jut_crp":0.9306,"mean_ats_crp":0.9306,"max_jut_crp":0.8194,"max_ats_crp":0.9167,"max_jut":144.4823,"max_mean_jut":66.9669,"max_mean_jut_r":750,"max_mean_jut_rp":0.8154,"max_fsi":0.1051,"max_fsi_r":250,"max_ats":35.7268,"max_ats_r":750,"max_ats_rp":0.9077,"r_prominence":750,"r_base":750,"band_rp":"{\"极短距离\": 0.3611, \"短距离\": 0.6528, \"中短距离\": 0.6944, \"中距离\": 0.875, \"中长距离\": 0.9722, \"长距离\": 0.9722, \"超长距离\": 0.9167}","band_jut_rp":"{\"极短距离\": 0.3889, \"短距离\": 0.625, \"中短距离\": 0.7222, \"中距离\": 0.875, \"中长距离\": 0.9167, \"长距离\": 0.9167, \"超长距离\": 0.9028}","band_ats_rp":"{\"极短距离\": 0.2361, \"短距离\": 0.5833, \"中短距离\": 0.7083, \"中距离\": 0.8472, \"中长距离\": 0.9722, \"长距离\": 0.9722, \"超长距离\": 0.9167}","chart_r":"[125, 250, 375, 500, 625, 750, 875, 1000, 1125, 1250, 1375, 1500, 1625, 1750, 1875, 2000, 2250, 2500, 2750, 3000, 3250, 3500, 3750, 4000, 4250, 4500, 4750, 5000, 5250, 5500, 5750, 6000, 6250, 6500, 6750, 7000, 7250, 7500, 7750, 8000, 8250, 8500, 8750, 9000, 9250, 9500, 9750, 10000]","chart_mx":"[107.0, 173.0, 232.0, 277.0, 315.0, 340.0, 363.0, 379.0, 389.0, 406.0, 417.0, 423.0, 425.0, 428.0, 430.0, 434.0, 439.0, 445.0, 451.0, 451.0, 453.0, 453.0, 453.0, 453.0, 455.0, 468.0, 468.0, 470.0, 470.0, 472.0, 473.0, 474.0, 476.0, 476.0, 477.0, 478.0, 479.0, 480.0, 480.0, 480.0, 481.0, 481.0, 481.0, 482.0, 482.0, 483.0, 483.0, 484.0]","chart_mn":"[52.3, 94.29, 124.87, 150.56, 167.31, 181.39, 191.19, 196.74, 202.13, 208.19, 215.73, 224.54, 232.75, 239.04, 243.87, 247.05, 249.03, 247.92, 244.96, 239.84, 232.64, 224.21, 215.62, 208.14, 203.69, 200.51, 198.78, 200.01, 202.87, 206.77, 212.03, 217.24, 222.66, 228.13, 234.12, 240.37, 246.46, 252.48, 258.59, 264.52, 270.01, 275.34, 280.42, 285.18, 289.64, 293.8, 297.86, 301.79]","chart_rk":"[24, 27, 30, 30, 34, 38, 44, 51, 51, 52, 51, 51, 51, 51, 54, 55, 58, 61, 62, 65, 68, 69, 70, 71, 71, 71, 71, 71, 71, 71, 71, 71, 71, 71, 71, 71, 68, 68, 68, 67, 67, 67, 67, 66, 65, 65, 65, 65]","chart_ats":"[14.36, 26.2, 31.37, 35.17, 35.11, 35.73, 35.06, 33.47, 32.43, 31.24, 31.18, 31.87, 32.61, 32.66, 32.34, 31.44, 29.12, 26.61, 24.19, 22.05, 19.79, 17.7, 15.82, 14.24, 13.04, 11.82, 11.16, 10.77, 10.58, 10.45, 10.47, 10.48, 10.49, 10.56, 10.63, 10.73, 10.83, 10.92, 11.05, 11.19, 11.28, 11.38, 11.48, 11.53, 11.59, 11.6, 11.64, 11.65]","chart_ats_rk":"[20, 15, 21, 23, 33, 39, 42, 46, 50, 52, 52, 51, 49, 50, 50, 51, 54, 59, 61, 62, 65, 67, 68, 69, 71, 71, 71, 71, 71, 71, 71, 71, 71, 71, 70, 69, 69, 68, 68, 67, 67, 67, 67, 67, 67, 67, 66, 66]","chart_r_jut":"[125, 250, 375, 500, 625, 750, 875, 1000, 1125, 1250, 1375, 1500, 1625, 1750, 1875, 2000, 2250, 2500, 2750, 3000, 3250, 3500, 3750, 4000, 4250, 4500, 4750, 5000, 5250, 5500, 5750, 6000, 6250, 6500, 6750, 7000, 7250, 7500, 7750, 8000, 8250, 8500, 8750, 9000, 9250, 9500, 9750, 10000]","chart_mean_jut":"[29.38, 48.07, 58.28, 64.71, 66.1, 66.97, 66.57, 64.47, 62.41, 60.93, 60.26, 60.03, 59.54, 58.48, 57.03, 55.23, 51.33, 47.76, 44.54, 41.46, 38.53, 35.76, 33.24, 30.99, 29.14, 27.58, 26.28, 25.31, 24.51, 23.86, 23.35, 22.87, 22.43, 22.02, 21.66, 21.34, 21.04, 20.76, 20.52, 20.31, 20.09, 19.89, 19.69, 19.49, 19.28, 19.07, 18.88, 18.69]","chart_max_jut":"[65.14, 97.06, 119.9, 132.55, 140.72, 144.48, 144.48, 144.48, 144.48, 144.48, 144.48, 144.48, 144.48, 144.48, 144.48, 144.48, 144.48, 144.48, 144.48, 144.48, 144.48, 144.48, 144.48, 144.48, 144.48, 144.48, 144.48, 144.48, 144.48, 144.48, 144.48, 144.48, 144.48, 144.48, 144.48, 144.48, 144.48, 144.48, 144.48, 144.48, 144.48, 144.48, 144.48, 144.48, 144.48, 144.48, 144.48, 144.48]","chart_jut_rk":"[25, 29, 32, 33, 35, 40, 46, 48, 52, 51, 50, 50, 51, 53, 55, 57, 56, 61, 64, 64, 65, 67, 67, 67, 67, 67, 67, 67, 67, 67, 67, 67, 67, 67, 67, 67, 67, 67, 67, 67, 66, 66, 66, 66, 65, 65, 65, 65]"}},{"type":"Feature","geometry":{"type":"Point","coordinates":[120.163997,35.750208]},"properties":{"name":"503无名峰","elev":503,"rp":0.0333,"mean_relief_crp":0.1111,"mean_jut_crp":0.0278,"mean_ats_crp":0.0,"max_jut_crp":0.0278,"max_ats_crp":0.0,"max_jut":271.2298,"max_mean_jut":149.0014,"max_mean_jut_r":1250,"max_mean_jut_rp":0.0,"max_fsi":0.228,"max_fsi_r":2000,"max_ats":114.9328,"max_ats_r":2000,"max_ats_rp":0.0,"r_prominence":1250,"r_base":2000,"band_rp":"{\"极短距离\": 0.0556, \"短距离\": 0.0, \"中短距离\": 0.0, \"中距离\": 0.0139, \"中长距离\": 0.0833, \"长距离\": 0.1944, \"超长距离\": 0.3889}","band_jut_rp":"{\"极短距离\": 0.0278, \"短距离\": 0.0, \"中短距离\": 0.0, \"中距离\": 0.0, \"中长距离\": 0.0972, \"长距离\": 0.2083, \"超长距离\": 0.3333}","band_ats_rp":"{\"极短距离\": 0.0833, \"短距离\": 0.0, \"中短距离\": 0.0, \"中距离\": 0.0, \"中长距离\": 0.0, \"长距离\": 0.0556, \"超长距离\": 0.1667}","chart_r":"[125, 250, 375, 500, 625, 750, 875, 1000, 1125, 1250, 1375, 1500, 1625, 1750, 1875, 2000, 2250, 2500, 2750, 3000, 3250, 3500, 3750, 4000, 4250, 4500, 4750, 5000, 5250, 5500, 5750, 6000, 6250, 6500, 6750, 7000, 7250, 7500, 7750, 8000, 8250, 8500, 8750, 9000, 9250, 9500, 9750, 10000]","chart_mx":"[178.0, 263.0, 334.0, 392.0, 426.0, 483.0, 504.0, 504.0, 504.0, 504.0, 504.0, 504.0, 504.0, 504.0, 504.0, 504.0, 504.0, 504.0, 504.0, 504.0, 504.0, 504.0, 504.0, 504.0, 504.0, 504.0, 504.0, 504.0, 504.0, 504.0, 504.0, 504.0, 504.0, 504.0, 504.0, 504.0, 504.0, 504.0, 504.0, 504.0, 504.0, 504.0, 504.0, 504.0, 504.0, 504.0, 504.0, 504.0]","chart_mn":"[66.94, 108.55, 148.33, 185.78, 220.08, 251.85, 283.08, 311.62, 334.76, 352.89, 367.6, 379.9, 391.2, 402.12, 412.21, 421.13, 435.77, 446.81, 455.41, 462.49, 468.27, 472.83, 476.52, 479.57, 482.22, 484.47, 486.37, 487.99, 489.38, 490.59, 491.65, 492.57, 493.39, 494.12, 494.76, 495.34, 495.86, 496.33, 496.75, 497.14, 497.49, 497.81, 498.1, 498.37, 498.61, 498.84, 499.05, 499.25]","chart_rk":"[5, 8, 8, 3, 2, 1, 1, 1, 1, 1, 1, 1, 1, 1, 1, 1, 1, 1, 2, 2, 2, 2, 4, 6, 7, 8, 11, 11, 14, 15, 15, 15, 16, 17, 18, 21, 21, 22, 25, 27, 28, 29, 29, 29, 30, 32, 32, 31]","chart_ats":"[17.09, 27.01, 36.7, 46.52, 57.41, 63.91, 75.4, 88.56, 98.16, 104.33, 108.19, 110.47, 112.08, 113.5, 114.51, 114.93, 114.25, 112.0, 108.94, 105.6, 102.09, 98.47, 94.87, 91.39, 88.09, 84.94, 81.94, 79.1, 76.42, 73.88, 71.48, 69.21, 67.07, 65.04, 63.13, 61.31, 59.59, 57.96, 56.41, 54.94, 53.54, 52.21, 50.93, 49.72, 48.56, 47.46, 46.4, 45.38]","chart_ats_rk":"[8, 12, 12, 8, 3, 3, 1, 1, 1, 1, 1, 1, 1, 1, 1, 1, 1, 1, 1, 1, 1, 1, 1, 1, 1, 1, 2, 2, 2, 2, 2, 5, 5, 6, 6, 7, 9, 12, 12, 12, 13, 13, 13, 15, 16, 16, 18, 18]","chart_r_jut":"[125, 250, 375, 500, 625, 750, 875, 1000, 1125, 1250, 1375, 1500, 1625, 1750, 1875, 2000, 2250, 2500, 2750, 3000, 3250, 3500, 3750, 4000, 4250, 4500, 4750, 5000, 5250, 5500, 5750, 6000, 6250, 6500, 6750, 7000, 7250, 7500, 7750, 8000, 8250, 8500, 8750, 9000, 9250, 9500, 9750, 10000]","chart_mean_jut":"[45.44, 65.44, 82.64, 98.16, 111.13, 122.56, 134.24, 143.24, 147.78, 149.0, 148.34, 146.55, 144.39, 142.25, 140.01, 137.55, 132.14, 126.34, 120.57, 115.07, 109.88, 104.96, 100.34, 96.04, 92.07, 88.36, 84.91, 81.7, 78.7, 75.89, 73.27, 70.82, 68.51, 66.34, 64.31, 62.39, 60.57, 58.86, 57.24, 55.7, 54.24, 52.86, 51.54, 50.28, 49.09, 47.95, 46.86, 45.81]","chart_max_jut":"[146.99, 188.16, 223.92, 243.49, 243.49, 245.35, 271.23, 271.23, 271.23, 271.23, 271.23, 271.23, 271.23, 271.23, 271.23, 271.23, 271.23, 271.23, 271.23, 271.23, 271.23, 271.23, 271.23, 271.23, 271.23, 271.23, 271.23, 271.23, 271.23, 271.23, 271.23, 271.23, 271.23, 271.23, 271.23, 271.23, 271.23, 271.23, 271.23, 271.23, 271.23, 271.23, 271.23, 271.23, 271.23, 271.23, 271.23, 271.23]","chart_jut_rk":"[3, 5, 3, 3, 3, 1, 1, 1, 1, 1, 1, 1, 1, 1, 1, 1, 1, 1, 1, 2, 3, 3, 5, 6, 7, 8, 10, 12, 14, 14, 16, 16, 16, 17, 19, 20, 21, 23, 23, 23, 25, 25, 26, 26, 26, 26, 28, 28]"}},{"type":"Feature","geometry":{"type":"Point","coordinates":[121.122859,37.017641]},"properties":{"name":"529无名峰","elev":529,"rp":0.5278,"mean_relief_crp":0.7083,"mean_jut_crp":0.6111,"mean_ats_crp":0.3889,"max_jut_crp":0.5833,"max_ats_crp":0.3472,"max_jut":170.2521,"max_mean_jut":90.0557,"max_mean_jut_r":875,"max_mean_jut_rp":0.3692,"max_fsi":0.1499,"max_fsi_r":625,"max_ats":60.9919,"max_ats_r":1375,"max_ats_rp":0.3077,"r_prominence":875,"r_base":1375,"band_rp":"{\"极短距离\": 0.1667, \"短距离\": 0.1528, \"中短距离\": 0.25, \"中距离\": 0.4444, \"中长距离\": 0.625, \"长距离\": 0.7778, \"超长距离\": 0.8194}","band_jut_rp":"{\"极短距离\": 0.1944, \"短距离\": 0.1806, \"中短距离\": 0.3056, \"中距离\": 0.4861, \"中长距离\": 0.6528, \"长距离\": 0.7778, \"超长距离\": 0.8056}","band_ats_rp":"{\"极短距离\": 0.125, \"短距离\": 0.125, \"中短距离\": 0.1667, \"中距离\": 0.2361, \"中长距离\": 0.4444, \"长距离\": 0.6806, \"超长距离\": 0.8056}","chart_r":"[125, 250, 375, 500, 625, 750, 875, 1000, 1125, 1250, 1375, 1500, 1625, 1750, 1875, 2000, 2250, 2500, 2750, 3000, 3250, 3500, 3750, 4000, 4250, 4500, 4750, 5000, 5250, 5500, 5750, 6000, 6250, 6500, 6750, 7000, 7250, 7500, 7750, 8000, 8250, 8500, 8750, 9000, 9250, 9500, 9750, 10000]","chart_mx":"[127.0, 200.0, 261.0, 316.0, 336.0, 359.0, 368.0, 380.0, 390.0, 397.0, 407.0, 418.0, 424.0, 424.0, 424.0, 425.0, 426.0, 427.0, 427.0, 427.0, 427.0, 427.0, 428.0, 429.0, 429.0, 432.0, 433.0, 434.0, 435.0, 436.0, 436.0, 436.0, 436.0, 437.0, 439.0, 441.0, 441.0, 445.0, 445.0, 454.0, 465.0, 465.0, 465.0, 465.0, 465.0, 465.0, 465.0, 465.0]","chart_mn":"[48.38, 102.08, 140.72, 174.0, 198.04, 215.85, 232.12, 246.53, 259.54, 271.56, 282.42, 291.97, 300.06, 306.7, 312.71, 318.19, 328.17, 336.55, 343.19, 348.06, 351.63, 354.51, 356.23, 357.24, 358.12, 358.53, 358.51, 358.34, 358.0, 357.6, 357.45, 357.28, 357.23, 357.58, 358.2, 358.54, 358.71, 358.85, 358.77, 358.57, 358.26, 357.92, 357.63, 357.62, 357.85, 358.16, 358.39, 358.48]","chart_rk":"[39, 14, 12, 10, 9, 11, 11, 13, 14, 16, 17, 18, 19, 21, 22, 25, 28, 29, 32, 34, 37, 38, 42, 43, 44, 47, 49, 52, 54, 56, 56, 56, 57, 57, 57, 57, 58, 59, 59, 59, 59, 59, 60, 61, 61, 61, 61, 61]","chart_ats":"[9.7, 28.19, 38.72, 46.03, 52.15, 53.83, 56.8, 58.39, 59.56, 60.76, 60.99, 60.56, 60.25, 60.21, 60.0, 59.52, 58.54, 57.25, 55.73, 53.83, 51.76, 49.73, 47.47, 45.23, 43.27, 41.09, 39.17, 37.39, 35.7, 34.14, 32.82, 31.58, 30.46, 29.41, 28.41, 27.44, 26.62, 25.61, 24.85, 23.65, 22.42, 21.78, 21.18, 20.64, 20.15, 19.7, 19.27, 18.83]","chart_ats_rk":"[44, 11, 7, 9, 8, 8, 8, 11, 11, 11, 12, 13, 13, 14, 14, 16, 16, 16, 18, 17, 22, 23, 30, 30, 31, 33, 37, 41, 42, 45, 46, 48, 52, 53, 54, 55, 56, 56, 57, 58, 61, 61, 61, 61, 61, 61, 61, 62]","chart_r_jut":"[125, 250, 375, 500, 625, 750, 875, 1000, 1125, 1250, 1375, 1500, 1625, 1750, 1875, 2000, 2250, 2500, 2750, 3000, 3250, 3500, 3750, 4000, 4250, 4500, 4750, 5000, 5250, 5500, 5750, 6000, 6250, 6500, 6750, 7000, 7250, 7500, 7750, 8000, 8250, 8500, 8750, 9000, 9250, 9500, 9750, 10000]","chart_mean_jut":"[25.46, 55.23, 71.81, 83.59, 88.47, 89.54, 90.06, 89.99, 89.49, 88.82, 87.9, 86.7, 85.13, 83.24, 81.36, 79.49, 76.0, 72.64, 69.34, 66.04, 62.86, 59.9, 57.03, 54.32, 51.84, 49.5, 47.31, 45.28, 43.38, 41.63, 40.03, 38.54, 37.17, 35.94, 34.82, 33.75, 32.72, 31.75, 30.82, 29.94, 29.1, 28.29, 27.53, 26.83, 26.19, 25.58, 25.0, 24.43]","chart_max_jut":"[77.8, 121.93, 140.99, 170.25, 170.25, 170.25, 170.25, 170.25, 170.25, 170.25, 170.25, 170.25, 170.25, 170.25, 170.25, 170.25, 170.25, 170.25, 170.25, 170.25, 170.25, 170.25, 170.25, 170.25, 170.25, 170.25, 170.25, 170.25, 170.25, 170.25, 170.25, 170.25, 170.25, 170.25, 170.25, 170.25, 170.25, 170.25, 170.25, 170.25, 170.25, 170.25, 170.25, 170.25, 170.25, 170.25, 170.25, 170.25]","chart_jut_rk":"[40, 14, 12, 11, 12, 11, 13, 15, 16, 17, 21, 22, 22, 24, 24, 28, 29, 32, 35, 36, 40, 42, 43, 46, 47, 49, 51, 55, 55, 56, 56, 57, 57, 57, 57, 57, 58, 58, 58, 59, 59, 59, 60, 60, 60, 60, 60, 60]"}},{"type":"Feature","geometry":{"type":"Point","coordinates":[120.744489,37.479286193847656]},"properties":{"name":"552无名峰","elev":552,"rp":0.8556,"mean_relief_crp":0.8889,"mean_jut_crp":0.875,"mean_ats_crp":0.8472,"max_jut_crp":0.875,"max_ats_crp":0.7917,"max_jut":135.882,"max_mean_jut":65.7897,"max_mean_jut_r":1500,"max_mean_jut_rp":0.8308,"max_fsi":0.1078,"max_fsi_r":250,"max_ats":42.163,"max_ats_r":1500,"max_ats_rp":0.7846,"r_prominence":1500,"r_base":1500,"band_rp":"{\"极短距离\": 0.3889, \"短距离\": 0.6667, \"中短距离\": 0.5694, \"中距离\": 0.7778, \"中长距离\": 0.8889, \"长距离\": 0.875, \"超长距离\": 0.875}","band_jut_rp":"{\"极短距离\": 0.3611, \"短距离\": 0.7083, \"中短距离\": 0.6667, \"中距离\": 0.7778, \"中长距离\": 0.8889, \"长距离\": 0.875, \"超长距离\": 0.875}","band_ats_rp":"{\"极短距离\": 0.25, \"短距离\": 0.6389, \"中短距离\": 0.5417, \"中距离\": 0.6528, \"中长距离\": 0.8056, \"长距离\": 0.8889, \"超长距离\": 0.875}","chart_r":"[125, 250, 375, 500, 625, 750, 875, 1000, 1125, 1250, 1375, 1500, 1625, 1750, 1875, 2000, 2250, 2500, 2750, 3000, 3250, 3500, 3750, 4000, 4250, 4500, 4750, 5000, 5250, 5500, 5750, 6000, 6250, 6500, 6750, 7000, 7250, 7500, 7750, 8000, 8250, 8500, 8750, 9000, 9250, 9500, 9750, 10000]","chart_mx":"[113.0, 179.0, 235.0, 275.0, 298.0, 316.0, 335.0, 349.0, 366.0, 380.0, 385.0, 391.0, 406.0, 411.0, 413.0, 415.0, 416.0, 419.0, 424.0, 426.0, 429.0, 430.0, 431.0, 433.0, 434.0, 436.0, 437.0, 439.0, 441.0, 441.0, 442.0, 448.0, 455.0, 459.0, 465.0, 469.0, 472.0, 475.0, 477.0, 479.0, 482.0, 488.0, 500.0, 500.0, 500.0, 500.0, 500.0, 506.0]","chart_mn":"[57.82, 100.96, 123.81, 136.31, 147.95, 162.14, 179.05, 197.02, 213.48, 227.48, 239.93, 250.58, 259.13, 265.42, 270.14, 273.77, 279.75, 284.59, 287.7, 288.39, 287.48, 287.25, 286.16, 284.38, 283.66, 285.58, 288.59, 291.79, 294.66, 297.03, 299.09, 300.8, 302.36, 303.68, 304.95, 306.3, 307.95, 310.0, 312.24, 314.81, 317.7, 320.87, 324.11, 327.3, 330.56, 333.81, 337.16, 340.49]","chart_rk":"[14, 16, 31, 47, 51, 53, 49, 50, 46, 46, 44, 43, 42, 42, 45, 46, 47, 50, 54, 58, 60, 61, 62, 63, 66, 66, 66, 65, 65, 64, 64, 64, 64, 64, 64, 64, 64, 64, 64, 64, 64, 64, 64, 64, 64, 64, 64, 64]","chart_ats":"[17.25, 30.14, 30.63, 28.14, 27.43, 28.55, 30.86, 34.22, 36.77, 38.64, 40.82, 42.16, 41.77, 41.67, 41.35, 40.69, 39.28, 37.51, 35.34, 33.09, 30.7, 28.82, 27.0, 25.2, 23.82, 22.91, 22.3, 21.73, 21.17, 20.69, 20.18, 19.45, 18.73, 18.17, 17.57, 17.1, 16.73, 16.41, 16.15, 15.93, 15.72, 15.44, 15.01, 14.95, 14.9, 14.86, 14.83, 14.63]","chart_ats_rk":"[6, 8, 26, 44, 48, 49, 49, 45, 43, 40, 39, 38, 39, 40, 39, 40, 42, 45, 47, 49, 53, 56, 57, 58, 59, 61, 62, 63, 64, 65, 65, 65, 65, 65, 65, 65, 64, 64, 64, 64, 64, 64, 64, 64, 64, 64, 64, 64]","chart_r_jut":"[125, 250, 375, 500, 625, 750, 875, 1000, 1125, 1250, 1375, 1500, 1625, 1750, 1875, 2000, 2250, 2500, 2750, 3000, 3250, 3500, 3750, 4000, 4250, 4500, 4750, 5000, 5250, 5500, 5750, 6000, 6250, 6500, 6750, 7000, 7250, 7500, 7750, 8000, 8250, 8500, 8750, 9000, 9250, 9500, 9750, 10000]","chart_mean_jut":"[33.71, 53.43, 58.13, 56.76, 55.25, 55.63, 57.73, 60.62, 63.03, 64.55, 65.5, 65.79, 65.45, 64.53, 63.21, 61.68, 58.4, 55.22, 52.08, 48.88, 45.81, 43.14, 40.66, 38.37, 36.45, 34.97, 33.76, 32.69, 31.69, 30.72, 29.82, 28.97, 28.19, 27.46, 26.79, 26.19, 25.64, 25.14, 24.67, 24.24, 23.85, 23.49, 23.16, 22.84, 22.54, 22.25, 21.99, 21.74]","chart_max_jut":"[69.33, 98.77, 115.25, 135.88, 135.88, 135.88, 135.88, 135.88, 135.88, 135.88, 135.88, 135.88, 135.88, 135.88, 135.88, 135.88, 135.88, 135.88, 135.88, 135.88, 135.88, 135.88, 135.88, 135.88, 135.88, 135.88, 135.88, 135.88, 135.88, 135.88, 135.88, 135.88, 135.88, 135.88, 135.88, 135.88, 135.88, 135.88, 135.88, 135.88, 135.88, 135.88, 135.88, 135.88, 135.88, 135.88, 135.88, 135.88]","chart_jut_rk":"[16, 17, 33, 45, 51, 54, 53, 53, 49, 47, 47, 47, 48, 47, 48, 49, 51, 53, 55, 58, 62, 62, 65, 65, 65, 65, 65, 65, 64, 64, 64, 64, 64, 64, 64, 64, 64, 64, 64, 64, 64, 64, 64, 64, 64, 64, 64, 64]"}},{"type":"Feature","geometry":{"type":"Point","coordinates":[119.998797,36.90391540527344]},"properties":{"name":"554无名峰","elev":554,"rp":0.6361,"mean_relief_crp":0.7917,"mean_jut_crp":0.6944,"mean_ats_crp":0.625,"max_jut_crp":0.4861,"max_ats_crp":0.5833,"max_jut":178.2311,"max_mean_jut":90.3646,"max_mean_jut_r":625,"max_mean_jut_rp":0.3538,"max_fsi":0.1472,"max_fsi_r":625,"max_ats":52.3867,"max_ats_r":750,"max_ats_rp":0.5692,"r_prominence":625,"r_base":750,"band_rp":"{\"极短距离\": 0.0694, \"短距离\": 0.25, \"中短距离\": 0.5417, \"中距离\": 0.6944, \"中长距离\": 0.8056, \"长距离\": 0.8056, \"超长距离\": 0.7639}","band_jut_rp":"{\"极短距离\": 0.0694, \"短距离\": 0.2361, \"中短距离\": 0.5278, \"中距离\": 0.6667, \"中长距离\": 0.7917, \"长距离\": 0.7917, \"超长距离\": 0.7639}","band_ats_rp":"{\"极短距离\": 0.0694, \"短距离\": 0.1667, \"中短距离\": 0.4028, \"中距离\": 0.5833, \"中长距离\": 0.7222, \"长距离\": 0.8194, \"超长距离\": 0.7778}","chart_r":"[125, 250, 375, 500, 625, 750, 875, 1000, 1125, 1250, 1375, 1500, 1625, 1750, 1875, 2000, 2250, 2500, 2750, 3000, 3250, 3500, 3750, 4000, 4250, 4500, 4750, 5000, 5250, 5500, 5750, 6000, 6250, 6500, 6750, 7000, 7250, 7500, 7750, 8000, 8250, 8500, 8750, 9000, 9250, 9500, 9750, 10000]","chart_mx":"[135.0, 229.0, 289.0, 324.0, 341.0, 356.0, 372.0, 383.0, 392.0, 401.0, 406.0, 411.0, 416.0, 420.0, 422.0, 427.0, 431.0, 438.0, 441.0, 444.0, 448.0, 450.0, 451.0, 452.0, 454.0, 457.0, 457.0, 460.0, 464.0, 465.0, 466.0, 467.0, 469.0, 470.0, 471.0, 475.0, 478.0, 483.0, 483.0, 483.0, 483.0, 490.0, 490.0, 490.0, 490.0, 490.0, 493.0, 493.0]","chart_mn":"[59.21, 112.69, 151.42, 176.39, 196.29, 208.99, 219.72, 230.43, 240.21, 248.08, 254.77, 260.06, 264.78, 269.87, 273.93, 276.84, 281.87, 287.35, 292.82, 299.4, 305.23, 309.8, 312.3, 313.8, 315.43, 317.87, 321.42, 325.03, 328.34, 331.78, 335.53, 339.46, 343.66, 347.82, 351.76, 355.52, 359.05, 362.2, 365.04, 367.76, 370.23, 372.37, 374.44, 376.55, 378.79, 381.06, 383.34, 385.59]","chart_rk":"[13, 6, 4, 9, 11, 14, 18, 24, 27, 31, 34, 38, 40, 40, 41, 45, 46, 48, 50, 53, 54, 54, 56, 56, 58, 60, 61, 60, 60, 61, 60, 59, 59, 59, 58, 58, 57, 57, 56, 56, 56, 56, 56, 56, 56, 56, 56, 56]","chart_ats":"[15.54, 31.84, 42.76, 47.88, 52.02, 52.39, 51.6, 51.65, 51.47, 50.45, 49.53, 48.2, 46.85, 45.9, 44.96, 43.45, 41.21, 39.13, 37.64, 36.66, 35.62, 34.65, 33.41, 32.08, 30.79, 29.71, 29.11, 28.42, 27.68, 27.18, 26.76, 26.39, 26.04, 25.77, 25.5, 25.08, 24.7, 24.19, 23.91, 23.64, 23.35, 22.71, 22.43, 22.16, 21.93, 21.72, 21.39, 21.21]","chart_ats_rk":"[14, 6, 6, 5, 10, 10, 13, 13, 15, 21, 22, 27, 29, 32, 34, 35, 38, 40, 43, 44, 45, 49, 50, 51, 52, 53, 53, 54, 55, 56, 58, 60, 60, 60, 59, 59, 60, 60, 59, 59, 57, 58, 57, 57, 57, 57, 57, 57]","chart_r_jut":"[125, 250, 375, 500, 625, 750, 875, 1000, 1125, 1250, 1375, 1500, 1625, 1750, 1875, 2000, 2250, 2500, 2750, 3000, 3250, 3500, 3750, 4000, 4250, 4500, 4750, 5000, 5250, 5500, 5750, 6000, 6250, 6500, 6750, 7000, 7250, 7500, 7750, 8000, 8250, 8500, 8750, 9000, 9250, 9500, 9750, 10000]","chart_mean_jut":"[35.44, 64.7, 81.61, 87.95, 90.36, 89.24, 87.37, 85.84, 83.99, 81.55, 78.93, 76.17, 73.6, 71.43, 69.26, 67.02, 63.02, 59.64, 56.69, 54.37, 52.28, 50.33, 48.25, 46.21, 44.32, 42.72, 41.39, 40.22, 39.12, 38.09, 37.16, 36.31, 35.54, 34.83, 34.15, 33.51, 32.89, 32.26, 31.64, 31.05, 30.46, 29.89, 29.35, 28.84, 28.37, 27.93, 27.51, 27.12]","chart_max_jut":"[96.39, 154.65, 171.7, 178.23, 178.23, 178.23, 178.23, 178.23, 178.23, 178.23, 178.23, 178.23, 178.23, 178.23, 178.23, 178.23, 178.23, 178.23, 178.23, 178.23, 178.23, 178.23, 178.23, 178.23, 178.23, 178.23, 178.23, 178.23, 178.23, 178.23, 178.23, 178.23, 178.23, 178.23, 178.23, 178.23, 178.23, 178.23, 178.23, 178.23, 178.23, 178.23, 178.23, 178.23, 178.23, 178.23, 178.23, 178.23]","chart_jut_rk":"[13, 7, 5, 7, 9, 12, 16, 21, 24, 26, 32, 34, 38, 39, 41, 42, 44, 47, 50, 50, 52, 53, 55, 56, 58, 58, 58, 58, 58, 59, 58, 58, 58, 58, 58, 58, 57, 57, 57, 56, 56, 56, 56, 56, 56, 56, 56, 56]"}},{"type":"Feature","geometry":{"type":"Point","coordinates":[121.246018,37.336184]},"properties":{"name":"563无名峰","elev":563,"rp":0.5361,"mean_relief_crp":0.5278,"mean_jut_crp":0.4861,"mean_ats_crp":0.4444,"max_jut_crp":0.7917,"max_ats_crp":0.4306,"max_jut":145.528,"max_mean_jut":84.7412,"max_mean_jut_r":1500,"max_mean_jut_rp":0.4462,"max_fsi":0.1206,"max_fsi_r":1375,"max_ats":54.8859,"max_ats_r":1625,"max_ats_rp":0.4,"r_prominence":1500,"r_base":1625,"band_rp":"{\"极短距离\": 0.5, \"短距离\": 0.3611, \"中短距离\": 0.3056, \"中距离\": 0.5139, \"中长距离\": 0.5417, \"长距离\": 0.5556, \"超长距离\": 0.5833}","band_jut_rp":"{\"极短距离\": 0.5556, \"短距离\": 0.4306, \"中短距离\": 0.3333, \"中距离\": 0.4722, \"中长距离\": 0.5417, \"长距离\": 0.5694, \"超长距离\": 0.5833}","band_ats_rp":"{\"极短距离\": 0.4861, \"短距离\": 0.2778, \"中短距离\": 0.2778, \"中距离\": 0.4722, \"中长距离\": 0.5139, \"长距离\": 0.4861, \"超长距离\": 0.5556}","chart_r":"[125, 250, 375, 500, 625, 750, 875, 1000, 1125, 1250, 1375, 1500, 1625, 1750, 1875, 2000, 2250, 2500, 2750, 3000, 3250, 3500, 3750, 4000, 4250, 4500, 4750, 5000, 5250, 5500, 5750, 6000, 6250, 6500, 6750, 7000, 7250, 7500, 7750, 8000, 8250, 8500, 8750, 9000, 9250, 9500, 9750, 10000]","chart_mx":"[109.0, 192.0, 236.0, 280.0, 321.0, 342.0, 362.0, 381.0, 399.0, 416.0, 430.0, 445.0, 455.0, 470.0, 482.0, 485.0, 499.0, 509.0, 517.0, 523.0, 525.0, 528.0, 531.0, 532.0, 536.0, 536.0, 539.0, 540.0, 540.0, 541.0, 543.0, 545.0, 545.0, 555.0, 555.0, 555.0, 560.0, 560.0, 560.0, 560.0, 560.0, 560.0, 560.0, 560.0, 560.0, 560.0, 560.0, 560.0]","chart_mn":"[43.66, 86.54, 120.59, 149.07, 172.95, 192.29, 210.22, 227.44, 244.16, 260.03, 274.73, 286.59, 295.98, 303.13, 307.57, 311.08, 317.84, 321.52, 324.77, 331.1, 340.05, 349.89, 358.96, 367.62, 375.22, 381.95, 388.59, 394.77, 401.06, 407.04, 412.62, 417.57, 421.89, 425.55, 428.71, 431.48, 433.81, 435.7, 437.77, 440.03, 442.18, 444.07, 445.85, 447.54, 449.02, 450.2, 451.21, 452.14]","chart_rk":"[51, 42, 36, 33, 30, 31, 28, 26, 23, 23, 21, 22, 21, 23, 26, 29, 32, 36, 40, 41, 39, 40, 40, 39, 40, 39, 39, 39, 39, 38, 40, 41, 41, 41, 42, 42, 42, 42, 42, 43, 43, 43, 44, 44, 44, 43, 43, 42]","chart_ats":"[8.46, 18.88, 28.13, 34.14, 37.61, 40.96, 43.84, 46.57, 49.22, 51.56, 53.76, 54.58, 54.89, 53.72, 52.02, 51.09, 48.52, 45.68, 43.23, 41.86, 41.54, 41.45, 41.24, 41.19, 40.73, 40.47, 40.06, 39.77, 39.61, 39.36, 38.99, 38.54, 38.14, 36.98, 36.46, 35.91, 35.0, 34.38, 33.82, 33.31, 32.81, 32.31, 31.81, 31.32, 30.83, 30.32, 29.81, 29.32]","chart_ats_rk":"[56, 44, 32, 26, 26, 25, 22, 21, 21, 19, 18, 18, 18, 21, 25, 25, 29, 34, 36, 36, 37, 37, 37, 37, 38, 37, 34, 34, 35, 35, 35, 36, 36, 37, 38, 38, 38, 40, 40, 40, 40, 41, 41, 41, 41, 41, 42, 42]","chart_r_jut":"[125, 250, 375, 500, 625, 750, 875, 1000, 1125, 1250, 1375, 1500, 1625, 1750, 1875, 2000, 2250, 2500, 2750, 3000, 3250, 3500, 3750, 4000, 4250, 4500, 4750, 5000, 5250, 5500, 5750, 6000, 6250, 6500, 6750, 7000, 7250, 7500, 7750, 8000, 8250, 8500, 8750, 9000, 9250, 9500, 9750, 10000]","chart_mean_jut":"[21.12, 41.88, 55.05, 64.12, 69.81, 72.85, 75.49, 78.01, 80.43, 82.49, 84.14, 84.74, 84.37, 83.3, 81.52, 79.66, 76.17, 72.32, 68.82, 66.13, 64.14, 62.55, 61.01, 59.6, 58.19, 56.8, 55.56, 54.4, 53.33, 52.31, 51.31, 50.29, 49.27, 48.23, 47.2, 46.19, 45.18, 44.19, 43.26, 42.39, 41.56, 40.74, 39.95, 39.19, 38.45, 37.72, 37.0, 36.31]","chart_max_jut":"[59.54, 106.75, 126.42, 136.56, 143.71, 145.53, 145.53, 145.53, 145.53, 145.53, 145.53, 145.53, 145.53, 145.53, 145.53, 145.53, 145.53, 145.53, 145.53, 145.53, 145.53, 145.53, 145.53, 145.53, 145.53, 145.53, 145.53, 145.53, 145.53, 145.53, 145.53, 145.53, 145.53, 145.53, 145.53, 145.53, 145.53, 145.53, 145.53, 145.53, 145.53, 145.53, 145.53, 145.53, 145.53, 145.53, 145.53, 145.53]","chart_jut_rk":"[52, 46, 37, 35, 31, 32, 32, 33, 27, 24, 24, 24, 25, 23, 23, 27, 28, 34, 36, 35, 38, 37, 39, 39, 40, 40, 40, 40, 42, 42, 42, 42, 42, 42, 43, 43, 43, 43, 43, 43, 43, 43, 43, 44, 44, 44, 45, 45]"}},{"type":"Feature","geometry":{"type":"Point","coordinates":[120.153218,36.920084]},"properties":{"name":"570无名峰","elev":570,"rp":0.5361,"mean_relief_crp":0.5139,"mean_jut_crp":0.5139,"mean_ats_crp":0.3333,"max_jut_crp":0.7639,"max_ats_crp":0.5556,"max_jut":148.7403,"max_mean_jut":75.3115,"max_mean_jut_r":1500,"max_mean_jut_rp":0.6615,"max_fsi":0.1115,"max_fsi_r":1625,"max_ats":52.9448,"max_ats_r":2500,"max_ats_rp":0.5385,"r_prominence":1500,"r_base":2500,"band_rp":"{\"极短距离\": 0.5278, \"短距离\": 0.5278, \"中短距离\": 0.4167, \"中距离\": 0.3611, \"中长距离\": 0.4444, \"长距离\": 0.5278, \"超长距离\": 0.5694}","band_jut_rp":"{\"极短距离\": 0.5139, \"短距离\": 0.5278, \"中短距离\": 0.4722, \"中距离\": 0.4306, \"中长距离\": 0.4861, \"长距离\": 0.5556, \"超长距离\": 0.5694}","band_ats_rp":"{\"极短距离\": 0.4722, \"短距离\": 0.4583, \"中短距离\": 0.3472, \"中距离\": 0.2917, \"中长距离\": 0.2917, \"长距离\": 0.375, \"超长距离\": 0.5}","chart_r":"[125, 250, 375, 500, 625, 750, 875, 1000, 1125, 1250, 1375, 1500, 1625, 1750, 1875, 2000, 2250, 2500, 2750, 3000, 3250, 3500, 3750, 4000, 4250, 4500, 4750, 5000, 5250, 5500, 5750, 6000, 6250, 6500, 6750, 7000, 7250, 7500, 7750, 8000, 8250, 8500, 8750, 9000, 9250, 9500, 9750, 10000]","chart_mx":"[98.0, 187.0, 249.0, 288.0, 319.0, 341.0, 350.0, 366.0, 380.0, 395.0, 406.0, 414.0, 421.0, 434.0, 445.0, 459.0, 469.0, 475.0, 482.0, 486.0, 487.0, 491.0, 493.0, 495.0, 497.0, 497.0, 504.0, 504.0, 504.0, 504.0, 504.0, 504.0, 504.0, 504.0, 505.0, 520.0, 529.0, 529.0, 529.0, 529.0, 529.0, 529.0, 529.0, 529.0, 529.0, 529.0, 529.0, 529.0]","chart_mn":"[42.59, 89.21, 123.65, 142.72, 160.68, 178.94, 195.47, 211.32, 227.1, 242.16, 255.97, 267.84, 278.32, 288.63, 298.74, 308.25, 325.75, 340.8, 353.01, 363.77, 372.07, 379.69, 387.05, 393.83, 399.96, 405.94, 411.44, 416.5, 421.08, 425.19, 428.7, 431.88, 434.76, 437.17, 439.01, 440.51, 441.94, 443.45, 444.84, 446.21, 447.48, 448.54, 449.42, 450.16, 450.79, 451.25, 451.62, 451.81]","chart_rk":"[53, 36, 32, 40, 40, 41, 40, 40, 38, 35, 33, 30, 32, 32, 33, 30, 29, 26, 26, 29, 29, 30, 31, 33, 34, 32, 34, 34, 34, 36, 37, 39, 39, 40, 40, 41, 41, 41, 41, 41, 41, 41, 42, 43, 42, 42, 42, 43]","chart_ats":"[8.83, 21.08, 29.26, 31.16, 32.9, 35.79, 39.0, 40.99, 43.28, 45.25, 47.23, 48.72, 49.75, 50.05, 50.55, 50.51, 51.92, 52.94, 52.94, 52.87, 52.47, 51.63, 51.04, 50.38, 49.63, 49.13, 47.92, 47.35, 46.72, 46.04, 45.28, 44.51, 43.73, 42.91, 41.94, 39.85, 38.35, 37.59, 36.84, 36.13, 35.44, 34.75, 34.07, 33.39, 32.73, 32.07, 31.43, 30.8]","chart_ats_rk":"[50, 34, 30, 34, 38, 38, 35, 32, 29, 28, 27, 26, 26, 27, 26, 27, 23, 23, 22, 23, 18, 17, 17, 19, 21, 22, 22, 23, 24, 26, 27, 27, 27, 26, 26, 32, 34, 35, 35, 36, 36, 37, 37, 37, 37, 38, 38, 38]","chart_r_jut":"[125, 250, 375, 500, 625, 750, 875, 1000, 1125, 1250, 1375, 1500, 1625, 1750, 1875, 2000, 2250, 2500, 2750, 3000, 3250, 3500, 3750, 4000, 4250, 4500, 4750, 5000, 5250, 5500, 5750, 6000, 6250, 6500, 6750, 7000, 7250, 7500, 7750, 8000, 8250, 8500, 8750, 9000, 9250, 9500, 9750, 10000]","chart_mean_jut":"[20.33, 44.19, 58.93, 62.88, 65.31, 68.21, 69.82, 70.99, 72.42, 73.81, 74.91, 75.31, 75.25, 75.25, 75.3, 75.22, 74.76, 73.79, 72.28, 70.64, 68.68, 66.77, 65.01, 63.32, 61.67, 60.15, 58.7, 57.29, 55.92, 54.57, 53.24, 51.94, 50.7, 49.47, 48.24, 47.05, 45.91, 44.84, 43.81, 42.83, 41.9, 40.98, 40.1, 39.24, 38.41, 37.6, 36.82, 36.06]","chart_max_jut":"[54.97, 114.67, 140.92, 148.74, 148.74, 148.74, 148.74, 148.74, 148.74, 148.74, 148.74, 148.74, 148.74, 148.74, 148.74, 148.74, 148.74, 148.74, 148.74, 148.74, 148.74, 148.74, 148.74, 148.74, 148.74, 148.74, 148.74, 148.74, 148.74, 148.74, 148.74, 148.74, 148.74, 148.74, 148.74, 148.74, 148.74, 148.74, 148.74, 148.74, 148.74, 148.74, 148.74, 148.74, 148.74, 148.74, 148.74, 148.74]","chart_jut_rk":"[55, 37, 30, 38, 38, 37, 40, 40, 40, 39, 36, 35, 35, 34, 34, 33, 32, 30, 31, 32, 34, 35, 35, 36, 36, 37, 37, 37, 37, 40, 41, 41, 41, 41, 41, 42, 42, 42, 42, 42, 42, 42, 42, 43, 45, 46, 46, 46]"}},{"type":"Feature","geometry":{"type":"Point","coordinates":[121.368638,36.83977508544922]},"properties":{"name":"579无名峰","elev":579,"rp":0.2806,"mean_relief_crp":0.2639,"mean_jut_crp":0.2639,"mean_ats_crp":0.1528,"max_jut_crp":0.4583,"max_ats_crp":0.2639,"max_jut":179.6907,"max_mean_jut":97.3504,"max_mean_jut_r":2000,"max_mean_jut_rp":0.2615,"max_fsi":0.1219,"max_fsi_r":2250,"max_ats":66.6579,"max_ats_r":2500,"max_ats_rp":0.2308,"r_prominence":2000,"r_base":2500,"band_rp":"{\"极短距离\": 0.5833, \"短距离\": 0.3194, \"中短距离\": 0.1389, \"中距离\": 0.1667, \"中长距离\": 0.2083, \"长距离\": 0.2361, \"超长距离\": 0.3333}","band_jut_rp":"{\"极短距离\": 0.6389, \"短距离\": 0.3611, \"中短距离\": 0.1667, \"中距离\": 0.1944, \"中长距离\": 0.2222, \"长距离\": 0.25, \"超长距离\": 0.3889}","band_ats_rp":"{\"极短距离\": 0.625, \"短距离\": 0.375, \"中短距离\": 0.1806, \"中距离\": 0.1111, \"中长距离\": 0.0972, \"长距离\": 0.1806, \"超长距离\": 0.2778}","chart_r":"[125, 250, 375, 500, 625, 750, 875, 1000, 1125, 1250, 1375, 1500, 1625, 1750, 1875, 2000, 2250, 2500, 2750, 3000, 3250, 3500, 3750, 4000, 4250, 4500, 4750, 5000, 5250, 5500, 5750, 6000, 6250, 6500, 6750, 7000, 7250, 7500, 7750, 8000, 8250, 8500, 8750, 9000, 9250, 9500, 9750, 10000]","chart_mx":"[108.0, 188.0, 248.0, 310.0, 354.0, 382.0, 408.0, 433.0, 452.0, 468.0, 483.0, 499.0, 511.0, 525.0, 529.0, 535.0, 542.0, 547.0, 552.0, 556.0, 559.0, 562.0, 565.0, 570.0, 572.0, 573.0, 574.0, 575.0, 575.0, 576.0, 579.0, 581.0, 581.0, 581.0, 581.0, 583.0, 585.0, 585.0, 585.0, 585.0, 585.0, 585.0, 585.0, 585.0, 585.0, 585.0, 585.0, 585.0]","chart_mn":"[43.84, 87.85, 113.71, 141.33, 165.86, 190.27, 212.24, 231.64, 250.24, 268.21, 285.09, 301.56, 317.3, 331.77, 344.78, 355.73, 373.09, 387.23, 398.66, 408.45, 417.52, 426.49, 434.98, 443.01, 449.48, 455.57, 461.53, 467.3, 472.9, 478.04, 482.3, 485.47, 487.61, 489.08, 490.6, 492.19, 493.52, 494.71, 496.21, 497.69, 499.13, 500.6, 502.04, 503.41, 504.5, 505.4, 506.31, 507.14]","chart_rk":"[50, 38, 45, 42, 36, 33, 27, 20, 19, 18, 15, 13, 11, 11, 10, 11, 11, 11, 14, 14, 15, 14, 15, 16, 17, 15, 15, 17, 18, 18, 18, 18, 18, 20, 22, 23, 24, 24, 26, 25, 26, 26, 27, 27, 26, 26, 26, 28]","chart_ats":"[8.74, 20.36, 23.66, 27.4, 31.27, 36.42, 40.64, 43.81, 47.2, 50.55, 53.5, 56.17, 58.96, 60.94, 63.4, 64.73, 66.16, 66.66, 66.2, 65.48, 64.81, 64.21, 63.51, 62.55, 61.56, 60.67, 59.82, 59.02, 58.36, 57.54, 56.38, 55.12, 53.9, 52.6, 51.38, 50.07, 48.79, 47.72, 46.76, 45.84, 44.96, 44.14, 43.35, 42.58, 41.8, 41.03, 40.29, 39.57]","chart_ats_rk":"[51, 38, 46, 46, 41, 35, 29, 25, 23, 20, 19, 15, 15, 13, 12, 11, 8, 8, 9, 9, 9, 9, 9, 7, 8, 8, 8, 9, 10, 10, 11, 13, 15, 16, 17, 18, 18, 18, 19, 19, 21, 21, 22, 23, 24, 24, 24, 24]","chart_r_jut":"[125, 250, 375, 500, 625, 750, 875, 1000, 1125, 1250, 1375, 1500, 1625, 1750, 1875, 2000, 2250, 2500, 2750, 3000, 3250, 3500, 3750, 4000, 4250, 4500, 4750, 5000, 5250, 5500, 5750, 6000, 6250, 6500, 6750, 7000, 7250, 7500, 7750, 8000, 8250, 8500, 8750, 9000, 9250, 9500, 9750, 10000]","chart_mean_jut":"[21.53, 43.57, 51.61, 60.1, 66.73, 73.12, 78.13, 81.89, 85.25, 88.21, 90.63, 92.95, 94.96, 96.43, 97.28, 97.35, 96.12, 94.16, 91.67, 89.13, 86.77, 84.6, 82.5, 80.48, 78.34, 76.31, 74.4, 72.62, 70.96, 69.34, 67.69, 65.97, 64.22, 62.48, 60.85, 59.31, 57.84, 56.43, 55.12, 53.88, 52.7, 51.58, 50.51, 49.48, 48.47, 47.49, 46.55, 45.64]","chart_max_jut":"[60.29, 100.89, 137.98, 165.99, 173.97, 179.69, 179.69, 179.69, 179.69, 179.69, 179.69, 179.69, 179.69, 179.69, 179.69, 179.69, 179.69, 179.69, 179.69, 179.69, 179.69, 179.69, 179.69, 179.69, 179.69, 179.69, 179.69, 179.69, 179.69, 179.69, 179.69, 179.69, 179.69, 179.69, 179.69, 179.69, 179.69, 179.69, 179.69, 179.69, 179.69, 179.69, 179.69, 179.69, 179.69, 179.69, 179.69, 179.69]","chart_jut_rk":"[51, 43, 46, 42, 34, 31, 28, 24, 22, 20, 16, 13, 13, 13, 13, 13, 12, 14, 14, 15, 15, 16, 16, 17, 17, 18, 19, 19, 19, 19, 19, 19, 19, 22, 25, 26, 26, 27, 27, 28, 28, 28, 29, 29, 29, 29, 29, 29]"}},{"type":"Feature","geometry":{"type":"Point","coordinates":[120.483348,36.22370910644531]},"properties":{"name":"586无名峰","elev":586,"rp":0.5833,"mean_relief_crp":0.4722,"mean_jut_crp":0.5,"mean_ats_crp":0.4722,"max_jut_crp":0.8611,"max_ats_crp":0.6111,"max_jut":140.8347,"max_mean_jut":70.6057,"max_mean_jut_r":3000,"max_mean_jut_rp":0.7692,"max_fsi":0.0907,"max_fsi_r":500,"max_ats":50.5366,"max_ats_r":4250,"max_ats_rp":0.6,"r_prominence":3000,"r_base":4250,"band_rp":"{\"极短距离\": 0.5972, \"短距离\": 0.6111, \"中短距离\": 0.5278, \"中距离\": 0.375, \"中长距离\": 0.3472, \"长距离\": 0.4028, \"超长距离\": 0.5417}","band_jut_rp":"{\"极短距离\": 0.6111, \"短距离\": 0.6528, \"中短距离\": 0.5972, \"中距离\": 0.4583, \"中长距离\": 0.3889, \"长距离\": 0.4583, \"超长距离\": 0.5417}","band_ats_rp":"{\"极短距离\": 0.5833, \"短距离\": 0.6111, \"中短距离\": 0.5833, \"中距离\": 0.4167, \"中长距离\": 0.2639, \"长距离\": 0.3472, \"超长距离\": 0.5139}","chart_r":"[125, 250, 375, 500, 625, 750, 875, 1000, 1125, 1250, 1375, 1500, 1625, 1750, 1875, 2000, 2250, 2500, 2750, 3000, 3250, 3500, 3750, 4000, 4250, 4500, 4750, 5000, 5250, 5500, 5750, 6000, 6250, 6500, 6750, 7000, 7250, 7500, 7750, 8000, 8250, 8500, 8750, 9000, 9250, 9500, 9750, 10000]","chart_mx":"[126.0, 192.0, 229.0, 271.0, 309.0, 335.0, 351.0, 371.0, 406.0, 425.0, 442.0, 460.0, 478.0, 486.0, 495.0, 505.0, 525.0, 528.0, 531.0, 539.0, 553.0, 557.0, 557.0, 557.0, 557.0, 560.0, 566.0, 566.0, 567.0, 567.0, 568.0, 569.0, 573.0, 576.0, 576.0, 577.0, 577.0, 579.0, 579.0, 580.0, 580.0, 580.0, 580.0, 583.0, 583.0, 584.0, 585.0, 587.0]","chart_mn":"[49.22, 82.51, 112.79, 140.27, 159.46, 174.88, 190.03, 202.76, 213.7, 224.59, 236.56, 249.48, 262.16, 273.98, 285.04, 295.74, 314.84, 333.35, 350.1, 365.52, 379.43, 391.5, 402.28, 412.16, 420.53, 427.93, 434.05, 439.11, 443.3, 446.88, 449.87, 452.12, 453.69, 455.01, 455.77, 456.16, 456.25, 456.16, 455.81, 455.23, 454.31, 453.28, 452.51, 451.56, 450.6, 449.89, 449.43, 449.01]","chart_rk":"[38, 48, 46, 43, 41, 43, 46, 44, 45, 47, 46, 44, 41, 39, 37, 35, 35, 30, 28, 25, 25, 24, 24, 24, 24, 26, 26, 26, 26, 26, 27, 29, 31, 31, 36, 36, 36, 37, 39, 39, 39, 40, 40, 42, 43, 44, 44, 45]","chart_ats":"[10.89, 17.9, 24.9, 30.3, 31.78, 32.62, 34.42, 35.01, 33.68, 33.79, 34.53, 35.6, 36.63, 38.18, 39.46, 40.54, 41.89, 44.42, 46.52, 47.88, 48.28, 49.03, 49.79, 50.35, 50.54, 50.22, 49.34, 48.78, 47.97, 47.18, 46.24, 45.21, 43.87, 42.65, 41.61, 40.49, 39.43, 38.28, 37.3, 36.27, 35.3, 34.36, 33.5, 32.48, 31.67, 30.86, 30.11, 29.35]","chart_ats_rk":"[35, 48, 44, 37, 40, 43, 43, 43, 48, 49, 47, 44, 44, 42, 42, 41, 36, 35, 31, 29, 29, 26, 20, 20, 20, 19, 19, 20, 22, 23, 23, 25, 26, 27, 27, 30, 33, 34, 34, 35, 38, 38, 38, 39, 39, 39, 39, 41]","chart_r_jut":"[125, 250, 375, 500, 625, 750, 875, 1000, 1125, 1250, 1375, 1500, 1625, 1750, 1875, 2000, 2250, 2500, 2750, 3000, 3250, 3500, 3750, 4000, 4250, 4500, 4750, 5000, 5250, 5500, 5750, 6000, 6250, 6500, 6750, 7000, 7250, 7500, 7750, 8000, 8250, 8500, 8750, 9000, 9250, 9500, 9750, 10000]","chart_mean_jut":"[27.87, 41.65, 50.55, 58.54, 61.58, 62.48, 63.57, 64.05, 63.99, 63.95, 64.52, 65.64, 66.78, 67.72, 68.53, 69.22, 69.85, 70.36, 70.56, 70.61, 70.36, 69.75, 68.94, 68.04, 66.94, 65.71, 64.34, 62.87, 61.36, 59.86, 58.38, 56.89, 55.41, 53.99, 52.59, 51.21, 49.87, 48.59, 47.37, 46.21, 45.07, 43.97, 42.94, 41.94, 40.97, 40.06, 39.2, 38.37]","chart_max_jut":"[82.01, 119.42, 125.64, 128.14, 134.79, 136.55, 136.55, 136.55, 136.55, 140.83, 140.83, 140.83, 140.83, 140.83, 140.83, 140.83, 140.83, 140.83, 140.83, 140.83, 140.83, 140.83, 140.83, 140.83, 140.83, 140.83, 140.83, 140.83, 140.83, 140.83, 140.83, 140.83, 140.83, 140.83, 140.83, 140.83, 140.83, 140.83, 140.83, 140.83, 140.83, 140.83, 140.83, 140.83, 140.83, 140.83, 140.83, 140.83]","chart_jut_rk":"[34, 47, 48, 44, 44, 46, 47, 49, 48, 48, 48, 48, 45, 43, 42, 39, 40, 38, 34, 33, 29, 28, 29, 28, 29, 29, 30, 30, 31, 30, 32, 33, 34, 36, 36, 36, 37, 38, 38, 39, 40, 40, 40, 40, 40, 40, 40, 40]"}},{"type":"Feature","geometry":{"type":"Point","coordinates":[120.04003143310548,37.006862]},"properties":{"name":"594无名峰(1)","elev":594,"rp":0.7694,"mean_relief_crp":0.8194,"mean_jut_crp":0.7917,"mean_ats_crp":0.75,"max_jut_crp":0.8333,"max_ats_crp":0.6528,"max_jut":142.6658,"max_mean_jut":81.7934,"max_mean_jut_r":875,"max_mean_jut_rp":0.5077,"max_fsi":0.1351,"max_fsi_r":250,"max_ats":49.3189,"max_ats_r":875,"max_ats_rp":0.6462,"r_prominence":875,"r_base":875,"band_rp":"{\"极短距离\": 0.2083, \"短距离\": 0.2917, \"中短距离\": 0.5556, \"中距离\": 0.7917, \"中长距离\": 0.8194, \"长距离\": 0.8194, \"超长距离\": 0.8056}","band_jut_rp":"{\"极短距离\": 0.2222, \"短距离\": 0.3472, \"中短距离\": 0.5556, \"中距离\": 0.7361, \"中长距离\": 0.8056, \"长距离\": 0.8333, \"超长距离\": 0.8194}","band_ats_rp":"{\"极短距离\": 0.1389, \"短距离\": 0.2083, \"中短距离\": 0.4444, \"中距离\": 0.6667, \"中长距离\": 0.7639, \"长距离\": 0.8333, \"超长距离\": 0.8611}","chart_r":"[125, 250, 375, 500, 625, 750, 875, 1000, 1125, 1250, 1375, 1500, 1625, 1750, 1875, 2000, 2250, 2500, 2750, 3000, 3250, 3500, 3750, 4000, 4250, 4500, 4750, 5000, 5250, 5500, 5750, 6000, 6250, 6500, 6750, 7000, 7250, 7500, 7750, 8000, 8250, 8500, 8750, 9000, 9250, 9500, 9750, 10000]","chart_mx":"[113.0, 187.0, 246.0, 284.0, 318.0, 342.0, 365.0, 385.0, 395.0, 408.0, 413.0, 417.0, 421.0, 426.0, 428.0, 434.0, 441.0, 445.0, 448.0, 450.0, 456.0, 459.0, 461.0, 469.0, 472.0, 487.0, 487.0, 487.0, 491.0, 493.0, 497.0, 505.0, 505.0, 505.0, 505.0, 506.0, 513.0, 513.0, 513.0, 534.0, 534.0, 534.0, 534.0, 534.0, 534.0, 534.0, 534.0, 534.0]","chart_mn":"[49.78, 101.45, 137.48, 163.35, 184.09, 204.22, 220.08, 231.63, 241.79, 249.94, 256.92, 262.3, 266.18, 268.95, 271.09, 272.85, 274.97, 275.98, 277.99, 282.32, 288.19, 294.75, 301.47, 307.49, 313.41, 318.02, 321.95, 325.0, 328.08, 331.74, 335.48, 338.86, 341.64, 343.86, 346.01, 347.92, 349.52, 350.92, 352.12, 353.13, 354.4, 356.01, 358.0, 360.17, 362.71, 365.48, 368.54, 371.68]","chart_rk":"[35, 15, 13, 14, 17, 19, 17, 21, 24, 29, 31, 36, 38, 41, 43, 47, 50, 54, 58, 59, 59, 58, 59, 59, 59, 59, 60, 61, 61, 62, 61, 60, 60, 60, 60, 60, 60, 60, 60, 60, 61, 60, 59, 59, 59, 59, 58, 58]","chart_ats":"[11.87, 29.21, 37.81, 42.68, 44.93, 48.25, 49.32, 48.62, 48.66, 47.52, 47.02, 46.23, 45.05, 43.53, 42.29, 40.71, 37.83, 35.05, 32.92, 31.61, 30.53, 29.88, 29.46, 28.64, 28.26, 27.04, 26.62, 26.1, 25.41, 24.94, 24.42, 23.68, 23.29, 22.85, 22.45, 22.02, 21.32, 20.93, 20.54, 19.36, 19.04, 18.77, 18.54, 18.34, 18.19, 18.07, 17.98, 17.91]","chart_ats_rk":"[31, 9, 8, 12, 13, 13, 15, 18, 22, 24, 28, 30, 33, 35, 38, 39, 44, 48, 49, 52, 54, 54, 55, 55, 56, 56, 56, 56, 57, 59, 61, 61, 61, 62, 62, 63, 63, 63, 62, 63, 63, 63, 63, 63, 63, 63, 63, 63]","chart_r_jut":"[125, 250, 375, 500, 625, 750, 875, 1000, 1125, 1250, 1375, 1500, 1625, 1750, 1875, 2000, 2250, 2500, 2750, 3000, 3250, 3500, 3750, 4000, 4250, 4500, 4750, 5000, 5250, 5500, 5750, 6000, 6250, 6500, 6750, 7000, 7250, 7500, 7750, 8000, 8250, 8500, 8750, 9000, 9250, 9500, 9750, 10000]","chart_mean_jut":"[26.94, 53.85, 67.65, 74.19, 77.61, 80.81, 81.79, 80.82, 79.49, 77.57, 75.58, 73.5, 71.25, 68.95, 66.77, 64.75, 60.67, 56.52, 53.06, 50.38, 48.3, 46.54, 45.05, 43.69, 42.56, 41.41, 40.27, 39.11, 38.02, 37.06, 36.17, 35.29, 34.42, 33.56, 32.77, 32.02, 31.3, 30.6, 29.92, 29.28, 28.7, 28.15, 27.66, 27.2, 26.78, 26.4, 26.06, 25.73]","chart_max_jut":"[58.58, 112.69, 136.29, 137.77, 142.49, 142.67, 142.67, 142.67, 142.67, 142.67, 142.67, 142.67, 142.67, 142.67, 142.67, 142.67, 142.67, 142.67, 142.67, 142.67, 142.67, 142.67, 142.67, 142.67, 142.67, 142.67, 142.67, 142.67, 142.67, 142.67, 142.67, 142.67, 142.67, 142.67, 142.67, 142.67, 142.67, 142.67, 142.67, 142.67, 142.67, 142.67, 142.67, 142.67, 142.67, 142.67, 142.67, 142.67]","chart_jut_rk":"[38, 16, 17, 18, 20, 23, 24, 27, 30, 35, 35, 38, 41, 41, 44, 46, 50, 51, 54, 54, 57, 58, 58, 59, 59, 59, 59, 60, 60, 60, 60, 60, 60, 60, 60, 60, 60, 60, 60, 60, 60, 60, 59, 59, 59, 59, 59, 58]"}},{"type":"Feature","geometry":{"type":"Point","coordinates":[120.713227,37.506505]},"properties":{"name":"594无名峰(2)","elev":594,"rp":0.6472,"mean_relief_crp":0.6389,"mean_jut_crp":0.6667,"mean_ats_crp":0.6389,"max_jut_crp":0.625,"max_ats_crp":0.6667,"max_jut":165.7427,"max_mean_jut":75.1183,"max_mean_jut_r":null,"max_mean_jut_rp":null,"max_fsi":0.1021,"max_fsi_r":1750,"max_ats":null,"max_ats_r":null,"max_ats_rp":null,"r_prominence":null,"r_base":null,"band_rp":"{\"极短距离\": 0.6389, \"短距离\": 0.6389, \"中短距离\": 0.4306, \"中距离\": 0.4722, \"中长距离\": 0.5556, \"长距离\": 0.6667, \"超长距离\": 0.7083}","band_jut_rp":"{\"极短距离\": 0.5417, \"短距离\": 0.6667, \"中短距离\": 0.4861, \"中距离\": 0.5, \"中长距离\": 0.5833, \"长距离\": 0.6667, \"超长距离\": 0.7083}","band_ats_rp":"{\"极短距离\": 0.7083, \"短距离\": 0.6528, \"中短距离\": 0.4306, \"中距离\": 0.4306, \"中长距离\": 0.5694, \"长距离\": 0.6528, \"超长距离\": 0.7083}","chart_r":"[125, 250, 375, 500, 625, 750, 875, 1000, 1125, 1250, 1375, 1500, 1625, 1750, 1875, 2000, 2250, 2500, 2750, 3000, 3250, 3500, 3750, 4000, 4250, 4500, 4750, 5000, 5250, 5500, 5750, 6000, 6250, 6500, 6750, 7000, 7250, 7500, 7750, 8000, 8250, 8500, 8750, 9000, 9250, 9500, 9750, 10000]","chart_mx":"[153.0, 222.0, 277.0, 292.0, 330.0, 351.0, 380.0, 393.0, 407.0, 422.0, 433.0, 444.0, 450.0, 461.0, 471.0, 476.0, 488.0, 496.0, 502.0, 506.0, 511.0, 516.0, 519.0, 521.0, 525.0, 526.0, 537.0, 537.0, 539.0, 539.0, 542.0, 542.0, 548.0, 548.0, 548.0, 548.0, 548.0, 548.0, 548.0, 548.0, 550.0, 551.0, 551.0, 552.0, 553.0, 554.0, 554.0, 555.0]","chart_mn":"[59.26, 86.26, 107.89, 127.22, 146.6, 166.33, 184.56, 202.11, 218.32, 234.43, 249.67, 263.89, 277.43, 289.73, 299.88, 308.08, 320.5, 330.36, 338.82, 346.14, 351.86, 357.25, 362.28, 367.36, 370.55, 372.54, 373.95, 375.69, 378.04, 380.91, 384.22, 387.58, 390.56, 393.51, 396.2, 398.92, 401.78, 404.38, 406.45, 408.07, 409.19, 410.46, 411.85, 412.99, 413.94, 414.63, 415.12, 415.53]","chart_rk":"[12, 43, 52, 52, 53, 49, 48, 45, 43, 41, 37, 35, 33, 31, 32, 31, 30, 34, 35, 35, 36, 36, 38, 40, 41, 41, 43, 46, 49, 50, 50, 50, 49, 48, 48, 48, 49, 51, 51, 52, 52, 52, 52, 52, 52, 52, 52, 53]","chart_ats":"[14.11, 17.51, 19.13, 22.52, 24.43, 27.77, 29.99, 33.18, 35.77, 38.27, 40.84, 43.06, 45.56, 47.06, 47.83, 48.37, 47.89, 47.06, 46.07, 45.07, 43.72, 42.44, 41.35, 40.47, 39.11, 37.83, 35.89, 34.85, 33.89, 33.21, 32.48, 31.98, 31.1, 30.61, 30.11, 29.65, 29.24, 28.82, 28.35, 27.86, 27.23, 26.69, 26.24, 25.73, 25.22, 24.71, 24.25, 23.75]","chart_ats_rk":"[22, 49, 55, 56, 55, 53, 51, 48, 45, 42, 38, 35, 32, 30, 30, 30, 32, 32, 32, 33, 33, 36, 36, 38, 40, 42, 45, 46, 49, 49, 48, 46, 49, 49, 52, 51, 51, 51, 50, 50, 52, 53, 53, 53, 53, 54, 53, 53]","chart_r_jut":"[125, 250, 375, 500, 625, 750, 875, 1000, 1125, 1250, 1375, 1500, 1625, 1750, 1875, 2000, 2250, 2500, 2750, 3000, 3250, 3500, 3750, 4000, 4250, 4500, 4750, 5000, 5250, 5500, 5750, 6000, 6250, 6500, 6750, 7000, 7250, 7500, 7750, 8000, 8250, 8500, 8750, 9000, 9250, 9500, 9750, 10000]","chart_mean_jut":"[36.43, 45.06, 49.11, 51.7, 55.0, 58.59, 61.74, 64.51, 66.68, 68.89, 70.83, 72.45, 73.91, 74.88, 75.12, 74.73, 72.92, 70.65, 68.26, 65.89, 63.5, 61.3, 59.24, 57.39, 55.41, 53.42, 51.53, 49.82, 48.32, 46.99, 45.81, 44.72, 43.64, 42.62, 41.64, 40.73, 39.88, 39.05, 38.22, 37.41, 36.6, 35.83, 35.11, 34.39, 33.7, 33.02, 32.36, 31.72]","chart_max_jut":"[117.39, 150.45, 165.74, 165.74, 165.74, 165.74, 165.74, 165.74, 165.74, 165.74, 165.74, 165.74, 165.74, 165.74, 165.74, 165.74, 165.74, 165.74, 165.74, 165.74, 165.74, 165.74, 165.74, 165.74, 165.74, 165.74, 165.74, 165.74, 165.74, 165.74, 165.74, 165.74, 165.74, 165.74, 165.74, 165.74, 165.74, 165.74, 165.74, 165.74, 165.74, 165.74, 165.74, 165.74, 165.74, 165.74, 165.74, 165.74]","chart_jut_rk":"[12, 35, 50, 52, 52, 52, 50, 47, 44, 44, 43, 40, 37, 36, 36, 34, 36, 37, 38, 37, 39, 39, 41, 41, 43, 43, 44, 47, 48, 49, 48, 49, 49, 49, 49, 49, 50, 51, 52, 52, 52, 52, 52, 52, 52, 52, 52, 52]"}},{"type":"Feature","geometry":{"type":"Point","coordinates":[120.027903,36.997161865234375]},"properties":{"name":"603无名峰","elev":603,"rp":0.9111,"mean_relief_crp":0.8611,"mean_jut_crp":0.9167,"mean_ats_crp":0.8889,"max_jut_crp":0.9167,"max_ats_crp":0.9722,"max_jut":120.3745,"max_mean_jut":51.4174,"max_mean_jut_r":500,"max_mean_jut_rp":0.9692,"max_fsi":0.0599,"max_fsi_r":375,"max_ats":29.1827,"max_ats_r":3250,"max_ats_rp":0.9692,"r_prominence":500,"r_base":3250,"band_rp":"{\"极短距离\": 0.6667, \"短距离\": 0.9444, \"中短距离\": 0.9306, \"中距离\": 0.8056, \"中长距离\": 0.7639, \"长距离\": 0.7917, \"超长距离\": 0.7778}","band_jut_rp":"{\"极短距离\": 0.6528, \"短距离\": 0.9167, \"中短距离\": 0.9583, \"中距离\": 0.8611, \"中长距离\": 0.8194, \"长距离\": 0.8056, \"超长距离\": 0.7917}","band_ats_rp":"{\"极短距离\": 0.5972, \"短距离\": 0.9028, \"中短距离\": 0.9306, \"中距离\": 0.7778, \"中长距离\": 0.7778, \"长距离\": 0.8472, \"超长距离\": 0.8472}","chart_r":"[125, 250, 375, 500, 625, 750, 875, 1000, 1125, 1250, 1375, 1500, 1625, 1750, 1875, 2000, 2250, 2500, 2750, 3000, 3250, 3500, 3750, 4000, 4250, 4500, 4750, 5000, 5250, 5500, 5750, 6000, 6250, 6500, 6750, 7000, 7250, 7500, 7750, 8000, 8250, 8500, 8750, 9000, 9250, 9500, 9750, 10000]","chart_mx":"[115.0, 186.0, 226.0, 254.0, 275.0, 293.0, 303.0, 310.0, 329.0, 342.0, 354.0, 365.0, 377.0, 388.0, 399.0, 415.0, 446.0, 470.0, 478.0, 482.0, 487.0, 496.0, 496.0, 500.0, 502.0, 504.0, 507.0, 508.0, 510.0, 512.0, 515.0, 515.0, 516.0, 518.0, 518.0, 519.0, 522.0, 522.0, 543.0, 543.0, 543.0, 543.0, 543.0, 543.0, 543.0, 543.0, 543.0, 543.0]","chart_mn":"[51.92, 87.33, 111.49, 127.08, 135.38, 140.71, 144.78, 148.95, 153.0, 157.71, 164.22, 172.23, 180.58, 190.27, 200.81, 211.64, 234.55, 257.56, 276.8, 292.57, 304.75, 312.18, 317.04, 321.32, 325.11, 329.37, 333.16, 335.93, 337.86, 339.68, 341.39, 343.58, 345.93, 348.33, 351.21, 353.89, 356.47, 359.18, 362.01, 364.99, 367.83, 370.43, 372.78, 374.84, 376.82, 378.96, 381.36, 383.79]","chart_rk":"[26, 41, 49, 55, 61, 66, 68, 69, 70, 71, 70, 70, 70, 68, 67, 66, 61, 59, 59, 56, 55, 53, 53, 54, 54, 56, 57, 58, 57, 57, 58, 58, 58, 58, 59, 59, 59, 58, 58, 57, 57, 57, 57, 57, 57, 57, 57, 57]","chart_ats":"[12.65, 20.49, 24.92, 25.73, 24.38, 22.56, 21.21, 20.44, 18.96, 18.06, 17.71, 17.84, 18.06, 18.65, 19.47, 20.15, 21.94, 24.24, 26.52, 28.29, 29.18, 28.83, 28.53, 27.93, 27.36, 26.91, 26.38, 25.84, 25.17, 24.56, 23.92, 23.51, 23.09, 22.66, 22.4, 22.08, 21.69, 21.46, 20.44, 20.27, 20.12, 19.94, 19.76, 19.56, 19.36, 19.18, 19.04, 18.91]","chart_ats_rk":"[29, 37, 43, 49, 56, 62, 64, 67, 68, 68, 68, 68, 68, 68, 66, 65, 61, 60, 57, 55, 56, 55, 56, 56, 57, 57, 57, 58, 58, 60, 62, 62, 62, 63, 63, 62, 62, 62, 63, 62, 62, 62, 62, 62, 62, 62, 62, 61]","chart_r_jut":"[125, 250, 375, 500, 625, 750, 875, 1000, 1125, 1250, 1375, 1500, 1625, 1750, 1875, 2000, 2250, 2500, 2750, 3000, 3250, 3500, 3750, 4000, 4250, 4500, 4750, 5000, 5250, 5500, 5750, 6000, 6250, 6500, 6750, 7000, 7250, 7500, 7750, 8000, 8250, 8500, 8750, 9000, 9250, 9500, 9750, 10000]","chart_mean_jut":"[28.02, 43.63, 50.53, 51.42, 49.52, 46.97, 44.4, 42.54, 40.77, 39.16, 38.17, 37.81, 37.7, 38.03, 38.68, 39.5, 41.72, 44.22, 45.8, 46.6, 46.64, 45.8, 44.64, 43.46, 42.25, 41.17, 40.14, 39.07, 38.0, 37.02, 36.09, 35.25, 34.45, 33.7, 33.03, 32.39, 31.76, 31.18, 30.65, 30.16, 29.69, 29.23, 28.79, 28.33, 27.9, 27.49, 27.11, 26.75]","chart_max_jut":"[68.75, 107.84, 120.12, 120.37, 120.37, 120.37, 120.37, 120.37, 120.37, 120.37, 120.37, 120.37, 120.37, 120.37, 120.37, 120.37, 120.37, 120.37, 120.37, 120.37, 120.37, 120.37, 120.37, 120.37, 120.37, 120.37, 120.37, 120.37, 120.37, 120.37, 120.37, 120.37, 120.37, 120.37, 120.37, 120.37, 120.37, 120.37, 120.37, 120.37, 120.37, 120.37, 120.37, 120.37, 120.37, 120.37, 120.37, 120.37]","chart_jut_rk":"[33, 42, 49, 53, 58, 63, 67, 68, 70, 71, 71, 72, 70, 70, 70, 69, 68, 66, 63, 62, 61, 60, 60, 61, 60, 60, 60, 61, 61, 61, 61, 61, 59, 59, 59, 59, 59, 59, 59, 58, 58, 58, 57, 57, 57, 57, 57, 57]"}},{"type":"Feature","geometry":{"type":"Point","coordinates":[121.689337,37.255336]},"properties":{"name":"612无名峰","elev":612,"rp":0.6361,"mean_relief_crp":0.6806,"mean_jut_crp":0.6528,"mean_ats_crp":0.7083,"max_jut_crp":0.3333,"max_ats_crp":0.8056,"max_jut":193.569,"max_mean_jut":73.6267,"max_mean_jut_r":625,"max_mean_jut_rp":0.7077,"max_fsi":0.0786,"max_fsi_r":500,"max_ats":41.408,"max_ats_r":2500,"max_ats_rp":0.8,"r_prominence":625,"r_base":2500,"band_rp":"{\"极短距离\": 0.2222, \"短距离\": 0.5833, \"中短距离\": 0.6111, \"中距离\": 0.5278, \"中长距离\": 0.6389, \"长距离\": 0.7083, \"超长距离\": 0.7222}","band_jut_rp":"{\"极短距离\": 0.1528, \"短距离\": 0.4861, \"中短距离\": 0.5694, \"中距离\": 0.5278, \"中长距离\": 0.6111, \"长距离\": 0.6528, \"超长距离\": 0.6806}","band_ats_rp":"{\"极短距离\": 0.3056, \"短距离\": 0.5972, \"中短距离\": 0.5972, \"中距离\": 0.5278, \"中长距离\": 0.6667, \"长距离\": 0.7361, \"超长距离\": 0.7639}","chart_r":"[125, 250, 375, 500, 625, 750, 875, 1000, 1125, 1250, 1375, 1500, 1625, 1750, 1875, 2000, 2250, 2500, 2750, 3000, 3250, 3500, 3750, 4000, 4250, 4500, 4750, 5000, 5250, 5500, 5750, 6000, 6250, 6500, 6750, 7000, 7250, 7500, 7750, 8000, 8250, 8500, 8750, 9000, 9250, 9500, 9750, 10000]","chart_mx":"[157.0, 254.0, 301.0, 334.0, 361.0, 390.0, 403.0, 419.0, 429.0, 443.0, 450.0, 459.0, 478.0, 497.0, 510.0, 518.0, 524.0, 527.0, 532.0, 532.0, 532.0, 545.0, 548.0, 551.0, 554.0, 556.0, 559.0, 561.0, 565.0, 566.0, 569.0, 570.0, 572.0, 575.0, 577.0, 579.0, 580.0, 582.0, 582.0, 584.0, 586.0, 586.0, 592.0, 592.0, 592.0, 592.0, 592.0, 592.0]","chart_mn":"[60.43, 103.91, 130.83, 154.48, 169.82, 180.84, 190.75, 200.27, 209.97, 220.07, 229.9, 239.71, 250.97, 262.31, 273.45, 284.33, 302.99, 317.32, 327.91, 335.08, 339.8, 342.22, 345.09, 349.11, 353.41, 358.38, 362.68, 366.43, 369.41, 371.96, 374.33, 377.15, 380.62, 384.08, 387.43, 390.69, 393.75, 396.37, 398.7, 400.94, 402.94, 404.95, 406.96, 408.86, 410.68, 412.52, 414.76, 417.16]","chart_rk":"[10, 10, 21, 25, 32, 40, 45, 46, 49, 48, 47, 47, 47, 43, 42, 41, 38, 40, 38, 40, 41, 44, 44, 45, 47, 48, 47, 50, 51, 52, 52, 52, 52, 53, 54, 54, 53, 53, 53, 53, 53, 53, 53, 53, 53, 53, 53, 52]","chart_ats":"[14.98, 25.06, 29.67, 33.89, 34.64, 33.48, 33.46, 33.27, 33.73, 34.02, 34.85, 35.55, 35.95, 36.37, 37.17, 38.27, 40.35, 41.41, 41.23, 40.65, 39.62, 37.29, 35.87, 34.83, 33.97, 33.38, 32.71, 32.11, 31.38, 30.79, 30.09, 29.61, 29.19, 28.74, 28.35, 27.96, 27.63, 27.2, 26.84, 26.4, 25.93, 25.56, 24.95, 24.59, 24.24, 23.89, 23.61, 23.36]","chart_ats_rk":"[16, 20, 29, 30, 34, 42, 45, 47, 47, 48, 46, 45, 45, 44, 43, 43, 41, 39, 39, 39, 40, 42, 43, 46, 49, 49, 50, 50, 51, 51, 51, 54, 54, 55, 55, 54, 54, 54, 55, 55, 56, 56, 55, 55, 55, 55, 55, 54]","chart_r_jut":"[125, 250, 375, 500, 625, 750, 875, 1000, 1125, 1250, 1375, 1500, 1625, 1750, 1875, 2000, 2250, 2500, 2750, 3000, 3250, 3500, 3750, 4000, 4250, 4500, 4750, 5000, 5250, 5500, 5750, 6000, 6250, 6500, 6750, 7000, 7250, 7500, 7750, 8000, 8250, 8500, 8750, 9000, 9250, 9500, 9750, 10000]","chart_mean_jut":"[38.92, 61.26, 68.26, 73.28, 73.63, 72.2, 70.69, 69.61, 68.92, 68.48, 68.21, 68.07, 68.47, 68.91, 69.33, 69.72, 69.79, 68.77, 66.9, 64.54, 62.02, 59.38, 56.96, 54.97, 53.25, 51.78, 50.42, 49.17, 47.99, 46.84, 45.74, 44.75, 43.86, 43.02, 42.21, 41.44, 40.7, 39.94, 39.18, 38.45, 37.71, 36.99, 36.29, 35.61, 34.94, 34.29, 33.7, 33.15]","chart_max_jut":"[104.95, 172.12, 193.57, 193.57, 193.57, 193.57, 193.57, 193.57, 193.57, 193.57, 193.57, 193.57, 193.57, 193.57, 193.57, 193.57, 193.57, 193.57, 193.57, 193.57, 193.57, 193.57, 193.57, 193.57, 193.57, 193.57, 193.57, 193.57, 193.57, 193.57, 193.57, 193.57, 193.57, 193.57, 193.57, 193.57, 193.57, 193.57, 193.57, 193.57, 193.57, 193.57, 193.57, 193.57, 193.57, 193.57, 193.57, 193.57]","chart_jut_rk":"[7, 10, 15, 20, 28, 33, 38, 42, 42, 45, 45, 46, 43, 42, 40, 38, 41, 40, 39, 40, 41, 43, 44, 45, 45, 45, 48, 49, 49, 50, 50, 48, 48, 48, 48, 48, 48, 48, 50, 50, 50, 50, 50, 50, 50, 50, 50, 50]"}},{"type":"Feature","geometry":{"type":"Point","coordinates":[121.219338,37.337801]},"properties":{"name":"632无名峰","elev":632,"rp":0.5139,"mean_relief_crp":0.375,"mean_jut_crp":0.4444,"mean_ats_crp":0.4028,"max_jut_crp":0.7083,"max_ats_crp":0.6389,"max_jut":156.839,"max_mean_jut":78.3087,"max_mean_jut_r":2000,"max_mean_jut_rp":0.6154,"max_fsi":0.0819,"max_fsi_r":125,"max_ats":49.8086,"max_ats_r":5000,"max_ats_rp":0.6308,"r_prominence":2000,"r_base":5000,"band_rp":"{\"极短距离\": 0.9722, \"短距离\": 0.6806, \"中短距离\": 0.4028, \"中距离\": 0.3056, \"中长距离\": 0.2639, \"长距离\": 0.2639, \"超长距离\": 0.3194}","band_jut_rp":"{\"极短距离\": 0.9722, \"短距离\": 0.7361, \"中短距离\": 0.4583, \"中距离\": 0.3333, \"中长距离\": 0.3611, \"长距离\": 0.375, \"超长距离\": 0.4028}","band_ats_rp":"{\"极短距离\": 0.9722, \"短距离\": 0.7083, \"中短距离\": 0.5139, \"中距离\": 0.4028, \"中长距离\": 0.2778, \"长距离\": 0.2639, \"超长距离\": 0.375}","chart_r":"[125, 250, 375, 500, 625, 750, 875, 1000, 1125, 1250, 1375, 1500, 1625, 1750, 1875, 2000, 2250, 2500, 2750, 3000, 3250, 3500, 3750, 4000, 4250, 4500, 4750, 5000, 5250, 5500, 5750, 6000, 6250, 6500, 6750, 7000, 7250, 7500, 7750, 8000, 8250, 8500, 8750, 9000, 9250, 9500, 9750, 10000]","chart_mx":"[66.0, 119.0, 179.0, 230.0, 278.0, 323.0, 372.0, 409.0, 430.0, 453.0, 473.0, 489.0, 501.0, 512.0, 524.0, 535.0, 550.0, 561.0, 571.0, 584.0, 592.0, 597.0, 601.0, 601.0, 605.0, 606.0, 608.0, 608.0, 611.0, 612.0, 618.0, 620.0, 624.0, 624.0, 624.0, 624.0, 624.0, 625.0, 625.0, 625.0, 625.0, 625.0, 625.0, 625.0, 625.0, 629.0, 629.0, 629.0]","chart_mn":"[32.02, 56.12, 76.4, 100.75, 127.02, 152.99, 178.12, 199.75, 219.06, 235.5, 250.7, 265.25, 279.02, 291.82, 303.86, 315.06, 332.39, 345.83, 356.69, 368.8, 381.83, 395.01, 407.5, 418.03, 426.93, 435.58, 444.57, 452.24, 458.37, 463.68, 468.25, 472.14, 475.26, 478.03, 481.06, 484.07, 487.08, 490.21, 493.35, 496.59, 499.69, 502.54, 505.14, 507.25, 508.9, 510.35, 511.52, 512.34]","chart_rk":"[65, 70, 71, 70, 65, 59, 50, 48, 42, 39, 36, 32, 30, 30, 28, 28, 23, 24, 24, 23, 24, 23, 22, 21, 22, 21, 21, 22, 20, 19, 19, 19, 22, 22, 25, 25, 27, 28, 28, 28, 25, 24, 24, 25, 25, 25, 25, 25]","chart_ats":"[5.86, 9.08, 10.42, 13.83, 18.2, 22.7, 26.66, 30.11, 33.75, 36.05, 38.03, 40.02, 42.01, 43.7, 45.02, 46.12, 47.2, 47.47, 47.12, 46.89, 47.36, 48.16, 48.92, 49.52, 49.43, 49.56, 49.75, 49.81, 49.27, 48.76, 47.75, 46.95, 45.9, 45.12, 44.43, 43.78, 43.17, 42.55, 42.04, 41.59, 41.14, 40.67, 40.19, 39.66, 39.07, 38.23, 37.62, 36.99]","chart_ats_rk":"[64, 67, 71, 71, 67, 61, 53, 51, 46, 43, 41, 40, 38, 33, 33, 33, 33, 31, 30, 30, 31, 28, 25, 22, 22, 21, 18, 18, 19, 19, 21, 20, 22, 22, 22, 22, 23, 24, 27, 28, 27, 28, 27, 28, 28, 28, 28, 28]","chart_r_jut":"[125, 250, 375, 500, 625, 750, 875, 1000, 1125, 1250, 1375, 1500, 1625, 1750, 1875, 2000, 2250, 2500, 2750, 3000, 3250, 3500, 3750, 4000, 4250, 4500, 4750, 5000, 5250, 5500, 5750, 6000, 6250, 6500, 6750, 7000, 7250, 7500, 7750, 8000, 8250, 8500, 8750, 9000, 9250, 9500, 9750, 10000]","chart_mean_jut":"[12.09, 19.26, 24.4, 31.57, 39.84, 47.94, 55.68, 61.65, 66.25, 69.34, 71.76, 73.78, 75.43, 76.67, 77.63, 78.31, 78.09, 77.01, 75.43, 74.25, 73.42, 72.79, 72.15, 71.2, 70.04, 68.95, 68.04, 66.96, 65.68, 64.36, 63.02, 61.65, 60.26, 58.89, 57.63, 56.44, 55.3, 54.25, 53.26, 52.34, 51.45, 50.58, 49.73, 48.86, 47.98, 47.12, 46.26, 45.41]","chart_max_jut":"[28.75, 46.27, 71.93, 94.05, 109.11, 129.42, 148.02, 156.18, 156.84, 156.84, 156.84, 156.84, 156.84, 156.84, 156.84, 156.84, 156.84, 156.84, 156.84, 156.84, 156.84, 156.84, 156.84, 156.84, 156.84, 156.84, 156.84, 156.84, 156.84, 156.84, 156.84, 156.84, 156.84, 156.84, 156.84, 156.84, 156.84, 156.84, 156.84, 156.84, 156.84, 156.84, 156.84, 156.84, 156.84, 156.84, 156.84, 156.84]","chart_jut_rk":"[65, 70, 71, 70, 67, 62, 55, 50, 45, 42, 41, 36, 34, 32, 30, 30, 26, 24, 24, 26, 25, 25, 25, 26, 27, 26, 26, 26, 26, 26, 26, 25, 28, 29, 30, 30, 30, 30, 30, 30, 30, 30, 30, 30, 31, 31, 31, 30]"}},{"type":"Feature","geometry":{"type":"Point","coordinates":[120.451279,37.479286193847656]},"properties":{"name":"643无名峰","elev":643,"rp":0.75,"mean_relief_crp":0.6944,"mean_jut_crp":0.7083,"mean_ats_crp":0.7778,"max_jut_crp":0.6944,"max_ats_crp":0.875,"max_jut":158.6702,"max_mean_jut":73.573,"max_mean_jut_r":1000,"max_mean_jut_rp":0.7231,"max_fsi":0.091,"max_fsi_r":375,"max_ats":39.1407,"max_ats_r":1125,"max_ats_rp":0.8615,"r_prominence":1000,"r_base":1125,"band_rp":"{\"极短距离\": 0.4167, \"短距离\": 0.4722, \"中短距离\": 0.6528, \"中距离\": 0.7222, \"中长距离\": 0.7222, \"长距离\": 0.7361, \"超长距离\": 0.6389}","band_jut_rp":"{\"极短距离\": 0.4167, \"短距离\": 0.4583, \"中短距离\": 0.5833, \"中距离\": 0.6528, \"中长距离\": 0.6944, \"长距离\": 0.7083, \"超长距离\": 0.6528}","band_ats_rp":"{\"极短距离\": 0.3611, \"短距离\": 0.4861, \"中短距离\": 0.6389, \"中距离\": 0.7083, \"中长距离\": 0.7361, \"长距离\": 0.7778, \"超长距离\": 0.6944}","chart_r":"[125, 250, 375, 500, 625, 750, 875, 1000, 1125, 1250, 1375, 1500, 1625, 1750, 1875, 2000, 2250, 2500, 2750, 3000, 3250, 3500, 3750, 4000, 4250, 4500, 4750, 5000, 5250, 5500, 5750, 6000, 6250, 6500, 6750, 7000, 7250, 7500, 7750, 8000, 8250, 8500, 8750, 9000, 9250, 9500, 9750, 10000]","chart_mx":"[115.0, 196.0, 236.0, 288.0, 323.0, 363.0, 388.0, 410.0, 430.0, 447.0, 463.0, 472.0, 481.0, 486.0, 494.0, 498.0, 504.0, 516.0, 527.0, 533.0, 540.0, 543.0, 547.0, 553.0, 556.0, 561.0, 568.0, 568.0, 573.0, 575.0, 578.0, 581.0, 583.0, 586.0, 589.0, 590.0, 592.0, 594.0, 595.0, 597.0, 599.0, 602.0, 608.0, 608.0, 612.0, 612.0, 614.0, 614.0]","chart_mn":"[48.16, 94.34, 126.04, 150.01, 171.55, 188.4, 204.18, 217.83, 228.95, 237.98, 244.51, 248.42, 251.63, 254.96, 259.22, 263.62, 272.31, 281.22, 290.73, 298.76, 306.99, 314.38, 320.9, 325.71, 330.54, 335.88, 342.35, 349.0, 355.7, 362.53, 368.87, 374.55, 379.88, 385.16, 390.6, 395.93, 400.94, 406.02, 411.34, 416.54, 421.47, 426.19, 430.85, 435.25, 439.24, 442.84, 445.86, 448.86]","chart_rk":"[40, 26, 27, 31, 31, 34, 35, 35, 37, 38, 41, 45, 45, 49, 50, 49, 52, 52, 53, 54, 51, 51, 52, 52, 53, 55, 54, 56, 56, 54, 54, 54, 53, 52, 52, 52, 50, 49, 48, 47, 47, 47, 47, 46, 46, 46, 46, 46]","chart_ats":"[10.41, 23.43, 31.94, 33.97, 36.81, 36.93, 38.24, 39.09, 39.14, 38.81, 37.95, 37.04, 35.84, 34.92, 34.08, 33.59, 32.91, 32.2, 31.72, 31.31, 31.02, 30.81, 30.38, 29.61, 29.07, 28.56, 28.2, 28.24, 28.07, 28.08, 27.98, 27.8, 27.65, 27.47, 27.34, 27.32, 27.22, 27.13, 27.14, 27.09, 27.03, 26.9, 26.65, 26.63, 26.41, 26.31, 26.08, 25.93]","chart_ats_rk":"[40, 24, 18, 29, 29, 32, 38, 39, 39, 39, 42, 43, 46, 47, 48, 49, 49, 50, 51, 53, 52, 53, 53, 54, 54, 54, 54, 55, 54, 54, 57, 56, 58, 57, 56, 56, 55, 55, 54, 54, 53, 51, 51, 51, 50, 50, 50, 49]","chart_r_jut":"[125, 250, 375, 500, 625, 750, 875, 1000, 1125, 1250, 1375, 1500, 1625, 1750, 1875, 2000, 2250, 2500, 2750, 3000, 3250, 3500, 3750, 4000, 4250, 4500, 4750, 5000, 5250, 5500, 5750, 6000, 6250, 6500, 6750, 7000, 7250, 7500, 7750, 8000, 8250, 8500, 8750, 9000, 9250, 9500, 9750, 10000]","chart_mean_jut":"[24.86, 48.68, 59.8, 65.21, 69.31, 71.15, 72.66, 73.57, 73.51, 72.9, 71.86, 70.37, 68.5, 66.57, 64.95, 63.46, 60.92, 59.08, 57.5, 55.87, 54.56, 53.22, 51.78, 50.27, 48.89, 47.71, 46.78, 45.97, 45.21, 44.54, 43.84, 43.13, 42.44, 41.79, 41.23, 40.71, 40.18, 39.69, 39.25, 38.83, 38.41, 38.0, 37.61, 37.21, 36.79, 36.37, 35.91, 35.47]","chart_max_jut":"[56.54, 122.61, 126.89, 140.95, 149.55, 158.67, 158.67, 158.67, 158.67, 158.67, 158.67, 158.67, 158.67, 158.67, 158.67, 158.67, 158.67, 158.67, 158.67, 158.67, 158.67, 158.67, 158.67, 158.67, 158.67, 158.67, 158.67, 158.67, 158.67, 158.67, 158.67, 158.67, 158.67, 158.67, 158.67, 158.67, 158.67, 158.67, 158.67, 158.67, 158.67, 158.67, 158.67, 158.67, 158.67, 158.67, 158.67, 158.67]","chart_jut_rk":"[42, 28, 28, 32, 32, 35, 35, 35, 39, 40, 40, 42, 42, 44, 45, 47, 48, 48, 48, 48, 49, 49, 51, 51, 51, 53, 53, 52, 52, 52, 52, 52, 52, 51, 51, 50, 49, 49, 49, 49, 49, 48, 48, 48, 47, 47, 47, 47]"}},{"type":"Feature","geometry":{"type":"Point","coordinates":[120.459633,37.459074]},"properties":{"name":"644无名峰","elev":644,"rp":0.6139,"mean_relief_crp":0.625,"mean_jut_crp":0.625,"mean_ats_crp":0.6667,"max_jut_crp":0.3889,"max_ats_crp":0.7639,"max_jut":182.4809,"max_mean_jut":79.0923,"max_mean_jut_r":1375,"max_mean_jut_rp":0.5692,"max_fsi":0.0871,"max_fsi_r":250,"max_ats":43.3533,"max_ats_r":1750,"max_ats_rp":0.7538,"r_prominence":1375,"r_base":1750,"band_rp":"{\"极短距离\": 0.625, \"短距离\": 0.5694, \"中短距离\": 0.5, \"中距离\": 0.5972, \"中长距离\": 0.6528, \"长距离\": 0.625, \"超长距离\": 0.6111}","band_jut_rp":"{\"极短距离\": 0.5833, \"短距离\": 0.5139, \"中短距离\": 0.4167, \"中距离\": 0.5833, \"中长距离\": 0.5972, \"长距离\": 0.5972, \"超长距离\": 0.6111}","band_ats_rp":"{\"极短距离\": 0.6667, \"短距离\": 0.625, \"中短距离\": 0.5, \"中距离\": 0.6111, \"中长距离\": 0.6389, \"长距离\": 0.6111, \"超长距离\": 0.6667}","chart_r":"[125, 250, 375, 500, 625, 750, 875, 1000, 1125, 1250, 1375, 1500, 1625, 1750, 1875, 2000, 2250, 2500, 2750, 3000, 3250, 3500, 3750, 4000, 4250, 4500, 4750, 5000, 5250, 5500, 5750, 6000, 6250, 6500, 6750, 7000, 7250, 7500, 7750, 8000, 8250, 8500, 8750, 9000, 9250, 9500, 9750, 10000]","chart_mx":"[126.0, 198.0, 261.0, 318.0, 356.0, 380.0, 418.0, 444.0, 464.0, 472.0, 483.0, 489.0, 494.0, 498.0, 502.0, 507.0, 512.0, 517.0, 528.0, 533.0, 535.0, 541.0, 547.0, 551.0, 555.0, 557.0, 563.0, 570.0, 570.0, 579.0, 579.0, 579.0, 581.0, 585.0, 588.0, 590.0, 592.0, 595.0, 599.0, 601.0, 603.0, 609.0, 613.0, 613.0, 613.0, 613.0, 613.0, 613.0]","chart_mn":"[51.16, 86.22, 111.55, 131.88, 153.25, 172.93, 192.33, 208.82, 224.05, 238.57, 252.21, 262.19, 271.09, 279.08, 284.88, 289.68, 295.64, 299.18, 304.0, 310.85, 317.51, 325.66, 334.06, 342.59, 351.42, 359.95, 368.43, 376.6, 383.53, 388.97, 393.26, 396.68, 399.78, 403.18, 406.69, 410.09, 413.47, 417.11, 420.76, 424.11, 427.42, 430.8, 434.4, 438.14, 441.62, 444.84, 447.79, 450.7]","chart_rk":"[32, 45, 48, 50, 47, 44, 43, 41, 41, 37, 35, 37, 37, 37, 38, 37, 43, 43, 45, 47, 49, 50, 49, 49, 48, 46, 46, 45, 43, 45, 45, 46, 45, 45, 45, 45, 45, 45, 45, 45, 45, 45, 45, 45, 45, 45, 45, 44]","chart_ats":"[11.66, 19.1, 22.13, 23.31, 26.42, 29.89, 32.18, 34.28, 36.4, 39.24, 41.3, 42.3, 42.97, 43.35, 43.05, 42.38, 40.57, 38.47, 36.63, 35.84, 35.22, 34.73, 34.37, 34.27, 34.3, 34.44, 34.35, 34.18, 34.25, 33.58, 33.27, 32.84, 32.28, 31.68, 31.17, 30.72, 30.29, 29.87, 29.42, 29.05, 28.7, 28.19, 27.82, 27.68, 27.51, 27.32, 27.12, 26.92]","chart_ats_rk":"[32, 43, 49, 55, 52, 48, 46, 44, 44, 38, 37, 37, 37, 37, 36, 37, 39, 42, 45, 46, 46, 47, 47, 48, 46, 48, 49, 48, 48, 47, 45, 44, 46, 46, 48, 48, 48, 48, 48, 48, 48, 49, 49, 48, 47, 47, 48, 47]","chart_r_jut":"[125, 250, 375, 500, 625, 750, 875, 1000, 1125, 1250, 1375, 1500, 1625, 1750, 1875, 2000, 2250, 2500, 2750, 3000, 3250, 3500, 3750, 4000, 4250, 4500, 4750, 5000, 5250, 5500, 5750, 6000, 6250, 6500, 6750, 7000, 7250, 7500, 7750, 8000, 8250, 8500, 8750, 9000, 9250, 9500, 9750, 10000]","chart_mean_jut":"[28.71, 43.87, 51.78, 56.2, 61.37, 65.68, 69.94, 72.89, 75.39, 77.63, 79.09, 78.9, 78.3, 77.36, 75.86, 74.17, 70.26, 66.47, 63.62, 61.46, 59.34, 57.69, 56.28, 55.11, 54.17, 53.3, 52.49, 51.73, 50.91, 49.98, 48.99, 47.94, 46.91, 45.96, 45.06, 44.2, 43.37, 42.61, 41.89, 41.17, 40.49, 39.85, 39.26, 38.72, 38.18, 37.65, 37.12, 36.61]","chart_max_jut":"[90.28, 124.34, 146.09, 169.91, 172.43, 177.01, 179.15, 182.48, 182.48, 182.48, 182.48, 182.48, 182.48, 182.48, 182.48, 182.48, 182.48, 182.48, 182.48, 182.48, 182.48, 182.48, 182.48, 182.48, 182.48, 182.48, 182.48, 182.48, 182.48, 182.48, 182.48, 182.48, 182.48, 182.48, 182.48, 182.48, 182.48, 182.48, 182.48, 182.48, 182.48, 182.48, 182.48, 182.48, 182.48, 182.48, 182.48, 182.48]","chart_jut_rk":"[27, 40, 44, 47, 45, 42, 39, 36, 37, 33, 31, 29, 29, 31, 33, 36, 39, 42, 42, 45, 45, 46, 45, 44, 44, 44, 42, 45, 45, 44, 44, 44, 45, 45, 45, 44, 44, 45, 45, 45, 45, 45, 45, 45, 46, 45, 44, 44]"}},{"type":"Feature","geometry":{"type":"Point","coordinates":[120.033293,36.987728]},"properties":{"name":"645无名峰","elev":645,"rp":0.7389,"mean_relief_crp":0.6667,"mean_jut_crp":0.7222,"mean_ats_crp":0.6944,"max_jut_crp":0.7778,"max_ats_crp":0.8333,"max_jut":147.9537,"max_mean_jut":72.042,"max_mean_jut_r":1000,"max_mean_jut_rp":0.7538,"max_fsi":0.0979,"max_fsi_r":125,"max_ats":39.9584,"max_ats_r":1125,"max_ats_rp":0.8154,"r_prominence":1000,"r_base":1125,"band_rp":"{\"极短距离\": 0.4861, \"短距离\": 0.5, \"中短距离\": 0.5833, \"中距离\": 0.5833, \"中长距离\": 0.5833, \"长距离\": 0.6528, \"超长距离\": 0.6806}","band_jut_rp":"{\"极短距离\": 0.5, \"短距离\": 0.5417, \"中短距离\": 0.6111, \"中距离\": 0.6389, \"中长距离\": 0.625, \"长距离\": 0.6806, \"超长距离\": 0.6944}","band_ats_rp":"{\"极短距离\": 0.5, \"短距离\": 0.5, \"中短距离\": 0.5694, \"中距离\": 0.625, \"中长距离\": 0.625, \"长距离\": 0.6944, \"超长距离\": 0.7361}","chart_r":"[125, 250, 375, 500, 625, 750, 875, 1000, 1125, 1250, 1375, 1500, 1625, 1750, 1875, 2000, 2250, 2500, 2750, 3000, 3250, 3500, 3750, 4000, 4250, 4500, 4750, 5000, 5250, 5500, 5750, 6000, 6250, 6500, 6750, 7000, 7250, 7500, 7750, 8000, 8250, 8500, 8750, 9000, 9250, 9500, 9750, 10000]","chart_mx":"[114.0, 190.0, 246.0, 293.0, 321.0, 342.0, 367.0, 390.0, 408.0, 426.0, 439.0, 445.0, 452.0, 460.0, 465.0, 469.0, 478.0, 507.0, 511.0, 519.0, 524.0, 527.0, 531.0, 535.0, 538.0, 542.0, 544.0, 546.0, 547.0, 550.0, 552.0, 554.0, 557.0, 557.0, 558.0, 560.0, 560.0, 561.0, 561.0, 561.0, 562.0, 565.0, 582.0, 585.0, 585.0, 585.0, 585.0, 585.0]","chart_mn":"[52.35, 87.45, 117.93, 144.34, 165.38, 184.58, 202.34, 216.21, 226.68, 235.37, 244.04, 251.44, 257.23, 261.57, 266.64, 272.22, 284.57, 297.01, 308.52, 317.07, 326.58, 337.0, 348.03, 357.78, 364.8, 369.49, 373.28, 376.66, 380.01, 383.6, 387.19, 389.82, 391.64, 393.37, 395.22, 397.46, 400.08, 402.92, 406.21, 409.7, 413.0, 416.1, 419.04, 421.8, 424.15, 426.13, 427.78, 429.3]","chart_rk":"[23, 40, 41, 38, 37, 36, 37, 36, 39, 40, 42, 41, 43, 44, 47, 48, 45, 45, 44, 43, 46, 45, 43, 42, 43, 43, 44, 44, 46, 48, 48, 48, 48, 49, 49, 50, 52, 52, 52, 51, 50, 50, 50, 49, 49, 50, 50, 50]","chart_ats":"[13.26, 20.21, 25.88, 30.11, 33.51, 36.82, 39.12, 39.94, 39.96, 39.3, 39.1, 39.05, 38.37, 37.31, 36.91, 36.8, 36.79, 35.38, 35.64, 35.04, 34.95, 35.29, 35.8, 36.07, 35.85, 35.15, 34.5, 33.81, 33.19, 32.54, 31.99, 31.33, 30.53, 29.93, 29.33, 28.75, 28.36, 27.97, 27.71, 27.5, 27.23, 26.86, 25.85, 25.48, 25.22, 24.92, 24.61, 24.3]","chart_ats_rk":"[26, 39, 40, 38, 36, 33, 34, 35, 38, 37, 40, 41, 41, 43, 44, 45, 46, 47, 46, 47, 48, 45, 44, 44, 44, 46, 48, 49, 50, 50, 49, 49, 50, 52, 53, 53, 53, 53, 53, 52, 51, 52, 54, 54, 54, 52, 52, 52]","chart_r_jut":"[125, 250, 375, 500, 625, 750, 875, 1000, 1125, 1250, 1375, 1500, 1625, 1750, 1875, 2000, 2250, 2500, 2750, 3000, 3250, 3500, 3750, 4000, 4250, 4500, 4750, 5000, 5250, 5500, 5750, 6000, 6250, 6500, 6750, 7000, 7250, 7500, 7750, 8000, 8250, 8500, 8750, 9000, 9250, 9500, 9750, 10000]","chart_mean_jut":"[28.89, 43.91, 53.98, 61.11, 65.05, 68.22, 70.95, 72.04, 71.92, 71.12, 70.34, 69.1, 67.42, 65.62, 64.37, 63.4, 61.8, 60.39, 59.03, 57.36, 56.08, 55.19, 54.61, 53.93, 52.88, 51.57, 50.28, 49.01, 47.78, 46.65, 45.6, 44.52, 43.42, 42.38, 41.4, 40.51, 39.69, 38.94, 38.27, 37.65, 37.05, 36.47, 35.9, 35.34, 34.78, 34.22, 33.66, 33.11]","chart_max_jut":"[78.64, 118.14, 136.5, 145.85, 147.36, 147.95, 147.95, 147.95, 147.95, 147.95, 147.95, 147.95, 147.95, 147.95, 147.95, 147.95, 147.95, 147.95, 147.95, 147.95, 147.95, 147.95, 147.95, 147.95, 147.95, 147.95, 147.95, 147.95, 147.95, 147.95, 147.95, 147.95, 147.95, 147.95, 147.95, 147.95, 147.95, 147.95, 147.95, 147.95, 147.95, 147.95, 147.95, 147.95, 147.95, 147.95, 147.95, 147.95]","chart_jut_rk":"[26, 39, 40, 40, 39, 36, 37, 39, 41, 41, 44, 45, 44, 45, 46, 48, 46, 45, 46, 47, 48, 48, 47, 47, 46, 46, 50, 50, 50, 51, 51, 50, 50, 50, 50, 51, 52, 52, 51, 51, 51, 51, 51, 51, 51, 51, 51, 51]"}},{"type":"Feature","geometry":{"type":"Point","coordinates":[120.014024,36.995139]},"properties":{"name":"646无名峰","elev":646,"rp":0.4472,"mean_relief_crp":0.5833,"mean_jut_crp":0.3889,"mean_ats_crp":0.5139,"max_jut_crp":0.1806,"max_ats_crp":0.5694,"max_jut":227.6447,"max_mean_jut":89.1942,"max_mean_jut_r":1375,"max_mean_jut_rp":0.4,"max_fsi":0.0979,"max_fsi_r":250,"max_ats":52.7562,"max_ats_r":2500,"max_ats_rp":0.5538,"r_prominence":1375,"r_base":2500,"band_rp":"{\"极短距离\": 0.1389, \"短距离\": 0.375, \"中短距离\": 0.3472, \"中距离\": 0.3333, \"中长距离\": 0.5278, \"长距离\": 0.6944, \"超长距离\": 0.6667}","band_jut_rp":"{\"极短距离\": 0.1111, \"短距离\": 0.25, \"中短距离\": 0.25, \"中距离\": 0.3056, \"中长距离\": 0.5139, \"长距离\": 0.625, \"超长距离\": 0.6667}","band_ats_rp":"{\"极短距离\": 0.1111, \"短距离\": 0.4444, \"中短距离\": 0.3611, \"中距离\": 0.3611, \"中长距离\": 0.5, \"长距离\": 0.6389, \"超长距离\": 0.6806}","chart_r":"[125, 250, 375, 500, 625, 750, 875, 1000, 1125, 1250, 1375, 1500, 1625, 1750, 1875, 2000, 2250, 2500, 2750, 3000, 3250, 3500, 3750, 4000, 4250, 4500, 4750, 5000, 5250, 5500, 5750, 6000, 6250, 6500, 6750, 7000, 7250, 7500, 7750, 8000, 8250, 8500, 8750, 9000, 9250, 9500, 9750, 10000]","chart_mx":"[146.0, 217.0, 281.0, 335.0, 411.0, 418.0, 461.0, 488.0, 501.0, 513.0, 518.0, 521.0, 522.0, 525.0, 528.0, 531.0, 539.0, 539.0, 543.0, 545.0, 547.0, 550.0, 551.0, 553.0, 555.0, 558.0, 558.0, 559.0, 561.0, 561.0, 562.0, 562.0, 562.0, 563.0, 563.0, 583.0, 586.0, 586.0, 586.0, 586.0, 586.0, 586.0, 586.0, 586.0, 586.0, 586.0, 589.0, 589.0]","chart_mn":"[59.92, 108.93, 140.85, 161.86, 178.72, 193.7, 209.8, 225.56, 241.13, 256.25, 269.78, 281.53, 291.73, 300.2, 308.12, 316.18, 332.23, 346.52, 357.33, 364.96, 369.9, 372.65, 375.51, 377.26, 378.5, 379.81, 380.73, 381.81, 382.3, 382.35, 383.27, 384.82, 386.84, 389.51, 392.96, 396.82, 400.77, 404.7, 408.33, 411.75, 414.59, 417.1, 419.5, 421.75, 423.93, 426.38, 428.87, 431.34]","chart_rk":"[11, 7, 11, 17, 25, 30, 31, 29, 25, 24, 24, 24, 26, 25, 25, 26, 24, 23, 23, 26, 31, 34, 36, 37, 39, 40, 40, 41, 45, 49, 51, 51, 51, 51, 50, 51, 51, 50, 49, 49, 49, 49, 49, 50, 50, 49, 49, 49]","chart_ats":"[15.72, 31.69, 37.29, 37.98, 35.46, 38.77, 38.76, 39.88, 42.14, 44.31, 46.45, 48.09, 49.44, 50.06, 50.51, 51.04, 51.8, 52.76, 52.31, 51.14, 49.33, 47.06, 45.21, 43.21, 41.31, 39.53, 38.02, 36.62, 35.18, 33.91, 32.81, 31.95, 31.23, 30.6, 30.19, 28.86, 28.46, 28.22, 27.95, 27.68, 27.36, 27.01, 26.68, 26.35, 26.04, 25.77, 25.39, 25.15]","chart_ats_rk":"[13, 7, 9, 17, 32, 28, 37, 36, 34, 32, 29, 28, 27, 26, 27, 26, 24, 24, 24, 26, 28, 31, 33, 33, 37, 39, 42, 44, 44, 46, 47, 47, 48, 50, 51, 52, 52, 52, 52, 51, 50, 50, 50, 52, 51, 51, 51, 51]","chart_r_jut":"[125, 250, 375, 500, 625, 750, 875, 1000, 1125, 1250, 1375, 1500, 1625, 1750, 1875, 2000, 2250, 2500, 2750, 3000, 3250, 3500, 3750, 4000, 4250, 4500, 4750, 5000, 5250, 5500, 5750, 6000, 6250, 6500, 6750, 7000, 7250, 7500, 7750, 8000, 8250, 8500, 8750, 9000, 9250, 9500, 9750, 10000]","chart_mean_jut":"[38.3, 63.14, 74.39, 78.61, 81.54, 83.67, 85.18, 86.28, 87.55, 88.7, 89.19, 89.0, 88.47, 87.54, 86.56, 85.72, 84.04, 82.06, 79.49, 76.37, 72.95, 69.45, 66.34, 63.34, 60.57, 58.07, 55.72, 53.61, 51.62, 49.75, 48.12, 46.67, 45.37, 44.23, 43.26, 42.4, 41.61, 40.86, 40.12, 39.4, 38.67, 37.95, 37.27, 36.61, 35.99, 35.41, 34.87, 34.35]","chart_max_jut":"[94.16, 139.87, 171.69, 184.52, 227.64, 227.64, 227.64, 227.64, 227.64, 227.64, 227.64, 227.64, 227.64, 227.64, 227.64, 227.64, 227.64, 227.64, 227.64, 227.64, 227.64, 227.64, 227.64, 227.64, 227.64, 227.64, 227.64, 227.64, 227.64, 227.64, 227.64, 227.64, 227.64, 227.64, 227.64, 227.64, 227.64, 227.64, 227.64, 227.64, 227.64, 227.64, 227.64, 227.64, 227.64, 227.64, 227.64, 227.64]","chart_jut_rk":"[8, 8, 10, 14, 15, 15, 19, 19, 18, 18, 19, 20, 19, 19, 19, 19, 21, 21, 21, 22, 26, 29, 33, 35, 37, 39, 39, 41, 44, 45, 45, 46, 47, 47, 47, 47, 47, 47, 47, 47, 48, 49, 49, 49, 49, 49, 49, 49]"}},{"type":"Feature","geometry":{"type":"Point","coordinates":[120.07209777832033,37.073966]},"properties":{"name":"654无名峰","elev":654,"rp":0.5306,"mean_relief_crp":0.5556,"mean_jut_crp":0.5278,"mean_ats_crp":0.4167,"max_jut_crp":0.75,"max_ats_crp":0.4028,"max_jut":149.4171,"max_mean_jut":80.9714,"max_mean_jut_r":1750,"max_mean_jut_rp":0.5385,"max_fsi":0.1137,"max_fsi_r":375,"max_ats":55.6074,"max_ats_r":2500,"max_ats_rp":0.3692,"r_prominence":1750,"r_base":2500,"band_rp":"{\"极短距离\": 0.5694, \"短距离\": 0.4444, \"中短距离\": 0.2917, \"中距离\": 0.3194, \"中长距离\": 0.5139, \"长距离\": 0.5694, \"超长距离\": 0.625}","band_jut_rp":"{\"极短距离\": 0.5972, \"短距离\": 0.4722, \"中短距离\": 0.3611, \"中距离\": 0.3611, \"中长距离\": 0.5278, \"长距离\": 0.5833, \"超长距离\": 0.6389}","band_ats_rp":"{\"极短距离\": 0.5139, \"短距离\": 0.4167, \"中短距离\": 0.3056, \"中距离\": 0.2639, \"中长距离\": 0.375, \"长距离\": 0.5, \"超长距离\": 0.6111}","chart_r":"[125, 250, 375, 500, 625, 750, 875, 1000, 1125, 1250, 1375, 1500, 1625, 1750, 1875, 2000, 2250, 2500, 2750, 3000, 3250, 3500, 3750, 4000, 4250, 4500, 4750, 5000, 5250, 5500, 5750, 6000, 6250, 6500, 6750, 7000, 7250, 7500, 7750, 8000, 8250, 8500, 8750, 9000, 9250, 9500, 9750, 10000]","chart_mx":"[115.0, 181.0, 221.0, 263.0, 319.0, 347.0, 360.0, 378.0, 404.0, 416.0, 432.0, 443.0, 455.0, 462.0, 470.0, 476.0, 483.0, 489.0, 494.0, 499.0, 504.0, 504.0, 508.0, 511.0, 513.0, 513.0, 515.0, 519.0, 521.0, 530.0, 530.0, 530.0, 530.0, 530.0, 530.0, 530.0, 530.0, 534.0, 546.0, 547.0, 562.0, 573.0, 573.0, 573.0, 573.0, 573.0, 573.0, 587.0]","chart_mn":"[49.39, 88.41, 114.51, 137.24, 162.52, 185.69, 205.15, 222.11, 238.29, 253.34, 267.56, 280.64, 293.08, 304.75, 314.58, 323.31, 338.89, 351.45, 360.73, 367.73, 373.22, 378.03, 381.62, 384.64, 387.58, 390.88, 394.67, 397.99, 400.88, 403.4, 405.98, 408.37, 410.44, 412.04, 413.54, 415.09, 416.83, 418.86, 420.97, 423.25, 425.88, 428.68, 431.36, 433.87, 436.04, 437.81, 439.29, 440.75]","chart_rk":"[37, 37, 44, 44, 39, 35, 34, 33, 29, 27, 25, 25, 25, 22, 21, 22, 22, 22, 22, 24, 28, 31, 33, 36, 37, 38, 38, 38, 40, 39, 41, 42, 43, 44, 44, 44, 44, 44, 44, 46, 46, 46, 46, 47, 47, 47, 48, 48]","chart_ats":"[11.61, 21.54, 26.77, 29.37, 31.93, 36.43, 40.79, 43.47, 44.87, 47.27, 48.85, 50.53, 51.84, 53.41, 54.11, 54.61, 55.56, 55.61, 54.77, 53.39, 51.72, 50.49, 48.7, 47.0, 45.51, 44.4, 43.33, 42.11, 41.07, 39.48, 38.64, 37.82, 36.99, 36.12, 35.27, 34.48, 33.78, 32.91, 31.65, 31.11, 29.89, 28.98, 28.66, 28.34, 27.99, 27.62, 27.22, 26.21]","chart_ats_rk":"[33, 31, 38, 42, 39, 34, 28, 26, 27, 25, 23, 23, 24, 22, 20, 18, 19, 18, 19, 19, 23, 20, 26, 28, 28, 29, 31, 33, 33, 34, 36, 37, 37, 38, 41, 42, 42, 44, 45, 45, 45, 45, 45, 45, 45, 45, 47, 48]","chart_r_jut":"[125, 250, 375, 500, 625, 750, 875, 1000, 1125, 1250, 1375, 1500, 1625, 1750, 1875, 2000, 2250, 2500, 2750, 3000, 3250, 3500, 3750, 4000, 4250, 4500, 4750, 5000, 5250, 5500, 5750, 6000, 6250, 6500, 6750, 7000, 7250, 7500, 7750, 8000, 8250, 8500, 8750, 9000, 9250, 9500, 9750, 10000]","chart_mean_jut":"[27.03, 44.09, 51.66, 56.28, 62.67, 68.08, 71.57, 73.98, 76.08, 77.62, 78.87, 79.76, 80.47, 80.97, 80.84, 80.4, 79.19, 77.37, 75.0, 72.45, 69.85, 67.32, 64.82, 62.45, 60.24, 58.27, 56.54, 54.92, 53.38, 51.87, 50.45, 49.09, 47.77, 46.46, 45.2, 44.03, 42.95, 41.96, 41.05, 40.2, 39.44, 38.74, 38.07, 37.43, 36.79, 36.14, 35.51, 34.9]","chart_max_jut":"[69.48, 107.73, 118.34, 125.4, 139.83, 149.42, 149.42, 149.42, 149.42, 149.42, 149.42, 149.42, 149.42, 149.42, 149.42, 149.42, 149.42, 149.42, 149.42, 149.42, 149.42, 149.42, 149.42, 149.42, 149.42, 149.42, 149.42, 149.42, 149.42, 149.42, 149.42, 149.42, 149.42, 149.42, 149.42, 149.42, 149.42, 149.42, 149.42, 149.42, 149.42, 149.42, 149.42, 149.42, 149.42, 149.42, 149.42, 149.42]","chart_jut_rk":"[37, 38, 45, 46, 42, 39, 36, 34, 35, 34, 33, 28, 27, 27, 27, 23, 24, 23, 26, 27, 31, 33, 36, 37, 38, 38, 38, 39, 41, 43, 43, 43, 43, 44, 44, 45, 46, 46, 46, 46, 46, 47, 47, 47, 48, 48, 48, 48]"}},{"type":"Feature","geometry":{"type":"Point","coordinates":[120.004187,36.937602]},"properties":{"name":"655无名峰","elev":655,"rp":0.75,"mean_relief_crp":0.6528,"mean_jut_crp":0.75,"mean_ats_crp":0.7361,"max_jut_crp":0.6806,"max_ats_crp":0.9306,"max_jut":159.4762,"max_mean_jut":63.1201,"max_mean_jut_r":500,"max_mean_jut_rp":0.8769,"max_fsi":0.0629,"max_fsi_r":375,"max_ats":34.6385,"max_ats_r":5000,"max_ats_rp":0.9231,"r_prominence":500,"r_base":5000,"band_rp":"{\"极短距离\": 0.4306, \"短距离\": 0.7222, \"中短距离\": 0.7222, \"中距离\": 0.6806, \"中长距离\": 0.5972, \"长距离\": 0.5972, \"超长距离\": 0.5556}","band_jut_rp":"{\"极短距离\": 0.3472, \"短距离\": 0.6944, \"中短距离\": 0.7361, \"中距离\": 0.7083, \"中长距离\": 0.6389, \"长距离\": 0.6389, \"超长距离\": 0.5972}","band_ats_rp":"{\"极短距离\": 0.4444, \"短距离\": 0.7222, \"中短距离\": 0.75, \"中距离\": 0.7222, \"中长距离\": 0.6528, \"长距离\": 0.5833, \"超长距离\": 0.5694}","chart_r":"[125, 250, 375, 500, 625, 750, 875, 1000, 1125, 1250, 1375, 1500, 1625, 1750, 1875, 2000, 2250, 2500, 2750, 3000, 3250, 3500, 3750, 4000, 4250, 4500, 4750, 5000, 5250, 5500, 5750, 6000, 6250, 6500, 6750, 7000, 7250, 7500, 7750, 8000, 8250, 8500, 8750, 9000, 9250, 9500, 9750, 10000]","chart_mx":"[132.0, 212.0, 259.0, 304.0, 330.0, 360.0, 383.0, 405.0, 424.0, 440.0, 451.0, 464.0, 472.0, 478.0, 485.0, 491.0, 503.0, 511.0, 521.0, 522.0, 526.0, 530.0, 533.0, 535.0, 538.0, 543.0, 550.0, 551.0, 554.0, 555.0, 558.0, 560.0, 561.0, 562.0, 565.0, 568.0, 569.0, 572.0, 574.0, 576.0, 581.0, 583.0, 584.0, 585.0, 588.0, 589.0, 591.0, 592.0]","chart_mn":"[52.09, 91.15, 128.38, 143.68, 153.08, 165.0, 175.69, 186.26, 195.79, 203.73, 211.61, 219.4, 228.39, 237.43, 245.81, 252.71, 264.27, 276.63, 291.73, 306.46, 318.56, 328.65, 338.02, 347.86, 357.97, 367.93, 376.82, 384.04, 390.0, 395.19, 400.0, 404.79, 409.54, 414.07, 418.62, 423.21, 427.97, 432.66, 436.87, 440.77, 444.55, 448.21, 451.9, 455.55, 459.21, 462.45, 465.39, 468.16]","chart_rk":"[25, 33, 24, 39, 48, 50, 53, 53, 53, 53, 53, 53, 53, 54, 53, 54, 54, 53, 51, 49, 48, 47, 48, 47, 45, 44, 41, 40, 41, 43, 44, 43, 44, 43, 43, 43, 43, 43, 43, 42, 42, 42, 41, 39, 40, 39, 38, 37]","chart_ats":"[11.96, 20.15, 30.77, 29.83, 28.3, 27.92, 27.92, 27.96, 27.81, 27.44, 27.49, 27.5, 28.12, 28.82, 29.29, 29.42, 29.2, 29.51, 30.44, 31.9, 32.63, 32.93, 33.16, 33.62, 34.11, 34.47, 34.52, 34.64, 34.42, 34.21, 33.84, 33.56, 33.37, 33.16, 32.86, 32.59, 32.47, 32.24, 32.01, 31.74, 31.31, 31.04, 30.85, 30.66, 30.38, 30.17, 29.86, 29.61]","chart_ats_rk":"[30, 40, 24, 40, 47, 52, 52, 54, 55, 55, 56, 55, 55, 56, 56, 55, 53, 54, 53, 51, 50, 50, 51, 50, 47, 47, 47, 47, 46, 44, 44, 43, 44, 43, 43, 44, 45, 46, 44, 44, 44, 43, 42, 42, 42, 42, 41, 39]","chart_r_jut":"[125, 250, 375, 500, 625, 750, 875, 1000, 1125, 1250, 1375, 1500, 1625, 1750, 1875, 2000, 2250, 2500, 2750, 3000, 3250, 3500, 3750, 4000, 4250, 4500, 4750, 5000, 5250, 5500, 5750, 6000, 6250, 6500, 6750, 7000, 7250, 7500, 7750, 8000, 8250, 8500, 8750, 9000, 9250, 9500, 9750, 10000]","chart_mean_jut":"[30.3, 46.86, 62.08, 63.12, 61.0, 60.92, 60.86, 60.8, 60.23, 59.26, 58.6, 58.15, 58.11, 58.03, 57.79, 57.17, 55.59, 54.52, 54.36, 54.33, 53.87, 53.1, 52.29, 51.71, 51.27, 50.87, 50.39, 49.7, 48.9, 48.05, 47.21, 46.43, 45.71, 45.01, 44.35, 43.74, 43.17, 42.63, 42.06, 41.48, 40.92, 40.38, 39.87, 39.37, 38.9, 38.42, 37.93, 37.44]","chart_max_jut":"[86.28, 138.18, 151.11, 157.62, 159.48, 159.48, 159.48, 159.48, 159.48, 159.48, 159.48, 159.48, 159.48, 159.48, 159.48, 159.48, 159.48, 159.48, 159.48, 159.48, 159.48, 159.48, 159.48, 159.48, 159.48, 159.48, 159.48, 159.48, 159.48, 159.48, 159.48, 159.48, 159.48, 159.48, 159.48, 159.48, 159.48, 159.48, 159.48, 159.48, 159.48, 159.48, 159.48, 159.48, 159.48, 159.48, 159.48, 159.48]","chart_jut_rk":"[23, 31, 24, 37, 46, 50, 51, 52, 53, 53, 52, 52, 53, 54, 54, 53, 55, 54, 52, 51, 50, 50, 50, 49, 48, 47, 49, 48, 46, 46, 47, 47, 46, 46, 46, 46, 45, 44, 44, 44, 44, 44, 44, 42, 42, 42, 43, 43]"}},{"type":"Feature","geometry":{"type":"Point","coordinates":[120.577672,36.28812026977539]},"properties":{"name":"660无名峰","elev":660,"rp":0.2639,"mean_relief_crp":0.3056,"mean_jut_crp":0.1944,"mean_ats_crp":0.25,"max_jut_crp":0.0556,"max_ats_crp":0.5139,"max_jut":247.5061,"max_mean_jut":102.5739,"max_mean_jut_r":1250,"max_mean_jut_rp":0.1692,"max_fsi":0.0911,"max_fsi_r":250,"max_ats":53.6825,"max_ats_r":1625,"max_ats_rp":0.4923,"r_prominence":1250,"r_base":1625,"band_rp":"{\"极短距离\": 0.125, \"短距离\": 0.0833, \"中短距离\": 0.1806, \"中距离\": 0.2639, \"中长距离\": 0.3333, \"长距离\": 0.2778, \"超长距离\": 0.3472}","band_jut_rp":"{\"极短距离\": 0.125, \"短距离\": 0.0833, \"中短距离\": 0.1111, \"中距离\": 0.2361, \"中长距离\": 0.2639, \"长距离\": 0.2639, \"超长距离\": 0.3194}","band_ats_rp":"{\"极短距离\": 0.2222, \"短距离\": 0.1944, \"中短距离\": 0.2917, \"中距离\": 0.375, \"中长距离\": 0.3194, \"长距离\": 0.3056, \"超长距离\": 0.4028}","chart_r":"[125, 250, 375, 500, 625, 750, 875, 1000, 1125, 1250, 1375, 1500, 1625, 1750, 1875, 2000, 2250, 2500, 2750, 3000, 3250, 3500, 3750, 4000, 4250, 4500, 4750, 5000, 5250, 5500, 5750, 6000, 6250, 6500, 6750, 7000, 7250, 7500, 7750, 8000, 8250, 8500, 8750, 9000, 9250, 9500, 9750, 10000]","chart_mx":"[151.0, 229.0, 310.0, 375.0, 424.0, 460.0, 495.0, 522.0, 540.0, 558.0, 571.0, 579.0, 589.0, 599.0, 610.0, 612.0, 624.0, 629.0, 636.0, 640.0, 643.0, 645.0, 650.0, 652.0, 653.0, 655.0, 656.0, 657.0, 659.0, 660.0, 661.0, 662.0, 663.0, 664.0, 665.0, 665.0, 665.0, 665.0, 665.0, 665.0, 666.0, 666.0, 666.0, 666.0, 666.0, 666.0, 666.0, 666.0]","chart_mn":"[61.65, 107.89, 136.64, 167.49, 196.64, 218.59, 238.14, 255.67, 269.48, 282.84, 295.04, 305.28, 314.32, 322.03, 329.04, 335.38, 346.52, 357.19, 368.2, 379.57, 389.87, 399.8, 408.67, 416.12, 422.67, 429.03, 435.67, 442.66, 449.78, 457.32, 464.9, 471.87, 477.96, 482.63, 486.05, 489.01, 491.86, 494.7, 497.1, 498.91, 500.59, 502.0, 503.09, 503.75, 504.08, 504.34, 504.6, 504.69]","chart_rk":"[8, 9, 14, 13, 10, 9, 9, 8, 8, 10, 11, 11, 13, 14, 15, 15, 18, 20, 20, 20, 21, 21, 21, 23, 23, 25, 24, 24, 23, 23, 20, 20, 20, 21, 24, 24, 25, 25, 23, 24, 24, 25, 25, 26, 27, 27, 29, 30]","chart_ats":"[15.53, 29.13, 31.56, 36.94, 42.81, 46.02, 48.06, 49.95, 51.05, 51.99, 52.99, 53.67, 53.68, 53.24, 52.52, 52.43, 51.24, 50.71, 50.15, 49.98, 49.77, 49.71, 49.27, 48.78, 48.21, 47.62, 47.22, 46.95, 46.68, 46.62, 46.58, 46.45, 46.19, 45.68, 44.97, 44.31, 43.66, 43.07, 42.44, 41.75, 41.02, 40.35, 39.67, 38.97, 38.25, 37.56, 36.88, 36.22]","chart_ats_rk":"[15, 10, 19, 20, 16, 17, 17, 17, 17, 18, 20, 20, 21, 24, 23, 24, 25, 26, 28, 28, 26, 24, 22, 24, 24, 24, 24, 24, 25, 24, 22, 23, 20, 21, 21, 21, 21, 22, 24, 27, 28, 29, 30, 30, 30, 30, 30, 31]","chart_r_jut":"[125, 250, 375, 500, 625, 750, 875, 1000, 1125, 1250, 1375, 1500, 1625, 1750, 1875, 2000, 2250, 2500, 2750, 3000, 3250, 3500, 3750, 4000, 4250, 4500, 4750, 5000, 5250, 5500, 5750, 6000, 6250, 6500, 6750, 7000, 7250, 7500, 7750, 8000, 8250, 8500, 8750, 9000, 9250, 9500, 9750, 10000]","chart_mean_jut":"[38.04, 61.83, 71.61, 82.71, 92.3, 96.85, 99.9, 101.99, 102.31, 102.57, 102.55, 101.79, 100.59, 99.02, 97.37, 95.67, 92.27, 89.31, 86.62, 84.27, 82.09, 80.2, 78.36, 76.44, 74.49, 72.7, 71.1, 69.68, 68.39, 67.28, 66.23, 65.17, 64.07, 62.84, 61.53, 60.25, 59.03, 57.89, 56.77, 55.66, 54.58, 53.53, 52.52, 51.52, 50.54, 49.6, 48.68, 47.79]","chart_max_jut":"[118.29, 146.95, 193.86, 226.52, 234.03, 241.08, 247.51, 247.51, 247.51, 247.51, 247.51, 247.51, 247.51, 247.51, 247.51, 247.51, 247.51, 247.51, 247.51, 247.51, 247.51, 247.51, 247.51, 247.51, 247.51, 247.51, 247.51, 247.51, 247.51, 247.51, 247.51, 247.51, 247.51, 247.51, 247.51, 247.51, 247.51, 247.51, 247.51, 247.51, 247.51, 247.51, 247.51, 247.51, 247.51, 247.51, 247.51, 247.51]","chart_jut_rk":"[11, 9, 13, 12, 8, 7, 7, 7, 7, 8, 8, 9, 9, 11, 12, 14, 16, 17, 19, 19, 20, 19, 19, 19, 20, 22, 22, 21, 21, 21, 21, 20, 20, 21, 23, 24, 25, 24, 24, 24, 24, 24, 24, 24, 24, 24, 25, 25]"}},{"type":"Feature","geometry":{"type":"Point","coordinates":[120.568509,36.2681770324707]},"properties":{"name":"666无名峰","elev":666,"rp":0.5583,"mean_relief_crp":0.4861,"mean_jut_crp":0.4306,"mean_ats_crp":0.5556,"max_jut_crp":0.5694,"max_ats_crp":0.75,"max_jut":170.6402,"max_mean_jut":80.2851,"max_mean_jut_r":1875,"max_mean_jut_rp":0.5538,"max_fsi":0.0762,"max_fsi_r":750,"max_ats":43.8224,"max_ats_r":2000,"max_ats_rp":0.7385,"r_prominence":1875,"r_base":2000,"band_rp":"{\"极短距离\": 0.75, \"短距离\": 0.4861, \"中短距离\": 0.375, \"中距离\": 0.4306, \"中长距离\": 0.4722, \"长距离\": 0.5139, \"超长距离\": 0.5}","band_jut_rp":"{\"极短距离\": 0.7778, \"短距离\": 0.5694, \"中短距离\": 0.375, \"中距离\": 0.375, \"中长距离\": 0.4444, \"长距离\": 0.4722, \"超长距离\": 0.4444}","band_ats_rp":"{\"极短距离\": 0.75, \"短距离\": 0.5278, \"中短距离\": 0.4722, \"中距离\": 0.5139, \"中长距离\": 0.5417, \"长距离\": 0.5278, \"超长距离\": 0.5417}","chart_r":"[125, 250, 375, 500, 625, 750, 875, 1000, 1125, 1250, 1375, 1500, 1625, 1750, 1875, 2000, 2250, 2500, 2750, 3000, 3250, 3500, 3750, 4000, 4250, 4500, 4750, 5000, 5250, 5500, 5750, 6000, 6250, 6500, 6750, 7000, 7250, 7500, 7750, 8000, 8250, 8500, 8750, 9000, 9250, 9500, 9750, 10000]","chart_mx":"[85.0, 157.0, 216.0, 262.0, 303.0, 330.0, 367.0, 402.0, 428.0, 470.0, 494.0, 512.0, 532.0, 556.0, 567.0, 575.0, 588.0, 600.0, 609.0, 615.0, 624.0, 630.0, 635.0, 640.0, 643.0, 646.0, 649.0, 652.0, 654.0, 657.0, 660.0, 662.0, 665.0, 666.0, 668.0, 669.0, 669.0, 669.0, 670.0, 671.0, 671.0, 672.0, 672.0, 672.0, 672.0, 672.0, 672.0, 672.0]","chart_mn":"[36.97, 73.96, 105.07, 133.24, 156.69, 177.17, 196.74, 215.76, 234.58, 252.74, 266.48, 277.17, 287.22, 297.34, 307.19, 315.54, 328.79, 339.1, 347.53, 354.29, 363.08, 372.16, 379.97, 387.03, 393.88, 400.45, 406.55, 412.97, 419.9, 426.42, 431.61, 436.09, 439.81, 443.64, 447.47, 450.74, 453.73, 456.57, 459.04, 460.99, 462.14, 463.01, 463.58, 463.8, 463.93, 464.32, 464.91, 465.56]","chart_rk":"[62, 58, 55, 49, 45, 42, 39, 37, 33, 28, 28, 28, 28, 28, 27, 27, 27, 27, 31, 32, 34, 35, 34, 35, 35, 37, 36, 35, 35, 34, 35, 38, 38, 38, 38, 37, 37, 36, 37, 36, 37, 37, 37, 37, 37, 38, 39, 39]","chart_ats":"[6.87, 15.01, 20.84, 26.3, 29.97, 33.58, 35.74, 37.86, 40.78, 41.95, 43.02, 43.38, 43.29, 42.93, 43.5, 43.82, 43.77, 43.08, 42.24, 41.4, 40.95, 40.77, 40.38, 39.87, 39.45, 39.02, 38.54, 38.18, 38.05, 37.84, 37.45, 37.04, 36.49, 36.11, 35.71, 35.31, 34.95, 34.58, 34.13, 33.64, 33.13, 32.55, 32.01, 31.45, 30.89, 30.38, 29.9, 29.46]","chart_ats_rk":"[61, 56, 53, 48, 44, 41, 40, 41, 36, 36, 34, 34, 36, 38, 35, 34, 35, 36, 38, 37, 38, 38, 39, 39, 39, 40, 41, 38, 37, 37, 38, 38, 39, 39, 40, 40, 39, 39, 39, 39, 39, 40, 40, 40, 40, 40, 40, 40]","chart_r_jut":"[125, 250, 375, 500, 625, 750, 875, 1000, 1125, 1250, 1375, 1500, 1625, 1750, 1875, 2000, 2250, 2500, 2750, 3000, 3250, 3500, 3750, 4000, 4250, 4500, 4750, 5000, 5250, 5500, 5750, 6000, 6250, 6500, 6750, 7000, 7250, 7500, 7750, 8000, 8250, 8500, 8750, 9000, 9250, 9500, 9750, 10000]","chart_mean_jut":"[15.8, 31.86, 42.84, 51.71, 57.96, 62.54, 66.67, 70.54, 74.41, 78.01, 79.75, 80.13, 80.18, 80.27, 80.29, 79.86, 78.27, 76.22, 74.01, 71.87, 70.39, 69.01, 67.49, 65.92, 64.41, 62.94, 61.52, 60.28, 59.27, 58.31, 57.27, 56.23, 55.18, 54.2, 53.31, 52.41, 51.53, 50.66, 49.81, 48.96, 48.1, 47.24, 46.4, 45.56, 44.74, 43.96, 43.22, 42.52]","chart_max_jut":"[40.12, 78.02, 102.69, 118.84, 129.8, 131.11, 141.43, 147.28, 153.77, 164.91, 170.64, 170.64, 170.64, 170.64, 170.64, 170.64, 170.64, 170.64, 170.64, 170.64, 170.64, 170.64, 170.64, 170.64, 170.64, 170.64, 170.64, 170.64, 170.64, 170.64, 170.64, 170.64, 170.64, 170.64, 170.64, 170.64, 170.64, 170.64, 170.64, 170.64, 170.64, 170.64, 170.64, 170.64, 170.64, 170.64, 170.64, 170.64]","chart_jut_rk":"[62, 58, 55, 51, 49, 45, 45, 41, 38, 30, 29, 27, 28, 28, 28, 25, 25, 26, 28, 29, 28, 31, 32, 33, 33, 33, 34, 34, 34, 32, 34, 35, 35, 35, 35, 35, 34, 34, 34, 33, 33, 33, 33, 33, 33, 34, 34, 34]"}},{"type":"Feature","geometry":{"type":"Point","coordinates":[120.572551,36.29862976074219]},"properties":{"name":"667无名峰","elev":667,"rp":0.2972,"mean_relief_crp":0.25,"mean_jut_crp":0.2361,"mean_ats_crp":0.1944,"max_jut_crp":0.4444,"max_ats_crp":0.3611,"max_jut":180.4471,"max_mean_jut":91.6895,"max_mean_jut_r":2750,"max_mean_jut_rp":0.3385,"max_fsi":0.0922,"max_fsi_r":625,"max_ats":59.3757,"max_ats_r":3250,"max_ats_rp":0.3231,"r_prominence":2750,"r_base":3250,"band_rp":"{\"极短距离\": 0.5417, \"短距离\": 0.3889, \"中短距离\": 0.2778, \"中距离\": 0.1806, \"中长距离\": 0.1806, \"长距离\": 0.2083, \"超长距离\": 0.2778}","band_jut_rp":"{\"极短距离\": 0.5694, \"短距离\": 0.3889, \"中短距离\": 0.2917, \"中距离\": 0.2083, \"中长距离\": 0.1806, \"长距离\": 0.2222, \"超长距离\": 0.2917}","band_ats_rp":"{\"极短距离\": 0.5556, \"短距离\": 0.4306, \"中短距离\": 0.3889, \"中距离\": 0.1667, \"中长距离\": 0.1528, \"长距离\": 0.2083, \"超长距离\": 0.2639}","chart_r":"[125, 250, 375, 500, 625, 750, 875, 1000, 1125, 1250, 1375, 1500, 1625, 1750, 1875, 2000, 2250, 2500, 2750, 3000, 3250, 3500, 3750, 4000, 4250, 4500, 4750, 5000, 5250, 5500, 5750, 6000, 6250, 6500, 6750, 7000, 7250, 7500, 7750, 8000, 8250, 8500, 8750, 9000, 9250, 9500, 9750, 10000]","chart_mx":"[103.0, 181.0, 252.0, 311.0, 345.0, 388.0, 414.0, 437.0, 455.0, 478.0, 504.0, 519.0, 537.0, 550.0, 570.0, 582.0, 604.0, 621.0, 629.0, 640.0, 644.0, 648.0, 651.0, 655.0, 658.0, 660.0, 662.0, 664.0, 666.0, 667.0, 667.0, 668.0, 671.0, 672.0, 672.0, 672.0, 672.0, 672.0, 672.0, 672.0, 672.0, 672.0, 672.0, 672.0, 673.0, 673.0, 673.0, 673.0]","chart_mn":"[45.36, 82.92, 118.62, 149.21, 175.72, 195.17, 209.79, 224.82, 240.41, 254.03, 266.85, 280.35, 293.84, 307.53, 320.56, 333.22, 356.89, 378.75, 398.84, 413.82, 424.45, 432.96, 441.69, 449.11, 456.25, 462.61, 468.16, 472.53, 476.6, 481.04, 485.11, 489.2, 493.79, 498.73, 503.62, 508.3, 512.51, 516.07, 519.06, 521.64, 524.0, 526.21, 528.25, 529.82, 531.09, 532.18, 533.01, 533.55]","chart_rk":"[44, 47, 39, 32, 28, 26, 32, 30, 26, 26, 27, 26, 23, 20, 18, 16, 15, 14, 13, 12, 12, 13, 13, 13, 13, 13, 14, 16, 17, 17, 17, 16, 15, 15, 16, 18, 19, 19, 21, 21, 21, 21, 21, 21, 21, 22, 22, 22]","chart_ats":"[10.19, 17.96, 25.29, 31.01, 37.01, 38.29, 38.98, 40.3, 42.35, 43.2, 43.54, 45.01, 46.18, 47.83, 48.67, 50.14, 52.75, 55.25, 58.14, 59.18, 59.38, 58.92, 58.6, 57.81, 57.09, 56.34, 55.44, 54.34, 53.26, 52.41, 51.62, 50.82, 50.03, 49.52, 49.11, 48.68, 48.19, 47.62, 46.98, 46.31, 45.64, 44.99, 44.34, 43.65, 42.89, 42.19, 41.5, 40.79]","chart_ats_rk":"[41, 47, 41, 35, 27, 30, 36, 33, 33, 34, 33, 33, 30, 29, 29, 28, 22, 20, 12, 12, 12, 12, 12, 12, 12, 12, 12, 13, 13, 14, 15, 16, 17, 18, 19, 19, 19, 19, 18, 17, 19, 20, 20, 21, 21, 22, 22, 22]","chart_r_jut":"[125, 250, 375, 500, 625, 750, 875, 1000, 1125, 1250, 1375, 1500, 1625, 1750, 1875, 2000, 2250, 2500, 2750, 3000, 3250, 3500, 3750, 4000, 4250, 4500, 4750, 5000, 5250, 5500, 5750, 6000, 6250, 6500, 6750, 7000, 7250, 7500, 7750, 8000, 8250, 8500, 8750, 9000, 9250, 9500, 9750, 10000]","chart_mean_jut":"[23.15, 39.2, 53.73, 64.63, 72.66, 76.12, 76.92, 78.34, 80.15, 81.29, 82.24, 83.33, 84.39, 85.55, 86.55, 87.57, 89.28, 90.58, 91.69, 91.53, 90.09, 88.18, 86.37, 84.31, 82.33, 80.37, 78.4, 76.36, 74.42, 72.66, 70.97, 69.39, 67.99, 66.73, 65.53, 64.36, 63.19, 62.0, 60.82, 59.66, 58.53, 57.45, 56.4, 55.36, 54.35, 53.36, 52.4, 51.46]","chart_max_jut":"[59.91, 99.93, 134.38, 160.17, 164.44, 174.18, 180.45, 180.45, 180.45, 180.45, 180.45, 180.45, 180.45, 180.45, 180.45, 180.45, 180.45, 180.45, 180.45, 180.45, 180.45, 180.45, 180.45, 180.45, 180.45, 180.45, 180.45, 180.45, 180.45, 180.45, 180.45, 180.45, 180.45, 180.45, 180.45, 180.45, 180.45, 180.45, 180.45, 180.45, 180.45, 180.45, 180.45, 180.45, 180.45, 180.45, 180.45, 180.45]","chart_jut_rk":"[45, 50, 41, 34, 30, 29, 30, 31, 28, 27, 25, 25, 24, 21, 20, 18, 17, 16, 13, 14, 14, 13, 14, 13, 15, 14, 15, 16, 17, 18, 17, 17, 17, 16, 17, 18, 19, 19, 21, 21, 22, 22, 22, 22, 22, 22, 22, 22]"}},{"type":"Feature","geometry":{"type":"Point","coordinates":[120.090156,35.966882]},"properties":{"name":"670无名峰(1)","elev":670,"rp":0.2028,"mean_relief_crp":0.0972,"mean_jut_crp":0.1528,"mean_ats_crp":0.0972,"max_jut_crp":0.4722,"max_ats_crp":0.1944,"max_jut":179.1047,"max_mean_jut":99.4501,"max_mean_jut_r":null,"max_mean_jut_rp":null,"max_fsi":0.1084,"max_fsi_r":3750,"max_ats":null,"max_ats_r":null,"max_ats_rp":null,"r_prominence":null,"r_base":null,"band_rp":"{\"极短距离\": 0.7917, \"短距离\": 0.5139, \"中短距离\": 0.1667, \"中距离\": 0.0972, \"中长距离\": 0.0556, \"长距离\": 0.1389, \"超长距离\": 0.1944}","band_jut_rp":"{\"极短距离\": 0.8056, \"短距离\": 0.5556, \"中短距离\": 0.1944, \"中距离\": 0.1111, \"中长距离\": 0.0833, \"长距离\": 0.125, \"超长距离\": 0.1944}","band_ats_rp":"{\"极短距离\": 0.8194, \"短距离\": 0.5694, \"中短距离\": 0.2639, \"中距离\": 0.0972, \"中长距离\": 0.0556, \"长距离\": 0.0694, \"超长距离\": 0.1389}","chart_r":"[125, 250, 375, 500, 625, 750, 875, 1000, 1125, 1250, 1375, 1500, 1625, 1750, 1875, 2000, 2250, 2500, 2750, 3000, 3250, 3500, 3750, 4000, 4250, 4500, 4750, 5000, 5250, 5500, 5750, 6000, 6250, 6500, 6750, 7000, 7250, 7500, 7750, 8000, 8250, 8500, 8750, 9000, 9250, 9500, 9750, 10000]","chart_mx":"[85.0, 159.0, 224.0, 270.0, 313.0, 345.0, 384.0, 413.0, 442.0, 474.0, 509.0, 534.0, 546.0, 560.0, 565.0, 573.0, 596.0, 611.0, 616.0, 623.0, 630.0, 638.0, 642.0, 649.0, 655.0, 658.0, 661.0, 663.0, 665.0, 668.0, 670.0, 673.0, 673.0, 674.0, 674.0, 674.0, 674.0, 677.0, 678.0, 678.0, 678.0, 678.0, 678.0, 678.0, 678.0, 678.0, 678.0, 678.0]","chart_mn":"[34.18, 71.22, 101.88, 129.11, 150.02, 171.18, 193.26, 215.01, 234.78, 254.13, 273.87, 293.08, 310.95, 327.03, 341.75, 355.49, 378.96, 399.14, 415.59, 430.77, 445.46, 459.49, 472.78, 485.02, 496.09, 505.8, 514.88, 523.55, 531.47, 538.93, 545.33, 550.59, 555.25, 559.76, 564.12, 568.3, 572.06, 575.28, 578.13, 581.0, 583.69, 586.12, 588.39, 590.55, 592.62, 594.68, 596.88, 599.09]","chart_rk":"[63, 60, 56, 51, 50, 46, 42, 38, 32, 25, 23, 17, 14, 13, 12, 12, 8, 8, 8, 7, 6, 6, 5, 4, 5, 5, 5, 5, 6, 7, 7, 10, 11, 11, 11, 11, 12, 12, 12, 14, 14, 14, 15, 16, 16, 16, 16, 16]","chart_ats":"[5.97, 13.47, 18.79, 24.04, 26.89, 30.65, 33.99, 37.89, 40.97, 43.54, 45.9, 48.86, 52.46, 55.13, 58.2, 60.61, 63.06, 64.97, 66.57, 67.5, 68.3, 68.83, 69.61, 69.8, 69.79, 69.76, 69.6, 69.46, 69.16, 68.69, 68.07, 67.12, 66.36, 65.51, 64.78, 64.05, 63.27, 62.13, 61.15, 60.32, 59.48, 58.63, 57.79, 56.97, 56.17, 55.4, 54.68, 54.01]","chart_ats_rk":"[63, 62, 58, 54, 50, 46, 44, 40, 35, 33, 31, 25, 22, 18, 16, 14, 12, 11, 8, 8, 8, 5, 5, 5, 5, 5, 5, 3, 3, 4, 5, 6, 6, 5, 5, 5, 6, 8, 10, 10, 10, 11, 11, 11, 11, 11, 11, 13]","chart_r_jut":"[125, 250, 375, 500, 625, 750, 875, 1000, 1125, 1250, 1375, 1500, 1625, 1750, 1875, 2000, 2250, 2500, 2750, 3000, 3250, 3500, 3750, 4000, 4250, 4500, 4750, 5000, 5250, 5500, 5750, 6000, 6250, 6500, 6750, 7000, 7250, 7500, 7750, 8000, 8250, 8500, 8750, 9000, 9250, 9500, 9750, 10000]","chart_mean_jut":"[14.84, 30.06, 41.31, 50.27, 56.11, 61.77, 67.54, 72.78, 77.14, 81.22, 85.3, 89.02, 92.12, 94.41, 96.23, 97.69, 99.17, 99.45, 98.67, 97.62, 96.59, 95.56, 94.52, 93.4, 92.15, 90.75, 89.35, 87.96, 86.54, 85.14, 83.64, 82.04, 80.43, 78.88, 77.4, 75.96, 74.54, 73.12, 71.72, 70.38, 69.09, 67.82, 66.6, 65.41, 64.26, 63.16, 62.12, 61.12]","chart_max_jut":"[40.81, 84.86, 117.16, 133.93, 136.25, 142.4, 153.53, 159.13, 163.35, 167.81, 175.39, 179.1, 179.1, 179.1, 179.1, 179.1, 179.1, 179.1, 179.1, 179.1, 179.1, 179.1, 179.1, 179.1, 179.1, 179.1, 179.1, 179.1, 179.1, 179.1, 179.1, 179.1, 179.1, 179.1, 179.1, 179.1, 179.1, 179.1, 179.1, 179.1, 179.1, 179.1, 179.1, 179.1, 179.1, 179.1, 179.1, 179.1]","chart_jut_rk":"[63, 61, 56, 55, 50, 48, 44, 37, 34, 28, 23, 19, 15, 14, 14, 12, 10, 9, 9, 10, 9, 9, 7, 7, 6, 6, 6, 7, 7, 8, 9, 10, 11, 11, 11, 11, 11, 12, 12, 13, 15, 15, 15, 16, 16, 16, 16, 16]"}},{"type":"Feature","geometry":{"type":"Point","coordinates":[121.704698,37.282285]},"properties":{"name":"670无名峰(2)","elev":670,"rp":0.2778,"mean_relief_crp":0.3472,"mean_jut_crp":0.2222,"mean_ats_crp":0.2639,"max_jut_crp":0.2361,"max_ats_crp":0.3194,"max_jut":215.5726,"max_mean_jut":100.8641,"max_mean_jut_r":null,"max_mean_jut_rp":null,"max_fsi":0.1224,"max_fsi_r":125,"max_ats":null,"max_ats_r":null,"max_ats_rp":null,"r_prominence":null,"r_base":null,"band_rp":"{\"极短距离\": 0.3472, \"短距离\": 0.1667, \"中短距离\": 0.125, \"中距离\": 0.1528, \"中长距离\": 0.2778, \"长距离\": 0.4722, \"超长距离\": 0.4722}","band_jut_rp":"{\"极短距离\": 0.4306, \"短距离\": 0.1667, \"中短距离\": 0.125, \"中距离\": 0.1389, \"中长距离\": 0.25, \"长距离\": 0.4028, \"超长距离\": 0.4306}","band_ats_rp":"{\"极短距离\": 0.4028, \"短距离\": 0.25, \"中短距离\": 0.2083, \"中距离\": 0.1389, \"中长距离\": 0.2222, \"长距离\": 0.4028, \"超长距离\": 0.4861}","chart_r":"[125, 250, 375, 500, 625, 750, 875, 1000, 1125, 1250, 1375, 1500, 1625, 1750, 1875, 2000, 2250, 2500, 2750, 3000, 3250, 3500, 3750, 4000, 4250, 4500, 4750, 5000, 5250, 5500, 5750, 6000, 6250, 6500, 6750, 7000, 7250, 7500, 7750, 8000, 8250, 8500, 8750, 9000, 9250, 9500, 9750, 10000]","chart_mx":"[83.0, 193.0, 263.0, 319.0, 375.0, 418.0, 454.0, 482.0, 513.0, 532.0, 550.0, 562.0, 571.0, 577.0, 587.0, 590.0, 600.0, 607.0, 613.0, 617.0, 620.0, 623.0, 624.0, 625.0, 627.0, 629.0, 630.0, 631.0, 632.0, 633.0, 635.0, 636.0, 638.0, 640.0, 645.0, 647.0, 650.0, 650.0, 651.0, 653.0, 653.0, 654.0, 656.0, 657.0, 657.0, 657.0, 658.0, 658.0]","chart_mn":"[42.47, 90.92, 131.55, 158.18, 183.05, 206.82, 229.31, 249.8, 268.65, 284.74, 298.72, 310.05, 321.17, 332.62, 344.25, 355.75, 376.4, 394.48, 405.85, 413.56, 417.73, 420.46, 423.59, 426.56, 429.18, 431.83, 434.45, 436.51, 438.12, 439.82, 441.64, 443.1, 444.7, 446.43, 447.88, 449.39, 451.12, 453.28, 456.17, 459.22, 462.47, 465.76, 469.01, 472.19, 475.05, 477.46, 479.9, 482.34]","chart_rk":"[54, 34, 20, 21, 18, 16, 14, 12, 9, 8, 9, 10, 10, 10, 11, 10, 9, 9, 10, 13, 14, 15, 17, 18, 20, 24, 25, 27, 27, 30, 31, 33, 36, 37, 37, 38, 38, 39, 38, 38, 36, 36, 35, 34, 34, 34, 34, 34]","chart_ats":"[10.16, 21.06, 31.47, 35.07, 37.69, 41.24, 44.91, 48.3, 50.6, 52.71, 53.94, 54.64, 55.59, 57.14, 58.5, 60.6, 63.27, 65.14, 64.69, 63.35, 61.15, 58.63, 56.54, 54.6, 52.65, 50.86, 49.3, 47.76, 46.26, 44.94, 43.7, 42.57, 41.46, 40.45, 39.3, 38.4, 37.52, 36.9, 36.33, 35.77, 35.37, 34.92, 34.44, 34.02, 33.62, 33.18, 32.71, 32.31]","chart_ats_rk":"[42, 35, 20, 24, 25, 23, 20, 19, 18, 17, 17, 17, 17, 16, 15, 15, 10, 10, 10, 11, 11, 13, 14, 14, 17, 18, 20, 22, 26, 27, 29, 30, 31, 32, 33, 35, 35, 36, 37, 38, 37, 36, 36, 36, 35, 35, 36, 36]","chart_r_jut":"[125, 250, 375, 500, 625, 750, 875, 1000, 1125, 1250, 1375, 1500, 1625, 1750, 1875, 2000, 2250, 2500, 2750, 3000, 3250, 3500, 3750, 4000, 4250, 4500, 4750, 5000, 5250, 5500, 5750, 6000, 6250, 6500, 6750, 7000, 7250, 7500, 7750, 8000, 8250, 8500, 8750, 9000, 9250, 9500, 9750, 10000]","chart_mean_jut":"[19.85, 44.71, 62.92, 70.73, 77.21, 83.35, 88.92, 93.19, 96.62, 98.48, 99.32, 99.04, 98.83, 99.12, 99.74, 100.5, 100.86, 100.23, 97.71, 94.51, 90.76, 86.88, 83.29, 80.0, 76.92, 74.08, 71.49, 69.03, 66.73, 64.68, 62.84, 61.1, 59.48, 57.99, 56.59, 55.29, 54.06, 52.91, 51.85, 50.87, 49.94, 49.04, 48.17, 47.33, 46.5, 45.66, 44.85, 44.07]","chart_max_jut":"[43.82, 109.61, 153.3, 167.38, 193.58, 198.89, 207.16, 213.17, 215.57, 215.57, 215.57, 215.57, 215.57, 215.57, 215.57, 215.57, 215.57, 215.57, 215.57, 215.57, 215.57, 215.57, 215.57, 215.57, 215.57, 215.57, 215.57, 215.57, 215.57, 215.57, 215.57, 215.57, 215.57, 215.57, 215.57, 215.57, 215.57, 215.57, 215.57, 215.57, 215.57, 215.57, 215.57, 215.57, 215.57, 215.57, 215.57, 215.57]","chart_jut_rk":"[57, 36, 23, 25, 22, 17, 14, 11, 11, 10, 10, 10, 11, 10, 9, 9, 9, 8, 10, 12, 13, 14, 15, 18, 18, 19, 21, 23, 23, 24, 27, 30, 30, 30, 31, 31, 31, 31, 31, 31, 32, 32, 32, 32, 32, 32, 32, 32]"}},{"type":"Feature","geometry":{"type":"Point","coordinates":[121.736768,37.246981]},"properties":{"name":"676无名峰","elev":676,"rp":0.775,"mean_relief_crp":0.8333,"mean_jut_crp":0.8333,"mean_ats_crp":0.9028,"max_jut_crp":0.3194,"max_ats_crp":0.9861,"max_jut":193.6697,"max_mean_jut":61.1749,"max_mean_jut_r":500,"max_mean_jut_rp":0.9077,"max_fsi":0.0415,"max_fsi_r":500,"max_ats":27.3162,"max_ats_r":10000,"max_ats_rp":0.9846,"r_prominence":500,"r_base":10000,"band_rp":"{\"极短距离\": 0.6111, \"短距离\": 0.9028, \"中短距离\": 0.875, \"中距离\": 0.8611, \"中长距离\": 0.875, \"长距离\": 0.75, \"超长距离\": 0.5972}","band_jut_rp":"{\"极短距离\": 0.4861, \"短距离\": 0.7639, \"中短距离\": 0.8333, \"中距离\": 0.8472, \"中长距离\": 0.8611, \"长距离\": 0.75, \"超长距离\": 0.625}","band_ats_rp":"{\"极短距离\": 0.7361, \"短距离\": 0.9167, \"中短距离\": 0.875, \"中距离\": 0.8611, \"中长距离\": 0.8611, \"长距离\": 0.8611, \"超长距离\": 0.7222}","chart_r":"[125, 250, 375, 500, 625, 750, 875, 1000, 1125, 1250, 1375, 1500, 1625, 1750, 1875, 2000, 2250, 2500, 2750, 3000, 3250, 3500, 3750, 4000, 4250, 4500, 4750, 5000, 5250, 5500, 5750, 6000, 6250, 6500, 6750, 7000, 7250, 7500, 7750, 8000, 8250, 8500, 8750, 9000, 9250, 9500, 9750, 10000]","chart_mx":"[157.0, 251.0, 304.0, 340.0, 371.0, 391.0, 408.0, 427.0, 443.0, 453.0, 468.0, 472.0, 481.0, 490.0, 498.0, 506.0, 517.0, 526.0, 533.0, 538.0, 543.0, 550.0, 555.0, 564.0, 575.0, 585.0, 593.0, 601.0, 608.0, 611.0, 617.0, 621.0, 633.0, 634.0, 636.0, 636.0, 636.0, 636.0, 638.0, 650.0, 651.0, 652.0, 653.0, 655.0, 655.0, 657.0, 657.0, 659.0]","chart_mn":"[50.56, 81.37, 115.1, 135.72, 143.89, 148.87, 148.95, 150.15, 155.87, 164.37, 175.11, 185.97, 194.99, 203.41, 210.7, 216.35, 224.36, 232.12, 240.33, 247.68, 253.33, 259.77, 267.32, 276.43, 285.6, 294.23, 303.73, 313.64, 323.49, 333.59, 344.33, 355.74, 367.36, 378.72, 389.09, 398.11, 405.67, 412.47, 419.32, 426.37, 433.46, 440.25, 446.89, 453.25, 459.27, 464.88, 470.24, 475.39]","chart_rk":"[34, 50, 42, 48, 55, 62, 66, 68, 68, 67, 65, 64, 63, 64, 65, 63, 65, 65, 64, 63, 64, 65, 65, 65, 64, 64, 63, 63, 62, 60, 57, 57, 55, 55, 53, 49, 47, 46, 46, 44, 44, 44, 43, 41, 39, 37, 36, 35]","chart_ats":"[9.98, 13.92, 21.28, 24.42, 23.08, 21.83, 19.9, 18.33, 18.0, 18.4, 18.99, 20.19, 20.85, 21.43, 21.82, 21.87, 21.5, 21.09, 20.87, 20.61, 20.16, 19.86, 19.82, 19.87, 19.92, 19.96, 20.19, 20.48, 20.79, 21.27, 21.75, 22.43, 22.88, 23.71, 24.38, 24.95, 25.32, 25.6, 25.82, 25.68, 25.99, 26.27, 26.54, 26.73, 26.97, 27.08, 27.25, 27.32]","chart_ats_rk":"[43, 59, 51, 53, 58, 64, 67, 69, 69, 67, 67, 66, 65, 62, 62, 62, 64, 64, 63, 63, 63, 64, 63, 64, 63, 63, 64, 66, 66, 64, 63, 63, 63, 61, 61, 60, 58, 57, 56, 56, 55, 54, 52, 50, 49, 48, 46, 45]","chart_r_jut":"[125, 250, 375, 500, 625, 750, 875, 1000, 1125, 1250, 1375, 1500, 1625, 1750, 1875, 2000, 2250, 2500, 2750, 3000, 3250, 3500, 3750, 4000, 4250, 4500, 4750, 5000, 5250, 5500, 5750, 6000, 6250, 6500, 6750, 7000, 7250, 7500, 7750, 8000, 8250, 8500, 8750, 9000, 9250, 9500, 9750, 10000]","chart_mean_jut":"[30.98, 42.93, 56.21, 61.17, 59.52, 57.33, 54.51, 52.14, 51.16, 50.7, 50.76, 51.25, 51.42, 51.63, 51.58, 51.15, 49.55, 47.79, 46.28, 44.76, 43.21, 42.06, 41.15, 40.54, 40.1, 39.69, 39.42, 39.25, 39.07, 38.95, 38.97, 39.15, 39.42, 39.7, 39.86, 39.86, 39.7, 39.47, 39.28, 39.14, 39.03, 38.9, 38.77, 38.63, 38.47, 38.28, 38.08, 37.87]","chart_max_jut":"[123.9, 164.56, 185.88, 192.16, 193.67, 193.67, 193.67, 193.67, 193.67, 193.67, 193.67, 193.67, 193.67, 193.67, 193.67, 193.67, 193.67, 193.67, 193.67, 193.67, 193.67, 193.67, 193.67, 193.67, 193.67, 193.67, 193.67, 193.67, 193.67, 193.67, 193.67, 193.67, 193.67, 193.67, 193.67, 193.67, 193.67, 193.67, 193.67, 193.67, 193.67, 193.67, 193.67, 193.67, 193.67, 193.67, 193.67, 193.67]","chart_jut_rk":"[22, 44, 36, 39, 47, 53, 57, 59, 61, 63, 64, 63, 62, 60, 59, 59, 59, 60, 62, 63, 63, 63, 64, 63, 63, 63, 61, 59, 59, 57, 57, 56, 54, 54, 53, 52, 51, 50, 48, 48, 47, 46, 46, 46, 43, 43, 42, 41]"}},{"type":"Feature","geometry":{"type":"Point","coordinates":[120.597345,36.252816]},"properties":{"name":"678无名峰","elev":678,"rp":0.5472,"mean_relief_crp":0.5694,"mean_jut_crp":0.4028,"mean_ats_crp":0.5833,"max_jut_crp":0.6389,"max_ats_crp":0.5417,"max_jut":163.1359,"max_mean_jut":88.798,"max_mean_jut_r":2500,"max_mean_jut_rp":0.4154,"max_fsi":0.0825,"max_fsi_r":375,"max_ats":53.286,"max_ats_r":2750,"max_ats_rp":0.5231,"r_prominence":2500,"r_base":2750,"band_rp":"{\"极短距离\": 0.7083, \"短距离\": 0.625, \"中短距离\": 0.3889, \"中距离\": 0.2222, \"中长距离\": 0.4583, \"长距离\": 0.6111, \"超长距离\": 0.6528}","band_jut_rp":"{\"极短距离\": 0.7222, \"短距离\": 0.6389, \"中短距离\": 0.4028, \"中距离\": 0.25, \"中长距离\": 0.3472, \"长距离\": 0.4861, \"超长距离\": 0.4722}","band_ats_rp":"{\"极短距离\": 0.6944, \"短距离\": 0.6667, \"中短距离\": 0.5278, \"中距离\": 0.3194, \"中长距离\": 0.4722, \"长距离\": 0.5972, \"超长距离\": 0.6528}","chart_r":"[125, 250, 375, 500, 625, 750, 875, 1000, 1125, 1250, 1375, 1500, 1625, 1750, 1875, 2000, 2250, 2500, 2750, 3000, 3250, 3500, 3750, 4000, 4250, 4500, 4750, 5000, 5250, 5500, 5750, 6000, 6250, 6500, 6750, 7000, 7250, 7500, 7750, 8000, 8250, 8500, 8750, 9000, 9250, 9500, 9750, 10000]","chart_mx":"[108.0, 172.0, 231.0, 283.0, 332.0, 367.0, 391.0, 420.0, 437.0, 463.0, 480.0, 504.0, 519.0, 536.0, 559.0, 576.0, 606.0, 627.0, 646.0, 657.0, 662.0, 669.0, 669.0, 673.0, 674.0, 676.0, 679.0, 681.0, 681.0, 683.0, 684.0, 684.0, 684.0, 684.0, 684.0, 684.0, 684.0, 684.0, 684.0, 684.0, 684.0, 684.0, 684.0, 684.0, 684.0, 684.0, 684.0, 684.0]","chart_mn":"[45.06, 77.9, 109.81, 136.67, 154.2, 170.22, 185.07, 199.91, 215.69, 231.5, 247.64, 263.89, 280.23, 296.39, 311.96, 326.82, 354.27, 375.55, 389.68, 397.32, 400.79, 402.27, 402.2, 402.45, 402.69, 402.85, 402.55, 401.82, 401.37, 401.05, 400.08, 398.85, 398.34, 399.16, 400.75, 403.0, 405.9, 409.22, 412.67, 416.14, 419.61, 423.07, 426.34, 429.86, 433.38, 436.72, 440.1, 443.28]","chart_rk":"[45, 52, 50, 45, 46, 47, 47, 47, 44, 43, 40, 34, 29, 29, 23, 20, 16, 17, 16, 17, 17, 20, 25, 28, 32, 36, 37, 37, 38, 41, 43, 45, 46, 46, 46, 46, 46, 47, 47, 48, 48, 48, 48, 48, 48, 48, 47, 47]","chart_ats":"[9.67, 16.12, 22.11, 26.51, 27.18, 28.5, 30.08, 31.04, 33.21, 34.66, 36.88, 38.63, 41.18, 43.55, 45.26, 47.23, 50.89, 53.19, 53.29, 52.13, 50.35, 48.04, 46.08, 44.05, 42.41, 40.83, 39.18, 37.66, 36.38, 35.1, 33.88, 32.74, 31.76, 31.0, 30.39, 29.94, 29.6, 29.35, 29.12, 28.89, 28.67, 28.45, 28.2, 27.99, 27.79, 27.59, 27.4, 27.21]","chart_ats_rk":"[45, 52, 50, 47, 49, 50, 50, 49, 49, 47, 43, 42, 40, 34, 32, 32, 26, 21, 21, 25, 25, 29, 32, 32, 33, 34, 36, 40, 41, 42, 43, 45, 47, 48, 50, 50, 50, 49, 49, 49, 49, 48, 47, 46, 46, 46, 45, 46]","chart_r_jut":"[125, 250, 375, 500, 625, 750, 875, 1000, 1125, 1250, 1375, 1500, 1625, 1750, 1875, 2000, 2250, 2500, 2750, 3000, 3250, 3500, 3750, 4000, 4250, 4500, 4750, 5000, 5250, 5500, 5750, 6000, 6250, 6500, 6750, 7000, 7250, 7500, 7750, 8000, 8250, 8500, 8750, 9000, 9250, 9500, 9750, 10000]","chart_mean_jut":"[23.18, 35.59, 46.52, 54.89, 58.51, 61.45, 63.54, 65.21, 67.29, 69.32, 71.48, 73.78, 76.27, 78.76, 81.1, 83.24, 87.05, 88.8, 88.34, 86.2, 83.17, 79.89, 76.64, 73.67, 70.99, 68.51, 66.09, 63.82, 61.72, 59.77, 57.92, 56.15, 54.53, 53.11, 51.87, 50.81, 49.89, 49.05, 48.26, 47.49, 46.74, 46.0, 45.25, 44.54, 43.87, 43.21, 42.59, 41.98]","chart_max_jut":"[58.32, 98.32, 122.27, 134.95, 155.03, 159.18, 160.03, 163.14, 163.14, 163.14, 163.14, 163.14, 163.14, 163.14, 163.14, 163.14, 163.14, 163.14, 163.14, 163.14, 163.14, 163.14, 163.14, 163.14, 163.14, 163.14, 163.14, 163.14, 163.14, 163.14, 163.14, 163.14, 163.14, 163.14, 163.14, 163.14, 163.14, 163.14, 163.14, 163.14, 163.14, 163.14, 163.14, 163.14, 163.14, 163.14, 163.14, 163.14]","chart_jut_rk":"[44, 54, 53, 48, 48, 49, 48, 46, 43, 43, 42, 37, 33, 29, 25, 22, 18, 18, 18, 18, 18, 20, 22, 23, 25, 28, 28, 29, 30, 31, 33, 36, 37, 37, 37, 37, 36, 36, 36, 36, 35, 35, 35, 35, 35, 35, 35, 35]"}},{"type":"Feature","geometry":{"type":"Point","coordinates":[121.772072,37.235663]},"properties":{"name":"700无名峰","elev":700,"rp":0.7278,"mean_relief_crp":0.7361,"mean_jut_crp":0.7639,"mean_ats_crp":0.8194,"max_jut_crp":0.375,"max_ats_crp":0.9444,"max_jut":186.6227,"max_mean_jut":64.0155,"max_mean_jut_r":625,"max_mean_jut_rp":0.8615,"max_fsi":0.125,"max_fsi_r":375,"max_ats":34.0042,"max_ats_r":500,"max_ats_rp":0.9385,"r_prominence":625,"r_base":500,"band_rp":"{\"极短距离\": 0.4028, \"短距离\": 0.7778, \"中短距离\": 0.9444, \"中距离\": 0.9028, \"中长距离\": 0.7917, \"长距离\": 0.5833, \"超长距离\": 0.4306}","band_jut_rp":"{\"极短距离\": 0.375, \"短距离\": 0.6806, \"中短距离\": 0.7917, \"中距离\": 0.8333, \"中长距离\": 0.7778, \"长距离\": 0.6111, \"超长距离\": 0.4861}","band_ats_rp":"{\"极短距离\": 0.3333, \"短距离\": 0.7917, \"中短距离\": 0.9028, \"中距离\": 0.8889, \"中长距离\": 0.8333, \"长距离\": 0.7222, \"超长距离\": 0.5278}","chart_r":"[125, 250, 375, 500, 625, 750, 875, 1000, 1125, 1250, 1375, 1500, 1625, 1750, 1875, 2000, 2250, 2500, 2750, 3000, 3250, 3500, 3750, 4000, 4250, 4500, 4750, 5000, 5250, 5500, 5750, 6000, 6250, 6500, 6750, 7000, 7250, 7500, 7750, 8000, 8250, 8500, 8750, 9000, 9250, 9500, 9750, 10000]","chart_mx":"[115.0, 199.0, 240.0, 272.0, 332.0, 375.0, 408.0, 449.0, 466.0, 477.0, 483.0, 491.0, 494.0, 502.0, 513.0, 525.0, 547.0, 568.0, 583.0, 595.0, 604.0, 612.0, 621.0, 625.0, 627.0, 629.0, 633.0, 638.0, 639.0, 642.0, 643.0, 644.0, 647.0, 650.0, 652.0, 652.0, 658.0, 658.0, 660.0, 662.0, 664.0, 670.0, 672.0, 675.0, 675.0, 677.0, 679.0, 679.0]","chart_mn":"[51.7, 95.38, 125.8, 145.97, 157.84, 164.95, 167.2, 169.12, 172.26, 174.01, 175.76, 178.73, 182.65, 187.19, 191.88, 196.79, 207.5, 218.39, 229.66, 242.47, 257.42, 272.93, 287.67, 300.6, 312.98, 326.34, 340.6, 354.33, 367.7, 380.45, 392.37, 403.87, 414.52, 424.28, 433.05, 441.23, 448.61, 455.31, 461.4, 467.11, 472.8, 478.55, 484.23, 489.67, 495.05, 500.39, 505.67, 510.64]","chart_rk":"[29, 24, 28, 36, 44, 51, 57, 63, 63, 64, 64, 68, 69, 69, 69, 68, 67, 67, 67, 64, 63, 62, 61, 61, 60, 57, 55, 54, 52, 51, 46, 44, 42, 42, 41, 40, 39, 38, 35, 33, 33, 32, 32, 32, 32, 29, 28, 26]","chart_ats":"[12.71, 23.6, 31.31, 34.0, 30.43, 28.11, 25.73, 23.13, 22.25, 21.36, 20.69, 20.19, 20.08, 19.87, 19.6, 19.36, 18.97, 18.62, 18.71, 19.14, 19.96, 20.85, 21.6, 22.26, 22.95, 23.86, 24.89, 25.85, 26.96, 27.92, 28.87, 29.78, 30.49, 31.07, 31.56, 32.08, 32.18, 32.48, 32.6, 32.66, 32.71, 32.58, 32.64, 32.61, 32.73, 32.75, 32.78, 32.87]","chart_ats_rk":"[28, 22, 22, 28, 43, 51, 57, 60, 61, 64, 66, 67, 66, 66, 65, 66, 67, 66, 67, 65, 64, 63, 61, 60, 60, 59, 59, 57, 56, 55, 54, 53, 51, 47, 47, 46, 46, 45, 43, 41, 41, 39, 39, 38, 38, 36, 35, 35]","chart_r_jut":"[125, 250, 375, 500, 625, 750, 875, 1000, 1125, 1250, 1375, 1500, 1625, 1750, 1875, 2000, 2250, 2500, 2750, 3000, 3250, 3500, 3750, 4000, 4250, 4500, 4750, 5000, 5250, 5500, 5750, 6000, 6250, 6500, 6750, 7000, 7250, 7500, 7750, 8000, 8250, 8500, 8750, 9000, 9250, 9500, 9750, 10000]","chart_mean_jut":"[28.26, 49.24, 59.74, 63.36, 64.02, 63.9, 62.8, 61.4, 60.21, 58.55, 56.86, 55.46, 54.31, 53.29, 52.4, 51.65, 49.99, 48.43, 47.49, 46.97, 46.83, 46.76, 46.63, 46.28, 45.98, 45.98, 46.25, 46.54, 46.84, 47.11, 47.31, 47.49, 47.58, 47.6, 47.52, 47.4, 47.2, 46.94, 46.63, 46.28, 45.94, 45.62, 45.29, 44.95, 44.62, 44.31, 44.01, 43.7]","chart_max_jut":"[65.65, 114.15, 129.0, 129.95, 149.25, 169.99, 170.69, 185.04, 186.62, 186.62, 186.62, 186.62, 186.62, 186.62, 186.62, 186.62, 186.62, 186.62, 186.62, 186.62, 186.62, 186.62, 186.62, 186.62, 186.62, 186.62, 186.62, 186.62, 186.62, 186.62, 186.62, 186.62, 186.62, 186.62, 186.62, 186.62, 186.62, 186.62, 186.62, 186.62, 186.62, 186.62, 186.62, 186.62, 186.62, 186.62, 186.62, 186.62]","chart_jut_rk":"[30, 25, 29, 36, 40, 44, 49, 51, 54, 54, 55, 56, 58, 58, 58, 58, 58, 58, 61, 61, 60, 57, 56, 55, 57, 56, 55, 51, 51, 48, 46, 45, 44, 43, 42, 41, 41, 41, 40, 38, 38, 36, 34, 34, 34, 33, 33, 33]"}},{"type":"Feature","geometry":{"type":"Point","coordinates":[120.604621,36.24904251098633]},"properties":{"name":"748无名峰","elev":748,"rp":0.1389,"mean_relief_crp":0.2083,"mean_jut_crp":0.0694,"mean_ats_crp":0.1389,"max_jut_crp":0.1111,"max_ats_crp":0.1667,"max_jut":234.5092,"max_mean_jut":122.9565,"max_mean_jut_r":1500,"max_mean_jut_rp":0.0308,"max_fsi":0.1171,"max_fsi_r":625,"max_ats":70.8408,"max_ats_r":1500,"max_ats_rp":0.1385,"r_prominence":1500,"r_base":1500,"band_rp":"{\"极短距离\": 0.1111, \"短距离\": 0.0278, \"中短距离\": 0.0139, \"中距离\": 0.0278, \"中长距离\": 0.1528, \"长距离\": 0.375, \"超长距离\": 0.4167}","band_jut_rp":"{\"极短距离\": 0.1389, \"短距离\": 0.0278, \"中短距离\": 0.0139, \"中距离\": 0.0278, \"中长距离\": 0.0556, \"长距离\": 0.1944, \"超长距离\": 0.2639}","band_ats_rp":"{\"极短距离\": 0.0972, \"短距离\": 0.0417, \"中短距离\": 0.0556, \"中距离\": 0.0833, \"中长距离\": 0.1389, \"长距离\": 0.3611, \"超长距离\": 0.4306}","chart_r":"[125, 250, 375, 500, 625, 750, 875, 1000, 1125, 1250, 1375, 1500, 1625, 1750, 1875, 2000, 2250, 2500, 2750, 3000, 3250, 3500, 3750, 4000, 4250, 4500, 4750, 5000, 5250, 5500, 5750, 6000, 6250, 6500, 6750, 7000, 7250, 7500, 7750, 8000, 8250, 8500, 8750, 9000, 9250, 9500, 9750, 10000]","chart_mx":"[127.0, 212.0, 278.0, 337.0, 384.0, 425.0, 479.0, 506.0, 532.0, 561.0, 583.0, 605.0, 632.0, 649.0, 668.0, 689.0, 714.0, 724.0, 730.0, 735.0, 739.0, 743.0, 744.0, 746.0, 748.0, 750.0, 751.0, 754.0, 754.0, 754.0, 754.0, 754.0, 754.0, 754.0, 754.0, 754.0, 754.0, 754.0, 754.0, 754.0, 754.0, 754.0, 754.0, 754.0, 754.0, 754.0, 754.0, 754.0]","chart_mn":"[56.71, 102.47, 141.45, 178.37, 211.72, 237.6, 260.08, 281.64, 300.95, 318.46, 334.34, 348.57, 360.53, 370.77, 379.97, 388.34, 403.49, 420.71, 439.54, 454.18, 463.25, 468.95, 470.36, 468.53, 464.45, 461.64, 461.11, 460.25, 459.58, 458.7, 458.12, 458.24, 458.39, 458.58, 459.28, 460.79, 463.69, 467.66, 471.98, 476.55, 481.54, 486.66, 491.26, 495.28, 498.85, 502.17, 505.71, 509.49]","chart_rk":"[17, 13, 10, 8, 4, 3, 3, 3, 2, 2, 2, 2, 2, 3, 3, 3, 4, 4, 3, 3, 3, 3, 6, 8, 12, 14, 17, 18, 19, 21, 25, 27, 28, 30, 31, 32, 32, 31, 31, 31, 31, 31, 31, 31, 29, 28, 27, 27]","chart_ats":"[14.91, 26.96, 36.57, 45.73, 54.38, 59.23, 60.3, 64.3, 67.16, 68.66, 70.18, 70.84, 69.89, 69.36, 68.33, 66.94, 65.62, 66.66, 68.82, 69.74, 68.96, 67.33, 64.94, 61.79, 58.41, 55.56, 53.43, 51.24, 49.43, 47.67, 46.04, 44.63, 43.32, 42.1, 41.05, 40.19, 39.59, 39.18, 38.85, 38.58, 38.38, 38.21, 37.98, 37.69, 37.36, 37.02, 36.71, 36.45]","chart_ats_rk":"[18, 14, 13, 10, 5, 5, 5, 4, 4, 6, 4, 4, 5, 5, 5, 7, 9, 7, 6, 6, 6, 7, 7, 9, 11, 13, 15, 17, 18, 22, 26, 26, 28, 28, 32, 31, 32, 32, 33, 31, 32, 31, 31, 31, 31, 31, 31, 30]","chart_r_jut":"[125, 250, 375, 500, 625, 750, 875, 1000, 1125, 1250, 1375, 1500, 1625, 1750, 1875, 2000, 2250, 2500, 2750, 3000, 3250, 3500, 3750, 4000, 4250, 4500, 4750, 5000, 5250, 5500, 5750, 6000, 6250, 6500, 6750, 7000, 7250, 7500, 7750, 8000, 8250, 8500, 8750, 9000, 9250, 9500, 9750, 10000]","chart_mean_jut":"[33.39, 55.78, 71.88, 86.4, 98.63, 105.94, 111.06, 115.53, 118.73, 120.96, 122.38, 122.96, 122.51, 121.41, 120.12, 118.77, 116.11, 114.72, 114.31, 112.87, 110.01, 106.68, 102.72, 98.39, 94.07, 90.26, 87.02, 83.94, 81.09, 78.36, 75.78, 73.44, 71.25, 69.22, 67.39, 65.77, 64.38, 63.18, 62.06, 61.04, 60.1, 59.2, 58.3, 57.38, 56.47, 55.58, 54.74, 53.94]","chart_max_jut":"[81.39, 130.53, 158.17, 181.45, 197.23, 213.32, 230.48, 232.44, 234.51, 234.51, 234.51, 234.51, 234.51, 234.51, 234.51, 234.51, 234.51, 234.51, 234.51, 234.51, 234.51, 234.51, 234.51, 234.51, 234.51, 234.51, 234.51, 234.51, 234.51, 234.51, 234.51, 234.51, 234.51, 234.51, 234.51, 234.51, 234.51, 234.51, 234.51, 234.51, 234.51, 234.51, 234.51, 234.51, 234.51, 234.51, 234.51, 234.51]","chart_jut_rk":"[17, 13, 11, 8, 4, 3, 3, 3, 2, 2, 2, 2, 2, 2, 2, 3, 3, 3, 3, 3, 2, 2, 3, 5, 5, 7, 8, 11, 12, 12, 14, 15, 15, 15, 15, 17, 18, 18, 19, 19, 20, 20, 20, 21, 21, 21, 21, 21]"}},{"type":"Feature","geometry":{"type":"Point","coordinates":[120.489008,37.464194]},"properties":{"name":"749无名峰","elev":749,"rp":0.2389,"mean_relief_crp":0.2917,"mean_jut_crp":0.2083,"mean_ats_crp":0.2361,"max_jut_crp":0.2083,"max_ats_crp":0.25,"max_jut":219.3079,"max_mean_jut":112.8058,"max_mean_jut_r":1625,"max_mean_jut_rp":0.1231,"max_fsi":0.112,"max_fsi_r":1750,"max_ats":67.102,"max_ats_r":1875,"max_ats_rp":0.2154,"r_prominence":1625,"r_base":1875,"band_rp":"{\"极短距离\": 0.6806, \"短距离\": 0.125, \"中短距离\": 0.0417, \"中距离\": 0.2361, \"中长距离\": 0.3611, \"长距离\": 0.3611, \"超长距离\": 0.2917}","band_jut_rp":"{\"极短距离\": 0.6806, \"短距离\": 0.1389, \"中短距离\": 0.0556, \"中距离\": 0.1806, \"中长距离\": 0.2917, \"长距离\": 0.3194, \"超长距离\": 0.3056}","band_ats_rp":"{\"极短距离\": 0.7222, \"短距离\": 0.2361, \"中短距离\": 0.0972, \"中距离\": 0.2222, \"中长距离\": 0.3611, \"长距离\": 0.4167, \"超长距离\": 0.3889}","chart_r":"[125, 250, 375, 500, 625, 750, 875, 1000, 1125, 1250, 1375, 1500, 1625, 1750, 1875, 2000, 2250, 2500, 2750, 3000, 3250, 3500, 3750, 4000, 4250, 4500, 4750, 5000, 5250, 5500, 5750, 6000, 6250, 6500, 6750, 7000, 7250, 7500, 7750, 8000, 8250, 8500, 8750, 9000, 9250, 9500, 9750, 10000]","chart_mx":"[100.0, 191.0, 272.0, 336.0, 376.0, 412.0, 449.0, 480.0, 519.0, 547.0, 566.0, 580.0, 592.0, 597.0, 599.0, 603.0, 609.0, 617.0, 621.0, 632.0, 639.0, 645.0, 647.0, 654.0, 655.0, 660.0, 662.0, 663.0, 667.0, 675.0, 675.0, 675.0, 680.0, 681.0, 684.0, 684.0, 684.0, 686.0, 687.0, 687.0, 689.0, 690.0, 693.0, 693.0, 700.0, 700.0, 700.0, 702.0]","chart_mn":"[38.01, 77.12, 114.98, 147.46, 177.94, 205.29, 231.56, 255.86, 276.66, 296.55, 316.39, 333.95, 347.1, 356.95, 364.0, 368.48, 373.31, 375.91, 379.08, 383.98, 390.6, 397.96, 403.78, 407.99, 412.27, 417.34, 423.46, 430.24, 437.07, 443.63, 449.86, 456.04, 462.7, 469.37, 475.87, 482.15, 488.17, 493.71, 499.06, 504.28, 509.46, 514.43, 519.07, 523.66, 528.38, 532.83, 536.96, 540.63]","chart_rk":"[60, 54, 43, 34, 26, 18, 12, 7, 7, 6, 5, 4, 4, 4, 7, 8, 10, 15, 18, 19, 20, 22, 23, 25, 28, 28, 29, 28, 30, 29, 28, 28, 26, 27, 27, 27, 26, 26, 22, 22, 22, 22, 22, 22, 22, 21, 21, 21]","chart_ats":"[6.56, 14.61, 22.37, 28.64, 35.66, 41.4, 46.54, 51.43, 53.83, 57.0, 61.05, 64.52, 66.14, 67.03, 67.1, 65.99, 62.65, 58.77, 55.83, 53.07, 51.37, 50.11, 48.94, 47.16, 45.99, 44.81, 44.15, 43.76, 43.27, 42.52, 42.25, 42.01, 41.61, 41.51, 41.29, 41.25, 41.2, 40.96, 40.79, 40.68, 40.46, 40.29, 39.97, 39.84, 39.35, 39.23, 39.08, 38.76]","chart_ats_rk":"[62, 57, 48, 43, 30, 22, 18, 14, 13, 12, 11, 10, 8, 6, 7, 9, 13, 15, 17, 22, 24, 22, 24, 27, 27, 28, 29, 30, 30, 31, 31, 32, 30, 30, 28, 28, 26, 28, 29, 29, 29, 30, 29, 27, 27, 27, 25, 25]","chart_r_jut":"[125, 250, 375, 500, 625, 750, 875, 1000, 1125, 1250, 1375, 1500, 1625, 1750, 1875, 2000, 2250, 2500, 2750, 3000, 3250, 3500, 3750, 4000, 4250, 4500, 4750, 5000, 5250, 5500, 5750, 6000, 6250, 6500, 6750, 7000, 7250, 7500, 7750, 8000, 8250, 8500, 8750, 9000, 9250, 9500, 9750, 10000]","chart_mean_jut":"[17.26, 36.18, 52.92, 65.26, 75.36, 83.08, 90.24, 96.47, 100.98, 105.14, 109.21, 112.05, 112.81, 112.11, 110.42, 107.98, 102.2, 96.46, 91.46, 87.35, 84.03, 81.22, 78.42, 75.6, 73.06, 70.87, 69.02, 67.44, 66.03, 64.69, 63.39, 62.18, 61.15, 60.22, 59.35, 58.52, 57.72, 56.92, 56.15, 55.42, 54.72, 54.04, 53.36, 52.72, 52.13, 51.54, 50.95, 50.33]","chart_max_jut":"[47.67, 112.37, 157.76, 185.08, 189.74, 198.99, 205.86, 208.0, 213.91, 219.31, 219.31, 219.31, 219.31, 219.31, 219.31, 219.31, 219.31, 219.31, 219.31, 219.31, 219.31, 219.31, 219.31, 219.31, 219.31, 219.31, 219.31, 219.31, 219.31, 219.31, 219.31, 219.31, 219.31, 219.31, 219.31, 219.31, 219.31, 219.31, 219.31, 219.31, 219.31, 219.31, 219.31, 219.31, 219.31, 219.31, 219.31, 219.31]","chart_jut_rk":"[61, 53, 43, 31, 26, 19, 11, 10, 8, 7, 6, 5, 5, 5, 5, 7, 8, 11, 15, 16, 16, 17, 18, 20, 21, 23, 23, 24, 24, 23, 24, 23, 26, 26, 27, 27, 27, 26, 26, 25, 23, 23, 23, 23, 23, 23, 23, 23]"}},{"type":"Feature","geometry":{"type":"Point","coordinates":[121.74108123779295,37.237819]},"properties":{"name":"778无名峰","elev":778,"rp":0.3889,"mean_relief_crp":0.3333,"mean_jut_crp":0.2917,"mean_ats_crp":0.4583,"max_jut_crp":0.0833,"max_ats_crp":0.7778,"max_jut":234.9414,"max_mean_jut":83.3044,"max_mean_jut_r":875,"max_mean_jut_rp":0.4769,"max_fsi":0.058,"max_fsi_r":125,"max_ats":42.9502,"max_ats_r":8500,"max_ats_rp":0.7692,"r_prominence":875,"r_base":8500,"band_rp":"{\"极短距离\": 0.2778, \"短距离\": 0.4167, \"中短距离\": 0.5139, \"中距离\": 0.4583, \"中长距离\": 0.4167, \"长距离\": 0.3056, \"超长距离\": 0.2639}","band_jut_rp":"{\"极短距离\": 0.25, \"短距离\": 0.2917, \"中短距离\": 0.3889, \"中距离\": 0.3472, \"中长距离\": 0.375, \"长距离\": 0.2917, \"超长距离\": 0.2778}","band_ats_rp":"{\"极短距离\": 0.4583, \"短距离\": 0.5556, \"中短距离\": 0.625, \"中距离\": 0.5417, \"中长距离\": 0.4167, \"长距离\": 0.4444, \"超长距离\": 0.3194}","chart_r":"[125, 250, 375, 500, 625, 750, 875, 1000, 1125, 1250, 1375, 1500, 1625, 1750, 1875, 2000, 2250, 2500, 2750, 3000, 3250, 3500, 3750, 4000, 4250, 4500, 4750, 5000, 5250, 5500, 5750, 6000, 6250, 6500, 6750, 7000, 7250, 7500, 7750, 8000, 8250, 8500, 8750, 9000, 9250, 9500, 9750, 10000]","chart_mx":"[112.0, 232.0, 323.0, 384.0, 419.0, 450.0, 483.0, 504.0, 523.0, 544.0, 561.0, 577.0, 587.0, 596.0, 601.0, 609.0, 623.0, 630.0, 635.0, 642.0, 646.0, 653.0, 658.0, 661.0, 664.0, 666.0, 670.0, 673.0, 677.0, 687.0, 695.0, 702.0, 709.0, 713.0, 719.0, 727.0, 736.0, 736.0, 738.0, 738.0, 738.0, 740.0, 748.0, 753.0, 753.0, 754.0, 755.0, 757.0]","chart_mn":"[51.43, 96.31, 132.24, 156.85, 179.36, 199.49, 215.63, 226.04, 234.53, 241.74, 249.07, 257.08, 265.59, 274.23, 282.4, 289.16, 302.98, 318.95, 335.63, 350.76, 364.07, 376.32, 386.56, 395.7, 404.36, 412.71, 420.97, 429.52, 437.86, 446.11, 454.42, 461.99, 469.5, 477.74, 486.71, 496.07, 505.37, 514.27, 522.65, 530.25, 536.98, 543.24, 549.53, 555.82, 561.86, 567.59, 573.02, 578.08]","chart_rk":"[30, 22, 19, 23, 23, 22, 23, 28, 34, 36, 38, 40, 39, 38, 39, 38, 39, 39, 36, 33, 33, 33, 32, 32, 31, 31, 30, 30, 28, 28, 26, 24, 23, 23, 23, 20, 20, 20, 20, 20, 20, 20, 20, 20, 19, 19, 19, 19]","chart_ats":"[12.88, 21.09, 27.3, 29.91, 33.41, 36.21, 37.19, 37.26, 36.94, 35.99, 35.42, 35.13, 35.35, 35.72, 36.27, 36.3, 36.64, 38.04, 39.76, 41.05, 42.11, 42.63, 42.76, 42.74, 42.62, 42.55, 42.36, 42.37, 42.3, 41.88, 41.63, 41.34, 41.08, 41.16, 41.28, 41.41, 41.49, 42.03, 42.39, 42.73, 42.93, 42.95, 42.65, 42.54, 42.68, 42.72, 42.73, 42.63]","chart_ats_rk":"[27, 33, 36, 39, 37, 36, 39, 42, 42, 44, 45, 47, 48, 46, 45, 46, 47, 43, 40, 38, 36, 35, 35, 35, 32, 32, 32, 32, 32, 32, 32, 33, 33, 31, 29, 27, 25, 27, 25, 24, 24, 24, 25, 24, 22, 21, 21, 20]","chart_r_jut":"[125, 250, 375, 500, 625, 750, 875, 1000, 1125, 1250, 1375, 1500, 1625, 1750, 1875, 2000, 2250, 2500, 2750, 3000, 3250, 3500, 3750, 4000, 4250, 4500, 4750, 5000, 5250, 5500, 5750, 6000, 6250, 6500, 6750, 7000, 7250, 7500, 7750, 8000, 8250, 8500, 8750, 9000, 9250, 9500, 9750, 10000]","chart_mean_jut":"[28.05, 50.79, 66.68, 73.23, 78.04, 81.68, 83.3, 83.08, 82.38, 80.99, 79.78, 78.84, 78.14, 77.62, 77.19, 76.45, 75.33, 75.13, 75.22, 75.14, 74.72, 73.98, 72.78, 71.39, 69.99, 68.66, 67.43, 66.38, 65.4, 64.49, 63.68, 62.82, 62.04, 61.42, 60.99, 60.68, 60.43, 60.16, 59.85, 59.47, 59.0, 58.51, 58.05, 57.63, 57.2, 56.76, 56.3, 55.83]","chart_max_jut":"[75.64, 140.61, 204.59, 227.8, 234.19, 234.94, 234.94, 234.94, 234.94, 234.94, 234.94, 234.94, 234.94, 234.94, 234.94, 234.94, 234.94, 234.94, 234.94, 234.94, 234.94, 234.94, 234.94, 234.94, 234.94, 234.94, 234.94, 234.94, 234.94, 234.94, 234.94, 234.94, 234.94, 234.94, 234.94, 234.94, 234.94, 234.94, 234.94, 234.94, 234.94, 234.94, 234.94, 234.94, 234.94, 234.94, 234.94, 234.94]","chart_jut_rk":"[32, 23, 18, 21, 19, 21, 21, 23, 26, 29, 28, 30, 30, 30, 31, 32, 31, 28, 25, 25, 23, 23, 24, 25, 28, 27, 27, 27, 27, 25, 22, 22, 24, 24, 24, 23, 23, 22, 22, 22, 21, 21, 21, 20, 20, 20, 20, 19]"}},{"type":"Feature","geometry":{"type":"Point","coordinates":[121.060336,37.214373]},"properties":{"name":"797无名峰","elev":797,"rp":0.2306,"mean_relief_crp":0.1389,"mean_jut_crp":0.1667,"mean_ats_crp":0.1667,"max_jut_crp":0.3056,"max_ats_crp":0.375,"max_jut":195.9312,"max_mean_jut":95.7966,"max_mean_jut_r":2250,"max_mean_jut_rp":0.2769,"max_fsi":0.0864,"max_fsi_r":250,"max_ats":59.3718,"max_ats_r":4000,"max_ats_rp":0.3385,"r_prominence":2250,"r_base":4000,"band_rp":"{\"极短距离\": 0.2917, \"短距离\": 0.3056, \"中短距离\": 0.1944, \"中距离\": 0.1389, \"中长距离\": 0.1111, \"长距离\": 0.1806, \"超长距离\": 0.25}","band_jut_rp":"{\"极短距离\": 0.2361, \"短距离\": 0.2778, \"中短距离\": 0.1806, \"中距离\": 0.1528, \"中长距离\": 0.125, \"长距离\": 0.1806, \"超长距离\": 0.2361}","band_ats_rp":"{\"极短距离\": 0.3889, \"短距离\": 0.4028, \"中短距离\": 0.3333, \"中距离\": 0.1528, \"中长距离\": 0.1111, \"长距离\": 0.1528, \"超长距离\": 0.2083}","chart_r":"[125, 250, 375, 500, 625, 750, 875, 1000, 1125, 1250, 1375, 1500, 1625, 1750, 1875, 2000, 2250, 2500, 2750, 3000, 3250, 3500, 3750, 4000, 4250, 4500, 4750, 5000, 5250, 5500, 5750, 6000, 6250, 6500, 6750, 7000, 7250, 7500, 7750, 8000, 8250, 8500, 8750, 9000, 9250, 9500, 9750, 10000]","chart_mx":"[129.0, 211.0, 286.0, 339.0, 378.0, 405.0, 437.0, 462.0, 480.0, 503.0, 525.0, 552.0, 573.0, 591.0, 603.0, 614.0, 630.0, 649.0, 664.0, 674.0, 678.0, 687.0, 687.0, 687.0, 688.0, 689.0, 693.0, 697.0, 700.0, 700.0, 701.0, 703.0, 706.0, 707.0, 710.0, 711.0, 713.0, 715.0, 720.0, 722.0, 724.0, 726.0, 730.0, 731.0, 735.0, 737.0, 738.0, 740.0]","chart_mn":"[53.78, 95.22, 127.64, 154.27, 175.56, 195.63, 213.27, 230.78, 248.73, 266.2, 281.84, 295.88, 308.86, 321.7, 334.72, 346.69, 367.58, 385.71, 403.41, 418.93, 431.61, 443.26, 453.91, 463.74, 472.85, 481.71, 489.87, 497.43, 503.85, 509.69, 515.09, 520.27, 525.08, 529.95, 534.57, 538.7, 542.4, 545.66, 548.54, 550.98, 553.08, 555.04, 556.8, 558.5, 560.12, 561.82, 563.52, 565.18]","chart_rk":"[21, 25, 25, 26, 29, 25, 25, 23, 22, 19, 18, 16, 15, 15, 14, 14, 14, 12, 11, 11, 11, 10, 10, 10, 9, 10, 10, 10, 10, 13, 14, 14, 14, 14, 14, 14, 15, 16, 17, 17, 19, 19, 19, 19, 20, 20, 20, 20]","chart_ats":"[13.4, 23.04, 28.61, 33.01, 35.63, 38.7, 39.99, 41.87, 44.66, 46.87, 48.48, 49.07, 49.82, 50.8, 52.39, 53.72, 55.89, 56.89, 58.05, 58.88, 59.29, 58.99, 59.25, 59.37, 59.26, 59.16, 58.69, 58.14, 57.44, 56.92, 56.26, 55.54, 54.72, 54.13, 53.38, 52.72, 51.95, 51.15, 50.11, 49.24, 48.34, 47.46, 46.44, 45.65, 44.7, 43.92, 43.23, 42.51]","chart_ats_rk":"[24, 26, 31, 32, 31, 29, 31, 30, 28, 26, 25, 24, 25, 25, 24, 21, 17, 17, 13, 13, 13, 11, 10, 11, 10, 9, 10, 11, 11, 11, 12, 12, 13, 14, 15, 15, 15, 15, 15, 15, 15, 16, 18, 18, 19, 20, 20, 21]","chart_r_jut":"[125, 250, 375, 500, 625, 750, 875, 1000, 1125, 1250, 1375, 1500, 1625, 1750, 1875, 2000, 2250, 2500, 2750, 3000, 3250, 3500, 3750, 4000, 4250, 4500, 4750, 5000, 5250, 5500, 5750, 6000, 6250, 6500, 6750, 7000, 7250, 7500, 7750, 8000, 8250, 8500, 8750, 9000, 9250, 9500, 9750, 10000]","chart_mean_jut":"[32.14, 51.06, 64.11, 72.55, 76.72, 80.11, 81.94, 83.82, 86.18, 88.57, 90.31, 91.55, 92.42, 93.32, 94.38, 95.14, 95.8, 95.72, 95.55, 94.73, 93.13, 91.42, 89.68, 87.96, 86.22, 84.62, 83.03, 81.47, 79.81, 78.17, 76.57, 75.05, 73.57, 72.21, 70.89, 69.58, 68.3, 67.02, 65.77, 64.53, 63.28, 62.07, 60.89, 59.75, 58.65, 57.61, 56.61, 55.66]","chart_max_jut":"[93.63, 137.86, 177.06, 188.53, 195.93, 195.93, 195.93, 195.93, 195.93, 195.93, 195.93, 195.93, 195.93, 195.93, 195.93, 195.93, 195.93, 195.93, 195.93, 195.93, 195.93, 195.93, 195.93, 195.93, 195.93, 195.93, 195.93, 195.93, 195.93, 195.93, 195.93, 195.93, 195.93, 195.93, 195.93, 195.93, 195.93, 195.93, 195.93, 195.93, 195.93, 195.93, 195.93, 195.93, 195.93, 195.93, 195.93, 195.93]","chart_jut_rk":"[20, 22, 21, 22, 24, 24, 23, 22, 21, 19, 18, 16, 14, 15, 15, 15, 13, 12, 12, 11, 12, 11, 10, 11, 11, 11, 12, 13, 13, 13, 13, 13, 14, 14, 14, 14, 15, 16, 17, 17, 18, 18, 18, 18, 19, 19, 19, 20]"}},{"type":"Feature","geometry":{"type":"Point","coordinates":[121.746604,37.24711608886719]},"properties":{"name":"803无名峰","elev":792,"rp":0.5611,"mean_relief_crp":0.3889,"mean_jut_crp":0.5694,"mean_ats_crp":0.6806,"max_jut_crp":0.4306,"max_ats_crp":0.7361,"max_jut":181.5218,"max_mean_jut":62.2597,"max_mean_jut_r":4500,"max_mean_jut_rp":0.8923,"max_fsi":0.0572,"max_fsi_r":375,"max_ats":44.0817,"max_ats_r":9000,"max_ats_rp":0.7231,"r_prominence":4500,"r_base":9000,"band_rp":"{\"极短距离\": 0.9028, \"短距离\": 0.7917, \"中短距离\": 0.7639, \"中距离\": 0.6111, \"中长距离\": 0.4861, \"长距离\": 0.25, \"超长距离\": 0.2361}","band_jut_rp":"{\"极短距离\": 0.8889, \"短距离\": 0.7917, \"中短距离\": 0.75, \"中距离\": 0.625, \"中长距离\": 0.4722, \"长距离\": 0.3472, \"超长距离\": 0.25}","band_ats_rp":"{\"极短距离\": 0.9306, \"短距离\": 0.8889, \"中短距离\": 0.8194, \"中距离\": 0.7361, \"中长距离\": 0.5972, \"长距离\": 0.4583, \"超长距离\": 0.3056}","chart_r":"[125, 250, 375, 500, 625, 750, 875, 1000, 1125, 1250, 1375, 1500, 1625, 1750, 1875, 2000, 2250, 2500, 2750, 3000, 3250, 3500, 3750, 4000, 4250, 4500, 4750, 5000, 5250, 5500, 5750, 6000, 6250, 6500, 6750, 7000, 7250, 7500, 7750, 8000, 8250, 8500, 8750, 9000, 9250, 9500, 9750, 10000]","chart_mx":"[89.0, 152.0, 209.0, 285.0, 336.0, 382.0, 412.0, 442.0, 463.0, 483.0, 498.0, 515.0, 519.0, 539.0, 549.0, 563.0, 586.0, 601.0, 620.0, 632.0, 641.0, 649.0, 661.0, 668.0, 681.0, 693.0, 707.0, 715.0, 722.0, 727.0, 733.0, 747.0, 750.0, 751.0, 752.0, 752.0, 752.0, 754.0, 764.0, 767.0, 767.0, 769.0, 771.0, 771.0, 772.0, 773.0, 775.0, 775.0]","chart_mn":"[29.05, 57.37, 86.91, 115.47, 137.34, 152.51, 162.34, 173.14, 183.47, 192.74, 202.5, 212.05, 222.24, 232.81, 242.64, 252.9, 272.32, 287.12, 300.09, 314.57, 330.64, 346.51, 361.37, 375.29, 389.77, 403.83, 416.18, 427.29, 437.8, 448.04, 458.53, 469.54, 480.7, 491.27, 501.45, 511.31, 520.82, 529.9, 538.32, 546.24, 553.55, 560.38, 566.68, 572.53, 577.83, 582.82, 587.6, 592.28]","chart_rk":"[67, 69, 66, 63, 59, 60, 60, 58, 57, 60, 59, 58, 57, 56, 55, 53, 51, 49, 48, 44, 44, 42, 39, 38, 36, 34, 33, 31, 29, 25, 24, 21, 19, 19, 17, 17, 18, 18, 18, 18, 18, 18, 18, 18, 18, 17, 17, 17]","chart_ats":"[3.91, 8.41, 13.38, 17.24, 20.16, 20.89, 20.71, 20.96, 21.51, 21.96, 22.78, 23.31, 24.45, 24.96, 25.81, 26.61, 28.26, 29.13, 29.36, 30.14, 31.38, 32.7, 33.62, 34.61, 35.46, 36.28, 36.65, 37.1, 37.52, 38.0, 38.49, 38.69, 39.5, 40.31, 41.07, 41.83, 42.54, 43.07, 43.04, 43.33, 43.69, 43.87, 43.95, 44.08, 44.06, 44.0, 43.86, 43.83]","chart_ats_rk":"[68, 71, 66, 65, 64, 66, 66, 65, 64, 62, 59, 59, 58, 59, 60, 60, 58, 55, 55, 54, 51, 51, 49, 47, 45, 45, 44, 42, 40, 36, 37, 35, 34, 33, 31, 25, 24, 21, 23, 23, 23, 23, 21, 20, 20, 19, 19, 19]","chart_r_jut":"[125, 250, 375, 500, 625, 750, 875, 1000, 1125, 1250, 1375, 1500, 1625, 1750, 1875, 2000, 2250, 2500, 2750, 3000, 3250, 3500, 3750, 4000, 4250, 4500, 4750, 5000, 5250, 5500, 5750, 6000, 6250, 6500, 6750, 7000, 7250, 7500, 7750, 8000, 8250, 8500, 8750, 9000, 9250, 9500, 9750, 10000]","chart_mean_jut":"[11.97, 22.28, 32.18, 42.54, 49.31, 52.34, 52.55, 53.5, 54.27, 55.03, 56.03, 56.6, 57.11, 57.78, 58.41, 59.23, 60.81, 60.98, 60.67, 60.55, 60.84, 61.24, 61.49, 61.61, 61.95, 62.26, 62.25, 62.08, 61.87, 61.66, 61.53, 61.55, 61.62, 61.63, 61.59, 61.52, 61.42, 61.29, 61.08, 60.84, 60.53, 60.2, 59.8, 59.36, 58.87, 58.36, 57.85, 57.35]","chart_max_jut":"[40.74, 84.24, 92.95, 131.61, 158.11, 175.86, 178.82, 180.21, 181.52, 181.52, 181.52, 181.52, 181.52, 181.52, 181.52, 181.52, 181.52, 181.52, 181.52, 181.52, 181.52, 181.52, 181.52, 181.52, 181.52, 181.52, 181.52, 181.52, 181.52, 181.52, 181.52, 181.52, 181.52, 181.52, 181.52, 181.52, 181.52, 181.52, 181.52, 181.52, 181.52, 181.52, 181.52, 181.52, 181.52, 181.52, 181.52, 181.52]","chart_jut_rk":"[66, 67, 65, 61, 59, 57, 58, 56, 58, 57, 56, 53, 55, 55, 53, 52, 49, 44, 44, 46, 43, 40, 38, 38, 35, 36, 32, 31, 29, 29, 28, 28, 25, 23, 21, 21, 20, 21, 20, 20, 19, 19, 19, 19, 18, 18, 18, 18]"}},{"type":"Feature","geometry":{"type":"Point","coordinates":[121.75670623779295,37.249137]},"properties":{"name":"845无名峰","elev":845,"rp":0.3917,"mean_relief_crp":0.2222,"mean_jut_crp":0.3472,"mean_ats_crp":0.5,"max_jut_crp":0.4028,"max_ats_crp":0.4861,"max_jut":182.3827,"max_mean_jut":75.5448,"max_mean_jut_r":5500,"max_mean_jut_rp":0.6462,"max_fsi":0.0656,"max_fsi_r":250,"max_ats":54.1522,"max_ats_r":8750,"max_ats_rp":0.4615,"r_prominence":5500,"r_base":8750,"band_rp":"{\"极短距离\": 0.8194, \"短距离\": 0.8056, \"中短距离\": 0.7361, \"中距离\": 0.5417, \"中长距离\": 0.2361, \"长距离\": 0.1528, \"超长距离\": 0.1528}","band_jut_rp":"{\"极短距离\": 0.7917, \"短距离\": 0.8056, \"中短距离\": 0.6944, \"中距离\": 0.5556, \"中长距离\": 0.2778, \"长距离\": 0.1667, \"超长距离\": 0.1528}","band_ats_rp":"{\"极短距离\": 0.8472, \"短距离\": 0.875, \"中短距离\": 0.8056, \"中距离\": 0.6944, \"中长距离\": 0.4306, \"长距离\": 0.2222, \"超长距离\": 0.1528}","chart_r":"[125, 250, 375, 500, 625, 750, 875, 1000, 1125, 1250, 1375, 1500, 1625, 1750, 1875, 2000, 2250, 2500, 2750, 3000, 3250, 3500, 3750, 4000, 4250, 4500, 4750, 5000, 5250, 5500, 5750, 6000, 6250, 6500, 6750, 7000, 7250, 7500, 7750, 8000, 8250, 8500, 8750, 9000, 9250, 9500, 9750, 10000]","chart_mx":"[111.0, 176.0, 249.0, 300.0, 341.0, 371.0, 390.0, 423.0, 457.0, 488.0, 517.0, 540.0, 555.0, 563.0, 572.0, 584.0, 600.0, 613.0, 649.0, 678.0, 704.0, 720.0, 734.0, 744.0, 755.0, 763.0, 771.0, 778.0, 783.0, 791.0, 803.0, 804.0, 805.0, 805.0, 805.0, 807.0, 815.0, 820.0, 820.0, 822.0, 822.0, 824.0, 825.0, 826.0, 826.0, 828.0, 828.0, 829.0]","chart_mn":"[43.48, 75.94, 97.39, 116.48, 134.34, 149.03, 160.79, 170.27, 182.8, 195.31, 205.87, 216.16, 227.38, 238.27, 248.23, 257.26, 276.77, 298.1, 317.82, 337.16, 356.64, 376.54, 397.13, 417.21, 436.48, 454.15, 470.57, 485.34, 498.61, 510.11, 520.25, 529.55, 538.47, 547.8, 557.62, 567.39, 576.91, 586.32, 595.51, 603.83, 611.36, 618.22, 624.27, 629.47, 634.2, 638.7, 643.14, 647.52]","chart_rk":"[52, 55, 59, 61, 62, 61, 61, 61, 59, 57, 57, 57, 55, 53, 52, 52, 48, 44, 41, 38, 35, 32, 27, 22, 18, 17, 13, 12, 13, 12, 13, 12, 12, 12, 12, 12, 11, 11, 11, 11, 11, 11, 13, 13, 12, 12, 12, 12]","chart_ats":"[8.49, 15.03, 15.94, 17.37, 19.11, 20.37, 21.5, 21.23, 21.78, 22.65, 22.97, 23.35, 24.26, 25.38, 26.21, 26.65, 28.17, 30.34, 31.07, 32.1, 33.36, 35.19, 37.36, 39.67, 41.8, 43.75, 45.45, 46.85, 48.07, 48.72, 48.82, 49.42, 49.94, 50.6, 51.37, 52.01, 52.22, 52.61, 53.29, 53.68, 54.03, 54.14, 54.15, 54.02, 53.87, 53.56, 53.39, 53.16]","chart_ats_rk":"[54, 55, 63, 63, 65, 67, 63, 64, 62, 60, 58, 58, 59, 57, 58, 59, 59, 53, 52, 50, 49, 46, 42, 40, 35, 30, 27, 25, 21, 20, 18, 17, 18, 17, 18, 17, 14, 14, 13, 13, 12, 12, 12, 12, 12, 12, 13, 14]","chart_r_jut":"[125, 250, 375, 500, 625, 750, 875, 1000, 1125, 1250, 1375, 1500, 1625, 1750, 1875, 2000, 2250, 2500, 2750, 3000, 3250, 3500, 3750, 4000, 4250, 4500, 4750, 5000, 5250, 5500, 5750, 6000, 6250, 6500, 6750, 7000, 7250, 7500, 7750, 8000, 8250, 8500, 8750, 9000, 9250, 9500, 9750, 10000]","chart_mean_jut":"[21.67, 34.83, 40.75, 44.73, 48.5, 50.7, 52.15, 52.74, 54.45, 56.59, 57.68, 58.34, 59.23, 59.96, 60.41, 60.5, 61.07, 62.39, 63.44, 64.54, 65.84, 67.3, 69.05, 70.75, 72.31, 73.5, 74.46, 75.11, 75.49, 75.54, 75.36, 75.04, 74.66, 74.36, 74.16, 73.97, 73.77, 73.58, 73.38, 73.07, 72.65, 72.16, 71.56, 70.88, 70.16, 69.44, 68.74, 68.05]","chart_max_jut":"[56.27, 103.09, 133.79, 148.8, 160.8, 165.47, 165.47, 165.47, 167.8, 175.4, 180.6, 181.78, 182.38, 182.38, 182.38, 182.38, 182.38, 182.38, 182.38, 182.38, 182.38, 182.38, 182.38, 182.38, 182.38, 182.38, 182.38, 182.38, 182.38, 182.38, 182.38, 182.38, 182.38, 182.38, 182.38, 182.38, 182.38, 182.38, 182.38, 182.38, 182.38, 182.38, 182.38, 182.38, 182.38, 182.38, 182.38, 182.38]","chart_jut_rk":"[49, 55, 57, 58, 60, 60, 60, 58, 56, 56, 54, 51, 52, 52, 51, 50, 47, 43, 43, 39, 35, 34, 28, 27, 24, 21, 18, 17, 15, 15, 15, 14, 13, 13, 12, 12, 12, 11, 11, 11, 11, 12, 13, 13, 13, 14, 14, 14]"}},{"type":"Feature","geometry":{"type":"Point","coordinates":[120.64234924316406,36.184095]},"properties":{"name":"864无名峰","elev":864,"rp":0.5416,"mean_relief_crp":0.5972,"mean_jut_crp":0.5833,"mean_ats_crp":0.8333,"max_jut_crp":0.0972,"max_ats_crp":0.5972,"max_jut":234.8477,"max_mean_jut":69.6446,"max_mean_jut_r":9000,"max_mean_jut_rp":0.7846,"max_fsi":0.0586,"max_fsi_r":125,"max_ats":50.9653,"max_ats_r":10000,"max_ats_rp":0.5846,"r_prominence":9000,"r_base":10000,"band_rp":"{\"极短距离\": 0.4583, \"短距离\": 0.7639, \"中短距离\": 1.0, \"中距离\": 1.0, \"中长距离\": 0.8472, \"长距离\": 0.4583, \"超长距离\": 0.1806}","band_jut_rp":"{\"极短距离\": 0.4722, \"短距离\": 0.5972, \"中短距离\": 0.8889, \"中距离\": 0.9306, \"中长距离\": 0.7083, \"长距离\": 0.3333, \"超长距离\": 0.1806}","band_ats_rp":"{\"极短距离\": 0.5694, \"短距离\": 0.8333, \"中短距离\": 0.9861, \"中距离\": 1.0, \"中长距离\": 0.9306, \"长距离\": 0.625, \"超长距离\": 0.2361}","chart_r":"[125, 250, 375, 500, 625, 750, 875, 1000, 1125, 1250, 1375, 1500, 1625, 1750, 1875, 2000, 2250, 2500, 2750, 3000, 3250, 3500, 3750, 4000, 4250, 4500, 4750, 5000, 5250, 5500, 5750, 6000, 6250, 6500, 6750, 7000, 7250, 7500, 7750, 8000, 8250, 8500, 8750, 9000, 9250, 9500, 9750, 10000]","chart_mx":"[97.0, 224.0, 289.0, 331.0, 375.0, 433.0, 478.0, 504.0, 536.0, 556.0, 574.0, 594.0, 615.0, 634.0, 661.0, 678.0, 708.0, 745.0, 771.0, 810.0, 834.0, 852.0, 865.0, 865.0, 865.0, 865.0, 865.0, 865.0, 865.0, 865.0, 865.0, 865.0, 865.0, 866.0, 866.0, 866.0, 866.0, 866.0, 866.0, 866.0, 870.0, 870.0, 870.0, 870.0, 870.0, 870.0, 870.0, 870.0]","chart_mn":"[42.35, 93.27, 124.97, 146.66, 159.03, 166.64, 172.72, 174.19, 170.28, 162.96, 155.58, 148.7, 143.85, 140.31, 138.21, 138.62, 146.08, 158.75, 172.45, 187.72, 204.4, 224.28, 246.13, 267.28, 287.94, 308.16, 329.09, 350.71, 373.21, 396.42, 418.75, 439.25, 457.92, 475.52, 491.99, 507.43, 522.55, 536.98, 550.48, 562.84, 574.59, 585.61, 595.74, 605.31, 614.6, 623.5, 632.17, 640.56]","chart_rk":"[55, 28, 29, 35, 42, 48, 54, 55, 64, 68, 72, 72, 73, 73, 73, 73, 73, 73, 73, 71, 71, 68, 66, 66, 63, 62, 58, 55, 50, 42, 39, 35, 29, 24, 21, 19, 17, 17, 16, 15, 15, 15, 14, 14, 14, 14, 14, 14]","chart_ats":"[8.93, 19.95, 26.02, 29.38, 28.88, 26.23, 24.55, 22.85, 19.88, 17.1, 14.67, 12.51, 10.91, 9.71, 8.71, 8.18, 7.86, 8.03, 8.44, 8.85, 9.56, 10.7, 12.24, 13.99, 15.79, 17.61, 19.55, 21.65, 23.95, 26.47, 28.98, 31.29, 33.39, 35.35, 37.22, 38.94, 40.63, 42.22, 43.65, 44.89, 45.81, 46.83, 47.69, 48.46, 49.17, 49.81, 50.41, 50.97]","chart_ats_rk":"[48, 42, 39, 41, 46, 55, 60, 61, 67, 69, 72, 72, 72, 73, 73, 73, 73, 73, 73, 73, 73, 73, 72, 70, 68, 67, 66, 64, 59, 57, 53, 50, 43, 40, 35, 33, 29, 26, 21, 21, 18, 18, 17, 17, 15, 15, 15, 15]","chart_r_jut":"[125, 250, 375, 500, 625, 750, 875, 1000, 1125, 1250, 1375, 1500, 1625, 1750, 1875, 2000, 2250, 2500, 2750, 3000, 3250, 3500, 3750, 4000, 4250, 4500, 4750, 5000, 5250, 5500, 5750, 6000, 6250, 6500, 6750, 7000, 7250, 7500, 7750, 8000, 8250, 8500, 8750, 9000, 9250, 9500, 9750, 10000]","chart_mean_jut":"[20.46, 47.9, 60.16, 66.31, 68.09, 68.15, 67.95, 66.12, 62.58, 58.35, 54.12, 49.96, 46.62, 43.88, 41.64, 40.01, 38.11, 37.69, 37.73, 38.19, 39.02, 40.66, 43.01, 45.26, 47.43, 49.43, 51.4, 53.39, 55.51, 57.76, 59.86, 61.63, 63.08, 64.39, 65.52, 66.46, 67.34, 68.08, 68.67, 69.06, 69.36, 69.57, 69.64, 69.64, 69.6, 69.5, 69.37, 69.22]","chart_max_jut":"[60.66, 140.64, 170.45, 186.76, 191.81, 217.88, 225.13, 229.18, 234.85, 234.85, 234.85, 234.85, 234.85, 234.85, 234.85, 234.85, 234.85, 234.85, 234.85, 234.85, 234.85, 234.85, 234.85, 234.85, 234.85, 234.85, 234.85, 234.85, 234.85, 234.85, 234.85, 234.85, 234.85, 234.85, 234.85, 234.85, 234.85, 234.85, 234.85, 234.85, 234.85, 234.85, 234.85, 234.85, 234.85, 234.85, 234.85, 234.85]","chart_jut_rk":"[54, 30, 26, 29, 33, 38, 42, 45, 51, 55, 58, 64, 65, 65, 67, 68, 69, 69, 69, 68, 64, 65, 62, 57, 54, 50, 45, 42, 39, 35, 30, 26, 22, 20, 18, 16, 16, 15, 14, 15, 14, 14, 14, 14, 14, 13, 13, 13]"}},{"type":"Feature","geometry":{"type":"Point","coordinates":[121.759001,37.241322]},"properties":{"name":"867无名峰","elev":867,"rp":0.1389,"mean_relief_crp":0.0833,"mean_jut_crp":0.0833,"mean_ats_crp":0.1806,"max_jut_crp":0.0139,"max_ats_crp":0.3333,"max_jut":272.4518,"max_mean_jut":118.0097,"max_mean_jut_r":500,"max_mean_jut_rp":0.0615,"max_fsi":0.1872,"max_fsi_r":375,"max_ats":63.0843,"max_ats_r":375,"max_ats_rp":0.2923,"r_prominence":500,"r_base":375,"band_rp":"{\"极短距离\": 0.0, \"短距离\": 0.2778, \"中短距离\": 0.5972, \"中距离\": 0.4167, \"中长距离\": 0.125, \"长距离\": 0.0972, \"超长距离\": 0.1111}","band_jut_rp":"{\"极短距离\": 0.0, \"短距离\": 0.1111, \"中短距离\": 0.4306, \"中距离\": 0.3194, \"中长距离\": 0.1667, \"长距离\": 0.1111, \"超长距离\": 0.1111}","band_ats_rp":"{\"极短距离\": 0.0, \"短距离\": 0.3611, \"中短距离\": 0.6806, \"中距离\": 0.5556, \"中长距离\": 0.2361, \"长距离\": 0.125, \"超长距离\": 0.125}","chart_r":"[125, 250, 375, 500, 625, 750, 875, 1000, 1125, 1250, 1375, 1500, 1625, 1750, 1875, 2000, 2250, 2500, 2750, 3000, 3250, 3500, 3750, 4000, 4250, 4500, 4750, 5000, 5250, 5500, 5750, 6000, 6250, 6500, 6750, 7000, 7250, 7500, 7750, 8000, 8250, 8500, 8750, 9000, 9250, 9500, 9750, 10000]","chart_mx":"[194.0, 275.0, 337.0, 414.0, 458.0, 481.0, 502.0, 519.0, 546.0, 563.0, 574.0, 595.0, 603.0, 616.0, 624.0, 633.0, 650.0, 661.0, 671.0, 679.0, 698.0, 719.0, 732.0, 748.0, 758.0, 770.0, 777.0, 787.0, 790.0, 793.0, 798.0, 804.0, 812.0, 825.0, 825.0, 827.0, 827.0, 827.0, 829.0, 836.0, 841.0, 842.0, 843.0, 844.0, 846.0, 846.0, 848.0, 848.0]","chart_mn":"[74.78, 139.01, 185.4, 208.32, 214.24, 214.08, 216.57, 223.45, 230.32, 234.33, 238.7, 244.35, 251.51, 260.5, 270.28, 279.84, 299.25, 320.27, 341.75, 363.83, 386.17, 407.5, 427.9, 447.72, 466.16, 483.49, 499.17, 512.79, 524.46, 534.79, 544.67, 554.4, 563.83, 573.19, 582.45, 591.53, 600.31, 608.87, 617.11, 624.87, 632.24, 639.24, 645.71, 651.69, 657.21, 662.29, 667.02, 671.43]","chart_rk":"[1, 1, 1, 1, 3, 12, 22, 31, 36, 42, 45, 46, 46, 46, 44, 42, 40, 38, 33, 28, 22, 18, 16, 14, 11, 9, 7, 7, 8, 8, 8, 8, 9, 10, 10, 10, 10, 10, 10, 9, 9, 9, 9, 9, 9, 9, 11, 11]","chart_ats":"[20.15, 46.61, 63.08, 59.38, 52.02, 45.58, 41.56, 40.02, 37.74, 35.33, 33.78, 32.26, 31.9, 31.8, 32.21, 32.55, 33.58, 35.56, 37.83, 40.58, 42.9, 44.86, 47.13, 49.1, 51.11, 52.72, 54.25, 55.07, 55.9, 56.42, 56.73, 56.97, 57.03, 56.77, 57.41, 57.87, 58.4, 58.89, 59.17, 59.01, 58.92, 59.06, 59.09, 59.04, 58.85, 58.73, 58.41, 58.19]","chart_ats_rk":"[3, 1, 1, 3, 9, 18, 27, 34, 40, 45, 49, 50, 52, 52, 51, 50, 48, 46, 42, 40, 35, 34, 31, 23, 18, 17, 14, 12, 12, 12, 10, 10, 10, 10, 10, 10, 10, 11, 11, 11, 11, 10, 10, 10, 10, 10, 10, 10]","chart_r_jut":"[125, 250, 375, 500, 625, 750, 875, 1000, 1125, 1250, 1375, 1500, 1625, 1750, 1875, 2000, 2250, 2500, 2750, 3000, 3250, 3500, 3750, 4000, 4250, 4500, 4750, 5000, 5250, 5500, 5750, 6000, 6250, 6500, 6750, 7000, 7250, 7500, 7750, 8000, 8250, 8500, 8750, 9000, 9250, 9500, 9750, 10000]","chart_mean_jut":"[52.27, 92.21, 114.67, 118.01, 111.22, 102.41, 96.33, 92.95, 89.46, 84.89, 81.22, 78.55, 76.49, 75.2, 74.36, 73.62, 72.95, 73.39, 74.27, 75.73, 77.54, 79.15, 80.63, 82.02, 83.1, 83.96, 84.45, 84.51, 84.2, 83.67, 83.12, 82.61, 82.13, 81.71, 81.32, 80.91, 80.46, 79.99, 79.49, 78.95, 78.38, 77.79, 77.15, 76.47, 75.76, 75.02, 74.26, 73.49]","chart_max_jut":"[133.75, 196.92, 216.36, 251.99, 272.45, 272.45, 272.45, 272.45, 272.45, 272.45, 272.45, 272.45, 272.45, 272.45, 272.45, 272.45, 272.45, 272.45, 272.45, 272.45, 272.45, 272.45, 272.45, 272.45, 272.45, 272.45, 272.45, 272.45, 272.45, 272.45, 272.45, 272.45, 272.45, 272.45, 272.45, 272.45, 272.45, 272.45, 272.45, 272.45, 272.45, 272.45, 272.45, 272.45, 272.45, 272.45, 272.45, 272.45]","chart_jut_rk":"[1, 1, 1, 1, 2, 4, 10, 13, 17, 22, 26, 31, 32, 35, 37, 37, 35, 31, 27, 24, 22, 21, 17, 15, 13, 12, 11, 8, 9, 10, 10, 9, 10, 10, 10, 10, 10, 10, 10, 10, 10, 9, 9, 9, 9, 9, 10, 11]"}},{"type":"Feature","geometry":{"type":"Point","coordinates":[120.599501,36.189754486083984]},"properties":{"name":"898无名峰","elev":898,"rp":0.625,"mean_relief_crp":0.5,"mean_jut_crp":0.6389,"mean_ats_crp":0.8056,"max_jut_crp":0.5,"max_ats_crp":0.6806,"max_jut":176.685,"max_mean_jut":67.9437,"max_mean_jut_r":10000,"max_mean_jut_rp":0.8,"max_fsi":0.0534,"max_fsi_r":375,"max_ats":48.2486,"max_ats_r":10000,"max_ats_rp":0.6615,"r_prominence":10000,"r_base":10000,"band_rp":"{\"极短距离\": 0.9861, \"短距离\": 0.9167, \"中短距离\": 0.6667, \"中距离\": 0.625, \"中长距离\": 0.7083, \"长距离\": 0.5417, \"超长距离\": 0.2083}","band_jut_rp":"{\"极短距离\": 0.9861, \"短距离\": 0.9583, \"中短距离\": 0.6806, \"中距离\": 0.5694, \"中长距离\": 0.5556, \"长距离\": 0.4444, \"超长距离\": 0.2083}","band_ats_rp":"{\"极短距离\": 0.9861, \"短距离\": 0.9444, \"中短距离\": 0.7639, \"中距离\": 0.75, \"中长距离\": 0.8472, \"长距离\": 0.7917, \"超长距离\": 0.3333}","chart_r":"[125, 250, 375, 500, 625, 750, 875, 1000, 1125, 1250, 1375, 1500, 1625, 1750, 1875, 2000, 2250, 2500, 2750, 3000, 3250, 3500, 3750, 4000, 4250, 4500, 4750, 5000, 5250, 5500, 5750, 6000, 6250, 6500, 6750, 7000, 7250, 7500, 7750, 8000, 8250, 8500, 8750, 9000, 9250, 9500, 9750, 10000]","chart_mx":"[71.0, 103.0, 144.0, 189.0, 228.0, 276.0, 320.0, 362.0, 399.0, 444.0, 468.0, 496.0, 526.0, 554.0, 575.0, 585.0, 615.0, 651.0, 683.0, 724.0, 765.0, 790.0, 814.0, 830.0, 834.0, 871.0, 879.0, 889.0, 892.0, 894.0, 897.0, 897.0, 897.0, 898.0, 898.0, 898.0, 900.0, 900.0, 900.0, 901.0, 901.0, 901.0, 901.0, 903.0, 904.0, 904.0, 904.0, 904.0]","chart_mn":"[27.23, 47.82, 69.22, 88.03, 106.98, 126.12, 144.11, 161.0, 177.3, 193.29, 209.88, 227.29, 243.98, 258.0, 268.79, 278.69, 295.91, 306.14, 309.12, 307.73, 306.55, 308.5, 313.79, 322.11, 332.03, 342.97, 355.08, 367.34, 379.28, 391.85, 405.39, 419.47, 434.46, 449.62, 464.99, 480.31, 495.42, 510.89, 526.16, 541.32, 556.3, 571.07, 585.01, 597.98, 609.97, 621.32, 631.99, 641.95]","chart_rk":"[71, 72, 72, 72, 72, 70, 69, 65, 61, 58, 55, 49, 49, 47, 46, 44, 42, 41, 43, 48, 52, 55, 54, 53, 52, 51, 51, 49, 48, 44, 42, 40, 40, 36, 29, 28, 22, 21, 19, 19, 17, 16, 16, 15, 15, 15, 15, 13]","chart_ats":"[3.46, 6.62, 9.38, 11.18, 13.46, 15.26, 17.09, 18.72, 20.4, 21.51, 23.71, 25.88, 27.77, 29.09, 29.93, 31.1, 32.17, 31.37, 29.5, 26.74, 24.21, 22.8, 22.0, 21.82, 22.17, 21.82, 22.39, 22.94, 23.63, 24.44, 25.36, 26.45, 27.71, 29.03, 30.46, 31.92, 33.31, 34.88, 36.46, 38.03, 39.65, 41.29, 42.82, 44.1, 45.26, 46.37, 47.37, 48.25]","chart_ats_rk":"[70, 72, 72, 72, 72, 71, 69, 68, 66, 63, 57, 57, 56, 55, 55, 52, 51, 51, 54, 58, 59, 60, 60, 61, 62, 62, 61, 60, 62, 61, 59, 59, 57, 54, 49, 47, 44, 38, 36, 33, 30, 26, 24, 19, 18, 18, 16, 16]","chart_r_jut":"[125, 250, 375, 500, 625, 750, 875, 1000, 1125, 1250, 1375, 1500, 1625, 1750, 1875, 2000, 2250, 2500, 2750, 3000, 3250, 3500, 3750, 4000, 4250, 4500, 4750, 5000, 5250, 5500, 5750, 6000, 6250, 6500, 6750, 7000, 7250, 7500, 7750, 8000, 8250, 8500, 8750, 9000, 9250, 9500, 9750, 10000]","chart_mean_jut":"[9.02, 14.27, 19.52, 24.01, 28.67, 33.4, 37.95, 42.09, 45.9, 49.41, 52.88, 56.48, 59.87, 62.46, 64.03, 65.27, 66.86, 66.72, 65.18, 62.91, 60.42, 58.39, 57.06, 56.22, 55.68, 55.42, 55.42, 55.51, 55.56, 55.75, 56.11, 56.56, 57.22, 57.98, 58.82, 59.68, 60.51, 61.44, 62.37, 63.3, 64.22, 65.15, 65.95, 66.59, 67.08, 67.47, 67.76, 67.94]","chart_max_jut":"[27.99, 37.15, 48.2, 64.83, 79.07, 89.26, 106.72, 123.69, 132.45, 148.98, 152.56, 157.44, 162.97, 164.0, 166.71, 168.92, 168.92, 168.92, 168.92, 170.39, 176.23, 176.68, 176.68, 176.68, 176.68, 176.68, 176.68, 176.68, 176.68, 176.68, 176.68, 176.68, 176.68, 176.68, 176.68, 176.68, 176.68, 176.68, 176.68, 176.68, 176.68, 176.68, 176.68, 176.68, 176.68, 176.68, 176.68, 176.68]","chart_jut_rk":"[71, 72, 72, 72, 72, 72, 71, 69, 66, 64, 62, 54, 50, 50, 47, 45, 42, 41, 41, 42, 44, 45, 42, 42, 42, 41, 41, 38, 38, 39, 39, 34, 32, 31, 28, 25, 22, 20, 18, 18, 17, 16, 16, 15, 15, 15, 15, 15]"}},{"type":"Feature","geometry":{"type":"Point","coordinates":[120.624025,36.202151]},"properties":{"name":"927无名峰","elev":927,"rp":0.6278,"mean_relief_crp":0.5417,"mean_jut_crp":0.7361,"mean_ats_crp":0.8611,"max_jut_crp":0.5417,"max_ats_crp":0.4583,"max_jut":174.0379,"max_mean_jut":74.7894,"max_mean_jut_r":10000,"max_mean_jut_rp":0.6769,"max_fsi":0.0584,"max_fsi_r":250,"max_ats":54.5217,"max_ats_r":10000,"max_ats_rp":0.4308,"r_prominence":10000,"r_base":10000,"band_rp":"{\"极短距离\": 0.9583, \"短距离\": 0.9861, \"中短距离\": 0.9861, \"中距离\": 0.9306, \"中长距离\": 0.7361, \"长距离\": 0.2917, \"超长距离\": 0.1389}","band_jut_rp":"{\"极短距离\": 0.9583, \"短距离\": 0.9444, \"中短距离\": 0.9861, \"中距离\": 0.9583, \"中长距离\": 0.7222, \"长距离\": 0.3056, \"超长距离\": 0.1389}","band_ats_rp":"{\"极短距离\": 0.9583, \"短距离\": 0.9861, \"中短距离\": 1.0, \"中距离\": 0.9861, \"中长距离\": 0.8889, \"长距离\": 0.6667, \"超长距离\": 0.1944}","chart_r":"[125, 250, 375, 500, 625, 750, 875, 1000, 1125, 1250, 1375, 1500, 1625, 1750, 1875, 2000, 2250, 2500, 2750, 3000, 3250, 3500, 3750, 4000, 4250, 4500, 4750, 5000, 5250, 5500, 5750, 6000, 6250, 6500, 6750, 7000, 7250, 7500, 7750, 8000, 8250, 8500, 8750, 9000, 9250, 9500, 9750, 10000]","chart_mx":"[63.0, 119.0, 189.0, 238.0, 284.0, 328.0, 359.0, 404.0, 435.0, 472.0, 477.0, 521.0, 538.0, 550.0, 571.0, 579.0, 603.0, 625.0, 640.0, 661.0, 704.0, 717.0, 761.0, 793.0, 827.0, 855.0, 890.0, 911.0, 928.0, 928.0, 929.0, 929.0, 929.0, 929.0, 929.0, 933.0, 933.0, 933.0, 933.0, 933.0, 933.0, 933.0, 933.0, 933.0, 933.0, 933.0, 933.0, 933.0]","chart_mn":"[22.72, 55.94, 83.88, 106.4, 119.55, 125.94, 129.62, 133.19, 135.5, 137.89, 140.26, 143.69, 148.86, 154.24, 158.83, 163.05, 172.87, 184.08, 197.77, 217.32, 240.41, 264.49, 286.15, 305.51, 323.61, 341.95, 361.21, 381.4, 402.06, 422.29, 441.49, 459.58, 477.53, 495.32, 512.72, 529.62, 545.87, 561.74, 576.82, 591.01, 604.22, 616.58, 628.31, 639.71, 650.74, 661.21, 670.97, 680.16]","chart_rk":"[72, 71, 69, 67, 69, 71, 72, 72, 73, 73, 73, 73, 72, 72, 72, 72, 72, 72, 70, 68, 65, 64, 63, 60, 56, 52, 48, 42, 37, 37, 32, 26, 21, 16, 15, 15, 14, 13, 13, 12, 12, 12, 11, 10, 10, 11, 10, 10]","chart_ats":"[2.42, 8.95, 12.82, 15.96, 16.26, 15.3, 14.72, 13.64, 12.85, 11.85, 11.52, 10.44, 10.21, 10.1, 9.77, 9.65, 9.5, 9.69, 10.3, 11.54, 12.96, 15.12, 16.28, 17.36, 18.31, 19.46, 20.57, 22.15, 23.94, 26.2, 28.36, 30.42, 32.5, 34.59, 36.64, 38.46, 40.36, 42.23, 43.98, 45.59, 47.05, 48.37, 49.59, 50.76, 51.87, 52.87, 53.75, 54.52]","chart_ats_rk":"[73, 68, 69, 68, 70, 70, 72, 72, 73, 73, 73, 73, 73, 72, 72, 72, 72, 72, 72, 72, 71, 69, 67, 67, 66, 65, 63, 61, 60, 58, 55, 52, 45, 42, 37, 34, 30, 25, 20, 20, 16, 15, 14, 13, 13, 13, 12, 11]","chart_r_jut":"[125, 250, 375, 500, 625, 750, 875, 1000, 1125, 1250, 1375, 1500, 1625, 1750, 1875, 2000, 2250, 2500, 2750, 3000, 3250, 3500, 3750, 4000, 4250, 4500, 4750, 5000, 5250, 5500, 5750, 6000, 6250, 6500, 6750, 7000, 7250, 7500, 7750, 8000, 8250, 8500, 8750, 9000, 9250, 9500, 9750, 10000]","chart_mean_jut":"[6.72, 19.05, 28.88, 35.7, 38.64, 39.85, 40.76, 41.38, 41.27, 40.58, 39.18, 37.86, 36.9, 36.0, 35.12, 34.28, 33.12, 32.89, 33.32, 35.11, 37.95, 40.98, 43.28, 45.06, 46.78, 48.66, 50.69, 52.9, 55.25, 57.57, 59.67, 61.5, 63.23, 64.87, 66.39, 67.76, 68.99, 70.14, 71.14, 71.98, 72.65, 73.19, 73.63, 74.03, 74.36, 74.61, 74.74, 74.79]","chart_max_jut":"[28.86, 51.28, 84.87, 100.18, 117.24, 127.51, 137.95, 146.04, 158.19, 170.92, 170.92, 174.04, 174.04, 174.04, 174.04, 174.04, 174.04, 174.04, 174.04, 174.04, 174.04, 174.04, 174.04, 174.04, 174.04, 174.04, 174.04, 174.04, 174.04, 174.04, 174.04, 174.04, 174.04, 174.04, 174.04, 174.04, 174.04, 174.04, 174.04, 174.04, 174.04, 174.04, 174.04, 174.04, 174.04, 174.04, 174.04, 174.04]","chart_jut_rk":"[72, 71, 70, 67, 68, 69, 69, 70, 69, 69, 70, 71, 73, 72, 72, 72, 71, 70, 70, 70, 67, 64, 61, 58, 56, 52, 47, 43, 40, 37, 31, 29, 21, 18, 16, 15, 14, 13, 13, 12, 12, 11, 11, 11, 10, 10, 9, 9]"}},{"type":"Feature","geometry":{"type":"Point","coordinates":[120.610011,36.188676]},"properties":{"name":"931无名峰","elev":931,"rp":0.5639,"mean_relief_crp":0.4444,"mean_jut_crp":0.5972,"mean_ats_crp":0.7917,"max_jut_crp":0.5139,"max_ats_crp":0.4722,"max_jut":175.8402,"max_mean_jut":74.4624,"max_mean_jut_r":10000,"max_mean_jut_rp":0.6923,"max_fsi":0.0578,"max_fsi_r":250,"max_ats":54.1727,"max_ats_r":10000,"max_ats_rp":0.4462,"r_prominence":10000,"r_base":10000,"band_rp":"{\"极短距离\": 0.7778, \"短距离\": 0.7361, \"中短距离\": 0.8472, \"中距离\": 0.8472, \"中长距离\": 0.75, \"长距离\": 0.4167, \"超长距离\": 0.1667}","band_jut_rp":"{\"极短距离\": 0.8194, \"短距离\": 0.8333, \"中短距离\": 0.8611, \"中距离\": 0.8194, \"中长距离\": 0.6667, \"长距离\": 0.4306, \"超长距离\": 0.1667}","band_ats_rp":"{\"极短距离\": 0.7917, \"短距离\": 0.8056, \"中短距离\": 0.9167, \"中距离\": 0.9306, \"中长距离\": 0.875, \"长距离\": 0.7639, \"超长距离\": 0.2222}","chart_r":"[125, 250, 375, 500, 625, 750, 875, 1000, 1125, 1250, 1375, 1500, 1625, 1750, 1875, 2000, 2250, 2500, 2750, 3000, 3250, 3500, 3750, 4000, 4250, 4500, 4750, 5000, 5250, 5500, 5750, 6000, 6250, 6500, 6750, 7000, 7250, 7500, 7750, 8000, 8250, 8500, 8750, 9000, 9250, 9500, 9750, 10000]","chart_mx":"[113.0, 156.0, 201.0, 246.0, 292.0, 337.0, 369.0, 395.0, 417.0, 449.0, 477.0, 502.0, 531.0, 546.0, 561.0, 583.0, 607.0, 645.0, 677.0, 726.0, 751.0, 788.0, 818.0, 841.0, 860.0, 867.0, 904.0, 913.0, 922.0, 925.0, 927.0, 928.0, 930.0, 932.0, 932.0, 932.0, 932.0, 933.0, 933.0, 934.0, 934.0, 934.0, 934.0, 937.0, 937.0, 937.0, 937.0, 937.0]","chart_mn":"[44.33, 75.32, 98.8, 118.57, 139.07, 156.55, 170.07, 180.35, 188.94, 195.49, 200.98, 205.14, 209.14, 211.57, 212.77, 213.58, 219.38, 230.54, 243.79, 257.58, 272.9, 288.02, 301.79, 313.53, 324.8, 337.96, 352.67, 368.43, 385.72, 403.26, 421.3, 439.26, 457.2, 475.0, 493.21, 511.55, 529.76, 547.99, 565.97, 583.06, 598.65, 612.93, 626.38, 638.97, 650.55, 661.39, 671.7, 681.68]","chart_rk":"[48, 56, 57, 59, 58, 56, 55, 54, 54, 56, 60, 61, 62, 62, 64, 65, 66, 66, 63, 62, 61, 60, 58, 57, 55, 54, 52, 48, 42, 40, 38, 34, 30, 25, 19, 16, 16, 15, 14, 13, 13, 13, 12, 11, 11, 10, 9, 9]","chart_ats":"[8.6, 15.82, 18.94, 20.42, 22.34, 23.32, 24.14, 24.41, 24.59, 23.53, 22.37, 21.17, 19.99, 19.19, 18.31, 17.35, 16.93, 16.81, 17.11, 17.12, 17.84, 18.21, 18.54, 18.72, 18.93, 19.68, 19.93, 20.93, 22.18, 23.66, 25.3, 27.0, 28.74, 30.55, 32.58, 34.72, 36.91, 39.13, 41.4, 43.51, 45.42, 47.1, 48.65, 49.89, 51.12, 52.22, 53.23, 54.17]","chart_ats_rk":"[53, 53, 57, 60, 60, 59, 61, 58, 58, 57, 60, 64, 67, 67, 68, 70, 69, 69, 68, 68, 66, 65, 66, 65, 65, 64, 65, 65, 63, 62, 60, 58, 55, 51, 45, 41, 36, 33, 28, 22, 20, 17, 16, 14, 14, 14, 14, 12]","chart_r_jut":"[125, 250, 375, 500, 625, 750, 875, 1000, 1125, 1250, 1375, 1500, 1625, 1750, 1875, 2000, 2250, 2500, 2750, 3000, 3250, 3500, 3750, 4000, 4250, 4500, 4750, 5000, 5250, 5500, 5750, 6000, 6250, 6500, 6750, 7000, 7250, 7500, 7750, 8000, 8250, 8500, 8750, 9000, 9250, 9500, 9750, 10000]","chart_mean_jut":"[21.92, 32.76, 38.54, 42.37, 46.91, 50.2, 52.38, 53.45, 54.28, 54.05, 53.1, 51.8, 50.76, 49.51, 48.28, 47.35, 46.84, 47.03, 47.52, 48.26, 49.1, 49.82, 50.24, 50.21, 50.12, 50.48, 51.1, 51.87, 53.02, 54.28, 55.66, 57.04, 58.47, 59.94, 61.57, 63.26, 64.94, 66.62, 68.24, 69.7, 70.86, 71.78, 72.54, 73.17, 73.63, 73.98, 74.25, 74.46]","chart_max_jut":"[62.29, 83.95, 92.56, 105.98, 124.07, 136.62, 141.91, 144.86, 153.49, 153.49, 153.49, 161.69, 166.17, 166.17, 166.17, 166.7, 166.7, 166.7, 166.7, 172.69, 173.91, 173.91, 175.84, 175.84, 175.84, 175.84, 175.84, 175.84, 175.84, 175.84, 175.84, 175.84, 175.84, 175.84, 175.84, 175.84, 175.84, 175.84, 175.84, 175.84, 175.84, 175.84, 175.84, 175.84, 175.84, 175.84, 175.84, 175.84]","chart_jut_rk":"[48, 56, 60, 62, 62, 61, 59, 57, 57, 58, 61, 62, 63, 63, 63, 63, 63, 63, 60, 60, 56, 54, 52, 52, 50, 48, 46, 44, 43, 41, 40, 32, 31, 27, 22, 19, 17, 17, 15, 14, 13, 13, 12, 12, 11, 11, 11, 10]"}},{"type":"Feature","geometry":{"type":"Point","coordinates":[120.638577,36.168195]},"properties":{"name":"944无名峰","elev":944,"rp":0.2583,"mean_relief_crp":0.1667,"mean_jut_crp":0.25,"mean_ats_crp":0.4306,"max_jut_crp":0.2222,"max_ats_crp":0.2222,"max_jut":218.5849,"max_mean_jut":92.9819,"max_mean_jut_r":7500,"max_mean_jut_rp":0.3077,"max_fsi":0.072,"max_fsi_r":375,"max_ats":68.2913,"max_ats_r":10000,"max_ats_rp":0.1846,"r_prominence":7500,"r_base":10000,"band_rp":"{\"极短距离\": 0.8333, \"短距离\": 0.8611, \"中短距离\": 0.8056, \"中距离\": 0.6667, \"中长距离\": 0.3056, \"长距离\": 0.1111, \"超长距离\": 0.0972}","band_jut_rp":"{\"极短距离\": 0.8472, \"短距离\": 0.8611, \"中短距离\": 0.7778, \"中距离\": 0.6111, \"中长距离\": 0.2361, \"长距离\": 0.0833, \"超长距离\": 0.0972}","band_ats_rp":"{\"极短距离\": 0.8056, \"短距离\": 0.8611, \"中短距离\": 0.8611, \"中距离\": 0.8333, \"中长距离\": 0.6111, \"长距离\": 0.1944, \"超长距离\": 0.1111}","chart_r":"[125, 250, 375, 500, 625, 750, 875, 1000, 1125, 1250, 1375, 1500, 1625, 1750, 1875, 2000, 2250, 2500, 2750, 3000, 3250, 3500, 3750, 4000, 4250, 4500, 4750, 5000, 5250, 5500, 5750, 6000, 6250, 6500, 6750, 7000, 7250, 7500, 7750, 8000, 8250, 8500, 8750, 9000, 9250, 9500, 9750, 10000]","chart_mx":"[94.0, 151.0, 193.0, 246.0, 280.0, 312.0, 363.0, 412.0, 445.0, 481.0, 509.0, 532.0, 550.0, 576.0, 592.0, 611.0, 648.0, 687.0, 739.0, 770.0, 808.0, 860.0, 886.0, 943.0, 945.0, 945.0, 945.0, 945.0, 945.0, 945.0, 945.0, 945.0, 945.0, 947.0, 947.0, 947.0, 947.0, 947.0, 947.0, 947.0, 949.0, 949.0, 949.0, 949.0, 949.0, 949.0, 949.0, 949.0]","chart_mn":"[41.89, 70.1, 98.48, 119.92, 133.35, 143.42, 156.99, 171.95, 182.82, 191.18, 199.14, 205.97, 212.67, 219.7, 227.28, 235.03, 250.84, 270.17, 291.37, 313.01, 334.22, 355.41, 376.58, 397.45, 417.74, 438.76, 460.27, 480.54, 499.72, 517.71, 534.69, 550.9, 566.74, 582.7, 597.88, 611.63, 624.46, 636.39, 647.39, 657.92, 667.84, 677.37, 686.55, 695.4, 703.82, 712.03, 719.95, 727.58]","chart_rk":"[57, 61, 58, 58, 64, 63, 63, 59, 58, 61, 61, 60, 60, 59, 58, 58, 57, 57, 52, 45, 42, 37, 35, 31, 25, 19, 18, 15, 12, 10, 10, 9, 8, 9, 9, 8, 8, 8, 8, 8, 8, 8, 8, 8, 8, 8, 8, 7]","chart_ats":"[9.21, 13.73, 19.46, 21.1, 21.3, 20.92, 20.74, 21.34, 21.72, 21.35, 21.27, 21.13, 21.17, 20.98, 21.25, 21.35, 21.62, 22.59, 23.54, 25.22, 26.59, 27.56, 29.49, 30.46, 33.26, 36.41, 39.68, 42.7, 45.52, 48.1, 50.41, 52.55, 54.59, 56.53, 58.4, 59.95, 61.31, 62.48, 63.47, 64.34, 64.96, 65.61, 66.2, 66.73, 67.18, 67.6, 67.97, 68.29]","chart_ats_rk":"[47, 60, 54, 57, 62, 65, 65, 63, 63, 65, 65, 65, 62, 64, 63, 63, 62, 62, 62, 59, 57, 57, 54, 52, 50, 44, 35, 31, 27, 21, 16, 15, 14, 11, 9, 9, 8, 7, 7, 7, 8, 9, 9, 8, 8, 8, 8, 8]","chart_r_jut":"[125, 250, 375, 500, 625, 750, 875, 1000, 1125, 1250, 1375, 1500, 1625, 1750, 1875, 2000, 2250, 2500, 2750, 3000, 3250, 3500, 3750, 4000, 4250, 4500, 4750, 5000, 5250, 5500, 5750, 6000, 6250, 6500, 6750, 7000, 7250, 7500, 7750, 8000, 8250, 8500, 8750, 9000, 9250, 9500, 9750, 10000]","chart_mean_jut":"[20.66, 29.57, 38.14, 43.29, 44.73, 45.51, 47.95, 51.13, 52.87, 53.71, 54.37, 54.59, 54.75, 54.99, 55.35, 55.51, 55.85, 57.45, 59.7, 62.04, 64.28, 66.68, 69.37, 72.26, 75.25, 78.41, 81.47, 83.98, 86.09, 87.79, 89.1, 90.15, 91.03, 91.87, 92.5, 92.83, 92.97, 92.98, 92.84, 92.62, 92.3, 91.93, 91.51, 91.07, 90.58, 90.1, 89.59, 89.07]","chart_max_jut":"[53.62, 72.44, 84.14, 104.41, 115.72, 117.73, 140.2, 154.94, 166.15, 171.38, 175.04, 176.82, 179.49, 179.49, 179.49, 179.49, 180.18, 185.07, 192.05, 194.13, 196.29, 202.0, 205.34, 218.58, 218.58, 218.58, 218.58, 218.58, 218.58, 218.58, 218.58, 218.58, 218.58, 218.58, 218.58, 218.58, 218.58, 218.58, 218.58, 218.58, 218.58, 218.58, 218.58, 218.58, 218.58, 218.58, 218.58, 218.58]","chart_jut_rk":"[53, 62, 61, 60, 64, 65, 63, 61, 59, 59, 57, 59, 57, 57, 57, 56, 54, 50, 45, 44, 37, 36, 27, 24, 19, 16, 13, 10, 8, 7, 7, 7, 7, 6, 6, 6, 6, 7, 7, 8, 8, 8, 7, 7, 7, 7, 7, 7]"}},{"type":"Feature","geometry":{"type":"Point","coordinates":[120.64801025390624,36.167925]},"properties":{"name":"972无名峰","elev":972,"rp":0.0361,"mean_relief_crp":0.0139,"mean_jut_crp":0.0139,"mean_ats_crp":0.0833,"max_jut_crp":0.0,"max_ats_crp":0.0694,"max_jut":287.8285,"max_mean_jut":111.2695,"max_mean_jut_r":6000,"max_mean_jut_rp":0.1385,"max_fsi":0.0806,"max_fsi_r":250,"max_ats":78.7093,"max_ats_r":9250,"max_ats_rp":0.0769,"r_prominence":6000,"r_base":9250,"band_rp":"{\"极短距离\": 0.3056, \"短距离\": 0.2361, \"中短距离\": 0.2639, \"中距离\": 0.2083, \"中长距离\": 0.0417, \"长距离\": 0.0278, \"超长距离\": 0.0139}","band_jut_rp":"{\"极短距离\": 0.2917, \"短距离\": 0.2639, \"中短距离\": 0.2361, \"中距离\": 0.125, \"中长距离\": 0.0139, \"长距离\": 0.0139, \"超长距离\": 0.0139}","band_ats_rp":"{\"极短距离\": 0.3472, \"短距离\": 0.3472, \"中短距离\": 0.4861, \"中距离\": 0.4861, \"中长距离\": 0.1667, \"长距离\": 0.0417, \"超长距离\": 0.0139}","chart_r":"[125, 250, 375, 500, 625, 750, 875, 1000, 1125, 1250, 1375, 1500, 1625, 1750, 1875, 2000, 2250, 2500, 2750, 3000, 3250, 3500, 3750, 4000, 4250, 4500, 4750, 5000, 5250, 5500, 5750, 6000, 6250, 6500, 6750, 7000, 7250, 7500, 7750, 8000, 8250, 8500, 8750, 9000, 9250, 9500, 9750, 10000]","chart_mx":"[146.0, 210.0, 264.0, 302.0, 347.0, 388.0, 424.0, 474.0, 508.0, 535.0, 568.0, 594.0, 612.0, 640.0, 670.0, 706.0, 769.0, 812.0, 862.0, 936.0, 971.0, 973.0, 973.0, 973.0, 973.0, 973.0, 973.0, 973.0, 973.0, 973.0, 973.0, 973.0, 973.0, 973.0, 973.0, 975.0, 975.0, 975.0, 975.0, 975.0, 975.0, 975.0, 977.0, 977.0, 977.0, 977.0, 977.0, 978.0]","chart_mn":"[60.46, 96.54, 122.0, 151.5, 179.31, 202.1, 218.82, 234.94, 248.94, 261.5, 274.15, 286.12, 297.86, 308.65, 318.08, 327.04, 345.66, 365.26, 383.61, 401.66, 419.82, 439.62, 460.22, 479.93, 497.53, 513.88, 530.02, 545.65, 561.25, 577.28, 592.92, 607.09, 620.35, 633.06, 645.67, 658.34, 671.04, 683.27, 694.2, 703.73, 712.55, 720.98, 729.06, 736.74, 744.08, 751.08, 757.69, 764.1]","chart_rk":"[9, 21, 34, 27, 24, 20, 19, 19, 21, 21, 22, 23, 20, 19, 20, 19, 19, 18, 17, 15, 13, 12, 9, 5, 4, 4, 4, 4, 4, 4, 3, 3, 3, 3, 3, 2, 2, 2, 2, 2, 2, 2, 2, 2, 3, 3, 4, 4]","chart_ats":"[15.8, 24.27, 27.05, 33.77, 38.86, 42.12, 43.2, 42.59, 42.66, 42.84, 42.72, 42.95, 43.7, 43.51, 42.97, 42.21, 41.85, 42.9, 43.14, 42.23, 43.26, 46.11, 49.29, 52.34, 54.9, 57.16, 59.34, 61.41, 63.47, 65.66, 67.76, 69.43, 70.82, 72.04, 73.21, 74.25, 75.45, 76.55, 77.36, 77.86, 78.21, 78.48, 78.52, 78.65, 78.71, 78.71, 78.64, 78.47]","chart_ats_rk":"[11, 21, 37, 31, 22, 21, 23, 29, 31, 35, 35, 36, 35, 36, 37, 38, 37, 37, 37, 35, 34, 32, 21, 16, 14, 10, 9, 8, 7, 5, 6, 4, 4, 4, 4, 3, 2, 2, 2, 2, 2, 2, 2, 2, 2, 2, 2, 2]","chart_r_jut":"[125, 250, 375, 500, 625, 750, 875, 1000, 1125, 1250, 1375, 1500, 1625, 1750, 1875, 2000, 2250, 2500, 2750, 3000, 3250, 3500, 3750, 4000, 4250, 4500, 4750, 5000, 5250, 5500, 5750, 6000, 6250, 6500, 6750, 7000, 7250, 7500, 7750, 8000, 8250, 8500, 8750, 9000, 9250, 9500, 9750, 10000]","chart_mean_jut":"[38.14, 52.8, 58.53, 67.31, 75.21, 80.86, 83.71, 85.94, 87.06, 87.64, 88.51, 89.17, 89.8, 90.23, 90.52, 91.12, 93.11, 95.36, 96.95, 98.4, 100.06, 102.05, 104.22, 106.11, 107.36, 108.23, 108.93, 109.5, 110.04, 110.67, 111.19, 111.27, 111.08, 110.72, 110.32, 109.96, 109.63, 109.24, 108.65, 107.87, 107.02, 106.14, 105.23, 104.3, 103.35, 102.38, 101.41, 100.44]","chart_max_jut":"[111.92, 136.81, 156.23, 163.44, 165.61, 179.26, 182.59, 205.68, 209.38, 213.74, 216.48, 221.61, 222.26, 222.26, 226.13, 237.09, 247.61, 254.06, 257.62, 279.59, 287.83, 287.83, 287.83, 287.83, 287.83, 287.83, 287.83, 287.83, 287.83, 287.83, 287.83, 287.83, 287.83, 287.83, 287.83, 287.83, 287.83, 287.83, 287.83, 287.83, 287.83, 287.83, 287.83, 287.83, 287.83, 287.83, 287.83, 287.83]","chart_jut_rk":"[9, 18, 31, 27, 27, 22, 20, 20, 20, 21, 20, 18, 18, 17, 16, 16, 15, 13, 11, 9, 5, 4, 2, 2, 2, 1, 2, 2, 2, 2, 2, 2, 2, 2, 2, 2, 2, 2, 2, 2, 2, 2, 2, 2, 2, 2, 2, 2]"}},{"type":"Feature","geometry":{"type":"Point","coordinates":[121.336568,37.126248]},"properties":{"name":"垛山612","elev":607,"rp":0.4389,"mean_relief_crp":0.4167,"mean_jut_crp":0.375,"mean_ats_crp":0.3472,"max_jut_crp":0.6667,"max_ats_crp":0.3889,"max_jut":160.6811,"max_mean_jut":86.3262,"max_mean_jut_r":1500,"max_mean_jut_rp":0.4308,"max_fsi":0.1091,"max_fsi_r":625,"max_ats":55.842,"max_ats_r":2250,"max_ats_rp":0.3538,"r_prominence":1500,"r_base":2250,"band_rp":"{\"极短距离\": 0.5556, \"短距离\": 0.3333, \"中短距离\": 0.2361, \"中距离\": 0.2778, \"中长距离\": 0.3889, \"长距离\": 0.5, \"超长距离\": 0.5278}","band_jut_rp":"{\"极短距离\": 0.625, \"短距离\": 0.4167, \"中短距离\": 0.2778, \"中距离\": 0.2917, \"中长距离\": 0.4028, \"长距离\": 0.5417, \"超长距离\": 0.5556}","band_ats_rp":"{\"极短距离\": 0.5417, \"短距离\": 0.3056, \"中短距离\": 0.25, \"中距离\": 0.25, \"中长距离\": 0.3056, \"长距离\": 0.4306, \"超长距离\": 0.5833}","chart_r":"[125, 250, 375, 500, 625, 750, 875, 1000, 1125, 1250, 1375, 1500, 1625, 1750, 1875, 2000, 2250, 2500, 2750, 3000, 3250, 3500, 3750, 4000, 4250, 4500, 4750, 5000, 5250, 5500, 5750, 6000, 6250, 6500, 6750, 7000, 7250, 7500, 7750, 8000, 8250, 8500, 8750, 9000, 9250, 9500, 9750, 10000]","chart_mx":"[102.0, 177.0, 234.0, 278.0, 301.0, 347.0, 379.0, 415.0, 437.0, 452.0, 467.0, 476.0, 485.0, 487.0, 496.0, 502.0, 512.0, 520.0, 529.0, 534.0, 542.0, 545.0, 551.0, 554.0, 556.0, 559.0, 562.0, 564.0, 565.0, 568.0, 568.0, 569.0, 571.0, 574.0, 574.0, 581.0, 623.0, 623.0, 623.0, 623.0, 623.0, 623.0, 623.0, 623.0, 623.0, 623.0, 623.0, 623.0]","chart_mn":"[42.22, 86.23, 120.4, 145.05, 168.08, 191.07, 212.73, 231.23, 249.3, 264.92, 278.66, 290.87, 301.73, 311.58, 320.95, 329.4, 343.88, 355.82, 366.14, 375.69, 383.65, 390.86, 397.77, 404.49, 410.16, 415.44, 420.52, 425.09, 429.19, 432.8, 435.71, 438.41, 440.84, 442.69, 444.44, 446.36, 448.18, 449.91, 451.21, 452.16, 452.96, 453.5, 453.91, 454.23, 454.67, 455.12, 455.57, 456.0]","chart_rk":"[56, 44, 37, 37, 33, 32, 26, 22, 20, 20, 20, 19, 18, 18, 17, 17, 20, 21, 21, 22, 23, 25, 26, 27, 29, 29, 32, 33, 33, 33, 34, 36, 37, 39, 39, 39, 40, 40, 40, 40, 40, 39, 39, 40, 41, 41, 41, 41]","chart_ats":"[8.38, 20.1, 28.04, 31.81, 36.85, 39.22, 42.71, 44.3, 47.15, 49.63, 51.22, 52.75, 53.69, 55.0, 55.37, 55.74, 55.84, 55.36, 54.36, 53.67, 52.37, 51.48, 50.37, 49.58, 48.71, 47.75, 46.83, 45.96, 45.13, 44.11, 43.24, 42.3, 41.3, 40.17, 39.3, 38.04, 34.78, 34.1, 33.38, 32.65, 31.94, 31.23, 30.53, 29.85, 29.22, 28.62, 28.05, 27.5]","chart_ats_rk":"[57, 41, 33, 33, 28, 27, 25, 24, 24, 22, 21, 21, 20, 19, 18, 17, 18, 19, 20, 18, 19, 18, 18, 21, 23, 23, 25, 27, 28, 29, 30, 31, 32, 34, 34, 36, 40, 41, 41, 42, 42, 42, 43, 44, 44, 44, 44, 44]","chart_r_jut":"[125, 250, 375, 500, 625, 750, 875, 1000, 1125, 1250, 1375, 1500, 1625, 1750, 1875, 2000, 2250, 2500, 2750, 3000, 3250, 3500, 3750, 4000, 4250, 4500, 4750, 5000, 5250, 5500, 5750, 6000, 6250, 6500, 6750, 7000, 7250, 7500, 7750, 8000, 8250, 8500, 8750, 9000, 9250, 9500, 9750, 10000]","chart_mean_jut":"[20.25, 41.25, 54.49, 60.97, 65.99, 71.22, 76.1, 79.5, 82.65, 84.68, 85.85, 86.33, 86.3, 85.97, 85.58, 84.94, 83.14, 80.91, 78.54, 76.29, 73.98, 71.79, 69.77, 67.91, 66.03, 64.25, 62.59, 60.97, 59.41, 57.89, 56.36, 54.9, 53.49, 52.08, 50.75, 49.52, 48.34, 47.21, 46.09, 44.99, 43.93, 42.9, 41.9, 40.94, 40.04, 39.18, 38.36, 37.57]","chart_max_jut":"[55.32, 103.82, 126.84, 133.76, 134.0, 143.8, 152.09, 156.87, 160.68, 160.68, 160.68, 160.68, 160.68, 160.68, 160.68, 160.68, 160.68, 160.68, 160.68, 160.68, 160.68, 160.68, 160.68, 160.68, 160.68, 160.68, 160.68, 160.68, 160.68, 160.68, 160.68, 160.68, 160.68, 160.68, 160.68, 160.68, 160.68, 160.68, 160.68, 160.68, 160.68, 160.68, 160.68, 160.68, 160.68, 160.68, 160.68, 160.68]","chart_jut_rk":"[56, 48, 39, 41, 36, 34, 31, 29, 25, 23, 22, 23, 21, 20, 21, 21, 22, 22, 22, 23, 24, 26, 26, 29, 30, 30, 31, 32, 32, 34, 37, 40, 40, 40, 40, 40, 40, 40, 41, 41, 41, 41, 41, 41, 41, 41, 41, 42]"}},{"type":"Feature","geometry":{"type":"Point","coordinates":[120.014967,36.946764]},"properties":{"name":"大姑顶729","elev":721,"rp":0.3556,"mean_relief_crp":0.3194,"mean_jut_crp":0.2778,"mean_ats_crp":0.2083,"max_jut_crp":0.5556,"max_ats_crp":0.4167,"max_jut":171.84,"max_mean_jut":92.5434,"max_mean_jut_r":1375,"max_mean_jut_rp":0.3231,"max_fsi":0.1163,"max_fsi_r":750,"max_ats":55.6053,"max_ats_r":1375,"max_ats_rp":0.3846,"r_prominence":1375,"r_base":1375,"band_rp":"{\"极短距离\": 0.2361, \"短距离\": 0.2083, \"中短距离\": 0.2083, \"中距离\": 0.25, \"中长距离\": 0.2917, \"长距离\": 0.3194, \"超长距离\": 0.3056}","band_jut_rp":"{\"极短距离\": 0.2639, \"短距离\": 0.2083, \"中短距离\": 0.2083, \"中距离\": 0.2639, \"中长距离\": 0.3333, \"长距离\": 0.3611, \"超长距离\": 0.3472}","band_ats_rp":"{\"极短距离\": 0.3194, \"短距离\": 0.1806, \"中短距离\": 0.2222, \"中距离\": 0.2778, \"中长距离\": 0.25, \"长距离\": 0.3194, \"超长距离\": 0.3472}","chart_r":"[125, 250, 375, 500, 625, 750, 875, 1000, 1125, 1250, 1375, 1500, 1625, 1750, 1875, 2000, 2250, 2500, 2750, 3000, 3250, 3500, 3750, 4000, 4250, 4500, 4750, 5000, 5250, 5500, 5750, 6000, 6250, 6500, 6750, 7000, 7250, 7500, 7750, 8000, 8250, 8500, 8750, 9000, 9250, 9500, 9750, 10000]","chart_mx":"[131.0, 220.0, 274.0, 309.0, 346.0, 371.0, 396.0, 420.0, 438.0, 460.0, 478.0, 493.0, 503.0, 515.0, 527.0, 535.0, 559.0, 577.0, 586.0, 591.0, 595.0, 601.0, 605.0, 607.0, 610.0, 616.0, 617.0, 620.0, 621.0, 626.0, 627.0, 627.0, 629.0, 631.0, 634.0, 635.0, 636.0, 637.0, 642.0, 645.0, 645.0, 647.0, 649.0, 650.0, 651.0, 653.0, 655.0, 655.0]","chart_mn":"[51.7, 98.16, 130.23, 159.09, 184.13, 206.84, 225.79, 242.62, 258.86, 274.65, 287.21, 297.62, 306.83, 315.47, 322.63, 329.11, 343.07, 357.79, 370.96, 384.08, 396.54, 406.41, 413.94, 420.5, 427.1, 433.07, 438.11, 442.83, 447.86, 453.04, 458.65, 464.15, 469.26, 473.74, 477.97, 482.31, 486.77, 491.37, 496.16, 501.06, 505.69, 510.0, 513.8, 516.97, 519.64, 522.19, 524.62, 526.97]","chart_rk":"[28, 20, 22, 20, 16, 15, 15, 16, 15, 14, 14, 14, 16, 16, 16, 18, 21, 19, 19, 18, 19, 19, 19, 20, 21, 23, 22, 23, 24, 24, 23, 22, 24, 26, 26, 26, 28, 27, 27, 23, 23, 23, 23, 23, 23, 23, 23, 23]","chart_ats":"[11.27, 23.48, 30.34, 37.19, 41.77, 46.56, 49.38, 51.24, 53.54, 55.11, 55.61, 55.55, 55.6, 55.32, 54.65, 54.22, 53.03, 52.72, 52.75, 53.21, 53.66, 53.23, 52.41, 51.62, 50.85, 49.77, 48.96, 48.02, 47.38, 46.54, 46.16, 45.87, 45.37, 44.79, 44.13, 43.66, 43.26, 42.91, 42.36, 42.0, 41.81, 41.46, 41.04, 40.61, 40.11, 39.56, 39.02, 38.61]","chart_ats_rk":"[34, 23, 27, 19, 19, 16, 14, 15, 14, 14, 15, 16, 16, 17, 19, 20, 21, 25, 23, 20, 15, 16, 16, 17, 19, 20, 21, 21, 23, 25, 25, 24, 25, 24, 23, 23, 22, 23, 26, 26, 25, 25, 26, 26, 26, 26, 27, 26]","chart_r_jut":"[125, 250, 375, 500, 625, 750, 875, 1000, 1125, 1250, 1375, 1500, 1625, 1750, 1875, 2000, 2250, 2500, 2750, 3000, 3250, 3500, 3750, 4000, 4250, 4500, 4750, 5000, 5250, 5500, 5750, 6000, 6250, 6500, 6750, 7000, 7250, 7500, 7750, 8000, 8250, 8500, 8750, 9000, 9250, 9500, 9750, 10000]","chart_mean_jut":"[28.55, 52.62, 63.84, 72.24, 78.49, 83.52, 86.61, 88.71, 90.6, 92.3, 92.54, 92.01, 91.14, 90.32, 89.27, 88.14, 86.4, 85.02, 83.33, 81.87, 80.52, 78.72, 76.6, 74.51, 72.63, 70.79, 68.96, 67.23, 65.7, 64.31, 63.1, 61.96, 60.81, 59.65, 58.53, 57.48, 56.52, 55.62, 54.81, 54.06, 53.33, 52.6, 51.84, 51.05, 50.25, 49.47, 48.72, 47.99]","chart_max_jut":"[90.45, 147.18, 167.8, 171.84, 171.84, 171.84, 171.84, 171.84, 171.84, 171.84, 171.84, 171.84, 171.84, 171.84, 171.84, 171.84, 171.84, 171.84, 171.84, 171.84, 171.84, 171.84, 171.84, 171.84, 171.84, 171.84, 171.84, 171.84, 171.84, 171.84, 171.84, 171.84, 171.84, 171.84, 171.84, 171.84, 171.84, 171.84, 171.84, 171.84, 171.84, 171.84, 171.84, 171.84, 171.84, 171.84, 171.84, 171.84]","chart_jut_rk":"[29, 19, 22, 23, 18, 16, 17, 16, 14, 14, 15, 15, 16, 16, 17, 17, 19, 20, 20, 20, 21, 22, 23, 22, 23, 24, 24, 25, 25, 27, 25, 24, 27, 28, 29, 29, 29, 29, 28, 27, 27, 26, 25, 25, 25, 25, 24, 24]"}},{"type":"Feature","geometry":{"type":"Point","coordinates":[120.01873779296876,36.999316]},"properties":{"name":"大泽山736","elev":723,"rp":0.1833,"mean_relief_crp":0.2361,"mean_jut_crp":0.125,"mean_ats_crp":0.125,"max_jut_crp":0.25,"max_ats_crp":0.1806,"max_jut":214.9465,"max_mean_jut":110.4566,"max_mean_jut_r":1750,"max_mean_jut_rp":0.1538,"max_fsi":0.1143,"max_fsi_r":250,"max_ats":70.4393,"max_ats_r":3000,"max_ats_rp":0.1538,"r_prominence":1750,"r_base":3000,"band_rp":"{\"极短距离\": 0.0417, \"短距离\": 0.0556, \"中短距离\": 0.0833, \"中距离\": 0.0833, \"中长距离\": 0.1944, \"长距离\": 0.3333, \"超长距离\": 0.4028}","band_jut_rp":"{\"极短距离\": 0.0417, \"短距离\": 0.0694, \"中短距离\": 0.0833, \"中距离\": 0.0556, \"中长距离\": 0.1944, \"长距离\": 0.2778, \"超长距离\": 0.375}","band_ats_rp":"{\"极短距离\": 0.0417, \"短距离\": 0.1111, \"中短距离\": 0.0694, \"中距离\": 0.0556, \"中长距离\": 0.125, \"长距离\": 0.2778, \"超长距离\": 0.4167}","chart_r":"[125, 250, 375, 500, 625, 750, 875, 1000, 1125, 1250, 1375, 1500, 1625, 1750, 1875, 2000, 2250, 2500, 2750, 3000, 3250, 3500, 3750, 4000, 4250, 4500, 4750, 5000, 5250, 5500, 5750, 6000, 6250, 6500, 6750, 7000, 7250, 7500, 7750, 8000, 8250, 8500, 8750, 9000, 9250, 9500, 9750, 10000]","chart_mx":"[129.0, 216.0, 287.0, 346.0, 349.0, 405.0, 440.0, 465.0, 495.0, 517.0, 536.0, 546.0, 570.0, 584.0, 598.0, 598.0, 601.0, 610.0, 616.0, 616.0, 620.0, 623.0, 625.0, 627.0, 629.0, 631.0, 633.0, 635.0, 636.0, 637.0, 638.0, 638.0, 639.0, 639.0, 642.0, 663.0, 663.0, 663.0, 663.0, 663.0, 663.0, 663.0, 663.0, 663.0, 663.0, 663.0, 663.0, 666.0]","chart_mn":"[62.18, 115.41, 151.98, 180.91, 203.01, 223.4, 244.45, 265.3, 282.87, 298.32, 313.65, 328.62, 342.32, 354.28, 364.05, 372.39, 388.84, 405.04, 419.49, 431.51, 440.38, 445.13, 447.74, 450.75, 452.97, 454.4, 456.12, 457.1, 458.02, 459.49, 461.16, 463.01, 465.5, 468.37, 471.4, 474.63, 477.9, 481.13, 484.08, 486.73, 489.04, 491.15, 493.19, 495.36, 497.64, 500.12, 502.64, 505.22]","chart_rk":"[7, 3, 3, 4, 6, 5, 5, 5, 5, 5, 6, 6, 5, 6, 6, 6, 6, 6, 6, 6, 9, 9, 11, 12, 15, 16, 19, 19, 21, 20, 21, 23, 25, 28, 28, 29, 29, 29, 29, 30, 30, 30, 30, 30, 31, 30, 30, 29]","chart_ats":"[18.36, 35.9, 43.02, 46.84, 54.32, 53.09, 55.49, 59.21, 60.53, 61.72, 63.27, 65.83, 66.17, 67.01, 66.97, 67.92, 69.43, 70.04, 70.29, 70.44, 69.14, 66.79, 64.12, 61.8, 59.44, 57.04, 54.92, 52.81, 50.96, 49.36, 47.94, 46.74, 45.66, 44.79, 43.81, 41.76, 41.15, 40.58, 40.0, 39.41, 38.79, 38.19, 37.61, 37.07, 36.59, 36.15, 35.75, 35.21]","chart_ats_rk":"[5, 4, 5, 7, 6, 9, 9, 9, 10, 10, 10, 7, 7, 7, 8, 6, 5, 5, 5, 5, 5, 8, 8, 8, 9, 11, 13, 14, 14, 17, 19, 21, 23, 23, 24, 26, 27, 29, 30, 30, 31, 32, 32, 32, 32, 32, 32, 33]","chart_r_jut":"[125, 250, 375, 500, 625, 750, 875, 1000, 1125, 1250, 1375, 1500, 1625, 1750, 1875, 2000, 2250, 2500, 2750, 3000, 3250, 3500, 3750, 4000, 4250, 4500, 4750, 5000, 5250, 5500, 5750, 6000, 6250, 6500, 6750, 7000, 7250, 7500, 7750, 8000, 8250, 8500, 8750, 9000, 9250, 9500, 9750, 10000]","chart_mean_jut":"[38.1, 67.18, 81.25, 89.59, 93.39, 96.24, 99.88, 103.79, 105.92, 106.96, 108.13, 109.37, 110.19, 110.46, 110.0, 109.07, 107.31, 105.49, 103.22, 100.56, 97.35, 93.48, 89.5, 85.96, 82.53, 79.21, 76.22, 73.37, 70.76, 68.43, 66.33, 64.41, 62.68, 61.11, 59.66, 58.33, 57.09, 55.92, 54.78, 53.68, 52.59, 51.55, 50.55, 49.62, 48.74, 47.92, 47.15, 46.42]","chart_max_jut":"[84.67, 136.06, 162.98, 214.95, 214.95, 214.95, 214.95, 214.95, 214.95, 214.95, 214.95, 214.95, 214.95, 214.95, 214.95, 214.95, 214.95, 214.95, 214.95, 214.95, 214.95, 214.95, 214.95, 214.95, 214.95, 214.95, 214.95, 214.95, 214.95, 214.95, 214.95, 214.95, 214.95, 214.95, 214.95, 214.95, 214.95, 214.95, 214.95, 214.95, 214.95, 214.95, 214.95, 214.95, 214.95, 214.95, 214.95, 214.95]","chart_jut_rk":"[10, 3, 6, 6, 7, 8, 8, 6, 6, 6, 7, 7, 7, 6, 7, 6, 6, 6, 5, 5, 8, 10, 11, 12, 14, 15, 17, 18, 20, 20, 20, 21, 23, 25, 26, 28, 28, 28, 29, 29, 29, 29, 28, 28, 27, 27, 26, 27]"}},{"type":"Feature","geometry":{"type":"Point","coordinates":[119.976968,35.787938]},"properties":{"name":"大珠山486","elev":499,"rp":0.4417,"mean_relief_crp":0.4028,"mean_jut_crp":0.4167,"mean_ats_crp":0.2778,"max_jut_crp":0.6111,"max_ats_crp":0.5,"max_jut":169.5339,"max_mean_jut":78.4182,"max_mean_jut_r":1125,"max_mean_jut_rp":0.6,"max_fsi":0.108,"max_fsi_r":375,"max_ats":54.0006,"max_ats_r":3750,"max_ats_rp":0.4769,"r_prominence":1125,"r_base":3750,"band_rp":"{\"极短距离\": 0.2639, \"短距离\": 0.4306, \"中短距离\": 0.4444, \"中距离\": 0.3889, \"中长距离\": 0.375, \"长距离\": 0.4306, \"超长距离\": 0.4583}","band_jut_rp":"{\"极短距离\": 0.2778, \"短距离\": 0.375, \"中短距离\": 0.4444, \"中距离\": 0.4167, \"中长距离\": 0.4167, \"长距离\": 0.5139, \"超长距离\": 0.5278}","band_ats_rp":"{\"极短距离\": 0.2778, \"短距离\": 0.3194, \"中短距离\": 0.4167, \"中距离\": 0.3333, \"中长距离\": 0.2083, \"长距离\": 0.25, \"超长距离\": 0.3611}","chart_r":"[125, 250, 375, 500, 625, 750, 875, 1000, 1125, 1250, 1375, 1500, 1625, 1750, 1875, 2000, 2250, 2500, 2750, 3000, 3250, 3500, 3750, 4000, 4250, 4500, 4750, 5000, 5250, 5500, 5750, 6000, 6250, 6500, 6750, 7000, 7250, 7500, 7750, 8000, 8250, 8500, 8750, 9000, 9250, 9500, 9750, 10000]","chart_mx":"[130.0, 205.0, 261.0, 309.0, 347.0, 368.0, 389.0, 401.0, 412.0, 432.0, 446.0, 455.0, 460.0, 469.0, 474.0, 478.0, 484.0, 488.0, 491.0, 494.0, 498.0, 500.0, 500.0, 501.0, 501.0, 501.0, 509.0, 509.0, 509.0, 509.0, 509.0, 509.0, 509.0, 509.0, 509.0, 509.0, 509.0, 509.0, 509.0, 509.0, 509.0, 509.0, 509.0, 509.0, 509.0, 509.0, 509.0, 509.0]","chart_mn":"[45.83, 98.6, 133.46, 159.35, 179.51, 194.91, 209.36, 223.19, 236.48, 247.32, 257.01, 266.96, 277.07, 286.49, 294.48, 302.71, 318.09, 333.07, 348.16, 362.97, 375.75, 387.29, 397.07, 405.33, 412.37, 418.67, 424.63, 430.24, 435.3, 439.73, 443.69, 447.17, 450.26, 453.11, 455.8, 458.31, 460.55, 462.58, 464.4, 466.06, 467.54, 468.85, 470.0, 471.04, 471.99, 472.8, 473.49, 474.14]","chart_rk":"[43, 18, 18, 19, 22, 27, 33, 32, 31, 33, 30, 31, 34, 34, 34, 34, 31, 31, 30, 30, 27, 27, 28, 26, 27, 27, 28, 29, 31, 31, 30, 31, 33, 33, 35, 34, 34, 34, 34, 34, 34, 34, 34, 35, 35, 35, 35, 36]","chart_ats":"[8.33, 25.3, 34.08, 38.15, 39.96, 41.14, 41.9, 43.46, 45.01, 44.64, 44.53, 45.05, 46.1, 46.48, 46.74, 47.25, 48.27, 49.45, 50.83, 52.28, 53.03, 53.65, 54.0, 53.85, 53.54, 53.08, 51.79, 51.3, 50.73, 50.07, 49.36, 48.58, 47.78, 46.97, 46.19, 45.41, 44.63, 43.85, 43.07, 42.3, 41.53, 40.78, 40.02, 39.29, 38.57, 37.86, 37.16, 36.49]","chart_ats_rk":"[58, 18, 16, 16, 21, 24, 26, 27, 26, 29, 32, 32, 31, 31, 31, 31, 30, 27, 27, 24, 16, 15, 15, 15, 15, 16, 17, 16, 16, 16, 17, 18, 19, 20, 20, 20, 20, 20, 22, 25, 26, 27, 28, 29, 29, 29, 29, 29]","chart_r_jut":"[125, 250, 375, 500, 625, 750, 875, 1000, 1125, 1250, 1375, 1500, 1625, 1750, 1875, 2000, 2250, 2500, 2750, 3000, 3250, 3500, 3750, 4000, 4250, 4500, 4750, 5000, 5250, 5500, 5750, 6000, 6250, 6500, 6750, 7000, 7250, 7500, 7750, 8000, 8250, 8500, 8750, 9000, 9250, 9500, 9750, 10000]","chart_mean_jut":"[23.63, 52.6, 66.64, 73.98, 77.25, 77.68, 77.86, 78.09, 78.42, 77.98, 77.27, 76.79, 76.54, 76.09, 75.23, 74.61, 73.44, 72.45, 71.69, 71.15, 70.28, 69.26, 68.0, 66.57, 65.04, 63.52, 62.07, 60.69, 59.32, 57.96, 56.62, 55.3, 54.01, 52.77, 51.58, 50.44, 49.32, 48.25, 47.2, 46.2, 45.22, 44.27, 43.35, 42.46, 41.6, 40.76, 39.95, 39.17]","chart_max_jut":"[66.78, 129.78, 152.41, 161.47, 169.53, 169.53, 169.53, 169.53, 169.53, 169.53, 169.53, 169.53, 169.53, 169.53, 169.53, 169.53, 169.53, 169.53, 169.53, 169.53, 169.53, 169.53, 169.53, 169.53, 169.53, 169.53, 169.53, 169.53, 169.53, 169.53, 169.53, 169.53, 169.53, 169.53, 169.53, 169.53, 169.53, 169.53, 169.53, 169.53, 169.53, 169.53, 169.53, 169.53, 169.53, 169.53, 169.53, 169.53]","chart_jut_rk":"[43, 20, 19, 19, 21, 26, 29, 32, 31, 31, 34, 33, 31, 33, 35, 35, 33, 33, 33, 30, 30, 30, 31, 32, 31, 31, 33, 33, 33, 33, 36, 38, 38, 39, 39, 39, 39, 39, 39, 40, 39, 39, 39, 39, 39, 39, 39, 39]"}},{"type":"Feature","geometry":{"type":"Point","coordinates":[120.090156,35.960684]},"properties":{"name":"大顶724","elev":707,"rp":0.0806,"mean_relief_crp":0.0278,"mean_jut_crp":0.0417,"mean_ats_crp":0.0139,"max_jut_crp":0.2639,"max_ats_crp":0.0556,"max_jut":205.5585,"max_mean_jut":116.9151,"max_mean_jut_r":2750,"max_mean_jut_rp":0.0923,"max_fsi":0.121,"max_fsi_r":375,"max_ats":84.4437,"max_ats_r":4250,"max_ats_rp":0.0615,"r_prominence":2750,"r_base":4250,"band_rp":"{\"极短距离\": 0.375, \"短距离\": 0.1944, \"中短距离\": 0.0972, \"中距离\": 0.0, \"中长距离\": 0.0, \"长距离\": 0.0417, \"超长距离\": 0.125}","band_jut_rp":"{\"极短距离\": 0.4028, \"短距离\": 0.1944, \"中短距离\": 0.0972, \"中距离\": 0.0139, \"中长距离\": 0.0, \"长距离\": 0.0694, \"超长距离\": 0.125}","band_ats_rp":"{\"极短距离\": 0.4167, \"短距离\": 0.2639, \"中短距离\": 0.1528, \"中距离\": 0.0417, \"中长距离\": 0.0139, \"长距离\": 0.0, \"超长距离\": 0.0694}","chart_r":"[125, 250, 375, 500, 625, 750, 875, 1000, 1125, 1250, 1375, 1500, 1625, 1750, 1875, 2000, 2250, 2500, 2750, 3000, 3250, 3500, 3750, 4000, 4250, 4500, 4750, 5000, 5250, 5500, 5750, 6000, 6250, 6500, 6750, 7000, 7250, 7500, 7750, 8000, 8250, 8500, 8750, 9000, 9250, 9500, 9750, 10000]","chart_mx":"[109.0, 189.0, 248.0, 317.0, 359.0, 403.0, 440.0, 473.0, 502.0, 523.0, 539.0, 556.0, 566.0, 585.0, 599.0, 610.0, 633.0, 650.0, 669.0, 676.0, 681.0, 684.0, 689.0, 695.0, 698.0, 700.0, 703.0, 706.0, 709.0, 710.0, 711.0, 711.0, 711.0, 711.0, 711.0, 711.0, 715.0, 715.0, 715.0, 715.0, 715.0, 715.0, 715.0, 715.0, 715.0, 715.0, 715.0, 715.0]","chart_mn":"[47.12, 90.25, 126.9, 155.97, 180.01, 199.67, 221.76, 245.35, 266.61, 284.62, 301.21, 317.91, 334.74, 351.35, 368.12, 384.08, 411.96, 436.33, 457.39, 475.14, 490.64, 504.8, 517.77, 530.36, 541.28, 550.41, 557.93, 564.71, 571.87, 578.77, 584.78, 589.99, 594.65, 599.18, 603.41, 607.36, 611.29, 614.95, 618.29, 621.21, 623.85, 626.48, 628.97, 631.26, 633.24, 635.01, 636.69, 638.33]","chart_rk":"[41, 35, 26, 24, 21, 21, 16, 14, 12, 9, 8, 8, 8, 8, 5, 4, 3, 2, 1, 1, 1, 1, 1, 1, 1, 1, 2, 3, 3, 3, 4, 4, 4, 6, 7, 9, 9, 9, 9, 10, 10, 10, 10, 12, 13, 13, 13, 15]","chart_ats":"[10.76, 21.52, 30.65, 34.12, 37.97, 39.5, 43.03, 47.52, 51.14, 53.95, 56.59, 59.17, 62.55, 64.82, 67.79, 70.8, 74.92, 78.25, 79.93, 81.75, 82.95, 83.92, 84.27, 84.44, 84.44, 84.02, 83.03, 81.89, 80.95, 80.24, 79.35, 78.41, 77.4, 76.42, 75.41, 74.4, 73.04, 72.08, 71.1, 70.08, 69.04, 68.06, 67.08, 66.11, 65.12, 64.12, 63.15, 62.2]","chart_ats_rk":"[37, 32, 25, 27, 23, 26, 24, 20, 16, 15, 14, 14, 12, 11, 6, 4, 4, 4, 4, 4, 4, 3, 2, 2, 2, 2, 1, 1, 1, 1, 1, 1, 1, 2, 2, 2, 3, 4, 4, 4, 4, 6, 8, 9, 9, 9, 9, 9]","chart_r_jut":"[125, 250, 375, 500, 625, 750, 875, 1000, 1125, 1250, 1375, 1500, 1625, 1750, 1875, 2000, 2250, 2500, 2750, 3000, 3250, 3500, 3750, 4000, 4250, 4500, 4750, 5000, 5250, 5500, 5750, 6000, 6250, 6500, 6750, 7000, 7250, 7500, 7750, 8000, 8250, 8500, 8750, 9000, 9250, 9500, 9750, 10000]","chart_mean_jut":"[24.9, 45.06, 59.9, 69.36, 75.73, 79.72, 85.37, 91.61, 96.3, 99.13, 101.26, 103.49, 105.76, 107.93, 110.3, 112.44, 115.13, 116.56, 116.92, 116.31, 115.13, 113.71, 112.14, 110.65, 108.89, 106.85, 104.62, 102.38, 100.36, 98.44, 96.47, 94.49, 92.55, 90.68, 88.86, 87.1, 85.43, 83.81, 82.22, 80.66, 79.13, 77.67, 76.26, 74.88, 73.52, 72.2, 70.91, 69.67]","chart_max_jut":"[63.61, 109.69, 143.03, 167.27, 176.99, 182.93, 196.63, 202.43, 205.04, 205.56, 205.56, 205.56, 205.56, 205.56, 205.56, 205.56, 205.56, 205.56, 205.56, 205.56, 205.56, 205.56, 205.56, 205.56, 205.56, 205.56, 205.56, 205.56, 205.56, 205.56, 205.56, 205.56, 205.56, 205.56, 205.56, 205.56, 205.56, 205.56, 205.56, 205.56, 205.56, 205.56, 205.56, 205.56, 205.56, 205.56, 205.56, 205.56]","chart_jut_rk":"[41, 34, 27, 26, 25, 25, 18, 14, 12, 9, 9, 8, 8, 8, 6, 5, 4, 2, 2, 1, 1, 1, 1, 1, 1, 3, 3, 3, 4, 4, 5, 6, 6, 7, 8, 9, 9, 9, 9, 9, 9, 10, 10, 10, 12, 12, 12, 12]"}},{"type":"Feature","geometry":{"type":"Point","coordinates":[120.626181,36.175471]},"properties":{"name":"崂顶1132","elev":1115,"rp":0.0222,"mean_relief_crp":0.0,"mean_jut_crp":0.0,"mean_ats_crp":0.0556,"max_jut_crp":0.0417,"max_ats_crp":0.0139,"max_jut":267.1136,"max_mean_jut":127.5364,"max_mean_jut_r":8250,"max_mean_jut_rp":0.0154,"max_fsi":0.0883,"max_fsi_r":125,"max_ats":99.0235,"max_ats_r":10000,"max_ats_rp":0.0154,"r_prominence":8250,"r_base":10000,"band_rp":"{\"极短距离\": 0.7361, \"短距离\": 0.2222, \"中短距离\": 0.1528, \"中距离\": 0.1111, \"中长距离\": 0.0139, \"长距离\": 0.0, \"超长距离\": 0.0}","band_jut_rp":"{\"极短距离\": 0.7639, \"短距离\": 0.3056, \"中短距离\": 0.1528, \"中距离\": 0.0972, \"中长距离\": 0.0278, \"长距离\": 0.0, \"超长距离\": 0.0}","band_ats_rp":"{\"极短距离\": 0.7639, \"短距离\": 0.4722, \"中短距离\": 0.375, \"中距离\": 0.3889, \"中长距离\": 0.1944, \"长距离\": 0.0139, \"超长距离\": 0.0}","chart_r":"[125, 250, 375, 500, 625, 750, 875, 1000, 1125, 1250, 1375, 1500, 1625, 1750, 1875, 2000, 2250, 2500, 2750, 3000, 3250, 3500, 3750, 4000, 4250, 4500, 4750, 5000, 5250, 5500, 5750, 6000, 6250, 6500, 6750, 7000, 7250, 7500, 7750, 8000, 8250, 8500, 8750, 9000, 9250, 9500, 9750, 10000]","chart_mx":"[87.0, 164.0, 250.0, 304.0, 355.0, 398.0, 450.0, 496.0, 539.0, 565.0, 585.0, 607.0, 631.0, 656.0, 680.0, 703.0, 765.0, 805.0, 849.0, 901.0, 933.0, 981.0, 1003.0, 1031.0, 1050.0, 1087.0, 1101.0, 1107.0, 1116.0, 1116.0, 1116.0, 1116.0, 1116.0, 1116.0, 1118.0, 1118.0, 1118.0, 1118.0, 1118.0, 1118.0, 1120.0, 1120.0, 1120.0, 1120.0, 1120.0, 1121.0, 1121.0, 1121.0]","chart_mn":"[40.34, 74.68, 106.79, 136.45, 166.86, 193.74, 218.39, 239.38, 256.89, 272.87, 288.3, 302.49, 315.57, 327.55, 339.41, 351.03, 371.56, 390.27, 408.44, 424.66, 442.62, 461.31, 481.24, 501.79, 521.46, 540.71, 560.55, 581.4, 602.99, 624.82, 646.88, 667.65, 686.69, 704.87, 722.49, 739.11, 754.72, 769.87, 784.19, 797.71, 810.63, 822.97, 834.58, 845.59, 856.19, 866.45, 876.22, 885.36]","chart_rk":"[58, 57, 53, 46, 35, 29, 21, 17, 17, 15, 12, 12, 12, 12, 13, 13, 13, 10, 9, 9, 7, 5, 3, 3, 2, 2, 1, 1, 1, 1, 1, 1, 1, 1, 1, 1, 1, 1, 1, 1, 1, 1, 1, 1, 1, 1, 1, 1]","chart_ats":"[8.48, 14.44, 18.7, 24.51, 30.86, 36.1, 39.43, 41.67, 42.68, 44.31, 46.18, 47.44, 48.14, 48.41, 48.73, 49.11, 48.08, 48.13, 47.84, 46.81, 47.41, 47.46, 49.16, 50.79, 52.69, 53.57, 55.7, 58.54, 61.43, 64.98, 68.73, 72.22, 75.28, 78.12, 80.68, 83.13, 85.33, 87.42, 89.29, 90.96, 92.31, 93.69, 94.88, 95.93, 96.89, 97.67, 98.42, 99.02]","chart_ats_rk":"[55, 58, 59, 52, 42, 37, 32, 31, 30, 31, 30, 29, 28, 28, 28, 29, 31, 28, 29, 31, 30, 30, 23, 18, 16, 15, 11, 10, 8, 6, 4, 2, 2, 1, 1, 1, 1, 1, 1, 1, 1, 1, 1, 1, 1, 1, 1, 1]","chart_r_jut":"[125, 250, 375, 500, 625, 750, 875, 1000, 1125, 1250, 1375, 1500, 1625, 1750, 1875, 2000, 2250, 2500, 2750, 3000, 3250, 3500, 3750, 4000, 4250, 4500, 4750, 5000, 5250, 5500, 5750, 6000, 6250, 6500, 6750, 7000, 7250, 7500, 7750, 8000, 8250, 8500, 8750, 9000, 9250, 9500, 9750, 10000]","chart_mean_jut":"[18.29, 31.71, 43.78, 54.61, 65.65, 74.17, 81.25, 86.35, 89.54, 91.75, 93.7, 95.19, 96.26, 96.94, 97.62, 98.35, 98.99, 99.29, 99.43, 99.33, 99.93, 100.92, 102.46, 104.35, 106.1, 107.69, 109.4, 111.45, 113.7, 116.07, 118.57, 120.73, 122.35, 123.68, 124.84, 125.75, 126.41, 126.95, 127.3, 127.48, 127.54, 127.5, 127.33, 127.06, 126.74, 126.37, 125.92, 125.38]","chart_max_jut":"[46.97, 76.91, 130.68, 146.53, 176.98, 187.58, 204.3, 218.54, 231.66, 235.62, 236.81, 236.81, 236.81, 236.81, 236.81, 236.81, 245.25, 249.26, 252.66, 260.61, 261.8, 267.11, 267.11, 267.11, 267.11, 267.11, 267.11, 267.11, 267.11, 267.11, 267.11, 267.11, 267.11, 267.11, 267.11, 267.11, 267.11, 267.11, 267.11, 267.11, 267.11, 267.11, 267.11, 267.11, 267.11, 267.11, 267.11, 267.11]","chart_jut_rk":"[59, 59, 54, 49, 37, 30, 26, 18, 15, 16, 13, 12, 12, 12, 11, 10, 11, 10, 8, 7, 6, 5, 4, 3, 3, 2, 1, 1, 1, 1, 1, 1, 1, 1, 1, 1, 1, 1, 1, 1, 1, 1, 1, 1, 1, 1, 1, 1]"}},{"type":"Feature","geometry":{"type":"Point","coordinates":[122.285728,36.855136]},"properties":{"name":"槎山539","elev":524,"rp":0.1084,"mean_relief_crp":0.1806,"mean_jut_crp":0.1111,"mean_ats_crp":0.0417,"max_jut_crp":0.1667,"max_ats_crp":0.0417,"max_jut":228.7167,"max_mean_jut":119.55,"max_mean_jut_r":1875,"max_mean_jut_rp":0.0462,"max_fsi":0.1689,"max_fsi_r":2250,"max_ats":90.5469,"max_ats_r":2250,"max_ats_rp":0.0462,"r_prominence":1875,"r_base":2250,"band_rp":"{\"极短距离\": 0.25, \"短距离\": 0.0417, \"中短距离\": 0.0278, \"中距离\": 0.0417, \"中长距离\": 0.1389, \"长距离\": 0.2222, \"超长距离\": 0.375}","band_jut_rp":"{\"极短距离\": 0.3056, \"短距离\": 0.0556, \"中短距离\": 0.0278, \"中距离\": 0.0417, \"中长距离\": 0.1389, \"长距离\": 0.2361, \"超长距离\": 0.3611}","band_ats_rp":"{\"极短距离\": 0.375, \"短距离\": 0.1389, \"中短距离\": 0.0278, \"中距离\": 0.0278, \"中长距离\": 0.0278, \"长距离\": 0.0833, \"超长距离\": 0.2917}","chart_r":"[125, 250, 375, 500, 625, 750, 875, 1000, 1125, 1250, 1375, 1500, 1625, 1750, 1875, 2000, 2250, 2500, 2750, 3000, 3250, 3500, 3750, 4000, 4250, 4500, 4750, 5000, 5250, 5500, 5750, 6000, 6250, 6500, 6750, 7000, 7250, 7500, 7750, 8000, 8250, 8500, 8750, 9000, 9250, 9500, 9750, 10000]","chart_mx":"[115.0, 188.0, 282.0, 362.0, 408.0, 445.0, 467.0, 483.0, 497.0, 501.0, 502.0, 507.0, 524.0, 524.0, 533.0, 534.0, 536.0, 536.0, 536.0, 536.0, 536.0, 536.0, 536.0, 536.0, 536.0, 536.0, 536.0, 553.0, 553.0, 553.0, 553.0, 553.0, 553.0, 553.0, 553.0, 572.0, 577.0, 580.0, 593.0, 593.0, 593.0, 593.0, 593.0, 593.0, 593.0, 593.0, 593.0, 593.0]","chart_mn":"[44.7, 92.29, 133.79, 167.95, 195.67, 221.48, 245.19, 268.25, 289.28, 308.17, 325.41, 341.78, 357.12, 371.65, 384.97, 396.73, 414.78, 427.65, 436.75, 444.46, 451.33, 457.32, 462.61, 467.23, 471.37, 475.32, 478.6, 481.17, 483.17, 484.85, 486.43, 488.22, 490.06, 491.66, 492.91, 494.03, 495.15, 496.16, 496.98, 497.65, 498.21, 498.77, 499.26, 499.54, 499.63, 499.55, 499.4, 499.2]","chart_rk":"[46, 31, 17, 12, 13, 6, 4, 4, 4, 4, 3, 3, 3, 2, 2, 2, 2, 3, 4, 4, 4, 8, 8, 9, 10, 11, 12, 14, 15, 16, 16, 17, 17, 18, 20, 22, 23, 23, 24, 26, 27, 27, 28, 28, 28, 31, 31, 32]","chart_ats":"[8.86, 22.69, 30.9, 36.58, 42.05, 47.24, 52.95, 59.03, 64.25, 69.68, 74.88, 79.04, 80.69, 84.54, 86.35, 88.65, 90.55, 90.43, 88.84, 86.92, 84.88, 82.75, 80.58, 78.41, 76.27, 74.26, 72.22, 67.97, 65.95, 63.98, 62.13, 60.46, 58.91, 57.41, 55.92, 52.68, 50.93, 49.44, 47.18, 46.04, 44.94, 43.9, 42.89, 41.9, 40.93, 39.97, 39.05, 38.16]","chart_ats_rk":"[49, 28, 23, 21, 18, 14, 12, 10, 8, 4, 2, 2, 3, 3, 3, 3, 3, 3, 3, 3, 3, 4, 4, 4, 3, 3, 3, 5, 6, 8, 7, 7, 7, 8, 11, 16, 17, 17, 17, 18, 22, 22, 23, 25, 25, 25, 26, 27]","chart_r_jut":"[125, 250, 375, 500, 625, 750, 875, 1000, 1125, 1250, 1375, 1500, 1625, 1750, 1875, 2000, 2250, 2500, 2750, 3000, 3250, 3500, 3750, 4000, 4250, 4500, 4750, 5000, 5250, 5500, 5750, 6000, 6250, 6500, 6750, 7000, 7250, 7500, 7750, 8000, 8250, 8500, 8750, 9000, 9250, 9500, 9750, 10000]","chart_mean_jut":"[22.81, 46.22, 65.12, 78.84, 87.67, 94.92, 100.86, 106.3, 110.39, 113.28, 115.52, 117.25, 118.4, 119.2, 119.55, 119.32, 117.01, 113.34, 109.04, 104.82, 100.8, 96.98, 93.37, 89.95, 86.73, 83.74, 80.88, 78.12, 75.48, 72.98, 70.63, 68.48, 66.48, 64.57, 62.73, 60.99, 59.35, 57.79, 56.3, 54.86, 53.49, 52.19, 50.95, 49.74, 48.57, 47.45, 46.36, 45.33]","chart_max_jut":"[69.71, 109.85, 158.8, 202.81, 224.23, 228.72, 228.72, 228.72, 228.72, 228.72, 228.72, 228.72, 228.72, 228.72, 228.72, 228.72, 228.72, 228.72, 228.72, 228.72, 228.72, 228.72, 228.72, 228.72, 228.72, 228.72, 228.72, 228.72, 228.72, 228.72, 228.72, 228.72, 228.72, 228.72, 228.72, 228.72, 228.72, 228.72, 228.72, 228.72, 228.72, 228.72, 228.72, 228.72, 228.72, 228.72, 228.72, 228.72]","chart_jut_rk":"[47, 32, 20, 13, 13, 10, 6, 5, 5, 4, 3, 3, 3, 3, 3, 2, 2, 4, 4, 4, 4, 6, 9, 9, 10, 13, 14, 15, 16, 17, 18, 18, 18, 19, 20, 22, 24, 25, 25, 26, 26, 27, 27, 27, 28, 30, 30, 31]"}},{"type":"Feature","geometry":{"type":"Point","coordinates":[120.163997,35.758024]},"properties":{"name":"歪头顶513","elev":471,"rp":0.1167,"mean_relief_crp":0.2778,"mean_jut_crp":0.1806,"mean_ats_crp":0.0278,"max_jut_crp":0.0694,"max_ats_crp":0.0278,"max_jut":242.5339,"max_mean_jut":113.5164,"max_mean_jut_r":1875,"max_mean_jut_rp":0.1077,"max_fsi":0.1977,"max_fsi_r":2250,"max_ats":93.3313,"max_ats_r":2250,"max_ats_rp":0.0308,"r_prominence":1875,"r_base":2250,"band_rp":"{\"极短距离\": 0.0972, \"短距离\": 0.0694, \"中短距离\": 0.0556, \"中距离\": 0.0694, \"中长距离\": 0.2222, \"长距离\": 0.3472, \"超长距离\": 0.4861}","band_jut_rp":"{\"极短距离\": 0.0833, \"短距离\": 0.0417, \"中短距离\": 0.0417, \"中距离\": 0.0833, \"中长距离\": 0.2083, \"长距离\": 0.3889, \"超长距离\": 0.4583}","band_ats_rp":"{\"极短距离\": 0.1944, \"短距离\": 0.0972, \"中短距离\": 0.0139, \"中距离\": 0.0139, \"中长距离\": 0.0417, \"长距离\": 0.0972, \"超长距离\": 0.25}","chart_r":"[125, 250, 375, 500, 625, 750, 875, 1000, 1125, 1250, 1375, 1500, 1625, 1750, 1875, 2000, 2250, 2500, 2750, 3000, 3250, 3500, 3750, 4000, 4250, 4500, 4750, 5000, 5250, 5500, 5750, 6000, 6250, 6500, 6750, 7000, 7250, 7500, 7750, 8000, 8250, 8500, 8750, 9000, 9250, 9500, 9750, 10000]","chart_mx":"[134.0, 253.0, 330.0, 388.0, 426.0, 453.0, 468.0, 471.0, 471.0, 471.0, 471.0, 471.0, 472.0, 472.0, 472.0, 472.0, 472.0, 472.0, 472.0, 472.0, 472.0, 472.0, 472.0, 472.0, 472.0, 472.0, 472.0, 472.0, 472.0, 472.0, 472.0, 472.0, 472.0, 472.0, 472.0, 472.0, 472.0, 472.0, 472.0, 472.0, 472.0, 472.0, 472.0, 472.0, 472.0, 472.0, 472.0, 472.0]","chart_mn":"[51.01, 102.82, 150.38, 180.53, 201.7, 220.75, 240.0, 260.2, 279.11, 295.31, 310.77, 325.81, 341.15, 355.85, 369.06, 380.48, 398.77, 412.13, 421.96, 429.48, 435.48, 440.37, 444.32, 447.55, 450.22, 452.47, 454.37, 455.99, 457.38, 458.59, 459.65, 460.58, 461.39, 462.12, 462.76, 463.34, 463.86, 464.33, 464.75, 465.14, 465.49, 465.81, 466.1, 466.37, 466.61, 466.84, 467.05, 467.25]","chart_rk":"[33, 12, 6, 6, 7, 8, 6, 6, 6, 7, 7, 7, 7, 5, 4, 5, 5, 5, 5, 8, 10, 11, 12, 15, 16, 18, 20, 20, 22, 22, 22, 25, 27, 29, 30, 31, 31, 33, 33, 35, 35, 35, 36, 36, 36, 36, 37, 38]","chart_ats":"[10.72, 22.96, 37.23, 43.31, 46.48, 49.65, 54.07, 60.07, 65.78, 70.08, 73.97, 77.74, 81.66, 85.56, 88.76, 91.04, 93.33, 93.3, 91.82, 89.58, 86.99, 84.27, 81.47, 78.69, 75.98, 73.36, 70.85, 68.46, 66.2, 64.04, 62.01, 60.08, 58.25, 56.52, 54.88, 53.32, 51.84, 50.44, 49.11, 47.84, 46.63, 45.48, 44.39, 43.34, 42.34, 41.38, 40.46, 39.58]","chart_ats_rk":"[38, 27, 10, 11, 12, 12, 10, 7, 6, 3, 3, 3, 2, 2, 2, 2, 2, 2, 2, 2, 2, 2, 3, 3, 4, 4, 4, 4, 5, 7, 8, 8, 8, 12, 13, 14, 16, 16, 16, 16, 17, 19, 19, 22, 23, 23, 23, 23]","chart_r_jut":"[125, 250, 375, 500, 625, 750, 875, 1000, 1125, 1250, 1375, 1500, 1625, 1750, 1875, 2000, 2250, 2500, 2750, 3000, 3250, 3500, 3750, 4000, 4250, 4500, 4750, 5000, 5250, 5500, 5750, 6000, 6250, 6500, 6750, 7000, 7250, 7500, 7750, 8000, 8250, 8500, 8750, 9000, 9250, 9500, 9750, 10000]","chart_mean_jut":"[28.17, 56.49, 81.69, 93.09, 98.18, 101.88, 105.43, 108.73, 111.01, 111.77, 112.11, 112.38, 112.98, 113.49, 113.52, 112.94, 110.47, 106.86, 102.71, 98.45, 94.29, 90.32, 86.55, 82.99, 79.65, 76.53, 73.6, 70.87, 68.31, 65.92, 63.67, 61.57, 59.59, 57.73, 55.97, 54.32, 52.75, 51.28, 49.88, 48.55, 47.29, 46.09, 44.95, 43.86, 42.82, 41.83, 40.89, 39.98]","chart_max_jut":"[87.99, 165.62, 209.74, 233.16, 239.45, 242.53, 242.53, 242.53, 242.53, 242.53, 242.53, 242.53, 242.53, 242.53, 242.53, 242.53, 242.53, 242.53, 242.53, 242.53, 242.53, 242.53, 242.53, 242.53, 242.53, 242.53, 242.53, 242.53, 242.53, 242.53, 242.53, 242.53, 242.53, 242.53, 242.53, 242.53, 242.53, 242.53, 242.53, 242.53, 242.53, 242.53, 242.53, 242.53, 242.53, 242.53, 242.53, 242.53]","chart_jut_rk":"[31, 12, 4, 4, 5, 5, 4, 4, 4, 5, 5, 4, 4, 4, 4, 4, 5, 5, 6, 8, 11, 12, 13, 14, 16, 17, 20, 20, 22, 22, 23, 27, 29, 32, 32, 32, 32, 33, 33, 34, 34, 34, 36, 36, 37, 37, 38, 38]"}},{"type":"Feature","geometry":{"type":"Point","coordinates":[121.771263,37.247520446777344]},"properties":{"name":"泰薄顶922","elev":919,"rp":0.1389,"mean_relief_crp":0.0417,"mean_jut_crp":0.0972,"mean_ats_crp":0.1111,"max_jut_crp":0.3472,"max_ats_crp":0.0972,"max_jut":189.6248,"max_mean_jut":101.6113,"max_mean_jut_r":5500,"max_mean_jut_rp":0.1846,"max_fsi":0.0836,"max_fsi_r":6750,"max_ats":73.4665,"max_ats_r":6750,"max_ats_rp":0.1077,"r_prominence":5500,"r_base":6750,"band_rp":"{\"极短距离\": 0.9444, \"短距离\": 0.6944, \"中短距离\": 0.4583, \"中距离\": 0.125, \"中长距离\": 0.0278, \"长距离\": 0.0139, \"超长距离\": 0.0833}","band_jut_rp":"{\"极短距离\": 0.9444, \"短距离\": 0.75, \"中短距离\": 0.5139, \"中距离\": 0.1667, \"中长距离\": 0.0417, \"长距离\": 0.0278, \"超长距离\": 0.0833}","band_ats_rp":"{\"极短距离\": 0.9444, \"短距离\": 0.7361, \"中短距离\": 0.5556, \"中距离\": 0.3056, \"中长距离\": 0.0833, \"长距离\": 0.0278, \"超长距离\": 0.0278}","chart_r":"[125, 250, 375, 500, 625, 750, 875, 1000, 1125, 1250, 1375, 1500, 1625, 1750, 1875, 2000, 2250, 2500, 2750, 3000, 3250, 3500, 3750, 4000, 4250, 4500, 4750, 5000, 5250, 5500, 5750, 6000, 6250, 6500, 6750, 7000, 7250, 7500, 7750, 8000, 8250, 8500, 8750, 9000, 9250, 9500, 9750, 10000]","chart_mx":"[75.0, 133.0, 193.0, 242.0, 293.0, 335.0, 374.0, 410.0, 438.0, 462.0, 484.0, 510.0, 525.0, 545.0, 571.0, 594.0, 664.0, 690.0, 705.0, 733.0, 760.0, 791.0, 809.0, 822.0, 836.0, 841.0, 845.0, 851.0, 857.0, 864.0, 870.0, 877.0, 877.0, 879.0, 879.0, 881.0, 891.0, 893.0, 894.0, 895.0, 896.0, 898.0, 898.0, 900.0, 900.0, 902.0, 902.0, 903.0]","chart_mn":"[27.88, 57.72, 84.63, 111.18, 135.77, 157.76, 177.75, 197.02, 213.44, 228.41, 242.48, 257.58, 272.72, 287.86, 303.53, 319.2, 349.11, 375.88, 399.36, 420.91, 442.31, 463.07, 482.75, 501.99, 520.76, 538.68, 554.25, 568.62, 582.89, 596.65, 609.78, 621.96, 632.7, 641.95, 649.91, 657.26, 664.06, 670.45, 676.79, 683.01, 689.37, 695.74, 702.01, 707.92, 713.45, 718.55, 723.11, 727.2]","chart_rk":"[69, 68, 68, 65, 60, 55, 51, 49, 47, 44, 43, 39, 36, 33, 29, 23, 17, 16, 12, 10, 8, 4, 2, 2, 3, 3, 3, 2, 2, 2, 2, 2, 2, 2, 2, 3, 3, 3, 3, 6, 7, 7, 7, 7, 7, 7, 7, 8]","chart_ats":"[3.84, 8.95, 12.76, 17.28, 20.86, 23.99, 26.46, 28.8, 30.61, 32.2, 33.59, 35.03, 37.21, 39.05, 40.68, 42.56, 44.27, 47.94, 51.32, 53.16, 55.01, 56.36, 58.29, 60.44, 62.38, 64.76, 66.51, 67.78, 69.06, 70.17, 71.22, 71.94, 72.87, 73.24, 73.47, 73.38, 72.52, 72.24, 72.03, 71.8, 71.63, 71.4, 71.33, 71.05, 70.86, 70.44, 70.08, 69.56]","chart_ats_rk":"[69, 69, 70, 64, 63, 58, 54, 52, 51, 51, 50, 48, 43, 41, 41, 36, 34, 29, 26, 21, 14, 14, 13, 10, 7, 6, 6, 6, 4, 3, 3, 3, 3, 3, 3, 4, 4, 3, 3, 3, 3, 3, 3, 3, 3, 7, 7, 7]","chart_r_jut":"[125, 250, 375, 500, 625, 750, 875, 1000, 1125, 1250, 1375, 1500, 1625, 1750, 1875, 2000, 2250, 2500, 2750, 3000, 3250, 3500, 3750, 4000, 4250, 4500, 4750, 5000, 5250, 5500, 5750, 6000, 6250, 6500, 6750, 7000, 7250, 7500, 7750, 8000, 8250, 8500, 8750, 9000, 9250, 9500, 9750, 10000]","chart_mean_jut":"[10.34, 20.61, 29.11, 37.61, 45.02, 50.95, 55.68, 59.94, 62.82, 65.13, 67.05, 69.36, 71.63, 73.92, 76.52, 79.2, 84.2, 88.0, 90.6, 92.57, 94.52, 96.28, 97.69, 98.98, 100.14, 101.1, 101.4, 101.43, 101.54, 101.61, 101.61, 101.44, 101.0, 100.29, 99.36, 98.36, 97.31, 96.22, 95.14, 94.08, 93.09, 92.15, 91.25, 90.33, 89.39, 88.42, 87.41, 86.38]","chart_max_jut":"[39.23, 64.38, 88.98, 106.85, 120.76, 135.34, 142.55, 154.67, 159.9, 162.01, 162.01, 162.13, 164.59, 164.59, 168.17, 173.01, 188.63, 189.62, 189.62, 189.62, 189.62, 189.62, 189.62, 189.62, 189.62, 189.62, 189.62, 189.62, 189.62, 189.62, 189.62, 189.62, 189.62, 189.62, 189.62, 189.62, 189.62, 189.62, 189.62, 189.62, 189.62, 189.62, 189.62, 189.62, 189.62, 189.62, 189.62, 189.62]","chart_jut_rk":"[69, 69, 68, 66, 63, 59, 54, 54, 50, 46, 46, 44, 40, 37, 32, 29, 20, 19, 16, 13, 10, 8, 6, 4, 4, 4, 4, 4, 3, 3, 3, 3, 3, 3, 3, 4, 4, 5, 5, 6, 7, 7, 8, 8, 8, 8, 8, 8]"}},{"type":"Feature","geometry":{"type":"Point","coordinates":[120.770899,37.420805]},"properties":{"name":"艾山810","elev":811,"rp":0.1111,"mean_relief_crp":0.0694,"mean_jut_crp":0.0556,"mean_ats_crp":0.0694,"max_jut_crp":0.2778,"max_ats_crp":0.0833,"max_jut":200.4385,"max_mean_jut":117.799,"max_mean_jut_r":750,"max_mean_jut_rp":0.0769,"max_fsi":0.1756,"max_fsi_r":375,"max_ats":74.4395,"max_ats_r":875,"max_ats_rp":0.0923,"r_prominence":750,"r_base":875,"band_rp":"{\"极短距离\": 0.0139, \"短距离\": 0.0139, \"中短距离\": 0.0694, \"中距离\": 0.0556, \"中长距离\": 0.0694, \"长距离\": 0.1667, \"超长距离\": 0.2222}","band_jut_rp":"{\"极短距离\": 0.0139, \"短距离\": 0.0139, \"中短距离\": 0.0694, \"中距离\": 0.0694, \"中长距离\": 0.1111, \"长距离\": 0.1528, \"超长距离\": 0.2222}","band_ats_rp":"{\"极短距离\": 0.0139, \"短距离\": 0.0139, \"中短距离\": 0.0417, \"中距离\": 0.0694, \"中长距离\": 0.0694, \"长距离\": 0.1111, \"超长距离\": 0.1806}","chart_r":"[125, 250, 375, 500, 625, 750, 875, 1000, 1125, 1250, 1375, 1500, 1625, 1750, 1875, 2000, 2250, 2500, 2750, 3000, 3250, 3500, 3750, 4000, 4250, 4500, 4750, 5000, 5250, 5500, 5750, 6000, 6250, 6500, 6750, 7000, 7250, 7500, 7750, 8000, 8250, 8500, 8750, 9000, 9250, 9500, 9750, 10000]","chart_mx":"[162.0, 246.0, 293.0, 343.0, 377.0, 404.0, 424.0, 462.0, 486.0, 502.0, 514.0, 527.0, 543.0, 554.0, 573.0, 578.0, 593.0, 606.0, 623.0, 636.0, 642.0, 656.0, 659.0, 664.0, 668.0, 672.0, 678.0, 680.0, 685.0, 697.0, 702.0, 707.0, 713.0, 718.0, 720.0, 721.0, 721.0, 726.0, 728.0, 728.0, 730.0, 733.0, 744.0, 744.0, 745.0, 753.0, 753.0, 753.0]","chart_mn":"[70.08, 125.51, 172.4, 207.6, 231.56, 251.75, 268.35, 283.1, 297.17, 309.04, 319.96, 330.91, 342.28, 352.77, 362.3, 371.05, 387.17, 402.92, 419.15, 434.01, 447.03, 458.38, 467.3, 475.01, 482.25, 489.89, 497.43, 504.19, 510.31, 516.47, 522.54, 528.15, 533.27, 537.92, 542.23, 546.36, 550.23, 553.86, 557.44, 561.23, 565.21, 569.12, 572.85, 576.35, 579.47, 582.23, 584.96, 587.71]","chart_rk":"[2, 2, 2, 2, 1, 2, 2, 2, 3, 3, 4, 5, 6, 7, 8, 7, 7, 7, 7, 5, 5, 7, 7, 7, 6, 7, 8, 9, 9, 11, 11, 13, 13, 13, 13, 13, 13, 14, 15, 16, 16, 17, 17, 17, 17, 18, 18, 18]","chart_ats":"[20.1, 39.54, 58.69, 67.96, 71.32, 73.4, 74.44, 71.46, 70.88, 70.42, 70.17, 70.02, 69.9, 70.1, 68.93, 69.21, 68.81, 68.68, 68.47, 68.38, 68.53, 67.4, 66.8, 65.79, 64.82, 64.03, 63.08, 62.38, 61.31, 59.74, 58.85, 57.92, 56.87, 55.86, 55.08, 54.39, 53.76, 52.76, 52.01, 51.49, 50.9, 50.27, 49.11, 48.68, 48.13, 47.12, 46.62, 46.15]","chart_ats_rk":"[4, 3, 2, 1, 1, 1, 2, 2, 2, 2, 5, 5, 4, 4, 4, 5, 6, 6, 7, 7, 7, 6, 6, 6, 6, 7, 7, 7, 9, 9, 9, 9, 11, 13, 12, 13, 13, 13, 14, 14, 14, 14, 15, 16, 17, 17, 17, 17]","chart_r_jut":"[125, 250, 375, 500, 625, 750, 875, 1000, 1125, 1250, 1375, 1500, 1625, 1750, 1875, 2000, 2250, 2500, 2750, 3000, 3250, 3500, 3750, 4000, 4250, 4500, 4750, 5000, 5250, 5500, 5750, 6000, 6250, 6500, 6750, 7000, 7250, 7500, 7750, 8000, 8250, 8500, 8750, 9000, 9250, 9500, 9750, 10000]","chart_mean_jut":"[46.47, 77.5, 99.75, 112.28, 116.11, 117.8, 117.62, 116.62, 115.92, 114.38, 112.73, 111.51, 110.89, 110.09, 109.01, 107.82, 105.4, 103.3, 101.77, 100.21, 98.41, 96.45, 94.2, 91.96, 89.78, 87.83, 85.98, 84.12, 82.29, 80.62, 79.06, 77.53, 76.03, 74.57, 73.14, 71.77, 70.44, 69.16, 67.93, 66.79, 65.74, 64.75, 63.78, 62.83, 61.88, 60.93, 60.01, 59.13]","chart_max_jut":"[123.88, 176.16, 186.11, 200.44, 200.44, 200.44, 200.44, 200.44, 200.44, 200.44, 200.44, 200.44, 200.44, 200.44, 200.44, 200.44, 200.44, 200.44, 200.44, 200.44, 200.44, 200.44, 200.44, 200.44, 200.44, 200.44, 200.44, 200.44, 200.44, 200.44, 200.44, 200.44, 200.44, 200.44, 200.44, 200.44, 200.44, 200.44, 200.44, 200.44, 200.44, 200.44, 200.44, 200.44, 200.44, 200.44, 200.44, 200.44]","chart_jut_rk":"[2, 2, 2, 2, 1, 2, 2, 2, 3, 3, 4, 6, 6, 7, 8, 8, 7, 7, 7, 6, 7, 7, 8, 8, 9, 9, 9, 9, 10, 11, 11, 12, 12, 12, 13, 13, 13, 14, 16, 16, 16, 17, 17, 17, 17, 17, 17, 17]"}},{"type":"Feature","geometry":{"type":"Point","coordinates":[120.491972,37.499498]},"properties":{"name":"草帽顶753","elev":742,"rp":0.5917,"mean_relief_crp":0.4583,"mean_jut_crp":0.5417,"mean_ats_crp":0.5972,"max_jut_crp":0.6528,"max_ats_crp":0.7083,"max_jut":161.2398,"max_mean_jut":72.3042,"max_mean_jut_r":2750,"max_mean_jut_rp":0.7385,"max_fsi":0.0766,"max_fsi_r":250,"max_ats":45.3594,"max_ats_r":3250,"max_ats_rp":0.6923,"r_prominence":2750,"r_base":3250,"band_rp":"{\"极短距离\": 0.8472, \"短距离\": 0.7083, \"中短距离\": 0.625, \"中距离\": 0.4028, \"中长距离\": 0.4306, \"长距离\": 0.4861, \"超长距离\": 0.3611}","band_jut_rp":"{\"极短距离\": 0.8333, \"短距离\": 0.7222, \"中短距离\": 0.6528, \"中距离\": 0.4028, \"中长距离\": 0.4306, \"长距离\": 0.5, \"超长距离\": 0.4167}","band_ats_rp":"{\"极短距离\": 0.8611, \"短距离\": 0.7639, \"中短距离\": 0.6667, \"中距离\": 0.4444, \"中长距离\": 0.4861, \"长距离\": 0.5139, \"超长距离\": 0.4583}","chart_r":"[125, 250, 375, 500, 625, 750, 875, 1000, 1125, 1250, 1375, 1500, 1625, 1750, 1875, 2000, 2250, 2500, 2750, 3000, 3250, 3500, 3750, 4000, 4250, 4500, 4750, 5000, 5250, 5500, 5750, 6000, 6250, 6500, 6750, 7000, 7250, 7500, 7750, 8000, 8250, 8500, 8750, 9000, 9250, 9500, 9750, 10000]","chart_mx":"[98.0, 174.0, 222.0, 281.0, 323.0, 359.0, 388.0, 414.0, 433.0, 454.0, 471.0, 482.0, 496.0, 502.0, 513.0, 522.0, 545.0, 564.0, 573.0, 582.0, 592.0, 602.0, 609.0, 619.0, 627.0, 635.0, 640.0, 644.0, 650.0, 655.0, 658.0, 661.0, 664.0, 664.0, 666.0, 673.0, 676.0, 677.0, 681.0, 684.0, 684.0, 684.0, 685.0, 687.0, 688.0, 688.0, 689.0, 690.0]","chart_mn":"[37.71, 73.05, 95.98, 116.22, 139.1, 159.24, 176.9, 190.62, 201.51, 213.27, 225.53, 236.39, 248.49, 261.47, 274.49, 287.39, 312.12, 332.77, 349.44, 364.2, 375.89, 385.15, 392.78, 397.48, 400.45, 403.7, 407.85, 412.71, 418.89, 425.35, 431.3, 437.9, 445.03, 451.93, 458.36, 464.63, 470.46, 475.99, 481.45, 487.16, 492.69, 497.94, 502.92, 507.58, 511.99, 516.33, 520.64, 524.93]","chart_rk":"[61, 59, 61, 62, 57, 54, 52, 52, 52, 50, 49, 48, 48, 45, 40, 40, 36, 33, 29, 27, 26, 28, 29, 30, 33, 35, 35, 36, 36, 35, 36, 37, 35, 35, 32, 30, 30, 30, 30, 29, 29, 28, 26, 24, 24, 24, 24, 24]","chart_ats":"[6.99, 13.68, 16.95, 18.43, 21.84, 24.42, 26.46, 27.45, 28.0, 28.74, 29.84, 30.9, 32.1, 34.07, 35.74, 37.55, 40.55, 42.54, 44.09, 45.17, 45.36, 44.91, 44.35, 42.98, 41.44, 40.03, 39.05, 38.34, 37.81, 37.44, 37.12, 36.96, 36.92, 37.03, 36.98, 36.66, 36.5, 36.42, 36.19, 36.08, 36.12, 36.14, 36.08, 35.92, 35.8, 35.73, 35.61, 35.51]","chart_ats_rk":"[60, 61, 60, 62, 61, 56, 55, 56, 54, 53, 53, 53, 51, 49, 46, 44, 40, 38, 34, 32, 32, 33, 34, 34, 36, 38, 38, 36, 39, 38, 39, 39, 38, 36, 36, 37, 37, 37, 38, 37, 35, 35, 34, 33, 33, 33, 33, 32]","chart_r_jut":"[125, 250, 375, 500, 625, 750, 875, 1000, 1125, 1250, 1375, 1500, 1625, 1750, 1875, 2000, 2250, 2500, 2750, 3000, 3250, 3500, 3750, 4000, 4250, 4500, 4750, 5000, 5250, 5500, 5750, 6000, 6250, 6500, 6750, 7000, 7250, 7500, 7750, 8000, 8250, 8500, 8750, 9000, 9250, 9500, 9750, 10000]","chart_mean_jut":"[18.17, 32.58, 39.21, 44.57, 50.72, 55.06, 58.03, 59.62, 60.18, 61.18, 62.32, 63.0, 64.07, 65.41, 66.8, 68.2, 70.8, 72.1, 72.3, 72.19, 71.44, 70.19, 68.76, 66.94, 64.88, 62.96, 61.28, 59.83, 58.68, 57.65, 56.63, 55.79, 55.08, 54.41, 53.74, 53.09, 52.44, 51.79, 51.19, 50.66, 50.15, 49.65, 49.14, 48.62, 48.11, 47.61, 47.13, 46.67]","chart_max_jut":"[48.33, 99.23, 112.33, 130.93, 148.03, 157.79, 157.79, 161.24, 161.24, 161.24, 161.24, 161.24, 161.24, 161.24, 161.24, 161.24, 161.24, 161.24, 161.24, 161.24, 161.24, 161.24, 161.24, 161.24, 161.24, 161.24, 161.24, 161.24, 161.24, 161.24, 161.24, 161.24, 161.24, 161.24, 161.24, 161.24, 161.24, 161.24, 161.24, 161.24, 161.24, 161.24, 161.24, 161.24, 161.24, 161.24, 161.24, 161.24]","chart_jut_rk":"[60, 57, 59, 59, 57, 55, 52, 55, 55, 50, 49, 49, 49, 46, 43, 40, 38, 35, 30, 28, 27, 27, 30, 31, 32, 32, 35, 36, 35, 36, 35, 37, 36, 34, 34, 33, 33, 32, 32, 32, 31, 31, 31, 31, 30, 28, 27, 26]"}},{"type":"Feature","geometry":{"type":"Point","coordinates":[120.564466,37.548007]},"properties":{"name":"莱山619","elev":611,"rp":0.3583,"mean_relief_crp":0.3611,"mean_jut_crp":0.3333,"mean_ats_crp":0.2222,"max_jut_crp":0.5972,"max_ats_crp":0.2778,"max_jut":169.8828,"max_mean_jut":99.2068,"max_mean_jut_r":1750,"max_mean_jut_rp":0.2154,"max_fsi":0.1259,"max_fsi_r":1625,"max_ats":66.4979,"max_ats_r":2000,"max_ats_rp":0.2462,"r_prominence":1750,"r_base":2000,"band_rp":"{\"极短距离\": 0.8889, \"短距离\": 0.3472, \"中短距离\": 0.1111, \"中距离\": 0.1944, \"中长距离\": 0.25, \"长距离\": 0.3889, \"超长距离\": 0.5139}","band_jut_rp":"{\"极短距离\": 0.9167, \"短距离\": 0.4444, \"中短距离\": 0.1389, \"中距离\": 0.2222, \"中长距离\": 0.3194, \"长距离\": 0.4167, \"超长距离\": 0.5}","band_ats_rp":"{\"极短距离\": 0.9028, \"短距离\": 0.3889, \"中短距离\": 0.125, \"中距离\": 0.125, \"中长距离\": 0.1806, \"长距离\": 0.2917, \"超长距离\": 0.4722}","chart_r":"[125, 250, 375, 500, 625, 750, 875, 1000, 1125, 1250, 1375, 1500, 1625, 1750, 1875, 2000, 2250, 2500, 2750, 3000, 3250, 3500, 3750, 4000, 4250, 4500, 4750, 5000, 5250, 5500, 5750, 6000, 6250, 6500, 6750, 7000, 7250, 7500, 7750, 8000, 8250, 8500, 8750, 9000, 9250, 9500, 9750, 10000]","chart_mx":"[73.0, 150.0, 202.0, 246.0, 309.0, 359.0, 393.0, 426.0, 451.0, 463.0, 476.0, 490.0, 502.0, 513.0, 523.0, 528.0, 536.0, 540.0, 545.0, 548.0, 552.0, 555.0, 557.0, 557.0, 559.0, 561.0, 562.0, 563.0, 563.0, 566.0, 567.0, 569.0, 569.0, 570.0, 572.0, 573.0, 576.0, 576.0, 578.0, 579.0, 579.0, 580.0, 581.0, 583.0, 591.0, 591.0, 591.0, 591.0]","chart_mn":"[28.53, 58.31, 88.2, 117.07, 150.14, 181.62, 210.09, 235.15, 258.53, 279.67, 298.23, 314.7, 328.51, 339.93, 349.65, 358.26, 372.17, 382.83, 392.57, 401.21, 408.4, 414.6, 420.07, 425.04, 429.52, 433.54, 437.55, 441.01, 444.18, 446.83, 449.21, 451.15, 452.95, 454.84, 456.55, 458.0, 459.07, 459.79, 460.18, 460.16, 459.92, 459.67, 459.68, 460.13, 460.75, 461.49, 462.37, 463.22]","chart_rk":"[68, 67, 65, 60, 49, 37, 30, 18, 16, 11, 10, 9, 9, 9, 9, 9, 12, 13, 15, 16, 16, 17, 18, 19, 19, 22, 23, 25, 25, 27, 29, 30, 32, 32, 33, 35, 35, 35, 36, 37, 38, 38, 38, 38, 38, 40, 40, 40]","chart_ats":"[4.06, 8.46, 13.93, 19.56, 25.8, 32.53, 39.39, 44.76, 50.04, 55.67, 59.87, 62.86, 64.8, 65.74, 66.03, 66.5, 66.45, 65.73, 64.67, 63.59, 62.03, 60.42, 58.86, 57.52, 55.98, 54.46, 53.15, 51.83, 50.65, 49.18, 47.93, 46.59, 45.48, 44.39, 43.26, 42.23, 41.06, 40.12, 39.05, 38.04, 37.1, 36.15, 35.26, 34.4, 33.26, 32.64, 32.05, 31.49]","chart_ats_rk":"[67, 70, 65, 61, 53, 44, 33, 23, 20, 13, 13, 11, 11, 9, 9, 8, 7, 9, 11, 10, 10, 10, 11, 13, 13, 14, 16, 15, 17, 18, 20, 22, 24, 25, 25, 24, 28, 30, 31, 32, 34, 34, 35, 35, 36, 37, 37, 37]","chart_r_jut":"[125, 250, 375, 500, 625, 750, 875, 1000, 1125, 1250, 1375, 1500, 1625, 1750, 1875, 2000, 2250, 2500, 2750, 3000, 3250, 3500, 3750, 4000, 4250, 4500, 4750, 5000, 5250, 5500, 5750, 6000, 6250, 6500, 6750, 7000, 7250, 7500, 7750, 8000, 8250, 8500, 8750, 9000, 9250, 9500, 9750, 10000]","chart_mean_jut":"[10.4, 21.77, 31.91, 41.11, 53.09, 64.3, 73.68, 81.08, 87.3, 92.17, 95.57, 97.87, 99.02, 99.21, 98.77, 98.0, 95.7, 92.71, 89.78, 86.86, 83.84, 80.88, 78.04, 75.37, 72.86, 70.47, 68.27, 66.17, 64.2, 62.29, 60.49, 58.76, 57.13, 55.62, 54.2, 52.83, 51.52, 50.26, 49.05, 47.86, 46.71, 45.61, 44.56, 43.59, 42.66, 41.8, 40.97, 40.18]","chart_max_jut":"[33.86, 79.62, 94.45, 104.8, 132.31, 152.75, 157.75, 167.17, 169.88, 169.88, 169.88, 169.88, 169.88, 169.88, 169.88, 169.88, 169.88, 169.88, 169.88, 169.88, 169.88, 169.88, 169.88, 169.88, 169.88, 169.88, 169.88, 169.88, 169.88, 169.88, 169.88, 169.88, 169.88, 169.88, 169.88, 169.88, 169.88, 169.88, 169.88, 169.88, 169.88, 169.88, 169.88, 169.88, 169.88, 169.88, 169.88, 169.88]","chart_jut_rk":"[68, 68, 66, 63, 54, 43, 33, 25, 19, 15, 11, 11, 10, 9, 10, 11, 14, 15, 17, 17, 17, 18, 20, 21, 22, 25, 25, 28, 28, 28, 29, 31, 33, 33, 33, 34, 35, 35, 35, 35, 36, 37, 38, 38, 38, 38, 37, 37]"}},{"type":"Feature","geometry":{"type":"Point","coordinates":[119.83709716796876,35.883069]},"properties":{"name":"铁镢山595","elev":586,"rp":0.5,"mean_relief_crp":0.4306,"mean_jut_crp":0.4583,"mean_ats_crp":0.3611,"max_jut_crp":0.7222,"max_ats_crp":0.5278,"max_jut":153.073,"max_mean_jut":81.5834,"max_mean_jut_r":1625,"max_mean_jut_rp":0.5231,"max_fsi":0.1144,"max_fsi_r":1750,"max_ats":53.6635,"max_ats_r":1875,"max_ats_rp":0.5077,"r_prominence":1625,"r_base":1875,"band_rp":"{\"极短距离\": 0.8611, \"短距离\": 0.5556, \"中短距离\": 0.3333, \"中距离\": 0.3472, \"中长距离\": 0.4028, \"长距离\": 0.4444, \"超长距离\": 0.4444}","band_jut_rp":"{\"极短距离\": 0.875, \"短距离\": 0.5833, \"中短距离\": 0.3472, \"中距离\": 0.3889, \"中长距离\": 0.4583, \"长距离\": 0.5278, \"超长距离\": 0.5139}","band_ats_rp":"{\"极短距离\": 0.875, \"短距离\": 0.5417, \"中短距离\": 0.3194, \"中距离\": 0.3472, \"中长距离\": 0.3333, \"长距离\": 0.3889, \"超长距离\": 0.4444}","chart_r":"[125, 250, 375, 500, 625, 750, 875, 1000, 1125, 1250, 1375, 1500, 1625, 1750, 1875, 2000, 2250, 2500, 2750, 3000, 3250, 3500, 3750, 4000, 4250, 4500, 4750, 5000, 5250, 5500, 5750, 6000, 6250, 6500, 6750, 7000, 7250, 7500, 7750, 8000, 8250, 8500, 8750, 9000, 9250, 9500, 9750, 10000]","chart_mx":"[89.0, 145.0, 221.0, 281.0, 322.0, 354.0, 376.0, 395.0, 414.0, 425.0, 435.0, 445.0, 456.0, 461.0, 469.0, 476.0, 487.0, 490.0, 495.0, 507.0, 517.0, 529.0, 532.0, 537.0, 546.0, 549.0, 555.0, 557.0, 561.0, 564.0, 567.0, 572.0, 573.0, 574.0, 574.0, 575.0, 577.0, 577.0, 577.0, 590.0, 590.0, 590.0, 590.0, 590.0, 590.0, 590.0, 590.0, 590.0]","chart_mn":"[27.66, 65.35, 95.1, 122.61, 147.94, 172.21, 194.81, 214.5, 232.83, 249.71, 265.44, 279.5, 291.31, 301.99, 310.94, 318.4, 332.0, 343.55, 352.57, 361.18, 370.27, 380.04, 389.84, 399.1, 407.45, 414.56, 420.59, 426.13, 431.4, 436.35, 440.95, 445.15, 449.1, 452.86, 456.39, 459.73, 462.78, 465.65, 468.46, 471.23, 473.87, 476.39, 478.74, 480.89, 482.86, 484.68, 486.34, 487.87]","chart_rk":"[70, 65, 62, 57, 52, 45, 41, 39, 35, 30, 29, 27, 27, 24, 24, 24, 25, 25, 27, 31, 30, 29, 30, 29, 30, 30, 31, 32, 32, 32, 33, 32, 34, 34, 34, 33, 33, 32, 32, 32, 32, 33, 33, 33, 33, 33, 33, 33]","chart_ats":"[3.08, 11.59, 16.11, 20.61, 25.24, 30.1, 35.11, 39.13, 42.42, 45.79, 48.78, 51.0, 52.12, 53.4, 53.66, 53.47, 53.07, 53.0, 52.07, 50.5, 49.46, 48.55, 48.59, 48.4, 47.7, 47.29, 46.42, 45.85, 45.1, 44.42, 43.72, 42.84, 42.26, 41.68, 41.17, 40.59, 39.93, 39.4, 38.91, 37.58, 37.12, 36.67, 36.21, 35.74, 35.27, 34.8, 34.33, 33.85]","chart_ats_rk":"[71, 64, 62, 58, 54, 47, 41, 38, 32, 27, 24, 22, 23, 23, 21, 22, 20, 22, 25, 27, 27, 27, 27, 26, 25, 25, 26, 28, 29, 28, 28, 29, 29, 29, 30, 29, 31, 31, 32, 34, 33, 33, 33, 34, 34, 34, 34, 34]","chart_r_jut":"[125, 250, 375, 500, 625, 750, 875, 1000, 1125, 1250, 1375, 1500, 1625, 1750, 1875, 2000, 2250, 2500, 2750, 3000, 3250, 3500, 3750, 4000, 4250, 4500, 4750, 5000, 5250, 5500, 5750, 6000, 6250, 6500, 6750, 7000, 7250, 7500, 7750, 8000, 8250, 8500, 8750, 9000, 9250, 9500, 9750, 10000]","chart_mean_jut":"[9.91, 25.71, 37.43, 47.24, 54.93, 61.87, 67.76, 72.06, 75.43, 77.93, 79.93, 81.21, 81.58, 81.53, 80.94, 79.94, 77.84, 75.6, 73.11, 70.89, 69.05, 67.58, 66.31, 65.13, 63.92, 62.62, 61.26, 59.93, 58.65, 57.42, 56.22, 55.04, 53.91, 52.83, 51.78, 50.77, 49.78, 48.83, 47.92, 47.06, 46.22, 45.41, 44.62, 43.85, 43.1, 42.36, 41.64, 40.94]","chart_max_jut":"[33.62, 69.88, 102.26, 135.26, 147.65, 152.46, 153.07, 153.07, 153.07, 153.07, 153.07, 153.07, 153.07, 153.07, 153.07, 153.07, 153.07, 153.07, 153.07, 153.07, 153.07, 153.07, 153.07, 153.07, 153.07, 153.07, 153.07, 153.07, 153.07, 153.07, 153.07, 153.07, 153.07, 153.07, 153.07, 153.07, 153.07, 153.07, 153.07, 153.07, 153.07, 153.07, 153.07, 153.07, 153.07, 153.07, 153.07, 153.07]","chart_jut_rk":"[70, 65, 62, 57, 53, 47, 43, 38, 36, 32, 27, 26, 26, 26, 26, 24, 27, 27, 29, 31, 33, 32, 34, 34, 34, 34, 36, 35, 36, 38, 38, 39, 39, 38, 38, 38, 38, 37, 37, 37, 37, 38, 37, 37, 36, 36, 36, 36]"}}]}