{"type":"FeatureCollection","features":[{"type":"Feature","geometry":{"type":"Point","coordinates":[49.602499622048654,11.42104577500298]},"properties":{"peak_name":"Aantaara","local_name":"Aantaara","english_name":"Aantaara","search_name":"Aantaara Aantaara Aantaara Aantaara Aantaara Aantaara","peak_elev":1004,"peak_lon":49.60788951375337,"peak_lat":11.418620323735857,"base_elev":488,"distance_m":646.5,"vertical_relief_m":516.0,"max_jut":321.9116,"search_radius_m":1000,"elev_angle_deg":38.5949}},{"type":"Feature","geometry":{"type":"Point","coordinates":[39.75678444504187,13.111854802772744]},"properties":{"peak_name":"Abbedda","local_name":"Abbedda","english_name":"Abbedda","search_name":"Abbedda Abbedda Abbedda Abbedda Abbedda Abbedda","peak_elev":2555,"peak_lon":39.743040221194846,"peak_lat":13.078976463373968,"base_elev":1519,"distance_m":3930.9,"vertical_relief_m":1036.0,"max_jut":262.9949,"search_radius_m":5000,"elev_angle_deg":14.7647}},{"type":"Feature","geometry":{"type":"Point","coordinates":[38.34867523718452,13.533344334081622]},"properties":{"peak_name":"Abieri","local_name":"Abieri","english_name":"Abieri","search_name":"Abieri Abieri Abieri Abieri Abieri Abieri","peak_elev":3698,"peak_lon":38.35595159098589,"peak_lat":13.523912023598369,"base_elev":2292,"distance_m":1307.4,"vertical_relief_m":1406.0,"max_jut":1028.3054,"search_radius_m":2500,"elev_angle_deg":47.0811}},{"type":"Feature","geometry":{"type":"Point","coordinates":[31.87676277274543,3.751768868360976]},"properties":{"peak_name":"Abutze","local_name":"Abutze","english_name":"Abutze","search_name":"Abutze Abutze Abutze Abutze Abutze Abutze","peak_elev":1575,"peak_lon":31.87083389187024,"peak_lat":3.7399111066105983,"base_elev":822,"distance_m":1467.3,"vertical_relief_m":753.0,"max_jut":342.6497,"search_radius_m":2250,"elev_angle_deg":27.1663}},{"type":"Feature","geometry":{"type":"Point","coordinates":[39.45144707996965,14.883242711528029]},"properties":{"peak_name":"Adagena","local_name":"Adagena","english_name":"Adagena","search_name":"Adagena Adagena Adagena Adagena Adagena Adagena","peak_elev":2681,"peak_lon":39.43635538319644,"peak_lat":14.89348350576699,"base_elev":1694,"distance_m":1980.2,"vertical_relief_m":987.0,"max_jut":440.0435,"search_radius_m":3000,"elev_angle_deg":26.4932}},{"type":"Feature","geometry":{"type":"Point","coordinates":[36.6942479784216,15.36833296495257]},"properties":{"peak_name":"Adaruba","local_name":"Adaruba","english_name":"Adaruba","search_name":"Adaruba Adaruba Adaruba Adaruba Adaruba Adaruba","peak_elev":1353,"peak_lon":36.68454617335311,"peak_lat":15.372644878316343,"base_elev":661,"distance_m":1145.7,"vertical_relief_m":692.0,"max_jut":357.8445,"search_radius_m":3000,"elev_angle_deg":31.1319}},{"type":"Feature","geometry":{"type":"Point","coordinates":[39.43500791027026,14.92151094263152]},"properties":{"peak_name":"Addishum","local_name":"Addishum","english_name":"Addishum","search_name":"Addishum Addishum Addishum Addishum Addishum Addishum","peak_elev":2728,"peak_lon":39.42907902939507,"peak_lat":14.920432964290576,"base_elev":2154,"distance_m":648.9,"vertical_relief_m":574.0,"max_jut":380.5334,"search_radius_m":4750,"elev_angle_deg":41.4951}},{"type":"Feature","geometry":{"type":"Point","coordinates":[37.34265195049907,13.355477907825955]},"properties":{"peak_name":"Adenna","local_name":"Adenna","english_name":"Adenna","search_name":"Adenna Adenna Adenna Adenna Adenna Adenna","peak_elev":2962,"peak_lon":37.36205556063605,"peak_lat":13.366796680405862,"base_elev":1603,"distance_m":2446.6,"vertical_relief_m":1359.0,"max_jut":659.7142,"search_radius_m":21000,"elev_angle_deg":29.0506}},{"type":"Feature","geometry":{"type":"Point","coordinates":[32.12954869369666,4.529260746766422]},"properties":{"peak_name":"Adogoteshe","local_name":"Adogoteshe","english_name":"Adogoteshe","search_name":"Adogoteshe Adogoteshe Adogoteshe Adogoteshe Adogoteshe Adogoteshe","peak_elev":1393,"peak_lon":32.119577394042935,"peak_lat":4.518480963356987,"base_elev":662,"distance_m":1626.5,"vertical_relief_m":731.0,"max_jut":299.051,"search_radius_m":4250,"elev_angle_deg":24.2006}},{"type":"Feature","geometry":{"type":"Point","coordinates":[-3.9110401682353673,33.59937216157302]},"properties":{"peak_name":"Adrar Bou Nasser","local_name":"Adrar Bou Nasser","english_name":"Adrar Bou Nasser","search_name":"Adrar Bou Nasser Adrar Bou Nasser Adrar Bou Nasser Adrar Bou Nasser Adrar Bou Nasser Adrar Bou Nasser","peak_elev":3329,"peak_lon":-3.89001959058697,"peak_lat":33.566763316759484,"base_elev":1883,"distance_m":4109.7,"vertical_relief_m":1446.0,"max_jut":479.2918,"search_radius_m":7250,"elev_angle_deg":19.3844}},{"type":"Feature","geometry":{"type":"Point","coordinates":[-7.412313819619614,31.48842107542056]},"properties":{"peak_name":"Adrar Ifarwane","local_name":"Adrar Ifarwane","english_name":"Adrar Ifarwane","search_name":"Adrar Ifarwane Adrar Ifarwane Adrar Ifarwane Adrar Ifarwane Adrar Ifarwane Adrar Ifarwane","peak_elev":2293,"peak_lon":-7.443575191506974,"peak_lat":31.45230880099896,"base_elev":980,"distance_m":4985.8,"vertical_relief_m":1313.0,"max_jut":334.0016,"search_radius_m":6000,"elev_angle_deg":14.7537}},{"type":"Feature","geometry":{"type":"Point","coordinates":[-7.97259306232496,31.10654724814135]},"properties":{"peak_name":"Adrar n’ Ouanoukrim","local_name":"Adrar n’ Ouanoukrim","english_name":"Adrar n’ Ouanoukrim","search_name":"Adrar n’ Ouanoukrim Adrar n’ Ouanoukrim Adrar n’ Ouanoukrim Adrar n’ Ouanoukrim Adrar n’ Ouanoukrim Adrar n’ Ouanoukrim","peak_elev":4032,"peak_lon":-7.951572484676563,"peak_lat":31.055612771531774,"base_elev":1947,"distance_m":5992.8,"vertical_relief_m":2085.0,"max_jut":683.6607,"search_radius_m":12500,"elev_angle_deg":19.1837}},{"type":"Feature","geometry":{"type":"Point","coordinates":[39.38407343366068,14.97028946255921]},"properties":{"peak_name":"Aduefas","local_name":"Aduefas","english_name":"Aduefas","search_name":"Aduefas Aduefas Aduefas Aduefas Aduefas Aduefas","peak_elev":2534,"peak_lon":39.362513866841816,"peak_lat":14.968133505877322,"base_elev":1489,"distance_m":2331.3,"vertical_relief_m":1045.0,"max_jut":427.8923,"search_radius_m":3250,"elev_angle_deg":24.1442}},{"type":"Feature","geometry":{"type":"Point","coordinates":[39.581073975468094,14.791884047133072]},"properties":{"peak_name":"Adurri","local_name":"Adurri","english_name":"Adurri","search_name":"Adurri Adurri Adurri Adurri Adurri Adurri","peak_elev":2244,"peak_lon":39.581073975468094,"peak_lat":14.798890906349204,"base_elev":1711,"distance_m":775.3,"vertical_relief_m":533.0,"max_jut":300.9431,"search_radius_m":1875,"elev_angle_deg":34.5076}},{"type":"Feature","geometry":{"type":"Point","coordinates":[-4.73946652325039,32.38907197927879]},"properties":{"peak_name":"Afaday","local_name":"Afaday","english_name":"Afaday","search_name":"Afaday Afaday Afaday Afaday Afaday Afaday","peak_elev":2635,"peak_lon":-4.745395404125579,"peak_lat":32.40012125727346,"base_elev":1927,"distance_m":1346.3,"vertical_relief_m":708.0,"max_jut":329.052,"search_radius_m":3000,"elev_angle_deg":27.7392}},{"type":"Feature","geometry":{"type":"Point","coordinates":[39.71555177350079,14.353416356954334]},"properties":{"peak_name":"Afas Dega","local_name":"Afas Dega","english_name":"Afas Dega","search_name":"Afas Dega Afas Dega Afas Dega Afas Dega Afas Dega Afas Dega","peak_elev":2111,"peak_lon":39.722289138131686,"peak_lat":14.355302819050983,"base_elev":1339,"distance_m":756.1,"vertical_relief_m":772.0,"max_jut":551.7597,"search_radius_m":875,"elev_angle_deg":45.5961}},{"type":"Feature","geometry":{"type":"Point","coordinates":[8.452023929459548,17.68302195754334]},"properties":{"peak_name":"Afatene","local_name":"Afatene","english_name":"Afatene","search_name":"Afatene Afatene Afatene Afatene Afatene Afatene","peak_elev":1301,"peak_lon":8.447442521510538,"peak_lat":17.685447408810465,"base_elev":921,"distance_m":555.3,"vertical_relief_m":380.0,"max_jut":214.6149,"search_radius_m":1000,"elev_angle_deg":34.3844}},{"type":"Feature","geometry":{"type":"Point","coordinates":[-7.87503602246958,31.153169811387155]},"properties":{"peak_name":"Aksoual","local_name":"Aksoual","english_name":"Aksoual","search_name":"Aksoual Aksoual Aksoual Aksoual Aksoual Aksoual","peak_elev":3898,"peak_lon":-7.858866347355429,"peak_lat":31.118405009891728,"base_elev":1951,"distance_m":4151.5,"vertical_relief_m":1947.0,"max_jut":825.1909,"search_radius_m":4250,"elev_angle_deg":25.126}},{"type":"Feature","geometry":{"type":"Point","coordinates":[39.744657188706256,14.718851014534154]},"properties":{"peak_name":"Alammel","local_name":"Alammel","english_name":"Alammel","search_name":"Alammel Alammel Alammel Alammel Alammel Alammel","peak_elev":1765,"peak_lon":39.7457351670472,"peak_lat":14.74068007593826,"base_elev":827,"distance_m":2418.1,"vertical_relief_m":938.0,"max_jut":337.7782,"search_radius_m":3000,"elev_angle_deg":21.2017}},{"type":"Feature","geometry":{"type":"Point","coordinates":[13.123173575352649,-14.990501556451898]},"properties":{"peak_name":"Alanga","local_name":"Alanga","english_name":"Alanga","search_name":"Alanga Alanga Alanga Alanga Alanga Alanga","peak_elev":1921,"peak_lon":13.105386932727082,"peak_lat":-14.985111664747182,"base_elev":956,"distance_m":2003.9,"vertical_relief_m":965.0,"max_jut":418.9555,"search_radius_m":5000,"elev_angle_deg":25.7137}},{"type":"Feature","geometry":{"type":"Point","coordinates":[39.43312144817361,14.246157512030464]},"properties":{"peak_name":"Alekeye","local_name":"Alekeye","english_name":"Alekeye","search_name":"Alekeye Alekeye Alekeye Alekeye Alekeye Alekeye","peak_elev":3295,"peak_lon":39.4218026755937,"peak_lat":14.239150652814333,"base_elev":2656,"distance_m":1446.8,"vertical_relief_m":639.0,"max_jut":258.0606,"search_radius_m":2000,"elev_angle_deg":23.8293}},{"type":"Feature","geometry":{"type":"Point","coordinates":[39.401321087115775,14.917738018438216]},"properties":{"peak_name":"Alil’","local_name":"Alil’","english_name":"Alil’","search_name":"Alil’ Alil’ Alil’ Alil’ Alil’ Alil’","peak_elev":2719,"peak_lon":39.412100870525215,"peak_lat":14.89995137581265,"base_elev":1918,"distance_m":2284.4,"vertical_relief_m":801.0,"max_jut":264.2546,"search_radius_m":7000,"elev_angle_deg":19.3227}},{"type":"Feature","geometry":{"type":"Point","coordinates":[39.76918119596272,14.915043072585858]},"properties":{"peak_name":"Alluma","local_name":"Alluma","english_name":"Alluma","search_name":"Alluma Alluma Alluma Alluma Alluma Alluma","peak_elev":1916,"peak_lon":39.71043137638131,"peak_lat":14.887285130306566,"base_elev":367,"distance_m":7028.1,"vertical_relief_m":1549.0,"max_jut":333.4265,"search_radius_m":14000,"elev_angle_deg":12.4293}},{"type":"Feature","geometry":{"type":"Point","coordinates":[50.25871893709796,11.582742526144491]},"properties":{"peak_name":"Alma","local_name":"Alma","english_name":"Alma","search_name":"Alma Alma Alma Alma Alma Alma","peak_elev":1083,"peak_lon":50.259796915438905,"peak_lat":11.56792032395652,"base_elev":13,"distance_m":1643.8,"vertical_relief_m":1070.0,"max_jut":581.6022,"search_radius_m":2250,"elev_angle_deg":33.0613}},{"type":"Feature","geometry":{"type":"Point","coordinates":[-4.744317425784636,32.45509815266158]},"properties":{"peak_name":"Amalou-n-Tabja","local_name":"Amalou-n-Tabja","english_name":"Amalou-n-Tabja","search_name":"Amalou-n-Tabja Amalou-n-Tabja Amalou-n-Tabja Amalou-n-Tabja Amalou-n-Tabja Amalou-n-Tabja","peak_elev":3152,"peak_lon":-4.739736017835626,"peak_lat":32.4860900299637,"base_elev":1709,"distance_m":3463.7,"vertical_relief_m":1443.0,"max_jut":553.6882,"search_radius_m":3750,"elev_angle_deg":22.6169}},{"type":"Feature","geometry":{"type":"Point","coordinates":[39.64683065426564,14.707262747369011]},"properties":{"peak_name":"Amba Debra","local_name":"Amba Debra","english_name":"Amba Debra","search_name":"Amba Debra Amba Debra Amba Debra Amba Debra Amba Debra Amba Debra","peak_elev":2836,"peak_lon":39.62742704412866,"peak_lat":14.71076617697708,"base_elev":1512,"distance_m":2125.3,"vertical_relief_m":1324.0,"max_jut":700.6463,"search_radius_m":4000,"elev_angle_deg":31.9217}},{"type":"Feature","geometry":{"type":"Point","coordinates":[39.56571278410965,14.721815454971749]},"properties":{"peak_name":"Amba Marrod","local_name":"Amba Marrod","english_name":"Amba Marrod","search_name":"Amba Marrod Amba Marrod Amba Marrod Amba Marrod Amba Marrod Amba Marrod","peak_elev":2680,"peak_lon":39.56517379493918,"peak_lat":14.710227187806607,"base_elev":1889,"distance_m":1283.5,"vertical_relief_m":791.0,"max_jut":413.5141,"search_radius_m":2250,"elev_angle_deg":31.6448}},{"type":"Feature","geometry":{"type":"Point","coordinates":[39.798286611168194,14.678965815919248]},"properties":{"peak_name":"Amodaw","local_name":"Amodaw","english_name":"Amodaw","search_name":"Amodaw Amodaw Amodaw Amodaw Amodaw Amodaw","peak_elev":1269,"peak_lon":39.806640943310505,"peak_lat":14.67761834299307,"base_elev":638,"distance_m":912.1,"vertical_relief_m":631.0,"max_jut":359.2767,"search_radius_m":1500,"elev_angle_deg":34.6759}},{"type":"Feature","geometry":{"type":"Point","coordinates":[-6.40709901668987,31.444493458027114]},"properties":{"peak_name":"Amsoud","local_name":"Amsoud","english_name":"Amsoud","search_name":"Amsoud Amsoud Amsoud Amsoud Amsoud Amsoud","peak_elev":3165,"peak_lon":-6.423268691804021,"peak_lat":31.45877667104461,"base_elev":2379,"distance_m":2206.9,"vertical_relief_m":786.0,"max_jut":263.6087,"search_radius_m":3250,"elev_angle_deg":19.6036}},{"type":"Feature","geometry":{"type":"Point","coordinates":[-7.835959307610381,31.157481724750927]},"properties":{"peak_name":"Anngour","local_name":"Anngour","english_name":"Anngour","search_name":"Anngour Anngour Anngour Anngour Anngour Anngour","peak_elev":3613,"peak_lon":-7.825988007956654,"peak_lat":31.175268367376496,"base_elev":2430,"distance_m":2189.2,"vertical_relief_m":1183.0,"max_jut":561.5487,"search_radius_m":2250,"elev_angle_deg":28.3859}},{"type":"Feature","geometry":{"type":"Point","coordinates":[39.77699653893456,14.610783685854576]},"properties":{"peak_name":"Areramo","local_name":"Areramo","english_name":"Areramo","search_name":"Areramo Areramo Areramo Areramo Areramo Areramo","peak_elev":1997,"peak_lon":39.77969148478692,"peak_lat":14.633151736429152,"base_elev":934,"distance_m":2491.9,"vertical_relief_m":1063.0,"max_jut":415.3773,"search_radius_m":3000,"elev_angle_deg":23.1022}},{"type":"Feature","geometry":{"type":"Point","coordinates":[39.38030050946738,14.993196502304256]},"properties":{"peak_name":"Ari","local_name":"Ari","english_name":"Ari","search_name":"Ari Ari Ari Ari Ari Ari","peak_elev":2613,"peak_lon":39.36790375854653,"peak_lat":14.988345599770012,"base_elev":1604,"distance_m":1437.3,"vertical_relief_m":1009.0,"max_jut":579.91,"search_radius_m":1500,"elev_angle_deg":35.0693}},{"type":"Feature","geometry":{"type":"Point","coordinates":[33.07655266621546,4.153315800362402]},"properties":{"peak_name":"Aripewi","local_name":"Aripewi","english_name":"Aripewi","search_name":"Aripewi Aripewi Aripewi Aripewi Aripewi Aripewi","peak_elev":2471,"peak_lon":33.11509039190419,"peak_lat":4.164365078357072,"base_elev":831,"distance_m":4449.8,"vertical_relief_m":1640.0,"max_jut":567.4563,"search_radius_m":10500,"elev_angle_deg":20.2317}},{"type":"Feature","geometry":{"type":"Point","coordinates":[41.74053408696301,13.178958954496473]},"properties":{"peak_name":"Asdaga","local_name":"Asdaga","english_name":"Asdaga","search_name":"Asdaga Asdaga Asdaga Asdaga Asdaga Asdaga","peak_elev":1579,"peak_lon":41.7284068306274,"peak_lat":13.183001373275008,"base_elev":868,"distance_m":1388.6,"vertical_relief_m":711.0,"max_jut":324.1977,"search_radius_m":3500,"elev_angle_deg":27.1136}},{"type":"Feature","geometry":{"type":"Point","coordinates":[39.633086430418615,14.406506790245798]},"properties":{"peak_name":"Asimba","local_name":"Asimba","english_name":"Asimba","search_name":"Asimba Asimba Asimba Asimba Asimba Asimba","peak_elev":3175,"peak_lon":39.61556928237828,"peak_lat":14.448278450957355,"base_elev":1540,"distance_m":4992.8,"vertical_relief_m":1635.0,"max_jut":506.9589,"search_radius_m":8000,"elev_angle_deg":18.1321}},{"type":"Feature","geometry":{"type":"Point","coordinates":[9.383397216034668,6.290407861282744]},"properties":{"peak_name":"Atamakpo","local_name":"Atamakpo","english_name":"Atamakpo","search_name":"Atamakpo Atamakpo Atamakpo Atamakpo Atamakpo Atamakpo","peak_elev":1580,"peak_lon":9.403070320756886,"peak_lat":6.317357319806329,"base_elev":381,"distance_m":3690.6,"vertical_relief_m":1199.0,"max_jut":369.407,"search_radius_m":3750,"elev_angle_deg":17.9979}},{"type":"Feature","geometry":{"type":"Point","coordinates":[33.287836421040375,4.653767245145388]},"properties":{"peak_name":"Atelli","local_name":"Atelli","english_name":"Atelli","search_name":"Atelli Atelli Atelli Atelli Atelli Atelli","peak_elev":1446,"peak_lon":33.28891439938132,"peak_lat":4.663199555628642,"base_elev":722,"distance_m":1049.9,"vertical_relief_m":724.0,"max_jut":409.5021,"search_radius_m":1625,"elev_angle_deg":34.5897}},{"type":"Feature","geometry":{"type":"Point","coordinates":[9.717570501727131,6.548314179353459]},"properties":{"peak_name":"Ava","local_name":"Ava","english_name":"Ava","search_name":"Ava Ava Ava Ava Ava Ava","peak_elev":1188,"peak_lon":9.733740176841282,"peak_lat":6.54885316852393,"base_elev":309,"distance_m":1789.3,"vertical_relief_m":879.0,"max_jut":387.9271,"search_radius_m":2250,"elev_angle_deg":26.1627}},{"type":"Feature","geometry":{"type":"Point","coordinates":[49.76904727572441,11.457158049424583]},"properties":{"peak_name":"Aw Dari","local_name":"Aw Dari","english_name":"Aw Dari","search_name":"Aw Dari Aw Dari Aw Dari Aw Dari Aw Dari Aw Dari","peak_elev":781,"peak_lon":49.76608283528682,"peak_lat":11.44368332016279,"base_elev":28,"distance_m":1525.2,"vertical_relief_m":753.0,"max_jut":332.0242,"search_radius_m":3000,"elev_angle_deg":26.2758}},{"type":"Feature","geometry":{"type":"Point","coordinates":[39.761096358405645,14.711035671562316]},"properties":{"peak_name":"Aygi","local_name":"Aygi","english_name":"Aygi","search_name":"Aygi Aygi Aygi Aygi Aygi Aygi","peak_elev":1344,"peak_lon":39.76891170137748,"peak_lat":14.71534758492609,"base_elev":753,"distance_m":967.5,"vertical_relief_m":591.0,"max_jut":308.0454,"search_radius_m":2000,"elev_angle_deg":31.4188}},{"type":"Feature","geometry":{"type":"Point","coordinates":[-5.6579040697341885,32.23222613067152]},"properties":{"peak_name":"Bab Ouayad","local_name":"Bab Ouayad","english_name":"Bab Ouayad","search_name":"Bab Ouayad Bab Ouayad Bab Ouayad Bab Ouayad Bab Ouayad Bab Ouayad","peak_elev":2804,"peak_lon":-5.653053167199944,"peak_lat":32.21875140140973,"base_elev":1998,"distance_m":1562.6,"vertical_relief_m":806.0,"max_jut":368.799,"search_radius_m":3500,"elev_angle_deg":27.285}},{"type":"Feature","geometry":{"type":"Point","coordinates":[29.76688966493391,0.3725762640885716]},"properties":{"peak_name":"Baker","local_name":"Baker","english_name":"Baker","search_name":"Baker Baker Baker Baker Baker Baker","peak_elev":4745,"peak_lon":29.892743636239054,"peak_lat":0.3644914265314958,"base_elev":1189,"distance_m":14038.2,"vertical_relief_m":3556.0,"max_jut":874.0835,"search_radius_m":34000,"elev_angle_deg":14.2145}},{"type":"Feature","geometry":{"type":"Point","coordinates":[10.156846675661576,5.230216162964885]},"properties":{"peak_name":"Banfelo","local_name":"Banfelo","english_name":"Banfelo","search_name":"Banfelo Banfelo Banfelo Banfelo Banfelo Banfelo","peak_elev":1740,"peak_lon":10.184335123355634,"peak_lat":5.222939809163516,"base_elev":807,"distance_m":3151.8,"vertical_relief_m":933.0,"max_jut":264.9997,"search_radius_m":4000,"elev_angle_deg":16.4899}},{"type":"Feature","geometry":{"type":"Point","coordinates":[32.537294001158514,4.035816161199569]},"properties":{"peak_name":"Banj","local_name":"Banj","english_name":"Banj","search_name":"Banj Banj Banj Banj Banj Banj","peak_elev":1902,"peak_lon":32.55130771959078,"peak_lat":4.054680782166079,"base_elev":1046,"distance_m":2602.5,"vertical_relief_m":856.0,"max_jut":266.6896,"search_radius_m":3750,"elev_angle_deg":18.2068}},{"type":"Feature","geometry":{"type":"Point","coordinates":[39.54469220646126,14.936872133989963]},"properties":{"peak_name":"Baranlo [39.55507,14.93032]","local_name":"Baranlo","english_name":"Baranlo","search_name":"Baranlo Baranlo Baranlo Baranlo Baranlo Baranlo [39.55507,14.93032]","peak_elev":2259,"peak_lon":39.55493300070022,"peak_lat":14.92986527477383,"base_elev":1424,"distance_m":1347.2,"vertical_relief_m":835.0,"max_jut":439.6567,"search_radius_m":3500,"elev_angle_deg":31.7908}},{"type":"Feature","geometry":{"type":"Point","coordinates":[39.63335592500385,14.879469787334726]},"properties":{"peak_name":"Baranlo [39.61490,14.88100]","local_name":"Baranlo","english_name":"Baranlo","search_name":"Baranlo Baranlo Baranlo Baranlo Baranlo Baranlo [39.61490,14.88100]","peak_elev":2649,"peak_lon":39.61449130403734,"peak_lat":14.881356249431375,"base_elev":1636,"distance_m":2040.7,"vertical_relief_m":1013.0,"max_jut":450.8687,"search_radius_m":4000,"elev_angle_deg":26.3997}},{"type":"Feature","geometry":{"type":"Point","coordinates":[33.11455140273372,-17.85738495419094]},"properties":{"peak_name":"Barauro","local_name":"Barauro","english_name":"Barauro","search_name":"Barauro Barauro Barauro Barauro Barauro Barauro","peak_elev":1451,"peak_lon":33.095147792596734,"peak_lat":-17.85199506248622,"base_elev":697,"distance_m":2141.4,"vertical_relief_m":754.0,"max_jut":250.6303,"search_radius_m":3000,"elev_angle_deg":19.3975}},{"type":"Feature","geometry":{"type":"Point","coordinates":[10.3088416217346,5.09196544073889]},"properties":{"peak_name":"Batcha","local_name":"Batcha","english_name":"Batcha","search_name":"Batcha Batcha Batcha Batcha Batcha Batcha","peak_elev":1569,"peak_lon":10.325819780604458,"peak_lat":5.090078978642239,"base_elev":807,"distance_m":1894.1,"vertical_relief_m":762.0,"max_jut":284.6602,"search_radius_m":2500,"elev_angle_deg":21.915}},{"type":"Feature","geometry":{"type":"Point","coordinates":[39.050169642553456,12.328434043492107]},"properties":{"peak_name":"Baylamt’u Terara","local_name":"Baylamt’u Terara","english_name":"Baylamt’u Terara","search_name":"Baylamt’u Terara Baylamt’u Terara Baylamt’u Terara Baylamt’u Terara Baylamt’u Terara Baylamt’u Terara","peak_elev":3781,"peak_lon":39.06337487723001,"peak_lat":12.353227545333809,"base_elev":2611,"distance_m":3096.0,"vertical_relief_m":1170.0,"max_jut":412.2361,"search_radius_m":7000,"elev_angle_deg":20.7019}},{"type":"Feature","geometry":{"type":"Point","coordinates":[46.0966445627154,10.488864004672152]},"properties":{"peak_name":"Beyla Subko","local_name":"Beyla Subko","english_name":"Beyla Subko","search_name":"Beyla Subko Beyla Subko Beyla Subko Beyla Subko Beyla Subko Beyla Subko","peak_elev":993,"peak_lon":46.09907001398252,"peak_lat":10.494253896376868,"base_elev":525,"distance_m":652.6,"vertical_relief_m":468.0,"max_jut":271.9709,"search_radius_m":1125,"elev_angle_deg":35.6455}},{"type":"Feature","geometry":{"type":"Point","coordinates":[39.637667838367626,14.657675743685616]},"properties":{"peak_name":"Bokale","local_name":"Bokale","english_name":"Bokale","search_name":"Bokale Bokale Bokale Bokale Bokale Bokale","peak_elev":2549,"peak_lon":39.6562629647489,"peak_lat":14.66387411914604,"base_elev":1518,"distance_m":2117.2,"vertical_relief_m":1031.0,"max_jut":451.636,"search_radius_m":5000,"elev_angle_deg":25.9644}},{"type":"Feature","geometry":{"type":"Point","coordinates":[33.29538226942698,4.729764718181899]},"properties":{"peak_name":"Bolongitat","local_name":"Bolongitat","english_name":"Bolongitat","search_name":"Bolongitat Bolongitat Bolongitat Bolongitat Bolongitat Bolongitat","peak_elev":1346,"peak_lon":33.285680464358485,"peak_lat":4.727878256085248,"base_elev":694,"distance_m":1096.4,"vertical_relief_m":652.0,"max_jut":333.48,"search_radius_m":1875,"elev_angle_deg":30.7388}},{"type":"Feature","geometry":{"type":"Point","coordinates":[12.898415091265944,-14.625066898872078]},"properties":{"peak_name":"Bondiangombe","local_name":"Bondiangombe","english_name":"Bondiangombe","search_name":"Bondiangombe Bondiangombe Bondiangombe Bondiangombe Bondiangombe Bondiangombe","peak_elev":1278,"peak_lon":12.888713286197454,"peak_lat":-14.61509559921835,"base_elev":598,"distance_m":1519.8,"vertical_relief_m":680.0,"max_jut":277.2573,"search_radius_m":2500,"elev_angle_deg":24.105}},{"type":"Feature","geometry":{"type":"Point","coordinates":[-13.077359495862554,9.666097035947082]},"properties":{"peak_name":"Bonkoui","local_name":"Bonkoui","english_name":"Bonkoui","search_name":"Bonkoui Bonkoui Bonkoui Bonkoui Bonkoui Bonkoui","peak_elev":740,"peak_lon":-13.064693250356468,"peak_lat":9.669061476384677,"base_elev":45,"distance_m":1428.3,"vertical_relief_m":695.0,"max_jut":304.3148,"search_radius_m":2000,"elev_angle_deg":25.9472}},{"type":"Feature","geometry":{"type":"Point","coordinates":[15.808687117227958,-25.09439254611463]},"properties":{"peak_name":"Bushman Hill","local_name":"Bushman Hill","english_name":"Bushman Hill","search_name":"Bushman Hill Bushman Hill Bushman Hill Bushman Hill Bushman Hill Bushman Hill","peak_elev":1678,"peak_lon":15.79817682840376,"peak_lat":-25.10732828620595,"base_elev":963,"distance_m":1782.5,"vertical_relief_m":715.0,"max_jut":265.7691,"search_radius_m":5000,"elev_angle_deg":21.8568}},{"type":"Feature","geometry":{"type":"Point","coordinates":[39.12104671847049,15.354858235690775]},"properties":{"peak_name":"Bīzen Terara","local_name":"Bīzen Terara","english_name":"Bīzen Terara","search_name":"Bīzen Terara Bīzen Terara Bīzen Terara Bīzen Terara Bīzen Terara Bīzen Terara","peak_elev":2461,"peak_lon":39.08223949819652,"peak_lat":15.328447766337662,"base_elev":1076,"distance_m":5089.6,"vertical_relief_m":1385.0,"max_jut":363.4077,"search_radius_m":5500,"elev_angle_deg":15.2229}},{"type":"Feature","geometry":{"type":"Point","coordinates":[51.11813716941511,11.868676281079736]},"properties":{"peak_name":"Caday","local_name":"Caday","english_name":"Caday","search_name":"Caday Caday Caday Caday Caday Caday","peak_elev":422,"peak_lon":51.11948464234129,"peak_lat":11.865711840642142,"base_elev":29,"distance_m":359.3,"vertical_relief_m":393.0,"max_jut":289.5097,"search_radius_m":750,"elev_angle_deg":47.5649}},{"type":"Feature","geometry":{"type":"Point","coordinates":[46.91644709100287,10.728175196361592]},"properties":{"peak_name":"Cal Madow","local_name":"Cal Madow","english_name":"Cal Madow","search_name":"Cal Madow Cal Madow Cal Madow Cal Madow Cal Madow Cal Madow","peak_elev":1219,"peak_lon":46.922645466463294,"peak_lat":10.747578806498574,"base_elev":384,"distance_m":2250.8,"vertical_relief_m":835.0,"max_jut":289.2351,"search_radius_m":4250,"elev_angle_deg":20.3538}},{"type":"Feature","geometry":{"type":"Point","coordinates":[9.23571418332542,4.164634572942308]},"properties":{"peak_name":"Cameroon Mountain","local_name":"Cameroon Mountain","english_name":"Cameroon Mountain","search_name":"Cameroon Mountain Cameroon Mountain Cameroon Mountain Cameroon Mountain Cameroon Mountain Cameroon Mountain","peak_elev":4029,"peak_lon":9.172652450380228,"peak_lat":4.2166470278928285,"base_elev":989,"distance_m":9060.8,"vertical_relief_m":3040.0,"max_jut":965.6309,"search_radius_m":24000,"elev_angle_deg":18.5472}},{"type":"Feature","geometry":{"type":"Point","coordinates":[13.071430614987364,-14.74391401096109]},"properties":{"peak_name":"Candarengo","local_name":"Candarengo","english_name":"Candarengo","search_name":"Candarengo Candarengo Candarengo Candarengo Candarengo Candarengo","peak_elev":2001,"peak_lon":13.09838007351095,"peak_lat":-14.737176646330193,"base_elev":950,"distance_m":2996.1,"vertical_relief_m":1051.0,"max_jut":348.1826,"search_radius_m":3250,"elev_angle_deg":19.3303}},{"type":"Feature","geometry":{"type":"Point","coordinates":[29.145435151380024,-28.93118695611752]},"properties":{"peak_name":"Cathedral Peak","local_name":"Cathedral Peak","english_name":"Cathedral Peak","search_name":"Cathedral Peak Cathedral Peak Cathedral Peak Cathedral Peak Cathedral Peak Cathedral Peak","peak_elev":2912,"peak_lon":29.134655367970588,"peak_lat":-28.92525807524233,"base_elev":1991,"distance_m":1239.6,"vertical_relief_m":921.0,"max_jut":549.4253,"search_radius_m":1375,"elev_angle_deg":36.6117}},{"type":"Feature","geometry":{"type":"Point","coordinates":[37.32944671582251,13.78774722254427]},"properties":{"peak_name":"Catri Gua","local_name":"Catri Gua","english_name":"Catri Gua","search_name":"Catri Gua Catri Gua Catri Gua Catri Gua Catri Gua Catri Gua","peak_elev":2083,"peak_lon":37.32513480245874,"peak_lat":13.78774722254427,"base_elev":1701,"distance_m":466.3,"vertical_relief_m":382.0,"max_jut":242.2826,"search_radius_m":1000,"elev_angle_deg":39.3249}},{"type":"Feature","geometry":{"type":"Point","coordinates":[29.2279004944622,-2.6975060509183053]},"properties":{"peak_name":"Cendajuru","local_name":"Cendajuru","english_name":"Cendajuru","search_name":"Cendajuru Cendajuru Cendajuru Cendajuru Cendajuru Cendajuru","peak_elev":2212,"peak_lon":29.228708978217902,"peak_lat":-2.691307675457881,"base_elev":1723,"distance_m":691.3,"vertical_relief_m":489.0,"max_jut":281.3733,"search_radius_m":2250,"elev_angle_deg":35.2742}},{"type":"Feature","geometry":{"type":"Point","coordinates":[29.34755609030692,-29.103663490668467]},"properties":{"peak_name":"Champagne Castle","local_name":"Champagne Castle","english_name":"Champagne Castle","search_name":"Champagne Castle Champagne Castle Champagne Castle Champagne Castle Champagne Castle Champagne Castle","peak_elev":3375,"peak_lon":29.331116920607528,"peak_lat":-29.09369219101474,"base_elev":2276,"distance_m":1944.8,"vertical_relief_m":1099.0,"max_jut":540.7646,"search_radius_m":8750,"elev_angle_deg":29.4706}},{"type":"Feature","geometry":{"type":"Point","coordinates":[11.722340721296668,7.01265334971484]},"properties":{"peak_name":"Chappal Waddi","local_name":"Chappal Waddi","english_name":"Chappal Waddi","search_name":"Chappal Waddi Chappal Waddi Chappal Waddi Chappal Waddi Chappal Waddi Chappal Waddi","peak_elev":2412,"peak_lon":11.715064367495298,"peak_lat":7.032865443607529,"base_elev":1473,"distance_m":2375.4,"vertical_relief_m":939.0,"max_jut":343.7903,"search_radius_m":9000,"elev_angle_deg":21.569}},{"type":"Feature","geometry":{"type":"Point","coordinates":[12.839665271684527,-14.650668884469484]},"properties":{"peak_name":"Chicailungo","local_name":"Chicailungo","english_name":"Chicailungo","search_name":"Chicailungo Chicailungo Chicailungo Chicailungo Chicailungo Chicailungo","peak_elev":1330,"peak_lon":12.832119423297923,"peak_lat":-14.662257151634623,"base_elev":585,"distance_m":1518.1,"vertical_relief_m":745.0,"max_jut":327.3747,"search_radius_m":2250,"elev_angle_deg":26.1393}},{"type":"Feature","geometry":{"type":"Point","coordinates":[38.24087740309018,16.7424858550702]},"properties":{"peak_name":"Chile Amba","local_name":"Chile Amba","english_name":"Chile Amba","search_name":"Chile Amba Chile Amba Chile Amba Chile Amba Chile Amba Chile Amba","peak_elev":2279,"peak_lon":38.2357570059707,"peak_lat":16.766740367741427,"base_elev":1150,"distance_m":2739.1,"vertical_relief_m":1129.0,"max_jut":428.5741,"search_radius_m":3500,"elev_angle_deg":22.4004}},{"type":"Feature","geometry":{"type":"Point","coordinates":[33.926538588049354,-13.058494874896043]},"properties":{"peak_name":"Chipata","local_name":"Chipata","english_name":"Chipata","search_name":"Chipata Chipata Chipata Chipata Chipata Chipata","peak_elev":1631,"peak_lon":33.93192847975407,"peak_lat":-13.066849207038354,"base_elev":1037,"distance_m":1093.6,"vertical_relief_m":594.0,"max_jut":282.8,"search_radius_m":2000,"elev_angle_deg":28.509}},{"type":"Feature","geometry":{"type":"Point","coordinates":[35.18534779568604,-15.687414553871823]},"properties":{"peak_name":"Chiradzulu Mountain","local_name":"Chiradzulu Mountain","english_name":"Chiradzulu Mountain","search_name":"Chiradzulu Mountain Chiradzulu Mountain Chiradzulu Mountain Chiradzulu Mountain Chiradzulu Mountain Chiradzulu Mountain","peak_elev":1728,"peak_lon":35.1775324527142,"peak_lat":-15.685528091775172,"base_elev":1186,"distance_m":863.4,"vertical_relief_m":542.0,"max_jut":288.3684,"search_radius_m":2750,"elev_angle_deg":32.1186}},{"type":"Feature","geometry":{"type":"Point","coordinates":[47.04796044859797,10.630618156506213]},"properties":{"peak_name":"Cirtoole","local_name":"Cirtoole","english_name":"Cirtoole","search_name":"Cirtoole Cirtoole Cirtoole Cirtoole Cirtoole Cirtoole","peak_elev":1612,"peak_lon":47.04257055689325,"peak_lat":10.632235124017628,"base_elev":1224,"distance_m":616.3,"vertical_relief_m":388.0,"max_jut":206.8196,"search_radius_m":750,"elev_angle_deg":32.193}},{"type":"Feature","geometry":{"type":"Point","coordinates":[24.77827539763297,-33.56595483300378]},"properties":{"peak_name":"Cockscomb","local_name":"Cockscomb","english_name":"Cockscomb","search_name":"Cockscomb Cockscomb Cockscomb Cockscomb Cockscomb Cockscomb","peak_elev":1753,"peak_lon":24.7844737730934,"peak_lat":-33.571344724708496,"base_elev":933,"distance_m":829.8,"vertical_relief_m":820.0,"max_jut":576.2874,"search_radius_m":2000,"elev_angle_deg":44.6597}},{"type":"Feature","geometry":{"type":"Point","coordinates":[18.37185011740619,-34.06047739691157]},"properties":{"peak_name":"Constantiaberg","local_name":"Constantiaberg","english_name":"Constantiaberg","search_name":"Constantiaberg Constantiaberg Constantiaberg Constantiaberg Constantiaberg Constantiaberg","peak_elev":927,"peak_lon":18.38532484666798,"peak_lat":-34.05400952686591,"base_elev":93,"distance_m":1436.1,"vertical_relief_m":834.0,"max_jut":419.146,"search_radius_m":2750,"elev_angle_deg":30.1454}},{"type":"Feature","geometry":{"type":"Point","coordinates":[57.4472175036792,-20.2628936220062]},"properties":{"peak_name":"Corps de Garde","local_name":"Corps de Garde","english_name":"Corps de Garde","search_name":"Corps de Garde Corps de Garde Corps de Garde Corps de Garde Corps de Garde Corps de Garde","peak_elev":699,"peak_lon":57.45206840621344,"peak_lat":-20.2599291815686,"base_elev":225,"distance_m":603.8,"vertical_relief_m":474.0,"max_jut":292.6539,"search_radius_m":1125,"elev_angle_deg":38.1329}},{"type":"Feature","geometry":{"type":"Point","coordinates":[6.572838186609921,0.1173648918702155]},"properties":{"peak_name":"Cão Grande","local_name":"Cão Grande","english_name":"Cão Grande","search_name":"Cão Grande Cão Grande Cão Grande Cão Grande Cão Grande Cão Grande","peak_elev":331,"peak_lon":6.565292338223317,"peak_lat":0.1184428702111589,"base_elev":83,"distance_m":848.4,"vertical_relief_m":248.0,"max_jut":69.6445,"search_radius_m":875,"elev_angle_deg":16.2944}},{"type":"Feature","geometry":{"type":"Point","coordinates":[49.66583084957908,11.203563644717644]},"properties":{"peak_name":"Dabeylweyn","local_name":"Dabeylweyn","english_name":"Dabeylweyn","search_name":"Dabeylweyn Dabeylweyn Dabeylweyn Dabeylweyn Dabeylweyn Dabeylweyn","peak_elev":1627,"peak_lon":49.66663933333479,"peak_lat":11.216229890223728,"base_elev":955,"distance_m":1403.9,"vertical_relief_m":672.0,"max_jut":288.9187,"search_radius_m":3500,"elev_angle_deg":25.5789}},{"type":"Feature","geometry":{"type":"Point","coordinates":[39.56975520288819,14.768707512802788]},"properties":{"peak_name":"Dahan Dahan","local_name":"Dahan Dahan","english_name":"Dahan Dahan","search_name":"Dahan Dahan Dahan Dahan Dahan Dahan Dahan Dahan Dahan Dahan Dahan Dahan","peak_elev":2591,"peak_lon":39.57029419205866,"peak_lat":14.75172935393293,"base_elev":1736,"distance_m":1879.5,"vertical_relief_m":855.0,"max_jut":352.5933,"search_radius_m":2000,"elev_angle_deg":24.4612}},{"type":"Feature","geometry":{"type":"Point","coordinates":[14.318651555458908,-10.460297578637151]},"properties":{"peak_name":"Dalangombe","local_name":"Dalangombe","english_name":"Dalangombe","search_name":"Dalangombe Dalangombe Dalangombe Dalangombe Dalangombe Dalangombe","peak_elev":1148,"peak_lon":14.339402638522069,"peak_lat":-10.45706364361432,"base_elev":340,"distance_m":2299.9,"vertical_relief_m":808.0,"max_jut":268.0776,"search_radius_m":4250,"elev_angle_deg":19.3574}},{"type":"Feature","geometry":{"type":"Point","coordinates":[38.88038805385487,14.043767078518334]},"properties":{"peak_name":"Damo Korebta","local_name":"Damo Korebta","english_name":"Damo Korebta","search_name":"Damo Korebta Damo Korebta Damo Korebta Damo Korebta Damo Korebta Damo Korebta","peak_elev":2516,"peak_lon":38.87877108634345,"peak_lat":14.04861798105258,"base_elev":1958,"distance_m":564.4,"vertical_relief_m":558.0,"max_jut":391.4332,"search_radius_m":1000,"elev_angle_deg":44.6733}},{"type":"Feature","geometry":{"type":"Point","coordinates":[42.083061704797785,11.76572934951964]},"properties":{"peak_name":"Data San","local_name":"Data San","english_name":"Data San","search_name":"Data San Data San Data San Data San Data San Data San","peak_elev":1323,"peak_lon":42.06231062173463,"peak_lat":11.754949566110206,"base_elev":339,"distance_m":2556.9,"vertical_relief_m":984.0,"max_jut":353.3634,"search_radius_m":3750,"elev_angle_deg":21.0488}},{"type":"Feature","geometry":{"type":"Point","coordinates":[38.52357722300259,16.482154085732365]},"properties":{"peak_name":"Debra Cabertzada","local_name":"Debra Cabertzada","english_name":"Debra Cabertzada","search_name":"Debra Cabertzada Debra Cabertzada Debra Cabertzada Debra Cabertzada Debra Cabertzada Debra Cabertzada","peak_elev":1935,"peak_lon":38.52546368509925,"peak_lat":16.499671233772695,"base_elev":1146,"distance_m":1948.9,"vertical_relief_m":789.0,"max_jut":294.8725,"search_radius_m":2000,"elev_angle_deg":22.0403}},{"type":"Feature","geometry":{"type":"Point","coordinates":[39.5495431089955,14.759544696904769]},"properties":{"peak_name":"Dega","local_name":"Dega","english_name":"Dega","search_name":"Dega Dega Dega Dega Dega Dega","peak_elev":2998,"peak_lon":39.53040899344375,"peak_lat":14.760622675245711,"base_elev":2023,"distance_m":2063.6,"vertical_relief_m":975.0,"max_jut":416.9609,"search_radius_m":5750,"elev_angle_deg":25.2896}},{"type":"Feature","geometry":{"type":"Point","coordinates":[18.44946455795412,-33.95806945452195]},"properties":{"peak_name":"Devil’s Peak","local_name":"Devil’s Peak","english_name":"Devil’s Peak","search_name":"Devil’s Peak Devil’s Peak Devil’s Peak Devil’s Peak Devil’s Peak Devil’s Peak","peak_elev":990,"peak_lon":18.439762752885624,"peak_lat":-33.95456602491388,"base_elev":254,"distance_m":977.3,"vertical_relief_m":736.0,"max_jut":443.1522,"search_radius_m":2250,"elev_angle_deg":36.9832}},{"type":"Feature","geometry":{"type":"Point","coordinates":[11.779204078781431,8.370097575547849]},"properties":{"peak_name":"Dimlang","local_name":"Dimlang","english_name":"Dimlang","search_name":"Dimlang Dimlang Dimlang Dimlang Dimlang Dimlang","peak_elev":1687,"peak_lon":11.77677862751431,"peak_lat":8.394891077389547,"base_elev":795,"distance_m":2755.1,"vertical_relief_m":892.0,"max_jut":273.4352,"search_radius_m":3750,"elev_angle_deg":17.94}},{"type":"Feature","geometry":{"type":"Point","coordinates":[39.59724365058224,14.877583325238074]},"properties":{"peak_name":"Dimo","local_name":"Dimo","english_name":"Dimo","search_name":"Dimo Dimo Dimo Dimo Dimo Dimo","peak_elev":2420,"peak_lon":39.59751314516748,"peak_lat":14.868690003925291,"base_elev":1733,"distance_m":984.4,"vertical_relief_m":687.0,"max_jut":391.8522,"search_radius_m":1250,"elev_angle_deg":34.9107}},{"type":"Feature","geometry":{"type":"Point","coordinates":[18.825948493528607,12.257287472989844]},"properties":{"peak_name":"Diouga","local_name":"Diouga","english_name":"Diouga","search_name":"Diouga Diouga Diouga Diouga Diouga Diouga","peak_elev":1281,"peak_lon":18.8394232227904,"peak_lat":12.260790902597908,"base_elev":500,"distance_m":1516.4,"vertical_relief_m":781.0,"max_jut":357.8456,"search_radius_m":2000,"elev_angle_deg":27.2501}},{"type":"Feature","geometry":{"type":"Point","coordinates":[5.48219360016041,36.47434039686914]},"properties":{"peak_name":"Djebel Babor","local_name":"Djebel Babor","english_name":"Djebel Babor","search_name":"Djebel Babor Djebel Babor Djebel Babor Djebel Babor Djebel Babor Djebel Babor","peak_elev":2001,"peak_lon":5.474108762603335,"peak_lat":36.50155934997796,"base_elev":892,"distance_m":3106.1,"vertical_relief_m":1109.0,"max_jut":372.3074,"search_radius_m":4500,"elev_angle_deg":19.6486}},{"type":"Feature","geometry":{"type":"Point","coordinates":[8.044548116582934,35.770959529403555]},"properties":{"peak_name":"Djebel Bou Khadra","local_name":"Djebel Bou Khadra","english_name":"Djebel Bou Khadra","search_name":"Djebel Bou Khadra Djebel Bou Khadra Djebel Bou Khadra Djebel Bou Khadra Djebel Bou Khadra Djebel Bou Khadra","peak_elev":1460,"peak_lon":8.048590535361472,"peak_lat":35.76125772433507,"base_elev":823,"distance_m":1136.8,"vertical_relief_m":637.0,"max_jut":310.9728,"search_radius_m":2000,"elev_angle_deg":29.2639}},{"type":"Feature","geometry":{"type":"Point","coordinates":[2.3983670613065047,36.60531476529377]},"properties":{"peak_name":"Djebel Chenoua","local_name":"Djebel Chenoua","english_name":"Djebel Chenoua","search_name":"Djebel Chenoua Djebel Chenoua Djebel Chenoua Djebel Chenoua Djebel Chenoua Djebel Chenoua","peak_elev":905,"peak_lon":2.373034570294334,"peak_lat":36.60639274363471,"base_elev":99,"distance_m":2269.6,"vertical_relief_m":806.0,"max_jut":270.2798,"search_radius_m":5000,"elev_angle_deg":19.5514}},{"type":"Feature","geometry":{"type":"Point","coordinates":[5.560347029878809,36.63468967508447]},"properties":{"peak_name":"Djebel Hadib","local_name":"Djebel Hadib","english_name":"Djebel Hadib","search_name":"Djebel Hadib Djebel Hadib Djebel Hadib Djebel Hadib Djebel Hadib Djebel Hadib","peak_elev":1441,"peak_lon":5.552262192321733,"peak_lat":36.62256241874886,"base_elev":395,"distance_m":1527.8,"vertical_relief_m":1046.0,"max_jut":590.4982,"search_radius_m":3000,"elev_angle_deg":34.3973}},{"type":"Feature","geometry":{"type":"Point","coordinates":[5.292738906739603,36.60342830319711]},"properties":{"peak_name":"Djebel Sidi Djaber","local_name":"Djebel Sidi Djaber","english_name":"Djebel Sidi Djaber","search_name":"Djebel Sidi Djaber Djebel Sidi Djaber Djebel Sidi Djaber Djebel Sidi Djaber Djebel Sidi Djaber Djebel Sidi Djaber","peak_elev":1235,"peak_lon":5.30136273346715,"peak_lat":36.59076205769103,"base_elev":287,"distance_m":1603.5,"vertical_relief_m":948.0,"max_jut":482.0915,"search_radius_m":4250,"elev_angle_deg":30.5919}},{"type":"Feature","geometry":{"type":"Point","coordinates":[5.47114432216574,36.558692202047965]},"properties":{"peak_name":"Djebel Tababort","local_name":"Djebel Tababort","english_name":"Djebel Tababort","search_name":"Djebel Tababort Djebel Tababort Djebel Tababort Djebel Tababort Djebel Tababort Djebel Tababort","peak_elev":1899,"peak_lon":5.466023925046259,"peak_lat":36.5379411189848,"base_elev":795,"distance_m":2347.9,"vertical_relief_m":1104.0,"max_jut":469.0443,"search_radius_m":3250,"elev_angle_deg":25.1833}},{"type":"Feature","geometry":{"type":"Point","coordinates":[10.115614004120491,36.3492949093197]},"properties":{"peak_name":"Djebel Zarhouan","local_name":"Djebel Zarhouan","english_name":"Djebel Zarhouan","search_name":"Djebel Zarhouan Djebel Zarhouan Djebel Zarhouan Djebel Zarhouan Djebel Zarhouan Djebel Zarhouan","peak_elev":1237,"peak_lon":10.111032596171482,"peak_lat":36.351989855172064,"base_elev":737,"distance_m":508.5,"vertical_relief_m":500.0,"max_jut":350.7114,"search_radius_m":1875,"elev_angle_deg":44.5171}},{"type":"Feature","geometry":{"type":"Point","coordinates":[41.80036188488537,13.50100498385332]},"properties":{"peak_name":"Dubbi Alto","local_name":"Dubbi Alto","english_name":"Dubbi Alto","search_name":"Dubbi Alto Dubbi Alto Dubbi Alto Dubbi Alto Dubbi Alto Dubbi Alto","peak_elev":1581,"peak_lon":41.79066007981688,"peak_lat":13.50369992970568,"base_elev":913,"distance_m":1091.8,"vertical_relief_m":668.0,"max_jut":348.8301,"search_radius_m":4250,"elev_angle_deg":31.4597}},{"type":"Feature","geometry":{"type":"Point","coordinates":[19.18410679730706,-33.74355176467421]},"properties":{"peak_name":"Dutoitspiek","local_name":"Dutoitspiek","english_name":"Dutoitspiek","search_name":"Dutoitspiek Dutoitspiek Dutoitspiek Dutoitspiek Dutoitspiek Dutoitspiek","peak_elev":1987,"peak_lon":19.18787972150036,"peak_lat":-33.75433154808364,"base_elev":792,"distance_m":1245.7,"vertical_relief_m":1195.0,"max_jut":826.3359,"search_radius_m":5000,"elev_angle_deg":43.81}},{"type":"Feature","geometry":{"type":"Point","coordinates":[16.17223531271113,-25.15098640901416]},"properties":{"peak_name":"Eckberg","local_name":"Eckberg","english_name":"Eckberg","search_name":"Eckberg Eckberg Eckberg Eckberg Eckberg Eckberg","peak_elev":1975,"peak_lon":16.15983856179028,"peak_lat":-25.14371005521279,"base_elev":1265,"distance_m":1487.3,"vertical_relief_m":710.0,"max_jut":305.8897,"search_radius_m":2250,"elev_angle_deg":25.5186}},{"type":"Feature","geometry":{"type":"Point","coordinates":[12.79331220302396,-14.585451194842406]},"properties":{"peak_name":"Ecundi","local_name":"Ecundi","english_name":"Ecundi","search_name":"Ecundi Ecundi Ecundi Ecundi Ecundi Ecundi","peak_elev":1110,"peak_lon":12.800858051410565,"peak_lat":-14.576288378944389,"base_elev":456,"distance_m":1299.6,"vertical_relief_m":654.0,"max_jut":293.3956,"search_radius_m":2000,"elev_angle_deg":26.713}},{"type":"Feature","geometry":{"type":"Point","coordinates":[39.696687152534274,14.705376285272362]},"properties":{"peak_name":"Edey","local_name":"Edey","english_name":"Edey","search_name":"Edey Edey Edey Edey Edey Edey","peak_elev":1977,"peak_lon":39.69480069043762,"peak_lat":14.69378801810722,"base_elev":1236,"distance_m":1298.2,"vertical_relief_m":741.0,"max_jut":366.0028,"search_radius_m":1375,"elev_angle_deg":29.7173}},{"type":"Feature","geometry":{"type":"Point","coordinates":[-9.970086928093128,-40.32541801988953]},"properties":{"peak_name":"Edinburgh Peak","local_name":"Edinburgh Peak","english_name":"Edinburgh Peak","search_name":"Edinburgh Peak Edinburgh Peak Edinburgh Peak Edinburgh Peak Edinburgh Peak Edinburgh Peak","peak_elev":901,"peak_lon":-9.94664089917761,"peak_lat":-40.309248344775376,"base_elev":4,"distance_m":2682.4,"vertical_relief_m":897.0,"max_jut":284.6544,"search_radius_m":6500,"elev_angle_deg":18.49}},{"type":"Feature","geometry":{"type":"Point","coordinates":[9.852048299759822,6.157547030761466]},"properties":{"peak_name":"Edomafu","local_name":"Edomafu","english_name":"Edomafu","search_name":"Edomafu Edomafu Edomafu Edomafu Edomafu Edomafu","peak_elev":1901,"peak_lon":9.852587288930296,"peak_lat":6.1451502798406175,"base_elev":1207,"distance_m":1372.2,"vertical_relief_m":694.0,"max_jut":311.8494,"search_radius_m":3000,"elev_angle_deg":26.8283}},{"type":"Feature","geometry":{"type":"Point","coordinates":[39.520976682960494,14.96436058168402]},"properties":{"peak_name":"Ejalo","local_name":"Ejalo","english_name":"Ejalo","search_name":"Ejalo Ejalo Ejalo Ejalo Ejalo Ejalo","peak_elev":1805,"peak_lon":39.50992740496583,"peak_lat":14.95924018456454,"base_elev":1089,"distance_m":1316.7,"vertical_relief_m":716.0,"max_jut":342.0929,"search_radius_m":1875,"elev_angle_deg":28.5366}},{"type":"Feature","geometry":{"type":"Point","coordinates":[39.77753552810504,14.696482963959578]},"properties":{"peak_name":"Ekab","local_name":"Ekab","english_name":"Ekab","search_name":"Ekab Ekab Ekab Ekab Ekab Ekab","peak_elev":1728,"peak_lon":39.76594726093989,"peak_lat":14.673845418799766,"base_elev":645,"distance_m":2798.5,"vertical_relief_m":1083.0,"max_jut":389.6035,"search_radius_m":3250,"elev_angle_deg":21.1561}},{"type":"Feature","geometry":{"type":"Point","coordinates":[14.985381159332418,-12.309838917110834]},"properties":{"peak_name":"Elongo","local_name":"Elongo","english_name":"Elongo","search_name":"Elongo Elongo Elongo Elongo Elongo Elongo","peak_elev":2424,"peak_lon":15.004515274884165,"peak_lat":-12.320349205935033,"base_elev":1562,"distance_m":2384.0,"vertical_relief_m":862.0,"max_jut":293.0386,"search_radius_m":2750,"elev_angle_deg":19.8788}},{"type":"Feature","geometry":{"type":"Point","coordinates":[39.69480069043762,14.843896502083592]},"properties":{"peak_name":"Emba","local_name":"Emba","english_name":"Emba","search_name":"Emba Emba Emba Emba Emba Emba","peak_elev":2124,"peak_lon":39.67997848824965,"peak_lat":14.843088018327885,"base_elev":1330,"distance_m":1597.8,"vertical_relief_m":794.0,"max_jut":353.7165,"search_radius_m":1625,"elev_angle_deg":26.4243}},{"type":"Feature","geometry":{"type":"Point","coordinates":[15.82674325443876,-21.70118622340996]},"properties":{"peak_name":"Erongo","local_name":"Erongo","english_name":"Erongo","search_name":"Erongo Erongo Erongo Erongo Erongo Erongo","peak_elev":2216,"peak_lon":15.814077008932676,"peak_lat":-21.68744199956293,"base_elev":1291,"distance_m":2008.5,"vertical_relief_m":925.0,"max_jut":386.3723,"search_radius_m":3250,"elev_angle_deg":24.7281}},{"type":"Feature","geometry":{"type":"Point","coordinates":[39.47004220635092,14.820180978582837]},"properties":{"peak_name":"Eureta","local_name":"Eureta","english_name":"Eureta","search_name":"Eureta Eureta Eureta Eureta Eureta Eureta","peak_elev":2312,"peak_lon":39.46680827132809,"peak_lat":14.811287657270054,"base_elev":1710,"distance_m":1043.8,"vertical_relief_m":602.0,"max_jut":299.8074,"search_radius_m":1250,"elev_angle_deg":29.9737}},{"type":"Feature","geometry":{"type":"Point","coordinates":[9.23571418332542,4.164634572942308]},"properties":{"peak_name":"Fako","local_name":"Fako","english_name":"Fako","search_name":"Fako Fako Fako Fako Fako Fako","peak_elev":4014,"peak_lon":9.174269417891644,"peak_lat":4.217994500819008,"base_elev":989,"distance_m":9019.5,"vertical_relief_m":3025.0,"max_jut":960.3881,"search_radius_m":24000,"elev_angle_deg":18.5407}},{"type":"Feature","geometry":{"type":"Point","coordinates":[39.69884310921616,14.923127910142934]},"properties":{"peak_name":"Falfalo","local_name":"Falfalo","english_name":"Falfalo","search_name":"Falfalo Falfalo Falfalo Falfalo Falfalo Falfalo","peak_elev":1772,"peak_lon":39.6848293907839,"peak_lat":14.912617621318736,"base_elev":1029,"distance_m":1904.1,"vertical_relief_m":743.0,"max_jut":269.8471,"search_radius_m":2250,"elev_angle_deg":21.3163}},{"type":"Feature","geometry":{"type":"Point","coordinates":[-9.97197339018978,-40.32434004154859]},"properties":{"peak_name":"False Peak","local_name":"False Peak","english_name":"False Peak","search_name":"False Peak False Peak False Peak False Peak False Peak False Peak","peak_elev":744,"peak_lon":-9.96658349848506,"peak_lat":-40.31356025813916,"base_elev":6,"distance_m":1281.7,"vertical_relief_m":738.0,"max_jut":368.0137,"search_radius_m":6000,"elev_angle_deg":29.9332}},{"type":"Feature","geometry":{"type":"Point","coordinates":[41.76317163212283,9.15702176443655]},"properties":{"peak_name":"Fetli","local_name":"Fetli","english_name":"Fetli","search_name":"Fetli Fetli Fetli Fetli Fetli Fetli","peak_elev":2760,"peak_lon":41.79173805815783,"peak_lat":9.158369237362727,"base_elev":1642,"distance_m":3143.3,"vertical_relief_m":1118.0,"max_jut":375.0542,"search_radius_m":3750,"elev_angle_deg":19.5793}},{"type":"Feature","geometry":{"type":"Point","coordinates":[55.80545649042236,-21.243584417679475]},"properties":{"peak_name":"Formica Léo","local_name":"Formica Léo","english_name":"Formica Léo","search_name":"Formica Léo Formica Léo Formica Léo Formica Léo Formica Léo Formica Léo","peak_elev":2219,"peak_lon":55.6922687646233,"peak_lat":-21.22391131295726,"base_elev":1,"distance_m":11949.9,"vertical_relief_m":2218.0,"max_jut":405.273,"search_radius_m":24000,"elev_angle_deg":10.5149}},{"type":"Feature","geometry":{"type":"Point","coordinates":[23.69355969205865,-33.87021421973506]},"properties":{"peak_name":"Formosa Peak","local_name":"Formosa Peak","english_name":"Formosa Peak","search_name":"Formosa Peak Formosa Peak Formosa Peak Formosa Peak Formosa Peak Formosa Peak","peak_elev":1663,"peak_lon":23.703261497127137,"peak_lat":-33.86401584427463,"base_elev":816,"distance_m":1130.7,"vertical_relief_m":847.0,"max_jut":507.9353,"search_radius_m":2000,"elev_angle_deg":36.8366}},{"type":"Feature","geometry":{"type":"Point","coordinates":[-13.052565994020854,9.638608588253025]},"properties":{"peak_name":"Férafari","local_name":"Férafari","english_name":"Férafari","search_name":"Férafari Férafari Férafari Férafari Férafari Férafari","peak_elev":743,"peak_lon":-13.042864188952365,"peak_lat":9.650735844588638,"base_elev":42,"distance_m":1712.6,"vertical_relief_m":701.0,"max_jut":264.9107,"search_radius_m":2500,"elev_angle_deg":22.2602}},{"type":"Feature","geometry":{"type":"Point","coordinates":[50.63223843223486,11.683533501022705]},"properties":{"peak_name":"Gaar Weyn","local_name":"Gaar Weyn","english_name":"Gaar Weyn","search_name":"Gaar Weyn Gaar Weyn Gaar Weyn Gaar Weyn Gaar Weyn Gaar Weyn","peak_elev":856,"peak_lon":50.63089095930868,"peak_lat":11.675448663465628,"base_elev":297,"distance_m":906.3,"vertical_relief_m":559.0,"max_jut":292.3833,"search_radius_m":2250,"elev_angle_deg":31.666}},{"type":"Feature","geometry":{"type":"Point","coordinates":[39.637667838367626,14.571167981824903]},"properties":{"peak_name":"Gabaile","local_name":"Gabaile","english_name":"Gabaile","search_name":"Gabaile Gabaile Gabaile Gabaile Gabaile Gabaile","peak_elev":2589,"peak_lon":39.61556928237828,"peak_lat":14.560927187585945,"base_elev":1683,"distance_m":2637.2,"vertical_relief_m":906.0,"max_jut":294.3985,"search_radius_m":2750,"elev_angle_deg":18.96}},{"type":"Feature","geometry":{"type":"Point","coordinates":[39.535259895978,14.96894198963303]},"properties":{"peak_name":"Gabayta","local_name":"Gabayta","english_name":"Gabayta","search_name":"Gabayta Gabayta Gabayta Gabayta Gabayta Gabayta","peak_elev":2049,"peak_lon":39.5533160331888,"peak_lat":14.960587657490718,"base_elev":1103,"distance_m":2151.0,"vertical_relief_m":946.0,"max_jut":380.8912,"search_radius_m":3250,"elev_angle_deg":23.7397}},{"type":"Feature","geometry":{"type":"Point","coordinates":[48.27874221937012,11.021924294268675]},"properties":{"peak_name":"Gacanteb","local_name":"Gacanteb","english_name":"Gacanteb","search_name":"Gacanteb Gacanteb Gacanteb Gacanteb Gacanteb Gacanteb","peak_elev":1731,"peak_lon":48.316471461303145,"peak_lat":11.00413765164311,"base_elev":505,"distance_m":4568.5,"vertical_relief_m":1226.0,"max_jut":317.7674,"search_radius_m":7000,"elev_angle_deg":15.0219}},{"type":"Feature","geometry":{"type":"Point","coordinates":[39.74708263997338,14.870576466021944]},"properties":{"peak_name":"Gamaro","local_name":"Gamaro","english_name":"Gamaro","search_name":"Gamaro Gamaro Gamaro Gamaro Gamaro Gamaro","peak_elev":1914,"peak_lon":39.73603336197871,"peak_lat":14.845513469595009,"base_elev":798,"distance_m":3017.3,"vertical_relief_m":1116.0,"max_jut":385.7812,"search_radius_m":4250,"elev_angle_deg":20.2978}},{"type":"Feature","geometry":{"type":"Point","coordinates":[16.209425565473676,-23.37420860855416]},"properties":{"peak_name":"Gamsberg","local_name":"Gamsberg","english_name":"Gamsberg","search_name":"Gamsberg Gamsberg Gamsberg Gamsberg Gamsberg Gamsberg","peak_elev":2350,"peak_lon":16.216162930104574,"peak_lat":-23.34995409588293,"base_elev":1294,"distance_m":2773.1,"vertical_relief_m":1056.0,"max_jut":374.597,"search_radius_m":4000,"elev_angle_deg":20.8469}},{"type":"Feature","geometry":{"type":"Point","coordinates":[49.53458698656922,11.408918518667363]},"properties":{"peak_name":"Gar Facanyo","local_name":"Gar Facanyo","english_name":"Gar Facanyo","search_name":"Gar Facanyo Gar Facanyo Gar Facanyo Gar Facanyo Gar Facanyo Gar Facanyo","peak_elev":918,"peak_lon":49.55614655338808,"peak_lat":11.39759974608746,"base_elev":14,"distance_m":2665.3,"vertical_relief_m":904.0,"max_jut":290.3128,"search_radius_m":5250,"elev_angle_deg":18.7356}},{"type":"Feature","geometry":{"type":"Point","coordinates":[41.73864762486636,9.212537648995136]},"properties":{"peak_name":"Gara Muleta","local_name":"Gara Muleta","english_name":"Gara Muleta","search_name":"Gara Muleta Gara Muleta Gara Muleta Gara Muleta Gara Muleta Gara Muleta","peak_elev":3229,"peak_lon":41.7532003324691,"peak_lat":9.240026096689192,"base_elev":2080,"distance_m":3435.2,"vertical_relief_m":1149.0,"max_jut":363.1826,"search_radius_m":3500,"elev_angle_deg":18.494}},{"type":"Feature","geometry":{"type":"Point","coordinates":[38.38128408199806,16.62687267800402]},"properties":{"peak_name":"Gargiabo","local_name":"Gargiabo","english_name":"Gargiabo","search_name":"Gargiabo Gargiabo Gargiabo Gargiabo Gargiabo Gargiabo","peak_elev":2683,"peak_lon":38.36241946103155,"peak_lat":16.62687267800402,"base_elev":1917,"distance_m":2012.7,"vertical_relief_m":766.0,"max_jut":272.7879,"search_radius_m":31000,"elev_angle_deg":20.836}},{"type":"Feature","geometry":{"type":"Point","coordinates":[32.8738927381181,4.120706955548863]},"properties":{"peak_name":"Garia","local_name":"Garia","english_name":"Garia","search_name":"Garia Garia Garia Garia Garia Garia","peak_elev":2399,"peak_lon":32.84829075252069,"peak_lat":4.107501720872307,"base_elev":939,"distance_m":3195.8,"vertical_relief_m":1460.0,"max_jut":606.5476,"search_radius_m":3750,"elev_angle_deg":24.5533}},{"type":"Feature","geometry":{"type":"Point","coordinates":[34.121113678589644,28.139411864694573]},"properties":{"peak_name":"Gebel Ethnarbi","local_name":"Gebel Ethnarbi","english_name":"Gebel Ethnarbi","search_name":"Gebel Ethnarbi Gebel Ethnarbi Gebel Ethnarbi Gebel Ethnarbi Gebel Ethnarbi Gebel Ethnarbi","peak_elev":1775,"peak_lon":34.115184797714456,"peak_lat":28.11569634119381,"base_elev":812,"distance_m":2692.0,"vertical_relief_m":963.0,"max_jut":323.4672,"search_radius_m":4500,"elev_angle_deg":19.6835}},{"type":"Feature","geometry":{"type":"Point","coordinates":[34.288469816021106,28.500265114325384]},"properties":{"peak_name":"Gebel Ferani","local_name":"Gebel Ferani","english_name":"Gebel Ferani","search_name":"Gebel Ferani Gebel Ferani Gebel Ferani Gebel Ferani Gebel Ferani Gebel Ferani","peak_elev":1648,"peak_lon":34.30760393157286,"peak_lat":28.49676168471732,"base_elev":883,"distance_m":1913.1,"vertical_relief_m":765.0,"max_jut":284.4353,"search_radius_m":3000,"elev_angle_deg":21.7952}},{"type":"Feature","geometry":{"type":"Point","coordinates":[33.866441295541755,28.455798507761468]},"properties":{"peak_name":"Gebel Gerab el-Ri","local_name":"Gebel Gerab el-Ri","english_name":"Gebel Gerab el-Ri","search_name":"Gebel Gerab el-Ri Gebel Gerab el-Ri Gebel Gerab el-Ri Gebel Gerab el-Ri Gebel Gerab el-Ri Gebel Gerab el-Ri","peak_elev":1873,"peak_lon":33.88072450855926,"peak_lat":28.455798507761468,"base_elev":957,"distance_m":1399.0,"vertical_relief_m":916.0,"max_jut":502.4359,"search_radius_m":1750,"elev_angle_deg":33.2149}},{"type":"Feature","geometry":{"type":"Point","coordinates":[48.44232543260829,11.054533139082215]},"properties":{"peak_name":"Geshalaal","local_name":"Geshalaal","english_name":"Geshalaal","search_name":"Geshalaal Geshalaal Geshalaal Geshalaal Geshalaal Geshalaal","peak_elev":1542,"peak_lon":48.42723373583508,"peak_lat":11.031087110166697,"base_elev":503,"distance_m":3073.4,"vertical_relief_m":1039.0,"max_jut":331.7386,"search_radius_m":4000,"elev_angle_deg":18.6784}},{"type":"Feature","geometry":{"type":"Point","coordinates":[41.87770683084806,9.078059850962443]},"properties":{"peak_name":"Geyle","local_name":"Geyle","english_name":"Geyle","search_name":"Geyle Geyle Geyle Geyle Geyle Geyle","peak_elev":2814,"peak_lon":41.86153715573391,"peak_lat":9.055691800387867,"base_elev":1756,"distance_m":3046.4,"vertical_relief_m":1058.0,"max_jut":346.1318,"search_radius_m":4750,"elev_angle_deg":19.1519}},{"type":"Feature","geometry":{"type":"Point","coordinates":[38.20449563408334,16.5109900063526]},"properties":{"peak_name":"Giancara","local_name":"Giancara","english_name":"Giancara","search_name":"Giancara Giancara Giancara Giancara Giancara Giancara","peak_elev":1585,"peak_lon":38.19937523696386,"peak_lat":16.50128820128411,"base_elev":912,"distance_m":1204.8,"vertical_relief_m":673.0,"max_jut":327.322,"search_radius_m":2500,"elev_angle_deg":29.1877}},{"type":"Feature","geometry":{"type":"Point","coordinates":[29.49227468257857,-29.338662768994134]},"properties":{"peak_name":"Giant’s Castle","local_name":"Giant’s Castle","english_name":"Giant’s Castle","search_name":"Giant’s Castle Giant’s Castle Giant’s Castle Giant’s Castle Giant’s Castle Giant’s Castle","peak_elev":3291,"peak_lon":29.48257287751008,"peak_lat":-29.346208617380736,"base_elev":2392,"distance_m":1259.9,"vertical_relief_m":899.0,"max_jut":522.0734,"search_radius_m":2500,"elev_angle_deg":35.5097}},{"type":"Feature","geometry":{"type":"Point","coordinates":[30.163316199815853,-3.884360204297017]},"properties":{"peak_name":"Gitega","local_name":"Gitega","english_name":"Gitega","search_name":"Gitega Gitega Gitega Gitega Gitega Gitega","peak_elev":1888,"peak_lon":30.154961867673546,"peak_lat":-3.8827432367856014,"base_elev":1352,"distance_m":944.9,"vertical_relief_m":536.0,"max_jut":264.6308,"search_radius_m":1250,"elev_angle_deg":29.5643}},{"type":"Feature","geometry":{"type":"Point","coordinates":[30.89984490126545,-24.873406986221227]},"properties":{"peak_name":"God's Window","local_name":"God's Window","english_name":"God's Window","search_name":"God's Window God's Window God's Window God's Window God's Window God's Window","peak_elev":1729,"peak_lon":30.895532987901674,"peak_lat":-24.86990355661316,"base_elev":1250,"distance_m":583.5,"vertical_relief_m":479.0,"max_jut":303.7886,"search_radius_m":1875,"elev_angle_deg":39.3829}},{"type":"Feature","geometry":{"type":"Point","coordinates":[32.62730519262729,4.073545403132589]},"properties":{"peak_name":"Gomia","local_name":"Gomia","english_name":"Gomia","search_name":"Gomia Gomia Gomia Gomia Gomia Gomia","peak_elev":2088,"peak_lon":32.603320174541295,"peak_lat":4.0554892659217865,"base_elev":1078,"distance_m":3328.6,"vertical_relief_m":1010.0,"max_jut":292.9129,"search_radius_m":11500,"elev_angle_deg":16.8794}},{"type":"Feature","geometry":{"type":"Point","coordinates":[32.950968189495555,-18.67988242833077]},"properties":{"peak_name":"Gorungue","local_name":"Gorungue","english_name":"Gorungue","search_name":"Gorungue Gorungue Gorungue Gorungue Gorungue Gorungue","peak_elev":1856,"peak_lon":32.96040049997881,"peak_lat":-18.68635029837644,"base_elev":982,"distance_m":1225.8,"vertical_relief_m":874.0,"max_jut":507.1996,"search_radius_m":2000,"elev_angle_deg":35.489}},{"type":"Feature","geometry":{"type":"Point","coordinates":[-9.931010213233929,-40.35048101631647]},"properties":{"peak_name":"Green Hill","local_name":"Green Hill","english_name":"Green Hill","search_name":"Green Hill Green Hill Green Hill Green Hill Green Hill Green Hill","peak_elev":626,"peak_lon":-9.924542343188268,"peak_lat":-40.34428264085604,"base_elev":6,"distance_m":880.7,"vertical_relief_m":620.0,"max_jut":356.9218,"search_radius_m":4250,"elev_angle_deg":35.145}},{"type":"Feature","geometry":{"type":"Point","coordinates":[15.910556070447113,-22.868906261236926]},"properties":{"peak_name":"Grootberg Quabis","local_name":"Grootberg Quabis","english_name":"Grootberg Quabis","search_name":"Grootberg Quabis Grootberg Quabis Grootberg Quabis Grootberg Quabis Grootberg Quabis Grootberg Quabis","peak_elev":1843,"peak_lon":15.900584770793383,"peak_lat":-22.86917575582216,"base_elev":1296,"distance_m":1023.7,"vertical_relief_m":547.0,"max_jut":258.1133,"search_radius_m":2750,"elev_angle_deg":28.1172}},{"type":"Feature","geometry":{"type":"Point","coordinates":[55.47290017224132,-21.06248405640098]},"properties":{"peak_name":"Gros Morne","local_name":"Gros Morne","english_name":"Gros Morne","search_name":"Gros Morne Gros Morne Gros Morne Gros Morne Gros Morne Gros Morne","peak_elev":2988,"peak_lon":55.46724078595136,"peak_lat":-21.086738569072207,"base_elev":1119,"distance_m":2749.1,"vertical_relief_m":1869.0,"max_jut":1047.9249,"search_radius_m":5000,"elev_angle_deg":34.2102}},{"type":"Feature","geometry":{"type":"Point","coordinates":[15.165673036855203,-21.819763840913737]},"properties":{"peak_name":"Grosse Spitzkuppe","local_name":"Grosse Spitzkuppe","english_name":"Grosse Spitzkuppe","search_name":"Grosse Spitzkuppe Grosse Spitzkuppe Grosse Spitzkuppe Grosse Spitzkuppe Grosse Spitzkuppe Grosse Spitzkuppe","peak_elev":1683,"peak_lon":15.168367982707563,"peak_lat":-21.824075754277512,"base_elev":1161,"distance_m":552.8,"vertical_relief_m":522.0,"max_jut":357.864,"search_radius_m":1375,"elev_angle_deg":43.3586}},{"type":"Feature","geometry":{"type":"Point","coordinates":[46.91186568305386,10.168704437411954]},"properties":{"peak_name":"Gudmahaadle","local_name":"Gudmahaadle","english_name":"Gudmahaadle","search_name":"Gudmahaadle Gudmahaadle Gudmahaadle Gudmahaadle Gudmahaadle Gudmahaadle","peak_elev":1524,"peak_lon":46.92372344480424,"peak_lat":10.18595209086705,"base_elev":712,"distance_m":2308.2,"vertical_relief_m":812.0,"max_jut":268.6921,"search_radius_m":3750,"elev_angle_deg":19.3813}},{"type":"Feature","geometry":{"type":"Point","coordinates":[-13.665396680847191,21.23361311802575]},"properties":{"peak_name":"Guelb Ben ’Amîra","local_name":"Guelb Ben ’Amîra","english_name":"Guelb Ben ’Amîra","search_name":"Guelb Ben ’Amîra Guelb Ben ’Amîra Guelb Ben ’Amîra Guelb Ben ’Amîra Guelb Ben ’Amîra Guelb Ben ’Amîra","peak_elev":537,"peak_lon":-13.662432240409595,"peak_lat":21.23226564509957,"base_elev":193,"distance_m":342.0,"vertical_relief_m":344.0,"max_jut":244.0091,"search_radius_m":1000,"elev_angle_deg":45.167}},{"type":"Feature","geometry":{"type":"Point","coordinates":[40.02196711691396,8.204358405627797]},"properties":{"peak_name":"Gugu","local_name":"Gugu","english_name":"Gugu","search_name":"Gugu Gugu Gugu Gugu Gugu Gugu","peak_elev":3420,"peak_lon":39.96645123235537,"peak_lat":8.20085497601973,"base_elev":1971,"distance_m":6129.5,"vertical_relief_m":1449.0,"max_jut":333.7203,"search_radius_m":19000,"elev_angle_deg":13.3004}},{"type":"Feature","geometry":{"type":"Point","coordinates":[14.747686935154393,-11.40676256198548]},"properties":{"peak_name":"Gulungo","local_name":"Gulungo","english_name":"Gulungo","search_name":"Gulungo Gulungo Gulungo Gulungo Gulungo Gulungo","peak_elev":2272,"peak_lon":14.729091808773118,"peak_lat":-11.411613464519723,"base_elev":1458,"distance_m":2099.1,"vertical_relief_m":814.0,"max_jut":294.5164,"search_radius_m":2750,"elev_angle_deg":21.1956}},{"type":"Feature","geometry":{"type":"Point","coordinates":[38.324420724513296,11.645804259089685]},"properties":{"peak_name":"Guna Terara","local_name":"Guna Terara","english_name":"Guna Terara","search_name":"Guna Terara Guna Terara Guna Terara Guna Terara Guna Terara Guna Terara","peak_elev":4110,"peak_lon":38.23872144640829,"peak_lat":11.711560937887231,"base_elev":2003,"distance_m":11841.2,"vertical_relief_m":2107.0,"max_jut":368.7162,"search_radius_m":20000,"elev_angle_deg":10.0895}},{"type":"Feature","geometry":{"type":"Point","coordinates":[42.37438535143775,12.424913105006544]},"properties":{"peak_name":"Gâgou","local_name":"Gâgou","english_name":"Gâgou","search_name":"Gâgou Gâgou Gâgou Gâgou Gâgou Gâgou","peak_elev":1870,"peak_lon":42.40295177747274,"peak_lat":12.463181336110036,"base_elev":511,"distance_m":5250.5,"vertical_relief_m":1359.0,"max_jut":339.6142,"search_radius_m":8250,"elev_angle_deg":14.5115}},{"type":"Feature","geometry":{"type":"Point","coordinates":[48.9565211012383,11.047256785280846]},"properties":{"peak_name":"Habaryaale","local_name":"Habaryaale","english_name":"Habaryaale","search_name":"Habaryaale Habaryaale Habaryaale Habaryaale Habaryaale Habaryaale","peak_elev":1423,"peak_lon":48.95813806874972,"peak_lat":11.01707339173443,"base_elev":342,"distance_m":3343.4,"vertical_relief_m":1081.0,"max_jut":330.9952,"search_radius_m":6000,"elev_angle_deg":17.9172}},{"type":"Feature","geometry":{"type":"Point","coordinates":[35.41172324728416,-4.43116471774057]},"properties":{"peak_name":"Hanang","local_name":"Hanang","english_name":"Hanang","search_name":"Hanang Hanang Hanang Hanang Hanang Hanang","peak_elev":3416,"peak_lon":35.4014824530452,"peak_lat":-4.434129158178164,"base_elev":2333,"distance_m":1182.9,"vertical_relief_m":1083.0,"max_jut":731.5586,"search_radius_m":6250,"elev_angle_deg":42.4756}},{"type":"Feature","geometry":{"type":"Point","coordinates":[38.51899581505359,13.345237113586997]},"properties":{"peak_name":"Hay","local_name":"Hay","english_name":"Hay","search_name":"Hay Hay Hay Hay Hay Hay","peak_elev":2934,"peak_lon":38.5130669341784,"peak_lat":13.35008801612124,"base_elev":2112,"distance_m":837.0,"vertical_relief_m":822.0,"max_jut":575.5798,"search_radius_m":1875,"elev_angle_deg":44.482}},{"type":"Feature","geometry":{"type":"Point","coordinates":[39.42261115934941,14.965169065439728]},"properties":{"peak_name":"Hendaharo Negadi","local_name":"Hendaharo Negadi","english_name":"Hendaharo Negadi","search_name":"Hendaharo Negadi Hendaharo Negadi Hendaharo Negadi Hendaharo Negadi Hendaharo Negadi Hendaharo Negadi","peak_elev":2468,"peak_lon":39.43716386695215,"peak_lat":14.966516538365909,"base_elev":1767,"distance_m":1572.5,"vertical_relief_m":701.0,"max_jut":285.7303,"search_radius_m":2500,"elev_angle_deg":24.0267}},{"type":"Feature","geometry":{"type":"Point","coordinates":[48.83902146207547,11.005485124569288]},"properties":{"peak_name":"Hirido","local_name":"Hirido","english_name":"Hirido","search_name":"Hirido Hirido Hirido Hirido Hirido Hirido","peak_elev":1849,"peak_lon":48.82931965700698,"peak_lat":10.95535913171542,"base_elev":522,"distance_m":5645.1,"vertical_relief_m":1327.0,"max_jut":302.2216,"search_radius_m":14500,"elev_angle_deg":13.2284}},{"type":"Feature","geometry":{"type":"Point","coordinates":[40.72777343564666,12.37128368254461]},"properties":{"peak_name":"Hodalē Terara","local_name":"Hodalē Terara","english_name":"Hodalē Terara","search_name":"Hodalē Terara Hodalē Terara Hodalē Terara Hodalē Terara Hodalē Terara Hodalē Terara","peak_elev":1419,"peak_lon":40.73343282193662,"peak_lat":12.358617437038523,"base_elev":698,"distance_m":1530.4,"vertical_relief_m":721.0,"max_jut":306.2466,"search_radius_m":4000,"elev_angle_deg":25.226}},{"type":"Feature","geometry":{"type":"Point","coordinates":[15.516824481417526,-21.74295788412152]},"properties":{"peak_name":"Hohenstein","local_name":"Hohenstein","english_name":"Hohenstein","search_name":"Hohenstein Hohenstein Hohenstein Hohenstein Hohenstein Hohenstein","peak_elev":2316,"peak_lon":15.528412748582667,"peak_lat":-21.728135681933544,"base_elev":1256,"distance_m":2032.4,"vertical_relief_m":1060.0,"max_jut":489.3163,"search_radius_m":4000,"elev_angle_deg":27.5443}},{"type":"Feature","geometry":{"type":"Point","coordinates":[39.513161339988656,14.993735491474729]},"properties":{"peak_name":"Hokat","local_name":"Hokat","english_name":"Hokat","search_name":"Hokat Hokat Hokat Hokat Hokat Hokat","peak_elev":1803,"peak_lon":39.50534599701682,"peak_lat":14.984033686406235,"base_elev":991,"distance_m":1363.4,"vertical_relief_m":812.0,"max_jut":414.7016,"search_radius_m":1375,"elev_angle_deg":30.7768}},{"type":"Feature","geometry":{"type":"Point","coordinates":[13.769152096162998,10.893105882525935]},"properties":{"peak_name":"Hosséré Oupay","local_name":"Hosséré Oupay","english_name":"Hosséré Oupay","search_name":"Hosséré Oupay Hosséré Oupay Hosséré Oupay Hosséré Oupay Hosséré Oupay Hosséré Oupay","peak_elev":1481,"peak_lon":13.78074036332814,"peak_lat":10.88771599082122,"base_elev":744,"distance_m":1400.2,"vertical_relief_m":737.0,"max_jut":343.2898,"search_radius_m":2250,"elev_angle_deg":27.7602}},{"type":"Feature","geometry":{"type":"Point","coordinates":[14.550147404176508,-21.226606258809618]},"properties":{"peak_name":"Hungorob-Spitze","local_name":"Hungorob-Spitze","english_name":"Hungorob-Spitze","search_name":"Hungorob-Spitze Hungorob-Spitze Hungorob-Spitze Hungorob-Spitze Hungorob-Spitze Hungorob-Spitze","peak_elev":2066,"peak_lon":14.557423757977878,"peak_lat":-21.20558568116122,"base_elev":909,"distance_m":2446.9,"vertical_relief_m":1157.0,"max_jut":493.0648,"search_radius_m":4000,"elev_angle_deg":25.3068}},{"type":"Feature","geometry":{"type":"Point","coordinates":[38.2252467171465,16.65543910403902]},"properties":{"peak_name":"Iarre","local_name":"Iarre","english_name":"Iarre","search_name":"Iarre Iarre Iarre Iarre Iarre Iarre","peak_elev":2235,"peak_lon":38.23899094099353,"peak_lat":16.66702737120416,"base_elev":1171,"distance_m":1947.9,"vertical_relief_m":1064.0,"max_jut":509.56,"search_radius_m":3500,"elev_angle_deg":28.6447}},{"type":"Feature","geometry":{"type":"Point","coordinates":[39.6382068275381,14.74068007593826]},"properties":{"peak_name":"Ibaka","local_name":"Ibaka","english_name":"Ibaka","search_name":"Ibaka Ibaka Ibaka Ibaka Ibaka Ibaka","peak_elev":2345,"peak_lon":39.63605087085621,"peak_lat":14.730439281699296,"base_elev":1574,"distance_m":1156.6,"vertical_relief_m":771.0,"max_jut":426.2469,"search_radius_m":1250,"elev_angle_deg":33.6878}},{"type":"Feature","geometry":{"type":"Point","coordinates":[-3.845552984023054,33.84245627745577]},"properties":{"peak_name":"Ich Ouadda","local_name":"Ich Ouadda","english_name":"Ich Ouadda","search_name":"Ich Ouadda Ich Ouadda Ich Ouadda Ich Ouadda Ich Ouadda Ich Ouadda","peak_elev":2048,"peak_lon":-3.860914175381498,"peak_lat":33.85161909335378,"base_elev":1251,"distance_m":1747.6,"vertical_relief_m":797.0,"max_jut":330.8771,"search_radius_m":2500,"elev_angle_deg":24.5155}},{"type":"Feature","geometry":{"type":"Point","coordinates":[-5.296242336347669,32.18236963240289]},"properties":{"peak_name":"Ich n’ Ou Halji","local_name":"Ich n’ Ou Halji","english_name":"Ich n’ Ou Halji","search_name":"Ich n’ Ou Halji Ich n’ Ou Halji Ich n’ Ou Halji Ich n’ Ou Halji Ich n’ Ou Halji Ich n’ Ou Halji","peak_elev":3051,"peak_lon":-5.295164358006726,"peak_lat":32.17401530026058,"base_elev":2360,"distance_m":932.0,"vertical_relief_m":691.0,"max_jut":410.8376,"search_radius_m":1625,"elev_angle_deg":36.5538}},{"type":"Feature","geometry":{"type":"Point","coordinates":[-4.99898980883252,32.35996656407332]},"properties":{"peak_name":"Ich n’Ifrane","local_name":"Ich n’Ifrane","english_name":"Ich n’Ifrane","search_name":"Ich n’Ifrane Ich n’Ifrane Ich n’Ifrane Ich n’Ifrane Ich n’Ifrane Ich n’Ifrane","peak_elev":3103,"peak_lon":-5.012464538094313,"peak_lat":32.37155483123846,"base_elev":2158,"distance_m":1805.5,"vertical_relief_m":945.0,"max_jut":438.1141,"search_radius_m":4250,"elev_angle_deg":27.6276}},{"type":"Feature","geometry":{"type":"Point","coordinates":[-6.47016074963506,31.531540209058296]},"properties":{"peak_name":"Ighil Mgoun","local_name":"Ighil Mgoun","english_name":"Ighil Mgoun","search_name":"Ighil Mgoun Ighil Mgoun Ighil Mgoun Ighil Mgoun Ighil Mgoun Ighil Mgoun","peak_elev":4064,"peak_lon":-6.444019774867182,"peak_lat":31.508902663898485,"base_elev":2692,"distance_m":3530.6,"vertical_relief_m":1372.0,"max_jut":496.7437,"search_radius_m":5500,"elev_angle_deg":21.2363}},{"type":"Feature","geometry":{"type":"Point","coordinates":[-6.915096309859459,31.45069183348754]},"properties":{"peak_name":"Ighir-n-Imich","local_name":"Ighir-n-Imich","english_name":"Ighir-n-Imich","search_name":"Ighir-n-Imich Ighir-n-Imich Ighir-n-Imich Ighir-n-Imich Ighir-n-Imich Ighir-n-Imich","peak_elev":2633,"peak_lon":-6.908089450643327,"peak_lat":31.4714429165507,"base_elev":1612,"distance_m":2395.3,"vertical_relief_m":1021.0,"max_jut":399.5174,"search_radius_m":2750,"elev_angle_deg":23.0862}},{"type":"Feature","geometry":{"type":"Point","coordinates":[33.13287703452976,4.273510385377594]},"properties":{"peak_name":"Igoria","local_name":"Igoria","english_name":"Igoria","search_name":"Igoria Igoria Igoria Igoria Igoria Igoria","peak_elev":1752,"peak_lon":33.130721077847866,"peak_lat":4.26273060196816,"base_elev":1084,"distance_m":1215.8,"vertical_relief_m":668.0,"max_jut":320.3572,"search_radius_m":1750,"elev_angle_deg":28.7858}},{"type":"Feature","geometry":{"type":"Point","coordinates":[33.16764183602518,4.14630894114627]},"properties":{"peak_name":"Iloghok","local_name":"Iloghok","english_name":"Iloghok","search_name":"Iloghok Iloghok Iloghok Iloghok Iloghok Iloghok","peak_elev":2224,"peak_lon":33.14473479628013,"peak_lat":4.145500457390562,"base_elev":972,"distance_m":2544.9,"vertical_relief_m":1252.0,"max_jut":553.1726,"search_radius_m":11500,"elev_angle_deg":26.1955}},{"type":"Feature","geometry":{"type":"Point","coordinates":[29.98140735478165,-6.370178258512557]},"properties":{"peak_name":"Ilomo","local_name":"Ilomo","english_name":"Ilomo","search_name":"Ilomo Ilomo Ilomo Ilomo Ilomo Ilomo","peak_elev":1938,"peak_lon":29.999732986577687,"peak_lat":-6.352661110472226,"base_elev":997,"distance_m":2804.2,"vertical_relief_m":941.0,"max_jut":298.8195,"search_radius_m":4250,"elev_angle_deg":18.5501}},{"type":"Feature","geometry":{"type":"Point","coordinates":[39.46734726049856,14.963282603343076]},"properties":{"peak_name":"Imba di Damhena","local_name":"Imba di Damhena","english_name":"Imba di Damhena","search_name":"Imba di Damhena Imba di Damhena Imba di Damhena Imba di Damhena Imba di Damhena Imba di Damhena","peak_elev":2492,"peak_lon":39.45575899333342,"peak_lat":14.96624704378067,"base_elev":1742,"distance_m":1289.0,"vertical_relief_m":750.0,"max_jut":377.4574,"search_radius_m":3000,"elev_angle_deg":30.1928}},{"type":"Feature","geometry":{"type":"Point","coordinates":[39.599938596434605,14.73933260301208]},"properties":{"peak_name":"Inkafle","local_name":"Inkafle","english_name":"Inkafle","search_name":"Inkafle Inkafle Inkafle Inkafle Inkafle Inkafle","peak_elev":2592,"peak_lon":39.59939960726413,"peak_lat":14.728552819602646,"base_elev":1767,"distance_m":1194.1,"vertical_relief_m":825.0,"max_jut":467.371,"search_radius_m":1625,"elev_angle_deg":34.6405}},{"type":"Feature","geometry":{"type":"Point","coordinates":[32.886289489038944,-18.31310029782477]},"properties":{"peak_name":"Inyangani","local_name":"Inyangani","english_name":"Inyangani","search_name":"Inyangani Inyangani Inyangani Inyangani Inyangani Inyangani","peak_elev":2537,"peak_lon":32.841014398719324,"peak_lat":-18.29585264436968,"base_elev":1121,"distance_m":5153.2,"vertical_relief_m":1416.0,"max_jut":375.3818,"search_radius_m":8500,"elev_angle_deg":15.3646}},{"type":"Feature","geometry":{"type":"Point","coordinates":[36.391605559201736,-7.36245732135098]},"properties":{"peak_name":"Ipala","local_name":"Ipala","english_name":"Ipala","search_name":"Ipala Ipala Ipala Ipala Ipala Ipala","peak_elev":1474,"peak_lon":36.407505739730645,"peak_lat":-7.361918332180509,"base_elev":716,"distance_m":1756.5,"vertical_relief_m":758.0,"max_jut":300.6284,"search_radius_m":5250,"elev_angle_deg":23.3421}},{"type":"Feature","geometry":{"type":"Point","coordinates":[5.3859840332312094,36.530125776012966]},"properties":{"peak_name":"Irhil Bahri","local_name":"Irhil Bahri","english_name":"Irhil Bahri","search_name":"Irhil Bahri Irhil Bahri Irhil Bahri Irhil Bahri Irhil Bahri Irhil Bahri","peak_elev":1633,"peak_lon":5.416706415948097,"peak_lat":36.51503407923976,"base_elev":459,"distance_m":3221.2,"vertical_relief_m":1174.0,"max_jut":402.3829,"search_radius_m":3250,"elev_angle_deg":20.0248}},{"type":"Feature","geometry":{"type":"Point","coordinates":[33.372457720804434,4.499616342390477]},"properties":{"peak_name":"Irum","local_name":"Irum","english_name":"Irum","search_name":"Irum Irum Irum Irum Irum Irum","peak_elev":1707,"peak_lon":33.37730862333868,"peak_lat":4.50985713662944,"base_elev":952,"distance_m":1253.9,"vertical_relief_m":755.0,"max_jut":388.2245,"search_radius_m":2750,"elev_angle_deg":31.053}},{"type":"Feature","geometry":{"type":"Point","coordinates":[33.087332449624896,4.266773020746697]},"properties":{"peak_name":"Isebow","local_name":"Isebow","english_name":"Isebow","search_name":"Isebow Isebow Isebow Isebow Isebow Isebow","peak_elev":1508,"peak_lon":33.09406981425579,"peak_lat":4.275127352889009,"base_elev":854,"distance_m":1188.6,"vertical_relief_m":654.0,"max_jut":314.5647,"search_radius_m":1375,"elev_angle_deg":28.8208}},{"type":"Feature","geometry":{"type":"Point","coordinates":[32.76178299065998,4.2064062336538655]},"properties":{"peak_name":"Isewianga","local_name":"Isewianga","english_name":"Isewianga","search_name":"Isewianga Isewianga Isewianga Isewianga Isewianga Isewianga","peak_elev":1983,"peak_lon":32.77202378489894,"peak_lat":4.1624786162604215,"base_elev":798,"distance_m":4988.8,"vertical_relief_m":1185.0,"max_jut":272.5099,"search_radius_m":10500,"elev_angle_deg":13.362}},{"type":"Feature","geometry":{"type":"Point","coordinates":[39.67701404781206,14.70160336107906]},"properties":{"peak_name":"Ishani","local_name":"Ishani","english_name":"Ishani","search_name":"Ishani Ishani Ishani Ishani Ishani Ishani","peak_elev":2263,"peak_lon":39.67162415610734,"peak_lat":14.68920661015821,"base_elev":1391,"distance_m":1489.4,"vertical_relief_m":872.0,"max_jut":439.2552,"search_radius_m":1625,"elev_angle_deg":30.3477}},{"type":"Feature","geometry":{"type":"Point","coordinates":[32.80544111346819,4.081360746104428]},"properties":{"peak_name":"Isubhak","local_name":"Isubhak","english_name":"Isubhak","search_name":"Isubhak Isubhak Isubhak Isubhak Isubhak Isubhak","peak_elev":2305,"peak_lon":32.82780916404277,"peak_lat":4.088367605320561,"base_elev":1191,"distance_m":2601.8,"vertical_relief_m":1114.0,"max_jut":438.681,"search_radius_m":8500,"elev_angle_deg":23.1789}},{"type":"Feature","geometry":{"type":"Point","coordinates":[32.93587649272234,4.074623381473532]},"properties":{"peak_name":"Itibol","local_name":"Itibol","english_name":"Itibol","search_name":"Itibol Itibol Itibol Itibol Itibol Itibol","peak_elev":2381,"peak_lon":32.88521151069801,"peak_lat":4.023958399449191,"base_elev":804,"distance_m":7939.7,"vertical_relief_m":1577.0,"max_jut":306.5671,"search_radius_m":18000,"elev_angle_deg":11.234}},{"type":"Feature","geometry":{"type":"Point","coordinates":[34.095242198407,28.4237286521184]},"properties":{"peak_name":"Jabal Abū Mas‘ūd","local_name":"Jabal Abū Mas‘ūd","english_name":"Jabal Abū Mas‘ūd","search_name":"Jabal Abū Mas‘ūd Jabal Abū Mas‘ūd Jabal Abū Mas‘ūd Jabal Abū Mas‘ūd Jabal Abū Mas‘ūd Jabal Abū Mas‘ūd","peak_elev":2137,"peak_lon":34.10359653054931,"peak_lat":28.424537135874107,"base_elev":1600,"distance_m":823.4,"vertical_relief_m":537.0,"max_jut":293.7211,"search_radius_m":2500,"elev_angle_deg":33.1113}},{"type":"Feature","geometry":{"type":"Point","coordinates":[33.924382631367465,28.489754825501183]},"properties":{"peak_name":"Jabal Abū Rūmayl","local_name":"Jabal Abū Rūmayl","english_name":"Jabal Abū Rūmayl","search_name":"Jabal Abū Rūmayl Jabal Abū Rūmayl Jabal Abū Rūmayl Jabal Abū Rūmayl Jabal Abū Rūmayl Jabal Abū Rūmayl","peak_elev":2622,"peak_lon":33.95294905740247,"peak_lat":28.496222695546845,"base_elev":1548,"distance_m":2887.3,"vertical_relief_m":1074.0,"max_jut":374.9519,"search_radius_m":10000,"elev_angle_deg":20.4039}},{"type":"Feature","geometry":{"type":"Point","coordinates":[33.91818425590704,28.38896385062297]},"properties":{"peak_name":"Jabal Abū Shajarah","local_name":"Jabal Abū Shajarah","english_name":"Jabal Abū Shajarah","search_name":"Jabal Abū Shajarah Jabal Abū Shajarah Jabal Abū Shajarah Jabal Abū Shajarah Jabal Abū Shajarah Jabal Abū Shajarah","peak_elev":2325,"peak_lon":33.931119995998365,"peak_lat":28.379262045554484,"base_elev":1642,"distance_m":1662.4,"vertical_relief_m":683.0,"max_jut":259.4879,"search_radius_m":1750,"elev_angle_deg":22.3354}},{"type":"Feature","geometry":{"type":"Point","coordinates":[33.83383245072822,28.39300626940151]},"properties":{"peak_name":"Jabal Abū Tūbil","local_name":"Jabal Abū Tūbil","english_name":"Jabal Abū Tūbil","search_name":"Jabal Abū Tūbil Jabal Abū Tūbil Jabal Abū Tūbil Jabal Abū Tūbil Jabal Abū Tūbil Jabal Abū Tūbil","peak_elev":1823,"peak_lon":33.81874075395501,"peak_lat":28.40432504198142,"base_elev":791,"distance_m":1939.3,"vertical_relief_m":1032.0,"max_jut":484.7065,"search_radius_m":2250,"elev_angle_deg":28.0197}},{"type":"Feature","geometry":{"type":"Point","coordinates":[33.883688948996856,28.486520890478356]},"properties":{"peak_name":"Jabal Abū Ḩalaq","local_name":"Jabal Abū Ḩalaq","english_name":"Jabal Abū Ḩalaq","search_name":"Jabal Abū Ḩalaq Jabal Abū Ḩalaq Jabal Abū Ḩalaq Jabal Abū Ḩalaq Jabal Abū Ḩalaq Jabal Abū Ḩalaq","peak_elev":2196,"peak_lon":33.89905014035529,"peak_lat":28.50296006017774,"base_elev":1106,"distance_m":2362.5,"vertical_relief_m":1090.0,"max_jut":456.1972,"search_radius_m":3500,"elev_angle_deg":24.7675}},{"type":"Feature","geometry":{"type":"Point","coordinates":[33.36086945363929,28.47169868829038]},"properties":{"peak_name":"Jabal Abū Ḩuşwah","local_name":"Jabal Abū Ḩuşwah","english_name":"Jabal Abū Ḩuşwah","search_name":"Jabal Abū Ḩuşwah Jabal Abū Ḩuşwah Jabal Abū Ḩuşwah Jabal Abū Ḩuşwah Jabal Abū Ḩuşwah Jabal Abū Ḩuşwah","peak_elev":679,"peak_lon":33.36895429119637,"peak_lat":28.477358074580337,"base_elev":75,"distance_m":1010.1,"vertical_relief_m":604.0,"max_jut":309.9601,"search_radius_m":2500,"elev_angle_deg":30.8778}},{"type":"Feature","geometry":{"type":"Point","coordinates":[35.8749844393046,21.30961059106226]},"properties":{"peak_name":"Jabal Ankūr","local_name":"Jabal Ankūr","english_name":"Jabal Ankūr","search_name":"Jabal Ankūr Jabal Ankūr Jabal Ankūr Jabal Ankūr Jabal Ankūr Jabal Ankūr","peak_elev":1344,"peak_lon":35.880104836424074,"peak_lat":21.30044777516424,"base_elev":506,"distance_m":1145.2,"vertical_relief_m":838.0,"max_jut":493.8877,"search_radius_m":2500,"elev_angle_deg":36.1948}},{"type":"Feature","geometry":{"type":"Point","coordinates":[34.46283281266871,28.54634868840072]},"properties":{"peak_name":"Jabal Ardīnī","local_name":"Jabal Ardīnī","english_name":"Jabal Ardīnī","search_name":"Jabal Ardīnī Jabal Ardīnī Jabal Ardīnī Jabal Ardīnī Jabal Ardīnī Jabal Ardīnī","peak_elev":857,"peak_lon":34.447471621310264,"peak_lat":28.5447317208893,"base_elev":156,"distance_m":1513.9,"vertical_relief_m":701.0,"max_jut":294.9825,"search_radius_m":2250,"elev_angle_deg":24.8461}},{"type":"Feature","geometry":{"type":"Point","coordinates":[34.587878300218144,28.680826486433407]},"properties":{"peak_name":"Jabal Aḩmar","local_name":"Jabal Aḩmar","english_name":"Jabal Aḩmar","search_name":"Jabal Aḩmar Jabal Aḩmar Jabal Aḩmar Jabal Aḩmar Jabal Aḩmar Jabal Aḩmar","peak_elev":729,"peak_lon":34.58437487061008,"peak_lat":28.68918081857572,"base_elev":87,"distance_m":987.2,"vertical_relief_m":642.0,"max_jut":349.3523,"search_radius_m":2250,"elev_angle_deg":33.0369}},{"type":"Feature","geometry":{"type":"Point","coordinates":[34.20708245127988,28.14156782137646]},"properties":{"peak_name":"Jabal Barakāt","local_name":"Jabal Barakāt","english_name":"Jabal Barakāt","search_name":"Jabal Barakāt Jabal Barakāt Jabal Barakāt Jabal Barakāt Jabal Barakāt Jabal Barakāt","peak_elev":1072,"peak_lon":34.20492649459799,"peak_lat":28.13240500547844,"base_elev":433,"distance_m":1037.3,"vertical_relief_m":639.0,"max_jut":334.3875,"search_radius_m":1750,"elev_angle_deg":31.634}},{"type":"Feature","geometry":{"type":"Point","coordinates":[36.32854382625654,22.193822325221102]},"properties":{"peak_name":"Jabal Elba","local_name":"Jabal Elba","english_name":"Jabal Elba","search_name":"Jabal Elba Jabal Elba Jabal Elba Jabal Elba Jabal Elba Jabal Elba","peak_elev":1381,"peak_lon":36.343905017614986,"peak_lat":22.1862764768345,"base_elev":578,"distance_m":1791.0,"vertical_relief_m":803.0,"max_jut":328.6098,"search_radius_m":5000,"elev_angle_deg":24.1492}},{"type":"Feature","geometry":{"type":"Point","coordinates":[34.19199075450667,28.355007532883256]},"properties":{"peak_name":"Jabal Ghazālah","local_name":"Jabal Ghazālah","english_name":"Jabal Ghazālah","search_name":"Jabal Ghazālah Jabal Ghazālah Jabal Ghazālah Jabal Ghazālah Jabal Ghazālah Jabal Ghazālah","peak_elev":1308,"peak_lon":34.18633136821672,"peak_lat":28.349887135763776,"base_elev":747,"distance_m":793.6,"vertical_relief_m":561.0,"max_jut":323.6454,"search_radius_m":1750,"elev_angle_deg":35.2567}},{"type":"Feature","geometry":{"type":"Point","coordinates":[33.765380826078314,28.42022522251033]},"properties":{"peak_name":"Jabal Ghuwaybah","local_name":"Jabal Ghuwaybah","english_name":"Jabal Ghuwaybah","search_name":"Jabal Ghuwaybah Jabal Ghuwaybah Jabal Ghuwaybah Jabal Ghuwaybah Jabal Ghuwaybah Jabal Ghuwaybah","peak_elev":1232,"peak_lon":33.76295537481119,"peak_lat":28.432621973431186,"base_elev":528,"distance_m":1394.3,"vertical_relief_m":704.0,"max_jut":316.508,"search_radius_m":1750,"elev_angle_deg":26.7898}},{"type":"Feature","geometry":{"type":"Point","coordinates":[36.73170772576938,20.013072141492557]},"properties":{"peak_name":"Jabal Hamashaweb","local_name":"Jabal Hamashaweb","english_name":"Jabal Hamashaweb","search_name":"Jabal Hamashaweb Jabal Hamashaweb Jabal Hamashaweb Jabal Hamashaweb Jabal Hamashaweb Jabal Hamashaweb","peak_elev":1432,"peak_lon":36.723622888212304,"peak_lat":20.005795787691188,"base_elev":797,"distance_m":1168.2,"vertical_relief_m":635.0,"max_jut":302.9581,"search_radius_m":2000,"elev_angle_deg":28.5272}},{"type":"Feature","geometry":{"type":"Point","coordinates":[36.79126602910651,19.8465244878168]},"properties":{"peak_name":"Jabal Hilali","local_name":"Jabal Hilali","english_name":"Jabal Hilali","search_name":"Jabal Hilali Jabal Hilali Jabal Hilali Jabal Hilali Jabal Hilali Jabal Hilali","peak_elev":1677,"peak_lon":36.78857108325415,"peak_lat":19.86781456005043,"base_elev":643,"distance_m":2373.7,"vertical_relief_m":1034.0,"max_jut":411.4294,"search_radius_m":3250,"elev_angle_deg":23.5383}},{"type":"Feature","geometry":{"type":"Point","coordinates":[35.50362090084958,21.91732088076912]},"properties":{"peak_name":"Jabal Is","local_name":"Jabal Is","english_name":"Jabal Is","search_name":"Jabal Is Jabal Is Jabal Is Jabal Is Jabal Is Jabal Is","peak_elev":1663,"peak_lon":35.4901461715878,"peak_lat":21.917590375354354,"base_elev":966,"distance_m":1392.6,"vertical_relief_m":697.0,"max_jut":312.3623,"search_radius_m":3250,"elev_angle_deg":26.5881}},{"type":"Feature","geometry":{"type":"Point","coordinates":[32.642396889400494,4.075431865229239]},"properties":{"peak_name":"Jabal Kedong","local_name":"Jabal Kedong","english_name":"Jabal Kedong","search_name":"Jabal Kedong Jabal Kedong Jabal Kedong Jabal Kedong Jabal Kedong Jabal Kedong","peak_elev":2439,"peak_lon":32.62973064389441,"peak_lat":4.037972117881456,"base_elev":933,"distance_m":4374.5,"vertical_relief_m":1506.0,"max_jut":488.0956,"search_radius_m":10500,"elev_angle_deg":18.9969}},{"type":"Feature","geometry":{"type":"Point","coordinates":[33.957530465351475,28.242358796254667]},"properties":{"peak_name":"Jabal Khurm Hajjān","local_name":"Jabal Khurm Hajjān","english_name":"Jabal Khurm Hajjān","search_name":"Jabal Khurm Hajjān Jabal Khurm Hajjān Jabal Khurm Hajjān Jabal Khurm Hajjān Jabal Khurm Hajjān Jabal Khurm Hajjān","peak_elev":1732,"peak_lon":33.93974382272591,"peak_lat":28.248826666300328,"base_elev":900,"distance_m":1887.0,"vertical_relief_m":832.0,"max_jut":335.9822,"search_radius_m":2000,"elev_angle_deg":23.7932}},{"type":"Feature","geometry":{"type":"Point","coordinates":[33.47244021192694,20.78813856863088]},"properties":{"peak_name":"Jabal Lakak Imām","local_name":"Jabal Lakak Imām","english_name":"Jabal Lakak Imām","search_name":"Jabal Lakak Imām Jabal Lakak Imām Jabal Lakak Imām Jabal Lakak Imām Jabal Lakak Imām Jabal Lakak Imām","peak_elev":893,"peak_lon":33.46812829856316,"peak_lat":20.79514542784701,"base_elev":329,"distance_m":896.3,"vertical_relief_m":564.0,"max_jut":299.7647,"search_radius_m":1500,"elev_angle_deg":32.1803}},{"type":"Feature","geometry":{"type":"Point","coordinates":[33.814967829761706,28.533951937479863]},"properties":{"peak_name":"Jabal Madsūs [33.82050,28.52012]","local_name":"Jabal Madsūs","english_name":"Jabal Madsūs","search_name":"Jabal Madsūs Jabal Madsūs Jabal Madsūs Jabal Madsūs Jabal Madsūs Jabal Madsūs [33.82050,28.52012]","peak_elev":2027,"peak_lon":33.82008822688119,"peak_lat":28.5199382190476,"base_elev":978,"distance_m":1632.0,"vertical_relief_m":1049.0,"max_jut":566.0729,"search_radius_m":2750,"elev_angle_deg":32.7317}},{"type":"Feature","geometry":{"type":"Point","coordinates":[34.294398696896295,28.319434247632124]},"properties":{"peak_name":"Jabal Madsūs [34.30720,28.32528]","local_name":"Jabal Madsūs","english_name":"Jabal Madsūs","search_name":"Jabal Madsūs Jabal Madsūs Jabal Madsūs Jabal Madsūs Jabal Madsūs Jabal Madsūs [34.30720,28.32528]","peak_elev":1100,"peak_lon":34.306795447817144,"peak_lat":28.325363128507316,"base_elev":418,"distance_m":1381.9,"vertical_relief_m":682.0,"max_jut":301.9959,"search_radius_m":2500,"elev_angle_deg":26.2674}},{"type":"Feature","geometry":{"type":"Point","coordinates":[34.152375050477,28.27469814648297]},"properties":{"peak_name":"Jabal Mazārīq","local_name":"Jabal Mazārīq","english_name":"Jabal Mazārīq","search_name":"Jabal Mazārīq Jabal Mazārīq Jabal Mazārīq Jabal Mazārīq Jabal Mazārīq Jabal Mazārīq","peak_elev":1432,"peak_lon":34.152375050477,"peak_lat":28.284130456966228,"base_elev":830,"distance_m":1045.3,"vertical_relief_m":602.0,"max_jut":299.6776,"search_radius_m":2250,"elev_angle_deg":29.9381}},{"type":"Feature","geometry":{"type":"Point","coordinates":[33.84056981535912,28.482747966285054]},"properties":{"peak_name":"Jabal Muqaşşab","local_name":"Jabal Muqaşşab","english_name":"Jabal Muqaşşab","search_name":"Jabal Muqaşşab Jabal Muqaşşab Jabal Muqaşşab Jabal Muqaşşab Jabal Muqaşşab Jabal Muqaşşab","peak_elev":1880,"peak_lon":33.83625790199534,"peak_lat":28.46738677492661,"base_elev":762,"distance_m":1754.0,"vertical_relief_m":1118.0,"max_jut":599.6279,"search_radius_m":2000,"elev_angle_deg":32.5134}},{"type":"Feature","geometry":{"type":"Point","coordinates":[33.629286060534206,28.536646883332224]},"properties":{"peak_name":"Jabal Muttajah","local_name":"Jabal Muttajah","english_name":"Jabal Muttajah","search_name":"Jabal Muttajah Jabal Muttajah Jabal Muttajah Jabal Muttajah Jabal Muttajah Jabal Muttajah","peak_elev":1302,"peak_lon":33.634945446824155,"peak_lat":28.55362504220208,"base_elev":295,"distance_m":1961.5,"vertical_relief_m":1007.0,"max_jut":458.8647,"search_radius_m":3000,"elev_angle_deg":27.1752}},{"type":"Feature","geometry":{"type":"Point","coordinates":[34.215975772592664,28.41267937412373]},"properties":{"peak_name":"Jabal Muzaymar","local_name":"Jabal Muzaymar","english_name":"Jabal Muzaymar","search_name":"Jabal Muzaymar Jabal Muzaymar Jabal Muzaymar Jabal Muzaymar Jabal Muzaymar Jabal Muzaymar","peak_elev":1496,"peak_lon":34.22486909390545,"peak_lat":28.421572695436517,"base_elev":795,"distance_m":1315.6,"vertical_relief_m":701.0,"max_jut":329.3851,"search_radius_m":1875,"elev_angle_deg":28.0503}},{"type":"Feature","geometry":{"type":"Point","coordinates":[33.984210429289824,28.541228291281232]},"properties":{"peak_name":"Jabal Mūsá","local_name":"Jabal Mūsá","english_name":"Jabal Mūsá","search_name":"Jabal Mūsá Jabal Mūsá Jabal Mūsá Jabal Mūsá Jabal Mūsá Jabal Mūsá","peak_elev":2272,"peak_lon":33.97531710797704,"peak_lat":28.53880284001411,"base_elev":1763,"distance_m":910.9,"vertical_relief_m":509.0,"max_jut":248.5517,"search_radius_m":1000,"elev_angle_deg":29.1959}},{"type":"Feature","geometry":{"type":"Point","coordinates":[34.15264454506224,28.263918363073536]},"properties":{"peak_name":"Jabal Qināwī","local_name":"Jabal Qināwī","english_name":"Jabal Qināwī","search_name":"Jabal Qināwī Jabal Qināwī Jabal Qināwī Jabal Qināwī Jabal Qināwī Jabal Qināwī","peak_elev":1611,"peak_lon":34.152375050477,"peak_lat":28.254216558005048,"base_elev":862,"distance_m":1075.5,"vertical_relief_m":749.0,"max_jut":427.0783,"search_radius_m":1250,"elev_angle_deg":34.8541}},{"type":"Feature","geometry":{"type":"Point","coordinates":[33.94243876857827,28.33021403104156]},"properties":{"peak_name":"Jabal Rimḩān","local_name":"Jabal Rimḩān","english_name":"Jabal Rimḩān","search_name":"Jabal Rimḩān Jabal Rimḩān Jabal Rimḩān Jabal Rimḩān Jabal Rimḩān Jabal Rimḩān","peak_elev":2411,"peak_lon":33.951062595305814,"peak_lat":28.341532803621465,"base_elev":1439,"distance_m":1512.8,"vertical_relief_m":972.0,"max_jut":524.7877,"search_radius_m":2500,"elev_angle_deg":32.7214}},{"type":"Feature","geometry":{"type":"Point","coordinates":[34.14994959920988,28.44124580015873]},"properties":{"peak_name":"Jabal Shiqayq","local_name":"Jabal Shiqayq","english_name":"Jabal Shiqayq","search_name":"Jabal Shiqayq Jabal Shiqayq Jabal Shiqayq Jabal Shiqayq Jabal Shiqayq Jabal Shiqayq","peak_elev":1922,"peak_lon":34.13728335370379,"peak_lat":28.43855085430637,"base_elev":1268,"distance_m":1276.2,"vertical_relief_m":654.0,"max_jut":298.6343,"search_radius_m":1375,"elev_angle_deg":27.1333}},{"type":"Feature","geometry":{"type":"Point","coordinates":[33.49750320835387,26.95821709760581]},"properties":{"peak_name":"Jabal Shā’ib al Banāt","local_name":"Jabal Shā’ib al Banāt","english_name":"Jabal Shā’ib al Banāt","search_name":"Jabal Shā’ib al Banāt Jabal Shā’ib al Banāt Jabal Shā’ib al Banāt Jabal Shā’ib al Banāt Jabal Shā’ib al Banāt Jabal Shā’ib al Banāt","peak_elev":2173,"peak_lon":33.48995735996726,"peak_lat":26.97735121315756,"base_elev":931,"distance_m":2248.6,"vertical_relief_m":1242.0,"max_jut":599.1518,"search_radius_m":4000,"elev_angle_deg":28.9138}},{"type":"Feature","geometry":{"type":"Point","coordinates":[33.66027793783633,28.653068544154117]},"properties":{"peak_name":"Jabal Sirbāl","local_name":"Jabal Sirbāl","english_name":"Jabal Sirbāl","search_name":"Jabal Sirbāl Jabal Sirbāl Jabal Sirbāl Jabal Sirbāl Jabal Sirbāl Jabal Sirbāl","peak_elev":2007,"peak_lon":33.649228659841654,"peak_lat":28.64821764161987,"base_elev":1242,"distance_m":1206.6,"vertical_relief_m":765.0,"max_jut":409.868,"search_radius_m":4750,"elev_angle_deg":32.3752}},{"type":"Feature","geometry":{"type":"Point","coordinates":[33.64410826272218,28.58785085452704]},"properties":{"peak_name":"Jabal Sumrah","local_name":"Jabal Sumrah","english_name":"Jabal Sumrah","search_name":"Jabal Sumrah Jabal Sumrah Jabal Sumrah Jabal Sumrah Jabal Sumrah Jabal Sumrah","peak_elev":1649,"peak_lon":33.64410826272218,"peak_lat":28.596474681254584,"base_elev":969,"distance_m":955.8,"vertical_relief_m":680.0,"max_jut":393.3448,"search_radius_m":2750,"elev_angle_deg":35.4298}},{"type":"Feature","geometry":{"type":"Point","coordinates":[34.0028055556711,28.351234608689957]},"properties":{"peak_name":"Jabal Tallat al Jamal","local_name":"Jabal Tallat al Jamal","english_name":"Jabal Tallat al Jamal","search_name":"Jabal Tallat al Jamal Jabal Tallat al Jamal Jabal Tallat al Jamal Jabal Tallat al Jamal Jabal Tallat al Jamal Jabal Tallat al Jamal","peak_elev":1985,"peak_lon":34.01816674702955,"peak_lat":28.35285157620137,"base_elev":1249,"distance_m":1516.6,"vertical_relief_m":736.0,"max_jut":321.8011,"search_radius_m":1875,"elev_angle_deg":25.8871}},{"type":"Feature","geometry":{"type":"Point","coordinates":[36.63199472923212,19.11269073221956]},"properties":{"peak_name":"Jabal Tāmē","local_name":"Jabal Tāmē","english_name":"Jabal Tāmē","search_name":"Jabal Tāmē Jabal Tāmē Jabal Tāmē Jabal Tāmē Jabal Tāmē Jabal Tāmē","peak_elev":1498,"peak_lon":36.63468967508447,"peak_lat":19.10352791632154,"base_elev":891,"distance_m":1053.2,"vertical_relief_m":607.0,"max_jut":302.1798,"search_radius_m":1750,"elev_angle_deg":29.9565}},{"type":"Feature","geometry":{"type":"Point","coordinates":[35.67259400579247,21.76074452674709]},"properties":{"peak_name":"Jabal Tūbkīk","local_name":"Jabal Tūbkīk","english_name":"Jabal Tūbkīk","search_name":"Jabal Tūbkīk Jabal Tūbkīk Jabal Tūbkīk Jabal Tūbkīk Jabal Tūbkīk Jabal Tūbkīk","peak_elev":1365,"peak_lon":35.66397017906492,"peak_lat":21.769368353474636,"base_elev":383,"distance_m":1306.7,"vertical_relief_m":982.0,"max_jut":589.3931,"search_radius_m":2250,"elev_angle_deg":36.9253}},{"type":"Feature","geometry":{"type":"Point","coordinates":[33.891504291968694,28.37171619716788]},"properties":{"peak_name":"Jabal Umm Shūmar","local_name":"Jabal Umm Shūmar","english_name":"Jabal Umm Shūmar","search_name":"Jabal Umm Shūmar Jabal Umm Shūmar Jabal Umm Shūmar Jabal Umm Shūmar Jabal Umm Shūmar Jabal Umm Shūmar","peak_elev":2589,"peak_lon":33.9171062775661,"peak_lat":28.361744897514157,"base_elev":1086,"distance_m":2742.2,"vertical_relief_m":1503.0,"max_jut":722.9481,"search_radius_m":2750,"elev_angle_deg":28.7272}},{"type":"Feature","geometry":{"type":"Point","coordinates":[34.03460591672893,28.14156782137646]},"properties":{"peak_name":"Jabal Umm Ḩamāţah","local_name":"Jabal Umm Ḩamāţah","english_name":"Jabal Umm Ḩamāţah","search_name":"Jabal Umm Ḩamāţah Jabal Umm Ḩamāţah Jabal Umm Ḩamāţah Jabal Umm Ḩamāţah Jabal Umm Ḩamāţah Jabal Umm Ḩamāţah","peak_elev":1688,"peak_lon":34.0418822705303,"peak_lat":28.164474861121505,"base_elev":797,"distance_m":2637.3,"vertical_relief_m":891.0,"max_jut":284.426,"search_radius_m":4000,"elev_angle_deg":18.6673}},{"type":"Feature","geometry":{"type":"Point","coordinates":[34.16935320934686,28.124320167921365]},"properties":{"peak_name":"Jabal Umm ‘Adawī","local_name":"Jabal Umm ‘Adawī","english_name":"Jabal Umm ‘Adawī","search_name":"Jabal Umm ‘Adawī Jabal Umm ‘Adawī Jabal Umm ‘Adawī Jabal Umm ‘Adawī Jabal Umm ‘Adawī Jabal Umm ‘Adawī","peak_elev":1729,"peak_lon":34.14617667501658,"peak_lat":28.121625222069007,"base_elev":581,"distance_m":2296.6,"vertical_relief_m":1148.0,"max_jut":514.0187,"search_radius_m":3500,"elev_angle_deg":26.5591}},{"type":"Feature","geometry":{"type":"Point","coordinates":[34.355034978574366,28.44663569186345]},"properties":{"peak_name":"Jabal Umm ‘Alaqah","local_name":"Jabal Umm ‘Alaqah","english_name":"Jabal Umm ‘Alaqah","search_name":"Jabal Umm ‘Alaqah Jabal Umm ‘Alaqah Jabal Umm ‘Alaqah Jabal Umm ‘Alaqah Jabal Umm ‘Alaqah Jabal Umm ‘Alaqah","peak_elev":1279,"peak_lon":34.34695014101729,"peak_lat":28.44447973518156,"base_elev":684,"distance_m":827.2,"vertical_relief_m":595.0,"max_jut":347.7639,"search_radius_m":1125,"elev_angle_deg":35.7272}},{"type":"Feature","geometry":{"type":"Point","coordinates":[34.04134328135983,28.57518460902095]},"properties":{"peak_name":"Jabal Umm ‘Alawī","local_name":"Jabal Umm ‘Alawī","english_name":"Jabal Umm ‘Alawī","search_name":"Jabal Umm ‘Alawī Jabal Umm ‘Alawī Jabal Umm ‘Alawī Jabal Umm ‘Alawī Jabal Umm ‘Alawī Jabal Umm ‘Alawī","peak_elev":2133,"peak_lon":34.03757035716652,"peak_lat":28.56709977146388,"base_elev":1547,"distance_m":969.1,"vertical_relief_m":586.0,"max_jut":302.6551,"search_radius_m":1375,"elev_angle_deg":31.1607}},{"type":"Feature","geometry":{"type":"Point","coordinates":[34.40677793893965,28.318086774705943]},"properties":{"peak_name":"Jabal Umm ‘Ushayrāt","local_name":"Jabal Umm ‘Ushayrāt","english_name":"Jabal Umm ‘Ushayrāt","search_name":"Jabal Umm ‘Ushayrāt Jabal Umm ‘Ushayrāt Jabal Umm ‘Ushayrāt Jabal Umm ‘Ushayrāt Jabal Umm ‘Ushayrāt Jabal Umm ‘Ushayrāt","peak_elev":1083,"peak_lon":34.36985718076234,"peak_lat":28.32805807435967,"base_elev":24,"distance_m":3785.6,"vertical_relief_m":1059.0,"max_jut":285.6863,"search_radius_m":4250,"elev_angle_deg":15.6287}},{"type":"Feature","geometry":{"type":"Point","coordinates":[33.827634075267795,28.53988081835505]},"properties":{"peak_name":"Jabal Zatīrah","local_name":"Jabal Zatīrah","english_name":"Jabal Zatīrah","search_name":"Jabal Zatīrah Jabal Zatīrah Jabal Zatīrah Jabal Zatīrah Jabal Zatīrah Jabal Zatīrah","peak_elev":1905,"peak_lon":33.829520537364445,"peak_lat":28.552277569275905,"base_elev":1084,"distance_m":1386.3,"vertical_relief_m":821.0,"max_jut":417.3704,"search_radius_m":1625,"elev_angle_deg":30.635}},{"type":"Feature","geometry":{"type":"Point","coordinates":[33.9418997794078,28.51535681109859]},"properties":{"peak_name":"Jabal Zubayr","local_name":"Jabal Zubayr","english_name":"Jabal Zubayr","search_name":"Jabal Zubayr Jabal Zubayr Jabal Zubayr Jabal Zubayr Jabal Zubayr Jabal Zubayr","peak_elev":2645,"peak_lon":33.95402703574341,"peak_lat":28.512661865246237,"base_elev":1980,"distance_m":1224.1,"vertical_relief_m":665.0,"max_jut":317.8194,"search_radius_m":4500,"elev_angle_deg":28.5133}},{"type":"Feature","geometry":{"type":"Point","coordinates":[33.63251999555703,28.747122154401428]},"properties":{"peak_name":"Jabal al Banāt","local_name":"Jabal al Banāt","english_name":"Jabal al Banāt","search_name":"Jabal al Banāt Jabal al Banāt Jabal al Banāt Jabal al Banāt Jabal al Banāt Jabal al Banāt","peak_elev":1503,"peak_lon":33.63036403887515,"peak_lat":28.75601547571421,"base_elev":807,"distance_m":1007.9,"vertical_relief_m":696.0,"max_jut":394.6706,"search_radius_m":1125,"elev_angle_deg":34.6268}},{"type":"Feature","geometry":{"type":"Point","coordinates":[33.926538588049354,28.439089843476843]},"properties":{"peak_name":"Jabal al Khalā","local_name":"Jabal al Khalā","english_name":"Jabal al Khalā","search_name":"Jabal al Khalā Jabal al Khalā Jabal al Khalā Jabal al Khalā Jabal al Khalā Jabal al Khalā","peak_elev":2507,"peak_lon":33.93570140394737,"peak_lat":28.449600132301043,"base_elev":1553,"distance_m":1470.5,"vertical_relief_m":954.0,"max_jut":518.7178,"search_radius_m":2000,"elev_angle_deg":32.9739}},{"type":"Feature","geometry":{"type":"Point","coordinates":[33.91818425590704,28.438820348891607]},"properties":{"peak_name":"Jabal al Li‘dah","local_name":"Jabal al Li‘dah","english_name":"Jabal al Li‘dah","search_name":"Jabal al Li‘dah Jabal al Li‘dah Jabal al Li‘dah Jabal al Li‘dah Jabal al Li‘dah Jabal al Li‘dah","peak_elev":2449,"peak_lon":33.92599959887888,"peak_lat":28.451486594397693,"base_elev":1432,"distance_m":1598.9,"vertical_relief_m":1017.0,"max_jut":544.9865,"search_radius_m":3750,"elev_angle_deg":32.4589}},{"type":"Feature","geometry":{"type":"Point","coordinates":[34.00388353401205,28.258258976783583]},"properties":{"peak_name":"Jabal ath Thabţ","local_name":"Jabal ath Thabţ","english_name":"Jabal ath Thabţ","search_name":"Jabal ath Thabţ Jabal ath Thabţ Jabal ath Thabţ Jabal ath Thabţ Jabal ath Thabţ Jabal ath Thabţ","peak_elev":2440,"peak_lon":34.0162802849329,"peak_lat":28.26095392263594,"base_elev":1585,"distance_m":1252.6,"vertical_relief_m":855.0,"max_jut":482.5516,"search_radius_m":4500,"elev_angle_deg":34.3167}},{"type":"Feature","geometry":{"type":"Point","coordinates":[36.80393227461259,19.078464919894603]},"properties":{"peak_name":"Jabal Ērbā","local_name":"Jabal Ērbā","english_name":"Jabal Ērbā","search_name":"Jabal Ērbā Jabal Ērbā Jabal Ērbā Jabal Ērbā Jabal Ērbā Jabal Ērbā","peak_elev":1546,"peak_lon":36.79773389915217,"peak_lat":19.065529179803285,"base_elev":867,"distance_m":1573.5,"vertical_relief_m":679.0,"max_jut":268.2307,"search_radius_m":2500,"elev_angle_deg":23.3413}},{"type":"Feature","geometry":{"type":"Point","coordinates":[34.03541440048464,28.18630392252561]},"properties":{"peak_name":"Jabal Şabbāgh","local_name":"Jabal Şabbāgh","english_name":"Jabal Şabbāgh","search_name":"Jabal Şabbāgh Jabal Şabbāgh Jabal Şabbāgh Jabal Şabbāgh Jabal Şabbāgh Jabal Şabbāgh","peak_elev":2265,"peak_lon":34.06371133193441,"peak_lat":28.19546673842363,"base_elev":955,"distance_m":2958.2,"vertical_relief_m":1310.0,"max_jut":531.009,"search_radius_m":3250,"elev_angle_deg":23.8855}},{"type":"Feature","geometry":{"type":"Point","coordinates":[34.14051728872662,27.99118984281485]},"properties":{"peak_name":"Jabal Şaḩrā’","local_name":"Jabal Şaḩrā’","english_name":"Jabal Şaḩrā’","search_name":"Jabal Şaḩrā’ Jabal Şaḩrā’ Jabal Şaḩrā’ Jabal Şaḩrā’ Jabal Şaḩrā’ Jabal Şaḩrā’","peak_elev":1443,"peak_lon":34.13216295658431,"peak_lat":27.99954417495716,"base_elev":804,"distance_m":1237.9,"vertical_relief_m":639.0,"max_jut":292.8513,"search_radius_m":1250,"elev_angle_deg":27.3026}},{"type":"Feature","geometry":{"type":"Point","coordinates":[33.81658479727312,28.582191468237085]},"properties":{"peak_name":"Jabal Ţarbūsh","local_name":"Jabal Ţarbūsh","english_name":"Jabal Ţarbūsh","search_name":"Jabal Ţarbūsh Jabal Ţarbūsh Jabal Ţarbūsh Jabal Ţarbūsh Jabal Ţarbūsh Jabal Ţarbūsh","peak_elev":2095,"peak_lon":33.82709508609732,"peak_lat":28.593779735402222,"base_elev":1116,"distance_m":1645.2,"vertical_relief_m":979.0,"max_jut":500.1791,"search_radius_m":1875,"elev_angle_deg":30.7554}},{"type":"Feature","geometry":{"type":"Point","coordinates":[34.61779219917933,28.75197305693567]},"properties":{"peak_name":"Jabal Ţurayf ar Rīḩ","local_name":"Jabal Ţurayf ar Rīḩ","english_name":"Jabal Ţurayf ar Rīḩ","search_name":"Jabal Ţurayf ar Rīḩ Jabal Ţurayf ar Rīḩ Jabal Ţurayf ar Rīḩ Jabal Ţurayf ar Rīḩ Jabal Ţurayf ar Rīḩ Jabal Ţurayf ar Rīḩ","peak_elev":784,"peak_lon":34.60189201865041,"peak_lat":28.7476611435719,"base_elev":20,"distance_m":1624.9,"vertical_relief_m":764.0,"max_jut":325.4628,"search_radius_m":2000,"elev_angle_deg":25.1821}},{"type":"Feature","geometry":{"type":"Point","coordinates":[34.16773624183544,28.63905482572185]},"properties":{"peak_name":"Jabal Ḩabashī","local_name":"Jabal Ḩabashī","english_name":"Jabal Ḩabashī","search_name":"Jabal Ḩabashī Jabal Ḩabashī Jabal Ḩabashī Jabal Ḩabashī Jabal Ḩabashī Jabal Ḩabashī","peak_elev":1639,"peak_lon":34.16019039344884,"peak_lat":28.62935302065336,"base_elev":1011,"distance_m":1304.1,"vertical_relief_m":628.0,"max_jut":272.1139,"search_radius_m":2250,"elev_angle_deg":25.7135}},{"type":"Feature","geometry":{"type":"Point","coordinates":[34.50945537591451,28.582191468237085]},"properties":{"peak_name":"Jabal Ḩamrah","local_name":"Jabal Ḩamrah","english_name":"Jabal Ḩamrah","search_name":"Jabal Ḩamrah Jabal Ḩamrah Jabal Ḩamrah Jabal Ḩamrah Jabal Ḩamrah Jabal Ḩamrah","peak_elev":997,"peak_lon":34.49705862499366,"peak_lat":28.590006811208923,"base_elev":303,"distance_m":1490.3,"vertical_relief_m":694.0,"max_jut":293.0138,"search_radius_m":4750,"elev_angle_deg":24.9704}},{"type":"Feature","geometry":{"type":"Point","coordinates":[34.092008263384166,28.255025041760756]},"properties":{"peak_name":"Jabal Ḩulayfīyah","local_name":"Jabal Ḩulayfīyah","english_name":"Jabal Ḩulayfīyah","search_name":"Jabal Ḩulayfīyah Jabal Ḩulayfīyah Jabal Ḩulayfīyah Jabal Ḩulayfīyah Jabal Ḩulayfīyah Jabal Ḩulayfīyah","peak_elev":2105,"peak_lon":34.07476060992907,"peak_lat":28.25017413922651,"base_elev":1221,"distance_m":1775.9,"vertical_relief_m":884.0,"max_jut":394.3667,"search_radius_m":3250,"elev_angle_deg":26.463}},{"type":"Feature","geometry":{"type":"Point","coordinates":[33.56999725178232,28.667890746342085]},"properties":{"peak_name":"Jabal ‘Abūrah","local_name":"Jabal ‘Abūrah","english_name":"Jabal ‘Abūrah","search_name":"Jabal ‘Abūrah Jabal ‘Abūrah Jabal ‘Abūrah Jabal ‘Abūrah Jabal ‘Abūrah Jabal ‘Abūrah","peak_elev":1266,"peak_lon":33.57808208933939,"peak_lat":28.67355013263204,"base_elev":589,"distance_m":1008.9,"vertical_relief_m":677.0,"max_jut":377.195,"search_radius_m":1375,"elev_angle_deg":33.8627}},{"type":"Feature","geometry":{"type":"Point","coordinates":[34.17070068227304,27.994154283252445]},"properties":{"peak_name":"Jabal ‘Āţ","local_name":"Jabal ‘Āţ","english_name":"Jabal ‘Āţ","search_name":"Jabal ‘Āţ Jabal ‘Āţ Jabal ‘Āţ Jabal ‘Āţ Jabal ‘Āţ Jabal ‘Āţ","peak_elev":1358,"peak_lon":34.16019039344884,"peak_lat":27.988225402377257,"base_elev":703,"distance_m":1225.0,"vertical_relief_m":655.0,"max_jut":308.9241,"search_radius_m":1875,"elev_angle_deg":28.1331}},{"type":"Feature","geometry":{"type":"Point","coordinates":[34.38791331797314,1.147373196641659]},"properties":{"peak_name":"Jacksons Summit","local_name":"Jacksons Summit","english_name":"Jacksons Summit","search_name":"Jacksons Summit Jacksons Summit Jacksons Summit Jacksons Summit Jacksons Summit Jacksons Summit","peak_elev":3960,"peak_lon":34.52535555644343,"peak_lat":1.1034455792482143,"base_elev":1393,"distance_m":16049.7,"vertical_relief_m":2567.0,"max_jut":405.6104,"search_radius_m":34000,"elev_angle_deg":9.087}},{"type":"Feature","geometry":{"type":"Point","coordinates":[-8.248016528436006,30.05686583864769]},"properties":{"peak_name":"Jbel Aklim","local_name":"Jbel Aklim","english_name":"Jbel Aklim","search_name":"Jbel Aklim Jbel Aklim Jbel Aklim Jbel Aklim Jbel Aklim Jbel Aklim","peak_elev":2302,"peak_lon":-8.27307952486294,"peak_lat":30.09270861848406,"base_elev":1174,"distance_m":4650.4,"vertical_relief_m":1128.0,"max_jut":265.4778,"search_radius_m":10000,"elev_angle_deg":13.6343}},{"type":"Feature","geometry":{"type":"Point","coordinates":[-6.141377355647316,31.825019812380145]},"properties":{"peak_name":"Jbel Aroudane","local_name":"Jbel Aroudane","english_name":"Jbel Aroudane","search_name":"Jbel Aroudane Jbel Aroudane Jbel Aroudane Jbel Aroudane Jbel Aroudane Jbel Aroudane","peak_elev":3225,"peak_lon":-6.148114720278212,"peak_lat":31.806694180584103,"base_elev":1896,"distance_m":2129.8,"vertical_relief_m":1329.0,"max_jut":702.358,"search_radius_m":2500,"elev_angle_deg":31.9643}},{"type":"Feature","geometry":{"type":"Point","coordinates":[-6.578497572899875,31.361489125774472]},"properties":{"peak_name":"Jbel Awaltoum","local_name":"Jbel Awaltoum","english_name":"Jbel Awaltoum","search_name":"Jbel Awaltoum Jbel Awaltoum Jbel Awaltoum Jbel Awaltoum Jbel Awaltoum Jbel Awaltoum","peak_elev":2763,"peak_lon":-6.587390894212658,"peak_lat":31.36930446874631,"base_elev":2107,"distance_m":1211.1,"vertical_relief_m":656.0,"max_jut":312.3249,"search_radius_m":1250,"elev_angle_deg":28.4425}},{"type":"Feature","geometry":{"type":"Point","coordinates":[-6.745314721160869,31.376041833377208]},"properties":{"peak_name":"Jbel Azavza","local_name":"Jbel Azavza","english_name":"Jbel Azavza","search_name":"Jbel Azavza Jbel Azavza Jbel Azavza Jbel Azavza Jbel Azavza Jbel Azavza","peak_elev":3375,"peak_lon":-6.72321616517153,"peak_lat":31.36930446874631,"base_elev":2469,"distance_m":2231.0,"vertical_relief_m":906.0,"max_jut":341.3053,"search_radius_m":2250,"elev_angle_deg":22.1019}},{"type":"Feature","geometry":{"type":"Point","coordinates":[-6.49684071357341,31.391133530150416]},"properties":{"peak_name":"Jbel Azguigh","local_name":"Jbel Azguigh","english_name":"Jbel Azguigh","search_name":"Jbel Azguigh Jbel Azguigh Jbel Azguigh Jbel Azguigh Jbel Azguigh Jbel Azguigh","peak_elev":2625,"peak_lon":-6.4779760926069,"peak_lat":31.393019992247066,"base_elev":1837,"distance_m":1806.4,"vertical_relief_m":788.0,"max_jut":315.5972,"search_radius_m":2250,"elev_angle_deg":23.5681}},{"type":"Feature","geometry":{"type":"Point","coordinates":[-5.22401778750446,31.83553010120434]},"properties":{"peak_name":"Jbel Baddou","local_name":"Jbel Baddou","english_name":"Jbel Baddou","search_name":"Jbel Baddou Jbel Baddou Jbel Baddou Jbel Baddou Jbel Baddou Jbel Baddou","peak_elev":2913,"peak_lon":-5.231024646720592,"peak_lat":31.85655067885274,"base_elev":1736,"distance_m":2423.4,"vertical_relief_m":1177.0,"max_jut":513.2038,"search_radius_m":3250,"elev_angle_deg":25.905}},{"type":"Feature","geometry":{"type":"Point","coordinates":[-5.927937644140517,32.53055663652761]},"properties":{"peak_name":"Jbel Boutrwa","local_name":"Jbel Boutrwa","english_name":"Jbel Boutrwa","search_name":"Jbel Boutrwa Jbel Boutrwa Jbel Boutrwa Jbel Boutrwa Jbel Boutrwa Jbel Boutrwa","peak_elev":2272,"peak_lon":-5.915540893219667,"peak_lat":32.51869887477724,"base_elev":1557,"distance_m":1756.6,"vertical_relief_m":715.0,"max_jut":269.4111,"search_radius_m":3750,"elev_angle_deg":22.1481}},{"type":"Feature","geometry":{"type":"Point","coordinates":[-5.057200639243464,31.96892992089609]},"properties":{"peak_name":"Jbel Iflilou","local_name":"Jbel Iflilou","english_name":"Jbel Iflilou","search_name":"Jbel Iflilou Jbel Iflilou Jbel Iflilou Jbel Iflilou Jbel Iflilou Jbel Iflilou","peak_elev":2153,"peak_lon":-5.0612430580220025,"peak_lat":31.973241834259863,"base_elev":1686,"distance_m":612.1,"vertical_relief_m":467.0,"max_jut":283.1208,"search_radius_m":4250,"elev_angle_deg":37.3417}},{"type":"Feature","geometry":{"type":"Point","coordinates":[-6.972498656514697,31.308398692483006]},"properties":{"peak_name":"Jbel Inghamar","local_name":"Jbel Inghamar","english_name":"Jbel Inghamar","search_name":"Jbel Inghamar Jbel Inghamar Jbel Inghamar Jbel Inghamar Jbel Inghamar Jbel Inghamar","peak_elev":3604,"peak_lon":-6.997022663771159,"peak_lat":31.336695623932773,"base_elev":2131,"distance_m":3910.5,"vertical_relief_m":1473.0,"max_jut":518.7386,"search_radius_m":5250,"elev_angle_deg":20.6403}},{"type":"Feature","geometry":{"type":"Point","coordinates":[-7.019929703516207,31.43047973959485]},"properties":{"peak_name":"Jbel Issarmad","local_name":"Jbel Issarmad","english_name":"Jbel Issarmad","search_name":"Jbel Issarmad Jbel Issarmad Jbel Issarmad Jbel Issarmad Jbel Issarmad Jbel Issarmad","peak_elev":3193,"peak_lon":-7.05226905374451,"peak_lat":31.41161511862834,"base_elev":1641,"distance_m":3718.9,"vertical_relief_m":1552.0,"max_jut":597.9422,"search_radius_m":4500,"elev_angle_deg":22.6521}},{"type":"Feature","geometry":{"type":"Point","coordinates":[-6.5442717605749205,31.43047973959485]},"properties":{"peak_name":"Jbel Izerwane","local_name":"Jbel Izerwane","english_name":"Jbel Izerwane","search_name":"Jbel Izerwane Jbel Izerwane Jbel Izerwane Jbel Izerwane Jbel Izerwane Jbel Izerwane","peak_elev":3170,"peak_lon":-6.53780389052926,"peak_lat":31.44368497427141,"base_elev":2381,"distance_m":1588.0,"vertical_relief_m":789.0,"max_jut":350.4688,"search_radius_m":1750,"elev_angle_deg":26.4205}},{"type":"Feature","geometry":{"type":"Point","coordinates":[-2.741703162896986,34.31083786659568]},"properties":{"peak_name":"Jbel Karchi","local_name":"Jbel Karchi","english_name":"Jbel Karchi","search_name":"Jbel Karchi Jbel Karchi Jbel Karchi Jbel Karchi Jbel Karchi Jbel Karchi","peak_elev":1274,"peak_lon":-2.7613762676192035,"peak_lat":34.29871061026007,"base_elev":483,"distance_m":2256.0,"vertical_relief_m":791.0,"max_jut":261.841,"search_radius_m":3500,"elev_angle_deg":19.3217}},{"type":"Feature","geometry":{"type":"Point","coordinates":[-4.830825187645345,35.26673516042727]},"properties":{"peak_name":"Jbel Lqarbous","local_name":"Jbel Lqarbous","english_name":"Jbel Lqarbous","search_name":"Jbel Lqarbous Jbel Lqarbous Jbel Lqarbous Jbel Lqarbous Jbel Lqarbous Jbel Lqarbous","peak_elev":1015,"peak_lon":-4.853193238219921,"peak_lat":35.24275014234128,"base_elev":3,"distance_m":3350.3,"vertical_relief_m":1012.0,"max_jut":292.452,"search_radius_m":4750,"elev_angle_deg":16.8076}},{"type":"Feature","geometry":{"type":"Point","coordinates":[-5.415628437607154,35.90921025162955]},"properties":{"peak_name":"Jbel Moussa","local_name":"Jbel Moussa","english_name":"Jbel Moussa","search_name":"Jbel Moussa Jbel Moussa Jbel Moussa Jbel Moussa Jbel Moussa Jbel Moussa","peak_elev":836,"peak_lon":-5.41131652424338,"peak_lat":35.89789147904964,"base_elev":1,"distance_m":1314.8,"vertical_relief_m":835.0,"max_jut":447.0746,"search_radius_m":2250,"elev_angle_deg":32.4187}},{"type":"Feature","geometry":{"type":"Point","coordinates":[-6.2445937817926485,31.73420013715566]},"properties":{"peak_name":"Jbel Ouzourki","local_name":"Jbel Ouzourki","english_name":"Jbel Ouzourki","search_name":"Jbel Ouzourki Jbel Ouzourki Jbel Ouzourki Jbel Ouzourki Jbel Ouzourki Jbel Ouzourki","peak_elev":3665,"peak_lon":-6.255373565202082,"peak_lat":31.750369812269813,"base_elev":2670,"distance_m":2063.5,"vertical_relief_m":995.0,"max_jut":431.6015,"search_radius_m":4750,"elev_angle_deg":25.7429}},{"type":"Feature","geometry":{"type":"Point","coordinates":[-6.733456959410492,31.585169631520237]},"properties":{"peak_name":"Jbel Rat","local_name":"Jbel Rat","english_name":"Jbel Rat","search_name":"Jbel Rat Jbel Rat Jbel Rat Jbel Rat Jbel Rat Jbel Rat","peak_elev":3119,"peak_lon":-6.722677176001057,"peak_lat":31.575198331866503,"base_elev":2266,"distance_m":1506.4,"vertical_relief_m":853.0,"max_jut":420.099,"search_radius_m":2750,"elev_angle_deg":29.5207}},{"type":"Feature","geometry":{"type":"Point","coordinates":[-6.487408403090155,31.446379920123768]},"properties":{"peak_name":"Jbel Tajoujga","local_name":"Jbel Tajoujga","english_name":"Jbel Tajoujga","search_name":"Jbel Tajoujga Jbel Tajoujga Jbel Tajoujga Jbel Tajoujga Jbel Tajoujga Jbel Tajoujga","peak_elev":3108,"peak_lon":-6.512201904931854,"peak_lat":31.44934436056136,"base_elev":2199,"distance_m":2379.6,"vertical_relief_m":909.0,"max_jut":324.9326,"search_radius_m":2500,"elev_angle_deg":20.9067}},{"type":"Feature","geometry":{"type":"Point","coordinates":[-4.92811273291549,35.069734618619854]},"properties":{"peak_name":"Jbel Takellabte","local_name":"Jbel Takellabte","english_name":"Jbel Takellabte","search_name":"Jbel Takellabte Jbel Takellabte Jbel Takellabte Jbel Takellabte Jbel Takellabte Jbel Takellabte","peak_elev":1724,"peak_lon":-4.921375368284593,"peak_lat":35.059493824380894,"base_elev":984,"distance_m":1291.7,"vertical_relief_m":740.0,"max_jut":367.4966,"search_radius_m":2500,"elev_angle_deg":29.8079}},{"type":"Feature","geometry":{"type":"Point","coordinates":[-6.555860027740063,31.544475949149614]},"properties":{"peak_name":"Jbel Tarkaddiyt","local_name":"Jbel Tarkaddiyt","english_name":"Jbel Tarkaddiyt","search_name":"Jbel Tarkaddiyt Jbel Tarkaddiyt Jbel Tarkaddiyt Jbel Tarkaddiyt Jbel Tarkaddiyt Jbel Tarkaddiyt","peak_elev":3378,"peak_lon":-6.546427717256807,"peak_lat":31.53073172530259,"base_elev":2343,"distance_m":1767.7,"vertical_relief_m":1035.0,"max_jut":522.3262,"search_radius_m":1875,"elev_angle_deg":30.3493}},{"type":"Feature","geometry":{"type":"Point","coordinates":[-6.977888548219414,31.43047973959485]},"properties":{"peak_name":"Jbel Tissili","local_name":"Jbel Tissili","english_name":"Jbel Tissili","search_name":"Jbel Tissili Jbel Tissili Jbel Tissili Jbel Tissili Jbel Tissili Jbel Tissili","peak_elev":3081,"peak_lon":-6.9657612918838,"peak_lat":31.398679378537015,"base_elev":1739,"distance_m":3709.7,"vertical_relief_m":1342.0,"max_jut":455.548,"search_radius_m":5750,"elev_angle_deg":19.8878}},{"type":"Feature","geometry":{"type":"Point","coordinates":[-7.906836383527411,31.035400677639085]},"properties":{"peak_name":"Jbel Toubkal","local_name":"Jbel Toubkal","english_name":"Jbel Toubkal","search_name":"Jbel Toubkal Jbel Toubkal Jbel Toubkal Jbel Toubkal Jbel Toubkal Jbel Toubkal","peak_elev":4160,"peak_lon":-7.915190715669722,"peak_lat":31.060194179480785,"base_elev":2480,"distance_m":2862.2,"vertical_relief_m":1680.0,"max_jut":848.8196,"search_radius_m":3000,"elev_angle_deg":30.4113}},{"type":"Feature","geometry":{"type":"Point","coordinates":[-6.076429160605474,32.00746764658482]},"properties":{"peak_name":"Jbel Toukhsine","local_name":"Jbel Toukhsine","english_name":"Jbel Toukhsine","search_name":"Jbel Toukhsine Jbel Toukhsine Jbel Toukhsine Jbel Toukhsine Jbel Toukhsine Jbel Toukhsine","peak_elev":2775,"peak_lon":-6.04220334828052,"peak_lat":31.9877945418626,"base_elev":1543,"distance_m":3901.1,"vertical_relief_m":1232.0,"max_jut":371.1695,"search_radius_m":4250,"elev_angle_deg":17.5266}},{"type":"Feature","geometry":{"type":"Point","coordinates":[-6.626737103657093,31.5067467072166]},"properties":{"peak_name":"Jbel Wagraraz","local_name":"Jbel Wagraraz","english_name":"Jbel Wagraraz","search_name":"Jbel Wagraraz Jbel Wagraraz Jbel Wagraraz Jbel Wagraraz Jbel Wagraraz Jbel Wagraraz","peak_elev":3281,"peak_lon":-6.630510027850395,"peak_lat":31.493271977954805,"base_elev":2452,"distance_m":1536.5,"vertical_relief_m":829.0,"max_jut":392.8579,"search_radius_m":2250,"elev_angle_deg":28.3485}},{"type":"Feature","geometry":{"type":"Point","coordinates":[-6.491450821868693,31.45796818728891]},"properties":{"peak_name":"Jbel n’ Nig Oumassine","local_name":"Jbel n’ Nig Oumassine","english_name":"Jbel n’ Nig Oumassine","search_name":"Jbel n’ Nig Oumassine Jbel n’ Nig Oumassine Jbel n’ Nig Oumassine Jbel n’ Nig Oumassine Jbel n’ Nig Oumassine Jbel n’ Nig Oumassine","peak_elev":3905,"peak_lon":-6.50465605654525,"peak_lat":31.495697429221927,"base_elev":2343,"distance_m":4367.5,"vertical_relief_m":1562.0,"max_jut":524.8739,"search_radius_m":12000,"elev_angle_deg":19.6792}},{"type":"Feature","geometry":{"type":"Point","coordinates":[-5.119723383018183,32.26699093216695]},"properties":{"peak_name":"Jebel Aberdouz","local_name":"Jebel Aberdouz","english_name":"Jebel Aberdouz","search_name":"Jebel Aberdouz Jebel Aberdouz Jebel Aberdouz Jebel Aberdouz Jebel Aberdouz Jebel Aberdouz","peak_elev":2799,"peak_lon":-5.116758942580589,"peak_lat":32.252438224564216,"base_elev":1826,"distance_m":1637.8,"vertical_relief_m":973.0,"max_jut":496.0184,"search_radius_m":2500,"elev_angle_deg":30.7141}},{"type":"Feature","geometry":{"type":"Point","coordinates":[-4.173797388840328,33.69639021225793]},"properties":{"peak_name":"Jebel Achlem Alem","local_name":"Jebel Achlem Alem","english_name":"Jebel Achlem Alem","search_name":"Jebel Achlem Alem Jebel Achlem Alem Jebel Achlem Alem Jebel Achlem Alem Jebel Achlem Alem Jebel Achlem Alem","peak_elev":2180,"peak_lon":-4.178109302204101,"peak_lat":33.691000320553215,"base_elev":1699,"distance_m":719.2,"vertical_relief_m":481.0,"max_jut":267.2055,"search_radius_m":3250,"elev_angle_deg":33.7746}},{"type":"Feature","geometry":{"type":"Point","coordinates":[-6.718365262637284,31.632600678521744]},"properties":{"peak_name":"Jebel Alimane","local_name":"Jebel Alimane","english_name":"Jebel Alimane","search_name":"Jebel Alimane Jebel Alimane Jebel Alimane Jebel Alimane Jebel Alimane Jebel Alimane","peak_elev":2642,"peak_lon":-6.71081941425068,"peak_lat":31.62909724891368,"base_elev":2172,"distance_m":814.5,"vertical_relief_m":470.0,"max_jut":235.0711,"search_radius_m":1500,"elev_angle_deg":29.9867}},{"type":"Feature","geometry":{"type":"Point","coordinates":[-5.302171217222858,32.078614217087086]},"properties":{"peak_name":"Jebel Amajgar","local_name":"Jebel Amajgar","english_name":"Jebel Amajgar","search_name":"Jebel Amajgar Jebel Amajgar Jebel Amajgar Jebel Amajgar Jebel Amajgar Jebel Amajgar","peak_elev":2827,"peak_lon":-5.30271020639333,"peak_lat":32.068103928262886,"base_elev":2143,"distance_m":1166.6,"vertical_relief_m":684.0,"max_jut":345.2578,"search_radius_m":1500,"elev_angle_deg":30.3839}},{"type":"Feature","geometry":{"type":"Point","coordinates":[-5.0159679677023785,32.49956475922549]},"properties":{"peak_name":"Jebel Ayachi","local_name":"Jebel Ayachi","english_name":"Jebel Ayachi","search_name":"Jebel Ayachi Jebel Ayachi Jebel Ayachi Jebel Ayachi Jebel Ayachi Jebel Ayachi","peak_elev":3154,"peak_lon":-4.99764233590634,"peak_lat":32.464799957730065,"base_elev":1950,"distance_m":4222.6,"vertical_relief_m":1204.0,"max_jut":329.5527,"search_radius_m":9250,"elev_angle_deg":15.9146}},{"type":"Feature","geometry":{"type":"Point","coordinates":[-4.071928435621174,33.65219310027925]},"properties":{"peak_name":"Jebel Bou Iblane","local_name":"Jebel Bou Iblane","english_name":"Jebel Bou Iblane","search_name":"Jebel Bou Iblane Jebel Bou Iblane Jebel Bou Iblane Jebel Bou Iblane Jebel Bou Iblane Jebel Bou Iblane","peak_elev":3062,"peak_lon":-4.090523562002447,"peak_lat":33.66539833495581,"base_elev":1983,"distance_m":2262.7,"vertical_relief_m":1079.0,"max_jut":464.5147,"search_radius_m":3500,"elev_angle_deg":25.4948}},{"type":"Feature","geometry":{"type":"Point","coordinates":[-5.115950458824881,32.158654108902134]},"properties":{"peak_name":"Jebel Harouch","local_name":"Jebel Harouch","english_name":"Jebel Harouch","search_name":"Jebel Harouch Jebel Harouch Jebel Harouch Jebel Harouch Jebel Harouch Jebel Harouch","peak_elev":2966,"peak_lon":-5.104631686244975,"peak_lat":32.14490988505511,"base_elev":2125,"distance_m":1860.9,"vertical_relief_m":841.0,"max_jut":346.0018,"search_radius_m":3000,"elev_angle_deg":24.3197}},{"type":"Feature","geometry":{"type":"Point","coordinates":[35.684451767542846,21.813834960038548]},"properties":{"peak_name":"Jebel Is","local_name":"Jebel Is","english_name":"Jebel Is","search_name":"Jebel Is Jebel Is Jebel Is Jebel Is Jebel Is Jebel Is","peak_elev":1839,"peak_lon":35.65938877111591,"peak_lat":21.81733838964661,"base_elev":425,"distance_m":2620.3,"vertical_relief_m":1414.0,"max_jut":672.2762,"search_radius_m":4250,"elev_angle_deg":28.3528}},{"type":"Feature","geometry":{"type":"Point","coordinates":[-5.488661470206071,32.27615374806497]},"properties":{"peak_name":"Jebel Issoual","local_name":"Jebel Issoual","english_name":"Jebel Issoual","search_name":"Jebel Issoual Jebel Issoual Jebel Issoual Jebel Issoual Jebel Issoual Jebel Issoual","peak_elev":2922,"peak_lon":-5.493781867325552,"peak_lat":32.264565480899826,"base_elev":2042,"distance_m":1372.6,"vertical_relief_m":880.0,"max_jut":474.2298,"search_radius_m":2750,"elev_angle_deg":32.6647}},{"type":"Feature","geometry":{"type":"Point","coordinates":[-5.255548653977055,35.37588046744779]},"properties":{"peak_name":"Jebel Kelti","local_name":"Jebel Kelti","english_name":"Jebel Kelti","search_name":"Jebel Kelti Jebel Kelti Jebel Kelti Jebel Kelti Jebel Kelti Jebel Kelti","peak_elev":1922,"peak_lon":-5.2752217586992725,"peak_lat":35.35782433023699,"base_elev":588,"distance_m":2685.1,"vertical_relief_m":1334.0,"max_jut":593.3995,"search_radius_m":2750,"elev_angle_deg":26.4189}},{"type":"Feature","geometry":{"type":"Point","coordinates":[-4.765068508847796,35.013949239476034]},"properties":{"peak_name":"Jebel Ktane","local_name":"Jebel Ktane","english_name":"Jebel Ktane","search_name":"Jebel Ktane Jebel Ktane Jebel Ktane Jebel Ktane Jebel Ktane Jebel Ktane","peak_elev":1777,"peak_lon":-4.731381685693314,"peak_lat":35.02984942000495,"base_elev":657,"distance_m":3544.5,"vertical_relief_m":1120.0,"max_jut":337.8152,"search_radius_m":4250,"elev_angle_deg":17.5356}},{"type":"Feature","geometry":{"type":"Point","coordinates":[-4.882837642595866,32.39230591430162]},"properties":{"peak_name":"Jebel Maoutfoud","local_name":"Jebel Maoutfoud","english_name":"Jebel Maoutfoud","search_name":"Jebel Maoutfoud Jebel Maoutfoud Jebel Maoutfoud Jebel Maoutfoud Jebel Maoutfoud Jebel Maoutfoud","peak_elev":3265,"peak_lon":-4.887419050544875,"peak_lat":32.41386548112049,"base_elev":2190,"distance_m":2429.4,"vertical_relief_m":1075.0,"max_jut":434.0747,"search_radius_m":4000,"elev_angle_deg":23.8692}},{"type":"Feature","geometry":{"type":"Point","coordinates":[-5.213238004095025,32.384490571329785]},"properties":{"peak_name":"Jebel Masker","local_name":"Jebel Masker","english_name":"Jebel Masker","search_name":"Jebel Masker Jebel Masker Jebel Masker Jebel Masker Jebel Masker Jebel Masker","peak_elev":3252,"peak_lon":-5.2224008199930445,"peak_lat":32.40362468688153,"base_elev":2196,"distance_m":2290.3,"vertical_relief_m":1056.0,"max_jut":441.4222,"search_radius_m":4500,"elev_angle_deg":24.7532}},{"type":"Feature","geometry":{"type":"Point","coordinates":[-4.1926620098068375,33.8284425590235]},"properties":{"peak_name":"Jebel Nerkibat","local_name":"Jebel Nerkibat","english_name":"Jebel Nerkibat","search_name":"Jebel Nerkibat Jebel Nerkibat Jebel Nerkibat Jebel Nerkibat Jebel Nerkibat Jebel Nerkibat","peak_elev":2076,"peak_lon":-4.170563453817497,"peak_lat":33.800684616744206,"base_elev":1010,"distance_m":3696.7,"vertical_relief_m":1066.0,"max_jut":295.0576,"search_radius_m":5500,"elev_angle_deg":16.0857}},{"type":"Feature","geometry":{"type":"Point","coordinates":[10.326628264360169,36.60989617324277]},"properties":{"peak_name":"Jebel Ressas","local_name":"Jebel Ressas","english_name":"Jebel Ressas","search_name":"Jebel Ressas Jebel Ressas Jebel Ressas Jebel Ressas Jebel Ressas Jebel Ressas","peak_elev":763,"peak_lon":10.33606057484342,"peak_lat":36.605584259879,"base_elev":191,"distance_m":970.1,"vertical_relief_m":572.0,"max_jut":290.7923,"search_radius_m":1750,"elev_angle_deg":30.5249}},{"type":"Feature","geometry":{"type":"Point","coordinates":[-5.055853166317285,32.45536764724681]},"properties":{"peak_name":"Jebel Tadrart","local_name":"Jebel Tadrart","english_name":"Jebel Tadrart","search_name":"Jebel Tadrart Jebel Tadrart Jebel Tadrart Jebel Tadrart Jebel Tadrart Jebel Tadrart","peak_elev":3234,"peak_lon":-5.0310596644755865,"peak_lat":32.44297089632596,"base_elev":2039,"distance_m":2706.5,"vertical_relief_m":1195.0,"max_jut":482.9989,"search_radius_m":5750,"elev_angle_deg":23.8229}},{"type":"Feature","geometry":{"type":"Point","coordinates":[-5.316993419410831,32.02228984877279]},"properties":{"peak_name":"Jebel Tamgount","local_name":"Jebel Tamgount","english_name":"Jebel Tamgount","search_name":"Jebel Tamgount Jebel Tamgount Jebel Tamgount Jebel Tamgount Jebel Tamgount Jebel Tamgount","peak_elev":2572,"peak_lon":-5.315915441069887,"peak_lat":32.032530643011754,"base_elev":1916,"distance_m":1140.1,"vertical_relief_m":656.0,"max_jut":326.4851,"search_radius_m":1875,"elev_angle_deg":29.9156}},{"type":"Feature","geometry":{"type":"Point","coordinates":[-5.221053347066865,34.93902974478046]},"properties":{"peak_name":"Jebel Tangaïa","local_name":"Jebel Tangaïa","english_name":"Jebel Tangaïa","search_name":"Jebel Tangaïa Jebel Tangaïa Jebel Tangaïa Jebel Tangaïa Jebel Tangaïa Jebel Tangaïa","peak_elev":1716,"peak_lon":-5.164459484167336,"peak_lat":34.96166728994028,"base_elev":435,"distance_m":5747.2,"vertical_relief_m":1281.0,"max_jut":279.0731,"search_radius_m":8750,"elev_angle_deg":12.5653}},{"type":"Feature","geometry":{"type":"Point","coordinates":[-5.478151181381873,32.367512412459924]},"properties":{"peak_name":"Jebel Taoudelf","local_name":"Jebel Taoudelf","english_name":"Jebel Taoudelf","search_name":"Jebel Taoudelf Jebel Taoudelf Jebel Taoudelf Jebel Taoudelf Jebel Taoudelf Jebel Taoudelf","peak_elev":2718,"peak_lon":-5.479768148893288,"peak_lat":32.34810880232294,"base_elev":1847,"distance_m":2157.1,"vertical_relief_m":871.0,"max_jut":325.358,"search_radius_m":4500,"elev_angle_deg":21.988}},{"type":"Feature","geometry":{"type":"Point","coordinates":[-6.254026092275903,32.32762721384502]},"properties":{"peak_name":"Jebel Tassemit","local_name":"Jebel Tassemit","english_name":"Jebel Tassemit","search_name":"Jebel Tassemit Jebel Tassemit Jebel Tassemit Jebel Tassemit Jebel Tassemit Jebel Tassemit","peak_elev":2249,"peak_lon":-6.2572600272987335,"peak_lat":32.303642195759025,"base_elev":1194,"distance_m":2677.1,"vertical_relief_m":1055.0,"max_jut":385.91,"search_radius_m":3500,"elev_angle_deg":21.5086}},{"type":"Feature","geometry":{"type":"Point","coordinates":[-5.56088601904928,31.62020392760089]},"properties":{"peak_name":"Jebel Timzrkai","local_name":"Jebel Timzrkai","english_name":"Jebel Timzrkai","search_name":"Jebel Timzrkai Jebel Timzrkai Jebel Timzrkai Jebel Timzrkai Jebel Timzrkai Jebel Timzrkai","peak_elev":2363,"peak_lon":-5.548758762713667,"peak_lat":31.61023262794717,"base_elev":1559,"distance_m":1595.8,"vertical_relief_m":804.0,"max_jut":361.6614,"search_radius_m":1875,"elev_angle_deg":26.74}},{"type":"Feature","geometry":{"type":"Point","coordinates":[47.32203644178284,10.8251932470465]},"properties":{"peak_name":"Jilibrin","local_name":"Jilibrin","english_name":"Jilibrin","search_name":"Jilibrin Jilibrin Jilibrin Jilibrin Jilibrin Jilibrin","peak_elev":2078,"peak_lon":47.37324041297765,"peak_lat":10.76536544912414,"base_elev":519,"distance_m":8668.9,"vertical_relief_m":1559.0,"max_jut":275.2451,"search_radius_m":34000,"elev_angle_deg":10.195}},{"type":"Feature","geometry":{"type":"Point","coordinates":[47.398572903989816,10.876397218241314]},"properties":{"peak_name":"Jilin","local_name":"Jilin","english_name":"Jilin","search_name":"Jilin Jilin Jilin Jilin Jilin Jilin","peak_elev":2249,"peak_lon":47.38428969097232,"peak_lat":10.828427182069332,"base_elev":542,"distance_m":5531.2,"vertical_relief_m":1707.0,"max_jut":501.2041,"search_radius_m":8500,"elev_angle_deg":17.1509}},{"type":"Feature","geometry":{"type":"Point","coordinates":[19.508578277931036,-33.98340194553412]},"properties":{"peak_name":"Jonaskop","local_name":"Jonaskop","english_name":"Jonaskop","search_name":"Jonaskop Jonaskop Jonaskop Jonaskop Jonaskop Jonaskop","peak_elev":1642,"peak_lon":19.50615282666391,"peak_lat":-33.972083172954214,"base_elev":810,"distance_m":1275.4,"vertical_relief_m":832.0,"max_jut":453.8517,"search_radius_m":6250,"elev_angle_deg":33.1182}},{"type":"Feature","geometry":{"type":"Point","coordinates":[33.39832920098708,4.372145403573917]},"properties":{"peak_name":"Juri","local_name":"Juri","english_name":"Juri","search_name":"Juri Juri Juri Juri Juri Juri","peak_elev":1755,"peak_lon":33.40318010352132,"peak_lat":4.384272659909531,"base_elev":925,"distance_m":1445.1,"vertical_relief_m":830.0,"max_jut":411.9488,"search_radius_m":1750,"elev_angle_deg":29.8711}},{"type":"Feature","geometry":{"type":"Point","coordinates":[39.82334960759513,14.776792350359864]},"properties":{"peak_name":"Kaanen","local_name":"Kaanen","english_name":"Kaanen","search_name":"Kaanen Kaanen Kaanen Kaanen Kaanen Kaanen","peak_elev":1292,"peak_lon":39.82442758593607,"peak_lat":14.766821050706138,"base_elev":662,"distance_m":1109.4,"vertical_relief_m":630.0,"max_jut":309.9572,"search_radius_m":1875,"elev_angle_deg":29.5911}},{"type":"Feature","geometry":{"type":"Point","coordinates":[29.81243424983877,-1.6281515367024268]},"properties":{"peak_name":"Kabuye","local_name":"Kabuye","english_name":"Kabuye","search_name":"Kabuye Kabuye Kabuye Kabuye Kabuye Kabuye","peak_elev":2645,"peak_lon":29.813781722764947,"peak_lat":-1.6076699482245018,"base_elev":1761,"distance_m":2269.7,"vertical_relief_m":884.0,"max_jut":319.2767,"search_radius_m":3000,"elev_angle_deg":21.2799}},{"type":"Feature","geometry":{"type":"Point","coordinates":[39.51666476959672,14.863300112220577]},"properties":{"peak_name":"Kahanka","local_name":"Kahanka","english_name":"Kahanka","search_name":"Kahanka Kahanka Kahanka Kahanka Kahanka Kahanka","peak_elev":2039,"peak_lon":39.523132639642384,"peak_lat":14.853598307152083,"base_elev":1396,"distance_m":1279.4,"vertical_relief_m":643.0,"max_jut":288.0293,"search_radius_m":1500,"elev_angle_deg":26.6832}},{"type":"Feature","geometry":{"type":"Point","coordinates":[32.60062522868894,4.120167966378392]},"properties":{"peak_name":"Kakeiri","local_name":"Kakeiri","english_name":"Kakeiri","search_name":"Kakeiri Kakeiri Kakeiri Kakeiri Kakeiri Kakeiri","peak_elev":1695,"peak_lon":32.59873876659229,"peak_lat":4.105884753360892,"base_elev":970,"distance_m":1593.2,"vertical_relief_m":725.0,"max_jut":298.9283,"search_radius_m":2250,"elev_angle_deg":24.4683}},{"type":"Feature","geometry":{"type":"Point","coordinates":[-13.459233323141762,9.781171223842792]},"properties":{"peak_name":"Kakoulima","local_name":"Kakoulima","english_name":"Kakoulima","search_name":"Kakoulima Kakoulima Kakoulima Kakoulima Kakoulima Kakoulima","peak_elev":987,"peak_lon":-13.447914550561856,"peak_lat":9.770660935018594,"base_elev":104,"distance_m":1701.0,"vertical_relief_m":883.0,"max_jut":406.2227,"search_radius_m":2750,"elev_angle_deg":27.4341}},{"type":"Feature","geometry":{"type":"Point","coordinates":[29.959578293377547,0.2340560472773413]},"properties":{"peak_name":"Kaleveru","local_name":"Kaleveru","english_name":"Kaleveru","search_name":"Kaleveru Kaleveru Kaleveru Kaleveru Kaleveru Kaleveru","peak_elev":2717,"peak_lon":29.95634435835472,"peak_lat":0.2248932313793222,"base_elev":2035,"distance_m":1075.2,"vertical_relief_m":682.0,"max_jut":364.0336,"search_radius_m":1125,"elev_angle_deg":32.387}},{"type":"Feature","geometry":{"type":"Point","coordinates":[-13.044211661878544,9.706251729147224]},"properties":{"peak_name":"Kambo","local_name":"Kambo","english_name":"Kambo","search_name":"Kambo Kambo Kambo Kambo Kambo Kambo","peak_elev":926,"peak_lon":-13.051757510265148,"peak_lat":9.72215190967614,"base_elev":192,"distance_m":1943.8,"vertical_relief_m":734.0,"max_jut":258.3555,"search_radius_m":2250,"elev_angle_deg":20.6871}},{"type":"Feature","geometry":{"type":"Point","coordinates":[32.75019472349484,4.125018868912637]},"properties":{"peak_name":"Kamia","local_name":"Kamia","english_name":"Kamia","search_name":"Kamia Kamia Kamia Kamia Kamia Kamia","peak_elev":2268,"peak_lon":32.76366945275663,"peak_lat":4.142266522367732,"base_elev":1205,"distance_m":2424.0,"vertical_relief_m":1063.0,"max_jut":425.8314,"search_radius_m":9250,"elev_angle_deg":23.679}},{"type":"Feature","geometry":{"type":"Point","coordinates":[36.90229779822368,-7.643270679166743]},"properties":{"peak_name":"Karenga","local_name":"Karenga","english_name":"Karenga","search_name":"Karenga Karenga Karenga Karenga Karenga Karenga","peak_elev":1926,"peak_lon":36.90337577656462,"peak_lat":-7.675879523980282,"base_elev":389,"distance_m":3608.3,"vertical_relief_m":1537.0,"max_jut":599.5801,"search_radius_m":5500,"elev_angle_deg":23.0722}},{"type":"Feature","geometry":{"type":"Point","coordinates":[49.71164492906917,11.37604017926859]},"properties":{"peak_name":"Karkoor","local_name":"Karkoor","english_name":"Karkoor","search_name":"Karkoor Karkoor Karkoor Karkoor Karkoor Karkoor","peak_elev":2076,"peak_lon":49.72862308793904,"peak_lat":11.347743247818826,"base_elev":513,"distance_m":3637.6,"vertical_relief_m":1563.0,"max_jut":615.1916,"search_radius_m":7250,"elev_angle_deg":23.2522}},{"type":"Feature","geometry":{"type":"Point","coordinates":[43.28150412534164,-11.795912743066056]},"properties":{"peak_name":"Karthala","local_name":"Karthala","english_name":"Karthala","search_name":"Karthala Karthala Karthala Karthala Karthala Karthala","peak_elev":2349,"peak_lon":43.35345917959961,"peak_lat":-11.760069963229688,"base_elev":85,"distance_m":8787.7,"vertical_relief_m":2264.0,"max_jut":564.7742,"search_radius_m":16500,"elev_angle_deg":14.4471}},{"type":"Feature","geometry":{"type":"Point","coordinates":[39.695070185022864,14.472263469043346]},"properties":{"peak_name":"Kasana","local_name":"Kasana","english_name":"Kasana","search_name":"Kasana Kasana Kasana Kasana Kasana Kasana","peak_elev":2749,"peak_lon":39.69992108755711,"peak_lat":14.446391988860704,"base_elev":1175,"distance_m":2909.9,"vertical_relief_m":1574.0,"max_jut":746.1003,"search_radius_m":3250,"elev_angle_deg":28.4095}},{"type":"Feature","geometry":{"type":"Point","coordinates":[9.497932414759909,6.265344864855809]},"properties":{"peak_name":"Katal","local_name":"Katal","english_name":"Katal","search_name":"Katal Katal Katal Katal Katal Katal","peak_elev":1652,"peak_lon":9.488230609691415,"peak_lat":6.262649919003451,"base_elev":903,"distance_m":1114.2,"vertical_relief_m":749.0,"max_jut":418.0593,"search_radius_m":1625,"elev_angle_deg":33.9102}},{"type":"Feature","geometry":{"type":"Point","coordinates":[32.556158622125025,4.011831143113578]},"properties":{"peak_name":"Kerifi","local_name":"Kerifi","english_name":"Kerifi","search_name":"Kerifi Kerifi Kerifi Kerifi Kerifi Kerifi","peak_elev":1999,"peak_lon":32.57906566187007,"peak_lat":4.019646486085417,"base_elev":1091,"distance_m":2686.6,"vertical_relief_m":908.0,"max_jut":290.843,"search_radius_m":4000,"elev_angle_deg":18.6739}},{"type":"Feature","geometry":{"type":"Point","coordinates":[-9.90621671139223,-40.310595817701554]},"properties":{"peak_name":"Kern Crag","local_name":"Kern Crag","english_name":"Kern Crag","search_name":"Kern Crag Kern Crag Kern Crag Kern Crag Kern Crag Kern Crag","peak_elev":609,"peak_lon":-9.914840538119778,"peak_lat":-40.31329076355392,"base_elev":0,"distance_m":791.8,"vertical_relief_m":609.0,"max_jut":371.7499,"search_radius_m":1125,"elev_angle_deg":37.5651}},{"type":"Feature","geometry":{"type":"Point","coordinates":[-6.880062013778798,31.778127754549107]},"properties":{"peak_name":"Kerroul","local_name":"Kerroul","english_name":"Kerroul","search_name":"Kerroul Kerroul Kerroul Kerroul Kerroul Kerroul","peak_elev":1701,"peak_lon":-6.890841797188232,"peak_lat":31.75279526353693,"base_elev":799,"distance_m":2988.8,"vertical_relief_m":902.0,"max_jut":260.0677,"search_radius_m":4000,"elev_angle_deg":16.7935}},{"type":"Feature","geometry":{"type":"Point","coordinates":[29.691700675653102,-4.267042515331934]},"properties":{"peak_name":"Kigari","local_name":"Kigari","english_name":"Kigari","search_name":"Kigari Kigari Kigari Kigari Kigari Kigari","peak_elev":2008,"peak_lon":29.7164941774948,"peak_lat":-4.247908399780187,"base_elev":970,"distance_m":3471.7,"vertical_relief_m":1038.0,"max_jut":296.9726,"search_radius_m":4750,"elev_angle_deg":16.6461}},{"type":"Feature","geometry":{"type":"Point","coordinates":[37.29737686017945,-3.1397466652903456]},"properties":{"peak_name":"Kilimanjaro","local_name":"Kilimanjaro","english_name":"Kilimanjaro","search_name":"Kilimanjaro Kilimanjaro Kilimanjaro Kilimanjaro Kilimanjaro Kilimanjaro","peak_elev":5886,"peak_lon":37.35370122849374,"peak_lat":-3.07641543775992,"base_elev":2162,"distance_m":9393.5,"vertical_relief_m":3724.0,"max_jut":1369.3233,"search_radius_m":29000,"elev_angle_deg":21.6256}},{"type":"Feature","geometry":{"type":"Point","coordinates":[37.74824130127904,-7.147670136918003]},"properties":{"peak_name":"Kimhondu","local_name":"Kimhondu","english_name":"Kimhondu","search_name":"Kimhondu Kimhondu Kimhondu Kimhondu Kimhondu Kimhondu","peak_elev":2309,"peak_lon":37.68059816038483,"peak_lat":-7.167882230810693,"base_elev":525,"distance_m":7798.9,"vertical_relief_m":1784.0,"max_jut":398.0588,"search_radius_m":18000,"elev_angle_deg":12.8847}},{"type":"Feature","geometry":{"type":"Point","coordinates":[32.85691457924824,3.914813092428669]},"properties":{"peak_name":"Kinyeti","local_name":"Kinyeti","english_name":"Kinyeti","search_name":"Kinyeti Kinyeti Kinyeti Kinyeti Kinyeti Kinyeti","peak_elev":3178,"peak_lon":32.910005012539706,"peak_lat":3.9460744643160286,"base_elev":1436,"distance_m":6834.8,"vertical_relief_m":1742.0,"max_jut":430.0009,"search_radius_m":25000,"elev_angle_deg":14.2987}},{"type":"Feature","geometry":{"type":"Point","coordinates":[33.366528839929245,4.526026811743591]},"properties":{"peak_name":"Kirungu","local_name":"Kirungu","english_name":"Kirungu","search_name":"Kirungu Kirungu Kirungu Kirungu Kirungu Kirungu","peak_elev":1343,"peak_lon":33.372996709974906,"peak_lat":4.530877714277837,"base_elev":817,"distance_m":896.1,"vertical_relief_m":526.0,"max_jut":266.0301,"search_radius_m":1875,"elev_angle_deg":30.4124}},{"type":"Feature","geometry":{"type":"Point","coordinates":[16.25604812871948,-23.315728283557977]},"properties":{"peak_name":"Klein Gamsberg","local_name":"Klein Gamsberg","english_name":"Klein Gamsberg","search_name":"Klein Gamsberg Klein Gamsberg Klein Gamsberg Klein Gamsberg Klein Gamsberg Klein Gamsberg","peak_elev":2326,"peak_lon":16.255778634134245,"peak_lat":-23.331358969501657,"base_elev":1655,"distance_m":1731.3,"vertical_relief_m":671.0,"max_jut":241.6385,"search_radius_m":1750,"elev_angle_deg":21.1848}},{"type":"Feature","geometry":{"type":"Point","coordinates":[16.31533693747137,-20.495467449064737]},"properties":{"peak_name":"Klein Paresis","local_name":"Klein Paresis","english_name":"Klein Paresis","search_name":"Klein Paresis Klein Paresis Klein Paresis Klein Paresis Klein Paresis Klein Paresis","peak_elev":1882,"peak_lon":16.311025024107597,"peak_lat":-20.49277250321238,"base_elev":1457,"distance_m":539.8,"vertical_relief_m":425.0,"max_jut":262.8728,"search_radius_m":1625,"elev_angle_deg":38.2144}},{"type":"Feature","geometry":{"type":"Point","coordinates":[15.044400473499069,-21.85722358826152]},"properties":{"peak_name":"Klein Spitzkuppe","local_name":"Klein Spitzkuppe","english_name":"Klein Spitzkuppe","search_name":"Klein Spitzkuppe Klein Spitzkuppe Klein Spitzkuppe Klein Spitzkuppe Klein Spitzkuppe Klein Spitzkuppe","peak_elev":1573,"peak_lon":15.051676827300438,"peak_lat":-21.856145609920578,"base_elev":986,"distance_m":761.5,"vertical_relief_m":587.0,"max_jut":358.6842,"search_radius_m":1750,"elev_angle_deg":37.6267}},{"type":"Feature","geometry":{"type":"Point","coordinates":[37.16748047009576,-3.02305550988322]},"properties":{"peak_name":"Klute Peak","local_name":"Klute Peak","english_name":"Klute Peak","search_name":"Klute Peak Klute Peak Klute Peak Klute Peak Klute Peak Klute Peak","peak_elev":3932,"peak_lon":37.21356404417109,"peak_lat":-3.027636917832229,"base_elev":2488,"distance_m":5147.9,"vertical_relief_m":1444.0,"max_jut":390.3802,"search_radius_m":33000,"elev_angle_deg":15.669}},{"type":"Feature","geometry":{"type":"Point","coordinates":[36.53093425976867,-7.59799558884712]},"properties":{"peak_name":"Kombagulu","local_name":"Kombagulu","english_name":"Kombagulu","search_name":"Kombagulu Kombagulu Kombagulu Kombagulu Kombagulu Kombagulu","peak_elev":1734,"peak_lon":36.51341711172834,"peak_lat":-7.596917610506176,"base_elev":847,"distance_m":1936.7,"vertical_relief_m":887.0,"max_jut":369.7044,"search_radius_m":4000,"elev_angle_deg":24.6076}},{"type":"Feature","geometry":{"type":"Point","coordinates":[24.549205000182493,-31.75090880144029]},"properties":{"peak_name":"Kompasberg","local_name":"Kompasberg","english_name":"Kompasberg","search_name":"Kompasberg Kompasberg Kompasberg Kompasberg Kompasberg Kompasberg","peak_elev":2493,"peak_lon":24.540042184284477,"peak_lat":-31.7592631335826,"base_elev":1850,"distance_m":1269.5,"vertical_relief_m":643.0,"max_jut":290.4066,"search_radius_m":2000,"elev_angle_deg":26.8622}},{"type":"Feature","geometry":{"type":"Point","coordinates":[39.692914228340975,14.98645913767336]},"properties":{"peak_name":"Kondiddi","local_name":"Kondiddi","english_name":"Kondiddi","search_name":"Kondiddi Kondiddi Kondiddi Kondiddi Kondiddi Kondiddi","peak_elev":1602,"peak_lon":39.67378011278923,"peak_lat":14.964091087098785,"base_elev":561,"distance_m":3218.9,"vertical_relief_m":1041.0,"max_jut":319.6317,"search_radius_m":4000,"elev_angle_deg":17.9213}},{"type":"Feature","geometry":{"type":"Point","coordinates":[32.91458642048871,4.070311468109758]},"properties":{"peak_name":"Konoro","local_name":"Konoro","english_name":"Konoro","search_name":"Konoro Konoro Konoro Konoro Konoro Konoro","peak_elev":2568,"peak_lon":32.899225229130266,"peak_lat":4.053063814654664,"base_elev":1142,"distance_m":2558.7,"vertical_relief_m":1426.0,"max_jut":692.8211,"search_radius_m":5750,"elev_angle_deg":29.1315}},{"type":"Feature","geometry":{"type":"Point","coordinates":[30.86588858352573,3.9514643560207454]},"properties":{"peak_name":"Korobi","local_name":"Korobi","english_name":"Korobi","search_name":"Korobi Korobi Korobi Korobi Korobi Korobi","peak_elev":1588,"peak_lon":30.87208695898616,"peak_lat":3.959549193577821,"base_elev":1009,"distance_m":1128.3,"vertical_relief_m":579.0,"max_jut":263.6997,"search_radius_m":1750,"elev_angle_deg":27.1651}},{"type":"Feature","geometry":{"type":"Point","coordinates":[33.33499797345665,4.331721215788539]},"properties":{"peak_name":"Kosodek","local_name":"Kosodek","english_name":"Kosodek","search_name":"Kosodek Kosodek Kosodek Kosodek Kosodek Kosodek","peak_elev":1618,"peak_lon":33.339848875990896,"peak_lat":4.320671937793869,"base_elev":901,"distance_m":1335.2,"vertical_relief_m":717.0,"max_jut":338.0335,"search_radius_m":2000,"elev_angle_deg":28.2357}},{"type":"Feature","geometry":{"type":"Point","coordinates":[-4.5376150789087335,34.82638100815188]},"properties":{"peak_name":"Koudiet Tirbîrhîne","local_name":"Koudiet Tirbîrhîne","english_name":"Koudiet Tirbîrhîne","search_name":"Koudiet Tirbîrhîne Koudiet Tirbîrhîne Koudiet Tirbîrhîne Koudiet Tirbîrhîne Koudiet Tirbîrhîne Koudiet Tirbîrhîne","peak_elev":2443,"peak_lon":-4.516594501260337,"peak_lat":34.840394726584144,"base_elev":1455,"distance_m":2472.7,"vertical_relief_m":988.0,"max_jut":366.7395,"search_radius_m":2750,"elev_angle_deg":21.7798}},{"type":"Feature","geometry":{"type":"Point","coordinates":[39.771337152644605,14.910731159222085]},"properties":{"peak_name":"Kuddo","local_name":"Kuddo","english_name":"Kuddo","search_name":"Kuddo Kuddo Kuddo Kuddo Kuddo Kuddo","peak_elev":919,"peak_lon":39.76864220679225,"peak_lat":14.905341267517368,"base_elev":422,"distance_m":663.1,"vertical_relief_m":497.0,"max_jut":297.3507,"search_radius_m":1375,"elev_angle_deg":36.8519}},{"type":"Feature","geometry":{"type":"Point","coordinates":[32.86985031933956,-18.69713008178587]},"properties":{"peak_name":"Kuwunzau","local_name":"Kuwunzau","english_name":"Kuwunzau","search_name":"Kuwunzau Kuwunzau Kuwunzau Kuwunzau Kuwunzau Kuwunzau","peak_elev":1792,"peak_lon":32.85556710632206,"peak_lat":-18.685541814620727,"base_elev":980,"distance_m":1978.7,"vertical_relief_m":812.0,"max_jut":307.9815,"search_radius_m":2750,"elev_angle_deg":22.3118}},{"type":"Feature","geometry":{"type":"Point","coordinates":[9.84126851635039,5.924973203702923]},"properties":{"peak_name":"Kwendum","local_name":"Kwendum","english_name":"Kwendum","search_name":"Kwendum Kwendum Kwendum Kwendum Kwendum Kwendum","peak_elev":1942,"peak_lon":9.850431332248409,"peak_lat":5.91473240946396,"base_elev":1149,"distance_m":1520.5,"vertical_relief_m":793.0,"max_jut":365.9693,"search_radius_m":4500,"elev_angle_deg":27.5438}},{"type":"Feature","geometry":{"type":"Point","coordinates":[-2.5223345705149987,15.160552639735725]},"properties":{"peak_name":"Kéra","local_name":"Kéra","english_name":"Kéra","search_name":"Kéra Kéra Kéra Kéra Kéra Kéra","peak_elev":992,"peak_lon":-2.5172141733955176,"peak_lat":15.172679896071337,"base_elev":331,"distance_m":1450.3,"vertical_relief_m":661.0,"max_jut":273.2191,"search_radius_m":4500,"elev_angle_deg":24.502}},{"type":"Feature","geometry":{"type":"Point","coordinates":[14.601620869956555,-21.16192755835301]},"properties":{"peak_name":"Königstein","local_name":"Königstein","english_name":"Königstein","search_name":"Königstein Königstein Königstein Königstein Königstein Königstein","peak_elev":2567,"peak_lon":14.577635851870566,"peak_lat":-21.14953080743216,"base_elev":1401,"distance_m":2844.2,"vertical_relief_m":1166.0,"max_jut":442.341,"search_radius_m":20000,"elev_angle_deg":22.2915}},{"type":"Feature","geometry":{"type":"Point","coordinates":[42.32749329360671,9.425977360501934]},"properties":{"peak_name":"K’undudo Terara","local_name":"K’undudo Terara","english_name":"K’undudo Terara","search_name":"K’undudo Terara K’undudo Terara K’undudo Terara K’undudo Terara K’undudo Terara K’undudo Terara","peak_elev":2947,"peak_lon":42.343123979550384,"peak_lat":9.434331692644246,"base_elev":2152,"distance_m":1949.5,"vertical_relief_m":795.0,"max_jut":300.1266,"search_radius_m":3250,"elev_angle_deg":22.1855}},{"type":"Feature","geometry":{"type":"Point","coordinates":[4.0253058723753705,36.44038407912942]},"properties":{"peak_name":"La Dent du Lion","local_name":"La Dent du Lion","english_name":"La Dent du Lion","search_name":"La Dent du Lion La Dent du Lion La Dent du Lion La Dent du Lion La Dent du Lion La Dent du Lion","peak_elev":2149,"peak_lon":4.037163634125748,"peak_lat":36.46059617302211,"base_elev":1015,"distance_m":2482.1,"vertical_relief_m":1134.0,"max_jut":470.7692,"search_radius_m":7750,"elev_angle_deg":24.5543}},{"type":"Feature","geometry":{"type":"Point","coordinates":[45.89533210754421,9.92373385943256]},"properties":{"peak_name":"Laas Dhuure","local_name":"Laas Dhuure","english_name":"Laas Dhuure","search_name":"Laas Dhuure Laas Dhuure Laas Dhuure Laas Dhuure Laas Dhuure Laas Dhuure","peak_elev":1541,"peak_lon":45.8869777754019,"peak_lat":9.919421946068788,"base_elev":935,"distance_m":1032.9,"vertical_relief_m":606.0,"max_jut":306.6185,"search_radius_m":4500,"elev_angle_deg":30.4}},{"type":"Feature","geometry":{"type":"Point","coordinates":[38.07406025482919,16.70556509689289]},"properties":{"peak_name":"Lasmet","local_name":"Lasmet","english_name":"Lasmet","search_name":"Lasmet Lasmet Lasmet Lasmet Lasmet Lasmet","peak_elev":1803,"peak_lon":38.0861875111648,"peak_lat":16.708529537330485,"base_elev":982,"distance_m":1334.3,"vertical_relief_m":821.0,"max_jut":430.5575,"search_radius_m":4000,"elev_angle_deg":31.6041}},{"type":"Feature","geometry":{"type":"Point","coordinates":[55.46724078595136,-21.18025319014905]},"properties":{"peak_name":"Le Dimitile","local_name":"Le Dimitile","english_name":"Le Dimitile","search_name":"Le Dimitile Le Dimitile Le Dimitile Le Dimitile Le Dimitile Le Dimitile","peak_elev":1809,"peak_lon":55.47936804228697,"peak_lat":-21.189685500632304,"base_elev":559,"distance_m":1636.0,"vertical_relief_m":1250.0,"max_jut":758.5149,"search_radius_m":2250,"elev_angle_deg":37.382}},{"type":"Feature","geometry":{"type":"Point","coordinates":[55.44622020830296,-21.137403551096547]},"properties":{"peak_name":"Le Grand Bénare","local_name":"Le Grand Bénare","english_name":"Le Grand Bénare","search_name":"Le Grand Bénare Le Grand Bénare Le Grand Bénare Le Grand Bénare Le Grand Bénare Le Grand Bénare","peak_elev":2878,"peak_lon":55.4216962010465,"peak_lat":-21.11638297344815,"base_elev":824,"distance_m":3450.6,"vertical_relief_m":2054.0,"max_jut":1049.7105,"search_radius_m":3500,"elev_angle_deg":30.7636}},{"type":"Feature","geometry":{"type":"Point","coordinates":[55.40067562339811,-21.051704272991547]},"properties":{"peak_name":"Le Maïdo","local_name":"Le Maïdo","english_name":"Le Maïdo","search_name":"Le Maïdo Le Maïdo Le Maïdo Le Maïdo Le Maïdo Le Maïdo","peak_elev":2185,"peak_lon":55.386931399551074,"peak_lat":-21.069490915617116,"base_elev":491,"distance_m":2432.8,"vertical_relief_m":1694.0,"max_jut":966.5269,"search_radius_m":3000,"elev_angle_deg":34.8502}},{"type":"Feature","geometry":{"type":"Point","coordinates":[57.31812959735122,-20.456390734205534]},"properties":{"peak_name":"Le Morne Brabant","local_name":"Le Morne Brabant","english_name":"Le Morne Brabant","search_name":"Le Morne Brabant Le Morne Brabant Le Morne Brabant Le Morne Brabant Le Morne Brabant Le Morne Brabant","peak_elev":527,"peak_lon":57.32324999447071,"peak_lat":-20.45261781001224,"base_elev":24,"distance_m":678.2,"vertical_relief_m":503.0,"max_jut":299.507,"search_radius_m":1125,"elev_angle_deg":36.5632}},{"type":"Feature","geometry":{"type":"Point","coordinates":[9.832375195037605,5.231563635891064]},"properties":{"peak_name":"Lecombi","local_name":"Lecombi","english_name":"Lecombi","search_name":"Lecombi Lecombi Lecombi Lecombi Lecombi Lecombi","peak_elev":1334,"peak_lon":9.835609130060435,"peak_lat":5.22401778750446,"base_elev":794,"distance_m":908.2,"vertical_relief_m":540.0,"max_jut":275.0625,"search_radius_m":1875,"elev_angle_deg":30.735}},{"type":"Feature","geometry":{"type":"Point","coordinates":[18.37804849286661,-33.93543190936214]},"properties":{"peak_name":"Leeukop","local_name":"Leeukop","english_name":"Leeukop","search_name":"Leeukop Leeukop Leeukop Leeukop Leeukop Leeukop","peak_elev":664,"peak_lon":18.38936726544652,"peak_lat":-33.9351624147769,"base_elev":12,"distance_m":1046.9,"vertical_relief_m":652.0,"max_jut":345.2156,"search_radius_m":1250,"elev_angle_deg":31.9143}},{"type":"Feature","geometry":{"type":"Point","coordinates":[9.98032772233209,6.988668331628848]},"properties":{"peak_name":"Lesa","local_name":"Lesa","english_name":"Lesa","search_name":"Lesa Lesa Lesa Lesa Lesa Lesa","peak_elev":1115,"peak_lon":9.974937830627374,"peak_lat":6.974654613196583,"base_elev":409,"distance_m":1660.3,"vertical_relief_m":706.0,"max_jut":275.1946,"search_radius_m":3000,"elev_angle_deg":23.0364}},{"type":"Feature","geometry":{"type":"Point","coordinates":[15.696307875184608,-21.782573588151187]},"properties":{"peak_name":"Lions Head","local_name":"Lions Head","english_name":"Lions Head","search_name":"Lions Head Lions Head Lions Head Lions Head Lions Head Lions Head","peak_elev":2067,"peak_lon":15.701428272304089,"peak_lat":-21.762630988843732,"base_elev":1109,"distance_m":2270.8,"vertical_relief_m":958.0,"max_jut":371.1433,"search_radius_m":4000,"elev_angle_deg":22.8738}},{"type":"Feature","geometry":{"type":"Point","coordinates":[35.444601586682936,-13.736543251349458]},"properties":{"peak_name":"Livigire","local_name":"Livigire","english_name":"Livigire","search_name":"Livigire Livigire Livigire Livigire Livigire Livigire","peak_elev":1722,"peak_lon":35.438133716637275,"peak_lat":-13.744628088906534,"base_elev":1108,"distance_m":1135.5,"vertical_relief_m":614.0,"max_jut":291.4469,"search_radius_m":2250,"elev_angle_deg":28.4015}},{"type":"Feature","geometry":{"type":"Point","coordinates":[32.72189779204508,4.134720673981128]},"properties":{"peak_name":"Lobo","local_name":"Lobo","english_name":"Lobo","search_name":"Lobo Lobo Lobo Lobo Lobo Lobo","peak_elev":2040,"peak_lon":32.731869091698805,"peak_lat":4.150081865339572,"base_elev":1129,"distance_m":2027.6,"vertical_relief_m":911.0,"max_jut":372.256,"search_radius_m":5250,"elev_angle_deg":24.1944}},{"type":"Feature","geometry":{"type":"Point","coordinates":[33.45168912886378,4.405293237557928]},"properties":{"peak_name":"Lobuli","local_name":"Lobuli","english_name":"Lobuli","search_name":"Lobuli Lobuli Lobuli Lobuli Lobuli Lobuli","peak_elev":1956,"peak_lon":33.44037035628387,"peak_lat":4.394513454148494,"base_elev":1122,"distance_m":1731.8,"vertical_relief_m":834.0,"max_jut":361.2567,"search_radius_m":4500,"elev_angle_deg":25.7145}},{"type":"Feature","geometry":{"type":"Point","coordinates":[33.49346078957533,4.350585836755049]},"properties":{"peak_name":"Loghoding","local_name":"Loghoding","english_name":"Loghoding","search_name":"Loghoding Loghoding Loghoding Loghoding Loghoding Loghoding","peak_elev":1964,"peak_lon":33.499120175865286,"peak_lat":4.359748652653068,"base_elev":1339,"distance_m":1192.2,"vertical_relief_m":625.0,"max_jut":289.3581,"search_radius_m":1625,"elev_angle_deg":27.6654}},{"type":"Feature","geometry":{"type":"Point","coordinates":[33.168180825195655,4.244674464757358]},"properties":{"peak_name":"Loghoro","local_name":"Loghoro","english_name":"Loghoro","search_name":"Loghoro Loghoro Loghoro Loghoro Loghoro Loghoro","peak_elev":1362,"peak_lon":33.17168425480372,"peak_lat":4.24844738895066,"base_elev":892,"distance_m":570.4,"vertical_relief_m":470.0,"max_jut":298.4502,"search_radius_m":1125,"elev_angle_deg":39.4879}},{"type":"Feature","geometry":{"type":"Point","coordinates":[32.75881855022239,4.241440529734527]},"properties":{"peak_name":"Logok","local_name":"Logok","english_name":"Logok","search_name":"Logok Logok Logok Logok Logok Logok","peak_elev":1466,"peak_lon":32.74965573432437,"peak_lat":4.237667605541225,"base_elev":709,"distance_m":1099.5,"vertical_relief_m":757.0,"max_jut":429.3424,"search_radius_m":1500,"elev_angle_deg":34.5472}},{"type":"Feature","geometry":{"type":"Point","coordinates":[33.56999725178232,4.168138002550374]},"properties":{"peak_name":"Loiolo","local_name":"Loiolo","english_name":"Loiolo","search_name":"Loiolo Loiolo Loiolo Loiolo Loiolo Loiolo","peak_elev":1809,"peak_lon":33.57646512182797,"peak_lat":4.170563453817497,"base_elev":1234,"distance_m":766.6,"vertical_relief_m":575.0,"max_jut":345.1007,"search_radius_m":1750,"elev_angle_deg":36.8723}},{"type":"Feature","geometry":{"type":"Point","coordinates":[33.31020447161495,4.694191432930766]},"properties":{"peak_name":"Loki","local_name":"Loki","english_name":"Loki","search_name":"Loki Loki Loki Loki Loki Loki","peak_elev":1475,"peak_lon":33.30050266654646,"peak_lat":4.686645584544162,"base_elev":781,"distance_m":1361.9,"vertical_relief_m":694.0,"max_jut":314.7424,"search_radius_m":3000,"elev_angle_deg":27.0026}},{"type":"Feature","geometry":{"type":"Point","coordinates":[32.34622234022629,4.24709991602448]},"properties":{"peak_name":"Lokiri","local_name":"Lokiri","english_name":"Lokiri","search_name":"Lokiri Lokiri Lokiri Lokiri Lokiri Lokiri","peak_elev":1678,"peak_lon":32.33813750266921,"peak_lat":4.238476089296933,"base_elev":863,"distance_m":1309.6,"vertical_relief_m":815.0,"max_jut":429.873,"search_radius_m":1750,"elev_angle_deg":31.8951}},{"type":"Feature","geometry":{"type":"Point","coordinates":[33.172223243974194,4.106693237116599]},"properties":{"peak_name":"Lolinga","local_name":"Lolinga","english_name":"Lolinga","search_name":"Lolinga Lolinga Lolinga Lolinga Lolinga Lolinga","peak_elev":2299,"peak_lon":33.153089128422444,"peak_lat":4.112622117991788,"base_elev":1091,"distance_m":2223.4,"vertical_relief_m":1208.0,"max_jut":576.9438,"search_radius_m":5000,"elev_angle_deg":28.5158}},{"type":"Feature","geometry":{"type":"Point","coordinates":[-11.120020323294527,9.257543244729524]},"properties":{"peak_name":"Loma Mansa","local_name":"Loma Mansa","english_name":"Loma Mansa","search_name":"Loma Mansa Loma Mansa Loma Mansa Loma Mansa Loma Mansa Loma Mansa","peak_elev":1931,"peak_lon":-11.115169420760282,"peak_lat":9.227629345768344,"base_elev":623,"distance_m":3351.2,"vertical_relief_m":1308.0,"max_jut":473.4456,"search_radius_m":8000,"elev_angle_deg":21.3211}},{"type":"Feature","geometry":{"type":"Point","coordinates":[14.75684975105241,-12.22360064983536]},"properties":{"peak_name":"Londumbo","local_name":"Londumbo","english_name":"Londumbo","search_name":"Londumbo Londumbo Londumbo Londumbo Londumbo Londumbo","peak_elev":2267,"peak_lon":14.75361581602958,"peak_lat":-12.238153357438096,"base_elev":1517,"distance_m":1647.9,"vertical_relief_m":750.0,"max_jut":309.4338,"search_radius_m":5250,"elev_angle_deg":24.4715}},{"type":"Feature","geometry":{"type":"Point","coordinates":[36.44954689502744,-0.9150688641683506]},"properties":{"peak_name":"Longonot","local_name":"Longonot","english_name":"Longonot","search_name":"Longonot Longonot Longonot Longonot Longonot Longonot","peak_elev":2775,"peak_lon":36.44739093834556,"peak_lat":-0.916146842509294,"base_elev":2433,"distance_m":267.9,"vertical_relief_m":342.0,"max_jut":269.1936,"search_radius_m":3750,"elev_angle_deg":51.9272}},{"type":"Feature","geometry":{"type":"Point","coordinates":[18.71922863777521,-27.196180816369075]},"properties":{"peak_name":"Lord Hill","local_name":"Lord Hill","english_name":"Lord Hill","search_name":"Lord Hill Lord Hill Lord Hill Lord Hill Lord Hill Lord Hill","peak_elev":2194,"peak_lon":18.728930442843694,"peak_lat":-27.181089119595867,"base_elev":1385,"distance_m":1928.9,"vertical_relief_m":809.0,"max_jut":312.313,"search_radius_m":3000,"elev_angle_deg":22.7537}},{"type":"Feature","geometry":{"type":"Point","coordinates":[16.961315458281717,-28.044280276106317]},"properties":{"peak_name":"Lorelei","local_name":"Lorelei","english_name":"Lorelei","search_name":"Lorelei Lorelei Lorelei Lorelei Lorelei Lorelei","peak_elev":732,"peak_lon":16.963471414963603,"peak_lat":-28.03673442771971,"base_elev":195,"distance_m":862.7,"vertical_relief_m":537.0,"max_jut":283.1553,"search_radius_m":1250,"elev_angle_deg":31.9008}},{"type":"Feature","geometry":{"type":"Point","coordinates":[33.7750826311468,4.118820493452213]},"properties":{"peak_name":"Lotuke","local_name":"Lotuke","english_name":"Lotuke","search_name":"Lotuke Lotuke Lotuke Lotuke Lotuke Lotuke","peak_elev":2785,"peak_lon":33.80122360591468,"peak_lat":4.125018868912637,"base_elev":1566,"distance_m":2982.3,"vertical_relief_m":1219.0,"max_jut":461.5223,"search_radius_m":8500,"elev_angle_deg":22.232}},{"type":"Feature","geometry":{"type":"Point","coordinates":[33.11374291897801,4.3058497356058965]},"properties":{"peak_name":"Lotyogo","local_name":"Lotyogo","english_name":"Lotyogo","search_name":"Lotyogo Lotyogo Lotyogo Lotyogo Lotyogo Lotyogo","peak_elev":1458,"peak_lon":33.106197070591406,"peak_lat":4.301537822242123,"base_elev":811,"distance_m":963.8,"vertical_relief_m":647.0,"max_jut":360.4743,"search_radius_m":1500,"elev_angle_deg":33.8735}},{"type":"Feature","geometry":{"type":"Point","coordinates":[32.78684598708691,4.211526630773347]},"properties":{"peak_name":"Lowilok","local_name":"Lowilok","english_name":"Lowilok","search_name":"Lowilok Lowilok Lowilok Lowilok Lowilok Lowilok","peak_elev":1878,"peak_lon":32.78846295459833,"peak_lat":4.184307677664526,"base_elev":753,"distance_m":3015.2,"vertical_relief_m":1125.0,"max_jut":391.3611,"search_radius_m":4750,"elev_angle_deg":20.461}},{"type":"Feature","geometry":{"type":"Point","coordinates":[36.635498158840186,-7.732203892294576]},"properties":{"peak_name":"Luhombero","local_name":"Luhombero","english_name":"Luhombero","search_name":"Luhombero Luhombero Luhombero Luhombero Luhombero Luhombero","peak_elev":2442,"peak_lon":36.59642144398099,"peak_lat":-7.779365444710851,"base_elev":906,"distance_m":6766.4,"vertical_relief_m":1536.0,"max_jut":339.1446,"search_radius_m":16500,"elev_angle_deg":12.7896}},{"type":"Feature","geometry":{"type":"Point","coordinates":[14.649321411543305,-10.482126640041256]},"properties":{"peak_name":"Lungo","local_name":"Lungo","english_name":"Lungo","search_name":"Lungo Lungo Lungo Lungo Lungo Lungo","peak_elev":1726,"peak_lon":14.639350111889575,"peak_lat":-10.493175918035924,"base_elev":951,"distance_m":1638.7,"vertical_relief_m":775.0,"max_jut":330.6978,"search_radius_m":3000,"elev_angle_deg":25.3111}},{"type":"Feature","geometry":{"type":"Point","coordinates":[38.01908335944107,-15.029847765896331]},"properties":{"peak_name":"Lupala","local_name":"Lupala","english_name":"Lupala","search_name":"Lupala Lupala Lupala Lupala Lupala Lupala","peak_elev":1183,"peak_lon":38.01692740275918,"peak_lat":-15.025805347117796,"base_elev":742,"distance_m":503.8,"vertical_relief_m":441.0,"max_jut":289.8712,"search_radius_m":1000,"elev_angle_deg":41.1972}},{"type":"Feature","geometry":{"type":"Point","coordinates":[14.884859679039442,-12.23788386285286]},"properties":{"peak_name":"Lupangue","local_name":"Lupangue","english_name":"Lupangue","search_name":"Lupangue Lupangue Lupangue Lupangue Lupangue Lupangue","peak_elev":2474,"peak_lon":14.898064913716,"peak_lat":-12.21443783393734,"base_elev":1553,"distance_m":2965.1,"vertical_relief_m":921.0,"max_jut":272.2884,"search_radius_m":3500,"elev_angle_deg":17.2555}},{"type":"Feature","geometry":{"type":"Point","coordinates":[15.493647947087242,-12.137362382559886]},"properties":{"peak_name":"Luvili","local_name":"Luvili","english_name":"Luvili","search_name":"Luvili Luvili Luvili Luvili Luvili Luvili","peak_elev":1965,"peak_lon":15.492839463331537,"peak_lat":-12.144099747190785,"base_elev":1523,"distance_m":750.5,"vertical_relief_m":442.0,"max_jut":223.4622,"search_radius_m":1125,"elev_angle_deg":30.4956}},{"type":"Feature","geometry":{"type":"Point","coordinates":[13.371647582940108,-14.782990725820287]},"properties":{"peak_name":"Luvonae","local_name":"Luvonae","english_name":"Luvonae","search_name":"Luvonae Luvonae Luvonae Luvonae Luvonae Luvonae","peak_elev":2312,"peak_lon":13.40533440609459,"peak_lat":-14.817755527315716,"base_elev":1018,"distance_m":5286.5,"vertical_relief_m":1294.0,"max_jut":307.0878,"search_radius_m":11000,"elev_angle_deg":13.7541}},{"type":"Feature","geometry":{"type":"Point","coordinates":[40.19040123268636,13.014297762917362]},"properties":{"peak_name":"Ma Alalta","local_name":"Ma Alalta","english_name":"Ma Alalta","search_name":"Ma Alalta Ma Alalta Ma Alalta Ma Alalta Ma Alalta Ma Alalta","peak_elev":1765,"peak_lon":40.18447235181117,"peak_lat":13.012411300820713,"base_elev":1300,"distance_m":676.2,"vertical_relief_m":465.0,"max_jut":263.6072,"search_radius_m":1375,"elev_angle_deg":34.515}},{"type":"Feature","geometry":{"type":"Point","coordinates":[39.473815130544224,14.791075563377364]},"properties":{"peak_name":"Maayo","local_name":"Maayo","english_name":"Maayo","search_name":"Maayo Maayo Maayo Maayo Maayo Maayo","peak_elev":2506,"peak_lon":39.469772711765685,"peak_lat":14.78164325289411,"base_elev":1845,"distance_m":1130.7,"vertical_relief_m":661.0,"max_jut":332.584,"search_radius_m":1250,"elev_angle_deg":30.3103}},{"type":"Feature","geometry":{"type":"Point","coordinates":[38.202070182816215,16.88504849065997]},"properties":{"peak_name":"Madaf","local_name":"Madaf","english_name":"Madaf","search_name":"Madaf Madaf Madaf Madaf Madaf Madaf","peak_elev":1791,"peak_lon":38.2042261394981,"peak_lat":16.872382245153883,"base_elev":1067,"distance_m":1420.4,"vertical_relief_m":724.0,"max_jut":327.5806,"search_radius_m":3000,"elev_angle_deg":27.0086}},{"type":"Feature","geometry":{"type":"Point","coordinates":[29.390136234774182,-29.176696523267385]},"properties":{"peak_name":"Mafadi","local_name":"Mafadi","english_name":"Mafadi","search_name":"Mafadi Mafadi Mafadi Mafadi Mafadi Mafadi","peak_elev":3448,"peak_lon":29.35779688454588,"peak_lat":-29.20283749803526,"base_elev":1969,"distance_m":4276.5,"vertical_relief_m":1479.0,"max_jut":483.2499,"search_radius_m":6250,"elev_angle_deg":19.0776}},{"type":"Feature","geometry":{"type":"Point","coordinates":[13.21022032638383,-14.873810401044771]},"properties":{"peak_name":"Maiulu","local_name":"Maiulu","english_name":"Maiulu","search_name":"Maiulu Maiulu Maiulu Maiulu Maiulu Maiulu","peak_elev":1732,"peak_lon":13.220461120622794,"peak_lat":-14.860874660953453,"base_elev":819,"distance_m":1806.4,"vertical_relief_m":913.0,"max_jut":410.9728,"search_radius_m":3500,"elev_angle_deg":26.8132}},{"type":"Feature","geometry":{"type":"Point","coordinates":[13.09972754643713,-14.957353722467888]},"properties":{"peak_name":"Maluco","local_name":"Maluco","english_name":"Maluco","search_name":"Maluco Maluco Maluco Maluco Maluco Maluco","peak_elev":1952,"peak_lon":13.08409686049345,"peak_lat":-14.98322520265053,"base_elev":817,"distance_m":3319.8,"vertical_relief_m":1135.0,"max_jut":366.0826,"search_radius_m":7750,"elev_angle_deg":18.8749}},{"type":"Feature","geometry":{"type":"Point","coordinates":[22.922805178284097,-33.64303028438123]},"properties":{"peak_name":"Mannetjiesberg High Site","local_name":"Mannetjiesberg High Site","english_name":"Mannetjiesberg High Site","search_name":"Mannetjiesberg High Site Mannetjiesberg High Site Mannetjiesberg High Site Mannetjiesberg High Site Mannetjiesberg High Site Mannetjiesberg High Site","peak_elev":1897,"peak_lon":22.91525932989749,"peak_lat":-33.62012324463618,"base_elev":917,"distance_m":2635.5,"vertical_relief_m":980.0,"max_jut":340.9073,"search_radius_m":9500,"elev_angle_deg":20.3974}},{"type":"Feature","geometry":{"type":"Point","coordinates":[29.77524399707622,0.3992562280269213]},"properties":{"peak_name":"Margherita Peak","local_name":"Margherita Peak","english_name":"Margherita Peak","search_name":"Margherita Peak Margherita Peak Margherita Peak Margherita Peak Margherita Peak Margherita Peak","peak_elev":5025,"peak_lon":29.87253154234637,"peak_lat":0.3855120041798927,"base_elev":1247,"distance_m":10935.9,"vertical_relief_m":3778.0,"max_jut":1234.7288,"search_radius_m":28000,"elev_angle_deg":19.0584}},{"type":"Feature","geometry":{"type":"Point","coordinates":[48.91313247301533,-14.051582421490174]},"properties":{"peak_name":"Maromokotro","local_name":"Maromokotro","english_name":"Maromokotro","search_name":"Maromokotro Maromokotro Maromokotro Maromokotro Maromokotro Maromokotro","peak_elev":2878,"peak_lon":48.967570379232974,"peak_lat":-14.023015995455172,"base_elev":1114,"distance_m":6675.7,"vertical_relief_m":1764.0,"max_jut":450.5848,"search_radius_m":13000,"elev_angle_deg":14.8016}},{"type":"Feature","geometry":{"type":"Point","coordinates":[19.653296870202688,-33.38674093382193]},"properties":{"peak_name":"Matroosberg","local_name":"Matroosberg","english_name":"Matroosberg","search_name":"Matroosberg Matroosberg Matroosberg Matroosberg Matroosberg Matroosberg","peak_elev":2240,"peak_lon":19.67054452365778,"peak_lat":-33.3835069987991,"base_elev":1133,"distance_m":1644.4,"vertical_relief_m":1107.0,"max_jut":619.0006,"search_radius_m":7000,"elev_angle_deg":33.9482}},{"type":"Feature","geometry":{"type":"Point","coordinates":[37.47982469438412,-3.0818053294646366]},"properties":{"peak_name":"Mawensi","local_name":"Mawensi","english_name":"Mawensi","search_name":"Mawensi Mawensi Mawensi Mawensi Mawensi Mawensi","peak_elev":5119,"peak_lon":37.4563786654686,"peak_lat":-3.0931241020445426,"base_elev":3009,"distance_m":2891.2,"vertical_relief_m":2110.0,"max_jut":1243.7575,"search_radius_m":25000,"elev_angle_deg":36.122}},{"type":"Feature","geometry":{"type":"Point","coordinates":[38.56049798117991,15.377226286265351]},"properties":{"peak_name":"Mdirba","local_name":"Mdirba","english_name":"Mdirba","search_name":"Mdirba Mdirba Mdirba Mdirba Mdirba Mdirba","peak_elev":2055,"peak_lon":38.55025718694094,"peak_lat":15.358900654469316,"base_elev":1044,"distance_m":2306.7,"vertical_relief_m":1011.0,"max_jut":404.6572,"search_radius_m":3000,"elev_angle_deg":23.6673}},{"type":"Feature","geometry":{"type":"Point","coordinates":[38.40041819754981,14.398691447273958]},"properties":{"peak_name":"Medebai","local_name":"Medebai","english_name":"Medebai","search_name":"Medebai Medebai Medebai Medebai Medebai Medebai","peak_elev":1945,"peak_lon":38.39907072462363,"peak_lat":14.4102797144391,"base_elev":1279,"distance_m":1290.4,"vertical_relief_m":666.0,"max_jut":304.2774,"search_radius_m":2250,"elev_angle_deg":27.2991}},{"type":"Feature","geometry":{"type":"Point","coordinates":[37.16586350258435,13.058225380310809]},"properties":{"peak_name":"Megmna","local_name":"Megmna","english_name":"Megmna","search_name":"Megmna Megmna Megmna Megmna Megmna Megmna","peak_elev":2212,"peak_lon":37.16909743760718,"peak_lat":13.063076282845053,"base_elev":1519,"distance_m":641.1,"vertical_relief_m":693.0,"max_jut":507.951,"search_radius_m":2500,"elev_angle_deg":47.2278}},{"type":"Feature","geometry":{"type":"Point","coordinates":[38.29369834179641,-14.886746141136094]},"properties":{"peak_name":"Mepalue","local_name":"Mepalue","english_name":"Mepalue","search_name":"Mepalue Mepalue Mepalue Mepalue Mepalue Mepalue","peak_elev":1645,"peak_lon":38.307712060228674,"peak_lat":-14.888363108647509,"base_elev":615,"distance_m":1518.5,"vertical_relief_m":1030.0,"max_jut":578.6749,"search_radius_m":2750,"elev_angle_deg":34.1491}},{"type":"Feature","geometry":{"type":"Point","coordinates":[37.48548408067408,-15.900045781622914]},"properties":{"peak_name":"Merruba","local_name":"Merruba","english_name":"Merruba","search_name":"Merruba Merruba Merruba Merruba Merruba Merruba","peak_elev":1179,"peak_lon":37.478746716043176,"peak_lat":-15.890343976554425,"base_elev":556,"distance_m":1293.5,"vertical_relief_m":623.0,"max_jut":269.6974,"search_radius_m":2250,"elev_angle_deg":25.7173}},{"type":"Feature","geometry":{"type":"Point","coordinates":[39.38488191741639,14.933907693552367]},"properties":{"peak_name":"Mersata","local_name":"Mersata","english_name":"Mersata","search_name":"Mersata Mersata Mersata Mersata Mersata Mersata","peak_elev":2369,"peak_lon":39.39215827121776,"peak_lat":14.92932628560336,"base_elev":1746,"distance_m":932.6,"vertical_relief_m":623.0,"max_jut":345.9334,"search_radius_m":1125,"elev_angle_deg":33.7439}},{"type":"Feature","geometry":{"type":"Point","coordinates":[36.84031404361944,-3.239459661827613]},"properties":{"peak_name":"Meru West","local_name":"Meru West","english_name":"Meru West","search_name":"Meru West Meru West Meru West Meru West Meru West Meru West","peak_elev":3383,"peak_lon":36.75946566804868,"peak_lat":-3.247005510214217,"base_elev":1614,"distance_m":9024.3,"vertical_relief_m":1769.0,"max_jut":340.6455,"search_radius_m":18000,"elev_angle_deg":11.0908}},{"type":"Feature","geometry":{"type":"Point","coordinates":[33.84488172872289,-15.399863831425163]},"properties":{"peak_name":"Messequere","local_name":"Messequere","english_name":"Messequere","search_name":"Messequere Messequere Messequere Messequere Messequere Messequere","peak_elev":1276,"peak_lon":33.84056981535912,"peak_lat":-15.40929614190842,"base_elev":613,"distance_m":1141.7,"vertical_relief_m":663.0,"max_jut":331.9741,"search_radius_m":1750,"elev_angle_deg":30.1443}},{"type":"Feature","geometry":{"type":"Point","coordinates":[-9.914571043534542,-40.29766007761024]},"properties":{"peak_name":"Middle Fell","local_name":"Middle Fell","english_name":"Middle Fell","search_name":"Middle Fell Middle Fell Middle Fell Middle Fell Middle Fell Middle Fell","peak_elev":575,"peak_lon":-9.923194870262089,"peak_lat":-40.30304996931496,"base_elev":0,"distance_m":946.4,"vertical_relief_m":575.0,"max_jut":298.767,"search_radius_m":1125,"elev_angle_deg":31.2814}},{"type":"Feature","geometry":{"type":"Point","coordinates":[35.98709418676271,-7.195909667675221]},"properties":{"peak_name":"Mkululu","local_name":"Mkululu","english_name":"Mkululu","search_name":"Mkululu Mkululu Mkululu Mkululu Mkululu Mkululu","peak_elev":1840,"peak_lon":36.00919274275205,"peak_lat":-7.195909667675221,"base_elev":999,"distance_m":2440.8,"vertical_relief_m":841.0,"max_jut":274.2594,"search_radius_m":4000,"elev_angle_deg":19.0119}},{"type":"Feature","geometry":{"type":"Point","coordinates":[31.143468006318663,-25.929825760345786]},"properties":{"peak_name":"Mlembe","local_name":"Mlembe","english_name":"Mlembe","search_name":"Mlembe Mlembe Mlembe Mlembe Mlembe Mlembe","peak_elev":1859,"peak_lon":31.12675934203404,"peak_lat":-25.921201933618235,"base_elev":1105,"distance_m":1927.4,"vertical_relief_m":754.0,"max_jut":274.7926,"search_radius_m":2750,"elev_angle_deg":21.3655}},{"type":"Feature","geometry":{"type":"Point","coordinates":[40.11898516759887,14.414861122388109]},"properties":{"peak_name":"Mogdali","local_name":"Mogdali","english_name":"Mogdali","search_name":"Mogdali Mogdali Mogdali Mogdali Mogdali Mogdali","peak_elev":1216,"peak_lon":40.08152542025108,"peak_lat":14.411357692780042,"base_elev":8,"distance_m":4058.1,"vertical_relief_m":1208.0,"max_jut":345.043,"search_radius_m":5500,"elev_angle_deg":16.577}},{"type":"Feature","geometry":{"type":"Point","coordinates":[34.373360610370405,4.469702443429298]},"properties":{"peak_name":"Mogila","local_name":"Mogila","english_name":"Mogila","search_name":"Mogila Mogila Mogila Mogila Mogila Mogila","peak_elev":1685,"peak_lon":34.383601404609365,"peak_lat":4.474822840548779,"base_elev":1003,"distance_m":1269.8,"vertical_relief_m":682.0,"max_jut":322.6531,"search_radius_m":6750,"elev_angle_deg":28.2399}},{"type":"Feature","geometry":{"type":"Point","coordinates":[-1.6793555078972395,15.25972664710252]},"properties":{"peak_name":"Mont Hombori","local_name":"Mont Hombori","english_name":"Mont Hombori","search_name":"Mont Hombori Mont Hombori Mont Hombori Mont Hombori Mont Hombori Mont Hombori","peak_elev":1060,"peak_lon":-1.6734266270220508,"peak_lat":15.256762206664924,"base_elev":466,"distance_m":716.4,"vertical_relief_m":594.0,"max_jut":379.1476,"search_radius_m":2500,"elev_angle_deg":39.6637}},{"type":"Feature","geometry":{"type":"Point","coordinates":[9.74425046566548,4.7793517218652966]},"properties":{"peak_name":"Mont Koupé","local_name":"Mont Koupé","english_name":"Mont Koupé","search_name":"Mont Koupé Mont Koupé Mont Koupé Mont Koupé Mont Koupé Mont Koupé","peak_elev":2062,"peak_lon":9.707599202073403,"peak_lat":4.801180783269401,"base_elev":364,"distance_m":4728.4,"vertical_relief_m":1698.0,"max_jut":573.5779,"search_radius_m":6500,"elev_angle_deg":19.7536}},{"type":"Feature","geometry":{"type":"Point","coordinates":[10.027489274748364,5.686201001183954]},"properties":{"peak_name":"Mont Mekoua","local_name":"Mont Mekoua","english_name":"Mont Mekoua","search_name":"Mont Mekoua Mont Mekoua Mont Mekoua Mont Mekoua Mont Mekoua Mont Mekoua","peak_elev":2708,"peak_lon":10.07276436506799,"peak_lat":5.711263997610888,"base_elev":1107,"distance_m":5730.1,"vertical_relief_m":1601.0,"max_jut":430.6613,"search_radius_m":24000,"elev_angle_deg":15.6105}},{"type":"Feature","geometry":{"type":"Point","coordinates":[28.92849201026516,-2.8489620078208566]},"properties":{"peak_name":"Mont Mohi","local_name":"Mont Mohi","english_name":"Mont Mohi","search_name":"Mont Mohi Mont Mohi Mont Mohi Mont Mohi Mont Mohi Mont Mohi","peak_elev":3438,"peak_lon":28.783234428823032,"peak_lat":-2.953256412307133,"base_elev":952,"distance_m":19844.3,"vertical_relief_m":2486.0,"max_jut":308.6772,"search_radius_m":29000,"elev_angle_deg":7.1405}},{"type":"Feature","geometry":{"type":"Point","coordinates":[9.931279707819163,4.9079006390228]},"properties":{"peak_name":"Mont Nlonako","local_name":"Mont Nlonako","english_name":"Mont Nlonako","search_name":"Mont Nlonako Mont Nlonako Mont Nlonako Mont Nlonako Mont Nlonako Mont Nlonako","peak_elev":1830,"peak_lon":9.950144328785674,"peak_lat":4.906283671511385,"base_elev":856,"distance_m":2100.0,"vertical_relief_m":974.0,"max_jut":410.1885,"search_radius_m":5250,"elev_angle_deg":24.8823}},{"type":"Feature","geometry":{"type":"Point","coordinates":[29.77524399707622,0.3992562280269213]},"properties":{"peak_name":"Mont Stanley","local_name":"Mont Stanley","english_name":"Mont Stanley","search_name":"Mont Stanley Mont Stanley Mont Stanley Mont Stanley Mont Stanley Mont Stanley","peak_elev":5025,"peak_lon":29.87253154234637,"peak_lat":0.3855120041798927,"base_elev":1247,"distance_m":10935.9,"vertical_relief_m":3778.0,"max_jut":1234.7288,"search_radius_m":28000,"elev_angle_deg":19.0584}},{"type":"Feature","geometry":{"type":"Point","coordinates":[-7.901446491822694,7.414469776301501]},"properties":{"peak_name":"Mont Zo","local_name":"Mont Zo","english_name":"Mont Zo","search_name":"Mont Zo Mont Zo Mont Zo Mont Zo Mont Zo Mont Zo","peak_elev":1105,"peak_lon":-7.893092159680382,"peak_lat":7.414739270886737,"base_elev":566,"distance_m":922.8,"vertical_relief_m":539.0,"max_jut":272.0963,"search_radius_m":1375,"elev_angle_deg":30.2889}},{"type":"Feature","geometry":{"type":"Point","coordinates":[28.915017281003365,-28.73876782225912]},"properties":{"peak_name":"Mont-Aux-Sources","local_name":"Mont-Aux-Sources","english_name":"Mont-Aux-Sources","search_name":"Mont-Aux-Sources Mont-Aux-Sources Mont-Aux-Sources Mont-Aux-Sources Mont-Aux-Sources Mont-Aux-Sources","peak_elev":3277,"peak_lon":28.87297612570657,"peak_lat":-28.7724546454136,"base_elev":1769,"distance_m":5549.7,"vertical_relief_m":1508.0,"max_jut":395.2921,"search_radius_m":15500,"elev_angle_deg":15.2017}},{"type":"Feature","geometry":{"type":"Point","coordinates":[33.06092198027178,-19.76729307975745]},"properties":{"peak_name":"Monte Binga [33.06214,-19.77627]","local_name":"Monte Binga","english_name":"Monte Binga","search_name":"Monte Binga Monte Binga Monte Binga Monte Binga Monte Binga Monte Binga [33.06214,-19.77627]","peak_elev":2429,"peak_lon":33.06226945319796,"peak_lat":-19.77618640107024,"base_elev":1620,"distance_m":994.6,"vertical_relief_m":809.0,"max_jut":509.1629,"search_radius_m":2500,"elev_angle_deg":39.1246}},{"type":"Feature","geometry":{"type":"Point","coordinates":[35.01071530445321,-11.854662562647473]},"properties":{"peak_name":"Monte Binga [35.02594,-11.85879]","local_name":"Monte Binga","english_name":"Monte Binga","search_name":"Monte Binga Monte Binga Monte Binga Monte Binga Monte Binga Monte Binga [35.02594,-11.85879]","peak_elev":1708,"peak_lon":35.02607649581165,"peak_lat":-11.858974476011246,"base_elev":992,"distance_m":1740.4,"vertical_relief_m":716.0,"max_jut":272.5935,"search_radius_m":5250,"elev_angle_deg":22.3623}},{"type":"Feature","geometry":{"type":"Point","coordinates":[38.22336025504985,-14.720737476630806]},"properties":{"peak_name":"Monte Cache","local_name":"Monte Cache","english_name":"Monte Cache","search_name":"Monte Cache Monte Cache Monte Cache Monte Cache Monte Cache Monte Cache","peak_elev":999,"peak_lon":38.22632469548744,"peak_lat":-14.723971411653636,"base_elev":553,"distance_m":479.5,"vertical_relief_m":446.0,"max_jut":303.3922,"search_radius_m":1875,"elev_angle_deg":42.927}},{"type":"Feature","geometry":{"type":"Point","coordinates":[36.75003335756542,-15.557248669202904]},"properties":{"peak_name":"Monte Calane","local_name":"Monte Calane","english_name":"Monte Calane","search_name":"Monte Calane Monte Calane Monte Calane Monte Calane Monte Calane Monte Calane","peak_elev":1193,"peak_lon":36.748416390054,"peak_lat":-15.554014734180074,"base_elev":798,"distance_m":397.7,"vertical_relief_m":395.0,"max_jut":277.8471,"search_radius_m":750,"elev_angle_deg":44.8048}},{"type":"Feature","geometry":{"type":"Point","coordinates":[33.268971800073864,-18.823523042261485]},"properties":{"peak_name":"Monte Chinhazanza","local_name":"Monte Chinhazanza","english_name":"Monte Chinhazanza","search_name":"Monte Chinhazanza Monte Chinhazanza Monte Chinhazanza Monte Chinhazanza Monte Chinhazanza Monte Chinhazanza","peak_elev":1060,"peak_lon":33.266815843391974,"peak_lat":-18.826217988113843,"base_elev":680,"distance_m":375.0,"vertical_relief_m":380.0,"max_jut":270.1614,"search_radius_m":875,"elev_angle_deg":45.3794}},{"type":"Feature","geometry":{"type":"Point","coordinates":[39.40428552755337,-15.05868368651657]},"properties":{"peak_name":"Monte Chucui","local_name":"Monte Chucui","english_name":"Monte Chucui","search_name":"Monte Chucui Monte Chucui Monte Chucui Monte Chucui Monte Chucui Monte Chucui","peak_elev":858,"peak_lon":39.40293805462719,"peak_lat":-15.055180256908503,"base_elev":340,"distance_m":413.8,"vertical_relief_m":518.0,"max_jut":404.0461,"search_radius_m":1000,"elev_angle_deg":51.3807}},{"type":"Feature","geometry":{"type":"Point","coordinates":[33.34982017564462,-14.906958235028783]},"properties":{"peak_name":"Monte Chussito","local_name":"Monte Chussito","english_name":"Monte Chussito","search_name":"Monte Chussito Monte Chussito Monte Chussito Monte Chussito Monte Chussito Monte Chussito","peak_elev":1476,"peak_lon":33.35736602403122,"peak_lat":-14.904263289176424,"base_elev":903,"distance_m":864.9,"vertical_relief_m":573.0,"max_jut":316.5839,"search_radius_m":1125,"elev_angle_deg":33.5246}},{"type":"Feature","geometry":{"type":"Point","coordinates":[31.28091024478895,-15.544043434526348]},"properties":{"peak_name":"Monte Cone Negose","local_name":"Monte Cone Negose","english_name":"Monte Cone Negose","search_name":"Monte Cone Negose Monte Cone Negose Monte Cone Negose Monte Cone Negose Monte Cone Negose Monte Cone Negose","peak_elev":1117,"peak_lon":31.27309490181711,"peak_lat":-15.54188747784446,"base_elev":586,"distance_m":871.7,"vertical_relief_m":531.0,"max_jut":276.4296,"search_radius_m":1625,"elev_angle_deg":31.3479}},{"type":"Feature","geometry":{"type":"Point","coordinates":[38.01396296232159,-13.630631879351766]},"properties":{"peak_name":"Monte Cooré","local_name":"Monte Cooré","english_name":"Monte Cooré","search_name":"Monte Cooré Monte Cooré Monte Cooré Monte Cooré Monte Cooré Monte Cooré","peak_elev":820,"peak_lon":38.0118070056397,"peak_lat":-13.630092890181295,"base_elev":542,"distance_m":240.8,"vertical_relief_m":278.0,"max_jut":210.2193,"search_radius_m":500,"elev_angle_deg":49.1013}},{"type":"Feature","geometry":{"type":"Point","coordinates":[38.29181187969976,-14.770863469484675]},"properties":{"peak_name":"Monte Cuale","local_name":"Monte Cuale","english_name":"Monte Cuale","search_name":"Monte Cuale Monte Cuale Monte Cuale Monte Cuale Monte Cuale Monte Cuale","peak_elev":1071,"peak_lon":38.28561350423933,"peak_lat":-14.768977007388024,"base_elev":573,"distance_m":699.2,"vertical_relief_m":498.0,"max_jut":289.0477,"search_radius_m":1125,"elev_angle_deg":35.4601}},{"type":"Feature","geometry":{"type":"Point","coordinates":[39.00758949808619,-14.919624480534868]},"properties":{"peak_name":"Monte Cucute","local_name":"Monte Cucute","english_name":"Monte Cucute","search_name":"Monte Cucute Monte Cucute Monte Cucute Monte Cucute Monte Cucute Monte Cucute","peak_elev":886,"peak_lon":39.00785899267143,"peak_lat":-14.922588920972462,"base_elev":504,"distance_m":329.3,"vertical_relief_m":382.0,"max_jut":288.7355,"search_radius_m":875,"elev_angle_deg":49.2373}},{"type":"Feature","geometry":{"type":"Point","coordinates":[39.631199968321965,-12.560738375965416]},"properties":{"peak_name":"Monte Cucutuca","local_name":"Monte Cucutuca","english_name":"Monte Cucutuca","search_name":"Monte Cucutuca Monte Cucutuca Monte Cucutuca Monte Cucutuca Monte Cucutuca Monte Cucutuca","peak_elev":730,"peak_lon":39.62904401164008,"peak_lat":-12.558851913868766,"base_elev":344,"distance_m":313.8,"vertical_relief_m":386.0,"max_jut":299.3413,"search_radius_m":750,"elev_angle_deg":50.8905}},{"type":"Feature","geometry":{"type":"Point","coordinates":[37.06695898980279,-15.165134047684733]},"properties":{"peak_name":"Monte Currarre","local_name":"Monte Currarre","english_name":"Monte Currarre","search_name":"Monte Currarre Monte Currarre Monte Currarre Monte Currarre Monte Currarre Monte Currarre","peak_elev":1974,"peak_lon":37.06803696814373,"peak_lat":-15.185346141577424,"base_elev":990,"distance_m":2239.5,"vertical_relief_m":984.0,"max_jut":394.2123,"search_radius_m":3250,"elev_angle_deg":23.7199}},{"type":"Feature","geometry":{"type":"Point","coordinates":[35.83698570278634,-16.620674302543595]},"properties":{"peak_name":"Monte Derre","local_name":"Monte Derre","english_name":"Monte Derre","search_name":"Monte Derre Monte Derre Monte Derre Monte Derre Monte Derre Monte Derre","peak_elev":1415,"peak_lon":35.82297198435408,"peak_lat":-16.60531311118515,"base_elev":490,"distance_m":2264.0,"vertical_relief_m":925.0,"max_jut":349.2191,"search_radius_m":2750,"elev_angle_deg":22.2234}},{"type":"Feature","geometry":{"type":"Point","coordinates":[39.469772711765685,-13.91333169926418]},"properties":{"peak_name":"Monte Equilimia","local_name":"Monte Equilimia","english_name":"Monte Equilimia","search_name":"Monte Equilimia Monte Equilimia Monte Equilimia Monte Equilimia Monte Equilimia Monte Equilimia","peak_elev":656,"peak_lon":39.47112018469186,"peak_lat":-13.916835128872249,"base_elev":291,"distance_m":414.1,"vertical_relief_m":365.0,"max_jut":240.7846,"search_radius_m":875,"elev_angle_deg":41.3939}},{"type":"Feature","geometry":{"type":"Point","coordinates":[37.39466440544959,-15.655344698228756]},"properties":{"peak_name":"Monte Essupa","local_name":"Monte Essupa","english_name":"Monte Essupa","search_name":"Monte Essupa Monte Essupa Monte Essupa Monte Essupa Monte Essupa Monte Essupa","peak_elev":1251,"peak_lon":37.39116097584152,"peak_lat":-15.65130227945022,"base_elev":721,"distance_m":584.1,"vertical_relief_m":530.0,"max_jut":355.6946,"search_radius_m":1000,"elev_angle_deg":42.2199}},{"type":"Feature","geometry":{"type":"Point","coordinates":[-24.364870703881166,16.609625024548922]},"properties":{"peak_name":"Monte Gordo","local_name":"Monte Gordo","english_name":"Monte Gordo","search_name":"Monte Gordo Monte Gordo Monte Gordo Monte Gordo Monte Gordo Monte Gordo","peak_elev":1297,"peak_lon":-24.354629909642203,"peak_lat":16.62094379712883,"base_elev":424,"distance_m":1662.2,"vertical_relief_m":873.0,"max_jut":405.2514,"search_radius_m":7250,"elev_angle_deg":27.7088}},{"type":"Feature","geometry":{"type":"Point","coordinates":[33.41530735985693,-18.597147590663365]},"properties":{"peak_name":"Monte Hombe","local_name":"Monte Hombe","english_name":"Monte Hombe","search_name":"Monte Hombe Monte Hombe Monte Hombe Monte Hombe Monte Hombe Monte Hombe","peak_elev":1175,"peak_lon":33.40937847898174,"peak_lat":-18.594722139396243,"base_elev":591,"distance_m":680.9,"vertical_relief_m":584.0,"max_jut":380.309,"search_radius_m":2000,"elev_angle_deg":40.6193}},{"type":"Feature","geometry":{"type":"Point","coordinates":[36.23745465644682,-16.293238381482027]},"properties":{"peak_name":"Monte Ingoze","local_name":"Monte Ingoze","english_name":"Monte Ingoze","search_name":"Monte Ingoze Monte Ingoze Monte Ingoze Monte Ingoze Monte Ingoze Monte Ingoze","peak_elev":1170,"peak_lon":36.22317144342932,"peak_lat":-16.30859957284047,"base_elev":364,"distance_m":2284.7,"vertical_relief_m":806.0,"max_jut":267.6612,"search_radius_m":3250,"elev_angle_deg":19.4319}},{"type":"Feature","geometry":{"type":"Point","coordinates":[38.545406284406695,-15.433550654579646]},"properties":{"peak_name":"Monte Inrieui","local_name":"Monte Inrieui","english_name":"Monte Inrieui","search_name":"Monte Inrieui Monte Inrieui Monte Inrieui Monte Inrieui Monte Inrieui Monte Inrieui","peak_elev":1093,"peak_lon":38.54459780065099,"peak_lat":-15.42735227911922,"base_elev":511,"distance_m":691.3,"vertical_relief_m":582.0,"max_jut":373.769,"search_radius_m":1375,"elev_angle_deg":40.0938}},{"type":"Feature","geometry":{"type":"Point","coordinates":[39.110266935061055,-14.97217592465586]},"properties":{"peak_name":"Monte Iriaque","local_name":"Monte Iriaque","english_name":"Monte Iriaque","search_name":"Monte Iriaque Monte Iriaque Monte Iriaque Monte Iriaque Monte Iriaque Monte Iriaque","peak_elev":877,"peak_lon":39.11188390257247,"peak_lat":-14.96894198963303,"base_elev":472,"distance_m":397.9,"vertical_relief_m":405.0,"max_jut":288.3825,"search_radius_m":750,"elev_angle_deg":45.5067}},{"type":"Feature","geometry":{"type":"Point","coordinates":[39.42368913769035,-14.054546861927768]},"properties":{"peak_name":"Monte Jicoma","local_name":"Monte Jicoma","english_name":"Monte Jicoma","search_name":"Monte Jicoma Monte Jicoma Monte Jicoma Monte Jicoma Monte Jicoma Monte Jicoma","peak_elev":688,"peak_lon":39.4218026755937,"peak_lat":-14.051043432319704,"base_elev":370,"distance_m":437.9,"vertical_relief_m":318.0,"max_jut":186.4084,"search_radius_m":875,"elev_angle_deg":35.9869}},{"type":"Feature","geometry":{"type":"Point","coordinates":[37.2572221669793,-15.67717375963286]},"properties":{"peak_name":"Monte Laca","local_name":"Monte Laca","english_name":"Monte Laca","search_name":"Monte Laca Monte Laca Monte Laca Monte Laca Monte Laca Monte Laca","peak_elev":1383,"peak_lon":37.26315104785449,"peak_lat":-15.680138200070456,"base_elev":676,"distance_m":715.3,"vertical_relief_m":707.0,"max_jut":497.0279,"search_radius_m":1000,"elev_angle_deg":44.6656}},{"type":"Feature","geometry":{"type":"Point","coordinates":[37.36744545234077,-15.78712755040909]},"properties":{"peak_name":"Monte Licó","local_name":"Monte Licó","english_name":"Monte Licó","search_name":"Monte Licó Monte Licó Monte Licó Monte Licó Monte Licó Monte Licó","peak_elev":1062,"peak_lon":37.365289495658885,"peak_lat":-15.789553001676213,"base_elev":650,"distance_m":354.1,"vertical_relief_m":412.0,"max_jut":312.1555,"search_radius_m":1375,"elev_angle_deg":49.3221}},{"type":"Feature","geometry":{"type":"Point","coordinates":[36.256588771998565,-16.21373747883745]},"properties":{"peak_name":"Monte Locurumine","local_name":"Monte Locurumine","english_name":"Monte Locurumine","search_name":"Monte Locurumine Monte Locurumine Monte Locurumine Monte Locurumine Monte Locurumine Monte Locurumine","peak_elev":1347,"peak_lon":36.271141479601305,"peak_lat":-16.20484415752467,"base_elev":568,"distance_m":1841.1,"vertical_relief_m":779.0,"max_jut":303.4454,"search_radius_m":2500,"elev_angle_deg":22.934}},{"type":"Feature","geometry":{"type":"Point","coordinates":[39.3361033974887,-14.341558595203956]},"properties":{"peak_name":"Monte Maadja","local_name":"Monte Maadja","english_name":"Monte Maadja","search_name":"Monte Maadja Monte Maadja Monte Maadja Monte Maadja Monte Maadja Monte Maadja","peak_elev":1130,"peak_lon":39.3458052025572,"peak_lat":-14.348834949005324,"base_elev":401,"distance_m":1320.4,"vertical_relief_m":729.0,"max_jut":352.0799,"search_radius_m":2750,"elev_angle_deg":28.9033}},{"type":"Feature","geometry":{"type":"Point","coordinates":[39.71797722476791,-14.865725563487697]},"properties":{"peak_name":"Monte Macale","local_name":"Monte Macale","english_name":"Monte Macale","search_name":"Monte Macale Monte Macale Monte Macale Monte Macale Monte Macale Monte Macale","peak_elev":675,"peak_lon":39.72040267603503,"peak_lat":-14.86545606890246,"base_elev":265,"distance_m":262.7,"vertical_relief_m":410.0,"max_jut":345.3358,"search_radius_m":1000,"elev_angle_deg":57.351}},{"type":"Feature","geometry":{"type":"Point","coordinates":[39.031574516172185,-15.199090365424452]},"properties":{"peak_name":"Monte Maiia","local_name":"Monte Maiia","english_name":"Monte Maiia","search_name":"Monte Maiia Monte Maiia Monte Maiia Monte Maiia Monte Maiia Monte Maiia","peak_elev":887,"peak_lon":39.02887957031982,"peak_lat":-15.20178531127681,"base_elev":396,"distance_m":415.7,"vertical_relief_m":491.0,"max_jut":374.4542,"search_radius_m":750,"elev_angle_deg":49.7474}},{"type":"Feature","geometry":{"type":"Point","coordinates":[37.33483660752723,-15.736732062969985]},"properties":{"peak_name":"Monte Malacaci","local_name":"Monte Malacaci","english_name":"Monte Malacaci","search_name":"Monte Malacaci Monte Malacaci Monte Malacaci Monte Malacaci Monte Malacaci Monte Malacaci","peak_elev":1480,"peak_lon":37.329985704992986,"peak_lat":-15.72541329039008,"base_elev":712,"distance_m":1356.1,"vertical_relief_m":768.0,"max_jut":377.3295,"search_radius_m":1750,"elev_angle_deg":29.5242}},{"type":"Feature","geometry":{"type":"Point","coordinates":[38.12310826934211,-14.982416718894823]},"properties":{"peak_name":"Monte Matarra","local_name":"Monte Matarra","english_name":"Monte Matarra","search_name":"Monte Matarra Monte Matarra Monte Matarra Monte Matarra Monte Matarra Monte Matarra","peak_elev":1316,"peak_lon":38.126072709779706,"peak_lat":-14.988076105184776,"base_elev":676,"distance_m":702.7,"vertical_relief_m":640.0,"max_jut":430.0867,"search_radius_m":1625,"elev_angle_deg":42.3264}},{"type":"Feature","geometry":{"type":"Point","coordinates":[39.55277704401833,-14.11760859487296]},"properties":{"peak_name":"Monte Mavaaca","local_name":"Monte Mavaaca","english_name":"Monte Mavaaca","search_name":"Monte Mavaaca Monte Mavaaca Monte Mavaaca Monte Mavaaca Monte Mavaaca Monte Mavaaca","peak_elev":879,"peak_lon":39.55601097904116,"peak_lat":-14.12407646491862,"base_elev":404,"distance_m":796.3,"vertical_relief_m":475.0,"max_jut":242.6671,"search_radius_m":1250,"elev_angle_deg":30.8165}},{"type":"Feature","geometry":{"type":"Point","coordinates":[37.34858083137426,-15.358361665298842]},"properties":{"peak_name":"Monte Mecheche","local_name":"Monte Mecheche","english_name":"Monte Mecheche","search_name":"Monte Mecheche Monte Mecheche Monte Mecheche Monte Mecheche Monte Mecheche Monte Mecheche","peak_elev":1349,"peak_lon":37.34238245591384,"peak_lat":-15.35270227900889,"base_elev":832,"distance_m":913.8,"vertical_relief_m":517.0,"max_jut":254.2685,"search_radius_m":2250,"elev_angle_deg":29.4998}},{"type":"Feature","geometry":{"type":"Point","coordinates":[39.29298426385096,-14.251816898320415]},"properties":{"peak_name":"Monte Mecorro","local_name":"Monte Mecorro","english_name":"Monte Mecorro","search_name":"Monte Mecorro Monte Mecorro Monte Mecorro Monte Mecorro Monte Mecorro Monte Mecorro","peak_elev":1234,"peak_lon":39.29109780175431,"peak_lat":-14.248582963297585,"base_elev":555,"distance_m":411.7,"vertical_relief_m":679.0,"max_jut":580.081,"search_radius_m":1250,"elev_angle_deg":58.7702}},{"type":"Feature","geometry":{"type":"Point","coordinates":[39.14610971489742,-15.483137658263043]},"properties":{"peak_name":"Monte Mecule","local_name":"Monte Mecule","english_name":"Monte Mecule","search_name":"Monte Mecule Monte Mecule Monte Mecule Monte Mecule Monte Mecule Monte Mecule","peak_elev":660,"peak_lon":39.14772668240884,"peak_lat":-15.486910582456346,"base_elev":242,"distance_m":452.1,"vertical_relief_m":418.0,"max_jut":283.1597,"search_radius_m":875,"elev_angle_deg":42.7557}},{"type":"Feature","geometry":{"type":"Point","coordinates":[38.801695634966,-14.432647765013677]},"properties":{"peak_name":"Monte Melala","local_name":"Monte Melala","english_name":"Monte Melala","search_name":"Monte Melala Monte Melala Monte Melala Monte Melala Monte Melala Monte Melala","peak_elev":1037,"peak_lon":38.796036248676046,"peak_lat":-14.431300292087496,"base_elev":508,"distance_m":628.2,"vertical_relief_m":529.0,"max_jut":340.9384,"search_radius_m":1500,"elev_angle_deg":40.1003}},{"type":"Feature","geometry":{"type":"Point","coordinates":[39.74708263997338,-13.757294334412618]},"properties":{"peak_name":"Monte Mepoje","local_name":"Monte Mepoje","english_name":"Monte Mepoje","search_name":"Monte Mepoje Monte Mepoje Monte Mepoje Monte Mepoje Monte Mepoje Monte Mepoje","peak_elev":672,"peak_lon":39.750586069581445,"peak_lat":-13.757563828997856,"base_elev":299,"distance_m":380.1,"vertical_relief_m":373.0,"max_jut":261.4376,"search_radius_m":750,"elev_angle_deg":44.4598}},{"type":"Feature","geometry":{"type":"Point","coordinates":[39.63874581670856,-13.834100291204836]},"properties":{"peak_name":"Monte Mepálue","local_name":"Monte Mepálue","english_name":"Monte Mepálue","search_name":"Monte Mepálue Monte Mepálue Monte Mepálue Monte Mepálue Monte Mepálue Monte Mepálue","peak_elev":843,"peak_lon":39.63173895749244,"peak_lat":-13.830596861596772,"base_elev":309,"distance_m":850.9,"vertical_relief_m":534.0,"max_jut":283.8441,"search_radius_m":1500,"elev_angle_deg":32.1112}},{"type":"Feature","geometry":{"type":"Point","coordinates":[37.054831733467175,-15.44702538384144]},"properties":{"peak_name":"Monte Merrece","local_name":"Monte Merrece","english_name":"Monte Merrece","search_name":"Monte Merrece Monte Merrece Monte Merrece Monte Merrece Monte Merrece Monte Merrece","peak_elev":1753,"peak_lon":37.0677674735585,"peak_lat":-15.447833867597147,"base_elev":902,"distance_m":1391.2,"vertical_relief_m":851.0,"max_jut":444.4996,"search_radius_m":1875,"elev_angle_deg":31.4542}},{"type":"Feature","geometry":{"type":"Point","coordinates":[38.48126657312056,-14.667108054168873]},"properties":{"peak_name":"Monte Micôcane","local_name":"Monte Micôcane","english_name":"Monte Micôcane","search_name":"Monte Micôcane Monte Micôcane Monte Micôcane Monte Micôcane Monte Micôcane Monte Micôcane","peak_elev":1103,"peak_lon":38.475068197660136,"peak_lat":-14.667108054168873,"base_elev":527,"distance_m":667.7,"vertical_relief_m":576.0,"max_jut":376.543,"search_radius_m":1750,"elev_angle_deg":40.7831}},{"type":"Feature","geometry":{"type":"Point","coordinates":[39.62661856037296,-14.088503179667487]},"properties":{"peak_name":"Monte Miruto","local_name":"Monte Miruto","english_name":"Monte Miruto","search_name":"Monte Miruto Monte Miruto Monte Miruto Monte Miruto Monte Miruto Monte Miruto","peak_elev":901,"peak_lon":39.62985249539578,"peak_lat":-14.087155706741308,"base_elev":380,"distance_m":379.7,"vertical_relief_m":521.0,"max_jut":421.0842,"search_radius_m":1125,"elev_angle_deg":53.9158}},{"type":"Feature","geometry":{"type":"Point","coordinates":[39.33798985958535,-13.9548338653905]},"properties":{"peak_name":"Monte Mitata","local_name":"Monte Mitata","english_name":"Monte Mitata","search_name":"Monte Mitata Monte Mitata Monte Mitata Monte Mitata Monte Mitata Monte Mitata","peak_elev":698,"peak_lon":39.33394744080681,"peak_lat":-13.9548338653905,"base_elev":300,"distance_m":436.8,"vertical_relief_m":398.0,"max_jut":268.25,"search_radius_m":875,"elev_angle_deg":42.3389}},{"type":"Feature","geometry":{"type":"Point","coordinates":[39.616108271548754,-14.782451736649817]},"properties":{"peak_name":"Monte Mocorro","local_name":"Monte Mocorro","english_name":"Monte Mocorro","search_name":"Monte Mocorro Monte Mocorro Monte Mocorro Monte Mocorro Monte Mocorro Monte Mocorro","peak_elev":856,"peak_lon":39.61907271198635,"peak_lat":-14.77975679079746,"base_elev":350,"distance_m":436.8,"vertical_relief_m":506.0,"max_jut":382.7748,"search_radius_m":1125,"elev_angle_deg":49.1979}},{"type":"Feature","geometry":{"type":"Point","coordinates":[36.19029310403055,-16.927089645956762]},"properties":{"peak_name":"Monte Molumbero","local_name":"Monte Molumbero","english_name":"Monte Molumbero","search_name":"Monte Molumbero Monte Molumbero Monte Molumbero Monte Molumbero Monte Molumbero Monte Molumbero","peak_elev":841,"peak_lon":36.186520179837245,"peak_lat":-16.92331672176346,"base_elev":390,"distance_m":579.6,"vertical_relief_m":451.0,"max_jut":276.6661,"search_radius_m":1000,"elev_angle_deg":37.8873}},{"type":"Feature","geometry":{"type":"Point","coordinates":[38.18293606726447,-14.821797946094252]},"properties":{"peak_name":"Monte Mualala","local_name":"Monte Mualala","english_name":"Monte Mualala","search_name":"Monte Mualala Monte Mualala Monte Mualala Monte Mualala Monte Mualala Monte Mualala","peak_elev":949,"peak_lon":38.18104960516782,"peak_lat":-14.820450473168073,"base_elev":607,"distance_m":251.9,"vertical_relief_m":342.0,"max_jut":275.2772,"search_radius_m":625,"elev_angle_deg":53.6265}},{"type":"Feature","geometry":{"type":"Point","coordinates":[38.19075141023631,-14.318921050044144]},"properties":{"peak_name":"Monte Mucarexe","local_name":"Monte Mucarexe","english_name":"Monte Mucarexe","search_name":"Monte Mucarexe Monte Mucarexe Monte Mucarexe Monte Mucarexe Monte Mucarexe Monte Mucarexe","peak_elev":1113,"peak_lon":38.18886494813966,"peak_lat":-14.325388920089804,"base_elev":527,"distance_m":744.0,"vertical_relief_m":586.0,"max_jut":361.5809,"search_radius_m":1875,"elev_angle_deg":38.2252}},{"type":"Feature","geometry":{"type":"Point","coordinates":[38.64781422679632,-14.736368162574486]},"properties":{"peak_name":"Monte Mucopo [38.64310,-14.73619]","local_name":"Monte Mucopo","english_name":"Monte Mucopo","search_name":"Monte Mucopo Monte Mucopo Monte Mucopo Monte Mucopo Monte Mucopo Monte Mucopo [38.64310,-14.73619]","peak_elev":952,"peak_lon":38.64296332426208,"peak_lat":-14.73609866798925,"base_elev":543,"distance_m":523.2,"vertical_relief_m":409.0,"max_jut":252.0992,"search_radius_m":875,"elev_angle_deg":38.0157}},{"type":"Feature","geometry":{"type":"Point","coordinates":[39.48270845185701,-14.16962104982348]},"properties":{"peak_name":"Monte Mucopo [39.48150,-14.16701]","local_name":"Monte Mucopo","english_name":"Monte Mucopo","search_name":"Monte Mucopo Monte Mucopo Monte Mucopo Monte Mucopo Monte Mucopo Monte Mucopo [39.48150,-14.16701]","peak_elev":750,"peak_lon":39.482169462686535,"peak_lat":-14.166926103971122,"base_elev":368,"distance_m":303.8,"vertical_relief_m":382.0,"max_jut":298.4265,"search_radius_m":750,"elev_angle_deg":51.5052}},{"type":"Feature","geometry":{"type":"Point","coordinates":[37.72344779943734,-14.854137296322556]},"properties":{"peak_name":"Monte Muesse","local_name":"Monte Muesse","english_name":"Monte Muesse","search_name":"Monte Muesse Monte Muesse Monte Muesse Monte Muesse Monte Muesse Monte Muesse","peak_elev":1304,"peak_lon":37.73045465865346,"peak_lat":-14.858718704271563,"base_elev":705,"distance_m":908.6,"vertical_relief_m":599.0,"max_jut":329.5444,"search_radius_m":1500,"elev_angle_deg":33.3951}},{"type":"Feature","geometry":{"type":"Point","coordinates":[37.70269671637418,-14.879469787334726]},"properties":{"peak_name":"Monte Muha","local_name":"Monte Muha","english_name":"Monte Muha","search_name":"Monte Muha Monte Muha Monte Muha Monte Muha Monte Muha Monte Muha","peak_elev":1227,"peak_lon":37.702157727203705,"peak_lat":-14.874349390215244,"base_elev":782,"distance_m":569.5,"vertical_relief_m":445.0,"max_jut":273.1565,"search_radius_m":1375,"elev_angle_deg":38.0036}},{"type":"Feature","geometry":{"type":"Point","coordinates":[36.68562415169405,-16.385944518803164]},"properties":{"peak_name":"Monte Mulagera","local_name":"Monte Mulagera","english_name":"Monte Mulagera","search_name":"Monte Mulagera Monte Mulagera Monte Mulagera Monte Mulagera Monte Mulagera Monte Mulagera","peak_elev":1006,"peak_lon":36.68831909754641,"peak_lat":-16.381093616268917,"base_elev":550,"distance_m":609.1,"vertical_relief_m":456.0,"max_jut":272.6716,"search_radius_m":1500,"elev_angle_deg":36.8202}},{"type":"Feature","geometry":{"type":"Point","coordinates":[38.59095086931156,-14.392223577228297]},"properties":{"peak_name":"Monte Muluco","local_name":"Monte Muluco","english_name":"Monte Muluco","search_name":"Monte Muluco Monte Muluco Monte Muluco Monte Muluco Monte Muluco Monte Muluco","peak_elev":816,"peak_lon":38.58771693428873,"peak_lat":-14.390337115131643,"base_elev":454,"distance_m":406.5,"vertical_relief_m":362.0,"max_jut":240.7138,"search_radius_m":875,"elev_angle_deg":41.686}},{"type":"Feature","geometry":{"type":"Point","coordinates":[39.74115375909819,-15.316590004587283]},"properties":{"peak_name":"Monte Murroto","local_name":"Monte Murroto","english_name":"Monte Murroto","search_name":"Monte Murroto Monte Murroto Monte Murroto Monte Murroto Monte Murroto Monte Murroto","peak_elev":599,"peak_lon":39.7381893186606,"peak_lat":-15.319015455854409,"base_elev":221,"distance_m":416.4,"vertical_relief_m":378.0,"max_jut":253.9008,"search_radius_m":750,"elev_angle_deg":42.2326}},{"type":"Feature","geometry":{"type":"Point","coordinates":[37.54180844898837,-14.965169065439728]},"properties":{"peak_name":"Monte Murrucula","local_name":"Monte Murrucula","english_name":"Monte Murrucula","search_name":"Monte Murrucula Monte Murrucula Monte Murrucula Monte Murrucula Monte Murrucula Monte Murrucula","peak_elev":1329,"peak_lon":37.54369491108502,"peak_lat":-14.971906430070623,"base_elev":710,"distance_m":772.6,"vertical_relief_m":619.0,"max_jut":385.9759,"search_radius_m":1375,"elev_angle_deg":38.7014}},{"type":"Feature","geometry":{"type":"Point","coordinates":[36.30294184065914,-15.062456610709871]},"properties":{"peak_name":"Monte Mussanga","local_name":"Monte Mussanga","english_name":"Monte Mussanga","search_name":"Monte Mussanga Monte Mussanga Monte Mussanga Monte Mussanga Monte Mussanga Monte Mussanga","peak_elev":1241,"peak_lon":36.29647397061348,"peak_lat":-15.059761664857511,"base_elev":715,"distance_m":756.7,"vertical_relief_m":526.0,"max_jut":300.31,"search_radius_m":1250,"elev_angle_deg":34.8041}},{"type":"Feature","geometry":{"type":"Point","coordinates":[38.38990790872561,-15.99598585396688]},"properties":{"peak_name":"Monte Namecuàcua","local_name":"Monte Namecuàcua","english_name":"Monte Namecuàcua","search_name":"Monte Namecuàcua Monte Namecuàcua Monte Namecuàcua Monte Namecuàcua Monte Namecuàcua Monte Namecuàcua","peak_elev":832,"peak_lon":38.38640447911754,"peak_lat":-15.996255348552117,"base_elev":361,"distance_m":376.2,"vertical_relief_m":471.0,"max_jut":368.2172,"search_radius_m":1000,"elev_angle_deg":51.3847}},{"type":"Feature","geometry":{"type":"Point","coordinates":[37.66092505566262,-14.906958235028783]},"properties":{"peak_name":"Monte Namunhoma","local_name":"Monte Namunhoma","english_name":"Monte Namunhoma","search_name":"Monte Namunhoma Monte Namunhoma Monte Namunhoma Monte Namunhoma Monte Namunhoma Monte Namunhoma","peak_elev":1282,"peak_lon":37.65796061522502,"peak_lat":-14.904802278346896,"base_elev":834,"distance_m":398.3,"vertical_relief_m":448.0,"max_jut":334.6727,"search_radius_m":1500,"elev_angle_deg":48.3609}},{"type":"Feature","geometry":{"type":"Point","coordinates":[40.034094373249566,-13.911714731752763]},"properties":{"peak_name":"Monte Nanimaco","local_name":"Monte Nanimaco","english_name":"Monte Nanimaco","search_name":"Monte Nanimaco Monte Nanimaco Monte Nanimaco Monte Nanimaco Monte Nanimaco Monte Nanimaco","peak_elev":693,"peak_lon":40.03274690032339,"peak_lat":-13.907402818388992,"base_elev":323,"distance_m":498.8,"vertical_relief_m":370.0,"max_jut":219.7974,"search_radius_m":1125,"elev_angle_deg":36.5673}},{"type":"Feature","geometry":{"type":"Point","coordinates":[39.73603336197871,-14.67761834299307]},"properties":{"peak_name":"Monte Nanticua","local_name":"Monte Nanticua","english_name":"Monte Nanticua","search_name":"Monte Nanticua Monte Nanticua Monte Nanticua Monte Nanticua Monte Nanticua Monte Nanticua","peak_elev":971,"peak_lon":39.734685889052535,"peak_lat":-14.674653902555477,"base_elev":514,"distance_m":358.7,"vertical_relief_m":457.0,"max_jut":358.9582,"search_radius_m":1625,"elev_angle_deg":51.8716}},{"type":"Feature","geometry":{"type":"Point","coordinates":[36.82980375479524,-15.02930877672586]},"properties":{"peak_name":"Monte Necarrapúe","local_name":"Monte Necarrapúe","english_name":"Monte Necarrapúe","search_name":"Monte Necarrapúe Monte Necarrapúe Monte Necarrapúe Monte Necarrapúe Monte Necarrapúe Monte Necarrapúe","peak_elev":1420,"peak_lon":36.82549184143146,"peak_lat":-15.024457874191617,"base_elev":899,"distance_m":709.3,"vertical_relief_m":521.0,"max_jut":307.9739,"search_radius_m":2750,"elev_angle_deg":36.2983}},{"type":"Feature","geometry":{"type":"Point","coordinates":[39.22641910129771,-14.97082845172968]},"properties":{"peak_name":"Monte Netemue","local_name":"Monte Netemue","english_name":"Monte Netemue","search_name":"Monte Netemue Monte Netemue Monte Netemue Monte Netemue Monte Netemue Monte Netemue","peak_elev":866,"peak_lon":39.22830556339436,"peak_lat":-14.972984408411568,"base_elev":467,"distance_m":313.2,"vertical_relief_m":399.0,"max_jut":313.5869,"search_radius_m":1000,"elev_angle_deg":51.8694}},{"type":"Feature","geometry":{"type":"Point","coordinates":[34.00388353401205,-18.41658621855534]},"properties":{"peak_name":"Monte Nhandore","local_name":"Monte Nhandore","english_name":"Monte Nhandore","search_name":"Monte Nhandore Monte Nhandore Monte Nhandore Monte Nhandore Monte Nhandore Monte Nhandore","peak_elev":1831,"peak_lon":34.04107378677459,"peak_lat":-18.42521004528289,"base_elev":788,"distance_m":4043.5,"vertical_relief_m":1043.0,"max_jut":260.7898,"search_radius_m":11000,"elev_angle_deg":14.4639}},{"type":"Feature","geometry":{"type":"Point","coordinates":[33.09056638464773,-19.937613657626517]},"properties":{"peak_name":"Monte Nhauti","local_name":"Monte Nhauti","english_name":"Monte Nhauti","search_name":"Monte Nhauti Monte Nhauti Monte Nhauti Monte Nhauti Monte Nhauti Monte Nhauti","peak_elev":1778,"peak_lon":33.04286584306098,"peak_lat":-19.91443712329623,"base_elev":383,"distance_m":5614.6,"vertical_relief_m":1395.0,"max_jut":336.44,"search_radius_m":6000,"elev_angle_deg":13.9531}},{"type":"Feature","geometry":{"type":"Point","coordinates":[39.61476079862258,-12.652636029530845]},"properties":{"peak_name":"Monte Nicapé","local_name":"Monte Nicapé","english_name":"Monte Nicapé","search_name":"Monte Nicapé Monte Nicapé Monte Nicapé Monte Nicapé Monte Nicapé Monte Nicapé","peak_elev":706,"peak_lon":39.61098787442928,"peak_lat":-12.652636029530845,"base_elev":318,"distance_m":409.9,"vertical_relief_m":388.0,"max_jut":266.9182,"search_radius_m":1000,"elev_angle_deg":43.4278}},{"type":"Feature","geometry":{"type":"Point","coordinates":[38.50552108579179,-14.783260220405523]},"properties":{"peak_name":"Monte Nicocane","local_name":"Monte Nicocane","english_name":"Monte Nicocane","search_name":"Monte Nicocane Monte Nicocane Monte Nicocane Monte Nicocane Monte Nicocane Monte Nicocane","peak_elev":951,"peak_lon":38.506599064132736,"peak_lat":-14.786494155428356,"base_elev":558,"distance_m":376.2,"vertical_relief_m":393.0,"max_jut":283.3135,"search_radius_m":750,"elev_angle_deg":46.2512}},{"type":"Feature","geometry":{"type":"Point","coordinates":[39.17952704346667,-15.302845780740256]},"properties":{"peak_name":"Monte Nicolomua","local_name":"Monte Nicolomua","english_name":"Monte Nicolomua","search_name":"Monte Nicolomua Monte Nicolomua Monte Nicolomua Monte Nicolomua Monte Nicolomua Monte Nicolomua","peak_elev":767,"peak_lon":39.17683209761431,"peak_lat":-15.299611845717424,"base_elev":361,"distance_m":460.2,"vertical_relief_m":406.0,"max_jut":268.2149,"search_radius_m":1125,"elev_angle_deg":41.4195}},{"type":"Feature","geometry":{"type":"Point","coordinates":[38.99330628506869,-14.399499931029665]},"properties":{"peak_name":"Monte Nipuce","local_name":"Monte Nipuce","english_name":"Monte Nipuce","search_name":"Monte Nipuce Monte Nipuce Monte Nipuce Monte Nipuce Monte Nipuce Monte Nipuce","peak_elev":872,"peak_lon":38.99707920926199,"peak_lat":-14.395457512251127,"base_elev":442,"distance_m":604.7,"vertical_relief_m":430.0,"max_jut":248.8504,"search_radius_m":1125,"elev_angle_deg":35.4165}},{"type":"Feature","geometry":{"type":"Point","coordinates":[38.71033697057104,-14.486007692890375]},"properties":{"peak_name":"Monte Nnute","local_name":"Monte Nnute","english_name":"Monte Nnute","search_name":"Monte Nnute Monte Nnute Monte Nnute Monte Nnute Monte Nnute Monte Nnute","peak_elev":1019,"peak_lon":38.71060646515628,"peak_lat":-14.480617801185655,"base_elev":493,"distance_m":597.1,"vertical_relief_m":526.0,"max_jut":346.7367,"search_radius_m":1125,"elev_angle_deg":41.3776}},{"type":"Feature","geometry":{"type":"Point","coordinates":[36.75434527092919,-15.666393976223429]},"properties":{"peak_name":"Monte Palane","local_name":"Monte Palane","english_name":"Monte Palane","search_name":"Monte Palane Monte Palane Monte Palane Monte Palane Monte Palane Monte Palane","peak_elev":1172,"peak_lon":36.75380628175872,"peak_lat":-15.66289054661536,"base_elev":759,"distance_m":392.0,"vertical_relief_m":413.0,"max_jut":298.895,"search_radius_m":1250,"elev_angle_deg":46.4943}},{"type":"Feature","geometry":{"type":"Point","coordinates":[33.56325988715142,-18.01989018908816]},"properties":{"peak_name":"Monte Panda","local_name":"Monte Panda","english_name":"Monte Panda","search_name":"Monte Panda Monte Panda Monte Panda Monte Panda Monte Panda Monte Panda","peak_elev":1361,"peak_lon":33.558408984617174,"peak_lat":-18.023124124110996,"base_elev":704,"distance_m":626.1,"vertical_relief_m":657.0,"max_jut":475.5024,"search_radius_m":1375,"elev_angle_deg":46.3795}},{"type":"Feature","geometry":{"type":"Point","coordinates":[36.61474707577703,-17.073425205739834]},"properties":{"peak_name":"Monte Paracoma","local_name":"Monte Paracoma","english_name":"Monte Paracoma","search_name":"Monte Paracoma Monte Paracoma Monte Paracoma Monte Paracoma Monte Paracoma Monte Paracoma","peak_elev":511,"peak_lon":36.61555555953273,"peak_lat":-17.070191270717004,"base_elev":195,"distance_m":368.1,"vertical_relief_m":316.0,"max_jut":205.3105,"search_radius_m":875,"elev_angle_deg":40.6448}},{"type":"Feature","geometry":{"type":"Point","coordinates":[39.00408606847813,-15.105306249762371]},"properties":{"peak_name":"Monte Peue","local_name":"Monte Peue","english_name":"Monte Peue","search_name":"Monte Peue Monte Peue Monte Peue Monte Peue Monte Peue Monte Peue","peak_elev":844,"peak_lon":39.00812848725666,"peak_lat":-15.103419787665722,"base_elev":411,"distance_m":482.1,"vertical_relief_m":433.0,"max_jut":289.3638,"search_radius_m":750,"elev_angle_deg":41.9287}},{"type":"Feature","geometry":{"type":"Point","coordinates":[37.49572487491304,-15.59848134074399]},"properties":{"peak_name":"Monte Poço","local_name":"Monte Poço","english_name":"Monte Poço","search_name":"Monte Poço Monte Poço Monte Poço Monte Poço Monte Poço Monte Poço","peak_elev":1342,"peak_lon":37.49734184242445,"peak_lat":-15.592282965283566,"base_elev":694,"distance_m":707.5,"vertical_relief_m":648.0,"max_jut":436.6117,"search_radius_m":1125,"elev_angle_deg":42.4866}},{"type":"Feature","geometry":{"type":"Point","coordinates":[38.998426682188175,-15.204480257129168]},"properties":{"peak_name":"Monte Puerepe","local_name":"Monte Puerepe","english_name":"Monte Puerepe","search_name":"Monte Puerepe Monte Puerepe Monte Puerepe Monte Puerepe Monte Puerepe Monte Puerepe","peak_elev":895,"peak_lon":38.99222830672775,"peak_lat":-15.201246322106336,"base_elev":415,"distance_m":756.0,"vertical_relief_m":480.0,"max_jut":257.2601,"search_radius_m":1625,"elev_angle_deg":32.4123}},{"type":"Feature","geometry":{"type":"Point","coordinates":[39.39512271165536,-14.052390905245884]},"properties":{"peak_name":"Monte Reno","local_name":"Monte Reno","english_name":"Monte Reno","search_name":"Monte Reno Monte Reno Monte Reno Monte Reno Monte Reno Monte Reno","peak_elev":1414,"peak_lon":39.39593119541106,"peak_lat":-14.056702818609656,"base_elev":541,"distance_m":485.0,"vertical_relief_m":873.0,"max_jut":762.2743,"search_radius_m":1875,"elev_angle_deg":60.9454}},{"type":"Feature","geometry":{"type":"Point","coordinates":[37.70081025427752,-14.50056040049311]},"properties":{"peak_name":"Monte Rupi","local_name":"Monte Rupi","english_name":"Monte Rupi","search_name":"Monte Rupi Monte Rupi Monte Rupi Monte Rupi Monte Rupi Monte Rupi","peak_elev":1067,"peak_lon":37.697845813839926,"peak_lat":-14.499751916737404,"base_elev":706,"distance_m":331.8,"vertical_relief_m":361.0,"max_jut":265.8794,"search_radius_m":1250,"elev_angle_deg":47.4135}},{"type":"Feature","geometry":{"type":"Point","coordinates":[37.23647108391614,-15.89249993323631]},"properties":{"peak_name":"Monte Sache","local_name":"Monte Sache","english_name":"Monte Sache","search_name":"Monte Sache Monte Sache Monte Sache Monte Sache Monte Sache Monte Sache","peak_elev":1045,"peak_lon":37.23889653518327,"peak_lat":-15.89708134118532,"base_elev":572,"distance_m":569.6,"vertical_relief_m":473.0,"max_jut":301.5317,"search_radius_m":1500,"elev_angle_deg":39.7065}},{"type":"Feature","geometry":{"type":"Point","coordinates":[36.29674346519871,-16.13908747872712]},"properties":{"peak_name":"Monte Sibilino","local_name":"Monte Sibilino","english_name":"Monte Sibilino","search_name":"Monte Sibilino Monte Sibilino Monte Sibilino Monte Sibilino Monte Sibilino Monte Sibilino","peak_elev":1367,"peak_lon":36.30536729192626,"peak_lat":-16.145555348772778,"base_elev":713,"distance_m":1167.5,"vertical_relief_m":654.0,"max_jut":319.3877,"search_radius_m":3000,"elev_angle_deg":29.2563}},{"type":"Feature","geometry":{"type":"Point","coordinates":[39.13748588816988,-14.964899570854492]},"properties":{"peak_name":"Monte Tatapila","local_name":"Monte Tatapila","english_name":"Monte Tatapila","search_name":"Monte Tatapila Monte Tatapila Monte Tatapila Monte Tatapila Monte Tatapila Monte Tatapila","peak_elev":995,"peak_lon":39.14045032860747,"peak_lat":-14.960857152075954,"base_elev":477,"distance_m":549.3,"vertical_relief_m":518.0,"max_jut":354.8483,"search_radius_m":1000,"elev_angle_deg":43.3202}},{"type":"Feature","geometry":{"type":"Point","coordinates":[37.104418737150574,-14.419173035751882]},"properties":{"peak_name":"Monte Temuié","local_name":"Monte Temuié","english_name":"Monte Temuié","search_name":"Monte Temuié Monte Temuié Monte Temuié Monte Temuié Monte Temuié Monte Temuié","peak_elev":988,"peak_lon":37.10468823173581,"peak_lat":-14.415939100729052,"base_elev":609,"distance_m":359.0,"vertical_relief_m":379.0,"max_jut":274.5155,"search_radius_m":1000,"elev_angle_deg":46.5524}},{"type":"Feature","geometry":{"type":"Point","coordinates":[36.794499964129336,-16.03964397677509]},"properties":{"peak_name":"Monte Tumbine","local_name":"Monte Tumbine","english_name":"Monte Tumbine","search_name":"Monte Tumbine Monte Tumbine Monte Tumbine Monte Tumbine Monte Tumbine Monte Tumbine","peak_elev":1006,"peak_lon":36.793960974958864,"peak_lat":-16.04341690096839,"base_elev":569,"distance_m":421.5,"vertical_relief_m":437.0,"max_jut":313.8273,"search_radius_m":1125,"elev_angle_deg":46.0343}},{"type":"Feature","geometry":{"type":"Point","coordinates":[39.39727866833724,-14.788650112110242]},"properties":{"peak_name":"Monte Uncala","local_name":"Monte Uncala","english_name":"Monte Uncala","search_name":"Monte Uncala Monte Uncala Monte Uncala Monte Uncala Monte Uncala Monte Uncala","peak_elev":842,"peak_lon":39.39458372248488,"peak_lat":-14.785416177087413,"base_elev":406,"distance_m":460.7,"vertical_relief_m":436.0,"max_jut":299.315,"search_radius_m":1000,"elev_angle_deg":43.4222}},{"type":"Feature","geometry":{"type":"Point","coordinates":[38.6709907611266,-13.5023524567795]},"properties":{"peak_name":"Monte Uncùti","local_name":"Monte Uncùti","english_name":"Monte Uncùti","search_name":"Monte Uncùti Monte Uncùti Monte Uncùti Monte Uncùti Monte Uncùti Monte Uncùti","peak_elev":1036,"peak_lon":38.67314671780849,"peak_lat":-13.5061253809728,"base_elev":545,"distance_m":478.2,"vertical_relief_m":491.0,"max_jut":351.1217,"search_radius_m":1125,"elev_angle_deg":45.7566}},{"type":"Feature","geometry":{"type":"Point","coordinates":[33.403449598106555,-18.841579179472287]},"properties":{"peak_name":"Monte Urueri","local_name":"Monte Urueri","english_name":"Monte Urueri","search_name":"Monte Urueri Monte Urueri Monte Urueri Monte Urueri Monte Urueri Monte Urueri","peak_elev":1015,"peak_lon":33.40856999522604,"peak_lat":-18.843735136154173,"base_elev":591,"distance_m":590.1,"vertical_relief_m":424.0,"max_jut":247.5018,"search_radius_m":1750,"elev_angle_deg":35.6981}},{"type":"Feature","geometry":{"type":"Point","coordinates":[36.54063606483716,-12.085619422194602]},"properties":{"peak_name":"Monte Ximoso","local_name":"Monte Ximoso","english_name":"Monte Ximoso","search_name":"Monte Ximoso Monte Ximoso Monte Ximoso Monte Ximoso Monte Ximoso Monte Ximoso","peak_elev":1272,"peak_lon":36.53686314064386,"peak_lat":-12.094512743507384,"base_elev":691,"distance_m":1066.1,"vertical_relief_m":581.0,"max_jut":277.1228,"search_radius_m":1875,"elev_angle_deg":28.5894}},{"type":"Feature","geometry":{"type":"Point","coordinates":[34.04700266764978,-18.354602463951096]},"properties":{"peak_name":"Monte Zombue","local_name":"Monte Zombue","english_name":"Monte Zombue","search_name":"Monte Zombue Monte Zombue Monte Zombue Monte Zombue Monte Zombue Monte Zombue","peak_elev":1843,"peak_lon":34.061016386082045,"peak_lat":-18.366999214871942,"base_elev":987,"distance_m":2019.0,"vertical_relief_m":856.0,"max_jut":333.7541,"search_radius_m":14000,"elev_angle_deg":22.9756}},{"type":"Feature","geometry":{"type":"Point","coordinates":[55.45430504586004,-4.635441613349349]},"properties":{"peak_name":"Morne Seychellois","local_name":"Morne Seychellois","english_name":"Morne Seychellois","search_name":"Morne Seychellois Morne Seychellois Morne Seychellois Morne Seychellois Morne Seychellois Morne Seychellois","peak_elev":914,"peak_lon":55.4389438545016,"peak_lat":-4.644873923832604,"base_elev":74,"distance_m":1998.2,"vertical_relief_m":840.0,"max_jut":325.3285,"search_radius_m":3750,"elev_angle_deg":22.8008}},{"type":"Feature","geometry":{"type":"Point","coordinates":[33.70393606064454,4.429817244814391]},"properties":{"peak_name":"Morongole","local_name":"Morongole","english_name":"Morongole","search_name":"Morongole Morongole Morongole Morongole Morongole Morongole","peak_elev":1583,"peak_lon":33.711751403616375,"peak_lat":4.429008761058683,"base_elev":927,"distance_m":872.0,"vertical_relief_m":656.0,"max_jut":394.6341,"search_radius_m":1000,"elev_angle_deg":36.9539}},{"type":"Feature","geometry":{"type":"Point","coordinates":[34.81425375181627,2.5293414297311307]},"properties":{"peak_name":"Moroto","local_name":"Moroto","english_name":"Moroto","search_name":"Moroto Moroto Moroto Moroto Moroto Moroto","peak_elev":3055,"peak_lon":34.77409905861612,"peak_lat":2.5255685055378287,"base_elev":1492,"distance_m":4485.1,"vertical_relief_m":1563.0,"max_jut":514.8347,"search_radius_m":13500,"elev_angle_deg":19.2128}},{"type":"Feature","geometry":{"type":"Point","coordinates":[34.038109346336995,3.83019179266461]},"properties":{"peak_name":"Morungole","local_name":"Morungole","english_name":"Morungole","search_name":"Morungole Morungole Morungole Morungole Morungole Morungole","peak_elev":2739,"peak_lon":34.031910970876574,"peak_lat":3.815100095891402,"base_elev":1662,"distance_m":1805.2,"vertical_relief_m":1077.0,"max_jut":549.9241,"search_radius_m":5750,"elev_angle_deg":30.8207}},{"type":"Feature","geometry":{"type":"Point","coordinates":[39.80771892165145,14.72828332501741]},"properties":{"peak_name":"Mossohanle","local_name":"Mossohanle","english_name":"Mossohanle","search_name":"Mossohanle Mossohanle Mossohanle Mossohanle Mossohanle Mossohanle","peak_elev":1616,"peak_lon":39.796400149071545,"peak_lat":14.74580047305774,"base_elev":785,"distance_m":2289.6,"vertical_relief_m":831.0,"max_jut":282.723,"search_radius_m":3750,"elev_angle_deg":19.9481}},{"type":"Feature","geometry":{"type":"Point","coordinates":[38.25300465942579,16.80689506094157]},"properties":{"peak_name":"Mount Abargo","local_name":"Mount Abargo","english_name":"Mount Abargo","search_name":"Mount Abargo Mount Abargo Mount Abargo Mount Abargo Mount Abargo Mount Abargo","peak_elev":2511,"peak_lon":38.27456422624466,"peak_lat":16.805278093430157,"base_elev":1482,"distance_m":2305.1,"vertical_relief_m":1029.0,"max_jut":419.9277,"search_radius_m":4250,"elev_angle_deg":24.0561}},{"type":"Feature","geometry":{"type":"Point","coordinates":[15.695499391428898,-22.17010680172035]},"properties":{"peak_name":"Mount Abbabis","local_name":"Mount Abbabis","english_name":"Mount Abbabis","search_name":"Mount Abbabis Mount Abbabis Mount Abbabis Mount Abbabis Mount Abbabis Mount Abbabis","peak_elev":1988,"peak_lon":15.701697766889325,"peak_lat":-22.17603568259554,"base_elev":1310,"distance_m":916.3,"vertical_relief_m":678.0,"max_jut":402.9114,"search_radius_m":2000,"elev_angle_deg":36.4989}},{"type":"Feature","geometry":{"type":"Point","coordinates":[39.78642884941782,10.543301910889795]},"properties":{"peak_name":"Mount Abuye Meda","local_name":"Mount Abuye Meda","english_name":"Mount Abuye Meda","search_name":"Mount Abuye Meda Mount Abuye Meda Mount Abuye Meda Mount Abuye Meda Mount Abuye Meda Mount Abuye Meda","peak_elev":2950,"peak_lon":39.792357730293006,"peak_lat":10.548691802594512,"base_elev":2334,"distance_m":881.2,"vertical_relief_m":616.0,"max_jut":352.5121,"search_radius_m":1250,"elev_angle_deg":34.9553}},{"type":"Feature","geometry":{"type":"Point","coordinates":[-9.929123751137276,-40.27879545664373]},"properties":{"peak_name":"Mount Argus","local_name":"Mount Argus","english_name":"Mount Argus","search_name":"Mount Argus Mount Argus Mount Argus Mount Argus Mount Argus Mount Argus","peak_elev":571,"peak_lon":-9.933166169915816,"peak_lat":-40.28499383210415,"base_elev":0,"distance_m":769.4,"vertical_relief_m":571.0,"max_jut":340.1706,"search_radius_m":1375,"elev_angle_deg":36.5805}},{"type":"Feature","geometry":{"type":"Point","coordinates":[33.92896403931648,28.49837865222873]},"properties":{"peak_name":"Mount Catherine","local_name":"Mount Catherine","english_name":"Mount Catherine","search_name":"Mount Catherine Mount Catherine Mount Catherine Mount Catherine Mount Catherine Mount Catherine","peak_elev":2625,"peak_lon":33.95510501408435,"peak_lat":28.50969742480864,"base_elev":1670,"distance_m":2850.1,"vertical_relief_m":955.0,"max_jut":303.6656,"search_radius_m":5500,"elev_angle_deg":18.5248}},{"type":"Feature","geometry":{"type":"Point","coordinates":[38.08187559780102,16.783988021196524]},"properties":{"peak_name":"Mount Ecame","local_name":"Mount Ecame","english_name":"Mount Ecame","search_name":"Mount Ecame Mount Ecame Mount Ecame Mount Ecame Mount Ecame Mount Ecame","peak_elev":1581,"peak_lon":38.08861296243192,"peak_lat":16.790725385827418,"base_elev":987,"distance_m":1035.3,"vertical_relief_m":594.0,"max_jut":295.2128,"search_radius_m":1375,"elev_angle_deg":29.8449}},{"type":"Feature","geometry":{"type":"Point","coordinates":[34.38791331797314,1.147373196641659]},"properties":{"peak_name":"Mount Elgon [34.54045,1.13713]","local_name":"Mount Elgon","english_name":"Mount Elgon","search_name":"Mount Elgon Mount Elgon Mount Elgon Mount Elgon Mount Elgon Mount Elgon [34.54045,1.13713]","peak_elev":3989,"peak_lon":34.53963876946093,"peak_lat":1.1368629078174606,"base_elev":1393,"distance_m":16926.6,"vertical_relief_m":2596.0,"max_jut":393.96,"search_radius_m":34000,"elev_angle_deg":8.7194}},{"type":"Feature","geometry":{"type":"Point","coordinates":[34.38791331797314,1.147373196641659]},"properties":{"peak_name":"Mount Elgon [34.55000,1.13000]","local_name":"Mount Elgon","english_name":"Mount Elgon","search_name":"Mount Elgon Mount Elgon Mount Elgon Mount Elgon Mount Elgon Mount Elgon [34.55000,1.13000]","peak_elev":3874,"peak_lon":34.54934057452942,"peak_lat":1.1295865540160923,"base_elev":1393,"distance_m":18073.8,"vertical_relief_m":2481.0,"max_jut":337.7479,"search_radius_m":34000,"elev_angle_deg":7.8162}},{"type":"Feature","geometry":{"type":"Point","coordinates":[29.80246295018504,0.5132524375816887]},"properties":{"peak_name":"Mount Emin [29.89975,0.43698]","local_name":"Mount Emin","english_name":"Mount Emin","search_name":"Mount Emin Mount Emin Mount Emin Mount Emin Mount Emin Mount Emin [29.89975,0.43698]","peak_elev":4755,"peak_lon":29.900019990040423,"peak_lat":0.4364464807894695,"base_elev":954,"distance_m":13786.0,"vertical_relief_m":3801.0,"max_jut":1008.9275,"search_radius_m":28000,"elev_angle_deg":15.4143}},{"type":"Feature","geometry":{"type":"Point","coordinates":[29.801384971844097,0.5124439538259811]},"properties":{"peak_name":"Mount Emin [29.90071,0.43214]","local_name":"Mount Emin","english_name":"Mount Emin","search_name":"Mount Emin Mount Emin Mount Emin Mount Emin Mount Emin Mount Emin [29.90071,0.43214]","peak_elev":4674,"peak_lon":29.900019990040423,"peak_lat":0.4326735565961676,"base_elev":949,"distance_m":14083.7,"vertical_relief_m":3725.0,"max_jut":951.105,"search_radius_m":29000,"elev_angle_deg":14.8149}},{"type":"Feature","geometry":{"type":"Point","coordinates":[29.801384971844097,0.5124439538259811]},"properties":{"peak_name":"Mount Gessi","local_name":"Mount Gessi","english_name":"Mount Gessi","search_name":"Mount Gessi Mount Gessi Mount Gessi Mount Gessi Mount Gessi Mount Gessi","peak_elev":4633,"peak_lon":29.917537138080757,"peak_lat":0.422432762357205,"base_elev":949,"distance_m":16316.5,"vertical_relief_m":3684.0,"max_jut":810.2787,"search_radius_m":33000,"elev_angle_deg":12.7231}},{"type":"Feature","geometry":{"type":"Point","coordinates":[37.305192203151286,-0.1545551446327636]},"properties":{"peak_name":"Mount Kenya","local_name":"Mount Kenya","english_name":"Mount Kenya","search_name":"Mount Kenya Mount Kenya Mount Kenya Mount Kenya Mount Kenya Mount Kenya","peak_elev":5183,"peak_lon":37.30869563275935,"peak_lat":-0.1523991879508768,"base_elev":4492,"distance_m":457.1,"vertical_relief_m":691.0,"max_jut":576.1945,"search_radius_m":1125,"elev_angle_deg":56.5152}},{"type":"Feature","geometry":{"type":"Point","coordinates":[36.73979256332646,-0.5973347481752759]},"properties":{"peak_name":"Mount Kinangop","local_name":"Mount Kinangop","english_name":"Mount Kinangop","search_name":"Mount Kinangop Mount Kinangop Mount Kinangop Mount Kinangop Mount Kinangop Mount Kinangop","peak_elev":3868,"peak_lon":36.70799220226863,"peak_lat":-0.6267096579659842,"base_elev":2615,"distance_m":4804.2,"vertical_relief_m":1253.0,"max_jut":315.6407,"search_radius_m":11000,"elev_angle_deg":14.6179}},{"type":"Feature","geometry":{"type":"Point","coordinates":[36.96643750950982,2.696967061747834]},"properties":{"peak_name":"Mount Kulal","local_name":"Mount Kulal","english_name":"Mount Kulal","search_name":"Mount Kulal Mount Kulal Mount Kulal Mount Kulal Mount Kulal Mount Kulal","peak_elev":2157,"peak_lon":36.93975754557147,"peak_lat":2.688343235020286,"base_elev":1087,"distance_m":3116.2,"vertical_relief_m":1070.0,"max_jut":347.6385,"search_radius_m":12000,"elev_angle_deg":18.9508}},{"type":"Feature","geometry":{"type":"Point","coordinates":[29.76554219200773,0.3599100185824863]},"properties":{"peak_name":"Mount Luigi di Savoia","local_name":"Mount Luigi di Savoia","english_name":"Mount Luigi di Savoia","search_name":"Mount Luigi di Savoia Mount Luigi di Savoia Mount Luigi di Savoia Mount Luigi di Savoia Mount Luigi di Savoia Mount Luigi di Savoia","peak_elev":4581,"peak_lon":29.891396163312876,"peak_lat":0.3340385383998441,"base_elev":1180,"distance_m":14298.8,"vertical_relief_m":3401.0,"max_jut":787.6101,"search_radius_m":34000,"elev_angle_deg":13.3793}},{"type":"Feature","geometry":{"type":"Point","coordinates":[37.03947054210873,-15.367793975782098]},"properties":{"peak_name":"Mount Namuli","local_name":"Mount Namuli","english_name":"Mount Namuli","search_name":"Mount Namuli Mount Namuli Mount Namuli Mount Namuli Mount Namuli Mount Namuli","peak_elev":2345,"peak_lon":37.02842126411406,"peak_lat":-15.375339824168702,"base_elev":1627,"distance_m":1450.7,"vertical_relief_m":718.0,"max_jut":318.3131,"search_radius_m":8500,"elev_angle_deg":26.3323}},{"type":"Feature","geometry":{"type":"Point","coordinates":[36.897716390274674,2.15474395625329]},"properties":{"peak_name":"Mount Nyiru","local_name":"Mount Nyiru","english_name":"Mount Nyiru","search_name":"Mount Nyiru Mount Nyiru Mount Nyiru Mount Nyiru Mount Nyiru Mount Nyiru","peak_elev":2779,"peak_lon":36.85001584868792,"peak_lat":2.130758938167299,"base_elev":1000,"distance_m":5932.2,"vertical_relief_m":1779.0,"max_jut":510.9107,"search_radius_m":11000,"elev_angle_deg":16.6934}},{"type":"Feature","geometry":{"type":"Point","coordinates":[9.56018566394939,6.038430424087218]},"properties":{"peak_name":"Mount Oko","local_name":"Mount Oko","english_name":"Mount Oko","search_name":"Mount Oko Mount Oko Mount Oko Mount Oko Mount Oko Mount Oko","peak_elev":1287,"peak_lon":9.577433317404486,"peak_lat":6.043011832036227,"base_elev":508,"distance_m":1975.5,"vertical_relief_m":779.0,"max_jut":285.9485,"search_radius_m":2000,"elev_angle_deg":21.5208}},{"type":"Feature","geometry":{"type":"Point","coordinates":[10.526862741190408,6.137065442283541]},"properties":{"peak_name":"Mount Oku","local_name":"Mount Oku","english_name":"Mount Oku","search_name":"Mount Oku Mount Oku Mount Oku Mount Oku Mount Oku Mount Oku","peak_elev":2856,"peak_lon":10.516621946951446,"peak_lat":6.18395750011458,"base_elev":1461,"distance_m":5308.0,"vertical_relief_m":1395.0,"max_jut":352.861,"search_radius_m":14500,"elev_angle_deg":14.725}},{"type":"Feature","geometry":{"type":"Point","coordinates":[-12.32573909763975,-37.09471693208208]},"properties":{"peak_name":"Mount Olav","local_name":"Mount Olav","english_name":"Mount Olav","search_name":"Mount Olav Mount Olav Mount Olav Mount Olav Mount Olav Mount Olav","peak_elev":1948,"peak_lon":-12.288818339462438,"peak_lat":-37.11492902597477,"base_elev":116,"distance_m":3975.2,"vertical_relief_m":1832.0,"max_jut":767.4526,"search_radius_m":7750,"elev_angle_deg":24.743}},{"type":"Feature","geometry":{"type":"Point","coordinates":[29.77524399707622,0.3995257226121572]},"properties":{"peak_name":"Mount Speke [29.89086,0.40626]","local_name":"Mount Speke","english_name":"Mount Speke","search_name":"Mount Speke Mount Speke Mount Speke Mount Speke Mount Speke Mount Speke [29.89086,0.40626]","peak_elev":4822,"peak_lon":29.89112666872764,"peak_lat":0.4054546034873461,"base_elev":1247,"distance_m":12916.3,"vertical_relief_m":3575.0,"max_jut":954.6164,"search_radius_m":30000,"elev_angle_deg":15.4711}},{"type":"Feature","geometry":{"type":"Point","coordinates":[29.77524399707622,0.3995257226121572]},"properties":{"peak_name":"Mount Speke [29.89207,0.40267]","local_name":"Mount Speke","english_name":"Mount Speke","search_name":"Mount Speke Mount Speke Mount Speke Mount Speke Mount Speke Mount Speke [29.89207,0.40267]","peak_elev":4812,"peak_lon":29.891396163312876,"peak_lat":0.4024901630497516,"base_elev":1247,"distance_m":12933.8,"vertical_relief_m":3565.0,"max_jut":948.2896,"search_radius_m":31000,"elev_angle_deg":15.41}},{"type":"Feature","geometry":{"type":"Point","coordinates":[-9.930201729478222,8.14884252106921]},"properties":{"peak_name":"Mount Wuteve","local_name":"Mount Wuteve","english_name":"Mount Wuteve","search_name":"Mount Wuteve Mount Wuteve Mount Wuteve Mount Wuteve Mount Wuteve Mount Wuteve","peak_elev":1445,"peak_lon":-9.92642880528492,"peak_lat":8.14560858604638,"base_elev":970,"distance_m":548.4,"vertical_relief_m":475.0,"max_jut":310.6807,"search_radius_m":1875,"elev_angle_deg":40.8977}},{"type":"Feature","geometry":{"type":"Point","coordinates":[38.87176422712732,8.555779344775353]},"properties":{"peak_name":"Mount Zuqualla","local_name":"Mount Zuqualla","english_name":"Mount Zuqualla","search_name":"Mount Zuqualla Mount Zuqualla Mount Zuqualla Mount Zuqualla Mount Zuqualla Mount Zuqualla","peak_elev":2708,"peak_lon":38.86583534625213,"peak_lat":8.549041980144457,"base_elev":2081,"distance_m":990.6,"vertical_relief_m":627.0,"max_jut":334.7274,"search_radius_m":5250,"elev_angle_deg":32.3318}},{"type":"Feature","geometry":{"type":"Point","coordinates":[-5.902335658543111,32.1125705348268]},"properties":{"peak_name":"Mourik","local_name":"Mourik","english_name":"Mourik","search_name":"Mourik Mourik Mourik Mourik Mourik Mourik","peak_elev":3115,"peak_lon":-5.904491615224997,"peak_lat":32.13035717745237,"base_elev":2166,"distance_m":1982.8,"vertical_relief_m":949.0,"max_jut":408.7966,"search_radius_m":3750,"elev_angle_deg":25.5765}},{"type":"Feature","geometry":{"type":"Point","coordinates":[-5.515610928729656,32.20797161800029]},"properties":{"peak_name":"Msadrid","local_name":"Msadrid","english_name":"Msadrid","search_name":"Msadrid Msadrid Msadrid Msadrid Msadrid Msadrid","peak_elev":3059,"peak_lon":-5.508604069513524,"peak_lat":32.19476638332374,"base_elev":2363,"distance_m":1606.5,"vertical_relief_m":696.0,"max_jut":276.237,"search_radius_m":2500,"elev_angle_deg":23.4242}},{"type":"Feature","geometry":{"type":"Point","coordinates":[5.699675730445747,36.60881819490184]},"properties":{"peak_name":"Msid ech Cheta","local_name":"Msid ech Cheta","english_name":"Msid ech Cheta","search_name":"Msid ech Cheta Msid ech Cheta Msid ech Cheta Msid ech Cheta Msid ech Cheta Msid ech Cheta","peak_elev":1531,"peak_lon":5.697250279178624,"peak_lat":36.63442018049924,"base_elev":448,"distance_m":2849.4,"vertical_relief_m":1083.0,"max_jut":384.1089,"search_radius_m":4000,"elev_angle_deg":20.8108}},{"type":"Feature","geometry":{"type":"Point","coordinates":[35.40714183933515,1.6653417894649751]},"properties":{"peak_name":"Mtelo","local_name":"Mtelo","english_name":"Mtelo","search_name":"Mtelo Mtelo Mtelo Mtelo Mtelo Mtelo","peak_elev":3331,"peak_lon":35.382078842908214,"peak_lat":1.659682403175022,"base_elev":1953,"distance_m":2858.2,"vertical_relief_m":1378.0,"max_jut":598.8332,"search_radius_m":5000,"elev_angle_deg":25.7397}},{"type":"Feature","geometry":{"type":"Point","coordinates":[38.625985165392215,-15.895464373673905]},"properties":{"peak_name":"Muacomuana","local_name":"Muacomuana","english_name":"Muacomuana","search_name":"Muacomuana Muacomuana Muacomuana Muacomuana Muacomuana Muacomuana","peak_elev":714,"peak_lon":38.62841061665935,"peak_lat":-15.890882965724895,"base_elev":242,"distance_m":569.6,"vertical_relief_m":472.0,"max_jut":300.515,"search_radius_m":1125,"elev_angle_deg":39.6469}},{"type":"Feature","geometry":{"type":"Point","coordinates":[34.38791331797314,1.147373196641659]},"properties":{"peak_name":"Mubiyi","local_name":"Mubiyi","english_name":"Mubiyi","search_name":"Mubiyi Mubiyi Mubiyi Mubiyi Mubiyi Mubiyi","peak_elev":3894,"peak_lon":34.57036115217782,"peak_lat":1.1244661568966112,"base_elev":1393,"distance_m":20463.4,"vertical_relief_m":2501.0,"max_jut":303.7131,"search_radius_m":34000,"elev_angle_deg":6.968}},{"type":"Feature","geometry":{"type":"Point","coordinates":[29.677956451806075,-1.3497636301537872]},"properties":{"peak_name":"Muhavura","local_name":"Muhavura","english_name":"Muhavura","search_name":"Muhavura Muhavura Muhavura Muhavura Muhavura Muhavura","peak_elev":4125,"peak_lon":29.677956451806075,"peak_lat":-1.3829114641377975,"base_elev":2273,"distance_m":3665.3,"vertical_relief_m":1852.0,"max_jut":831.4937,"search_radius_m":6000,"elev_angle_deg":26.8065}},{"type":"Feature","geometry":{"type":"Point","coordinates":[29.363456270835837,-1.6728876378515791]},"properties":{"peak_name":"Muhungwe","local_name":"Muhungwe","english_name":"Muhungwe","search_name":"Muhungwe Muhungwe Muhungwe Muhungwe Muhungwe Muhungwe","peak_elev":2918,"peak_lon":29.383398870143285,"peak_lat":-1.6782775295562962,"base_elev":2034,"distance_m":2297.7,"vertical_relief_m":884.0,"max_jut":317.6071,"search_radius_m":4000,"elev_angle_deg":21.0434}},{"type":"Feature","geometry":{"type":"Point","coordinates":[39.53202596095517,14.98915408352572]},"properties":{"peak_name":"Muriay Daga","local_name":"Muriay Daga","english_name":"Muriay Daga","search_name":"Muriay Daga Muriay Daga Muriay Daga Muriay Daga Muriay Daga Muriay Daga","peak_elev":1780,"peak_lon":39.54442271187602,"peak_lat":14.989962567281427,"base_elev":1109,"distance_m":1336.3,"vertical_relief_m":671.0,"max_jut":301.4128,"search_radius_m":2250,"elev_angle_deg":26.6627}},{"type":"Feature","geometry":{"type":"Point","coordinates":[13.139612745052036,-14.971906430070623]},"properties":{"peak_name":"Mutunda","local_name":"Mutunda","english_name":"Mutunda","search_name":"Mutunda Mutunda Mutunda Mutunda Mutunda Mutunda","peak_elev":1399,"peak_lon":13.128024477886894,"peak_lat":-14.975948848849162,"base_elev":737,"distance_m":1324.3,"vertical_relief_m":662.0,"max_jut":296.1519,"search_radius_m":2250,"elev_angle_deg":26.5599}},{"type":"Feature","geometry":{"type":"Point","coordinates":[46.86200918478523,10.52740173036088]},"properties":{"peak_name":"Muullaax","local_name":"Muullaax","english_name":"Muullaax","search_name":"Muullaax Muullaax Muullaax Muullaax Muullaax Muullaax","peak_elev":1525,"peak_lon":46.88006532199603,"peak_lat":10.539259492111256,"base_elev":578,"distance_m":2372.0,"vertical_relief_m":947.0,"max_jut":350.9078,"search_radius_m":4250,"elev_angle_deg":21.7639}},{"type":"Feature","geometry":{"type":"Point","coordinates":[42.26793499026958,11.856010035573652]},"properties":{"peak_name":"Mêgo Aroug","local_name":"Mêgo Aroug","english_name":"Mêgo Aroug","search_name":"Mêgo Aroug Mêgo Aroug Mêgo Aroug Mêgo Aroug Mêgo Aroug Mêgo Aroug","peak_elev":1692,"peak_lon":42.248261885547365,"peak_lat":11.837414909192375,"base_elev":484,"distance_m":2970.9,"vertical_relief_m":1208.0,"max_jut":454.2803,"search_radius_m":5500,"elev_angle_deg":22.1272}},{"type":"Feature","geometry":{"type":"Point","coordinates":[28.83416890543261,-28.73876782225912]},"properties":{"peak_name":"Namahadi Peak","local_name":"Namahadi Peak","english_name":"Namahadi Peak","search_name":"Namahadi Peak Namahadi Peak Namahadi Peak Namahadi Peak Namahadi Peak Namahadi Peak","peak_elev":3287,"peak_lon":28.806949952323787,"peak_lat":-28.770568183316943,"base_elev":2143,"distance_m":4414.7,"vertical_relief_m":1144.0,"max_jut":286.6106,"search_radius_m":29000,"elev_angle_deg":14.5277}},{"type":"Feature","geometry":{"type":"Point","coordinates":[29.569350133956025,-4.161939627089949]},"properties":{"peak_name":"Namba","local_name":"Namba","english_name":"Namba","search_name":"Namba Namba Namba Namba Namba Namba","peak_elev":1670,"peak_lon":29.577434971513103,"peak_lat":-4.171102442987968,"base_elev":888,"distance_m":1353.6,"vertical_relief_m":782.0,"max_jut":390.4088,"search_radius_m":1750,"elev_angle_deg":30.0158}},{"type":"Feature","geometry":{"type":"Point","coordinates":[12.878202997373256,-14.982416718894823]},"properties":{"peak_name":"Nascente","local_name":"Nascente","english_name":"Nascente","search_name":"Nascente Nascente Nascente Nascente Nascente Nascente","peak_elev":1057,"peak_lon":12.880358954055142,"peak_lat":-14.974601375922983,"base_elev":509,"distance_m":895.3,"vertical_relief_m":548.0,"max_jut":285.1458,"search_radius_m":1750,"elev_angle_deg":31.4702}},{"type":"Feature","geometry":{"type":"Point","coordinates":[10.235808589135685,5.911228979855894]},"properties":{"peak_name":"Neshele","local_name":"Neshele","english_name":"Neshele","search_name":"Neshele Neshele Neshele Neshele Neshele Neshele","peak_elev":2613,"peak_lon":10.235000105379974,"peak_lat":5.923895225361979,"base_elev":1948,"distance_m":1403.6,"vertical_relief_m":665.0,"max_jut":283.4616,"search_radius_m":9250,"elev_angle_deg":25.3507}},{"type":"Feature","geometry":{"type":"Point","coordinates":[9.90945064641506,5.309717065609462]},"properties":{"peak_name":"Ngoatoko","local_name":"Ngoatoko","english_name":"Ngoatoko","search_name":"Ngoatoko Ngoatoko Ngoatoko Ngoatoko Ngoatoko Ngoatoko","peak_elev":1439,"peak_lon":9.90891165724459,"peak_lat":5.319688365263189,"base_elev":841,"distance_m":1104.3,"vertical_relief_m":598.0,"max_jut":283.553,"search_radius_m":2000,"elev_angle_deg":28.4364}},{"type":"Feature","geometry":{"type":"Point","coordinates":[31.035400677639085,-26.17237088705805]},"properties":{"peak_name":"Ngwenya","local_name":"Ngwenya","english_name":"Ngwenya","search_name":"Ngwenya Ngwenya Ngwenya Ngwenya Ngwenya Ngwenya","peak_elev":1813,"peak_lon":31.05399580402036,"peak_lat":-26.16940644662046,"base_elev":1087,"distance_m":1887.8,"vertical_relief_m":726.0,"max_jut":260.9581,"search_radius_m":4250,"elev_angle_deg":21.0355}},{"type":"Feature","geometry":{"type":"Point","coordinates":[38.98629942585256,-15.554823217935782]},"properties":{"peak_name":"Nicunaco","local_name":"Nicunaco","english_name":"Nicunaco","search_name":"Nicunaco Nicunaco Nicunaco Nicunaco Nicunaco Nicunaco","peak_elev":950,"peak_lon":38.98225700707402,"peak_lat":-15.551858777498188,"base_elev":358,"distance_m":543.7,"vertical_relief_m":592.0,"max_jut":435.8237,"search_radius_m":1375,"elev_angle_deg":47.4353}},{"type":"Feature","geometry":{"type":"Point","coordinates":[-9.96415804721794,-40.27906495122896]},"properties":{"peak_name":"Nigel’s Cap","local_name":"Nigel’s Cap","english_name":"Nigel’s Cap","search_name":"Nigel’s Cap Nigel’s Cap Nigel’s Cap Nigel’s Cap Nigel’s Cap Nigel’s Cap","peak_elev":805,"peak_lon":-9.96281057429176,"peak_lat":-40.29334816424646,"base_elev":0,"distance_m":1590.2,"vertical_relief_m":805.0,"max_jut":363.1928,"search_radius_m":5000,"elev_angle_deg":26.8497}},{"type":"Feature","geometry":{"type":"Point","coordinates":[18.811665280511107,12.116611299496723]},"properties":{"peak_name":"Nikou","local_name":"Nikou","english_name":"Nikou","search_name":"Nikou Nikou Nikou Nikou Nikou Nikou","peak_elev":1227,"peak_lon":18.822714558505776,"peak_lat":12.116072310326253,"base_elev":545,"distance_m":1204.3,"vertical_relief_m":682.0,"max_jut":336.3996,"search_radius_m":1375,"elev_angle_deg":29.5231}},{"type":"Feature","geometry":{"type":"Point","coordinates":[29.390136234774182,-29.176696523267385]},"properties":{"peak_name":"Njesuthi","local_name":"Njesuthi","english_name":"Njesuthi","search_name":"Njesuthi Njesuthi Njesuthi Njesuthi Njesuthi Njesuthi","peak_elev":3408,"peak_lon":29.37127161380767,"peak_lat":-29.203915476376203,"base_elev":1969,"distance_m":3531.0,"vertical_relief_m":1439.0,"max_jut":542.2352,"search_radius_m":5750,"elev_angle_deg":22.1725}},{"type":"Feature","geometry":{"type":"Point","coordinates":[13.395902095611335,-14.75496328895576]},"properties":{"peak_name":"Nompava","local_name":"Nompava","english_name":"Nompava","search_name":"Nompava Nompava Nompava Nompava Nompava Nompava","peak_elev":2235,"peak_lon":13.431205886277231,"peak_lat":-14.781104263723638,"base_elev":989,"distance_m":4776.3,"vertical_relief_m":1246.0,"max_jut":314.2399,"search_radius_m":7000,"elev_angle_deg":14.621}},{"type":"Feature","geometry":{"type":"Point","coordinates":[9.65774270380477,5.241534935544791]},"properties":{"peak_name":"Ntale","local_name":"Ntale","english_name":"Ntale","search_name":"Ntale Ntale Ntale Ntale Ntale Ntale","peak_elev":1272,"peak_lon":9.653700285026233,"peak_lat":5.231563635891064,"base_elev":517,"distance_m":1190.2,"vertical_relief_m":755.0,"max_jut":403.0951,"search_radius_m":3500,"elev_angle_deg":32.3889}},{"type":"Feature","geometry":{"type":"Point","coordinates":[28.504307533103923,-28.70238605325228]},"properties":{"peak_name":"Ntelle","local_name":"Ntelle","english_name":"Ntelle","search_name":"Ntelle Ntelle Ntelle Ntelle Ntelle Ntelle","peak_elev":2655,"peak_lon":28.51751276778048,"peak_lat":-28.68891132399048,"base_elev":1833,"distance_m":1973.7,"vertical_relief_m":822.0,"max_jut":315.7316,"search_radius_m":2500,"elev_angle_deg":22.6106}},{"type":"Feature","geometry":{"type":"Point","coordinates":[29.95149345582047,0.2372899823001716]},"properties":{"peak_name":"Nyamyalilo","local_name":"Nyamyalilo","english_name":"Nyamyalilo","search_name":"Nyamyalilo Nyamyalilo Nyamyalilo Nyamyalilo Nyamyalilo Nyamyalilo","peak_elev":4014,"peak_lon":29.918076127251226,"peak_lat":0.2507647115619644,"base_elev":2164,"distance_m":4007.2,"vertical_relief_m":1850.0,"max_jut":775.5479,"search_radius_m":34000,"elev_angle_deg":24.7813}},{"type":"Feature","geometry":{"type":"Point","coordinates":[32.70357216024904,-17.878405531839338]},"properties":{"peak_name":"Nyangui","local_name":"Nyangui","english_name":"Nyangui","search_name":"Nyangui Nyangui Nyangui Nyangui Nyangui Nyangui","peak_elev":2225,"peak_lon":32.731869091698805,"peak_lat":-17.878405531839338,"base_elev":1330,"distance_m":2998.8,"vertical_relief_m":895.0,"max_jut":256.2936,"search_radius_m":6000,"elev_angle_deg":16.6179}},{"type":"Feature","geometry":{"type":"Point","coordinates":[29.48257287751008,-3.096358037067373]},"properties":{"peak_name":"Nyaruzuru","local_name":"Nyaruzuru","english_name":"Nyaruzuru","search_name":"Nyaruzuru Nyaruzuru Nyaruzuru Nyaruzuru Nyaruzuru Nyaruzuru","peak_elev":1870,"peak_lon":29.493352660919516,"peak_lat":-3.0936630912150145,"base_elev":1206,"distance_m":1234.8,"vertical_relief_m":664.0,"max_jut":314.6618,"search_radius_m":1500,"elev_angle_deg":28.2686}},{"type":"Feature","geometry":{"type":"Point","coordinates":[-2.032123919970976,15.019876466242607]},"properties":{"peak_name":"Nyassongo","local_name":"Nyassongo","english_name":"Nyassongo","search_name":"Nyassongo Nyassongo Nyassongo Nyassongo Nyassongo Nyassongo","peak_elev":828,"peak_lon":-2.03508836040857,"peak_lat":15.022571412094964,"base_elev":453,"distance_m":436.5,"vertical_relief_m":375.0,"max_jut":244.1391,"search_radius_m":1375,"elev_angle_deg":40.6661}},{"type":"Feature","geometry":{"type":"Point","coordinates":[31.81774345857877,3.785455691515458]},"properties":{"peak_name":"Nyeri","local_name":"Nyeri","english_name":"Nyeri","search_name":"Nyeri Nyeri Nyeri Nyeri Nyeri Nyeri","peak_elev":1402,"peak_lon":31.82663677989156,"peak_lat":3.7935405290725335,"base_elev":742,"distance_m":1332.3,"vertical_relief_m":660.0,"max_jut":292.5259,"search_radius_m":2500,"elev_angle_deg":26.3531}},{"type":"Feature","geometry":{"type":"Point","coordinates":[14.36204018368188,-11.26366093722524]},"properties":{"peak_name":"Oco","local_name":"Oco","english_name":"Oco","search_name":"Oco Oco Oco Oco Oco Oco","peak_elev":1398,"peak_lon":14.366352097045654,"peak_lat":-11.25907952927623,"base_elev":965,"distance_m":691.7,"vertical_relief_m":433.0,"max_jut":229.3749,"search_radius_m":1250,"elev_angle_deg":32.0463}},{"type":"Feature","geometry":{"type":"Point","coordinates":[15.340036033502804,-20.828023767245785]},"properties":{"peak_name":"Okenyenya","local_name":"Okenyenya","english_name":"Okenyenya","search_name":"Okenyenya Okenyenya Okenyenya Okenyenya Okenyenya Okenyenya","peak_elev":1897,"peak_lon":15.32736978799672,"peak_lat":-20.838534056069985,"base_elev":1042,"distance_m":1758.4,"vertical_relief_m":855.0,"max_jut":373.5612,"search_radius_m":2750,"elev_angle_deg":25.9308}},{"type":"Feature","geometry":{"type":"Point","coordinates":[36.54548696737141,-0.3450878163945142]},"properties":{"peak_name":"Oldoinyo Lesatima","local_name":"Oldoinyo Lesatima","english_name":"Oldoinyo Lesatima","search_name":"Oldoinyo Lesatima Oldoinyo Lesatima Oldoinyo Lesatima Oldoinyo Lesatima Oldoinyo Lesatima Oldoinyo Lesatima","peak_elev":3902,"peak_lon":36.60504527070853,"peak_lat":-0.3200248199675796,"base_elev":2510,"distance_m":7185.8,"vertical_relief_m":1392.0,"max_jut":264.7597,"search_radius_m":27000,"elev_angle_deg":10.9633}},{"type":"Feature","geometry":{"type":"Point","coordinates":[16.71580589113185,-21.192380446484663]},"properties":{"peak_name":"Omatako","local_name":"Omatako","english_name":"Omatako","search_name":"Omatako Omatako Omatako Omatako Omatako Omatako","peak_elev":2277,"peak_lon":16.711763472353315,"peak_lat":-21.2031602298941,"base_elev":1592,"distance_m":1265.2,"vertical_relief_m":685.0,"max_jut":325.2223,"search_radius_m":2500,"elev_angle_deg":28.4318}},{"type":"Feature","geometry":{"type":"Point","coordinates":[32.165391473533035,4.476439808060194]},"properties":{"peak_name":"Omiki","local_name":"Omiki","english_name":"Omiki","search_name":"Omiki Omiki Omiki Omiki Omiki Omiki","peak_elev":1352,"peak_lon":32.15137775510077,"peak_lat":4.481021216009204,"base_elev":666,"distance_m":1635.7,"vertical_relief_m":686.0,"max_jut":265.4269,"search_radius_m":3000,"elev_angle_deg":22.7528}},{"type":"Feature","geometry":{"type":"Point","coordinates":[39.692644733755735,14.98645913767336]},"properties":{"peak_name":"Onugdu","local_name":"Onugdu","english_name":"Onugdu","search_name":"Onugdu Onugdu Onugdu Onugdu Onugdu Onugdu","peak_elev":1455,"peak_lon":39.67836152073824,"peak_lat":14.971636935485389,"base_elev":564,"distance_m":2247.2,"vertical_relief_m":891.0,"max_jut":327.8265,"search_radius_m":3250,"elev_angle_deg":21.628}},{"type":"Feature","geometry":{"type":"Point","coordinates":[14.575749389773916,-21.21555698081495]},"properties":{"peak_name":"Orabes-Kopf","local_name":"Orabes-Kopf","english_name":"Orabes-Kopf","search_name":"Orabes-Kopf Orabes-Kopf Orabes-Kopf Orabes-Kopf Orabes-Kopf Orabes-Kopf","peak_elev":2286,"peak_lon":14.57736635728533,"peak_lat":-21.196153370677965,"base_elev":1057,"distance_m":2154.9,"vertical_relief_m":1229.0,"max_jut":606.9158,"search_radius_m":6500,"elev_angle_deg":29.6973}},{"type":"Feature","geometry":{"type":"Point","coordinates":[9.427594328013347,6.249175189741658]},"properties":{"peak_name":"Ossa-Ekel","local_name":"Ossa-Ekel","english_name":"Ossa-Ekel","search_name":"Ossa-Ekel Ossa-Ekel Ossa-Ekel Ossa-Ekel Ossa-Ekel Ossa-Ekel","peak_elev":1696,"peak_lon":9.452657324440285,"peak_lat":6.2521396301792524,"base_elev":556,"distance_m":2792.8,"vertical_relief_m":1140.0,"max_jut":431.2202,"search_radius_m":5750,"elev_angle_deg":22.2049}},{"type":"Feature","geometry":{"type":"Point","coordinates":[32.92374923638673,-18.598495063589542]},"properties":{"peak_name":"Panga","local_name":"Panga","english_name":"Panga","search_name":"Panga Panga Panga Panga Panga Panga","peak_elev":1951,"peak_lon":32.91027450712494,"peak_lat":-18.58879325852105,"base_elev":1090,"distance_m":1782.1,"vertical_relief_m":861.0,"max_jut":374.3304,"search_radius_m":7000,"elev_angle_deg":25.7869}},{"type":"Feature","geometry":{"type":"Point","coordinates":[19.214829180023948,-33.87344815475789]},"properties":{"peak_name":"Perdekop","local_name":"Perdekop","english_name":"Perdekop","search_name":"Perdekop Perdekop Perdekop Perdekop Perdekop Perdekop","peak_elev":1577,"peak_lon":19.19839001032456,"peak_lat":-33.87263967100218,"base_elev":667,"distance_m":1523.6,"vertical_relief_m":910.0,"max_jut":467.3518,"search_radius_m":2500,"elev_angle_deg":30.8486}},{"type":"Feature","geometry":{"type":"Point","coordinates":[8.744964543610925,3.632652261686727]},"properties":{"peak_name":"Pico Basilé","local_name":"Pico Basilé","english_name":"Pico Basilé","search_name":"Pico Basilé Pico Basilé Pico Basilé Pico Basilé Pico Basilé Pico Basilé","peak_elev":3011,"peak_lon":8.76221219706602,"peak_lat":3.587916160537575,"base_elev":939,"distance_m":5305.0,"vertical_relief_m":2072.0,"max_jut":750.7464,"search_radius_m":16500,"elev_angle_deg":21.3344}},{"type":"Feature","geometry":{"type":"Point","coordinates":[8.611025734748704,3.4372686873907314]},"properties":{"peak_name":"Pico Biaó","local_name":"Pico Biaó","english_name":"Pico Biaó","search_name":"Pico Biaó Pico Biaó Pico Biaó Pico Biaó Pico Biaó Pico Biaó","peak_elev":2006,"peak_lon":8.632854796152808,"peak_lat":3.3620796981099272,"base_elev":255,"distance_m":8660.8,"vertical_relief_m":1751.0,"max_jut":345.3071,"search_radius_m":17500,"elev_angle_deg":11.4297}},{"type":"Feature","geometry":{"type":"Point","coordinates":[5.626103708676357,-1.4413917891339785]},"properties":{"peak_name":"Pico Quioveo","local_name":"Pico Quioveo","english_name":"Pico Quioveo","search_name":"Pico Quioveo Pico Quioveo Pico Quioveo Pico Quioveo Pico Quioveo Pico Quioveo","peak_elev":579,"peak_lon":5.632571578722018,"peak_lat":-1.4400443162077992,"base_elev":1,"distance_m":735.0,"vertical_relief_m":578.0,"max_jut":357.4681,"search_radius_m":1375,"elev_angle_deg":38.1813}},{"type":"Feature","geometry":{"type":"Point","coordinates":[-23.629419980772514,15.05410227856756]},"properties":{"peak_name":"Pico da Antónia","local_name":"Pico da Antónia","english_name":"Pico da Antónia","search_name":"Pico da Antónia Pico da Antónia Pico da Antónia Pico da Antónia Pico da Antónia Pico da Antónia","peak_elev":1335,"peak_lon":-23.635887850818172,"peak_lat":15.050598848959494,"base_elev":660,"distance_m":796.2,"vertical_relief_m":675.0,"max_jut":436.4601,"search_radius_m":1500,"elev_angle_deg":40.2905}},{"type":"Feature","geometry":{"type":"Point","coordinates":[-25.016778105566704,17.129749574054127]},"properties":{"peak_name":"Pico da Cruz","local_name":"Pico da Cruz","english_name":"Pico da Cruz","search_name":"Pico da Cruz Pico da Cruz Pico da Cruz Pico da Cruz Pico da Cruz Pico da Cruz","peak_elev":1573,"peak_lon":-25.03133081316944,"peak_lat":17.103339104701014,"base_elev":136,"distance_m":3307.8,"vertical_relief_m":1437.0,"max_jut":570.9372,"search_radius_m":7750,"elev_angle_deg":23.4815}},{"type":"Feature","geometry":{"type":"Point","coordinates":[6.514627356198976,0.2731327621365405]},"properties":{"peak_name":"Pico de São Tomé","local_name":"Pico de São Tomé","english_name":"Pico de São Tomé","search_name":"Pico de São Tomé Pico de São Tomé Pico de São Tomé Pico de São Tomé Pico de São Tomé Pico de São Tomé","peak_elev":1976,"peak_lon":6.541576814722562,"peak_lat":0.2690903433580027,"base_elev":294,"distance_m":3033.1,"vertical_relief_m":1682.0,"max_jut":816.329,"search_radius_m":5000,"elev_angle_deg":29.0105}},{"type":"Feature","geometry":{"type":"Point","coordinates":[-24.290220703770835,14.955736754956472]},"properties":{"peak_name":"Pico do Fogo","local_name":"Pico do Fogo","english_name":"Pico do Fogo","search_name":"Pico do Fogo Pico do Fogo Pico do Fogo Pico do Fogo Pico do Fogo Pico do Fogo","peak_elev":2813,"peak_lon":-24.342772147891825,"peak_lat":14.950346863251756,"base_elev":1,"distance_m":5684.5,"vertical_relief_m":2812.0,"max_jut":1248.0799,"search_radius_m":13500,"elev_angle_deg":26.3206}},{"type":"Feature","geometry":{"type":"Point","coordinates":[7.372159126419472,1.5704796954619535]},"properties":{"peak_name":"Pico do Príncipe","local_name":"Pico do Príncipe","english_name":"Pico do Príncipe","search_name":"Pico do Príncipe Pico do Príncipe Pico do Príncipe Pico do Príncipe Pico do Príncipe Pico do Príncipe","peak_elev":914,"peak_lon":7.381860931487963,"peak_lat":1.5796425113599728,"base_elev":183,"distance_m":1480.5,"vertical_relief_m":731.0,"max_jut":323.0941,"search_radius_m":2000,"elev_angle_deg":26.278}},{"type":"Feature","geometry":{"type":"Point","coordinates":[46.95741026795872,10.689098481502391]},"properties":{"peak_name":"Piramid Piq","local_name":"Piramid Piq","english_name":"Piramid Piq","search_name":"Piramid Piq Piramid Piq Piramid Piq Piramid Piq Piramid Piq Piramid Piq","peak_elev":1554,"peak_lon":46.97169348097622,"peak_lat":10.71011905915079,"base_elev":578,"distance_m":2801.4,"vertical_relief_m":976.0,"max_jut":320.1822,"search_radius_m":6750,"elev_angle_deg":19.2082}},{"type":"Feature","geometry":{"type":"Point","coordinates":[55.80168356622906,-21.25921510362316]},"properties":{"peak_name":"Piton de la Fournaise","local_name":"Piton de la Fournaise","english_name":"Piton de la Fournaise","search_name":"Piton de la Fournaise Piton de la Fournaise Piton de la Fournaise Piton de la Fournaise Piton de la Fournaise Piton de la Fournaise","peak_elev":2612,"peak_lon":55.70682147222604,"peak_lat":-21.244931890605656,"base_elev":0,"distance_m":9972.4,"vertical_relief_m":2612.0,"max_jut":662.664,"search_radius_m":20000,"elev_angle_deg":14.6774}},{"type":"Feature","geometry":{"type":"Point","coordinates":[57.396822016240094,-20.395215463357]},"properties":{"peak_name":"Piton de la Petite Rivière Noire","local_name":"Piton de la Petite Rivière Noire","english_name":"Piton de la Petite Rivière Noire","search_name":"Piton de la Petite Rivière Noire Piton de la Petite Rivière Noire Piton de la Petite Rivière Noire Piton de la Petite Rivière Noire Piton de la Petite Rivière Noire Piton de la Petite Rivière Noire","peak_elev":820,"peak_lon":57.409488261746176,"peak_lat":-20.404647773840257,"base_elev":74,"distance_m":1684.8,"vertical_relief_m":746.0,"max_jut":301.854,"search_radius_m":2500,"elev_angle_deg":23.8829}},{"type":"Feature","geometry":{"type":"Point","coordinates":[55.49661569574207,-21.066795969764755]},"properties":{"peak_name":"Piton des Neiges","local_name":"Piton des Neiges","english_name":"Piton des Neiges","search_name":"Piton des Neiges Piton des Neiges Piton des Neiges Piton des Neiges Piton des Neiges Piton des Neiges","peak_elev":3066,"peak_lon":55.47990703145744,"peak_lat":-21.099404814578293,"base_elev":880,"distance_m":4006.2,"vertical_relief_m":2186.0,"max_jut":1044.5036,"search_radius_m":4750,"elev_angle_deg":28.6193}},{"type":"Feature","geometry":{"type":"Point","coordinates":[32.758279561051914,4.111544139650844]},"properties":{"peak_name":"Pongaliro","local_name":"Pongaliro","english_name":"Pongaliro","search_name":"Pongaliro Pongaliro Pongaliro Pongaliro Pongaliro Pongaliro","peak_elev":1669,"peak_lon":32.76609490402375,"peak_lat":4.116125547599854,"base_elev":1103,"distance_m":1004.8,"vertical_relief_m":566.0,"max_jut":277.6597,"search_radius_m":1125,"elev_angle_deg":29.3924}},{"type":"Feature","geometry":{"type":"Point","coordinates":[29.43595031426428,-29.22520554860984]},"properties":{"peak_name":"Popple Peak","local_name":"Popple Peak","english_name":"Popple Peak","search_name":"Popple Peak Popple Peak Popple Peak Popple Peak Popple Peak Popple Peak","peak_elev":3328,"peak_lon":29.406575404473568,"peak_lat":-29.22897847280314,"base_elev":2231,"distance_m":2886.4,"vertical_relief_m":1097.0,"max_jut":390.3449,"search_radius_m":6500,"elev_angle_deg":20.8097}},{"type":"Feature","geometry":{"type":"Point","coordinates":[-12.32573909763975,-37.09471693208208]},"properties":{"peak_name":"Queen Mary’s Peak","local_name":"Queen Mary’s Peak","english_name":"Queen Mary’s Peak","search_name":"Queen Mary’s Peak Queen Mary’s Peak Queen Mary’s Peak Queen Mary’s Peak Queen Mary’s Peak Queen Mary’s Peak","peak_elev":2037,"peak_lon":-12.288818339462438,"peak_lat":-37.11142559636671,"base_elev":116,"distance_m":3769.6,"vertical_relief_m":1921.0,"max_jut":873.1865,"search_radius_m":7750,"elev_angle_deg":27.0035}},{"type":"Feature","geometry":{"type":"Point","coordinates":[14.770863469484675,-11.59136635287204]},"properties":{"peak_name":"Quissangi","local_name":"Quissangi","english_name":"Quissangi","search_name":"Quissangi Quissangi Quissangi Quissangi Quissangi Quissangi","peak_elev":2274,"peak_lon":14.774097404507506,"peak_lat":-11.60699703881572,"base_elev":1518,"distance_m":1764.6,"vertical_relief_m":756.0,"max_jut":296.4695,"search_radius_m":3750,"elev_angle_deg":23.1915}},{"type":"Feature","geometry":{"type":"Point","coordinates":[49.68846839473889,11.377926641365242]},"properties":{"peak_name":"Qur","local_name":"Qur","english_name":"Qur","search_name":"Qur Qur Qur Qur Qur Qur","peak_elev":1828,"peak_lon":49.673376697965686,"peak_lat":11.373075738830996,"base_elev":608,"distance_m":1732.4,"vertical_relief_m":1220.0,"max_jut":702.7382,"search_radius_m":4500,"elev_angle_deg":35.1542}},{"type":"Feature","geometry":{"type":"Point","coordinates":[39.84976007694824,14.338863649351598]},"properties":{"peak_name":"Rahali","local_name":"Rahali","english_name":"Rahali","search_name":"Rahali Rahali Rahali Rahali Rahali Rahali","peak_elev":2397,"peak_lon":39.86997217084093,"peak_lat":14.310297223316596,"base_elev":828,"distance_m":3839.8,"vertical_relief_m":1569.0,"max_jut":591.9659,"search_radius_m":5250,"elev_angle_deg":22.2257}},{"type":"Feature","geometry":{"type":"Point","coordinates":[41.739725603207305,13.421504081208742]},"properties":{"peak_name":"Ramlo","local_name":"Ramlo","english_name":"Ramlo","search_name":"Ramlo Ramlo Ramlo Ramlo Ramlo Ramlo","peak_elev":2189,"peak_lon":41.72813733604216,"peak_lat":13.391320687662326,"base_elev":1015,"distance_m":3567.3,"vertical_relief_m":1174.0,"max_jut":365.5771,"search_radius_m":8000,"elev_angle_deg":18.2164}},{"type":"Feature","geometry":{"type":"Point","coordinates":[38.38128408199806,13.33445733017756]},"properties":{"peak_name":"Ras Dejen","local_name":"Ras Dejen","english_name":"Ras Dejen","search_name":"Ras Dejen Ras Dejen Ras Dejen Ras Dejen Ras Dejen Ras Dejen","peak_elev":4537,"peak_lon":38.36807884732151,"peak_lat":13.236361301151709,"base_elev":2204,"distance_m":10946.5,"vertical_relief_m":2333.0,"max_jut":483.9977,"search_radius_m":34000,"elev_angle_deg":12.0313}},{"type":"Feature","geometry":{"type":"Point","coordinates":[4.108040710042778,36.518807003433054]},"properties":{"peak_name":"Ras Tigounatine","local_name":"Ras Tigounatine","english_name":"Ras Tigounatine","search_name":"Ras Tigounatine Ras Tigounatine Ras Tigounatine Ras Tigounatine Ras Tigounatine Ras Tigounatine","peak_elev":1868,"peak_lon":4.12286291223075,"peak_lat":36.45628425965834,"base_elev":353,"distance_m":7064.1,"vertical_relief_m":1515.0,"max_jut":317.1163,"search_radius_m":11500,"elev_angle_deg":12.1046}},{"type":"Feature","geometry":{"type":"Point","coordinates":[4.139571576515373,36.4837727073524]},"properties":{"peak_name":"Ras Timedouine","local_name":"Ras Timedouine","english_name":"Ras Timedouine","search_name":"Ras Timedouine Ras Timedouine Ras Timedouine Ras Timedouine Ras Timedouine Ras Timedouine","peak_elev":2294,"peak_lon":4.141997027782496,"peak_lat":36.46975898892013,"base_elev":979,"distance_m":1570.2,"vertical_relief_m":1315.0,"max_jut":843.3318,"search_radius_m":2250,"elev_angle_deg":39.9453}},{"type":"Feature","geometry":{"type":"Point","coordinates":[34.05966891315587,28.318086774705943]},"properties":{"peak_name":"Ra’s al Wa‘irah","local_name":"Ra’s al Wa‘irah","english_name":"Ra’s al Wa‘irah","search_name":"Ra’s al Wa‘irah Ra’s al Wa‘irah Ra’s al Wa‘irah Ra’s al Wa‘irah Ra’s al Wa‘irah Ra’s al Wa‘irah","peak_elev":2067,"peak_lon":34.052662053939734,"peak_lat":28.33695139567245,"base_elev":1282,"distance_m":2200.7,"vertical_relief_m":785.0,"max_jut":263.079,"search_radius_m":2750,"elev_angle_deg":19.6316}},{"type":"Feature","geometry":{"type":"Point","coordinates":[-7.694744144946791,31.214345082235692]},"properties":{"peak_name":"Rjoute","local_name":"Rjoute","english_name":"Rjoute","search_name":"Rjoute Rjoute Rjoute Rjoute Rjoute Rjoute","peak_elev":3745,"peak_lon":-7.670489632275565,"peak_lat":31.186317645371165,"base_elev":1503,"distance_m":3873.0,"vertical_relief_m":2242.0,"max_jut":1122.2214,"search_radius_m":5500,"elev_angle_deg":30.0657}},{"type":"Feature","geometry":{"type":"Point","coordinates":[29.904331903404195,0.1195208485521023]},"properties":{"peak_name":"Ruato","local_name":"Ruato","english_name":"Ruato","search_name":"Ruato Ruato Ruato Ruato Ruato Ruato","peak_elev":3386,"peak_lon":29.858248329328863,"peak_lat":0.1903979244691326,"base_elev":1368,"distance_m":9366.7,"vertical_relief_m":2018.0,"max_jut":423.5508,"search_radius_m":27000,"elev_angle_deg":12.1582}},{"type":"Feature","geometry":{"type":"Point","coordinates":[29.975478473906463,0.2416018956639453]},"properties":{"peak_name":"Rukenga","local_name":"Rukenga","english_name":"Rukenga","search_name":"Rukenga Rukenga Rukenga Rukenga Rukenga Rukenga","peak_elev":4156,"peak_lon":29.929933889001603,"peak_lat":0.3200248199675796,"base_elev":1810,"distance_m":10044.8,"vertical_relief_m":2346.0,"max_jut":531.5857,"search_radius_m":34000,"elev_angle_deg":13.146}},{"type":"Feature","geometry":{"type":"Point","coordinates":[32.74264887510824,-18.08672484622665]},"properties":{"peak_name":"Rukotso","local_name":"Rukotso","english_name":"Rukotso","search_name":"Rukotso Rukotso Rukotso Rukotso Rukotso Rukotso","peak_elev":2288,"peak_lon":32.7671728823647,"peak_lat":-18.091036759590427,"base_elev":1407,"distance_m":2639.4,"vertical_relief_m":881.0,"max_jut":279.2521,"search_radius_m":4750,"elev_angle_deg":18.4584}},{"type":"Feature","geometry":{"type":"Point","coordinates":[48.06988391581233,11.001712200375987]},"properties":{"peak_name":"Sabbadayna","local_name":"Sabbadayna","english_name":"Sabbadayna","search_name":"Sabbadayna Sabbadayna Sabbadayna Sabbadayna Sabbadayna Sabbadayna","peak_elev":1920,"peak_lon":48.09386893389833,"peak_lat":10.954820142544948,"base_elev":383,"distance_m":5811.7,"vertical_relief_m":1537.0,"max_jut":391.5271,"search_radius_m":8500,"elev_angle_deg":14.8137}},{"type":"Feature","geometry":{"type":"Point","coordinates":[29.59980302208768,-1.4036625472009585]},"properties":{"peak_name":"Sabinio","local_name":"Sabinio","english_name":"Sabinio","search_name":"Sabinio Sabinio Sabinio Sabinio Sabinio Sabinio","peak_elev":3578,"peak_lon":29.59117919536013,"peak_lat":-1.3880318612572788,"base_elev":2656,"distance_m":1976.9,"vertical_relief_m":922.0,"max_jut":388.4169,"search_radius_m":4000,"elev_angle_deg":25.0037}},{"type":"Feature","geometry":{"type":"Point","coordinates":[35.6186950887453,-15.980355168023198]},"properties":{"peak_name":"Sapitwa","local_name":"Sapitwa","english_name":"Sapitwa","search_name":"Sapitwa Sapitwa Sapitwa Sapitwa Sapitwa Sapitwa","peak_elev":2986,"peak_lon":35.592823608562654,"peak_lat":-15.949363290721076,"base_elev":1113,"distance_m":4408.2,"vertical_relief_m":1873.0,"max_jut":730.9402,"search_radius_m":14000,"elev_angle_deg":23.0202}},{"type":"Feature","geometry":{"type":"Point","coordinates":[45.836043298792326,9.932627180745344]},"properties":{"peak_name":"Sararweyne","local_name":"Sararweyne","english_name":"Sararweyne","search_name":"Sararweyne Sararweyne Sararweyne Sararweyne Sararweyne Sararweyne","peak_elev":1553,"peak_lon":45.82256856953053,"peak_lat":9.927237289040628,"base_elev":784,"distance_m":1593.4,"vertical_relief_m":769.0,"max_jut":334.321,"search_radius_m":3250,"elev_angle_deg":25.7627}},{"type":"Feature","geometry":{"type":"Point","coordinates":[39.54711765772838,14.907497224199254]},"properties":{"peak_name":"Sariddago","local_name":"Sariddago","english_name":"Sariddago","search_name":"Sariddago Sariddago Sariddago Sariddago Sariddago Sariddago","peak_elev":2135,"peak_lon":39.552238054847855,"peak_lat":14.912617621318736,"base_elev":1539,"distance_m":790.3,"vertical_relief_m":596.0,"max_jut":358.4397,"search_radius_m":3750,"elev_angle_deg":37.0216}},{"type":"Feature","geometry":{"type":"Point","coordinates":[39.50911892121012,14.842279534572178]},"properties":{"peak_name":"Saridde","local_name":"Saridde","english_name":"Saridde","search_name":"Saridde Saridde Saridde Saridde Saridde Saridde","peak_elev":2416,"peak_lon":39.52043769379003,"peak_lat":14.821797946094252,"base_elev":1479,"distance_m":2572.9,"vertical_relief_m":937.0,"max_jut":319.6287,"search_radius_m":3000,"elev_angle_deg":20.0106}},{"type":"Feature","geometry":{"type":"Point","coordinates":[9.757455700342035,6.233544503797978]},"properties":{"peak_name":"Sato","local_name":"Sato","english_name":"Sato","search_name":"Sato Sato Sato Sato Sato Sato","peak_elev":1674,"peak_lon":9.721882415090905,"peak_lat":6.228693601263733,"base_elev":582,"distance_m":3973.1,"vertical_relief_m":1092.0,"max_jut":289.6776,"search_radius_m":5750,"elev_angle_deg":15.3682}},{"type":"Feature","geometry":{"type":"Point","coordinates":[18.71922863777521,-27.196180816369075]},"properties":{"peak_name":"Schroffenstein","local_name":"Schroffenstein","english_name":"Schroffenstein","search_name":"Schroffenstein Schroffenstein Schroffenstein Schroffenstein Schroffenstein Schroffenstein","peak_elev":2194,"peak_lon":18.728930442843694,"peak_lat":-27.181089119595867,"base_elev":1385,"distance_m":1928.9,"vertical_relief_m":809.0,"max_jut":312.313,"search_radius_m":3000,"elev_angle_deg":22.7537}},{"type":"Feature","geometry":{"type":"Point","coordinates":[36.136933176153846,-7.499630065236031]},"properties":{"peak_name":"Selegu","local_name":"Selegu","english_name":"Selegu","search_name":"Selegu Selegu Selegu Selegu Selegu Selegu","peak_elev":2450,"peak_lon":36.15552830253512,"peak_lat":-7.490467249338013,"base_elev":1541,"distance_m":2288.9,"vertical_relief_m":909.0,"max_jut":335.4596,"search_radius_m":5250,"elev_angle_deg":21.6597}},{"type":"Feature","geometry":{"type":"Point","coordinates":[32.79654779215541,-15.221458415999027]},"properties":{"peak_name":"Serra Amboze","local_name":"Serra Amboze","english_name":"Serra Amboze","search_name":"Serra Amboze Serra Amboze Serra Amboze Serra Amboze Serra Amboze Serra Amboze","peak_elev":941,"peak_lon":32.805710608053424,"peak_lat":-15.219841448487612,"base_elev":387,"distance_m":1000.6,"vertical_relief_m":554.0,"max_jut":268.5873,"search_radius_m":1375,"elev_angle_deg":28.9719}},{"type":"Feature","geometry":{"type":"Point","coordinates":[35.74077613585714,-16.462480981010145]},"properties":{"peak_name":"Serra Chiperone","local_name":"Serra Chiperone","english_name":"Serra Chiperone","search_name":"Serra Chiperone Serra Chiperone Serra Chiperone Serra Chiperone Serra Chiperone Serra Chiperone","peak_elev":2049,"peak_lon":35.71247920440737,"peak_lat":-16.47918964529477,"base_elev":697,"distance_m":3542.4,"vertical_relief_m":1352.0,"max_jut":481.9725,"search_radius_m":6250,"elev_angle_deg":20.89}},{"type":"Feature","geometry":{"type":"Point","coordinates":[33.13718894789353,-18.00506798690019]},"properties":{"peak_name":"Serra Choa","local_name":"Serra Choa","english_name":"Serra Choa","search_name":"Serra Choa Serra Choa Serra Choa Serra Choa Serra Choa Serra Choa","peak_elev":1629,"peak_lon":33.118593821512256,"peak_lat":-18.01423080279821,"base_elev":726,"distance_m":2215.0,"vertical_relief_m":903.0,"max_jut":340.9421,"search_radius_m":4000,"elev_angle_deg":22.1795}},{"type":"Feature","geometry":{"type":"Point","coordinates":[36.5942654872991,-16.19244740660382]},"properties":{"peak_name":"Serra Comane","local_name":"Serra Comane","english_name":"Serra Comane","search_name":"Serra Comane Serra Comane Serra Comane Serra Comane Serra Comane Serra Comane","peak_elev":1135,"peak_lon":36.5980384114924,"peak_lat":-16.196489825382358,"base_elev":619,"distance_m":602.4,"vertical_relief_m":516.0,"max_jut":335.2875,"search_radius_m":1375,"elev_angle_deg":40.5825}},{"type":"Feature","geometry":{"type":"Point","coordinates":[38.31579689778575,-14.681660761771608]},"properties":{"peak_name":"Serra Lepe","local_name":"Serra Lepe","english_name":"Serra Lepe","search_name":"Serra Lepe Serra Lepe Serra Lepe Serra Lepe Serra Lepe Serra Lepe","peak_elev":1444,"peak_lon":38.32037830573476,"peak_lat":-14.683277729283022,"base_elev":654,"distance_m":524.9,"vertical_relief_m":790.0,"max_jut":658.1255,"search_radius_m":1125,"elev_angle_deg":56.3987}},{"type":"Feature","geometry":{"type":"Point","coordinates":[37.79567234828055,-15.14330498628063]},"properties":{"peak_name":"Serra Luri","local_name":"Serra Luri","english_name":"Serra Luri","search_name":"Serra Luri Serra Luri Serra Luri Serra Luri Serra Luri Serra Luri","peak_elev":1288,"peak_lon":37.80052325081479,"peak_lat":-15.146808415888694,"base_elev":750,"distance_m":649.7,"vertical_relief_m":538.0,"max_jut":342.9548,"search_radius_m":1375,"elev_angle_deg":39.6273}},{"type":"Feature","geometry":{"type":"Point","coordinates":[37.20709617412543,-15.005862747810342]},"properties":{"peak_name":"Serra Manguni","local_name":"Serra Manguni","english_name":"Serra Manguni","search_name":"Serra Manguni Serra Manguni Serra Manguni Serra Manguni Serra Manguni Serra Manguni","peak_elev":1716,"peak_lon":37.19874184198312,"peak_lat":-15.005862747810342,"base_elev":1066,"distance_m":898.5,"vertical_relief_m":650.0,"max_jut":381.3255,"search_radius_m":4250,"elev_angle_deg":35.883}},{"type":"Feature","geometry":{"type":"Point","coordinates":[38.059507547226445,-14.591919064888067]},"properties":{"peak_name":"Serra Melúli","local_name":"Serra Melúli","english_name":"Serra Melúli","search_name":"Serra Melúli Serra Melúli Serra Melúli Serra Melúli Serra Melúli Serra Melúli","peak_elev":1462,"peak_lon":38.0538481609365,"peak_lat":-14.586259678598111,"base_elev":697,"distance_m":874.1,"vertical_relief_m":765.0,"max_jut":503.2839,"search_radius_m":2000,"elev_angle_deg":41.192}},{"type":"Feature","geometry":{"type":"Point","coordinates":[36.91011314119552,-15.851267261695224]},"properties":{"peak_name":"Serra Merrupa","local_name":"Serra Merrupa","english_name":"Serra Merrupa","search_name":"Serra Merrupa Serra Merrupa Serra Merrupa Serra Merrupa Serra Merrupa Serra Merrupa","peak_elev":1328,"peak_lon":36.91011314119552,"peak_lat":-15.842104445797204,"base_elev":594,"distance_m":1013.9,"vertical_relief_m":734.0,"max_jut":429.042,"search_radius_m":2250,"elev_angle_deg":35.9022}},{"type":"Feature","geometry":{"type":"Point","coordinates":[33.03451151091867,-18.117177734358304]},"properties":{"peak_name":"Serra Nhatoa","local_name":"Serra Nhatoa","english_name":"Serra Nhatoa","search_name":"Serra Nhatoa Serra Nhatoa Serra Nhatoa Serra Nhatoa Serra Nhatoa Serra Nhatoa","peak_elev":1841,"peak_lon":33.02022829790117,"peak_lat":-18.116638745187835,"base_elev":1076,"distance_m":1512.8,"vertical_relief_m":765.0,"max_jut":345.6062,"search_radius_m":3250,"elev_angle_deg":26.825}},{"type":"Feature","geometry":{"type":"Point","coordinates":[38.936442927583926,-15.254875744568274]},"properties":{"peak_name":"Serra Paione","local_name":"Serra Paione","english_name":"Serra Paione","search_name":"Serra Paione Serra Paione Serra Paione Serra Paione Serra Paione Serra Paione","peak_elev":1188,"peak_lon":38.93159202504968,"peak_lat":-15.250294336619264,"base_elev":453,"distance_m":727.0,"vertical_relief_m":735.0,"max_jut":522.1184,"search_radius_m":1625,"elev_angle_deg":45.3135}},{"type":"Feature","geometry":{"type":"Point","coordinates":[42.32695430443624,9.48553566383906]},"properties":{"peak_name":"Serīta Terara","local_name":"Serīta Terara","english_name":"Serīta Terara","search_name":"Serīta Terara Serīta Terara Serīta Terara Serīta Terara Serīta Terara Serīta Terara","peak_elev":3027,"peak_lon":42.31294058600397,"peak_lat":9.4971239310042,"base_elev":2288,"distance_m":2002.6,"vertical_relief_m":739.0,"max_jut":255.5051,"search_radius_m":3750,"elev_angle_deg":20.2551}},{"type":"Feature","geometry":{"type":"Point","coordinates":[29.594143635797725,-4.1495428761691]},"properties":{"peak_name":"Sevyanda","local_name":"Sevyanda","english_name":"Sevyanda","search_name":"Sevyanda Sevyanda Sevyanda Sevyanda Sevyanda Sevyanda","peak_elev":1884,"peak_lon":29.59953352750244,"peak_lat":-4.127713814764996,"base_elev":1020,"distance_m":2486.9,"vertical_relief_m":864.0,"max_jut":282.2393,"search_radius_m":3250,"elev_angle_deg":19.1583}},{"type":"Feature","geometry":{"type":"Point","coordinates":[21.38722503161019,-33.39832920098708]},"properties":{"peak_name":"Seweweekspoortpiek","local_name":"Seweweekspoortpiek","english_name":"Seweweekspoortpiek","search_name":"Seweweekspoortpiek Seweweekspoortpiek Seweweekspoortpiek Seweweekspoortpiek Seweweekspoortpiek Seweweekspoortpiek","peak_elev":2315,"peak_lon":21.36755192688797,"peak_lat":-33.39832920098708,"base_elev":999,"distance_m":1830.2,"vertical_relief_m":1316.0,"max_jut":769.3529,"search_radius_m":3750,"elev_angle_deg":35.7179}},{"type":"Feature","geometry":{"type":"Point","coordinates":[38.925932638759726,14.25936274670702]},"properties":{"peak_name":"Shehagnē YeTerara Ch’af","local_name":"Shehagnē YeTerara Ch’af","english_name":"Shehagnē YeTerara Ch’af","search_name":"Shehagnē YeTerara Ch’af Shehagnē YeTerara Ch’af Shehagnē YeTerara Ch’af Shehagnē YeTerara Ch’af Shehagnē YeTerara Ch’af Shehagnē YeTerara Ch’af","peak_elev":2445,"peak_lon":38.9197342632993,"peak_lat":14.256398306269425,"base_elev":1977,"distance_m":745.0,"vertical_relief_m":468.0,"max_jut":248.9701,"search_radius_m":875,"elev_angle_deg":32.1365}},{"type":"Feature","geometry":{"type":"Point","coordinates":[47.23930160411543,10.780457145897348]},"properties":{"peak_name":"Shimbiris","local_name":"Shimbiris","english_name":"Shimbiris","search_name":"Shimbiris Shimbiris Shimbiris Shimbiris Shimbiris Shimbiris","peak_elev":2450,"peak_lon":47.24523048499061,"peak_lat":10.73545155016296,"base_elev":740,"distance_m":5020.2,"vertical_relief_m":1710.0,"max_jut":548.8174,"search_radius_m":24000,"elev_angle_deg":18.8101}},{"type":"Feature","geometry":{"type":"Point","coordinates":[29.80542739062264,-6.107960027078069]},"properties":{"peak_name":"Sibindi","local_name":"Sibindi","english_name":"Sibindi","search_name":"Sibindi Sibindi Sibindi Sibindi Sibindi Sibindi","peak_elev":2378,"peak_lon":29.79195266136084,"peak_lat":-6.121434756339862,"base_elev":1349,"distance_m":2108.3,"vertical_relief_m":1029.0,"max_jut":450.5401,"search_radius_m":7000,"elev_angle_deg":26.0157}},{"type":"Feature","geometry":{"type":"Point","coordinates":[39.44363173699781,14.941723036524207]},"properties":{"peak_name":"Sihat","local_name":"Sihat","english_name":"Sihat","search_name":"Sihat Sihat Sihat Sihat Sihat Sihat","peak_elev":2801,"peak_lon":39.42503661061653,"peak_lat":14.941453541938971,"base_elev":1734,"distance_m":2000.7,"vertical_relief_m":1067.0,"max_jut":502.6311,"search_radius_m":3000,"elev_angle_deg":28.0716}},{"type":"Feature","geometry":{"type":"Point","coordinates":[29.83641926792476,-6.1397603881359]},"properties":{"peak_name":"Sisaba","local_name":"Sisaba","english_name":"Sisaba","search_name":"Sisaba Sisaba Sisaba Sisaba Sisaba Sisaba","peak_elev":2306,"peak_lon":29.81755464695825,"peak_lat":-6.145958763596325,"base_elev":1381,"distance_m":2197.6,"vertical_relief_m":925.0,"max_jut":359.0009,"search_radius_m":5750,"elev_angle_deg":22.8269}},{"type":"Feature","geometry":{"type":"Point","coordinates":[39.84841260402207,14.242384587837162]},"properties":{"peak_name":"Sobni","local_name":"Sobni","english_name":"Sobni","search_name":"Sobni Sobni Sobni Sobni Sobni Sobni","peak_elev":2366,"peak_lon":39.841675239391165,"peak_lat":14.26259668172985,"base_elev":1297,"distance_m":2351.5,"vertical_relief_m":1069.0,"max_jut":440.7931,"search_radius_m":4500,"elev_angle_deg":24.4467}},{"type":"Feature","geometry":{"type":"Point","coordinates":[18.95934831322036,-34.028138046683274]},"properties":{"peak_name":"Somerset-Sneeukop","local_name":"Somerset-Sneeukop","english_name":"Somerset-Sneeukop","search_name":"Somerset-Sneeukop Somerset-Sneeukop Somerset-Sneeukop Somerset-Sneeukop Somerset-Sneeukop Somerset-Sneeukop","peak_elev":1587,"peak_lon":18.98495029881776,"peak_lat":-34.03595338965511,"base_elev":410,"distance_m":2518.3,"vertical_relief_m":1177.0,"max_jut":499.045,"search_radius_m":4500,"elev_angle_deg":25.0504}},{"type":"Feature","geometry":{"type":"Point","coordinates":[16.99769722728856,-28.007090023343768]},"properties":{"peak_name":"Sonnenberg","local_name":"Sonnenberg","english_name":"Sonnenberg","search_name":"Sonnenberg Sonnenberg Sonnenberg Sonnenberg Sonnenberg Sonnenberg","peak_elev":999,"peak_lon":17.0092854944537,"peak_lat":-28.005742550417587,"base_elev":386,"distance_m":1149.5,"vertical_relief_m":613.0,"max_jut":288.8391,"search_radius_m":2250,"elev_angle_deg":28.0699}},{"type":"Feature","geometry":{"type":"Point","coordinates":[48.87109131771854,11.014917435052544]},"properties":{"peak_name":"Soogle","local_name":"Soogle","english_name":"Soogle","search_name":"Soogle Soogle Soogle Soogle Soogle Soogle","peak_elev":1613,"peak_lon":48.895345830389765,"peak_lat":10.971798301414807,"base_elev":354,"distance_m":5456.7,"vertical_relief_m":1259.0,"max_jut":282.0457,"search_radius_m":17000,"elev_angle_deg":12.9922}},{"type":"Feature","geometry":{"type":"Point","coordinates":[41.74053408696301,13.178958954496473]},"properties":{"peak_name":"Sork Ale","local_name":"Sork Ale","english_name":"Sork Ale","search_name":"Sork Ale Sork Ale Sork Ale Sork Ale Sork Ale Sork Ale","peak_elev":1592,"peak_lon":41.72786784145693,"peak_lat":13.181923394934064,"base_elev":868,"distance_m":1411.7,"vertical_relief_m":724.0,"max_jut":330.6378,"search_radius_m":3500,"elev_angle_deg":27.1513}},{"type":"Feature","geometry":{"type":"Point","coordinates":[-9.896245411738503,-40.32703498740094]},"properties":{"peak_name":"South Peak","local_name":"South Peak","english_name":"South Peak","search_name":"South Peak South Peak South Peak South Peak South Peak South Peak","peak_elev":745,"peak_lon":-9.90810317348888,"peak_lat":-40.33862325456609,"base_elev":0,"distance_m":1634.4,"vertical_relief_m":745.0,"max_jut":309.041,"search_radius_m":3500,"elev_angle_deg":24.5047}},{"type":"Feature","geometry":{"type":"Point","coordinates":[39.50857993203965,14.744722494716797]},"properties":{"peak_name":"Soyra","local_name":"Soyra","english_name":"Soyra","search_name":"Soyra Soyra Soyra Soyra Soyra Soyra","peak_elev":3015,"peak_lon":39.51639527501149,"peak_lat":14.737176646330193,"base_elev":2362,"distance_m":1185.4,"vertical_relief_m":653.0,"max_jut":314.6294,"search_radius_m":8750,"elev_angle_deg":28.849}},{"type":"Feature","geometry":{"type":"Point","coordinates":[17.352082606873708,-27.851861142247916]},"properties":{"peak_name":"Spieëlberg","local_name":"Spieëlberg","english_name":"Spieëlberg","search_name":"Spieëlberg Spieëlberg Spieëlberg Spieëlberg Spieëlberg Spieëlberg","peak_elev":1323,"peak_lon":17.363940368624085,"peak_lat":-27.854825582685507,"base_elev":692,"distance_m":1213.2,"vertical_relief_m":631.0,"max_jut":291.4922,"search_radius_m":1375,"elev_angle_deg":27.4795}},{"type":"Feature","geometry":{"type":"Point","coordinates":[22.971853192797024,-33.82278317273355]},"properties":{"peak_name":"Spitskop High site","local_name":"Spitskop High site","english_name":"Spitskop High site","search_name":"Spitskop High site Spitskop High site Spitskop High site Spitskop High site Spitskop High site Spitskop High site","peak_elev":1451,"peak_lon":22.97347016030844,"peak_lat":-33.81550681893218,"base_elev":852,"distance_m":820.9,"vertical_relief_m":599.0,"max_jut":352.5546,"search_radius_m":2000,"elev_angle_deg":36.1177}},{"type":"Feature","geometry":{"type":"Point","coordinates":[47.23498969075165,10.79527934808532]},"properties":{"peak_name":"Surud Cad","local_name":"Surud Cad","english_name":"Surud Cad","search_name":"Surud Cad Surud Cad Surud Cad Surud Cad Surud Cad Surud Cad","peak_elev":2372,"peak_lon":47.20291983510859,"peak_lat":10.723054799242112,"base_elev":560,"distance_m":8725.0,"vertical_relief_m":1812.0,"max_jut":366.9594,"search_radius_m":21000,"elev_angle_deg":11.7324}},{"type":"Feature","geometry":{"type":"Point","coordinates":[18.320107157040905,-34.04592468930884]},"properties":{"peak_name":"Suther Peak","local_name":"Suther Peak","english_name":"Suther Peak","search_name":"Suther Peak Suther Peak Suther Peak Suther Peak Suther Peak Suther Peak","peak_elev":653,"peak_lon":18.324149575819444,"peak_lat":-34.040265303018884,"base_elev":1,"distance_m":730.4,"vertical_relief_m":652.0,"max_jut":433.9034,"search_radius_m":2250,"elev_angle_deg":41.7541}},{"type":"Feature","geometry":{"type":"Point","coordinates":[39.54469220646126,14.936872133989963]},"properties":{"peak_name":"Taarad","local_name":"Taarad","english_name":"Taarad","search_name":"Taarad Taarad Taarad Taarad Taarad Taarad","peak_elev":2259,"peak_lon":39.55493300070022,"peak_lat":14.92986527477383,"base_elev":1424,"distance_m":1347.2,"vertical_relief_m":835.0,"max_jut":439.6567,"search_radius_m":3500,"elev_angle_deg":31.7908}},{"type":"Feature","geometry":{"type":"Point","coordinates":[-13.596945056197285,9.907294689733174]},"properties":{"peak_name":"Taban","local_name":"Taban","english_name":"Taban","search_name":"Taban Taban Taban Taban Taban Taban","peak_elev":628,"peak_lon":-13.589668702395915,"peak_lat":9.906755700562702,"base_elev":104,"distance_m":800.2,"vertical_relief_m":524.0,"max_jut":287.2939,"search_radius_m":1875,"elev_angle_deg":33.2182}},{"type":"Feature","geometry":{"type":"Point","coordinates":[38.77636314395382,16.652205169016188]},"properties":{"peak_name":"Tabit","local_name":"Tabit","english_name":"Tabit","search_name":"Tabit Tabit Tabit Tabit Tabit Tabit","peak_elev":1215,"peak_lon":38.76612234971486,"peak_lat":16.650049212334302,"base_elev":523,"distance_m":1118.2,"vertical_relief_m":692.0,"max_jut":364.4346,"search_radius_m":2500,"elev_angle_deg":31.7514}},{"type":"Feature","geometry":{"type":"Point","coordinates":[18.415777734799637,-33.95429653032865]},"properties":{"peak_name":"Table Mountain","local_name":"Table Mountain","english_name":"Table Mountain","search_name":"Table Mountain Table Mountain Table Mountain Table Mountain Table Mountain Table Mountain","peak_elev":1073,"peak_lon":18.412274305191566,"peak_lat":-33.96238136788572,"base_elev":346,"distance_m":953.5,"vertical_relief_m":727.0,"max_jut":440.2705,"search_radius_m":4750,"elev_angle_deg":37.3239}},{"type":"Feature","geometry":{"type":"Point","coordinates":[8.595125554219788,18.725427013235635]},"properties":{"peak_name":"Taggout","local_name":"Taggout","english_name":"Taggout","search_name":"Taggout Taggout Taggout Taggout Taggout Taggout","peak_elev":1460,"peak_lon":8.595934037975496,"peak_lat":18.73189488328129,"base_elev":940,"distance_m":721.0,"vertical_relief_m":520.0,"max_jut":303.2868,"search_radius_m":1250,"elev_angle_deg":35.7999}},{"type":"Feature","geometry":{"type":"Point","coordinates":[-4.832711649741996,35.08671277748972]},"properties":{"peak_name":"Tamda","local_name":"Tamda","english_name":"Tamda","search_name":"Tamda Tamda Tamda Tamda Tamda Tamda","peak_elev":1473,"peak_lon":-4.789323021519024,"peak_lat":35.094797615046794,"base_elev":302,"distance_m":4056.9,"vertical_relief_m":1171.0,"max_jut":325.3616,"search_radius_m":5500,"elev_angle_deg":16.1005}},{"type":"Feature","geometry":{"type":"Point","coordinates":[-7.802541979041134,31.239408078662628]},"properties":{"peak_name":"Tameskaoute","local_name":"Tameskaoute","english_name":"Tameskaoute","search_name":"Tameskaoute Tameskaoute Tameskaoute Tameskaoute Tameskaoute Tameskaoute","peak_elev":3207,"peak_lon":-7.778556960955143,"peak_lat":31.21973497394041,"base_elev":1740,"distance_m":3159.1,"vertical_relief_m":1467.0,"max_jut":617.6755,"search_radius_m":3750,"elev_angle_deg":24.9089}},{"type":"Feature","geometry":{"type":"Point","coordinates":[4.202363814875328,36.444965487078434]},"properties":{"peak_name":"Tamgout Lalla Khedidja","local_name":"Tamgout Lalla Khedidja","english_name":"Tamgout Lalla Khedidja","search_name":"Tamgout Lalla Khedidja Tamgout Lalla Khedidja Tamgout Lalla Khedidja Tamgout Lalla Khedidja Tamgout Lalla Khedidja Tamgout Lalla Khedidja","peak_elev":2290,"peak_lon":4.227965800472735,"peak_lat":36.44792992751603,"base_elev":1021,"distance_m":2318.7,"vertical_relief_m":1269.0,"max_jut":610.2758,"search_radius_m":3250,"elev_angle_deg":28.6914}},{"type":"Feature","geometry":{"type":"Point","coordinates":[48.1477678509455,11.003059673302166]},"properties":{"peak_name":"Tardaale","local_name":"Tardaale","english_name":"Tardaale","search_name":"Tardaale Tardaale Tardaale Tardaale Tardaale Tardaale","peak_elev":2021,"peak_lon":48.16636297732677,"peak_lat":10.974762741852402,"base_elev":680,"distance_m":3731.9,"vertical_relief_m":1341.0,"max_jut":452.1356,"search_radius_m":7750,"elev_angle_deg":19.7651}},{"type":"Feature","geometry":{"type":"Point","coordinates":[-7.66887266476415,31.22808930608272]},"properties":{"peak_name":"Taska n’Zat","local_name":"Taska n’Zat","english_name":"Taska n’Zat","search_name":"Taska n’Zat Taska n’Zat Taska n’Zat Taska n’Zat Taska n’Zat Taska n’Zat","peak_elev":3908,"peak_lon":-7.649199560041932,"peak_lat":31.16233262728517,"base_elev":1399,"distance_m":7527.9,"vertical_relief_m":2509.0,"max_jut":791.464,"search_radius_m":8500,"elev_angle_deg":18.4329}},{"type":"Feature","geometry":{"type":"Point","coordinates":[-9.921308408165435,-40.29038372380887]},"properties":{"peak_name":"Tavistock Crag","local_name":"Tavistock Crag","english_name":"Tavistock Crag","search_name":"Tavistock Crag Tavistock Crag Tavistock Crag Tavistock Crag Tavistock Crag Tavistock Crag","peak_elev":602,"peak_lon":-9.935322126597702,"peak_lat":-40.29146170214981,"base_elev":3,"distance_m":1197.6,"vertical_relief_m":599.0,"max_jut":268.4885,"search_radius_m":2000,"elev_angle_deg":26.5727}},{"type":"Feature","geometry":{"type":"Point","coordinates":[-6.74073331321186,31.32645482969381]},"properties":{"peak_name":"Tazerzamt","local_name":"Tazerzamt","english_name":"Tazerzamt","search_name":"Tazerzamt Tazerzamt Tazerzamt Tazerzamt Tazerzamt Tazerzamt","peak_elev":3281,"peak_lon":-6.74208078613804,"peak_lat":31.3466669235865,"base_elev":2288,"distance_m":2244.7,"vertical_relief_m":993.0,"max_jut":400.7667,"search_radius_m":2500,"elev_angle_deg":23.8634}},{"type":"Feature","geometry":{"type":"Point","coordinates":[13.058225380310809,-14.701333866493824]},"properties":{"peak_name":"Tchiculututa","local_name":"Tchiculututa","english_name":"Tchiculututa","search_name":"Tchiculututa Tchiculututa Tchiculututa Tchiculututa Tchiculututa Tchiculututa","peak_elev":1938,"peak_lon":13.072508593328308,"peak_lat":-14.709688198636137,"base_elev":1112,"distance_m":1794.6,"vertical_relief_m":826.0,"max_jut":345.2604,"search_radius_m":2000,"elev_angle_deg":24.7152}},{"type":"Feature","geometry":{"type":"Point","coordinates":[13.324755525109069,-14.853328812566849]},"properties":{"peak_name":"Tchoi","local_name":"Tchoi","english_name":"Tchoi","search_name":"Tchoi Tchoi Tchoi Tchoi Tchoi Tchoi","peak_elev":2323,"peak_lon":13.331492889739966,"peak_lat":-14.862491628464866,"base_elev":1427,"distance_m":1246.4,"vertical_relief_m":896.0,"max_jut":522.0133,"search_radius_m":3500,"elev_angle_deg":35.7112}},{"type":"Feature","geometry":{"type":"Point","coordinates":[33.39051385801523,4.466468508406467]},"properties":{"peak_name":"Telech","local_name":"Telech","english_name":"Telech","search_name":"Telech Telech Telech Telech Telech Telech","peak_elev":1520,"peak_lon":33.39455627679377,"peak_lat":4.479134753912552,"base_elev":847,"distance_m":1470.7,"vertical_relief_m":673.0,"max_jut":278.8961,"search_radius_m":2250,"elev_angle_deg":24.5891}},{"type":"Feature","geometry":{"type":"Point","coordinates":[13.063615272015523,-14.56631707929066]},"properties":{"peak_name":"Teleleca","local_name":"Teleleca","english_name":"Teleleca","search_name":"Teleleca Teleleca Teleleca Teleleca Teleleca Teleleca","peak_elev":1290,"peak_lon":13.059572853236986,"peak_lat":-14.559310220074527,"base_elev":774,"distance_m":889.3,"vertical_relief_m":516.0,"max_jut":258.2972,"search_radius_m":1875,"elev_angle_deg":30.1237}},{"type":"Feature","geometry":{"type":"Point","coordinates":[-5.534745044281403,32.38502956050026]},"properties":{"peak_name":"Telzari","local_name":"Telzari","english_name":"Telzari","search_name":"Telzari Telzari Telzari Telzari Telzari Telzari","peak_elev":2518,"peak_lon":-5.531241614673336,"peak_lat":32.359427574902845,"base_elev":1539,"distance_m":2858.2,"vertical_relief_m":979.0,"max_jut":316.4868,"search_radius_m":4000,"elev_angle_deg":18.9075}},{"type":"Feature","geometry":{"type":"Point","coordinates":[38.9978876930177,14.181748306159092]},"properties":{"peak_name":"Temeyata Terara","local_name":"Temeyata Terara","english_name":"Temeyata Terara","search_name":"Temeyata Terara Temeyata Terara Temeyata Terara Temeyata Terara Temeyata Terara Temeyata Terara","peak_elev":2976,"peak_lon":38.989802855460624,"peak_lat":14.183634768255745,"base_elev":2201,"distance_m":897.4,"vertical_relief_m":775.0,"max_jut":506.8446,"search_radius_m":1750,"elev_angle_deg":40.8141}},{"type":"Feature","geometry":{"type":"Point","coordinates":[18.88119488350196,-34.038378840922235]},"properties":{"peak_name":"The Dome","local_name":"The Dome","english_name":"The Dome","search_name":"The Dome The Dome The Dome The Dome The Dome The Dome","peak_elev":1126,"peak_lon":18.88011690516101,"peak_lat":-34.0313719817061,"base_elev":482,"distance_m":783.6,"vertical_relief_m":644.0,"max_jut":408.326,"search_radius_m":2750,"elev_angle_deg":39.415}},{"type":"Feature","geometry":{"type":"Point","coordinates":[-14.333204263061644,-7.973401546080668]},"properties":{"peak_name":"The Peak","local_name":"The Peak","english_name":"The Peak","search_name":"The Peak The Peak The Peak The Peak The Peak The Peak","peak_elev":842,"peak_lon":-14.342906068130135,"peak_lat":-7.951841979261799,"base_elev":2,"distance_m":2613.3,"vertical_relief_m":840.0,"max_jut":256.0452,"search_radius_m":4500,"elev_angle_deg":17.8191}},{"type":"Feature","geometry":{"type":"Point","coordinates":[22.468437307576444,-33.39051385801523]},"properties":{"peak_name":"Tierhoek High site","local_name":"Tierhoek High site","english_name":"Tierhoek High site","search_name":"Tierhoek High site Tierhoek High site Tierhoek High site Tierhoek High site Tierhoek High site Tierhoek High site","peak_elev":2126,"peak_lon":22.46628135089456,"peak_lat":-33.40479707103273,"base_elev":1060,"distance_m":1596.8,"vertical_relief_m":1066.0,"max_jut":590.855,"search_radius_m":4250,"elev_angle_deg":33.7265}},{"type":"Feature","geometry":{"type":"Point","coordinates":[9.721343425920432,6.105804070396182]},"properties":{"peak_name":"Tikagwené","local_name":"Tikagwené","english_name":"Tikagwené","search_name":"Tikagwené Tikagwené Tikagwené Tikagwené Tikagwené Tikagwené","peak_elev":1940,"peak_lon":9.733470682256046,"peak_lat":6.106882048737125,"base_elev":1186,"distance_m":1347.7,"vertical_relief_m":754.0,"max_jut":368.4579,"search_radius_m":1875,"elev_angle_deg":29.2258}},{"type":"Feature","geometry":{"type":"Point","coordinates":[-7.924623026152977,30.977998330983848]},"properties":{"peak_name":"Timesguida n’Ouanoukrim","local_name":"Timesguida n’Ouanoukrim","english_name":"Timesguida n’Ouanoukrim","search_name":"Timesguida n’Ouanoukrim Timesguida n’Ouanoukrim Timesguida n’Ouanoukrim Timesguida n’Ouanoukrim Timesguida n’Ouanoukrim Timesguida n’Ouanoukrim","peak_elev":4091,"peak_lon":-7.946991076727554,"peak_lat":31.03647865598003,"base_elev":1829,"distance_m":6826.5,"vertical_relief_m":2262.0,"max_jut":709.9351,"search_radius_m":11000,"elev_angle_deg":18.3329}},{"type":"Feature","geometry":{"type":"Point","coordinates":[-5.886704972599431,32.10637215936638]},"properties":{"peak_name":"Tingarlaft","local_name":"Tingarlaft","english_name":"Tingarlaft","search_name":"Tingarlaft Tingarlaft Tingarlaft Tingarlaft Tingarlaft Tingarlaft","peak_elev":3008,"peak_lon":-5.879159124212827,"peak_lat":32.11041457814492,"base_elev":2304,"distance_m":841.5,"vertical_relief_m":704.0,"max_jut":451.9131,"search_radius_m":1500,"elev_angle_deg":39.9159}},{"type":"Feature","geometry":{"type":"Point","coordinates":[-13.4489925289028,9.85609071853836]},"properties":{"peak_name":"Tongolon","local_name":"Tongolon","english_name":"Tongolon","search_name":"Tongolon Tongolon Tongolon Tongolon Tongolon Tongolon","peak_elev":482,"peak_lon":-13.452495958510866,"peak_lat":9.85878566439072,"base_elev":84,"distance_m":486.3,"vertical_relief_m":398.0,"max_jut":251.8753,"search_radius_m":875,"elev_angle_deg":39.2977}},{"type":"Feature","geometry":{"type":"Point","coordinates":[-25.32454092190605,17.01332791323224]},"properties":{"peak_name":"Tope de Coroa","local_name":"Tope de Coroa","english_name":"Tope de Coroa","search_name":"Tope de Coroa Tope de Coroa Tope de Coroa Tope de Coroa Tope de Coroa Tope de Coroa","peak_elev":1946,"peak_lon":-25.294896517530105,"peak_lat":17.03192303961351,"base_elev":0,"distance_m":3767.9,"vertical_relief_m":1946.0,"max_jut":892.6918,"search_radius_m":4500,"elev_angle_deg":27.3149}},{"type":"Feature","geometry":{"type":"Point","coordinates":[-6.725372121853416,31.2827967068856]},"properties":{"peak_name":"Toudma","local_name":"Toudma","english_name":"Toudma","search_name":"Toudma Toudma Toudma Toudma Toudma Toudma","peak_elev":2512,"peak_lon":-6.738307861944738,"peak_lat":31.29815789824405,"base_elev":1745,"distance_m":2101.8,"vertical_relief_m":767.0,"max_jut":262.6589,"search_radius_m":2500,"elev_angle_deg":20.0483}},{"type":"Feature","geometry":{"type":"Point","coordinates":[-7.6545894517466495,31.233748692372675]},"properties":{"peak_name":"Tougroudadene","local_name":"Tougroudadene","english_name":"Tougroudadene","search_name":"Tougroudadene Tougroudadene Tougroudadene Tougroudadene Tougroudadene Tougroudadene","peak_elev":3316,"peak_lon":-7.640306238729149,"peak_lat":31.20167883672961,"base_elev":1419,"distance_m":3807.3,"vertical_relief_m":1897.0,"max_jut":844.4443,"search_radius_m":4250,"elev_angle_deg":26.4849}},{"type":"Feature","geometry":{"type":"Point","coordinates":[33.099998695130985,4.234703165103631]},"properties":{"peak_name":"Towelo","local_name":"Towelo","english_name":"Towelo","search_name":"Towelo Towelo Towelo Towelo Towelo Towelo","peak_elev":1582,"peak_lon":33.10781403810282,"peak_lat":4.230121757154621,"base_elev":969,"distance_m":1004.7,"vertical_relief_m":613.0,"max_jut":319.1383,"search_radius_m":1125,"elev_angle_deg":31.3887}},{"type":"Feature","geometry":{"type":"Point","coordinates":[-9.984100646525391,-40.27987343498467]},"properties":{"peak_name":"Triple Peak","local_name":"Triple Peak","english_name":"Triple Peak","search_name":"Triple Peak Triple Peak Triple Peak Triple Peak Triple Peak Triple Peak","peak_elev":618,"peak_lon":-9.980866711502562,"peak_lat":-40.288497261712216,"base_elev":0,"distance_m":996.3,"vertical_relief_m":618.0,"max_jut":325.5043,"search_radius_m":2250,"elev_angle_deg":31.8111}},{"type":"Feature","geometry":{"type":"Point","coordinates":[39.328557549102094,13.001362022826042]},"properties":{"peak_name":"Ts’aba YeTerara Ch’af","local_name":"Ts’aba YeTerara Ch’af","english_name":"Ts’aba YeTerara Ch’af","search_name":"Ts’aba YeTerara Ch’af Ts’aba YeTerara Ch’af Ts’aba YeTerara Ch’af Ts’aba YeTerara Ch’af Ts’aba YeTerara Ch’af Ts’aba YeTerara Ch’af","peak_elev":2681,"peak_lon":39.32640159242021,"peak_lat":13.017531697940193,"base_elev":1964,"distance_m":1804.1,"vertical_relief_m":717.0,"max_jut":263.6736,"search_radius_m":1875,"elev_angle_deg":21.6743}},{"type":"Feature","geometry":{"type":"Point","coordinates":[47.04391802981943,10.477006242921776]},"properties":{"peak_name":"Tuglabey","local_name":"Tuglabey","english_name":"Tuglabey","search_name":"Tuglabey Tuglabey Tuglabey Tuglabey Tuglabey Tuglabey","peak_elev":1944,"peak_lon":47.0692505208316,"peak_lat":10.487516531745973,"base_elev":1015,"distance_m":3007.1,"vertical_relief_m":929.0,"max_jut":274.2841,"search_radius_m":6000,"elev_angle_deg":17.1678}},{"type":"Feature","geometry":{"type":"Point","coordinates":[39.936806827979424,6.657189991788744]},"properties":{"peak_name":"Tullu Dimtu","local_name":"Tullu Dimtu","english_name":"Tullu Dimtu","search_name":"Tullu Dimtu Tullu Dimtu Tullu Dimtu Tullu Dimtu Tullu Dimtu Tullu Dimtu","peak_elev":4389,"peak_lon":39.81876819964612,"peak_lat":6.826702085902098,"base_elev":1588,"distance_m":22840.9,"vertical_relief_m":2801.0,"max_jut":339.8417,"search_radius_m":34000,"elev_angle_deg":6.9913}},{"type":"Feature","geometry":{"type":"Point","coordinates":[39.77106765805937,14.81155715185529]},"properties":{"peak_name":"Tunsiu","local_name":"Tunsiu","english_name":"Tunsiu","search_name":"Tunsiu Tunsiu Tunsiu Tunsiu Tunsiu Tunsiu","peak_elev":1973,"peak_lon":39.7486996074848,"peak_lat":14.77840931787128,"base_elev":755,"distance_m":4387.5,"vertical_relief_m":1218.0,"max_jut":324.8714,"search_radius_m":4500,"elev_angle_deg":15.515}},{"type":"Feature","geometry":{"type":"Point","coordinates":[38.17215628385504,13.263849748845766]},"properties":{"peak_name":"T’at’a YeTerara Ch’af","local_name":"T’at’a YeTerara Ch’af","english_name":"T’at’a YeTerara Ch’af","search_name":"T’at’a YeTerara Ch’af T’at’a YeTerara Ch’af T’at’a YeTerara Ch’af T’at’a YeTerara Ch’af T’at’a YeTerara Ch’af T’at’a YeTerara Ch’af","peak_elev":4069,"peak_lon":38.16380195171273,"peak_lat":13.259807330067227,"base_elev":3016,"distance_m":1009.8,"vertical_relief_m":1053.0,"max_jut":760.0251,"search_radius_m":1375,"elev_angle_deg":46.1997}},{"type":"Feature","geometry":{"type":"Point","coordinates":[39.69453119585239,14.704028812346182]},"properties":{"peak_name":"Uba","local_name":"Uba","english_name":"Uba","search_name":"Uba Uba Uba Uba Uba Uba","peak_elev":1949,"peak_lon":39.68536837995437,"peak_lat":14.704837296101893,"base_elev":1282,"distance_m":990.9,"vertical_relief_m":667.0,"max_jut":372.7974,"search_radius_m":1375,"elev_angle_deg":33.9455}},{"type":"Feature","geometry":{"type":"Point","coordinates":[48.87432525274137,11.000364727449808]},"properties":{"peak_name":"Ubeeraale","local_name":"Ubeeraale","english_name":"Ubeeraale","search_name":"Ubeeraale Ubeeraale Ubeeraale Ubeeraale Ubeeraale Ubeeraale","peak_elev":1611,"peak_lon":48.88375756322462,"peak_lat":10.980152633557118,"base_elev":578,"distance_m":2461.9,"vertical_relief_m":1033.0,"max_jut":398.2787,"search_radius_m":10000,"elev_angle_deg":22.7627}},{"type":"Feature","geometry":{"type":"Point","coordinates":[37.29737686017945,-3.1397466652903456]},"properties":{"peak_name":"Uhuru","local_name":"Uhuru","english_name":"Uhuru","search_name":"Uhuru Uhuru Uhuru Uhuru Uhuru Uhuru","peak_elev":5781,"peak_lon":37.35909112019846,"peak_lat":-3.065905148935721,"base_elev":2162,"distance_m":10664.3,"vertical_relief_m":3619.0,"max_jut":1160.0358,"search_radius_m":31000,"elev_angle_deg":18.745}},{"type":"Feature","geometry":{"type":"Point","coordinates":[14.809940184343874,-12.197729169652716]},"properties":{"peak_name":"Ulumbo","local_name":"Ulumbo","english_name":"Ulumbo","search_name":"Ulumbo Ulumbo Ulumbo Ulumbo Ulumbo Ulumbo","peak_elev":2327,"peak_lon":14.836620148282224,"peak_lat":-12.190991805021822,"base_elev":1407,"distance_m":2997.6,"vertical_relief_m":920.0,"max_jut":270.1474,"search_radius_m":3750,"elev_angle_deg":17.0619}},{"type":"Feature","geometry":{"type":"Point","coordinates":[14.319999028385087,-11.212456966030429]},"properties":{"peak_name":"Umbi","local_name":"Umbi","english_name":"Umbi","search_name":"Umbi Umbi Umbi Umbi Umbi Umbi","peak_elev":1400,"peak_lon":14.324580436334095,"peak_lat":-11.21353494437137,"base_elev":958,"distance_m":514.3,"vertical_relief_m":442.0,"max_jut":288.2253,"search_radius_m":750,"elev_angle_deg":40.6764}},{"type":"Feature","geometry":{"type":"Point","coordinates":[14.952772314518878,-11.648229710356809]},"properties":{"peak_name":"Utundi","local_name":"Utundi","english_name":"Utundi","search_name":"Utundi Utundi Utundi Utundi Utundi Utundi","peak_elev":2053,"peak_lon":14.955736754956472,"peak_lat":-11.651733139964872,"base_elev":1570,"distance_m":504.7,"vertical_relief_m":483.0,"max_jut":333.5174,"search_radius_m":1125,"elev_angle_deg":43.7414}},{"type":"Feature","geometry":{"type":"Point","coordinates":[14.904263289176424,-11.730156064268506]},"properties":{"peak_name":"Vavele","local_name":"Vavele","english_name":"Vavele","search_name":"Vavele Vavele Vavele Vavele Vavele Vavele","peak_elev":2481,"peak_lon":14.921241448046285,"peak_lat":-11.7188372916886,"base_elev":1624,"distance_m":2234.5,"vertical_relief_m":857.0,"max_jut":306.6713,"search_radius_m":4500,"elev_angle_deg":20.9834}},{"type":"Feature","geometry":{"type":"Point","coordinates":[22.409687487995026,-33.89743317284388]},"properties":{"peak_name":"Vensterberg","local_name":"Vensterberg","english_name":"Vensterberg","search_name":"Vensterberg Vensterberg Vensterberg Vensterberg Vensterberg Vensterberg","peak_elev":1301,"peak_lon":22.387588932005688,"peak_lat":-33.89554671074723,"base_elev":417,"distance_m":2054.7,"vertical_relief_m":884.0,"max_jut":349.9808,"search_radius_m":2250,"elev_angle_deg":23.279}},{"type":"Feature","geometry":{"type":"Point","coordinates":[19.039388205035404,-33.98825284806836]},"properties":{"peak_name":"Victoria Peak","local_name":"Victoria Peak","english_name":"Victoria Peak","search_name":"Victoria Peak Victoria Peak Victoria Peak Victoria Peak Victoria Peak Victoria Peak","peak_elev":1591,"peak_lon":19.03534578625687,"peak_lat":-34.01223786615436,"base_elev":426,"distance_m":2686.6,"vertical_relief_m":1165.0,"max_jut":462.5677,"search_radius_m":3500,"elev_angle_deg":23.4432}},{"type":"Feature","geometry":{"type":"Point","coordinates":[29.640227209873057,-1.3422177817671832]},"properties":{"peak_name":"Volcan Gahinga","local_name":"Volcan Gahinga","english_name":"Volcan Gahinga","search_name":"Volcan Gahinga Volcan Gahinga Volcan Gahinga Volcan Gahinga Volcan Gahinga Volcan Gahinga","peak_elev":3447,"peak_lon":29.644269628651596,"peak_lat":-1.3850674208196845,"base_elev":2184,"distance_m":4759.4,"vertical_relief_m":1263.0,"max_jut":322.2787,"search_radius_m":10000,"elev_angle_deg":14.862}},{"type":"Feature","geometry":{"type":"Point","coordinates":[29.4098093394964,-1.515233305488603]},"properties":{"peak_name":"Volcan Karisimbi","local_name":"Volcan Karisimbi","english_name":"Volcan Karisimbi","search_name":"Volcan Karisimbi Volcan Karisimbi Volcan Karisimbi Volcan Karisimbi Volcan Karisimbi Volcan Karisimbi","peak_elev":4348,"peak_lon":29.447808076014656,"peak_lat":-1.5071484679315272,"base_elev":2773,"distance_m":4322.0,"vertical_relief_m":1575.0,"max_jut":539.6574,"search_radius_m":13500,"elev_angle_deg":20.0225}},{"type":"Feature","geometry":{"type":"Point","coordinates":[29.428404465877676,-1.442200272889686]},"properties":{"peak_name":"Volcan Mikeno","local_name":"Volcan Mikeno","english_name":"Volcan Mikeno","search_name":"Volcan Mikeno Volcan Mikeno Volcan Mikeno Volcan Mikeno Volcan Mikeno Volcan Mikeno","peak_elev":4333,"peak_lon":29.41978063915013,"peak_lat":-1.4632208505380828,"base_elev":2607,"distance_m":2514.6,"vertical_relief_m":1726.0,"max_jut":973.6703,"search_radius_m":4000,"elev_angle_deg":34.4654}},{"type":"Feature","geometry":{"type":"Point","coordinates":[29.209035873495687,-1.5516150744954436]},"properties":{"peak_name":"Volcan Nyiragongo","local_name":"Volcan Nyiragongo","english_name":"Volcan Nyiragongo","search_name":"Volcan Nyiragongo Volcan Nyiragongo Volcan Nyiragongo Volcan Nyiragongo Volcan Nyiragongo Volcan Nyiragongo","peak_elev":3452,"peak_lon":29.25377197464484,"peak_lat":-1.5184672405114332,"base_elev":1853,"distance_m":6182.0,"vertical_relief_m":1599.0,"max_jut":399.9398,"search_radius_m":6500,"elev_angle_deg":14.502}},{"type":"Feature","geometry":{"type":"Point","coordinates":[29.505479917255126,-1.4540580346400636]},"properties":{"peak_name":"Volcan Visoke","local_name":"Volcan Visoke","english_name":"Volcan Visoke","search_name":"Volcan Visoke Volcan Visoke Volcan Visoke Volcan Visoke Volcan Visoke Volcan Visoke","peak_elev":3656,"peak_lon":29.486345801703383,"peak_lat":-1.4634903451233183,"base_elev":2663,"distance_m":2371.0,"vertical_relief_m":993.0,"max_jut":383.532,"search_radius_m":3000,"elev_angle_deg":22.7245}},{"type":"Feature","geometry":{"type":"Point","coordinates":[32.9062320883464,-19.003006436028567]},"properties":{"peak_name":"Vumba","local_name":"Vumba","english_name":"Vumba","search_name":"Vumba Vumba Vumba Vumba Vumba Vumba","peak_elev":1653,"peak_lon":32.88009111357852,"peak_lat":-18.990879179692957,"base_elev":732,"distance_m":3062.4,"vertical_relief_m":921.0,"max_jut":265.3205,"search_radius_m":5500,"elev_angle_deg":16.7384}},{"type":"Feature","geometry":{"type":"Point","coordinates":[47.21801153188179,10.796896315596737]},"properties":{"peak_name":"Waraq","local_name":"Waraq","english_name":"Waraq","search_name":"Waraq Waraq Waraq Waraq Waraq Waraq","peak_elev":2394,"peak_lon":47.18998409501727,"peak_lat":10.749195774009989,"base_elev":659,"distance_m":6102.1,"vertical_relief_m":1735.0,"max_jut":472.906,"search_radius_m":11000,"elev_angle_deg":15.872}},{"type":"Feature","geometry":{"type":"Point","coordinates":[29.975208979321227,0.2416018956639453]},"properties":{"peak_name":"Watamagufu","local_name":"Watamagufu","english_name":"Watamagufu","search_name":"Watamagufu Watamagufu Watamagufu Watamagufu Watamagufu Watamagufu","peak_elev":4246,"peak_lon":29.904870892574667,"peak_lat":0.2750192242331915,"base_elev":1812,"distance_m":8658.0,"vertical_relief_m":2434.0,"max_jut":658.6597,"search_radius_m":34000,"elev_angle_deg":15.7021}},{"type":"Feature","geometry":{"type":"Point","coordinates":[37.79189942408724,13.07628151752161]},"properties":{"peak_name":"Wek’in YeTerara Ch’af","local_name":"Wek’in YeTerara Ch’af","english_name":"Wek’in YeTerara Ch’af","search_name":"Wek’in YeTerara Ch’af Wek’in YeTerara Ch’af Wek’in YeTerara Ch’af Wek’in YeTerara Ch’af Wek’in YeTerara Ch’af Wek’in YeTerara Ch’af","peak_elev":3050,"peak_lon":37.81103353963899,"peak_lat":13.064154261185996,"base_elev":1893,"distance_m":2471.1,"vertical_relief_m":1157.0,"max_jut":490.3598,"search_radius_m":2750,"elev_angle_deg":25.0896}},{"type":"Feature","geometry":{"type":"Point","coordinates":[39.74681314538815,13.345506608172233]},"properties":{"peak_name":"Wele’ā Terara","local_name":"Wele’ā Terara","english_name":"Wele’ā Terara","search_name":"Wele’ā Terara Wele’ā Terara Wele’ā Terara Wele’ā Terara Wele’ā Terara Wele’ā Terara","peak_elev":2070,"peak_lon":39.73872830783107,"peak_lat":13.347662564854115,"base_elev":1534,"distance_m":907.7,"vertical_relief_m":536.0,"max_jut":272.7038,"search_radius_m":1625,"elev_angle_deg":30.562}},{"type":"Feature","geometry":{"type":"Point","coordinates":[18.869876110922053,-34.04700266764978]},"properties":{"peak_name":"West Peak","local_name":"West Peak","english_name":"West Peak","search_name":"West Peak West Peak West Peak West Peak West Peak West Peak","peak_elev":1000,"peak_lon":18.86933712175158,"peak_lat":-34.038378840922235,"base_elev":365,"distance_m":957.9,"vertical_relief_m":635.0,"max_jut":350.2691,"search_radius_m":2250,"elev_angle_deg":33.5407}},{"type":"Feature","geometry":{"type":"Point","coordinates":[30.113729196132457,-24.009407345955072]},"properties":{"peak_name":"Wolkberg","local_name":"Wolkberg","english_name":"Wolkberg","search_name":"Wolkberg Wolkberg Wolkberg Wolkberg Wolkberg Wolkberg","peak_elev":1797,"peak_lon":30.07788641629609,"peak_lat":-24.00051402464229,"base_elev":792,"distance_m":3777.6,"vertical_relief_m":1005.0,"max_jut":258.6878,"search_radius_m":5000,"elev_angle_deg":14.898}},{"type":"Feature","geometry":{"type":"Point","coordinates":[48.895345830389765,11.025966713047216]},"properties":{"peak_name":"Xagaroode","local_name":"Xagaroode","english_name":"Xagaroode","search_name":"Xagaroode Xagaroode Xagaroode Xagaroode Xagaroode Xagaroode","peak_elev":1510,"peak_lon":48.89884925999783,"peak_lat":10.99497483574509,"base_elev":365,"distance_m":3449.4,"vertical_relief_m":1145.0,"max_jut":359.0416,"search_radius_m":4250,"elev_angle_deg":18.3632}},{"type":"Feature","geometry":{"type":"Point","coordinates":[47.2398405932859,10.783960575505414]},"properties":{"peak_name":"Xaubub","local_name":"Xaubub","english_name":"Xaubub","search_name":"Xaubub Xaubub Xaubub Xaubub Xaubub Xaubub","peak_elev":2328,"peak_lon":47.26732904097996,"peak_lat":10.73491256099249,"base_elev":684,"distance_m":6202.7,"vertical_relief_m":1644.0,"max_jut":419.7171,"search_radius_m":27000,"elev_angle_deg":14.8447}},{"type":"Feature","geometry":{"type":"Point","coordinates":[39.72929599734781,14.76089216983095]},"properties":{"peak_name":"Yarre","local_name":"Yarre","english_name":"Yarre","search_name":"Yarre Yarre Yarre Yarre Yarre Yarre","peak_elev":1962,"peak_lon":39.73172144861494,"peak_lat":14.7770618449451,"base_elev":1200,"distance_m":1808.1,"vertical_relief_m":762.0,"max_jut":294.7241,"search_radius_m":2250,"elev_angle_deg":22.8524}},{"type":"Feature","geometry":{"type":"Point","coordinates":[39.53499040139276,14.973253902996804]},"properties":{"peak_name":"Zari","local_name":"Zari","english_name":"Zari","search_name":"Zari Zari Zari Zari Zari Zari","peak_elev":1972,"peak_lon":39.55385502235927,"peak_lat":14.973792892167276,"base_elev":1075,"distance_m":2030.0,"vertical_relief_m":897.0,"max_jut":362.9454,"search_radius_m":3500,"elev_angle_deg":23.8393}},{"type":"Feature","geometry":{"type":"Point","coordinates":[37.30788714900365,13.583200832350256]},"properties":{"peak_name":"Zelal","local_name":"Zelal","english_name":"Zelal","search_name":"Zelal Zelal Zelal Zelal Zelal Zelal","peak_elev":2294,"peak_lon":37.30088028978752,"peak_lat":13.597753539952992,"base_elev":1330,"distance_m":1779.7,"vertical_relief_m":964.0,"max_jut":457.7584,"search_radius_m":6250,"elev_angle_deg":28.4428}},{"type":"Feature","geometry":{"type":"Point","coordinates":[33.360060969883584,-19.29729452310612]},"properties":{"peak_name":"Zembe","local_name":"Zembe","english_name":"Zembe","search_name":"Zembe Zembe Zembe Zembe Zembe Zembe","peak_elev":1153,"peak_lon":33.35359309983792,"peak_lat":-19.29594705017994,"base_elev":664,"distance_m":696.0,"vertical_relief_m":489.0,"max_jut":281.3518,"search_radius_m":1750,"elev_angle_deg":35.0913}},{"type":"Feature","geometry":{"type":"Point","coordinates":[33.96238136788572,4.136876630663015]},"properties":{"peak_name":"Zulia","local_name":"Zulia","english_name":"Zulia","search_name":"Zulia Zulia Zulia Zulia Zulia Zulia","peak_elev":2189,"peak_lon":33.9847494184603,"peak_lat":4.127983309350231,"base_elev":1209,"distance_m":2671.2,"vertical_relief_m":980.0,"max_jut":337.6068,"search_radius_m":6000,"elev_angle_deg":20.1469}},{"type":"Feature","geometry":{"type":"Point","coordinates":[39.20270357779695,12.203927545113142]},"properties":{"peak_name":"Ābune Yosēf","local_name":"Ābune Yosēf","english_name":"Ābune Yosēf","search_name":"Ābune Yosēf Ābune Yosēf Ābune Yosēf Ābune Yosēf Ābune Yosēf Ābune Yosēf","peak_elev":4081,"peak_lon":39.18303047307474,"peak_lat":12.134128447537057,"base_elev":2463,"distance_m":8012.7,"vertical_relief_m":1618.0,"max_jut":318.8096,"search_radius_m":23000,"elev_angle_deg":11.4162}},{"type":"Feature","geometry":{"type":"Point","coordinates":[39.372754661080776,15.141149029598742]},"properties":{"peak_name":"Ādī-Hans","local_name":"Ādī-Hans","english_name":"Ādī-Hans","search_name":"Ādī-Hans Ādī-Hans Ādī-Hans Ādī-Hans Ādī-Hans Ādī-Hans","peak_elev":2857,"peak_lon":39.31589130359601,"peak_lat":15.114738560245629,"base_elev":849,"distance_m":6774.7,"vertical_relief_m":2008.0,"max_jut":570.6919,"search_radius_m":8000,"elev_angle_deg":16.5097}},{"type":"Feature","geometry":{"type":"Point","coordinates":[40.84931549358804,13.097571589755242]},"properties":{"peak_name":"Āfrēra Terara","local_name":"Āfrēra Terara","english_name":"Āfrēra Terara","search_name":"Āfrēra Terara Āfrēra Terara Āfrēra Terara Āfrēra Terara Āfrēra Terara Āfrēra Terara","peak_elev":1265,"peak_lon":40.85335791236657,"peak_lat":13.08867826844246,"base_elev":618,"distance_m":1077.1,"vertical_relief_m":647.0,"max_jut":332.1664,"search_radius_m":5750,"elev_angle_deg":30.9927}},{"type":"Feature","geometry":{"type":"Point","coordinates":[40.65150646802491,13.51070678892181]},"properties":{"peak_name":"Āmaytolī Terara","local_name":"Āmaytolī Terara","english_name":"Āmaytolī Terara","search_name":"Āmaytolī Terara Āmaytolī Terara Āmaytolī Terara Āmaytolī Terara Āmaytolī Terara Āmaytolī Terara","peak_elev":995,"peak_lon":40.633989319984586,"peak_lat":13.509898305166104,"base_elev":263,"distance_m":1898.5,"vertical_relief_m":732.0,"max_jut":263.6349,"search_radius_m":4750,"elev_angle_deg":21.085}},{"type":"Feature","geometry":{"type":"Point","coordinates":[39.40940592467285,14.693518523521984]},"properties":{"peak_name":"Āmba Matara","local_name":"Āmba Matara","english_name":"Āmba Matara","search_name":"Āmba Matara Āmba Matara Āmba Matara Āmba Matara Āmba Matara Āmba Matara","peak_elev":2704,"peak_lon":39.41722126764469,"peak_lat":14.69244054518104,"base_elev":2122,"distance_m":850.1,"vertical_relief_m":582.0,"max_jut":329.0417,"search_radius_m":875,"elev_angle_deg":34.3965}},{"type":"Feature","geometry":{"type":"Point","coordinates":[39.41263985969568,14.706993252783777]},"properties":{"peak_name":"Āmba Senafe","local_name":"Āmba Senafe","english_name":"Āmba Senafe","search_name":"Āmba Senafe Āmba Senafe Āmba Senafe Āmba Senafe Āmba Senafe Āmba Senafe","peak_elev":2615,"peak_lon":39.41668227847422,"peak_lat":14.705376285272362,"base_elev":2220,"distance_m":470.7,"vertical_relief_m":395.0,"max_jut":253.9831,"search_radius_m":500,"elev_angle_deg":40.0026}},{"type":"Feature","geometry":{"type":"Point","coordinates":[39.097600689554966,14.77059397489944]},"properties":{"peak_name":"Āmba Toquile","local_name":"Āmba Toquile","english_name":"Āmba Toquile","search_name":"Āmba Toquile Āmba Toquile Āmba Toquile Āmba Toquile Āmba Toquile Āmba Toquile","peak_elev":1946,"peak_lon":39.097600689554966,"peak_lat":14.774097404507506,"base_elev":1554,"distance_m":387.6,"vertical_relief_m":392.0,"max_jut":278.0486,"search_radius_m":750,"elev_angle_deg":45.3234}},{"type":"Feature","geometry":{"type":"Point","coordinates":[37.83474906313975,13.17383855737699]},"properties":{"peak_name":"Āmba Zagul YeTerara Ch’af","local_name":"Āmba Zagul YeTerara Ch’af","english_name":"Āmba Zagul YeTerara Ch’af","search_name":"Āmba Zagul YeTerara Ch’af Āmba Zagul YeTerara Ch’af Āmba Zagul YeTerara Ch’af Āmba Zagul YeTerara Ch’af Āmba Zagul YeTerara Ch’af Āmba Zagul YeTerara Ch’af","peak_elev":3075,"peak_lon":37.842294911526345,"peak_lat":13.168448665672273,"base_elev":2225,"distance_m":1012.3,"vertical_relief_m":850.0,"max_jut":546.287,"search_radius_m":4500,"elev_angle_deg":40.0192}},{"type":"Feature","geometry":{"type":"Point","coordinates":[39.72255863271692,14.244540544519047]},"properties":{"peak_name":"Āwrimo Terara","local_name":"Āwrimo Terara","english_name":"Āwrimo Terara","search_name":"Āwrimo Terara Āwrimo Terara Āwrimo Terara Āwrimo Terara Āwrimo Terara Āwrimo Terara","peak_elev":2808,"peak_lon":39.713665311404135,"peak_lat":14.262327187144614,"base_elev":1982,"distance_m":2189.5,"vertical_relief_m":826.0,"max_jut":290.5944,"search_radius_m":2250,"elev_angle_deg":20.6692}},{"type":"Feature","geometry":{"type":"Point","coordinates":[40.72103607101577,10.081657686380773]},"properties":{"peak_name":"Āyelu Terara","local_name":"Āyelu Terara","english_name":"Āyelu Terara","search_name":"Āyelu Terara Āyelu Terara Āyelu Terara Āyelu Terara Āyelu Terara Āyelu Terara","peak_elev":2122,"peak_lon":40.70351892297544,"peak_lat":10.08435263223313,"base_elev":1052,"distance_m":1943.1,"vertical_relief_m":1070.0,"max_jut":516.5613,"search_radius_m":5000,"elev_angle_deg":28.8401}},{"type":"Feature","geometry":{"type":"Point","coordinates":[-5.364154971827105,32.278848693917325]},"properties":{"peak_name":"’Ari Sloui","local_name":"’Ari Sloui","english_name":"’Ari Sloui","search_name":"’Ari Sloui ’Ari Sloui ’Ari Sloui ’Ari Sloui ’Ari Sloui ’Ari Sloui","peak_elev":2692,"peak_lon":-5.361999015145218,"peak_lat":32.29205392859389,"base_elev":2017,"distance_m":1478.4,"vertical_relief_m":675.0,"max_jut":279.7426,"search_radius_m":2250,"elev_angle_deg":24.5402}}]}