{"type":"FeatureCollection","features":[{"type":"Feature","geometry":{"type":"Polygon","coordinates":[[[-67.8292269,-28.707344],[-67.7949555,-28.7088163],[-67.7610142,-28.7132192],[-67.7277297,-28.7205103],[-67.6954228,-28.7306193],[-67.6644045,-28.7434488],[-67.6349734,-28.7588754],[-67.6074132,-28.7767504],[-67.5819891,-28.7969017],[-67.5589461,-28.8191353],[-67.5385061,-28.843237],[-67.5208658,-28.8689746],[-67.5061952,-28.8961004],[-67.4946356,-28.9243532],[-67.4862983,-28.9534607],[-67.4812636,-28.9831427],[-67.4795799,-29.0131133],[-67.4812636,-29.0430839],[-67.4862983,-29.072766],[-67.4946356,-29.1018735],[-67.5061952,-29.1301262],[-67.5208658,-29.157252],[-67.5385061,-29.1829897],[-67.5589461,-29.2070913],[-67.5819891,-29.2293249],[-67.6074132,-29.2494762],[-67.6349734,-29.2673512],[-67.6644045,-29.2827778],[-67.6954228,-29.2956074],[-67.7277297,-29.3057163],[-67.7610142,-29.3130074],[-67.7949555,-29.3174103],[-67.8292269,-29.3188827],[-67.8634983,-29.3174103],[-67.8974396,-29.3130074],[-67.9307241,-29.3057163],[-67.963031,-29.2956074],[-67.9940494,-29.2827778],[-68.0234804,-29.2673512],[-68.0510406,-29.2494762],[-68.0764647,-29.2293249],[-68.0995077,-29.2070913],[-68.1199478,-29.1829897],[-68.137588,-29.157252],[-68.1522586,-29.1301262],[-68.1638182,-29.1018735],[-68.1721555,-29.072766],[-68.1771903,-29.0430839],[-68.1788739,-29.0131133],[-68.1771903,-28.9831427],[-68.1721555,-28.9534607],[-68.1638182,-28.9243532],[-68.1522586,-28.8961004],[-68.137588,-28.8689746],[-68.1199478,-28.843237],[-68.0995077,-28.8191353],[-68.0764647,-28.7969017],[-68.0510406,-28.7767504],[-68.0234804,-28.7588754],[-67.9940494,-28.7434488],[-67.963031,-28.7306193],[-67.9307241,-28.7205103],[-67.8974396,-28.7132192],[-67.8634983,-28.7088163],[-67.8292269,-28.707344]]]},"properties":{"name":"Cerro General Manuel Belgrano","local_name":"Cerro General Manuel Belgrano","english_name":"Cerro General Manuel Belgrano","search_name":"Cerro General Manuel Belgrano Cerro General Manuel Belgrano Cerro General Manuel Belgrano Cerro General Manuel Belgrano Cerro General Manuel Belgrano Cerro General Manuel Belgrano","peak_elev":6096,"radius_m":34000,"layer":"平均突起响应半径","rank_pct":0.0,"center_lon":-67.82922690530533,"center_lat":-29.01311331002922,"max_mean_jut":518.7523,"max_ats":352.8254,"r_jmean_peak":34000,"r_ats_peak":33000,"r_ats_marginal":3375.0,"ats_marginal_rate_max":0.037573,"ats_marginal_interval_start":3250,"ats_marginal_interval_end":3500,"ats_marginal_ats_mean":69.0416}},{"type":"Feature","geometry":{"type":"Polygon","coordinates":[[[-73.6861527,11.1444373],[-73.6556377,11.142965],[-73.6254166,11.1385621],[-73.5957804,11.131271],[-73.5670145,11.121162],[-73.539396,11.1083325],[-73.5131908,11.0929059],[-73.4886514,11.0750309],[-73.466014,11.0548796],[-73.4454967,11.032646],[-73.427297,11.0085443],[-73.4115902,10.9828066],[-73.3985276,10.9556808],[-73.388235,10.9274281],[-73.3808115,10.8983206],[-73.3763287,10.8686386],[-73.3748296,10.838668],[-73.3763287,10.8086973],[-73.3808115,10.7790153],[-73.388235,10.7499078],[-73.3985276,10.7216551],[-73.4115902,10.6945293],[-73.427297,10.6687916],[-73.4454967,10.64469],[-73.466014,10.6224564],[-73.4886514,10.6023051],[-73.5131908,10.5844301],[-73.539396,10.5690035],[-73.5670145,10.5561739],[-73.5957804,10.546065],[-73.6254166,10.5387739],[-73.6556377,10.534371],[-73.6861527,10.5328986],[-73.7166677,10.534371],[-73.7468889,10.5387739],[-73.7765251,10.546065],[-73.8052909,10.5561739],[-73.8329095,10.5690035],[-73.8591146,10.5844301],[-73.8836541,10.6023051],[-73.9062915,10.6224564],[-73.9268088,10.64469],[-73.9450085,10.6687916],[-73.9607153,10.6945293],[-73.9737778,10.7216551],[-73.9840704,10.7499078],[-73.9914939,10.7790153],[-73.9959768,10.8086973],[-73.9974759,10.838668],[-73.9959768,10.8686386],[-73.9914939,10.8983206],[-73.9840704,10.9274281],[-73.9737778,10.9556808],[-73.9607153,10.9828066],[-73.9450085,11.0085443],[-73.9268088,11.032646],[-73.9062915,11.0548796],[-73.8836541,11.0750309],[-73.8591146,11.0929059],[-73.8329095,11.1083325],[-73.8052909,11.121162],[-73.7765251,11.131271],[-73.7468889,11.1385621],[-73.7166677,11.142965],[-73.6861527,11.1444373]]]},"properties":{"name":"Pico Cristóbal Colón","local_name":"Pico Cristóbal Colón","english_name":"Pico Cristóbal Colón","search_name":"Pico Cristóbal Colón Pico Cristóbal Colón Pico Cristóbal Colón Pico Cristóbal Colón Pico Cristóbal Colón Pico Cristóbal Colón","peak_elev":5683,"radius_m":34000,"layer":"平均突起响应半径","rank_pct":0.0,"center_lon":-73.6861527262362,"center_lat":10.838667976308294,"max_mean_jut":442.4886,"max_ats":243.6859,"r_jmean_peak":34000,"r_ats_peak":34000,"r_ats_marginal":437.5,"ats_marginal_rate_max":0.17035,"ats_marginal_interval_start":375,"ats_marginal_interval_end":500,"ats_marginal_ats_mean":56.8658}},{"type":"Feature","geometry":{"type":"Polygon","coordinates":[[[-73.6155451,11.1201828],[-73.5850326,11.1187104],[-73.5548139,11.1143075],[-73.5251801,11.1070165],[-73.4964166,11.0969075],[-73.4688003,11.084078],[-73.4425973,11.0686514],[-73.4180598,11.0507764],[-73.3954242,11.030625],[-73.3749086,11.0083915],[-73.3567103,10.9842898],[-73.3410048,10.9585521],[-73.3279433,10.9314263],[-73.3176516,10.9031736],[-73.3102287,10.8740661],[-73.3057462,10.8443841],[-73.3042472,10.8144135],[-73.3057462,10.7844428],[-73.3102287,10.7547608],[-73.3176516,10.7256533],[-73.3279433,10.6974006],[-73.3410048,10.6702748],[-73.3567103,10.6445371],[-73.3749086,10.6204354],[-73.3954242,10.5982019],[-73.4180598,10.5780506],[-73.4425973,10.5601755],[-73.4688003,10.544749],[-73.4964166,10.5319194],[-73.5251801,10.5218104],[-73.5548139,10.5145194],[-73.5850326,10.5101165],[-73.6155451,10.5086441],[-73.6460577,10.5101165],[-73.6762764,10.5145194],[-73.7059102,10.5218104],[-73.7346737,10.5319194],[-73.76229,10.544749],[-73.788493,10.5601755],[-73.8130305,10.5780506],[-73.8356661,10.5982019],[-73.8561817,10.6204354],[-73.8743799,10.6445371],[-73.8900854,10.6702748],[-73.903147,10.6974006],[-73.9134387,10.7256533],[-73.9208616,10.7547608],[-73.9253441,10.7844428],[-73.9268431,10.8144135],[-73.9253441,10.8443841],[-73.9208616,10.8740661],[-73.9134387,10.9031736],[-73.903147,10.9314263],[-73.8900854,10.9585521],[-73.8743799,10.9842898],[-73.8561817,11.0083915],[-73.8356661,11.030625],[-73.8130305,11.0507764],[-73.788493,11.0686514],[-73.76229,11.084078],[-73.7346737,11.0969075],[-73.7059102,11.1070165],[-73.6762764,11.1143075],[-73.6460577,11.1187104],[-73.6155451,11.1201828]]]},"properties":{"name":"Pico La Reina","local_name":"Pico La Reina","english_name":"Pico La Reina","search_name":"Pico La Reina Pico La Reina Pico La Reina Pico La Reina Pico La Reina Pico La Reina","peak_elev":5481,"radius_m":34000,"layer":"平均突起响应半径","rank_pct":0.0,"center_lon":-73.6155451449044,"center_lat":10.814413463637068,"max_mean_jut":379.9198,"max_ats":209.2666,"r_jmean_peak":34000,"r_ats_peak":34000,"r_ats_marginal":687.5,"ats_marginal_rate_max":0.210817,"ats_marginal_interval_start":625,"ats_marginal_interval_end":750,"ats_marginal_ats_mean":106.7686}},{"type":"Feature","geometry":{"type":"Polygon","coordinates":[[[-70.8014827,9.0617832],[-70.7711586,9.0603108],[-70.7411266,9.0559079],[-70.7116759,9.0486168],[-70.68309,9.0385079],[-70.6556443,9.0256783],[-70.6296032,9.0102517],[-70.6052173,8.9923767],[-70.5827216,8.9722254],[-70.5623326,8.9499918],[-70.5442468,8.9258902],[-70.5286383,8.9001525],[-70.5156575,8.8730267],[-70.5054293,8.844774],[-70.4980523,8.8156665],[-70.4935975,8.7859845],[-70.4921077,8.7560138],[-70.4935975,8.7260432],[-70.4980523,8.6963612],[-70.5054293,8.6672537],[-70.5156575,8.639001],[-70.5286383,8.6118751],[-70.5442468,8.5861375],[-70.5623326,8.5620358],[-70.5827216,8.5398022],[-70.6052173,8.5196509],[-70.6296032,8.5017759],[-70.6556443,8.4863493],[-70.68309,8.4735198],[-70.7116759,8.4634108],[-70.7411266,8.4561197],[-70.7711586,8.4517168],[-70.8014827,8.4502445],[-70.8318067,8.4517168],[-70.8618387,8.4561197],[-70.8912895,8.4634108],[-70.9198754,8.4735198],[-70.947321,8.4863493],[-70.9733622,8.5017759],[-70.9977481,8.5196509],[-71.0202438,8.5398022],[-71.0406328,8.5620358],[-71.0587186,8.5861375],[-71.074327,8.6118751],[-71.0873079,8.639001],[-71.097536,8.6672537],[-71.1049131,8.6963612],[-71.1093679,8.7260432],[-71.1108576,8.7560138],[-71.1093679,8.7859845],[-71.1049131,8.8156665],[-71.097536,8.844774],[-71.0873079,8.8730267],[-71.074327,8.9001525],[-71.0587186,8.9258902],[-71.0406328,8.9499918],[-71.0202438,8.9722254],[-70.9977481,8.9923767],[-70.9733622,9.0102517],[-70.947321,9.0256783],[-70.9198754,9.0385079],[-70.8912895,9.0486168],[-70.8618387,9.0559079],[-70.8318067,9.0603108],[-70.8014827,9.0617832]]]},"properties":{"name":"Pico Mucuñuque","local_name":"Pico Mucuñuque","english_name":"Pico Mucuñuque","search_name":"Pico Mucuñuque Pico Mucuñuque Pico Mucuñuque Pico Mucuñuque Pico Mucuñuque Pico Mucuñuque","peak_elev":4589,"radius_m":34000,"layer":"平均突起响应半径","rank_pct":0.0,"center_lon":-70.80148268587159,"center_lat":8.756013821605595,"max_mean_jut":215.2776,"max_ats":95.2595,"r_jmean_peak":34000,"r_ats_peak":34000,"r_ats_marginal":187.5,"ats_marginal_rate_max":0.102904,"ats_marginal_interval_start":125,"ats_marginal_interval_end":250,"ats_marginal_ats_mean":10.3088}},{"type":"Feature","geometry":{"type":"Polygon","coordinates":[[[-73.6265944,11.1377],[-73.5960801,11.1362276],[-73.5658597,11.1318247],[-73.5362241,11.1245336],[-73.5074589,11.1144247],[-73.479841,11.1015951],[-73.4536364,11.0861685],[-73.4290975,11.0682935],[-73.4064606,11.0481422],[-73.3859438,11.0259086],[-73.3677445,11.001807],[-73.3520381,10.9760693],[-73.3389758,10.9489435],[-73.3286834,10.9206908],[-73.3212601,10.8915833],[-73.3167773,10.8619012],[-73.3152783,10.8319306],[-73.3167773,10.80196],[-73.3212601,10.772278],[-73.3286834,10.7431705],[-73.3389758,10.7149177],[-73.3520381,10.6877919],[-73.3677445,10.6620543],[-73.3859438,10.6379526],[-73.4064606,10.615719],[-73.4290975,10.5955677],[-73.4536364,10.5776927],[-73.479841,10.5622661],[-73.5074589,10.5494366],[-73.5362241,10.5393276],[-73.5658597,10.5320365],[-73.5960801,10.5276336],[-73.6265944,10.5261613],[-73.6571087,10.5276336],[-73.6873292,10.5320365],[-73.7169647,10.5393276],[-73.74573,10.5494366],[-73.7733478,10.5622661],[-73.7995524,10.5776927],[-73.8240913,10.5955677],[-73.8467282,10.615719],[-73.8672451,10.6379526],[-73.8854444,10.6620543],[-73.9011508,10.6877919],[-73.9142131,10.7149177],[-73.9245054,10.7431705],[-73.9319287,10.772278],[-73.9364115,10.80196],[-73.9379106,10.8319306],[-73.9364115,10.8619012],[-73.9319287,10.8915833],[-73.9245054,10.9206908],[-73.9142131,10.9489435],[-73.9011508,10.9760693],[-73.8854444,11.001807],[-73.8672451,11.0259086],[-73.8467282,11.0481422],[-73.8240913,11.0682935],[-73.7995524,11.0861685],[-73.7733478,11.1015951],[-73.74573,11.1144247],[-73.7169647,11.1245336],[-73.6873292,11.1318247],[-73.6571087,11.1362276],[-73.6265944,11.1377]]]},"properties":{"name":"Pico Ojeda","local_name":"Pico Ojeda","english_name":"Pico Ojeda","search_name":"Pico Ojeda Pico Ojeda Pico Ojeda Pico Ojeda Pico Ojeda Pico Ojeda","peak_elev":5346,"radius_m":34000,"layer":"平均突起响应半径","rank_pct":0.0,"center_lon":-73.62659442289907,"center_lat":10.831930611677397,"max_mean_jut":350.743,"max_ats":183.7981,"r_jmean_peak":34000,"r_ats_peak":34000,"r_ats_marginal":437.5,"ats_marginal_rate_max":0.210844,"ats_marginal_interval_start":375,"ats_marginal_interval_end":500,"ats_marginal_ats_mean":49.513}},{"type":"Feature","geometry":{"type":"Polygon","coordinates":[[[-73.7052868,11.1465933],[-73.6747716,11.1451209],[-73.6445503,11.140718],[-73.6149138,11.133427],[-73.5861478,11.123318],[-73.5585291,11.1104884],[-73.5323237,11.0950619],[-73.5077841,11.0771868],[-73.4851465,11.0570355],[-73.464629,11.034802],[-73.4464292,11.0107003],[-73.4307223,10.9849626],[-73.4176597,10.9578368],[-73.407367,10.9295841],[-73.3999435,10.9004766],[-73.3954605,10.8707946],[-73.3939614,10.8408239],[-73.3954605,10.8108533],[-73.3999435,10.7811713],[-73.407367,10.7520638],[-73.4176597,10.7238111],[-73.4307223,10.6966853],[-73.4464292,10.6709476],[-73.464629,10.6468459],[-73.4851465,10.6246124],[-73.5077841,10.604461],[-73.5323237,10.586586],[-73.5585291,10.5711594],[-73.5861478,10.5583299],[-73.6149138,10.5482209],[-73.6445503,10.5409299],[-73.6747716,10.5365269],[-73.7052868,10.5350546],[-73.7358021,10.5365269],[-73.7660234,10.5409299],[-73.7956598,10.5482209],[-73.8244259,10.5583299],[-73.8520446,10.5711594],[-73.87825,10.586586],[-73.9027896,10.604461],[-73.9254272,10.6246124],[-73.9459446,10.6468459],[-73.9641445,10.6709476],[-73.9798513,10.6966853],[-73.992914,10.7238111],[-74.0032067,10.7520638],[-74.0106302,10.7811713],[-74.0151131,10.8108533],[-74.0166123,10.8408239],[-74.0151131,10.8707946],[-74.0106302,10.9004766],[-74.0032067,10.9295841],[-73.992914,10.9578368],[-73.9798513,10.9849626],[-73.9641445,11.0107003],[-73.9459446,11.034802],[-73.9254272,11.0570355],[-73.9027896,11.0771868],[-73.87825,11.0950619],[-73.8520446,11.1104884],[-73.8244259,11.123318],[-73.7956598,11.133427],[-73.7660234,11.140718],[-73.7358021,11.1451209],[-73.7052868,11.1465933]]]},"properties":{"name":"Pico Simons","local_name":"Pico Simons","english_name":"Pico Simons","search_name":"Pico Simons Pico Simons Pico Simons Pico Simons Pico Simons Pico Simons","peak_elev":5588,"radius_m":34000,"layer":"平均突起响应半径","rank_pct":0.0,"center_lon":-73.70528684178795,"center_lat":10.84082393299018,"max_mean_jut":424.5141,"max_ats":232.0002,"r_jmean_peak":34000,"r_ats_peak":34000,"r_ats_marginal":312.5,"ats_marginal_rate_max":0.156595,"ats_marginal_interval_start":250,"ats_marginal_interval_end":375,"ats_marginal_ats_mean":33.7833}},{"type":"Feature","geometry":{"type":"Polygon","coordinates":[[[-73.6931596,11.1414729],[-73.6626449,11.1400005],[-73.632424,11.1355976],[-73.6027881,11.1283066],[-73.5740225,11.1181976],[-73.5464043,11.105368],[-73.5201994,11.0899415],[-73.4956602,11.0720664],[-73.473023,11.0519151],[-73.4525059,11.0296816],[-73.4343064,11.0055799],[-73.4185998,10.9798422],[-73.4055373,10.9527164],[-73.3952448,10.9244637],[-73.3878214,10.8953562],[-73.3833386,10.8656742],[-73.3818395,10.8357035],[-73.3833386,10.8057329],[-73.3878214,10.7760509],[-73.3952448,10.7469434],[-73.4055373,10.7186907],[-73.4185998,10.6915649],[-73.4343064,10.6658272],[-73.4525059,10.6417255],[-73.473023,10.619492],[-73.4956602,10.5993406],[-73.5201994,10.5814656],[-73.5464043,10.566039],[-73.5740225,10.5532095],[-73.6027881,10.5431005],[-73.632424,10.5358095],[-73.6626449,10.5314066],[-73.6931596,10.5299342],[-73.7236743,10.5314066],[-73.7538951,10.5358095],[-73.783531,10.5431005],[-73.8122966,10.5532095],[-73.8399149,10.566039],[-73.8661198,10.5814656],[-73.890659,10.5993406],[-73.9132961,10.619492],[-73.9338133,10.6417255],[-73.9520128,10.6658272],[-73.9677194,10.6915649],[-73.9807818,10.7186907],[-73.9910743,10.7469434],[-73.9984977,10.7760509],[-74.0029806,10.8057329],[-74.0044797,10.8357035],[-74.0029806,10.8656742],[-73.9984977,10.8953562],[-73.9910743,10.9244637],[-73.9807818,10.9527164],[-73.9677194,10.9798422],[-73.9520128,11.0055799],[-73.9338133,11.0296816],[-73.9132961,11.0519151],[-73.890659,11.0720664],[-73.8661198,11.0899415],[-73.8399149,11.105368],[-73.8122966,11.1181976],[-73.783531,11.1283066],[-73.7538951,11.1355976],[-73.7236743,11.1400005],[-73.6931596,11.1414729]]]},"properties":{"name":"Pico Simón Bolívar","local_name":"Pico Simón Bolívar","english_name":"Pico Simón Bolívar","search_name":"Pico Simón Bolívar Pico Simón Bolívar Pico Simón Bolívar Pico Simón Bolívar Pico Simón Bolívar Pico Simón Bolívar","peak_elev":5494,"radius_m":34000,"layer":"平均突起响应半径","rank_pct":0.0,"center_lon":-73.69315958545234,"center_lat":10.8357035358707,"max_mean_jut":390.672,"max_ats":209.2645,"r_jmean_peak":34000,"r_ats_peak":34000,"r_ats_marginal":937.5,"ats_marginal_rate_max":0.038785,"ats_marginal_interval_start":875,"ats_marginal_interval_end":1000,"ats_marginal_ats_mean":19.5799}},{"type":"Feature","geometry":{"type":"Polygon","coordinates":[[[-77.2693527,-10.0752573],[-77.2433679,-10.0765131],[-77.2176333,-10.0802686],[-77.1923967,-10.0864874],[-77.1679013,-10.0951098],[-77.144383,-10.1060526],[-77.1220681,-10.1192106],[-77.1011717,-10.1344569],[-77.081895,-10.1516448],[-77.0644236,-10.1706087],[-77.0489257,-10.191166],[-77.0355507,-10.2131188],[-77.0244274,-10.2362555],[-77.0156628,-10.2603534],[-77.0093413,-10.2851804],[-77.005524,-10.3104974],[-77.0042474,-10.3360606],[-77.005524,-10.3616238],[-77.0093413,-10.3869408],[-77.0156628,-10.4117678],[-77.0244274,-10.4358657],[-77.0355507,-10.4590024],[-77.0489257,-10.4809551],[-77.0644236,-10.5015124],[-77.081895,-10.5204763],[-77.1011717,-10.5376642],[-77.1220681,-10.5529106],[-77.144383,-10.5660685],[-77.1679013,-10.5770114],[-77.1923967,-10.5856337],[-77.2176333,-10.5918526],[-77.2433679,-10.595608],[-77.2693527,-10.5968638],[-77.2953376,-10.595608],[-77.3210722,-10.5918526],[-77.3463087,-10.5856337],[-77.3708041,-10.5770114],[-77.3943225,-10.5660685],[-77.4166374,-10.5529106],[-77.4375338,-10.5376642],[-77.4568105,-10.5204763],[-77.4742819,-10.5015124],[-77.4897797,-10.4809551],[-77.5031547,-10.4590024],[-77.5142781,-10.4358657],[-77.5230427,-10.4117678],[-77.5293641,-10.3869408],[-77.5331815,-10.3616238],[-77.534458,-10.3360606],[-77.5331815,-10.3104974],[-77.5293641,-10.2851804],[-77.5230427,-10.2603534],[-77.5142781,-10.2362555],[-77.5031547,-10.2131188],[-77.4897797,-10.191166],[-77.4742819,-10.1706087],[-77.4568105,-10.1516448],[-77.4375338,-10.1344569],[-77.4166374,-10.1192106],[-77.3943225,-10.1060526],[-77.3708041,-10.0951098],[-77.3463087,-10.0864874],[-77.3210722,-10.0802686],[-77.2953376,-10.0765131],[-77.2693527,-10.0752573]]]},"properties":{"name":"Cerro Querococha","local_name":"Cerro Querococha","english_name":"Cerro Querococha","search_name":"Cerro Querococha Cerro Querococha Cerro Querococha Cerro Querococha Cerro Querococha Cerro Querococha","peak_elev":5015,"radius_m":29000,"layer":"平均突起响应半径","rank_pct":0.0187,"center_lon":-77.26935273153215,"center_lat":-10.33606057484342,"max_mean_jut":171.9435,"max_ats":67.4254,"r_jmean_peak":29000,"r_ats_peak":31000,"r_ats_marginal":187.5,"ats_marginal_rate_max":0.067496,"ats_marginal_interval_start":125,"ats_marginal_interval_end":250,"ats_marginal_ats_mean":7.7842}},{"type":"Feature","geometry":{"type":"Polygon","coordinates":[[[-73.0897612,-13.0029768],[-73.0653105,-13.004146],[-73.0410953,-13.0076424],[-73.0173487,-13.0134324],[-72.9942996,-13.0214601],[-72.9721698,-13.0316483],[-72.9511724,-13.0438988],[-72.9315097,-13.0580937],[-72.9133711,-13.0740962],[-72.8969312,-13.0917522],[-72.8823484,-13.1108918],[-72.8697631,-13.1313305],[-72.8592964,-13.1528716],[-72.8510493,-13.1753076],[-72.8451011,-13.1984224],[-72.8415091,-13.2219934],[-72.8403079,-13.2457936],[-72.8415091,-13.2695938],[-72.8451011,-13.2931648],[-72.8510493,-13.3162796],[-72.8592964,-13.3387156],[-72.8697631,-13.3602567],[-72.8823484,-13.3806954],[-72.8969312,-13.399835],[-72.9133711,-13.417491],[-72.9315097,-13.4334936],[-72.9511724,-13.4476884],[-72.9721698,-13.4599389],[-72.9942996,-13.4701271],[-73.0173487,-13.4781548],[-73.0410953,-13.4839448],[-73.0653105,-13.4874412],[-73.0897612,-13.4886104],[-73.1142119,-13.4874412],[-73.1384271,-13.4839448],[-73.1621737,-13.4781548],[-73.1852228,-13.4701271],[-73.2073527,-13.4599389],[-73.22835,-13.4476884],[-73.2480127,-13.4334936],[-73.2661513,-13.417491],[-73.2825912,-13.399835],[-73.297174,-13.3806954],[-73.3097594,-13.3602567],[-73.320226,-13.3387156],[-73.3284731,-13.3162796],[-73.3344213,-13.2931648],[-73.3380133,-13.2695938],[-73.3392145,-13.2457936],[-73.3380133,-13.2219934],[-73.3344213,-13.1984224],[-73.3284731,-13.1753076],[-73.320226,-13.1528716],[-73.3097594,-13.1313305],[-73.297174,-13.1108918],[-73.2825912,-13.0917522],[-73.2661513,-13.0740962],[-73.2480127,-13.0580937],[-73.22835,-13.0438988],[-73.2073527,-13.0316483],[-73.1852228,-13.0214601],[-73.1621737,-13.0134324],[-73.1384271,-13.0076424],[-73.1142119,-13.004146],[-73.0897612,-13.0029768]]]},"properties":{"name":"Nevado Panta","local_name":"Nevado Panta","english_name":"Nevado Panta","search_name":"Nevado Panta Nevado Panta Nevado Panta Nevado Panta Nevado Panta Nevado Panta","peak_elev":5150,"radius_m":27000,"layer":"平均突起响应半径","rank_pct":0.0213,"center_lon":-73.08976120910926,"center_lat":-13.245793611634964,"max_mean_jut":224.6573,"max_ats":98.9908,"r_jmean_peak":27000,"r_ats_peak":29000,"r_ats_marginal":187.5,"ats_marginal_rate_max":0.113426,"ats_marginal_interval_start":125,"ats_marginal_interval_end":250,"ats_marginal_ats_mean":29.4398}},{"type":"Feature","geometry":{"type":"Polygon","coordinates":[[[-66.0936818,-26.9796049],[-66.0679104,-26.9807308],[-66.0423872,-26.9840977],[-66.017358,-26.9896732],[-65.9930639,-26.9974036],[-65.9697387,-27.0072144],[-65.9476072,-27.0190112],[-65.9268825,-27.0326804],[-65.9077641,-27.0480902],[-65.8904363,-27.0650923],[-65.8750658,-27.083523],[-65.8618007,-27.1032048],[-65.8507687,-27.123948],[-65.8420761,-27.1455531],[-65.8358066,-27.1678117],[-65.8320206,-27.1905097],[-65.8307545,-27.2134285],[-65.8320206,-27.2363472],[-65.8358066,-27.2590452],[-65.8420761,-27.2813039],[-65.8507687,-27.3029089],[-65.8618007,-27.3236522],[-65.8750658,-27.3433339],[-65.8904363,-27.3617646],[-65.9077641,-27.3787667],[-65.9268825,-27.3941766],[-65.9476072,-27.4078457],[-65.9697387,-27.4196425],[-65.9930639,-27.4294533],[-66.017358,-27.4371837],[-66.0423872,-27.4427592],[-66.0679104,-27.4461262],[-66.0936818,-27.4472521],[-66.1194532,-27.4461262],[-66.1449763,-27.4427592],[-66.1700055,-27.4371837],[-66.1942997,-27.4294533],[-66.2176248,-27.4196425],[-66.2397563,-27.4078457],[-66.2604811,-27.3941766],[-66.2795994,-27.3787667],[-66.2969273,-27.3617646],[-66.3122978,-27.3433339],[-66.3255629,-27.3236522],[-66.3365949,-27.3029089],[-66.3452875,-27.2813039],[-66.3515569,-27.2590452],[-66.3553429,-27.2363472],[-66.356609,-27.2134285],[-66.3553429,-27.1905097],[-66.3515569,-27.1678117],[-66.3452875,-27.1455531],[-66.3365949,-27.123948],[-66.3255629,-27.1032048],[-66.3122978,-27.083523],[-66.2969273,-27.0650923],[-66.2795994,-27.0480902],[-66.2604811,-27.0326804],[-66.2397563,-27.0190112],[-66.2176248,-27.0072144],[-66.1942997,-26.9974036],[-66.1700055,-26.9896732],[-66.1449763,-26.9840977],[-66.1194532,-26.9807308],[-66.0936818,-26.9796049]]]},"properties":{"name":"Cerro del Bolsón","local_name":"Cerro del Bolsón","english_name":"Cerro del Bolsón","search_name":"Cerro del Bolsón Cerro del Bolsón Cerro del Bolsón Cerro del Bolsón Cerro del Bolsón Cerro del Bolsón","peak_elev":5547,"radius_m":26000,"layer":"平均突起响应半径","rank_pct":0.024,"center_lon":-66.09368177638642,"center_lat":-27.21342846982417,"max_mean_jut":418.9988,"max_ats":231.177,"r_jmean_peak":26000,"r_ats_peak":34000,"r_ats_marginal":687.5,"ats_marginal_rate_max":0.098822,"ats_marginal_interval_start":625,"ats_marginal_interval_end":750,"ats_marginal_ats_mean":48.6297}},{"type":"Feature","geometry":{"type":"Polygon","coordinates":[[[-72.9159372,-15.1769501],[-72.8958247,-15.1779028],[-72.8759058,-15.1807517],[-72.8563725,-15.1854695],[-72.8374128,-15.1920106],[-72.8192093,-15.200312],[-72.8019374,-15.2102939],[-72.7857634,-15.2218601],[-72.770843,-15.2348992],[-72.7573199,-15.2492856],[-72.7453244,-15.2648808],[-72.7349721,-15.2815346],[-72.7263625,-15.2990866],[-72.7195786,-15.3173678],[-72.7146857,-15.3362021],[-72.711731,-15.3554081],[-72.710743,-15.3748008],[-72.711731,-15.3941936],[-72.7146857,-15.4133996],[-72.7195786,-15.4322339],[-72.7263625,-15.450515],[-72.7349721,-15.468067],[-72.7453244,-15.4847208],[-72.7573199,-15.500316],[-72.770843,-15.5147024],[-72.7857634,-15.5277415],[-72.8019374,-15.5393077],[-72.8192093,-15.5492896],[-72.8374128,-15.5575911],[-72.8563725,-15.5641322],[-72.8759058,-15.5688499],[-72.8958247,-15.5716989],[-72.9159372,-15.5726516],[-72.9360498,-15.5716989],[-72.9559686,-15.5688499],[-72.9755019,-15.5641322],[-72.9944616,-15.5575911],[-73.0126651,-15.5492896],[-73.029937,-15.5393077],[-73.046111,-15.5277415],[-73.0610314,-15.5147024],[-73.0745545,-15.500316],[-73.08655,-15.4847208],[-73.0969023,-15.468067],[-73.1055119,-15.450515],[-73.1122958,-15.4322339],[-73.1171887,-15.4133996],[-73.1201434,-15.3941936],[-73.1211314,-15.3748008],[-73.1201434,-15.3554081],[-73.1171887,-15.3362021],[-73.1122958,-15.3173678],[-73.1055119,-15.2990866],[-73.0969023,-15.2815346],[-73.08655,-15.2648808],[-73.0745545,-15.2492856],[-73.0610314,-15.2348992],[-73.046111,-15.2218601],[-73.029937,-15.2102939],[-73.0126651,-15.200312],[-72.9944616,-15.1920106],[-72.9755019,-15.1854695],[-72.9559686,-15.1807517],[-72.9360498,-15.1779028],[-72.9159372,-15.1769501]]]},"properties":{"name":"Cerro Puca Orcco","local_name":"Cerro Puca Orcco","english_name":"Cerro Puca Orcco","search_name":"Cerro Puca Orcco Cerro Puca Orcco Cerro Puca Orcco Cerro Puca Orcco Cerro Puca Orcco Cerro Puca Orcco","peak_elev":5344,"radius_m":22000,"layer":"平均突起响应半径","rank_pct":0.0267,"center_lon":-72.91593720163212,"center_lat":-15.37480083499823,"max_mean_jut":211.1664,"max_ats":78.0991,"r_jmean_peak":22000,"r_ats_peak":22000,"r_ats_marginal":187.5,"ats_marginal_rate_max":0.05773,"ats_marginal_interval_start":125,"ats_marginal_interval_end":250,"ats_marginal_ats_mean":7.6153}},{"type":"Feature","geometry":{"type":"Polygon","coordinates":[[[-72.8932997,-15.2117149],[-72.8731837,-15.2126676],[-72.8532616,-15.2155165],[-72.833725,-15.2202343],[-72.8147621,-15.2267754],[-72.7965556,-15.2350768],[-72.7792808,-15.2450587],[-72.7631041,-15.2566249],[-72.7481812,-15.269664],[-72.7346559,-15.2840504],[-72.7226584,-15.2996456],[-72.7123043,-15.3162994],[-72.7036932,-15.3338514],[-72.6969082,-15.3521326],[-72.6920146,-15.3709669],[-72.6890594,-15.3901729],[-72.6880712,-15.4095656],[-72.6890594,-15.4289584],[-72.6920146,-15.4481644],[-72.6969082,-15.4669987],[-72.7036932,-15.4852798],[-72.7123043,-15.5028318],[-72.7226584,-15.5194856],[-72.7346559,-15.5350808],[-72.7481812,-15.5494672],[-72.7631041,-15.5625063],[-72.7792808,-15.5740725],[-72.7965556,-15.5840544],[-72.8147621,-15.5923559],[-72.833725,-15.598897],[-72.8532616,-15.6036147],[-72.8731837,-15.6064637],[-72.8932997,-15.6074164],[-72.9134156,-15.6064637],[-72.9333378,-15.6036147],[-72.9528743,-15.598897],[-72.9718372,-15.5923559],[-72.9900437,-15.5840544],[-73.0073185,-15.5740725],[-73.0234952,-15.5625063],[-73.0384181,-15.5494672],[-73.0519434,-15.5350808],[-73.0639409,-15.5194856],[-73.074295,-15.5028318],[-73.0829061,-15.4852798],[-73.0896911,-15.4669987],[-73.0945847,-15.4481644],[-73.0975399,-15.4289584],[-73.0985282,-15.4095656],[-73.0975399,-15.3901729],[-73.0945847,-15.3709669],[-73.0896911,-15.3521326],[-73.0829061,-15.3338514],[-73.074295,-15.3162994],[-73.0639409,-15.2996456],[-73.0519434,-15.2840504],[-73.0384181,-15.269664],[-73.0234952,-15.2566249],[-73.0073185,-15.2450587],[-72.9900437,-15.2350768],[-72.9718372,-15.2267754],[-72.9528743,-15.2202343],[-72.9333378,-15.2155165],[-72.9134156,-15.2126676],[-72.8932997,-15.2117149]]]},"properties":{"name":"Nevado Solimana","local_name":"Nevado Solimana","english_name":"Nevado Solimana","search_name":"Nevado Solimana Nevado Solimana Nevado Solimana Nevado Solimana Nevado Solimana Nevado Solimana","peak_elev":6067,"radius_m":22000,"layer":"平均突起响应半径","rank_pct":0.0267,"center_lon":-72.89329965647231,"center_lat":-15.409565636493657,"max_mean_jut":370.2076,"max_ats":162.976,"r_jmean_peak":22000,"r_ats_peak":23000,"r_ats_marginal":437.5,"ats_marginal_rate_max":0.136491,"ats_marginal_interval_start":375,"ats_marginal_interval_end":500,"ats_marginal_ats_mean":44.3005}},{"type":"Feature","geometry":{"type":"Polygon","coordinates":[[[-76.6869749,-11.1496532],[-76.6698943,-11.150476],[-76.6529782,-11.1529364],[-76.6363895,-11.1570108],[-76.620288,-11.16266],[-76.6048286,-11.1698294],[-76.5901604,-11.1784502],[-76.5764246,-11.1884391],[-76.5637535,-11.1997002],[-76.552269,-11.2121248],[-76.5420818,-11.2255934],[-76.53329,-11.2399762],[-76.5259783,-11.2551348],[-76.5202171,-11.270923],[-76.5160619,-11.287189],[-76.5135526,-11.303776],[-76.5127135,-11.3205243],[-76.5135526,-11.3372726],[-76.5160619,-11.3538596],[-76.5202171,-11.3701256],[-76.5259783,-11.3859138],[-76.53329,-11.4010724],[-76.5420818,-11.4154552],[-76.552269,-11.4289238],[-76.5637535,-11.4413484],[-76.5764246,-11.4526094],[-76.5901604,-11.4625984],[-76.6048286,-11.4712192],[-76.620288,-11.4783886],[-76.6363895,-11.4840377],[-76.6529782,-11.4881122],[-76.6698943,-11.4905726],[-76.6869749,-11.4913954],[-76.7040555,-11.4905726],[-76.7209717,-11.4881122],[-76.7375604,-11.4840377],[-76.7536619,-11.4783886],[-76.7691212,-11.4712192],[-76.7837894,-11.4625984],[-76.7975252,-11.4526094],[-76.8101964,-11.4413484],[-76.8216809,-11.4289238],[-76.831868,-11.4154552],[-76.8406598,-11.4010724],[-76.8479715,-11.3859138],[-76.8537328,-11.3701256],[-76.857888,-11.3538596],[-76.8603973,-11.3372726],[-76.8612364,-11.3205243],[-76.8603973,-11.303776],[-76.857888,-11.287189],[-76.8537328,-11.270923],[-76.8479715,-11.2551348],[-76.8406598,-11.2399762],[-76.831868,-11.2255934],[-76.8216809,-11.2121248],[-76.8101964,-11.1997002],[-76.7975252,-11.1884391],[-76.7837894,-11.1784502],[-76.7691212,-11.1698294],[-76.7536619,-11.16266],[-76.7375604,-11.1570108],[-76.7209717,-11.1529364],[-76.7040555,-11.150476],[-76.6869749,-11.1496532]]]},"properties":{"name":"Cerro Antachuco","local_name":"Cerro Antachuco","english_name":"Cerro Antachuco","search_name":"Cerro Antachuco Cerro Antachuco Cerro Antachuco Cerro Antachuco Cerro Antachuco Cerro Antachuco","peak_elev":4838,"radius_m":19000,"layer":"平均突起响应半径","rank_pct":0.032,"center_lon":-76.68697493283746,"center_lat":-11.320524294710005,"max_mean_jut":138.2168,"max_ats":40.7568,"r_jmean_peak":19000,"r_ats_peak":19000,"r_ats_marginal":437.5,"ats_marginal_rate_max":0.052925,"ats_marginal_interval_start":375,"ats_marginal_interval_end":500,"ats_marginal_ats_mean":16.6992}},{"type":"Feature","geometry":{"type":"Polygon","coordinates":[[[-77.9315009,-8.9226498],[-77.9154326,-8.9234293],[-77.899519,-8.9257603],[-77.8839133,-8.9296202],[-77.868766,-8.9349721],[-77.8542229,-8.9417642],[-77.840424,-8.9499312],[-77.8275022,-8.9593944],[-77.8155819,-8.9700628],[-77.8047781,-8.9818335],[-77.7951946,-8.9945932],[-77.7869239,-9.008219],[-77.7800455,-9.0225797],[-77.7746257,-9.0375371],[-77.7707167,-9.0529469],[-77.7683561,-9.0686609],[-77.7675667,-9.0845277],[-77.7683561,-9.1003945],[-77.7707167,-9.1161085],[-77.7746257,-9.1315184],[-77.7800455,-9.1464757],[-77.7869239,-9.1608364],[-77.7951946,-9.1744623],[-77.8047781,-9.187222],[-77.8155819,-9.1989927],[-77.8275022,-9.209661],[-77.840424,-9.2191243],[-77.8542229,-9.2272913],[-77.868766,-9.2340834],[-77.8839133,-9.2394352],[-77.899519,-9.2432952],[-77.9154326,-9.2456261],[-77.9315009,-9.2464056],[-77.9475693,-9.2456261],[-77.9634829,-9.2432952],[-77.9790885,-9.2394352],[-77.9942358,-9.2340834],[-78.008779,-9.2272913],[-78.0225779,-9.2191243],[-78.0354997,-9.209661],[-78.0474199,-9.1989927],[-78.0582238,-9.187222],[-78.0678072,-9.1744623],[-78.076078,-9.1608364],[-78.0829564,-9.1464757],[-78.0883762,-9.1315184],[-78.0922852,-9.1161085],[-78.0946457,-9.1003945],[-78.0954351,-9.0845277],[-78.0946457,-9.0686609],[-78.0922852,-9.0529469],[-78.0883762,-9.0375371],[-78.0829564,-9.0225797],[-78.076078,-9.008219],[-78.0678072,-8.9945932],[-78.0582238,-8.9818335],[-78.0474199,-8.9700628],[-78.0354997,-8.9593944],[-78.0225779,-8.9499312],[-78.008779,-8.9417642],[-77.9942358,-8.9349721],[-77.9790885,-8.9296202],[-77.9634829,-8.9257603],[-77.9475693,-8.9234293],[-77.9315009,-8.9226498]]]},"properties":{"name":"Cerro Cachilpunco","local_name":"Cerro Cachilpunco","english_name":"Cerro Cachilpunco","search_name":"Cerro Cachilpunco Cerro Cachilpunco Cerro Cachilpunco Cerro Cachilpunco Cerro Cachilpunco Cerro Cachilpunco","peak_elev":4827,"radius_m":18000,"layer":"平均突起响应半径","rank_pct":0.0347,"center_lon":-77.93150092745665,"center_lat":-9.084527721008104,"max_mean_jut":256.4483,"max_ats":103.2333,"r_jmean_peak":18000,"r_ats_peak":19000,"r_ats_marginal":187.5,"ats_marginal_rate_max":0.143683,"ats_marginal_interval_start":125,"ats_marginal_interval_end":250,"ats_marginal_ats_mean":19.8347}},{"type":"Feature","geometry":{"type":"Polygon","coordinates":[[[-77.2952242,-10.2676973],[-77.2790909,-10.2684768],[-77.2631129,-10.2708077],[-77.2474441,-10.2746677],[-77.2322355,-10.2800195],[-77.2176336,-10.2868116],[-77.2037788,-10.2949787],[-77.1908048,-10.3044419],[-77.1788363,-10.3151102],[-77.1679887,-10.326881],[-77.1583665,-10.3396407],[-77.1500623,-10.3532665],[-77.1431561,-10.3676272],[-77.1377144,-10.3825845],[-77.1337896,-10.3979944],[-77.1314195,-10.4137084],[-77.1306269,-10.4295752],[-77.1314195,-10.445442],[-77.1337896,-10.461156],[-77.1377144,-10.4765659],[-77.1431561,-10.4915232],[-77.1500623,-10.5058839],[-77.1583665,-10.5195097],[-77.1679887,-10.5322694],[-77.1788363,-10.5440401],[-77.1908048,-10.5547085],[-77.2037788,-10.5641717],[-77.2176336,-10.5723387],[-77.2322355,-10.5791309],[-77.2474441,-10.5844827],[-77.2631129,-10.5883426],[-77.2790909,-10.5906736],[-77.2952242,-10.5914531],[-77.3113576,-10.5906736],[-77.3273356,-10.5883426],[-77.3430043,-10.5844827],[-77.3582129,-10.5791309],[-77.3728149,-10.5723387],[-77.3866696,-10.5641717],[-77.3996437,-10.5547085],[-77.4116121,-10.5440401],[-77.4224597,-10.5322694],[-77.4320819,-10.5195097],[-77.4403861,-10.5058839],[-77.4472923,-10.4915232],[-77.452734,-10.4765659],[-77.4566589,-10.461156],[-77.459029,-10.445442],[-77.4598216,-10.4295752],[-77.459029,-10.4137084],[-77.4566589,-10.3979944],[-77.452734,-10.3825845],[-77.4472923,-10.3676272],[-77.4403861,-10.3532665],[-77.4320819,-10.3396407],[-77.4224597,-10.326881],[-77.4116121,-10.3151102],[-77.3996437,-10.3044419],[-77.3866696,-10.2949787],[-77.3728149,-10.2868116],[-77.3582129,-10.2800195],[-77.3430043,-10.2746677],[-77.3273356,-10.2708077],[-77.3113576,-10.2684768],[-77.2952242,-10.2676973]]]},"properties":{"name":"Cerro La Pampa","local_name":"Cerro La Pampa","english_name":"Cerro La Pampa","search_name":"Cerro La Pampa Cerro La Pampa Cerro La Pampa Cerro La Pampa Cerro La Pampa Cerro La Pampa","peak_elev":4419,"radius_m":18000,"layer":"平均突起响应半径","rank_pct":0.0347,"center_lon":-77.2952242117148,"center_lat":-10.429575195920265,"max_mean_jut":186.1586,"max_ats":63.7846,"r_jmean_peak":18000,"r_ats_peak":22000,"r_ats_marginal":1187.5,"ats_marginal_rate_max":0.018985,"ats_marginal_interval_start":1125,"ats_marginal_interval_end":1250,"ats_marginal_ats_mean":9.2674}},{"type":"Feature","geometry":{"type":"Polygon","coordinates":[[[-72.378026,-15.4794531],[-72.361549,-15.4802326],[-72.3452307,-15.4825635],[-72.3292283,-15.4864235],[-72.3136958,-15.4917753],[-72.2987828,-15.4985674],[-72.284633,-15.5067344],[-72.2713826,-15.5161977],[-72.2591592,-15.526866],[-72.2480806,-15.5386367],[-72.2382535,-15.5513964],[-72.2297724,-15.5650223],[-72.2227191,-15.579383],[-72.2171614,-15.5943403],[-72.213153,-15.6097502],[-72.2107324,-15.6254642],[-72.209923,-15.641331],[-72.2107324,-15.6571978],[-72.213153,-15.6729118],[-72.2171614,-15.6883217],[-72.2227191,-15.703279],[-72.2297724,-15.7176397],[-72.2382535,-15.7312655],[-72.2480806,-15.7440252],[-72.2591592,-15.7557959],[-72.2713826,-15.7664643],[-72.284633,-15.7759275],[-72.2987828,-15.7840945],[-72.3136958,-15.7908866],[-72.3292283,-15.7962385],[-72.3452307,-15.8000984],[-72.361549,-15.8024294],[-72.378026,-15.8032089],[-72.394503,-15.8024294],[-72.4108213,-15.8000984],[-72.4268237,-15.7962385],[-72.4423563,-15.7908866],[-72.4572692,-15.7840945],[-72.471419,-15.7759275],[-72.4846694,-15.7664643],[-72.4968928,-15.7557959],[-72.5079714,-15.7440252],[-72.5177986,-15.7312655],[-72.5262796,-15.7176397],[-72.533333,-15.703279],[-72.5388906,-15.6883217],[-72.542899,-15.6729118],[-72.5453196,-15.6571978],[-72.546129,-15.641331],[-72.5453196,-15.6254642],[-72.542899,-15.6097502],[-72.5388906,-15.5943403],[-72.533333,-15.579383],[-72.5262796,-15.5650223],[-72.5177986,-15.5513964],[-72.5079714,-15.5386367],[-72.4968928,-15.526866],[-72.4846694,-15.5161977],[-72.471419,-15.5067344],[-72.4572692,-15.4985674],[-72.4423563,-15.4917753],[-72.4268237,-15.4864235],[-72.4108213,-15.4825635],[-72.394503,-15.4802326],[-72.378026,-15.4794531]]]},"properties":{"name":"Cerro Yana Orcco","local_name":"Cerro Yana Orcco","english_name":"Cerro Yana Orcco","search_name":"Cerro Yana Orcco Cerro Yana Orcco Cerro Yana Orcco Cerro Yana Orcco Cerro Yana Orcco Cerro Yana Orcco","peak_elev":4991,"radius_m":18000,"layer":"平均突起响应半径","rank_pct":0.0347,"center_lon":-72.37802600950135,"center_lat":-15.641330979796493,"max_mean_jut":234.5018,"max_ats":91.4709,"r_jmean_peak":18000,"r_ats_peak":19000,"r_ats_marginal":187.5,"ats_marginal_rate_max":0.091872,"ats_marginal_interval_start":125,"ats_marginal_interval_end":250,"ats_marginal_ats_mean":18.1954}},{"type":"Feature","geometry":{"type":"Polygon","coordinates":[[[-76.4643724,-11.6334111],[-76.4486138,-11.6341689],[-76.433007,-11.6364351],[-76.4177023,-11.6401879],[-76.402847,-11.645391],[-76.3885843,-11.6519944],[-76.3750514,-11.6599346],[-76.3623787,-11.669135],[-76.3506883,-11.679507],[-76.3400928,-11.6909507],[-76.3306941,-11.703356],[-76.3225828,-11.7166033],[-76.315837,-11.7305651],[-76.3105217,-11.745107],[-76.3066881,-11.7600888],[-76.304373,-11.7753663],[-76.3035988,-11.7907923],[-76.304373,-11.8062184],[-76.3066881,-11.8214959],[-76.3105217,-11.8364777],[-76.315837,-11.8510196],[-76.3225828,-11.8649814],[-76.3306941,-11.8782287],[-76.3400928,-11.890634],[-76.3506883,-11.9020777],[-76.3623787,-11.9124497],[-76.3750514,-11.9216501],[-76.3885843,-11.9295902],[-76.402847,-11.9361937],[-76.4177023,-11.9413968],[-76.433007,-11.9451496],[-76.4486138,-11.9474158],[-76.4643724,-11.9481736],[-76.480131,-11.9474158],[-76.4957378,-11.9451496],[-76.5110425,-11.9413968],[-76.5258978,-11.9361937],[-76.5401605,-11.9295902],[-76.5536934,-11.9216501],[-76.5663661,-11.9124497],[-76.5780565,-11.9020777],[-76.5886521,-11.890634],[-76.5980507,-11.8782287],[-76.606162,-11.8649814],[-76.6129078,-11.8510196],[-76.6182231,-11.8364777],[-76.6220568,-11.8214959],[-76.6243718,-11.8062184],[-76.625146,-11.7907923],[-76.6243718,-11.7753663],[-76.6220568,-11.7600888],[-76.6182231,-11.745107],[-76.6129078,-11.7305651],[-76.606162,-11.7166033],[-76.5980507,-11.703356],[-76.5886521,-11.6909507],[-76.5780565,-11.679507],[-76.5663661,-11.669135],[-76.5536934,-11.6599346],[-76.5401605,-11.6519944],[-76.5258978,-11.645391],[-76.5110425,-11.6401879],[-76.4957378,-11.6364351],[-76.480131,-11.6341689],[-76.4643724,-11.6334111]]]},"properties":{"name":"Cerro Cullor","local_name":"Cerro Cullor","english_name":"Cerro Cullor","search_name":"Cerro Cullor Cerro Cullor Cerro Cullor Cerro Cullor Cerro Cullor Cerro Cullor","peak_elev":4811,"radius_m":17500,"layer":"平均突起响应半径","rank_pct":0.0427,"center_lon":-76.46437240543264,"center_lat":-11.790792345946574,"max_mean_jut":166.4985,"max_ats":54.351,"r_jmean_peak":17500,"r_ats_peak":17500,"r_ats_marginal":687.5,"ats_marginal_rate_max":0.037624,"ats_marginal_interval_start":625,"ats_marginal_interval_end":750,"ats_marginal_ats_mean":15.8872}},{"type":"Feature","geometry":{"type":"Polygon","coordinates":[[[-74.8207249,-11.7554921],[-74.8049593,-11.7562499],[-74.7893455,-11.7585161],[-74.774034,-11.7622689],[-74.759172,-11.767472],[-74.7449029,-11.7740755],[-74.731364,-11.7820156],[-74.7186856,-11.791216],[-74.70699,-11.801588],[-74.6963897,-11.8130318],[-74.6869868,-11.825437],[-74.6788719,-11.8386844],[-74.6721231,-11.8526462],[-74.6668054,-11.867188],[-74.6629701,-11.8821698],[-74.660654,-11.8974473],[-74.6598795,-11.9128734],[-74.660654,-11.9282995],[-74.6629701,-11.943577],[-74.6668054,-11.9585588],[-74.6721231,-11.9731006],[-74.6788719,-11.9870624],[-74.6869868,-12.0003097],[-74.6963897,-12.012715],[-74.70699,-12.0241588],[-74.7186856,-12.0345308],[-74.731364,-12.0437311],[-74.7449029,-12.0516713],[-74.759172,-12.0582747],[-74.774034,-12.0634779],[-74.7893455,-12.0672306],[-74.8049593,-12.0694968],[-74.8207249,-12.0702547],[-74.8364905,-12.0694968],[-74.8521043,-12.0672306],[-74.8674159,-12.0634779],[-74.8822778,-12.0582747],[-74.896547,-12.0516713],[-74.9100859,-12.0437311],[-74.9227642,-12.0345308],[-74.9344599,-12.0241588],[-74.9450602,-12.012715],[-74.9544631,-12.0003097],[-74.962578,-11.9870624],[-74.9693268,-11.9731006],[-74.9746444,-11.9585588],[-74.9784798,-11.943577],[-74.9807959,-11.9282995],[-74.9815704,-11.9128734],[-74.9807959,-11.8974473],[-74.9784798,-11.8821698],[-74.9746444,-11.867188],[-74.9693268,-11.8526462],[-74.962578,-11.8386844],[-74.9544631,-11.825437],[-74.9450602,-11.8130318],[-74.9344599,-11.801588],[-74.9227642,-11.791216],[-74.9100859,-11.7820156],[-74.896547,-11.7740755],[-74.8822778,-11.767472],[-74.8674159,-11.7622689],[-74.8521043,-11.7585161],[-74.8364905,-11.7562499],[-74.8207249,-11.7554921]]]},"properties":{"name":"Nevado Yanaulo","local_name":"Nevado Yanaulo","english_name":"Nevado Yanaulo","search_name":"Nevado Yanaulo Nevado Yanaulo Nevado Yanaulo Nevado Yanaulo Nevado Yanaulo Nevado Yanaulo","peak_elev":5066,"radius_m":17500,"layer":"平均突起响应半径","rank_pct":0.0427,"center_lon":-74.82072493007915,"center_lat":-11.912873393058415,"max_mean_jut":319.1994,"max_ats":145.9034,"r_jmean_peak":17500,"r_ats_peak":18000,"r_ats_marginal":187.5,"ats_marginal_rate_max":0.185651,"ats_marginal_interval_start":125,"ats_marginal_interval_end":250,"ats_marginal_ats_mean":18.9387}},{"type":"Feature","geometry":{"type":"Polygon","coordinates":[[[-76.9036486,-10.8310409],[-76.8883836,-10.8317771],[-76.8732657,-10.8339785],[-76.8584403,-10.837624],[-76.8440503,-10.8426785],[-76.8302343,-10.8490933],[-76.8171254,-10.8568066],[-76.8048496,-10.8657441],[-76.7935254,-10.8758198],[-76.7832617,-10.8869365],[-76.7741574,-10.8989874],[-76.7663002,-10.9118562],[-76.7597657,-10.9254191],[-76.7546169,-10.9395455],[-76.7509034,-10.9540992],[-76.7486608,-10.9689402],[-76.7479109,-10.9839256],[-76.7486608,-10.9989109],[-76.7509034,-11.0137519],[-76.7546169,-11.0283056],[-76.7597657,-11.042432],[-76.7663002,-11.0559949],[-76.7741574,-11.0688637],[-76.7832617,-11.0809146],[-76.7935254,-11.0920313],[-76.8048496,-11.102107],[-76.8171254,-11.1110445],[-76.8302343,-11.1187578],[-76.8440503,-11.1251726],[-76.8584403,-11.1302271],[-76.8732657,-11.1338726],[-76.8883836,-11.136074],[-76.9036486,-11.1368102],[-76.9189135,-11.136074],[-76.9340315,-11.1338726],[-76.9488568,-11.1302271],[-76.9632468,-11.1251726],[-76.9770628,-11.1187578],[-76.9901718,-11.1110445],[-77.0024475,-11.102107],[-77.0137718,-11.0920313],[-77.0240354,-11.0809146],[-77.0331397,-11.0688637],[-77.040997,-11.0559949],[-77.0475314,-11.042432],[-77.0526802,-11.0283056],[-77.0563938,-11.0137519],[-77.0586363,-10.9989109],[-77.0593863,-10.9839256],[-77.0586363,-10.9689402],[-77.0563938,-10.9540992],[-77.0526802,-10.9395455],[-77.0475314,-10.9254191],[-77.040997,-10.9118562],[-77.0331397,-10.8989874],[-77.0240354,-10.8869365],[-77.0137718,-10.8758198],[-77.0024475,-10.8657441],[-76.9901718,-10.8568066],[-76.9770628,-10.8490933],[-76.9632468,-10.8426785],[-76.9488568,-10.837624],[-76.9340315,-10.8339785],[-76.9189135,-10.8317771],[-76.9036486,-10.8310409]]]},"properties":{"name":"Cerro Capillapata","local_name":"Cerro Capillapata","english_name":"Cerro Capillapata","search_name":"Cerro Capillapata Cerro Capillapata Cerro Capillapata Cerro Capillapata Cerro Capillapata Cerro Capillapata","peak_elev":4931,"radius_m":17000,"layer":"平均突起响应半径","rank_pct":0.048,"center_lon":-76.90364857936709,"center_lat":-10.98392555775042,"max_mean_jut":221.8971,"max_ats":82.1402,"r_jmean_peak":17000,"r_ats_peak":17500,"r_ats_marginal":187.5,"ats_marginal_rate_max":0.071518,"ats_marginal_interval_start":125,"ats_marginal_interval_end":250,"ats_marginal_ats_mean":13.7932}},{"type":"Feature","geometry":{"type":"Polygon","coordinates":[[[-72.974148,-15.2588369],[-72.9586038,-15.2595731],[-72.9432092,-15.2617746],[-72.9281126,-15.2654201],[-72.9134593,-15.2704746],[-72.8993905,-15.2768893],[-72.8860416,-15.2846026],[-72.8735413,-15.2935401],[-72.8620099,-15.3036158],[-72.8515584,-15.3147326],[-72.8422875,-15.3267834],[-72.8342865,-15.3396523],[-72.8276325,-15.3532152],[-72.8223894,-15.3673415],[-72.8186079,-15.3818953],[-72.8163244,-15.3967363],[-72.8155607,-15.4117216],[-72.8163244,-15.4267069],[-72.8186079,-15.4415479],[-72.8223894,-15.4561017],[-72.8276325,-15.470228],[-72.8342865,-15.4837909],[-72.8422875,-15.4966598],[-72.8515584,-15.5087106],[-72.8620099,-15.5198274],[-72.8735413,-15.529903],[-72.8860416,-15.5388406],[-72.8993905,-15.5465538],[-72.9134593,-15.5529686],[-72.9281126,-15.5580231],[-72.9432092,-15.5616686],[-72.9586038,-15.5638701],[-72.974148,-15.5646063],[-72.9896923,-15.5638701],[-73.0050869,-15.5616686],[-73.0201835,-15.5580231],[-73.0348368,-15.5529686],[-73.0489056,-15.5465538],[-73.0622544,-15.5388406],[-73.0747548,-15.529903],[-73.0862862,-15.5198274],[-73.0967377,-15.5087106],[-73.1060086,-15.4966598],[-73.1140095,-15.4837909],[-73.1206636,-15.470228],[-73.1259066,-15.4561017],[-73.1296881,-15.4415479],[-73.1319717,-15.4267069],[-73.1327353,-15.4117216],[-73.1319717,-15.3967363],[-73.1296881,-15.3818953],[-73.1259066,-15.3673415],[-73.1206636,-15.3532152],[-73.1140095,-15.3396523],[-73.1060086,-15.3267834],[-73.0967377,-15.3147326],[-73.0862862,-15.3036158],[-73.0747548,-15.2935401],[-73.0622544,-15.2846026],[-73.0489056,-15.2768893],[-73.0348368,-15.2704746],[-73.0201835,-15.2654201],[-73.0050869,-15.2617746],[-72.9896923,-15.2595731],[-72.974148,-15.2588369]]]},"properties":{"name":"Cerro Pucapuca [-72.97455,-15.41127]","local_name":"Cerro Pucapuca","english_name":"Cerro Pucapuca","search_name":"Cerro Pucapuca Cerro Pucapuca Cerro Pucapuca Cerro Pucapuca Cerro Pucapuca Cerro Pucapuca [-72.97455,-15.41127]","peak_elev":5036,"radius_m":17000,"layer":"平均突起响应半径","rank_pct":0.048,"center_lon":-72.97414803204308,"center_lat":-15.411721593175542,"max_mean_jut":269.3414,"max_ats":99.3838,"r_jmean_peak":17000,"r_ats_peak":18000,"r_ats_marginal":187.5,"ats_marginal_rate_max":0.047715,"ats_marginal_interval_start":125,"ats_marginal_interval_end":250,"ats_marginal_ats_mean":8.0618}},{"type":"Feature","geometry":{"type":"Polygon","coordinates":[[[-72.3734446,-15.5306722],[-72.3583379,-15.5313867],[-72.3433767,-15.5335234],[-72.3287051,-15.5370617],[-72.3144643,-15.5419675],[-72.3007916,-15.5481936],[-72.2878185,-15.5556801],[-72.2756701,-15.5643547],[-72.2644633,-15.574134],[-72.254306,-15.5849238],[-72.2452961,-15.5966202],[-72.2375203,-15.6091106],[-72.2310536,-15.6222746],[-72.2259582,-15.6359854],[-72.2222831,-15.6501111],[-72.2200639,-15.6645156],[-72.2193217,-15.6790602],[-72.2200639,-15.6936048],[-72.2222831,-15.7080093],[-72.2259582,-15.722135],[-72.2310536,-15.7358459],[-72.2375203,-15.7490099],[-72.2452961,-15.7615002],[-72.254306,-15.7731966],[-72.2644633,-15.7839864],[-72.2756701,-15.7937657],[-72.2878185,-15.8024404],[-72.3007916,-15.8099268],[-72.3144643,-15.8161529],[-72.3287051,-15.8210587],[-72.3433767,-15.8245971],[-72.3583379,-15.8267338],[-72.3734446,-15.8274483],[-72.3885513,-15.8267338],[-72.4035125,-15.8245971],[-72.4181841,-15.8210587],[-72.4324249,-15.8161529],[-72.4460976,-15.8099268],[-72.4590707,-15.8024404],[-72.4712191,-15.7937657],[-72.4824259,-15.7839864],[-72.4925832,-15.7731966],[-72.5015931,-15.7615002],[-72.5093689,-15.7490099],[-72.5158356,-15.7358459],[-72.520931,-15.722135],[-72.5246061,-15.7080093],[-72.5268253,-15.6936048],[-72.5275675,-15.6790602],[-72.5268253,-15.6645156],[-72.5246061,-15.6501111],[-72.520931,-15.6359854],[-72.5158356,-15.6222746],[-72.5093689,-15.6091106],[-72.5015931,-15.5966202],[-72.4925832,-15.5849238],[-72.4824259,-15.574134],[-72.4712191,-15.5643547],[-72.4590707,-15.5556801],[-72.4460976,-15.5481936],[-72.4324249,-15.5419675],[-72.4181841,-15.5370617],[-72.4035125,-15.5335234],[-72.3885513,-15.5313867],[-72.3734446,-15.5306722]]]},"properties":{"name":"Cerro Yancca","local_name":"Cerro Yancca","english_name":"Cerro Yancca","search_name":"Cerro Yancca Cerro Yancca Cerro Yancca Cerro Yancca Cerro Yancca Cerro Yancca","peak_elev":5200,"radius_m":16500,"layer":"平均突起响应半径","rank_pct":0.0533,"center_lon":-72.37344460155235,"center_lat":-15.679060221729513,"max_mean_jut":396.5197,"max_ats":184.5149,"r_jmean_peak":16500,"r_ats_peak":17000,"r_ats_marginal":312.5,"ats_marginal_rate_max":0.113694,"ats_marginal_interval_start":250,"ats_marginal_interval_end":375,"ats_marginal_ats_mean":27.1428}},{"type":"Feature","geometry":{"type":"Polygon","coordinates":[[[-72.3669767,-15.5575368],[-72.3523262,-15.5582297],[-72.3378168,-15.5603016],[-72.3235882,-15.5637327],[-72.3097775,-15.5684899],[-72.2965176,-15.5745273],[-72.2839363,-15.5817869],[-72.2721547,-15.5901987],[-72.2612863,-15.5996816],[-72.2514357,-15.6101445],[-72.2426979,-15.6214865],[-72.2351569,-15.6335983],[-72.2288855,-15.6463634],[-72.2239439,-15.6596588],[-72.2203798,-15.6733564],[-72.2182276,-15.6873244],[-72.2175078,-15.7014283],[-72.2182276,-15.7155321],[-72.2203798,-15.7295001],[-72.2239439,-15.7431978],[-72.2288855,-15.7564931],[-72.2351569,-15.7692582],[-72.2426979,-15.7813701],[-72.2514357,-15.792712],[-72.2612863,-15.8031749],[-72.2721547,-15.8126579],[-72.2839363,-15.8210696],[-72.2965176,-15.8283292],[-72.3097775,-15.8343666],[-72.3235882,-15.8391238],[-72.3378168,-15.8425549],[-72.3523262,-15.8446269],[-72.3669767,-15.8453197],[-72.3816272,-15.8446269],[-72.3961367,-15.8425549],[-72.4103653,-15.8391238],[-72.424176,-15.8343666],[-72.4374359,-15.8283292],[-72.4500172,-15.8210696],[-72.4617988,-15.8126579],[-72.4726672,-15.8031749],[-72.4825177,-15.792712],[-72.4912556,-15.7813701],[-72.4987965,-15.7692582],[-72.505068,-15.7564931],[-72.5100095,-15.7431978],[-72.5135736,-15.7295001],[-72.5157259,-15.7155321],[-72.5164456,-15.7014283],[-72.5157259,-15.6873244],[-72.5135736,-15.6733564],[-72.5100095,-15.6596588],[-72.505068,-15.6463634],[-72.4987965,-15.6335983],[-72.4912556,-15.6214865],[-72.4825177,-15.6101445],[-72.4726672,-15.5996816],[-72.4617988,-15.5901987],[-72.4500172,-15.5817869],[-72.4374359,-15.5745273],[-72.424176,-15.5684899],[-72.4103653,-15.5637327],[-72.3961367,-15.5603016],[-72.3816272,-15.5582297],[-72.3669767,-15.5575368]]]},"properties":{"name":"Cerro Huitucana","local_name":"Cerro Huitucana","english_name":"Cerro Huitucana","search_name":"Cerro Huitucana Cerro Huitucana Cerro Huitucana Cerro Huitucana Cerro Huitucana Cerro Huitucana","peak_elev":4836,"radius_m":16000,"layer":"平均突起响应半径","rank_pct":0.056,"center_lon":-72.36697673150668,"center_lat":-15.701428272304089,"max_mean_jut":346.2706,"max_ats":155.9059,"r_jmean_peak":16000,"r_ats_peak":17000,"r_ats_marginal":187.5,"ats_marginal_rate_max":0.084264,"ats_marginal_interval_start":125,"ats_marginal_interval_end":250,"ats_marginal_ats_mean":12.1941}},{"type":"Feature","geometry":{"type":"Polygon","coordinates":[[[-75.8213583,-12.560218],[-75.8069006,-12.5609109],[-75.792582,-12.5629829],[-75.7785406,-12.566414],[-75.7649116,-12.5711711],[-75.7518261,-12.5772086],[-75.7394103,-12.5844681],[-75.7277837,-12.5928799],[-75.7170583,-12.6023629],[-75.7073374,-12.6128257],[-75.6987145,-12.6241677],[-75.6912727,-12.6362795],[-75.6850838,-12.6490446],[-75.6802072,-12.66234],[-75.67669,-12.6760377],[-75.6745661,-12.6900057],[-75.6738558,-12.7041095],[-75.6745661,-12.7182133],[-75.67669,-12.7321813],[-75.6802072,-12.745879],[-75.6850838,-12.7591744],[-75.6912727,-12.7719395],[-75.6987145,-12.7840513],[-75.7073374,-12.7953933],[-75.7170583,-12.8058561],[-75.7277837,-12.8153391],[-75.7394103,-12.8237509],[-75.7518261,-12.8310104],[-75.7649116,-12.8370479],[-75.7785406,-12.841805],[-75.792582,-12.8452361],[-75.8069006,-12.8473081],[-75.8213583,-12.848001],[-75.8358161,-12.8473081],[-75.8501346,-12.8452361],[-75.864176,-12.841805],[-75.8778051,-12.8370479],[-75.8908905,-12.8310104],[-75.9033063,-12.8237509],[-75.9149329,-12.8153391],[-75.9256583,-12.8058561],[-75.9353793,-12.7953933],[-75.9440022,-12.7840513],[-75.9514439,-12.7719395],[-75.9576329,-12.7591744],[-75.9625094,-12.745879],[-75.9660266,-12.7321813],[-75.9681506,-12.7182133],[-75.9688608,-12.7041095],[-75.9681506,-12.6900057],[-75.9660266,-12.6760377],[-75.9625094,-12.66234],[-75.9576329,-12.6490446],[-75.9514439,-12.6362795],[-75.9440022,-12.6241677],[-75.9353793,-12.6128257],[-75.9256583,-12.6023629],[-75.9149329,-12.5928799],[-75.9033063,-12.5844681],[-75.8908905,-12.5772086],[-75.8778051,-12.5711711],[-75.864176,-12.566414],[-75.8501346,-12.5629829],[-75.8358161,-12.5609109],[-75.8213583,-12.560218]]]},"properties":{"name":"Cerro Naurahuasi","local_name":"Cerro Naurahuasi","english_name":"Cerro Naurahuasi","search_name":"Cerro Naurahuasi Cerro Naurahuasi Cerro Naurahuasi Cerro Naurahuasi Cerro Naurahuasi Cerro Naurahuasi","peak_elev":4792,"radius_m":16000,"layer":"平均突起响应半径","rank_pct":0.056,"center_lon":-75.82135832505989,"center_lat":-12.704109495310892,"max_mean_jut":200.1539,"max_ats":57.7179,"r_jmean_peak":16000,"r_ats_peak":17000,"r_ats_marginal":187.5,"ats_marginal_rate_max":0.022884,"ats_marginal_interval_start":125,"ats_marginal_interval_end":250,"ats_marginal_ats_mean":4.2008}},{"type":"Feature","geometry":{"type":"Polygon","coordinates":[[[-72.1737491,-15.3833585],[-72.1595688,-15.3840297],[-72.145525,-15.3860369],[-72.1317531,-15.3893608],[-72.1183856,-15.3939693],[-72.1055513,-15.3998181],[-72.0933737,-15.4068508],[-72.0819703,-15.4149997],[-72.0714507,-15.4241863],[-72.0619163,-15.4343222],[-72.0534589,-15.4453097],[-72.0461599,-15.4570431],[-72.0400897,-15.4694093],[-72.0353068,-15.4822892],[-72.0318571,-15.4955588],[-72.0297739,-15.5090903],[-72.0290773,-15.5227534],[-72.0297739,-15.5364164],[-72.0318571,-15.5499479],[-72.0353068,-15.5632176],[-72.0400897,-15.5760975],[-72.0461599,-15.5884636],[-72.0534589,-15.600197],[-72.0619163,-15.6111845],[-72.0714507,-15.6213204],[-72.0819703,-15.630507],[-72.0933737,-15.6386559],[-72.1055513,-15.6456886],[-72.1183856,-15.6515374],[-72.1317531,-15.6561459],[-72.145525,-15.6594698],[-72.1595688,-15.661477],[-72.1737491,-15.6621482],[-72.1879294,-15.661477],[-72.2019732,-15.6594698],[-72.2157451,-15.6561459],[-72.2291126,-15.6515374],[-72.241947,-15.6456886],[-72.2541245,-15.6386559],[-72.265528,-15.630507],[-72.2760476,-15.6213204],[-72.285582,-15.6111845],[-72.2940394,-15.600197],[-72.3013383,-15.5884636],[-72.3074085,-15.5760975],[-72.3121915,-15.5632176],[-72.3156411,-15.5499479],[-72.3177243,-15.5364164],[-72.318421,-15.5227534],[-72.3177243,-15.5090903],[-72.3156411,-15.4955588],[-72.3121915,-15.4822892],[-72.3074085,-15.4694093],[-72.3013383,-15.4570431],[-72.2940394,-15.4453097],[-72.285582,-15.4343222],[-72.2760476,-15.4241863],[-72.265528,-15.4149997],[-72.2541245,-15.4068508],[-72.241947,-15.3998181],[-72.2291126,-15.3939693],[-72.2157451,-15.3893608],[-72.2019732,-15.3860369],[-72.1879294,-15.3840297],[-72.1737491,-15.3833585]]]},"properties":{"name":"Cerro Ciran","local_name":"Cerro Ciran","english_name":"Cerro Ciran","search_name":"Cerro Ciran Cerro Ciran Cerro Ciran Cerro Ciran Cerro Ciran Cerro Ciran","peak_elev":4956,"radius_m":15500,"layer":"平均突起响应半径","rank_pct":0.0613,"center_lon":-72.17374911389257,"center_lat":-15.522753362292717,"max_mean_jut":158.7749,"max_ats":46.0929,"r_jmean_peak":15500,"r_ats_peak":1000,"r_ats_marginal":187.5,"ats_marginal_rate_max":0.072103,"ats_marginal_interval_start":125,"ats_marginal_interval_end":250,"ats_marginal_ats_mean":9.6697}},{"type":"Feature","geometry":{"type":"Polygon","coordinates":[[[-71.0507652,8.6719977],[-71.0369492,8.6713264],[-71.0232662,8.6693192],[-71.0098481,8.6659954],[-70.996824,8.6613869],[-70.9843195,8.6555381],[-70.9724548,8.6485054],[-70.9613443,8.6403565],[-70.9510949,8.6311699],[-70.9418055,8.621034],[-70.9335654,8.6100464],[-70.926454,8.5983131],[-70.9205397,8.5859469],[-70.9158797,8.573067],[-70.9125186,8.5597974],[-70.9104889,8.5462659],[-70.9098102,8.5326028],[-70.9104889,8.5189397],[-70.9125186,8.5054082],[-70.9158797,8.4921386],[-70.9205397,8.4792587],[-70.926454,8.4668925],[-70.9335654,8.4551592],[-70.9418055,8.4441717],[-70.9510949,8.4340358],[-70.9613443,8.4248491],[-70.9724548,8.4167002],[-70.9843195,8.4096675],[-70.996824,8.4038188],[-71.0098481,8.3992103],[-71.0232662,8.3958864],[-71.0369492,8.3938792],[-71.0507652,8.393208],[-71.0645812,8.3938792],[-71.0782641,8.3958864],[-71.0916823,8.3992103],[-71.1047063,8.4038188],[-71.1172109,8.4096675],[-71.1290756,8.4167002],[-71.1401861,8.4248491],[-71.1504354,8.4340358],[-71.1597249,8.4441717],[-71.167965,8.4551592],[-71.1750764,8.4668925],[-71.1809906,8.4792587],[-71.1856507,8.4921386],[-71.1890118,8.5054082],[-71.1910414,8.5189397],[-71.1917202,8.5326028],[-71.1910414,8.5462659],[-71.1890118,8.5597974],[-71.1856507,8.573067],[-71.1809906,8.5859469],[-71.1750764,8.5983131],[-71.167965,8.6100464],[-71.1597249,8.621034],[-71.1504354,8.6311699],[-71.1401861,8.6403565],[-71.1290756,8.6485054],[-71.1172109,8.6555381],[-71.1047063,8.6613869],[-71.0916823,8.6659954],[-71.0782641,8.6693192],[-71.0645812,8.6713264],[-71.0507652,8.6719977]]]},"properties":{"name":"Pico Espejo","local_name":"Pico Espejo","english_name":"Pico Espejo","search_name":"Pico Espejo Pico Espejo Pico Espejo Pico Espejo Pico Espejo Pico Espejo","peak_elev":4639,"radius_m":15500,"layer":"平均突起响应半径","rank_pct":0.0613,"center_lon":-71.05076517721476,"center_lat":8.53260281044507,"max_mean_jut":310.1802,"max_ats":153.4271,"r_jmean_peak":15500,"r_ats_peak":18000,"r_ats_marginal":2875.0,"ats_marginal_rate_max":0.022775,"ats_marginal_interval_start":2750,"ats_marginal_interval_end":3000,"ats_marginal_ats_mean":48.6388}},{"type":"Feature","geometry":{"type":"Polygon","coordinates":[[[-71.0267802,8.6946352],[-71.0129633,8.693964],[-70.9992796,8.6919568],[-70.9858607,8.6886329],[-70.9728358,8.6840244],[-70.9603305,8.6781756],[-70.9484651,8.6711429],[-70.9373539,8.662994],[-70.927104,8.6538074],[-70.917814,8.6436715],[-70.9095734,8.632684],[-70.9024616,8.6209506],[-70.896547,8.6085845],[-70.8918866,8.5957045],[-70.8885254,8.5824349],[-70.8864956,8.5689034],[-70.8858168,8.5552404],[-70.8864956,8.5415773],[-70.8885254,8.5280458],[-70.8918866,8.5147762],[-70.896547,8.5018963],[-70.9024616,8.4895301],[-70.9095734,8.4777967],[-70.917814,8.4668092],[-70.927104,8.4566733],[-70.9373539,8.4474867],[-70.9484651,8.4393378],[-70.9603305,8.4323051],[-70.9728358,8.4264563],[-70.9858607,8.4218478],[-70.9992796,8.4185239],[-71.0129633,8.4165167],[-71.0267802,8.4158455],[-71.040597,8.4165167],[-71.0542807,8.4185239],[-71.0676997,8.4218478],[-71.0807245,8.4264563],[-71.0932298,8.4323051],[-71.1050952,8.4393378],[-71.1162064,8.4474867],[-71.1264563,8.4566733],[-71.1357463,8.4668092],[-71.1439869,8.4777967],[-71.1510987,8.4895301],[-71.1570133,8.5018963],[-71.1616737,8.5147762],[-71.165035,8.5280458],[-71.1670647,8.5415773],[-71.1677435,8.5552404],[-71.1670647,8.5689034],[-71.165035,8.5824349],[-71.1616737,8.5957045],[-71.1570133,8.6085845],[-71.1510987,8.6209506],[-71.1439869,8.632684],[-71.1357463,8.6436715],[-71.1264563,8.6538074],[-71.1162064,8.662994],[-71.1050952,8.6711429],[-71.0932298,8.6781756],[-71.0807245,8.6840244],[-71.0676997,8.6886329],[-71.0542807,8.6919568],[-71.040597,8.693964],[-71.0267802,8.6946352]]]},"properties":{"name":"Pico La Concha","local_name":"Pico La Concha","english_name":"Pico La Concha","search_name":"Pico La Concha Pico La Concha Pico La Concha Pico La Concha Pico La Concha Pico La Concha","peak_elev":4872,"radius_m":15500,"layer":"平均突起响应半径","rank_pct":0.0613,"center_lon":-71.02678015912878,"center_lat":8.555240355604882,"max_mean_jut":352.1186,"max_ats":178.0203,"r_jmean_peak":15500,"r_ats_peak":17500,"r_ats_marginal":187.5,"ats_marginal_rate_max":0.091635,"ats_marginal_interval_start":125,"ats_marginal_interval_end":250,"ats_marginal_ats_mean":18.7577}},{"type":"Feature","geometry":{"type":"Polygon","coordinates":[[[-76.9365269,-10.8727428],[-76.9230568,-10.8733924],[-76.9097163,-10.8753349],[-76.8966341,-10.8785515],[-76.883936,-10.8830114],[-76.8717444,-10.8886715],[-76.8601768,-10.8954773],[-76.8493444,-10.9033633],[-76.8393516,-10.9122536],[-76.8302947,-10.9220625],[-76.8222608,-10.9326956],[-76.8153274,-10.9440505],[-76.8095612,-10.9560178],[-76.8050178,-10.9684822],[-76.8017409,-10.9813237],[-76.799762,-10.9944187],[-76.7991003,-11.0076411],[-76.799762,-11.0208634],[-76.8017409,-11.0339584],[-76.8050178,-11.0468],[-76.8095612,-11.0592644],[-76.8153274,-11.0712317],[-76.8222608,-11.0825865],[-76.8302947,-11.0932196],[-76.8393516,-11.1030285],[-76.8493444,-11.1119188],[-76.8601768,-11.1198049],[-76.8717444,-11.1266107],[-76.883936,-11.1322708],[-76.8966341,-11.1367306],[-76.9097163,-11.1399473],[-76.9230568,-11.1418898],[-76.9365269,-11.1425393],[-76.9499971,-11.1418898],[-76.9633375,-11.1399473],[-76.9764198,-11.1367306],[-76.9891178,-11.1322708],[-77.0013094,-11.1266107],[-77.0128771,-11.1198049],[-77.0237095,-11.1119188],[-77.0337022,-11.1030285],[-77.0427592,-11.0932196],[-77.050793,-11.0825865],[-77.0577264,-11.0712317],[-77.0634926,-11.0592644],[-77.068036,-11.0468],[-77.071313,-11.0339584],[-77.0732918,-11.0208634],[-77.0739536,-11.0076411],[-77.0732918,-10.9944187],[-77.071313,-10.9813237],[-77.068036,-10.9684822],[-77.0634926,-10.9560178],[-77.0577264,-10.9440505],[-77.050793,-10.9326956],[-77.0427592,-10.9220625],[-77.0337022,-10.9122536],[-77.0237095,-10.9033633],[-77.0128771,-10.8954773],[-77.0013094,-10.8886715],[-76.9891178,-10.8830114],[-76.9764198,-10.8785515],[-76.9633375,-10.8753349],[-76.9499971,-10.8733924],[-76.9365269,-10.8727428]]]},"properties":{"name":"Cerro Huitama","local_name":"Cerro Huitama","english_name":"Cerro Huitama","search_name":"Cerro Huitama Cerro Huitama Cerro Huitama Cerro Huitama Cerro Huitama Cerro Huitama","peak_elev":4981,"radius_m":15000,"layer":"平均突起响应半径","rank_pct":0.0693,"center_lon":-76.93652691876586,"center_lat":-11.007641081251176,"max_mean_jut":294.074,"max_ats":118.5055,"r_jmean_peak":15000,"r_ats_peak":19000,"r_ats_marginal":187.5,"ats_marginal_rate_max":0.100569,"ats_marginal_interval_start":125,"ats_marginal_interval_end":250,"ats_marginal_ats_mean":18.5802}},{"type":"Feature","geometry":{"type":"Polygon","coordinates":[[[-77.2588424,-10.2216439],[-77.2454011,-10.2222935],[-77.2320892,-10.224236],[-77.219035,-10.2274526],[-77.2063642,-10.2319124],[-77.1941987,-10.2375725],[-77.1826558,-10.2443784],[-77.1718466,-10.2522644],[-77.1618752,-10.2611547],[-77.1528377,-10.2709636],[-77.144821,-10.2815967],[-77.1379025,-10.2929516],[-77.1321486,-10.3049188],[-77.1276149,-10.3173833],[-77.124345,-10.3302248],[-77.1223704,-10.3433198],[-77.1217101,-10.3565422],[-77.1223704,-10.3697645],[-77.124345,-10.3828595],[-77.1276149,-10.3957011],[-77.1321486,-10.4081655],[-77.1379025,-10.4201328],[-77.144821,-10.4314876],[-77.1528377,-10.4421207],[-77.1618752,-10.4519296],[-77.1718466,-10.4608199],[-77.1826558,-10.468706],[-77.1941987,-10.4755118],[-77.2063642,-10.4811719],[-77.219035,-10.4856317],[-77.2320892,-10.4888484],[-77.2454011,-10.4907908],[-77.2588424,-10.4914404],[-77.2722838,-10.4907908],[-77.2855956,-10.4888484],[-77.2986499,-10.4856317],[-77.3113207,-10.4811719],[-77.3234862,-10.4755118],[-77.3350291,-10.468706],[-77.3458383,-10.4608199],[-77.3558097,-10.4519296],[-77.3648472,-10.4421207],[-77.3728639,-10.4314876],[-77.3797824,-10.4201328],[-77.3855362,-10.4081655],[-77.39007,-10.3957011],[-77.3933399,-10.3828595],[-77.3953145,-10.3697645],[-77.3959748,-10.3565422],[-77.3953145,-10.3433198],[-77.3933399,-10.3302248],[-77.39007,-10.3173833],[-77.3855362,-10.3049188],[-77.3797824,-10.2929516],[-77.3728639,-10.2815967],[-77.3648472,-10.2709636],[-77.3558097,-10.2611547],[-77.3458383,-10.2522644],[-77.3350291,-10.2443784],[-77.3234862,-10.2375725],[-77.3113207,-10.2319124],[-77.2986499,-10.2274526],[-77.2855956,-10.224236],[-77.2722838,-10.2222935],[-77.2588424,-10.2216439]]]},"properties":{"name":"Cerro Jachiapunta","local_name":"Cerro Jachiapunta","english_name":"Cerro Jachiapunta","search_name":"Cerro Jachiapunta Cerro Jachiapunta Cerro Jachiapunta Cerro Jachiapunta Cerro Jachiapunta Cerro Jachiapunta","peak_elev":4906,"radius_m":15000,"layer":"平均突起响应半径","rank_pct":0.0693,"center_lon":-77.25884244270794,"center_lat":-10.356542163321349,"max_mean_jut":179.4039,"max_ats":61.9624,"r_jmean_peak":15000,"r_ats_peak":29000,"r_ats_marginal":187.5,"ats_marginal_rate_max":0.04197,"ats_marginal_interval_start":125,"ats_marginal_interval_end":250,"ats_marginal_ats_mean":9.7989}},{"type":"Feature","geometry":{"type":"Polygon","coordinates":[[[-72.9843888,-15.2660436],[-72.970674,-15.2666931],[-72.9570913,-15.2686356],[-72.9437714,-15.2718522],[-72.9308427,-15.2763121],[-72.9184297,-15.2819722],[-72.9066519,-15.288778],[-72.8956228,-15.2966641],[-72.8854485,-15.3055543],[-72.8762271,-15.3153633],[-72.8680473,-15.3259964],[-72.860988,-15.3373512],[-72.8551171,-15.3493185],[-72.8504911,-15.3617829],[-72.8471547,-15.3746245],[-72.8451399,-15.3877195],[-72.8444661,-15.4009418],[-72.8451399,-15.4141641],[-72.8471547,-15.4272592],[-72.8504911,-15.4401007],[-72.8551171,-15.4525651],[-72.860988,-15.4645324],[-72.8680473,-15.4758873],[-72.8762271,-15.4865203],[-72.8854485,-15.4963293],[-72.8956228,-15.5052196],[-72.9066519,-15.5131056],[-72.9184297,-15.5199114],[-72.9308427,-15.5255715],[-72.9437714,-15.5300314],[-72.9570913,-15.533248],[-72.970674,-15.5351905],[-72.9843888,-15.5358401],[-72.9981037,-15.5351905],[-73.0116864,-15.533248],[-73.0250062,-15.5300314],[-73.0379349,-15.5255715],[-73.0503479,-15.5199114],[-73.0621257,-15.5131056],[-73.0731549,-15.5052196],[-73.0833291,-15.4963293],[-73.0925506,-15.4865203],[-73.1007303,-15.4758873],[-73.1077896,-15.4645324],[-73.1136606,-15.4525651],[-73.1182865,-15.4401007],[-73.121623,-15.4272592],[-73.1236378,-15.4141641],[-73.1243115,-15.4009418],[-73.1236378,-15.3877195],[-73.121623,-15.3746245],[-73.1182865,-15.3617829],[-73.1136606,-15.3493185],[-73.1077896,-15.3373512],[-73.1007303,-15.3259964],[-73.0925506,-15.3153633],[-73.0833291,-15.3055543],[-73.0731549,-15.2966641],[-73.0621257,-15.288778],[-73.0503479,-15.2819722],[-73.0379349,-15.2763121],[-73.0250062,-15.2718522],[-73.0116864,-15.2686356],[-72.9981037,-15.2666931],[-72.9843888,-15.2660436]]]},"properties":{"name":"Cerro Uchuy Yaretayoc","local_name":"Cerro Uchuy Yaretayoc","english_name":"Cerro Uchuy Yaretayoc","search_name":"Cerro Uchuy Yaretayoc Cerro Uchuy Yaretayoc Cerro Uchuy Yaretayoc Cerro Uchuy Yaretayoc Cerro Uchuy Yaretayoc Cerro Uchuy Yaretayoc","peak_elev":4841,"radius_m":15000,"layer":"平均突起响应半径","rank_pct":0.0693,"center_lon":-72.98438882628203,"center_lat":-15.400941809766108,"max_mean_jut":230.8261,"max_ats":76.4408,"r_jmean_peak":15000,"r_ats_peak":17500,"r_ats_marginal":187.5,"ats_marginal_rate_max":0.031098,"ats_marginal_interval_start":125,"ats_marginal_interval_end":250,"ats_marginal_ats_mean":6.0958}},{"type":"Feature","geometry":{"type":"Polygon","coordinates":[[[-78.1099063,-8.7458916],[-78.0965236,-8.7465411],[-78.0832697,-8.7484836],[-78.0702723,-8.7517002],[-78.0576566,-8.7561601],[-78.0455442,-8.7618202],[-78.0340515,-8.768626],[-78.0232894,-8.7765121],[-78.0133615,-8.7854024],[-78.0043633,-8.7952113],[-77.9963816,-8.8058444],[-77.9894932,-8.8171992],[-77.9837644,-8.8291665],[-77.9792504,-8.8416309],[-77.9759948,-8.8544725],[-77.9740287,-8.8675675],[-77.9733713,-8.8807898],[-77.9740287,-8.8940122],[-77.9759948,-8.9071072],[-77.9792504,-8.9199487],[-77.9837644,-8.9324131],[-77.9894932,-8.9443804],[-77.9963816,-8.9557353],[-78.0043633,-8.9663684],[-78.0133615,-8.9761773],[-78.0232894,-8.9850676],[-78.0340515,-8.9929536],[-78.0455442,-8.9997594],[-78.0576566,-9.0054195],[-78.0702723,-9.0098794],[-78.0832697,-9.013096],[-78.0965236,-9.0150385],[-78.1099063,-9.0156881],[-78.1232891,-9.0150385],[-78.136543,-9.013096],[-78.1495404,-9.0098794],[-78.1621561,-9.0054195],[-78.1742685,-8.9997594],[-78.1857612,-8.9929536],[-78.1965233,-8.9850676],[-78.2064512,-8.9761773],[-78.2154494,-8.9663684],[-78.2234311,-8.9557353],[-78.2303195,-8.9443804],[-78.2360483,-8.9324131],[-78.2405623,-8.9199487],[-78.2438179,-8.9071072],[-78.245784,-8.8940122],[-78.2464414,-8.8807898],[-78.245784,-8.8675675],[-78.2438179,-8.8544725],[-78.2405623,-8.8416309],[-78.2360483,-8.8291665],[-78.2303195,-8.8171992],[-78.2234311,-8.8058444],[-78.2154494,-8.7952113],[-78.2064512,-8.7854024],[-78.1965233,-8.7765121],[-78.1857612,-8.768626],[-78.1742685,-8.7618202],[-78.1621561,-8.7561601],[-78.1495404,-8.7517002],[-78.136543,-8.7484836],[-78.1232891,-8.7465411],[-78.1099063,-8.7458916]]]},"properties":{"name":"Cerro Ventanilla","local_name":"Cerro Ventanilla","english_name":"Cerro Ventanilla","search_name":"Cerro Ventanilla Cerro Ventanilla Cerro Ventanilla Cerro Ventanilla Cerro Ventanilla Cerro Ventanilla","peak_elev":4376,"radius_m":15000,"layer":"平均突起响应半径","rank_pct":0.0693,"center_lon":-78.10990634288278,"center_lat":-8.880789814569797,"max_mean_jut":306.5704,"max_ats":154.3997,"r_jmean_peak":15000,"r_ats_peak":31000,"r_ats_marginal":437.5,"ats_marginal_rate_max":0.044836,"ats_marginal_interval_start":375,"ats_marginal_interval_end":500,"ats_marginal_ats_mean":15.1918}},{"type":"Feature","geometry":{"type":"Polygon","coordinates":[[[-71.0445668,8.6761249],[-71.0311962,8.6754753],[-71.0179543,8.6735328],[-71.0049687,8.6703162],[-70.9923645,8.6658564],[-70.980263,8.6601963],[-70.9687808,8.6533904],[-70.9580285,8.6455044],[-70.9481096,8.6366141],[-70.9391196,8.6268052],[-70.9311451,8.6161721],[-70.9242629,8.6048172],[-70.9185393,8.59285],[-70.9140295,8.5803855],[-70.9107768,8.567544],[-70.9088125,8.554449],[-70.9081557,8.5412266],[-70.9088125,8.5280043],[-70.9107768,8.5149093],[-70.9140295,8.5020677],[-70.9185393,8.4896033],[-70.9242629,8.477636],[-70.9311451,8.4662812],[-70.9391196,8.4556481],[-70.9481096,8.4458392],[-70.9580285,8.4369489],[-70.9687808,8.4290628],[-70.980263,8.422257],[-70.9923645,8.4165969],[-71.0049687,8.4121371],[-71.0179543,8.4089204],[-71.0311962,8.406978],[-71.0445668,8.4063284],[-71.0579374,8.406978],[-71.0711793,8.4089204],[-71.0841649,8.4121371],[-71.0967691,8.4165969],[-71.1088706,8.422257],[-71.1203528,8.4290628],[-71.1311051,8.4369489],[-71.141024,8.4458392],[-71.150014,8.4556481],[-71.1579885,8.4662812],[-71.1648707,8.477636],[-71.1705943,8.4896033],[-71.1751041,8.5020677],[-71.1783568,8.5149093],[-71.1803211,8.5280043],[-71.1809779,8.5412266],[-71.1803211,8.554449],[-71.1783568,8.567544],[-71.1751041,8.5803855],[-71.1705943,8.59285],[-71.1648707,8.6048172],[-71.1579885,8.6161721],[-71.150014,8.6268052],[-71.141024,8.6366141],[-71.1311051,8.6455044],[-71.1203528,8.6533904],[-71.1088706,8.6601963],[-71.0967691,8.6658564],[-71.0841649,8.6703162],[-71.0711793,8.6735328],[-71.0579374,8.6754753],[-71.0445668,8.6761249]]]},"properties":{"name":"La Columna","local_name":"La Columna","english_name":"La Columna","search_name":"La Columna La Columna La Columna La Columna La Columna La Columna","peak_elev":4823,"radius_m":15000,"layer":"平均突起响应半径","rank_pct":0.0693,"center_lon":-71.04456680175434,"center_lat":8.541226637172617,"max_mean_jut":363.6435,"max_ats":184.4459,"r_jmean_peak":15000,"r_ats_peak":18000,"r_ats_marginal":1187.5,"ats_marginal_rate_max":0.061238,"ats_marginal_interval_start":1125,"ats_marginal_interval_end":1250,"ats_marginal_ats_mean":44.6722}},{"type":"Feature","geometry":{"type":"Polygon","coordinates":[[[-71.531813,-16.0597051],[-71.5180443,-16.0603547],[-71.5044082,-16.0622972],[-71.4910361,-16.0655138],[-71.4780566,-16.0699736],[-71.4655949,-16.0756337],[-71.4537708,-16.0824396],[-71.4426984,-16.0903256],[-71.4324842,-16.0992159],[-71.4232265,-16.1090248],[-71.4150147,-16.1196579],[-71.4079276,-16.1310128],[-71.4020336,-16.14298],[-71.3973895,-16.1554445],[-71.39404,-16.168286],[-71.3920172,-16.181381],[-71.3913408,-16.1946034],[-71.3920172,-16.2078257],[-71.39404,-16.2209207],[-71.3973895,-16.2337623],[-71.4020336,-16.2462267],[-71.4079276,-16.258194],[-71.4150147,-16.2695488],[-71.4232265,-16.2801819],[-71.4324842,-16.2899908],[-71.4426984,-16.2988811],[-71.4537708,-16.3067672],[-71.4655949,-16.313573],[-71.4780566,-16.3192331],[-71.4910361,-16.3236929],[-71.5044082,-16.3269096],[-71.5180443,-16.328852],[-71.531813,-16.3295016],[-71.5455817,-16.328852],[-71.5592178,-16.3269096],[-71.5725899,-16.3236929],[-71.5855694,-16.3192331],[-71.5980311,-16.313573],[-71.6098552,-16.3067672],[-71.6209276,-16.2988811],[-71.6311418,-16.2899908],[-71.6403995,-16.2801819],[-71.6486114,-16.2695488],[-71.6556984,-16.258194],[-71.6615924,-16.2462267],[-71.6662365,-16.2337623],[-71.6695861,-16.2209207],[-71.6716088,-16.2078257],[-71.6722852,-16.1946034],[-71.6716088,-16.181381],[-71.6695861,-16.168286],[-71.6662365,-16.1554445],[-71.6615924,-16.14298],[-71.6556984,-16.1310128],[-71.6486114,-16.1196579],[-71.6403995,-16.1090248],[-71.6311418,-16.0992159],[-71.6209276,-16.0903256],[-71.6098552,-16.0824396],[-71.5980311,-16.0756337],[-71.5855694,-16.0699736],[-71.5725899,-16.0655138],[-71.5592178,-16.0622972],[-71.5455817,-16.0603547],[-71.531813,-16.0597051]]]},"properties":{"name":"Nevado Chachani","local_name":"Nevado Chachani","english_name":"Nevado Chachani","search_name":"Nevado Chachani Nevado Chachani Nevado Chachani Nevado Chachani Nevado Chachani Nevado Chachani","peak_elev":6067,"radius_m":15000,"layer":"平均突起响应半径","rank_pct":0.0693,"center_lon":-71.53181301186076,"center_lat":-16.194603363285704,"max_mean_jut":470.7516,"max_ats":282.5634,"r_jmean_peak":15000,"r_ats_peak":17500,"r_ats_marginal":1437.5,"ats_marginal_rate_max":0.084453,"ats_marginal_interval_start":1375,"ats_marginal_interval_end":1500,"ats_marginal_ats_mean":85.3146}},{"type":"Feature","geometry":{"type":"Polygon","coordinates":[[[-77.4995011,-8.3200053],[-77.4865792,-8.3206332],[-77.4737818,-8.322511],[-77.461232,-8.3256204],[-77.4490508,-8.3299316],[-77.4373555,-8.335403],[-77.4262587,-8.341982],[-77.4158672,-8.3496051],[-77.4062812,-8.3581991],[-77.3975929,-8.367681],[-77.3898861,-8.3779597],[-77.3832349,-8.3889361],[-77.3777034,-8.4005044],[-77.3733449,-8.4125534],[-77.3702014,-8.4249669],[-77.368303,-8.4376254],[-77.3676682,-8.450407],[-77.368303,-8.4631886],[-77.3702014,-8.4758471],[-77.3733449,-8.4882606],[-77.3777034,-8.5003095],[-77.3832349,-8.5118779],[-77.3898861,-8.5228542],[-77.3975929,-8.5331329],[-77.4062812,-8.5426148],[-77.4158672,-8.5512088],[-77.4262587,-8.558832],[-77.4373555,-8.5654109],[-77.4490508,-8.5708824],[-77.461232,-8.5751935],[-77.4737818,-8.578303],[-77.4865792,-8.5801807],[-77.4995011,-8.5808086],[-77.512423,-8.5801807],[-77.5252204,-8.578303],[-77.5377702,-8.5751935],[-77.5499514,-8.5708824],[-77.5616467,-8.5654109],[-77.5727435,-8.558832],[-77.583135,-8.5512088],[-77.592721,-8.5426148],[-77.6014093,-8.5331329],[-77.6091161,-8.5228542],[-77.6157673,-8.5118779],[-77.6212988,-8.5003095],[-77.6256573,-8.4882606],[-77.6288009,-8.4758471],[-77.6306992,-8.4631886],[-77.631334,-8.450407],[-77.6306992,-8.4376254],[-77.6288009,-8.4249669],[-77.6256573,-8.4125534],[-77.6212988,-8.4005044],[-77.6157673,-8.3889361],[-77.6091161,-8.3779597],[-77.6014093,-8.367681],[-77.592721,-8.3581991],[-77.583135,-8.3496051],[-77.5727435,-8.341982],[-77.5616467,-8.335403],[-77.5499514,-8.3299316],[-77.5377702,-8.3256204],[-77.5252204,-8.322511],[-77.512423,-8.3206332],[-77.4995011,-8.3200053]]]},"properties":{"name":"Cerro Negro","local_name":"Cerro Negro","english_name":"Cerro Negro","search_name":"Cerro Negro Cerro Negro Cerro Negro Cerro Negro Cerro Negro Cerro Negro","peak_elev":4242,"radius_m":14500,"layer":"平均突起响应半径","rank_pct":0.0853,"center_lon":-77.49950110732357,"center_lat":-8.450406961948133,"max_mean_jut":178.9821,"max_ats":76.0044,"r_jmean_peak":14500,"r_ats_peak":15500,"r_ats_marginal":187.5,"ats_marginal_rate_max":0.04014,"ats_marginal_interval_start":125,"ats_marginal_interval_end":250,"ats_marginal_ats_mean":7.548}},{"type":"Feature","geometry":{"type":"Polygon","coordinates":[[[-77.9193737,-8.9242122],[-77.9064308,-8.9248401],[-77.8936126,-8.9267178],[-77.8810424,-8.9298272],[-77.8688414,-8.9341384],[-77.8571271,-8.9396098],[-77.8460122,-8.9461888],[-77.8356039,-8.953812],[-77.8260023,-8.9624059],[-77.8172999,-8.9718879],[-77.8095805,-8.9821666],[-77.8029185,-8.9931429],[-77.7973781,-9.0047113],[-77.7930125,-9.0167602],[-77.7898638,-9.0291737],[-77.7879624,-9.0418322],[-77.7873266,-9.0546138],[-77.7879624,-9.0673954],[-77.7898638,-9.0800539],[-77.7930125,-9.0924674],[-77.7973781,-9.1045164],[-77.8029185,-9.1160847],[-77.8095805,-9.1270611],[-77.8172999,-9.1373397],[-77.8260023,-9.1468217],[-77.8356039,-9.1554156],[-77.8460122,-9.1630388],[-77.8571271,-9.1696178],[-77.8688414,-9.1750892],[-77.8810424,-9.1794004],[-77.8936126,-9.1825098],[-77.9064308,-9.1843875],[-77.9193737,-9.1850155],[-77.9323166,-9.1843875],[-77.9451348,-9.1825098],[-77.9577049,-9.1794004],[-77.9699059,-9.1750892],[-77.9816202,-9.1696178],[-77.9927351,-9.1630388],[-78.0031435,-9.1554156],[-78.0127451,-9.1468217],[-78.0214475,-9.1373397],[-78.0291668,-9.1270611],[-78.0358288,-9.1160847],[-78.0413693,-9.1045164],[-78.0457349,-9.0924674],[-78.0488835,-9.0800539],[-78.0507849,-9.0673954],[-78.0514208,-9.0546138],[-78.0507849,-9.0418322],[-78.0488835,-9.0291737],[-78.0457349,-9.0167602],[-78.0413693,-9.0047113],[-78.0358288,-8.9931429],[-78.0291668,-8.9821666],[-78.0214475,-8.9718879],[-78.0127451,-8.9624059],[-78.0031435,-8.953812],[-77.9927351,-8.9461888],[-77.9816202,-8.9396098],[-77.9699059,-8.9341384],[-77.9577049,-8.9298272],[-77.9451348,-8.9267178],[-77.9323166,-8.9248401],[-77.9193737,-8.9242122]]]},"properties":{"name":"Cerro Pampacancha","local_name":"Cerro Pampacancha","english_name":"Cerro Pampacancha","search_name":"Cerro Pampacancha Cerro Pampacancha Cerro Pampacancha Cerro Pampacancha Cerro Pampacancha Cerro Pampacancha","peak_elev":5003,"radius_m":14500,"layer":"平均突起响应半径","rank_pct":0.0853,"center_lon":-77.91937367112104,"center_lat":-9.054613822046925,"max_mean_jut":299.1526,"max_ats":131.4912,"r_jmean_peak":14500,"r_ats_peak":14000,"r_ats_marginal":187.5,"ats_marginal_rate_max":0.167324,"ats_marginal_interval_start":125,"ats_marginal_interval_end":250,"ats_marginal_ats_mean":20.9332}},{"type":"Feature","geometry":{"type":"Polygon","coordinates":[[[-71.0469923,8.6710893],[-71.0340673,8.6704614],[-71.0212669,8.6685837],[-71.0087142,8.6654742],[-70.9965301,8.661163],[-70.984832,8.6556916],[-70.9737326,8.6491126],[-70.9633387,8.6414895],[-70.9537504,8.6328955],[-70.9450601,8.6234136],[-70.9373514,8.6131349],[-70.9306987,8.6021586],[-70.9251659,8.5905902],[-70.9208064,8.5785412],[-70.9176621,8.5661277],[-70.9157633,8.5534692],[-70.9151283,8.5406876],[-70.9157633,8.5279061],[-70.9176621,8.5152476],[-70.9208064,8.5028341],[-70.9251659,8.4907851],[-70.9306987,8.4792167],[-70.9373514,8.4682404],[-70.9450601,8.4579617],[-70.9537504,8.4484798],[-70.9633387,8.4398858],[-70.9737326,8.4322627],[-70.984832,8.4256837],[-70.9965301,8.4202122],[-71.0087142,8.4159011],[-71.0212669,8.4127916],[-71.0340673,8.4109139],[-71.0469923,8.410286],[-71.0599172,8.4109139],[-71.0727176,8.4127916],[-71.0852703,8.4159011],[-71.0974544,8.4202122],[-71.1091525,8.4256837],[-71.1202519,8.4322627],[-71.1306458,8.4398858],[-71.1402341,8.4484798],[-71.1489244,8.4579617],[-71.1566331,8.4682404],[-71.1632858,8.4792167],[-71.1688186,8.4907851],[-71.1731782,8.5028341],[-71.1763224,8.5152476],[-71.1782212,8.5279061],[-71.1788562,8.5406876],[-71.1782212,8.5534692],[-71.1763224,8.5661277],[-71.1731782,8.5785412],[-71.1688186,8.5905902],[-71.1632858,8.6021586],[-71.1566331,8.6131349],[-71.1489244,8.6234136],[-71.1402341,8.6328955],[-71.1306458,8.6414895],[-71.1202519,8.6491126],[-71.1091525,8.6556916],[-71.0974544,8.661163],[-71.0852703,8.6654742],[-71.0727176,8.6685837],[-71.0599172,8.6704614],[-71.0469923,8.6710893]]]},"properties":{"name":"Pico Bolívar","local_name":"Pico Bolívar","english_name":"Pico Bolívar","search_name":"Pico Bolívar Pico Bolívar Pico Bolívar Pico Bolívar Pico Bolívar Pico Bolívar","peak_elev":4789,"radius_m":14500,"layer":"平均突起响应半径","rank_pct":0.0853,"center_lon":-71.04699225302146,"center_lat":8.540687648002145,"max_mean_jut":356.2114,"max_ats":179.3486,"r_jmean_peak":14500,"r_ats_peak":18000,"r_ats_marginal":937.5,"ats_marginal_rate_max":0.045682,"ats_marginal_interval_start":875,"ats_marginal_interval_end":1000,"ats_marginal_ats_mean":23.3493}},{"type":"Feature","geometry":{"type":"Polygon","coordinates":[[[-71.0669349,8.6630044],[-71.0540102,8.6623765],[-71.04121,8.6604988],[-71.0286576,8.6573894],[-71.0164738,8.6530782],[-71.0047759,8.6476068],[-70.9936767,8.6410278],[-70.983283,8.6334046],[-70.973695,8.6248107],[-70.9650048,8.6153287],[-70.9572963,8.6050501],[-70.9506437,8.5940737],[-70.9451111,8.5825054],[-70.9407516,8.5704564],[-70.9376074,8.5580429],[-70.9357087,8.5453844],[-70.9350737,8.5326028],[-70.9357087,8.5198212],[-70.9376074,8.5071627],[-70.9407516,8.4947492],[-70.9451111,8.4827003],[-70.9506437,8.4711319],[-70.9572963,8.4601555],[-70.9650048,8.4498769],[-70.973695,8.4403949],[-70.983283,8.431801],[-70.9936767,8.4241778],[-71.0047759,8.4175988],[-71.0164738,8.4121274],[-71.0286576,8.4078162],[-71.04121,8.4047068],[-71.0540102,8.4028291],[-71.0669349,8.4022012],[-71.0798595,8.4028291],[-71.0926597,8.4047068],[-71.1052121,8.4078162],[-71.1173959,8.4121274],[-71.1290938,8.4175988],[-71.140193,8.4241778],[-71.1505867,8.431801],[-71.1601747,8.4403949],[-71.1688649,8.4498769],[-71.1765734,8.4601555],[-71.183226,8.4711319],[-71.1887586,8.4827003],[-71.1931181,8.4947492],[-71.1962623,8.5071627],[-71.198161,8.5198212],[-71.198796,8.5326028],[-71.198161,8.5453844],[-71.1962623,8.5580429],[-71.1931181,8.5704564],[-71.1887586,8.5825054],[-71.183226,8.5940737],[-71.1765734,8.6050501],[-71.1688649,8.6153287],[-71.1601747,8.6248107],[-71.1505867,8.6334046],[-71.140193,8.6410278],[-71.1290938,8.6476068],[-71.1173959,8.6530782],[-71.1052121,8.6573894],[-71.0926597,8.6604988],[-71.0798595,8.6623765],[-71.0669349,8.6630044]]]},"properties":{"name":"Pico El León [-71.06667,8.53333]","local_name":"Pico El León","english_name":"Pico El León","search_name":"Pico El León Pico El León Pico El León Pico El León Pico El León Pico El León [-71.06667,8.53333]","peak_elev":4325,"radius_m":14500,"layer":"平均突起响应半径","rank_pct":0.0853,"center_lon":-71.06693485232891,"center_lat":8.53260281044507,"max_mean_jut":247.1315,"max_ats":109.8444,"r_jmean_peak":14500,"r_ats_peak":16500,"r_ats_marginal":687.5,"ats_marginal_rate_max":0.027746,"ats_marginal_interval_start":625,"ats_marginal_interval_end":750,"ats_marginal_ats_mean":10.1317}},{"type":"Feature","geometry":{"type":"Polygon","coordinates":[[[-77.4879128,-8.3417496],[-77.475436,-8.3423559],[-77.4630793,-8.3441688],[-77.4509617,-8.347171],[-77.4392001,-8.3513335],[-77.4279075,-8.3566163],[-77.4171928,-8.3629684],[-77.4071593,-8.3703287],[-77.3979034,-8.3786263],[-77.3895143,-8.3877813],[-77.3820729,-8.3977055],[-77.3756508,-8.4083034],[-77.3703098,-8.4194728],[-77.3661014,-8.4311063],[-77.3630661,-8.4430918],[-77.3612332,-8.4553138],[-77.3606202,-8.4676546],[-77.3612332,-8.4799955],[-77.3630661,-8.4922175],[-77.3661014,-8.5042029],[-77.3703098,-8.5158364],[-77.3756508,-8.5270058],[-77.3820729,-8.5376037],[-77.3895143,-8.5475279],[-77.3979034,-8.5566829],[-77.4071593,-8.5649805],[-77.4171928,-8.5723408],[-77.4279075,-8.5786929],[-77.4392001,-8.5839757],[-77.4509617,-8.5881382],[-77.4630793,-8.5911404],[-77.475436,-8.5929534],[-77.4879128,-8.5935596],[-77.5003897,-8.5929534],[-77.5127464,-8.5911404],[-77.5248639,-8.5881382],[-77.5366256,-8.5839757],[-77.5479182,-8.5786929],[-77.5586328,-8.5723408],[-77.5686664,-8.5649805],[-77.5779223,-8.5566829],[-77.5863114,-8.5475279],[-77.5937528,-8.5376037],[-77.6001749,-8.5270058],[-77.6055159,-8.5158364],[-77.6097243,-8.5042029],[-77.6127596,-8.4922175],[-77.6145925,-8.4799955],[-77.6152055,-8.4676546],[-77.6145925,-8.4553138],[-77.6127596,-8.4430918],[-77.6097243,-8.4311063],[-77.6055159,-8.4194728],[-77.6001749,-8.4083034],[-77.5937528,-8.3977055],[-77.5863114,-8.3877813],[-77.5779223,-8.3786263],[-77.5686664,-8.3703287],[-77.5586328,-8.3629684],[-77.5479182,-8.3566163],[-77.5366256,-8.3513335],[-77.5248639,-8.347171],[-77.5127464,-8.3441688],[-77.5003897,-8.3423559],[-77.4879128,-8.3417496]]]},"properties":{"name":"Cerro Banquillo","local_name":"Cerro Banquillo","english_name":"Cerro Banquillo","search_name":"Cerro Banquillo Cerro Banquillo Cerro Banquillo Cerro Banquillo Cerro Banquillo Cerro Banquillo","peak_elev":4280,"radius_m":14000,"layer":"平均突起响应半径","rank_pct":0.096,"center_lon":-77.48791284015843,"center_lat":-8.467654615403228,"max_mean_jut":185.0382,"max_ats":79.9825,"r_jmean_peak":14000,"r_ats_peak":14500,"r_ats_marginal":187.5,"ats_marginal_rate_max":0.086331,"ats_marginal_interval_start":125,"ats_marginal_interval_end":250,"ats_marginal_ats_mean":11.2456}},{"type":"Feature","geometry":{"type":"Polygon","coordinates":[[[-76.955661,-10.8970972],[-76.9430882,-10.8977035],[-76.9306365,-10.8995165],[-76.9184258,-10.9025187],[-76.9065736,-10.9066812],[-76.8951942,-10.911964],[-76.8843972,-10.9183161],[-76.8742864,-10.9256764],[-76.8649593,-10.933974],[-76.8565058,-10.943129],[-76.8490071,-10.9530532],[-76.8425356,-10.9636511],[-76.8371536,-10.9748205],[-76.8329128,-10.986454],[-76.8298542,-10.9984394],[-76.8280071,-11.0106614],[-76.8273895,-11.0230023],[-76.8280071,-11.0353431],[-76.8298542,-11.0475651],[-76.8329128,-11.0595506],[-76.8371536,-11.071184],[-76.8425356,-11.0823535],[-76.8490071,-11.0929514],[-76.8565058,-11.1028756],[-76.8649593,-11.1120306],[-76.8742864,-11.1203282],[-76.8843972,-11.1276885],[-76.8951942,-11.1340406],[-76.9065736,-11.1393233],[-76.9184258,-11.1434859],[-76.9306365,-11.1464881],[-76.9430882,-11.148301],[-76.955661,-11.1489073],[-76.9682338,-11.148301],[-76.9806856,-11.1464881],[-76.9928963,-11.1434859],[-77.0047484,-11.1393233],[-77.0161278,-11.1340406],[-77.0269249,-11.1276885],[-77.0370357,-11.1203282],[-77.0463627,-11.1120306],[-77.0548163,-11.1028756],[-77.0623149,-11.0929514],[-77.0687865,-11.0823535],[-77.0741685,-11.071184],[-77.0784093,-11.0595506],[-77.0814679,-11.0475651],[-77.0833149,-11.0353431],[-77.0839326,-11.0230023],[-77.0833149,-11.0106614],[-77.0814679,-10.9984394],[-77.0784093,-10.986454],[-77.0741685,-10.9748205],[-77.0687865,-10.9636511],[-77.0623149,-10.9530532],[-77.0548163,-10.943129],[-77.0463627,-10.933974],[-77.0370357,-10.9256764],[-77.0269249,-10.9183161],[-77.0161278,-10.911964],[-77.0047484,-10.9066812],[-76.9928963,-10.9025187],[-76.9806856,-10.8995165],[-76.9682338,-10.8977035],[-76.955661,-10.8970972]]]},"properties":{"name":"Cerro Cuncasrumi","local_name":"Cerro Cuncasrumi","english_name":"Cerro Cuncasrumi","search_name":"Cerro Cuncasrumi Cerro Cuncasrumi Cerro Cuncasrumi Cerro Cuncasrumi Cerro Cuncasrumi Cerro Cuncasrumi","peak_elev":4480,"radius_m":14000,"layer":"平均突起响应半径","rank_pct":0.096,"center_lon":-76.95566103431761,"center_lat":-11.02300227260962,"max_mean_jut":222.6004,"max_ats":73.4209,"r_jmean_peak":14000,"r_ats_peak":15000,"r_ats_marginal":312.5,"ats_marginal_rate_max":0.055038,"ats_marginal_interval_start":250,"ats_marginal_interval_end":375,"ats_marginal_ats_mean":12.2767}},{"type":"Feature","geometry":{"type":"Polygon","coordinates":[[[-72.3607784,-15.5984303],[-72.3479577,-15.5990366],[-72.3352605,-15.6008495],[-72.3228091,-15.6038517],[-72.3107234,-15.6080142],[-72.2991197,-15.613297],[-72.2881098,-15.6196491],[-72.2777997,-15.6270094],[-72.2682888,-15.635307],[-72.2596686,-15.644462],[-72.2520221,-15.6543862],[-72.2454231,-15.6649841],[-72.2399349,-15.6761535],[-72.2356106,-15.687787],[-72.2324917,-15.6997725],[-72.2306082,-15.7119945],[-72.2299784,-15.7243353],[-72.2306082,-15.7366762],[-72.2324917,-15.7488982],[-72.2356106,-15.7608836],[-72.2399349,-15.7725171],[-72.2454231,-15.7836865],[-72.2520221,-15.7942844],[-72.2596686,-15.8042086],[-72.2682888,-15.8133636],[-72.2777997,-15.8216612],[-72.2881098,-15.8290215],[-72.2991197,-15.8353736],[-72.3107234,-15.8406564],[-72.3228091,-15.8448189],[-72.3352605,-15.8478211],[-72.3479577,-15.8496341],[-72.3607784,-15.8502403],[-72.373599,-15.8496341],[-72.3862962,-15.8478211],[-72.3987476,-15.8448189],[-72.4108333,-15.8406564],[-72.422437,-15.8353736],[-72.4334469,-15.8290215],[-72.443757,-15.8216612],[-72.4532679,-15.8133636],[-72.4618881,-15.8042086],[-72.4695346,-15.7942844],[-72.4761336,-15.7836865],[-72.4816218,-15.7725171],[-72.4859461,-15.7608836],[-72.4890651,-15.7488982],[-72.4909485,-15.7366762],[-72.4915783,-15.7243353],[-72.4909485,-15.7119945],[-72.4890651,-15.6997725],[-72.4859461,-15.687787],[-72.4816218,-15.6761535],[-72.4761336,-15.6649841],[-72.4695346,-15.6543862],[-72.4618881,-15.644462],[-72.4532679,-15.635307],[-72.443757,-15.6270094],[-72.4334469,-15.6196491],[-72.422437,-15.613297],[-72.4108333,-15.6080142],[-72.3987476,-15.6038517],[-72.3862962,-15.6008495],[-72.373599,-15.5990366],[-72.3607784,-15.5984303]]]},"properties":{"name":"Cerro Jollpa","local_name":"Cerro Jollpa","english_name":"Cerro Jollpa","search_name":"Cerro Jollpa Cerro Jollpa Cerro Jollpa Cerro Jollpa Cerro Jollpa Cerro Jollpa","peak_elev":5101,"radius_m":14000,"layer":"平均突起响应半径","rank_pct":0.096,"center_lon":-72.36077835604625,"center_lat":-15.724335312049137,"max_mean_jut":529.0561,"max_ats":270.9993,"r_jmean_peak":14000,"r_ats_peak":15000,"r_ats_marginal":437.5,"ats_marginal_rate_max":0.053709,"ats_marginal_interval_start":375,"ats_marginal_interval_end":500,"ats_marginal_ats_mean":14.8097}},{"type":"Feature","geometry":{"type":"Polygon","coordinates":[[[-67.7367903,-16.5370799],[-67.7239085,-16.5376862],[-67.7111508,-16.5394992],[-67.69864,-16.5425014],[-67.6864966,-16.5466639],[-67.6748375,-16.5519466],[-67.6637751,-16.5582988],[-67.6534159,-16.5656591],[-67.6438596,-16.5739567],[-67.6351983,-16.5831117],[-67.6275154,-16.5930359],[-67.6208848,-16.6036337],[-67.6153705,-16.6148032],[-67.6110255,-16.6264367],[-67.6078918,-16.6384221],[-67.6059993,-16.6506441],[-67.6053665,-16.662985],[-67.6059993,-16.6753258],[-67.6078918,-16.6875478],[-67.6110255,-16.6995333],[-67.6153705,-16.7111667],[-67.6208848,-16.7223362],[-67.6275154,-16.732934],[-67.6351983,-16.7428583],[-67.6438596,-16.7520132],[-67.6534159,-16.7603109],[-67.6637751,-16.7676712],[-67.6748375,-16.7740233],[-67.6864966,-16.779306],[-67.69864,-16.7834685],[-67.7111508,-16.7864707],[-67.7239085,-16.7882837],[-67.7367903,-16.78889],[-67.749672,-16.7882837],[-67.7624298,-16.7864707],[-67.7749406,-16.7834685],[-67.787084,-16.779306],[-67.798743,-16.7740233],[-67.8098054,-16.7676712],[-67.8201646,-16.7603109],[-67.8297209,-16.7520132],[-67.8383822,-16.7428583],[-67.8460651,-16.732934],[-67.8526957,-16.7223362],[-67.85821,-16.7111667],[-67.862555,-16.6995333],[-67.8656888,-16.6875478],[-67.8675812,-16.6753258],[-67.868214,-16.662985],[-67.8675812,-16.6506441],[-67.8656888,-16.6384221],[-67.862555,-16.6264367],[-67.85821,-16.6148032],[-67.8526957,-16.6036337],[-67.8460651,-16.5930359],[-67.8383822,-16.5831117],[-67.8297209,-16.5739567],[-67.8201646,-16.5656591],[-67.8098054,-16.5582988],[-67.798743,-16.5519466],[-67.787084,-16.5466639],[-67.7749406,-16.5425014],[-67.7624298,-16.5394992],[-67.749672,-16.5376862],[-67.7367903,-16.5370799]]]},"properties":{"name":"Cerro Linko Linko","local_name":"Cerro Linko Linko","english_name":"Cerro Linko Linko","search_name":"Cerro Linko Linko Cerro Linko Linko Cerro Linko Linko Cerro Linko Linko Cerro Linko Linko Cerro Linko Linko","peak_elev":5247,"radius_m":14000,"layer":"平均突起响应半径","rank_pct":0.096,"center_lon":-67.73679026256943,"center_lat":-16.662984952425624,"max_mean_jut":352.1061,"max_ats":166.3172,"r_jmean_peak":14000,"r_ats_peak":14500,"r_ats_marginal":562.5,"ats_marginal_rate_max":0.120679,"ats_marginal_interval_start":500,"ats_marginal_interval_end":625,"ats_marginal_ats_mean":58.0434}},{"type":"Feature","geometry":{"type":"Polygon","coordinates":[[[-72.9938211,-15.3205814],[-72.9810178,-15.3211876],[-72.9683378,-15.3230006],[-72.9559032,-15.3260028],[-72.9438338,-15.3301653],[-72.9322458,-15.3354481],[-72.9212508,-15.3418002],[-72.9109547,-15.3491605],[-72.9014566,-15.3574581],[-72.8928481,-15.3666131],[-72.8852119,-15.3765373],[-72.8786218,-15.3871352],[-72.8731411,-15.3983046],[-72.8688225,-15.4099381],[-72.8657078,-15.4219235],[-72.8638269,-15.4341455],[-72.863198,-15.4464864],[-72.8638269,-15.4588272],[-72.8657078,-15.4710492],[-72.8688225,-15.4830347],[-72.8731411,-15.4946682],[-72.8786218,-15.5058376],[-72.8852119,-15.5164355],[-72.8928481,-15.5263597],[-72.9014566,-15.5355147],[-72.9109547,-15.5438123],[-72.9212508,-15.5511726],[-72.9322458,-15.5575247],[-72.9438338,-15.5628075],[-72.9559032,-15.56697],[-72.9683378,-15.5699722],[-72.9810178,-15.5717852],[-72.9938211,-15.5723914],[-73.0066244,-15.5717852],[-73.0193045,-15.5699722],[-73.031739,-15.56697],[-73.0438085,-15.5628075],[-73.0553965,-15.5575247],[-73.0663915,-15.5511726],[-73.0766876,-15.5438123],[-73.0861857,-15.5355147],[-73.0947942,-15.5263597],[-73.1024303,-15.5164355],[-73.1090205,-15.5058376],[-73.1145012,-15.4946682],[-73.1188197,-15.4830347],[-73.1219344,-15.4710492],[-73.1238153,-15.4588272],[-73.1244443,-15.4464864],[-73.1238153,-15.4341455],[-73.1219344,-15.4219235],[-73.1188197,-15.4099381],[-73.1145012,-15.3983046],[-73.1090205,-15.3871352],[-73.1024303,-15.3765373],[-73.0947942,-15.3666131],[-73.0861857,-15.3574581],[-73.0766876,-15.3491605],[-73.0663915,-15.3418002],[-73.0553965,-15.3354481],[-73.0438085,-15.3301653],[-73.031739,-15.3260028],[-73.0193045,-15.3230006],[-73.0066244,-15.3211876],[-72.9938211,-15.3205814]]]},"properties":{"name":"Cerro Llifllisja","local_name":"Cerro Llifllisja","english_name":"Cerro Llifllisja","search_name":"Cerro Llifllisja Cerro Llifllisja Cerro Llifllisja Cerro Llifllisja Cerro Llifllisja Cerro Llifllisja","peak_elev":4473,"radius_m":14000,"layer":"平均突起响应半径","rank_pct":0.096,"center_lon":-72.99382113676529,"center_lat":-15.446486394670968,"max_mean_jut":220.0837,"max_ats":68.1196,"r_jmean_peak":14000,"r_ats_peak":15000,"r_ats_marginal":9875.0,"ats_marginal_rate_max":0.009533,"ats_marginal_interval_start":9750,"ats_marginal_interval_end":10000,"ats_marginal_ats_mean":42.3722}},{"type":"Feature","geometry":{"type":"Polygon","coordinates":[[[-73.5449376,-13.1462991],[-73.532258,-13.1469053],[-73.5197006,-13.1487183],[-73.5073863,-13.1517205],[-73.4954336,-13.155883],[-73.4839576,-13.1611658],[-73.4730689,-13.1675179],[-73.4628723,-13.1748782],[-73.4534661,-13.1831758],[-73.4449408,-13.1923308],[-73.4373785,-13.202255],[-73.4308521,-13.2128529],[-73.4254243,-13.2240223],[-73.4211476,-13.2356558],[-73.418063,-13.2476412],[-73.4162003,-13.2598632],[-73.4155774,-13.2722041],[-73.4162003,-13.2845449],[-73.418063,-13.2967669],[-73.4211476,-13.3087524],[-73.4254243,-13.3203858],[-73.4308521,-13.3315553],[-73.4373785,-13.3421532],[-73.4449408,-13.3520774],[-73.4534661,-13.3612324],[-73.4628723,-13.36953],[-73.4730689,-13.3768903],[-73.4839576,-13.3832424],[-73.4954336,-13.3885252],[-73.5073863,-13.3926877],[-73.5197006,-13.3956899],[-73.532258,-13.3975028],[-73.5449376,-13.3981091],[-73.5576171,-13.3975028],[-73.5701745,-13.3956899],[-73.5824888,-13.3926877],[-73.5944416,-13.3885252],[-73.6059175,-13.3832424],[-73.6168062,-13.3768903],[-73.6270028,-13.36953],[-73.636409,-13.3612324],[-73.6449343,-13.3520774],[-73.6524966,-13.3421532],[-73.6590231,-13.3315553],[-73.6644508,-13.3203858],[-73.6687275,-13.3087524],[-73.6718121,-13.2967669],[-73.6736748,-13.2845449],[-73.6742978,-13.2722041],[-73.6736748,-13.2598632],[-73.6718121,-13.2476412],[-73.6687275,-13.2356558],[-73.6644508,-13.2240223],[-73.6590231,-13.2128529],[-73.6524966,-13.202255],[-73.6449343,-13.1923308],[-73.636409,-13.1831758],[-73.6270028,-13.1748782],[-73.6168062,-13.1675179],[-73.6059175,-13.1611658],[-73.5944416,-13.155883],[-73.5824888,-13.1517205],[-73.5701745,-13.1487183],[-73.5576171,-13.1469053],[-73.5449376,-13.1462991]]]},"properties":{"name":"Cerro Pumacasa","local_name":"Cerro Pumacasa","english_name":"Cerro Pumacasa","search_name":"Cerro Pumacasa Cerro Pumacasa Cerro Pumacasa Cerro Pumacasa Cerro Pumacasa Cerro Pumacasa","peak_elev":4417,"radius_m":14000,"layer":"平均突起响应半径","rank_pct":0.096,"center_lon":-73.54493756357262,"center_lat":-13.272204080988075,"max_mean_jut":238.9753,"max_ats":100.8824,"r_jmean_peak":14000,"r_ats_peak":23000,"r_ats_marginal":1687.5,"ats_marginal_rate_max":0.032863,"ats_marginal_interval_start":1625,"ats_marginal_interval_end":1750,"ats_marginal_ats_mean":27.6333}},{"type":"Feature","geometry":{"type":"Polygon","coordinates":[[[-67.7505345,-16.5400444],[-67.7376525,-16.5406506],[-67.7248946,-16.5424636],[-67.7123836,-16.5454658],[-67.70024,-16.5496283],[-67.6885808,-16.5549111],[-67.6775182,-16.5612632],[-67.6671588,-16.5686235],[-67.6576024,-16.5769211],[-67.648941,-16.5860761],[-67.6412579,-16.5960003],[-67.6346273,-16.6065982],[-67.6291129,-16.6177676],[-67.6247678,-16.6294011],[-67.621634,-16.6413865],[-67.6197415,-16.6536085],[-67.6191087,-16.6659494],[-67.6197415,-16.6782902],[-67.621634,-16.6905122],[-67.6247678,-16.7024977],[-67.6291129,-16.7141312],[-67.6346273,-16.7253006],[-67.6412579,-16.7358985],[-67.648941,-16.7458227],[-67.6576024,-16.7549777],[-67.6671588,-16.7632753],[-67.6775182,-16.7706356],[-67.6885808,-16.7769877],[-67.70024,-16.7822705],[-67.7123836,-16.786433],[-67.7248946,-16.7894352],[-67.7376525,-16.7912482],[-67.7505345,-16.7918544],[-67.7634165,-16.7912482],[-67.7761744,-16.7894352],[-67.7886854,-16.786433],[-67.800829,-16.7822705],[-67.8124882,-16.7769877],[-67.8235508,-16.7706356],[-67.8339101,-16.7632753],[-67.8434666,-16.7549777],[-67.852128,-16.7458227],[-67.8598111,-16.7358985],[-67.8664417,-16.7253006],[-67.8719561,-16.7141312],[-67.8763012,-16.7024977],[-67.879435,-16.6905122],[-67.8813275,-16.6782902],[-67.8819603,-16.6659494],[-67.8813275,-16.6536085],[-67.879435,-16.6413865],[-67.8763012,-16.6294011],[-67.8719561,-16.6177676],[-67.8664417,-16.6065982],[-67.8598111,-16.5960003],[-67.852128,-16.5860761],[-67.8434666,-16.5769211],[-67.8339101,-16.5686235],[-67.8235508,-16.5612632],[-67.8124882,-16.5549111],[-67.800829,-16.5496283],[-67.7886854,-16.5454658],[-67.7761744,-16.5424636],[-67.7634165,-16.5406506],[-67.7505345,-16.5400444]]]},"properties":{"name":"Cerro Silla Pata","local_name":"Cerro Silla Pata","english_name":"Cerro Silla Pata","search_name":"Cerro Silla Pata Cerro Silla Pata Cerro Silla Pata Cerro Silla Pata Cerro Silla Pata Cerro Silla Pata","peak_elev":5451,"radius_m":14000,"layer":"平均突起响应半径","rank_pct":0.096,"center_lon":-67.75053448641647,"center_lat":-16.66594939286322,"max_mean_jut":412.5041,"max_ats":208.0374,"r_jmean_peak":14000,"r_ats_peak":15000,"r_ats_marginal":812.5,"ats_marginal_rate_max":0.057499,"ats_marginal_interval_start":750,"ats_marginal_interval_end":875,"ats_marginal_ats_mean":23.8713}},{"type":"Feature","geometry":{"type":"Polygon","coordinates":[[[-73.4169276,-49.1994694],[-73.398671,-49.200054],[-73.3805901,-49.2018022],[-73.3628592,-49.2046972],[-73.345649,-49.208711],[-73.3291253,-49.2138051],[-73.3134471,-49.2199304],[-73.2987655,-49.2270278],[-73.2852219,-49.2350291],[-73.2729467,-49.2438571],[-73.2620581,-49.2534269],[-73.2526609,-49.2636462],[-73.2448458,-49.2744168],[-73.2386879,-49.2856348],[-73.2342465,-49.2971922],[-73.2315645,-49.3089777],[-73.2306676,-49.3208778],[-73.2315645,-49.3327779],[-73.2342465,-49.3445634],[-73.2386879,-49.3561208],[-73.2448458,-49.3673388],[-73.2526609,-49.3781093],[-73.2620581,-49.3883287],[-73.2729467,-49.3978985],[-73.2852219,-49.4067265],[-73.2987655,-49.4147278],[-73.3134471,-49.4218252],[-73.3291253,-49.4279504],[-73.345649,-49.4330445],[-73.3628592,-49.4370584],[-73.3805901,-49.4399534],[-73.398671,-49.4417016],[-73.4169276,-49.4422862],[-73.4351843,-49.4417016],[-73.4532652,-49.4399534],[-73.4709961,-49.4370584],[-73.4882063,-49.4330445],[-73.50473,-49.4279504],[-73.5204082,-49.4218252],[-73.5350898,-49.4147278],[-73.5486334,-49.4067265],[-73.5609086,-49.3978985],[-73.5717972,-49.3883287],[-73.5811943,-49.3781093],[-73.5890095,-49.3673388],[-73.5951674,-49.3561208],[-73.5996087,-49.3445634],[-73.6022908,-49.3327779],[-73.6031877,-49.3208778],[-73.6022908,-49.3089777],[-73.5996087,-49.2971922],[-73.5951674,-49.2856348],[-73.5890095,-49.2744168],[-73.5811943,-49.2636462],[-73.5717972,-49.2534269],[-73.5609086,-49.2438571],[-73.5486334,-49.2350291],[-73.5350898,-49.2270278],[-73.5204082,-49.2199304],[-73.50473,-49.2138051],[-73.4882063,-49.208711],[-73.4709961,-49.2046972],[-73.4532652,-49.2018022],[-73.4351843,-49.200054],[-73.4169276,-49.1994694]]]},"properties":{"name":"Cerro Hernán Merino Correa","local_name":"Cerro Hernán Merino Correa","english_name":"Cerro Hernán Merino Correa","search_name":"Cerro Hernán Merino Correa Cerro Hernán Merino Correa Cerro Hernán Merino Correa Cerro Hernán Merino Correa Cerro Hernán Merino Correa Cerro Hernán Merino Correa","peak_elev":3485,"radius_m":13500,"layer":"平均突起响应半径","rank_pct":0.1147,"center_lon":-73.41692763558558,"center_lat":-49.32087778047718,"max_mean_jut":315.3687,"max_ats":219.2361,"r_jmean_peak":13500,"r_ats_peak":18000,"r_ats_marginal":1187.5,"ats_marginal_rate_max":0.055803,"ats_marginal_interval_start":1125,"ats_marginal_interval_end":1250,"ats_marginal_ats_mean":27.8259}},{"type":"Feature","geometry":{"type":"Polygon","coordinates":[[[-75.8731013,-12.5382345],[-75.8609047,-12.5388191],[-75.8488255,-12.5405673],[-75.8369801,-12.5434623],[-75.8254826,-12.5474761],[-75.8144437,-12.5525702],[-75.8039697,-12.5586955],[-75.7941615,-12.5657929],[-75.7851135,-12.5737942],[-75.7769129,-12.5826222],[-75.7696386,-12.592192],[-75.7633607,-12.6024114],[-75.7581397,-12.6131819],[-75.7540258,-12.6243999],[-75.7510587,-12.6359573],[-75.749267,-12.6477428],[-75.7486678,-12.6596429],[-75.749267,-12.671543],[-75.7510587,-12.6833285],[-75.7540258,-12.6948859],[-75.7581397,-12.7061039],[-75.7633607,-12.7168744],[-75.7696386,-12.7270938],[-75.7769129,-12.7366636],[-75.7851135,-12.7454916],[-75.7941615,-12.7534929],[-75.8039697,-12.7605903],[-75.8144437,-12.7667156],[-75.8254826,-12.7718096],[-75.8369801,-12.7758235],[-75.8488255,-12.7787185],[-75.8609047,-12.7804667],[-75.8731013,-12.7810513],[-75.8852979,-12.7804667],[-75.8973771,-12.7787185],[-75.9092224,-12.7758235],[-75.9207199,-12.7718096],[-75.9317588,-12.7667156],[-75.9422328,-12.7605903],[-75.9520411,-12.7534929],[-75.9610891,-12.7454916],[-75.9692897,-12.7366636],[-75.976564,-12.7270938],[-75.9828418,-12.7168744],[-75.9880628,-12.7061039],[-75.9921767,-12.6948859],[-75.9951438,-12.6833285],[-75.9969356,-12.671543],[-75.9975348,-12.6596429],[-75.9969356,-12.6477428],[-75.9951438,-12.6359573],[-75.9921767,-12.6243999],[-75.9880628,-12.6131819],[-75.9828418,-12.6024114],[-75.976564,-12.592192],[-75.9692897,-12.5826222],[-75.9610891,-12.5737942],[-75.9520411,-12.5657929],[-75.9422328,-12.5586955],[-75.9317588,-12.5525702],[-75.9207199,-12.5474761],[-75.9092224,-12.5434623],[-75.8973771,-12.5405673],[-75.8852979,-12.5388191],[-75.8731013,-12.5382345]]]},"properties":{"name":"Cerro Palmadera Punta","local_name":"Cerro Palmadera Punta","english_name":"Cerro Palmadera Punta","search_name":"Cerro Palmadera Punta Cerro Palmadera Punta Cerro Palmadera Punta Cerro Palmadera Punta Cerro Palmadera Punta Cerro Palmadera Punta","peak_elev":4583,"radius_m":13500,"layer":"平均突起响应半径","rank_pct":0.1147,"center_lon":-75.87310128542518,"center_lat":-12.659642888746976,"max_mean_jut":215.9704,"max_ats":70.4848,"r_jmean_peak":13500,"r_ats_peak":13500,"r_ats_marginal":1062.5,"ats_marginal_rate_max":0.027104,"ats_marginal_interval_start":1000,"ats_marginal_interval_end":1125,"ats_marginal_ats_mean":16.6778}},{"type":"Feature","geometry":{"type":"Polygon","coordinates":[[[-71.9330904,-15.3770904],[-71.9207413,-15.377675],[-71.9085111,-15.3794233],[-71.8965176,-15.3823182],[-71.8848763,-15.3863321],[-71.8736993,-15.3914262],[-71.8630943,-15.3975514],[-71.8531634,-15.4046489],[-71.8440023,-15.4126501],[-71.8356991,-15.4214782],[-71.8283338,-15.4310479],[-71.8219774,-15.4412673],[-71.8166911,-15.4520379],[-71.8125258,-15.4632558],[-71.8095216,-15.4748132],[-71.8077074,-15.4865987],[-71.8071007,-15.4984988],[-71.8077074,-15.510399],[-71.8095216,-15.5221845],[-71.8125258,-15.5337419],[-71.8166911,-15.5449598],[-71.8219774,-15.5557304],[-71.8283338,-15.5659498],[-71.8356991,-15.5755195],[-71.8440023,-15.5843476],[-71.8531634,-15.5923488],[-71.8630943,-15.5994463],[-71.8736993,-15.6055715],[-71.8848763,-15.6106656],[-71.8965176,-15.6146795],[-71.9085111,-15.6175744],[-71.9207413,-15.6193227],[-71.9330904,-15.6199073],[-71.9454396,-15.6193227],[-71.9576698,-15.6175744],[-71.9696633,-15.6146795],[-71.9813046,-15.6106656],[-71.9924816,-15.6055715],[-72.0030866,-15.5994463],[-72.0130175,-15.5923488],[-72.0221786,-15.5843476],[-72.0304818,-15.5755195],[-72.0378471,-15.5659498],[-72.0442035,-15.5557304],[-72.0494898,-15.5449598],[-72.0536551,-15.5337419],[-72.0566593,-15.5221845],[-72.0584735,-15.510399],[-72.0590802,-15.4984988],[-72.0584735,-15.4865987],[-72.0566593,-15.4748132],[-72.0536551,-15.4632558],[-72.0494898,-15.4520379],[-72.0442035,-15.4412673],[-72.0378471,-15.4310479],[-72.0304818,-15.4214782],[-72.0221786,-15.4126501],[-72.0130175,-15.4046489],[-72.0030866,-15.3975514],[-71.9924816,-15.3914262],[-71.9813046,-15.3863321],[-71.9696633,-15.3823182],[-71.9576698,-15.3794233],[-71.9454396,-15.377675],[-71.9330904,-15.3770904]]]},"properties":{"name":"Cerro Tuyunima","local_name":"Cerro Tuyunima","english_name":"Cerro Tuyunima","search_name":"Cerro Tuyunima Cerro Tuyunima Cerro Tuyunima Cerro Tuyunima Cerro Tuyunima Cerro Tuyunima","peak_elev":5395,"radius_m":13500,"layer":"平均突起响应半径","rank_pct":0.1147,"center_lon":-71.93309044927696,"center_lat":-15.498498849621487,"max_mean_jut":148.6582,"max_ats":42.435,"r_jmean_peak":13500,"r_ats_peak":14000,"r_ats_marginal":437.5,"ats_marginal_rate_max":0.038153,"ats_marginal_interval_start":375,"ats_marginal_interval_end":500,"ats_marginal_ats_mean":10.7104}},{"type":"Feature","geometry":{"type":"Polygon","coordinates":[[[-74.8274623,-11.8224569],[-74.8152989,-11.8230415],[-74.8032526,-11.8247897],[-74.7914394,-11.8276847],[-74.7799732,-11.8316985],[-74.7689643,-11.8367926],[-74.7585188,-11.8429179],[-74.7487373,-11.8500153],[-74.7397139,-11.8580166],[-74.7315356,-11.8668446],[-74.7242811,-11.8764144],[-74.7180203,-11.8866337],[-74.7128135,-11.8974043],[-74.7087108,-11.9086223],[-74.7057518,-11.9201797],[-74.7039649,-11.9319652],[-74.7033673,-11.9438653],[-74.7039649,-11.9557654],[-74.7057518,-11.9675509],[-74.7087108,-11.9791083],[-74.7128135,-11.9903263],[-74.7180203,-12.0010968],[-74.7242811,-12.0113162],[-74.7315356,-12.020886],[-74.7397139,-12.029714],[-74.7487373,-12.0377152],[-74.7585188,-12.0448127],[-74.7689643,-12.0509379],[-74.7799732,-12.056032],[-74.7914394,-12.0600459],[-74.8032526,-12.0629409],[-74.8152989,-12.0646891],[-74.8274623,-12.0652737],[-74.8396257,-12.0646891],[-74.851672,-12.0629409],[-74.8634852,-12.0600459],[-74.8749514,-12.056032],[-74.8859603,-12.0509379],[-74.8964058,-12.0448127],[-74.9061873,-12.0377152],[-74.9152107,-12.029714],[-74.923389,-12.020886],[-74.9306435,-12.0113162],[-74.9369043,-12.0010968],[-74.9421111,-11.9903263],[-74.9462138,-11.9791083],[-74.9491728,-11.9675509],[-74.9509597,-11.9557654],[-74.9515573,-11.9438653],[-74.9509597,-11.9319652],[-74.9491728,-11.9201797],[-74.9462138,-11.9086223],[-74.9421111,-11.8974043],[-74.9369043,-11.8866337],[-74.9306435,-11.8764144],[-74.923389,-11.8668446],[-74.9152107,-11.8580166],[-74.9061873,-11.8500153],[-74.8964058,-11.8429179],[-74.8859603,-11.8367926],[-74.8749514,-11.8316985],[-74.8634852,-11.8276847],[-74.851672,-11.8247897],[-74.8396257,-11.8230415],[-74.8274623,-11.8224569]]]},"properties":{"name":"Nevado Lazo Tumi","local_name":"Nevado Lazo Tumi","english_name":"Nevado Lazo Tumi","search_name":"Nevado Lazo Tumi Nevado Lazo Tumi Nevado Lazo Tumi Nevado Lazo Tumi Nevado Lazo Tumi Nevado Lazo Tumi","peak_elev":5218,"radius_m":13500,"layer":"平均突起响应半径","rank_pct":0.1147,"center_lon":-74.82746229471006,"center_lat":-11.943865270360542,"max_mean_jut":379.4,"max_ats":174.8918,"r_jmean_peak":13500,"r_ats_peak":13000,"r_ats_marginal":437.5,"ats_marginal_rate_max":0.108349,"ats_marginal_interval_start":375,"ats_marginal_interval_end":500,"ats_marginal_ats_mean":29.8924}},{"type":"Feature","geometry":{"type":"Polygon","coordinates":[[[-73.4460331,-15.2046139],[-73.4336941,-15.2051985],[-73.4214741,-15.2069467],[-73.4094905,-15.2098417],[-73.3978589,-15.2138556],[-73.3866912,-15.2189497],[-73.376095,-15.2250749],[-73.3661723,-15.2321723],[-73.3570188,-15.2401736],[-73.3487225,-15.2490016],[-73.3413633,-15.2585714],[-73.3350122,-15.2687908],[-73.3297303,-15.2795613],[-73.3255684,-15.2907793],[-73.3225667,-15.3023367],[-73.320754,-15.3141222],[-73.3201478,-15.3260223],[-73.320754,-15.3379224],[-73.3225667,-15.3497079],[-73.3255684,-15.3612653],[-73.3297303,-15.3724833],[-73.3350122,-15.3832538],[-73.3413633,-15.3934732],[-73.3487225,-15.403043],[-73.3570188,-15.411871],[-73.3661723,-15.4198723],[-73.376095,-15.4269697],[-73.3866912,-15.433095],[-73.3978589,-15.4381891],[-73.4094905,-15.4422029],[-73.4214741,-15.4450979],[-73.4336941,-15.4468461],[-73.4460331,-15.4474307],[-73.458372,-15.4468461],[-73.470592,-15.4450979],[-73.4825756,-15.4422029],[-73.4942072,-15.4381891],[-73.5053749,-15.433095],[-73.5159711,-15.4269697],[-73.5258938,-15.4198723],[-73.5350473,-15.411871],[-73.5433436,-15.403043],[-73.5507028,-15.3934732],[-73.5570539,-15.3832538],[-73.5623358,-15.3724833],[-73.5664977,-15.3612653],[-73.5694994,-15.3497079],[-73.5713121,-15.3379224],[-73.5719183,-15.3260223],[-73.5713121,-15.3141222],[-73.5694994,-15.3023367],[-73.5664977,-15.2907793],[-73.5623358,-15.2795613],[-73.5570539,-15.2687908],[-73.5507028,-15.2585714],[-73.5433436,-15.2490016],[-73.5350473,-15.2401736],[-73.5258938,-15.2321723],[-73.5159711,-15.2250749],[-73.5053749,-15.2189497],[-73.4942072,-15.2138556],[-73.4825756,-15.2098417],[-73.470592,-15.2069467],[-73.458372,-15.2051985],[-73.4460331,-15.2046139]]]},"properties":{"name":"Nevado Sara Sara","local_name":"Nevado Sara Sara","english_name":"Nevado Sara Sara","search_name":"Nevado Sara Sara Nevado Sara Sara Nevado Sara Sara Nevado Sara Sara Nevado Sara Sara Nevado Sara Sara","peak_elev":5488,"radius_m":13500,"layer":"平均突起响应半径","rank_pct":0.1147,"center_lon":-73.44603305079106,"center_lat":-15.32602231507054,"max_mean_jut":343.8263,"max_ats":177.9612,"r_jmean_peak":13500,"r_ats_peak":13000,"r_ats_marginal":1312.5,"ats_marginal_rate_max":0.066078,"ats_marginal_interval_start":1250,"ats_marginal_interval_end":1375,"ats_marginal_ats_mean":57.7501}},{"type":"Feature","geometry":{"type":"Polygon","coordinates":[[[-73.3376962,-13.4218224],[-73.3259093,-13.4223854],[-73.3142359,-13.4240688],[-73.3027885,-13.4268566],[-73.2916772,-13.4307218],[-73.2810092,-13.4356272],[-73.270887,-13.4415256],[-73.2614083,-13.4483602],[-73.2526642,-13.4560651],[-73.2447391,-13.4645662],[-73.2377092,-13.4737815],[-73.2316422,-13.4836224],[-73.2265965,-13.493994],[-73.2226209,-13.5047965],[-73.2197534,-13.5159259],[-73.2180219,-13.5272749],[-73.2174428,-13.5387342],[-73.2180219,-13.5501936],[-73.2197534,-13.5615426],[-73.2226209,-13.5726719],[-73.2265965,-13.5834744],[-73.2316422,-13.5938461],[-73.2377092,-13.6036869],[-73.2447391,-13.6129023],[-73.2526642,-13.6214034],[-73.2614083,-13.6291083],[-73.270887,-13.6359428],[-73.2810092,-13.6418412],[-73.2916772,-13.6467467],[-73.3027885,-13.6506119],[-73.3142359,-13.6533996],[-73.3259093,-13.6550831],[-73.3376962,-13.655646],[-73.3494831,-13.6550831],[-73.3611565,-13.6533996],[-73.372604,-13.6506119],[-73.3837152,-13.6467467],[-73.3943833,-13.6418412],[-73.4045055,-13.6359428],[-73.4139842,-13.6291083],[-73.4227282,-13.6214034],[-73.4306534,-13.6129023],[-73.4376833,-13.6036869],[-73.4437503,-13.5938461],[-73.4487959,-13.5834744],[-73.4527716,-13.5726719],[-73.455639,-13.5615426],[-73.4573706,-13.5501936],[-73.4579497,-13.5387342],[-73.4573706,-13.5272749],[-73.455639,-13.5159259],[-73.4527716,-13.5047965],[-73.4487959,-13.493994],[-73.4437503,-13.4836224],[-73.4376833,-13.4737815],[-73.4306534,-13.4645662],[-73.4227282,-13.4560651],[-73.4139842,-13.4483602],[-73.4045055,-13.4415256],[-73.3943833,-13.4356272],[-73.3837152,-13.4307218],[-73.372604,-13.4268566],[-73.3611565,-13.4240688],[-73.3494831,-13.4223854],[-73.3376962,-13.4218224]]]},"properties":{"name":"Cerro Huiscachayoc","local_name":"Cerro Huiscachayoc","english_name":"Cerro Huiscachayoc","search_name":"Cerro Huiscachayoc Cerro Huiscachayoc Cerro Huiscachayoc Cerro Huiscachayoc Cerro Huiscachayoc Cerro Huiscachayoc","peak_elev":3917,"radius_m":13000,"layer":"平均突起响应半径","rank_pct":0.128,"center_lon":-73.33769622752624,"center_lat":-13.53873422578634,"max_mean_jut":161.1749,"max_ats":57.1126,"r_jmean_peak":13000,"r_ats_peak":13500,"r_ats_marginal":437.5,"ats_marginal_rate_max":0.02445,"ats_marginal_interval_start":375,"ats_marginal_interval_end":500,"ats_marginal_ats_mean":10.0407}},{"type":"Feature","geometry":{"type":"Polygon","coordinates":[[[-73.3452421,-46.4788367],[-73.3285652,-46.4793997],[-73.312049,-46.4810832],[-73.2958524,-46.4838709],[-73.2801314,-46.4877361],[-73.2650376,-46.4926415],[-73.2507161,-46.4985399],[-73.237305,-46.5053745],[-73.2249333,-46.5130794],[-73.2137203,-46.5215805],[-73.2037739,-46.5307958],[-73.19519,-46.5406367],[-73.1880511,-46.5510083],[-73.1824261,-46.5618108],[-73.178369,-46.5729402],[-73.1759191,-46.5842892],[-73.1750998,-46.5957485],[-73.1759191,-46.6072079],[-73.178369,-46.6185569],[-73.1824261,-46.6296862],[-73.1880511,-46.6404887],[-73.19519,-46.6508604],[-73.2037739,-46.6607013],[-73.2137203,-46.6699166],[-73.2249333,-46.6784177],[-73.237305,-46.6861226],[-73.2507161,-46.6929572],[-73.2650376,-46.6988555],[-73.2801314,-46.703761],[-73.2958524,-46.7076262],[-73.312049,-46.7104139],[-73.3285652,-46.7120974],[-73.3452421,-46.7126603],[-73.3619189,-46.7120974],[-73.3784352,-46.7104139],[-73.3946318,-46.7076262],[-73.4103527,-46.703761],[-73.4254466,-46.6988555],[-73.4397681,-46.6929572],[-73.4531792,-46.6861226],[-73.4655508,-46.6784177],[-73.4767638,-46.6699166],[-73.4867102,-46.6607013],[-73.4952942,-46.6508604],[-73.502433,-46.6404887],[-73.5080581,-46.6296862],[-73.5121151,-46.6185569],[-73.5145651,-46.6072079],[-73.5153844,-46.5957485],[-73.5145651,-46.5842892],[-73.5121151,-46.5729402],[-73.5080581,-46.5618108],[-73.502433,-46.5510083],[-73.4952942,-46.5406367],[-73.4867102,-46.5307958],[-73.4767638,-46.5215805],[-73.4655508,-46.5130794],[-73.4531792,-46.5053745],[-73.4397681,-46.4985399],[-73.4254466,-46.4926415],[-73.4103527,-46.4877361],[-73.3946318,-46.4838709],[-73.3784352,-46.4810832],[-73.3619189,-46.4793997],[-73.3452421,-46.4788367]]]},"properties":{"name":"Cerro San Valentín","local_name":"Cerro San Valentín","english_name":"Cerro San Valentín","search_name":"Cerro San Valentín Cerro San Valentín Cerro San Valentín Cerro San Valentín Cerro San Valentín Cerro San Valentín","peak_elev":4015,"radius_m":13000,"layer":"平均突起响应半径","rank_pct":0.128,"center_lon":-73.34524207591285,"center_lat":-46.5957485345722,"max_mean_jut":663.3687,"max_ats":428.4463,"r_jmean_peak":13000,"r_ats_peak":15500,"r_ats_marginal":1312.5,"ats_marginal_rate_max":0.136653,"ats_marginal_interval_start":1250,"ats_marginal_interval_end":1375,"ats_marginal_ats_mean":121.7455}},{"type":"Feature","geometry":{"type":"Polygon","coordinates":[[[-67.7839518,-16.5379883],[-67.7719907,-16.5385513],[-67.7601447,-16.5402347],[-67.748528,-16.5430225],[-67.7372525,-16.5468877],[-67.7264267,-16.5517931],[-67.7161549,-16.5576915],[-67.706536,-16.5645261],[-67.6976627,-16.572231],[-67.6896204,-16.580732],[-67.6824866,-16.5899474],[-67.6763299,-16.5997883],[-67.6712097,-16.6101599],[-67.6671752,-16.6209624],[-67.6642654,-16.6320918],[-67.6625082,-16.6434408],[-67.6619206,-16.6549001],[-67.6625082,-16.6663595],[-67.6642654,-16.6777085],[-67.6671752,-16.6888378],[-67.6712097,-16.6996403],[-67.6763299,-16.710012],[-67.6824866,-16.7198528],[-67.6896204,-16.7290682],[-67.6976627,-16.7375692],[-67.706536,-16.7452742],[-67.7161549,-16.7521087],[-67.7264267,-16.7580071],[-67.7372525,-16.7629125],[-67.748528,-16.7667777],[-67.7601447,-16.7695655],[-67.7719907,-16.771249],[-67.7839518,-16.7718119],[-67.795913,-16.771249],[-67.8077589,-16.7695655],[-67.8193756,-16.7667777],[-67.8306511,-16.7629125],[-67.8414769,-16.7580071],[-67.8517487,-16.7521087],[-67.8613676,-16.7452742],[-67.8702409,-16.7375692],[-67.8782832,-16.7290682],[-67.8854171,-16.7198528],[-67.8915737,-16.710012],[-67.896694,-16.6996403],[-67.9007284,-16.6888378],[-67.9036382,-16.6777085],[-67.9053954,-16.6663595],[-67.905983,-16.6549001],[-67.9053954,-16.6434408],[-67.9036382,-16.6320918],[-67.9007284,-16.6209624],[-67.896694,-16.6101599],[-67.8915737,-16.5997883],[-67.8854171,-16.5899474],[-67.8782832,-16.580732],[-67.8702409,-16.572231],[-67.8613676,-16.5645261],[-67.8517487,-16.5576915],[-67.8414769,-16.5517931],[-67.8306511,-16.5468877],[-67.8193756,-16.5430225],[-67.8077589,-16.5402347],[-67.795913,-16.5385513],[-67.7839518,-16.5379883]]]},"properties":{"name":"Nevado Illimani","local_name":"Nevado Illimani","english_name":"Nevado Illimani","search_name":"Nevado Illimani Nevado Illimani Nevado Illimani Nevado Illimani Nevado Illimani Nevado Illimani","peak_elev":6410,"radius_m":13000,"layer":"平均突起响应半径","rank_pct":0.128,"center_lon":-67.78395181498571,"center_lat":-16.654900114868546,"max_mean_jut":774.6263,"max_ats":457.7894,"r_jmean_peak":13000,"r_ats_peak":13500,"r_ats_marginal":187.5,"ats_marginal_rate_max":0.132661,"ats_marginal_interval_start":125,"ats_marginal_interval_end":250,"ats_marginal_ats_mean":12.5064}},{"type":"Feature","geometry":{"type":"Polygon","coordinates":[[[-77.7819314,-7.4950127],[-77.770815,-7.495554],[-77.7598056,-7.4971727],[-77.7490093,-7.4998533],[-77.73853,-7.5035698],[-77.7284687,-7.5082865],[-77.7189223,-7.5139581],[-77.7099827,-7.5205298],[-77.701736,-7.5279383],[-77.6942617,-7.5361125],[-77.6876316,-7.5449734],[-77.6819097,-7.5544357],[-77.6771511,-7.5644085],[-77.6734016,-7.5747955],[-77.6706972,-7.5854968],[-77.6690641,-7.5964093],[-77.668518,-7.6074279],[-77.6690641,-7.6184465],[-77.6706972,-7.629359],[-77.6734016,-7.6400603],[-77.6771511,-7.6504473],[-77.6819097,-7.6604201],[-77.6876316,-7.6698824],[-77.6942617,-7.6787433],[-77.701736,-7.6869175],[-77.7099827,-7.694326],[-77.7189223,-7.7008977],[-77.7284687,-7.7065693],[-77.73853,-7.711286],[-77.7490093,-7.7150025],[-77.7598056,-7.7176831],[-77.770815,-7.7193018],[-77.7819314,-7.7198431],[-77.7930479,-7.7193018],[-77.8040573,-7.7176831],[-77.8148536,-7.7150025],[-77.8253329,-7.711286],[-77.8353941,-7.7065693],[-77.8449406,-7.7008977],[-77.8538801,-7.694326],[-77.8621268,-7.6869175],[-77.8696012,-7.6787433],[-77.8762312,-7.6698824],[-77.8819531,-7.6604201],[-77.8867118,-7.6504473],[-77.8904613,-7.6400603],[-77.8931656,-7.629359],[-77.8947987,-7.6184465],[-77.8953449,-7.6074279],[-77.8947987,-7.5964093],[-77.8931656,-7.5854968],[-77.8904613,-7.5747955],[-77.8867118,-7.5644085],[-77.8819531,-7.5544357],[-77.8762312,-7.5449734],[-77.8696012,-7.5361125],[-77.8621268,-7.5279383],[-77.8538801,-7.5205298],[-77.8449406,-7.5139581],[-77.8353941,-7.5082865],[-77.8253329,-7.5035698],[-77.8148536,-7.4998533],[-77.8040573,-7.4971727],[-77.7930479,-7.495554],[-77.7819314,-7.4950127]]]},"properties":{"name":"Cerro Chachacomas","local_name":"Cerro Chachacomas","english_name":"Cerro Chachacomas","search_name":"Cerro Chachacomas Cerro Chachacomas Cerro Chachacomas Cerro Chachacomas Cerro Chachacomas Cerro Chachacomas","peak_elev":3820,"radius_m":12500,"layer":"平均突起响应半径","rank_pct":0.136,"center_lon":-77.78193143265075,"center_lat":-7.607427899330374,"max_mean_jut":288.4987,"max_ats":149.5734,"r_jmean_peak":12500,"r_ats_peak":13000,"r_ats_marginal":187.5,"ats_marginal_rate_max":0.028889,"ats_marginal_interval_start":125,"ats_marginal_interval_end":250,"ats_marginal_ats_mean":3.3605}},{"type":"Feature","geometry":{"type":"Polygon","coordinates":[[[-74.7619751,-11.8516622],[-74.7507118,-11.8522035],[-74.739557,-11.8538222],[-74.7286181,-11.8565027],[-74.7180004,-11.8602193],[-74.7078063,-11.864936],[-74.6981338,-11.8706075],[-74.6890761,-11.8771792],[-74.6807205,-11.8845878],[-74.6731474,-11.8927619],[-74.6664298,-11.9016228],[-74.6606324,-11.9110852],[-74.6558109,-11.9210579],[-74.6520118,-11.931445],[-74.6492718,-11.9421462],[-74.6476171,-11.9530587],[-74.6470638,-11.9640774],[-74.6476171,-11.975096],[-74.6492718,-11.9860085],[-74.6520118,-11.9967098],[-74.6558109,-12.0070968],[-74.6606324,-12.0170695],[-74.6664298,-12.0265319],[-74.6731474,-12.0353928],[-74.6807205,-12.0435669],[-74.6890761,-12.0509755],[-74.6981338,-12.0575472],[-74.7078063,-12.0632187],[-74.7180004,-12.0679355],[-74.7286181,-12.071652],[-74.739557,-12.0743325],[-74.7507118,-12.0759513],[-74.7619751,-12.0764926],[-74.7732384,-12.0759513],[-74.7843932,-12.0743325],[-74.7953321,-12.071652],[-74.8059498,-12.0679355],[-74.8161439,-12.0632187],[-74.8258164,-12.0575472],[-74.8348741,-12.0509755],[-74.8432297,-12.0435669],[-74.8508028,-12.0353928],[-74.8575204,-12.0265319],[-74.8633179,-12.0170695],[-74.8681393,-12.0070968],[-74.8719384,-11.9967098],[-74.8746785,-11.9860085],[-74.8763331,-11.975096],[-74.8768864,-11.9640774],[-74.8763331,-11.9530587],[-74.8746785,-11.9421462],[-74.8719384,-11.931445],[-74.8681393,-11.9210579],[-74.8633179,-11.9110852],[-74.8575204,-11.9016228],[-74.8508028,-11.8927619],[-74.8432297,-11.8845878],[-74.8348741,-11.8771792],[-74.8258164,-11.8706075],[-74.8161439,-11.864936],[-74.8059498,-11.8602193],[-74.7953321,-11.8565027],[-74.7843932,-11.8538222],[-74.7732384,-11.8522035],[-74.7619751,-11.8516622]]]},"properties":{"name":"Cerro Yana Oroco","local_name":"Cerro Yana Oroco","english_name":"Cerro Yana Oroco","search_name":"Cerro Yana Oroco Cerro Yana Oroco Cerro Yana Oroco Cerro Yana Oroco Cerro Yana Oroco Cerro Yana Oroco","peak_elev":4310,"radius_m":12500,"layer":"平均突起响应半径","rank_pct":0.136,"center_lon":-74.76197511049774,"center_lat":-11.96407736425323,"max_mean_jut":307.3171,"max_ats":129.3423,"r_jmean_peak":12500,"r_ats_peak":13000,"r_ats_marginal":187.5,"ats_marginal_rate_max":0.069777,"ats_marginal_interval_start":125,"ats_marginal_interval_end":250,"ats_marginal_ats_mean":9.7606}},{"type":"Feature","geometry":{"type":"Polygon","coordinates":[[[-68.5415011,-15.7418165],[-68.5300468,-15.7423578],[-68.5187027,-15.7439765],[-68.5075783,-15.7466571],[-68.4967805,-15.7503736],[-68.4864134,-15.7550903],[-68.4765768,-15.7607619],[-68.4673655,-15.7673336],[-68.4588682,-15.7747422],[-68.4511666,-15.7829163],[-68.4443351,-15.7917772],[-68.4384392,-15.8012395],[-68.433536,-15.8112123],[-68.4296725,-15.8215993],[-68.4268859,-15.8323006],[-68.4252032,-15.8432131],[-68.4246405,-15.8542317],[-68.4252032,-15.8652503],[-68.4268859,-15.8761628],[-68.4296725,-15.8868641],[-68.433536,-15.8972511],[-68.4384392,-15.9072239],[-68.4443351,-15.9166862],[-68.4511666,-15.9255472],[-68.4588682,-15.9337213],[-68.4673655,-15.9411298],[-68.4765768,-15.9477015],[-68.4864134,-15.9533731],[-68.4967805,-15.9580898],[-68.5075783,-15.9618063],[-68.5187027,-15.9644869],[-68.5300468,-15.9661056],[-68.5415011,-15.9666469],[-68.5529554,-15.9661056],[-68.5642995,-15.9644869],[-68.5754239,-15.9618063],[-68.5862217,-15.9580898],[-68.5965888,-15.9533731],[-68.6064254,-15.9477015],[-68.6156367,-15.9411298],[-68.624134,-15.9337213],[-68.6318356,-15.9255472],[-68.6386671,-15.9166862],[-68.6445629,-15.9072239],[-68.6494662,-15.8972511],[-68.6533297,-15.8868641],[-68.6561162,-15.8761628],[-68.657799,-15.8652503],[-68.6583617,-15.8542317],[-68.657799,-15.8432131],[-68.6561162,-15.8323006],[-68.6533297,-15.8215993],[-68.6494662,-15.8112123],[-68.6445629,-15.8012395],[-68.6386671,-15.7917772],[-68.6318356,-15.7829163],[-68.624134,-15.7747422],[-68.6156367,-15.7673336],[-68.6064254,-15.7607619],[-68.5965888,-15.7550903],[-68.5862217,-15.7503736],[-68.5754239,-15.7466571],[-68.5642995,-15.7439765],[-68.5529554,-15.7423578],[-68.5415011,-15.7418165]]]},"properties":{"name":"Nevado Ancohuma","local_name":"Nevado Ancohuma","english_name":"Nevado Ancohuma","search_name":"Nevado Ancohuma Nevado Ancohuma Nevado Ancohuma Nevado Ancohuma Nevado Ancohuma Nevado Ancohuma","peak_elev":6403,"radius_m":12500,"layer":"平均突起响应半径","rank_pct":0.136,"center_lon":-68.5415010940837,"center_lat":-15.854231702132818,"max_mean_jut":403.4954,"max_ats":191.2624,"r_jmean_peak":12500,"r_ats_peak":13000,"r_ats_marginal":437.5,"ats_marginal_rate_max":0.184475,"ats_marginal_interval_start":375,"ats_marginal_interval_end":500,"ats_marginal_ats_mean":54.4687}},{"type":"Feature","geometry":{"type":"Polygon","coordinates":[[[-68.5353027,-15.7062432],[-68.5238504,-15.7067845],[-68.5125084,-15.7084032],[-68.5013859,-15.7110838],[-68.49059,-15.7148003],[-68.4802247,-15.7195171],[-68.4703899,-15.7251886],[-68.4611802,-15.7317603],[-68.4526844,-15.7391689],[-68.4449842,-15.747343],[-68.4381538,-15.7562039],[-68.432259,-15.7656663],[-68.4273566,-15.775639],[-68.4234938,-15.786026],[-68.4207077,-15.7967273],[-68.4190253,-15.8076398],[-68.4184627,-15.8186584],[-68.4190253,-15.829677],[-68.4207077,-15.8405895],[-68.4234938,-15.8512908],[-68.4273566,-15.8616779],[-68.432259,-15.8716506],[-68.4381538,-15.881113],[-68.4449842,-15.8899739],[-68.4526844,-15.898148],[-68.4611802,-15.9055565],[-68.4703899,-15.9121282],[-68.4802247,-15.9177998],[-68.49059,-15.9225165],[-68.5013859,-15.9262331],[-68.5125084,-15.9289136],[-68.5238504,-15.9305323],[-68.5353027,-15.9310736],[-68.546755,-15.9305323],[-68.5580971,-15.9289136],[-68.5692196,-15.9262331],[-68.5800155,-15.9225165],[-68.5903807,-15.9177998],[-68.6002156,-15.9121282],[-68.6094252,-15.9055565],[-68.6179211,-15.898148],[-68.6256213,-15.8899739],[-68.6324516,-15.881113],[-68.6383464,-15.8716506],[-68.6432488,-15.8616779],[-68.6471116,-15.8512908],[-68.6498977,-15.8405895],[-68.6515801,-15.829677],[-68.6521427,-15.8186584],[-68.6515801,-15.8076398],[-68.6498977,-15.7967273],[-68.6471116,-15.786026],[-68.6432488,-15.775639],[-68.6383464,-15.7656663],[-68.6324516,-15.7562039],[-68.6256213,-15.747343],[-68.6179211,-15.7391689],[-68.6094252,-15.7317603],[-68.6002156,-15.7251886],[-68.5903807,-15.7195171],[-68.5800155,-15.7148003],[-68.5692196,-15.7110838],[-68.5580971,-15.7084032],[-68.546755,-15.7067845],[-68.5353027,-15.7062432]]]},"properties":{"name":"Nevado Illampu","local_name":"Nevado Illampu","english_name":"Nevado Illampu","search_name":"Nevado Illampu Nevado Illampu Nevado Illampu Nevado Illampu Nevado Illampu Nevado Illampu","peak_elev":5791,"radius_m":12500,"layer":"平均突起响应半径","rank_pct":0.136,"center_lon":-68.53530271862327,"center_lat":-15.818658416881686,"max_mean_jut":228.432,"max_ats":89.4278,"r_jmean_peak":12500,"r_ats_peak":14500,"r_ats_marginal":4625.0,"ats_marginal_rate_max":0.02183,"ats_marginal_interval_start":4500,"ats_marginal_interval_end":4750,"ats_marginal_ats_mean":36.7311}},{"type":"Feature","geometry":{"type":"Polygon","coordinates":[[[-72.5755655,-12.8039712],[-72.5647133,-12.8044909],[-72.5539655,-12.8060449],[-72.5434258,-12.8086182],[-72.5331956,-12.812186],[-72.5233734,-12.8167141],[-72.5140539,-12.8221588],[-72.5053267,-12.8284676],[-72.497276,-12.8355799],[-72.4899793,-12.843427],[-72.4835068,-12.8519335],[-72.4779209,-12.8610173],[-72.4732753,-12.8705912],[-72.4696149,-12.8805627],[-72.4669748,-12.8908359],[-72.4653806,-12.9013119],[-72.4648474,-12.9118898],[-72.4653806,-12.9224677],[-72.4669748,-12.9329437],[-72.4696149,-12.9432169],[-72.4732753,-12.9531885],[-72.4779209,-12.9627623],[-72.4835068,-12.9718462],[-72.4899793,-12.9803527],[-72.497276,-12.9881998],[-72.5053267,-12.995312],[-72.5140539,-13.0016209],[-72.5233734,-13.0070655],[-72.5331956,-13.0115936],[-72.5434258,-13.0151615],[-72.5539655,-13.0177348],[-72.5647133,-13.0192888],[-72.5755655,-13.0198084],[-72.5864178,-13.0192888],[-72.5971656,-13.0177348],[-72.6077053,-13.0151615],[-72.6179355,-13.0115936],[-72.6277577,-13.0070655],[-72.6370772,-13.0016209],[-72.6458044,-12.995312],[-72.6538551,-12.9881998],[-72.6611518,-12.9803527],[-72.6676243,-12.9718462],[-72.6732102,-12.9627623],[-72.6778557,-12.9531885],[-72.6815162,-12.9432169],[-72.6841562,-12.9329437],[-72.6857505,-12.9224677],[-72.6862837,-12.9118898],[-72.6857505,-12.9013119],[-72.6841562,-12.8908359],[-72.6815162,-12.8805627],[-72.6778557,-12.8705912],[-72.6732102,-12.8610173],[-72.6676243,-12.8519335],[-72.6611518,-12.843427],[-72.6538551,-12.8355799],[-72.6458044,-12.8284676],[-72.6370772,-12.8221588],[-72.6277577,-12.8167141],[-72.6179355,-12.812186],[-72.6077053,-12.8086182],[-72.5971656,-12.8060449],[-72.5864178,-12.8044909],[-72.5755655,-12.8039712]]]},"properties":{"name":"Cerro Yuracmayo","local_name":"Cerro Yuracmayo","english_name":"Cerro Yuracmayo","search_name":"Cerro Yuracmayo Cerro Yuracmayo Cerro Yuracmayo Cerro Yuracmayo Cerro Yuracmayo Cerro Yuracmayo","peak_elev":4159,"radius_m":12000,"layer":"平均突起响应半径","rank_pct":0.1467,"center_lon":-72.57556554047923,"center_lat":-12.911889820527737,"max_mean_jut":405.0063,"max_ats":227.036,"r_jmean_peak":12000,"r_ats_peak":14000,"r_ats_marginal":187.5,"ats_marginal_rate_max":0.102794,"ats_marginal_interval_start":125,"ats_marginal_interval_end":250,"ats_marginal_ats_mean":10.0017}},{"type":"Feature","geometry":{"type":"Polygon","coordinates":[[[-77.9614148,-9.2826702],[-77.9511401,-9.2831682],[-77.9409644,-9.2846574],[-77.9309856,-9.2871235],[-77.9212999,-9.2905427],[-77.9120005,-9.2948821],[-77.9031769,-9.3000999],[-77.8949143,-9.3061459],[-77.8872921,-9.3129618],[-77.8803837,-9.3204819],[-77.8742557,-9.328634],[-77.8689671,-9.3373394],[-77.8645688,-9.3465143],[-77.8611032,-9.3560703],[-77.8586036,-9.3659155],[-77.8570942,-9.375955],[-77.8565894,-9.3860922],[-77.8570942,-9.3962293],[-77.8586036,-9.4062688],[-77.8611032,-9.416114],[-77.8645688,-9.42567],[-77.8689671,-9.4348449],[-77.8742557,-9.4435503],[-77.8803837,-9.4517024],[-77.8872921,-9.4592225],[-77.8949143,-9.4660384],[-77.9031769,-9.4720844],[-77.9120005,-9.4773022],[-77.9212999,-9.4816416],[-77.9309856,-9.4850608],[-77.9409644,-9.4875269],[-77.9511401,-9.4890161],[-77.9614148,-9.4895141],[-77.9716895,-9.4890161],[-77.9818652,-9.4875269],[-77.991844,-9.4850608],[-78.0015298,-9.4816416],[-78.0108292,-9.4773022],[-78.0196527,-9.4720844],[-78.0279154,-9.4660384],[-78.0355376,-9.4592225],[-78.042446,-9.4517024],[-78.048574,-9.4435503],[-78.0538626,-9.4348449],[-78.0582609,-9.42567],[-78.0617265,-9.416114],[-78.064226,-9.4062688],[-78.0657355,-9.3962293],[-78.0662402,-9.3860922],[-78.0657355,-9.375955],[-78.064226,-9.3659155],[-78.0617265,-9.3560703],[-78.0582609,-9.3465143],[-78.0538626,-9.3373394],[-78.048574,-9.328634],[-78.042446,-9.3204819],[-78.0355376,-9.3129618],[-78.0279154,-9.3061459],[-78.0196527,-9.3000999],[-78.0108292,-9.2948821],[-78.0015298,-9.2905427],[-77.991844,-9.2871235],[-77.9818652,-9.2846574],[-77.9716895,-9.2831682],[-77.9614148,-9.2826702]]]},"properties":{"name":"Cerro Diablopunta","local_name":"Cerro Diablopunta","english_name":"Cerro Diablopunta","search_name":"Cerro Diablopunta Cerro Diablopunta Cerro Diablopunta Cerro Diablopunta Cerro Diablopunta Cerro Diablopunta","peak_elev":3932,"radius_m":11500,"layer":"平均突起响应半径","rank_pct":0.1493,"center_lon":-77.96141482641782,"center_lat":-9.386092161887028,"max_mean_jut":294.9027,"max_ats":127.7276,"r_jmean_peak":11500,"r_ats_peak":11500,"r_ats_marginal":187.5,"ats_marginal_rate_max":0.044505,"ats_marginal_interval_start":125,"ats_marginal_interval_end":250,"ats_marginal_ats_mean":6.6093}},{"type":"Feature","geometry":{"type":"Polygon","coordinates":[[[-72.0651428,-15.3964243],[-72.0546231,-15.3969223],[-72.0442047,-15.3984116],[-72.0339879,-15.4008777],[-72.0240712,-15.4042969],[-72.01455,-15.4086363],[-72.0055161,-15.4138541],[-71.9970564,-15.4199],[-71.9892524,-15.4267159],[-71.9821792,-15.4342361],[-71.9759051,-15.4423881],[-71.9704903,-15.4510935],[-71.9659872,-15.4602684],[-71.9624389,-15.4698245],[-71.9598797,-15.4796697],[-71.9583343,-15.4897092],[-71.9578175,-15.4998463],[-71.9583343,-15.5099834],[-71.9598797,-15.520023],[-71.9624389,-15.5298681],[-71.9659872,-15.5394242],[-71.9704903,-15.5485991],[-71.9759051,-15.5573045],[-71.9821792,-15.5654565],[-71.9892524,-15.5729767],[-71.9970564,-15.5797926],[-72.0055161,-15.5858386],[-72.01455,-15.5910564],[-72.0240712,-15.5953958],[-72.0339879,-15.598815],[-72.0442047,-15.6012811],[-72.0546231,-15.6027703],[-72.0651428,-15.6032683],[-72.0756625,-15.6027703],[-72.0860809,-15.6012811],[-72.0962977,-15.598815],[-72.1062144,-15.5953958],[-72.1157356,-15.5910564],[-72.1247695,-15.5858386],[-72.1332292,-15.5797926],[-72.1410332,-15.5729767],[-72.1481064,-15.5654565],[-72.1543805,-15.5573045],[-72.1597952,-15.5485991],[-72.1642984,-15.5394242],[-72.1678467,-15.5298681],[-72.1704059,-15.520023],[-72.1719513,-15.5099834],[-72.1724681,-15.4998463],[-72.1719513,-15.4897092],[-72.1704059,-15.4796697],[-72.1678467,-15.4698245],[-72.1642984,-15.4602684],[-72.1597952,-15.4510935],[-72.1543805,-15.4423881],[-72.1481064,-15.4342361],[-72.1410332,-15.4267159],[-72.1332292,-15.4199],[-72.1247695,-15.4138541],[-72.1157356,-15.4086363],[-72.1062144,-15.4042969],[-72.0962977,-15.4008777],[-72.0860809,-15.3984116],[-72.0756625,-15.3969223],[-72.0651428,-15.3964243]]]},"properties":{"name":"Cerro Jesjapanca","local_name":"Cerro Jesjapanca","english_name":"Cerro Jesjapanca","search_name":"Cerro Jesjapanca Cerro Jesjapanca Cerro Jesjapanca Cerro Jesjapanca Cerro Jesjapanca Cerro Jesjapanca","peak_elev":5198,"radius_m":11500,"layer":"平均突起响应半径","rank_pct":0.1493,"center_lon":-72.06514279604252,"center_lat":-15.499846322547668,"max_mean_jut":197.828,"max_ats":59.4705,"r_jmean_peak":11500,"r_ats_peak":11500,"r_ats_marginal":312.5,"ats_marginal_rate_max":0.058548,"ats_marginal_interval_start":250,"ats_marginal_interval_end":375,"ats_marginal_ats_mean":18.3792}},{"type":"Feature","geometry":{"type":"Polygon","coordinates":[[[-69.8779247,-33.6312365],[-69.8657351,-33.6317345],[-69.8536629,-33.6332237],[-69.8418243,-33.6356898],[-69.8303333,-33.639109],[-69.8193008,-33.6434484],[-69.8088327,-33.6486662],[-69.7990301,-33.6547122],[-69.7899873,-33.6615281],[-69.7817914,-33.6690482],[-69.7745213,-33.6772003],[-69.768247,-33.6859057],[-69.7630289,-33.6950806],[-69.7589174,-33.7046366],[-69.755952,-33.7144818],[-69.7541613,-33.7245213],[-69.7535624,-33.7346584],[-69.7541613,-33.7447956],[-69.755952,-33.7548351],[-69.7589174,-33.7646803],[-69.7630289,-33.7742363],[-69.768247,-33.7834112],[-69.7745213,-33.7921166],[-69.7817914,-33.8002687],[-69.7899873,-33.8077888],[-69.7990301,-33.8146047],[-69.8088327,-33.8206507],[-69.8193008,-33.8258685],[-69.8303333,-33.8302079],[-69.8418243,-33.8336271],[-69.8536629,-33.8360932],[-69.8657351,-33.8375824],[-69.8779247,-33.8380804],[-69.8901144,-33.8375824],[-69.9021866,-33.8360932],[-69.9140252,-33.8336271],[-69.9255161,-33.8302079],[-69.9365487,-33.8258685],[-69.9470167,-33.8206507],[-69.9568194,-33.8146047],[-69.9658622,-33.8077888],[-69.9740581,-33.8002687],[-69.9813282,-33.7921166],[-69.9876025,-33.7834112],[-69.9928205,-33.7742363],[-69.9969321,-33.7646803],[-69.9998975,-33.7548351],[-70.0016882,-33.7447956],[-70.0022871,-33.7346584],[-70.0016882,-33.7245213],[-69.9998975,-33.7144818],[-69.9969321,-33.7046366],[-69.9928205,-33.6950806],[-69.9876025,-33.6859057],[-69.9813282,-33.6772003],[-69.9740581,-33.6690482],[-69.9658622,-33.6615281],[-69.9568194,-33.6547122],[-69.9470167,-33.6486662],[-69.9365487,-33.6434484],[-69.9255161,-33.639109],[-69.9140252,-33.6356898],[-69.9021866,-33.6332237],[-69.8901144,-33.6317345],[-69.8779247,-33.6312365]]]},"properties":{"name":"Cerro Marmolejo","local_name":"Cerro Marmolejo","english_name":"Cerro Marmolejo","search_name":"Cerro Marmolejo Cerro Marmolejo Cerro Marmolejo Cerro Marmolejo Cerro Marmolejo Cerro Marmolejo","peak_elev":6120,"radius_m":11500,"layer":"平均突起响应半径","rank_pct":0.1493,"center_lon":-69.87792474226832,"center_lat":-33.734658443361425,"max_mean_jut":502.2637,"max_ats":289.0204,"r_jmean_peak":11500,"r_ats_peak":14000,"r_ats_marginal":687.5,"ats_marginal_rate_max":0.098582,"ats_marginal_interval_start":625,"ats_marginal_interval_end":750,"ats_marginal_ats_mean":48.5186}},{"type":"Feature","geometry":{"type":"Polygon","coordinates":[[[-77.2680053,-10.3298413],[-77.258146,-10.3303177],[-77.2483817,-10.3317422],[-77.2388064,-10.334101],[-77.2295123,-10.3373716],[-77.2205889,-10.3415223],[-77.2121221,-10.3465133],[-77.2041935,-10.3522964],[-77.1968795,-10.3588159],[-77.1902505,-10.3660091],[-77.1843702,-10.3738067],[-77.1792954,-10.3821336],[-77.175075,-10.3909096],[-77.1717495,-10.4000502],[-77.169351,-10.4094673],[-77.1679026,-10.4190703],[-77.1674183,-10.4287667],[-77.1679026,-10.4384631],[-77.169351,-10.4480661],[-77.1717495,-10.4574832],[-77.175075,-10.4666238],[-77.1792954,-10.4753998],[-77.1843702,-10.4837267],[-77.1902505,-10.4915243],[-77.1968795,-10.4987175],[-77.2041935,-10.5052371],[-77.2121221,-10.5110202],[-77.2205889,-10.5160111],[-77.2295123,-10.5201618],[-77.2388064,-10.5234324],[-77.2483817,-10.5257913],[-77.258146,-10.5272157],[-77.2680053,-10.5276921],[-77.2778645,-10.5272157],[-77.2876288,-10.5257913],[-77.2972041,-10.5234324],[-77.3064982,-10.5201618],[-77.3154216,-10.5160111],[-77.3238884,-10.5110202],[-77.331817,-10.5052371],[-77.339131,-10.4987175],[-77.3457601,-10.4915243],[-77.3516403,-10.4837267],[-77.3567151,-10.4753998],[-77.3609355,-10.4666238],[-77.364261,-10.4574832],[-77.3666595,-10.4480661],[-77.3681079,-10.4384631],[-77.3685923,-10.4287667],[-77.3681079,-10.4190703],[-77.3666595,-10.4094673],[-77.364261,-10.4000502],[-77.3609355,-10.3909096],[-77.3567151,-10.3821336],[-77.3516403,-10.3738067],[-77.3457601,-10.3660091],[-77.339131,-10.3588159],[-77.331817,-10.3522964],[-77.3238884,-10.3465133],[-77.3154216,-10.3415223],[-77.3064982,-10.3373716],[-77.2972041,-10.334101],[-77.2876288,-10.3317422],[-77.2778645,-10.3303177],[-77.2680053,-10.3298413]]]},"properties":{"name":"Cerro Guanaco","local_name":"Cerro Guanaco","english_name":"Cerro Guanaco","search_name":"Cerro Guanaco Cerro Guanaco Cerro Guanaco Cerro Guanaco Cerro Guanaco Cerro Guanaco","peak_elev":5011,"radius_m":11000,"layer":"平均突起响应半径","rank_pct":0.1573,"center_lon":-77.26800525860597,"center_lat":-10.428766712164556,"max_mean_jut":368.2143,"max_ats":151.8709,"r_jmean_peak":11000,"r_ats_peak":15500,"r_ats_marginal":312.5,"ats_marginal_rate_max":0.070981,"ats_marginal_interval_start":250,"ats_marginal_interval_end":375,"ats_marginal_ats_mean":19.8805}},{"type":"Feature","geometry":{"type":"Polygon","coordinates":[[[-74.6522908,-11.664648],[-74.6423864,-11.6651244],[-74.6325774,-11.6665488],[-74.6229582,-11.6689077],[-74.6136215,-11.6721783],[-74.6046573,-11.676329],[-74.5961517,-11.6813199],[-74.5881869,-11.687103],[-74.5808393,-11.6936226],[-74.5741799,-11.7008158],[-74.5682728,-11.7086134],[-74.5631747,-11.7169403],[-74.5589349,-11.7257163],[-74.5555942,-11.7348569],[-74.5531848,-11.744274],[-74.5517297,-11.753877],[-74.5512432,-11.7635734],[-74.5517297,-11.7732698],[-74.5531848,-11.7828728],[-74.5555942,-11.7922899],[-74.5589349,-11.8014305],[-74.5631747,-11.8102065],[-74.5682728,-11.8185334],[-74.5741799,-11.826331],[-74.5808393,-11.8335242],[-74.5881869,-11.8400437],[-74.5961517,-11.8458268],[-74.6046573,-11.8508178],[-74.6136215,-11.8549685],[-74.6229582,-11.8582391],[-74.6325774,-11.8605979],[-74.6423864,-11.8620224],[-74.6522908,-11.8624988],[-74.6621952,-11.8620224],[-74.6720042,-11.8605979],[-74.6816234,-11.8582391],[-74.6909601,-11.8549685],[-74.6999244,-11.8508178],[-74.7084299,-11.8458268],[-74.7163948,-11.8400437],[-74.7237423,-11.8335242],[-74.7304017,-11.826331],[-74.7363089,-11.8185334],[-74.7414069,-11.8102065],[-74.7456467,-11.8014305],[-74.7489874,-11.7922899],[-74.7513969,-11.7828728],[-74.7528519,-11.7732698],[-74.7533385,-11.7635734],[-74.7528519,-11.753877],[-74.7513969,-11.744274],[-74.7489874,-11.7348569],[-74.7456467,-11.7257163],[-74.7414069,-11.7169403],[-74.7363089,-11.7086134],[-74.7304017,-11.7008158],[-74.7237423,-11.6936226],[-74.7163948,-11.687103],[-74.7084299,-11.6813199],[-74.6999244,-11.676329],[-74.6909601,-11.6721783],[-74.6816234,-11.6689077],[-74.6720042,-11.6665488],[-74.6621952,-11.6651244],[-74.6522908,-11.664648]]]},"properties":{"name":"Cerro Hualcará","local_name":"Cerro Hualcará","english_name":"Cerro Hualcará","search_name":"Cerro Hualcará Cerro Hualcará Cerro Hualcará Cerro Hualcará Cerro Hualcará Cerro Hualcará","peak_elev":4492,"radius_m":11000,"layer":"平均突起响应半径","rank_pct":0.1573,"center_lon":-74.65229081430675,"center_lat":-11.763573392837753,"max_mean_jut":230.3345,"max_ats":93.5438,"r_jmean_peak":11000,"r_ats_peak":2000,"r_ats_marginal":1437.5,"ats_marginal_rate_max":0.082426,"ats_marginal_interval_start":1375,"ats_marginal_interval_end":1500,"ats_marginal_ats_mean":71.8142}},{"type":"Feature","geometry":{"type":"Polygon","coordinates":[[[-72.3303255,-15.622715],[-72.3202522,-15.6231913],[-72.310276,-15.6246158],[-72.3004929,-15.6269747],[-72.2909971,-15.6302452],[-72.28188,-15.634396],[-72.2732295,-15.6393869],[-72.2651288,-15.64517],[-72.2576561,-15.6516896],[-72.2508831,-15.6588828],[-72.2448753,-15.6666804],[-72.2396904,-15.6750073],[-72.2353783,-15.6837833],[-72.2319807,-15.6929238],[-72.2295301,-15.702341],[-72.2280503,-15.711944],[-72.2275554,-15.7216404],[-72.2280503,-15.7313367],[-72.2295301,-15.7409397],[-72.2319807,-15.7503569],[-72.2353783,-15.7594975],[-72.2396904,-15.7682735],[-72.2448753,-15.7766004],[-72.2508831,-15.784398],[-72.2576561,-15.7915912],[-72.2651288,-15.7981107],[-72.2732295,-15.8038938],[-72.28188,-15.8088848],[-72.2909971,-15.8130355],[-72.3004929,-15.816306],[-72.310276,-15.8186649],[-72.3202522,-15.8200894],[-72.3303255,-15.8205657],[-72.3403987,-15.8200894],[-72.3503749,-15.8186649],[-72.360158,-15.816306],[-72.3696539,-15.8130355],[-72.3787709,-15.8088848],[-72.3874215,-15.8038938],[-72.3955221,-15.7981107],[-72.4029949,-15.7915912],[-72.4097678,-15.784398],[-72.4157756,-15.7766004],[-72.4209606,-15.7682735],[-72.4252726,-15.7594975],[-72.4286703,-15.7503569],[-72.4311208,-15.7409397],[-72.4326007,-15.7313367],[-72.4330955,-15.7216404],[-72.4326007,-15.711944],[-72.4311208,-15.702341],[-72.4286703,-15.6929238],[-72.4252726,-15.6837833],[-72.4209606,-15.6750073],[-72.4157756,-15.6666804],[-72.4097678,-15.6588828],[-72.4029949,-15.6516896],[-72.3955221,-15.64517],[-72.3874215,-15.6393869],[-72.3787709,-15.634396],[-72.3696539,-15.6302452],[-72.360158,-15.6269747],[-72.3503749,-15.6246158],[-72.3403987,-15.6231913],[-72.3303255,-15.622715]]]},"properties":{"name":"Cerro Pichillhuay","local_name":"Cerro Pichillhuay","english_name":"Cerro Pichillhuay","search_name":"Cerro Pichillhuay Cerro Pichillhuay Cerro Pichillhuay Cerro Pichillhuay Cerro Pichillhuay Cerro Pichillhuay","peak_elev":4226,"radius_m":11000,"layer":"平均突起响应半径","rank_pct":0.1573,"center_lon":-72.3303254679146,"center_lat":-15.721640366196777,"max_mean_jut":265.5612,"max_ats":98.1851,"r_jmean_peak":11000,"r_ats_peak":12000,"r_ats_marginal":312.5,"ats_marginal_rate_max":0.034035,"ats_marginal_interval_start":250,"ats_marginal_interval_end":375,"ats_marginal_ats_mean":11.9158}},{"type":"Feature","geometry":{"type":"Polygon","coordinates":[[[-70.2129065,-33.1344731],[-70.2013141,-33.1349495],[-70.1898334,-33.136374],[-70.1785749,-33.1387328],[-70.167647,-33.1420034],[-70.157155,-33.1461541],[-70.1471999,-33.1511451],[-70.1378776,-33.1569282],[-70.1292778,-33.1634477],[-70.1214835,-33.1706409],[-70.1145696,-33.1784385],[-70.1086027,-33.1867654],[-70.1036404,-33.1955414],[-70.0997303,-33.204682],[-70.0969102,-33.2140991],[-70.0952072,-33.2237021],[-70.0946377,-33.2333985],[-70.0952072,-33.2430949],[-70.0969102,-33.2526979],[-70.0997303,-33.262115],[-70.1036404,-33.2712556],[-70.1086027,-33.2800316],[-70.1145696,-33.2883585],[-70.1214835,-33.2961561],[-70.1292778,-33.3033493],[-70.1378776,-33.3098689],[-70.1471999,-33.315652],[-70.157155,-33.3206429],[-70.167647,-33.3247936],[-70.1785749,-33.3280642],[-70.1898334,-33.3304231],[-70.2013141,-33.3318475],[-70.2129065,-33.3323239],[-70.2244989,-33.3318475],[-70.2359796,-33.3304231],[-70.2472381,-33.3280642],[-70.258166,-33.3247936],[-70.2686581,-33.3206429],[-70.2786132,-33.315652],[-70.2879355,-33.3098689],[-70.2965352,-33.3033493],[-70.3043296,-33.2961561],[-70.3112435,-33.2883585],[-70.3172103,-33.2800316],[-70.3221727,-33.2712556],[-70.3260827,-33.262115],[-70.3289028,-33.2526979],[-70.3306059,-33.2430949],[-70.3311753,-33.2333985],[-70.3306059,-33.2237021],[-70.3289028,-33.2140991],[-70.3260827,-33.204682],[-70.3221727,-33.1955414],[-70.3172103,-33.1867654],[-70.3112435,-33.1784385],[-70.3043296,-33.1706409],[-70.2965352,-33.1634477],[-70.2879355,-33.1569282],[-70.2786132,-33.1511451],[-70.2686581,-33.1461541],[-70.258166,-33.1420034],[-70.2472381,-33.1387328],[-70.2359796,-33.136374],[-70.2244989,-33.1349495],[-70.2129065,-33.1344731]]]},"properties":{"name":"Cerro Plomo","local_name":"Cerro Plomo","english_name":"Cerro Plomo","search_name":"Cerro Plomo Cerro Plomo Cerro Plomo Cerro Plomo Cerro Plomo Cerro Plomo","peak_elev":5274,"radius_m":11000,"layer":"平均突起响应半径","rank_pct":0.1573,"center_lon":-70.21290651171648,"center_lat":-33.23339851482273,"max_mean_jut":347.4708,"max_ats":176.4452,"r_jmean_peak":11000,"r_ats_peak":11000,"r_ats_marginal":3625.0,"ats_marginal_rate_max":0.04101,"ats_marginal_interval_start":3500,"ats_marginal_interval_end":3750,"ats_marginal_ats_mean":78.9581}},{"type":"Feature","geometry":{"type":"Polygon","coordinates":[[[-71.9004816,-15.4340688],[-71.8904177,-15.4345451],[-71.8804506,-15.4359696],[-71.8706765,-15.4383285],[-71.8611894,-15.441599],[-71.8520807,-15.4457498],[-71.8434382,-15.4507407],[-71.835345,-15.4565238],[-71.8278791,-15.4630434],[-71.8211124,-15.4702366],[-71.8151101,-15.4780342],[-71.8099299,-15.4863611],[-71.8056219,-15.4951371],[-71.8022273,-15.5042776],[-71.799779,-15.5136948],[-71.7983006,-15.5232978],[-71.7978062,-15.5329942],[-71.7983006,-15.5426905],[-71.799779,-15.5522935],[-71.8022273,-15.5617107],[-71.8056219,-15.5708513],[-71.8099299,-15.5796273],[-71.8151101,-15.5879542],[-71.8211124,-15.5957518],[-71.8278791,-15.602945],[-71.835345,-15.6094645],[-71.8434382,-15.6152476],[-71.8520807,-15.6202385],[-71.8611894,-15.6243893],[-71.8706765,-15.6276598],[-71.8804506,-15.6300187],[-71.8904177,-15.6314432],[-71.9004816,-15.6319195],[-71.9105456,-15.6314432],[-71.9205126,-15.6300187],[-71.9302867,-15.6276598],[-71.9397738,-15.6243893],[-71.9488825,-15.6202385],[-71.957525,-15.6152476],[-71.9656182,-15.6094645],[-71.9730841,-15.602945],[-71.9798508,-15.5957518],[-71.9858531,-15.5879542],[-71.9910333,-15.5796273],[-71.9953414,-15.5708513],[-71.9987359,-15.5617107],[-72.0011842,-15.5522935],[-72.0026626,-15.5426905],[-72.0031571,-15.5329942],[-72.0026626,-15.5232978],[-72.0011842,-15.5136948],[-71.9987359,-15.5042776],[-71.9953414,-15.4951371],[-71.9910333,-15.4863611],[-71.9858531,-15.4780342],[-71.9798508,-15.4702366],[-71.9730841,-15.4630434],[-71.9656182,-15.4565238],[-71.957525,-15.4507407],[-71.9488825,-15.4457498],[-71.9397738,-15.441599],[-71.9302867,-15.4383285],[-71.9205126,-15.4359696],[-71.9105456,-15.4345451],[-71.9004816,-15.4340688]]]},"properties":{"name":"Cerro Sillane","local_name":"Cerro Sillane","english_name":"Cerro Sillane","search_name":"Cerro Sillane Cerro Sillane Cerro Sillane Cerro Sillane Cerro Sillane Cerro Sillane","peak_elev":5301,"radius_m":11000,"layer":"平均突起响应半径","rank_pct":0.1573,"center_lon":-71.90048160446342,"center_lat":-15.532994156531675,"max_mean_jut":175.7297,"max_ats":79.5683,"r_jmean_peak":11000,"r_ats_peak":875,"r_ats_marginal":312.5,"ats_marginal_rate_max":0.122879,"ats_marginal_interval_start":250,"ats_marginal_interval_end":375,"ats_marginal_ats_mean":33.6115}},{"type":"Feature","geometry":{"type":"Polygon","coordinates":[[[-71.0906504,8.6285637],[-71.0808455,8.6280874],[-71.0711351,8.6266629],[-71.0616127,8.6243041],[-71.0523699,8.6210335],[-71.0434957,8.6168828],[-71.0350757,8.6118918],[-71.0271909,8.6061087],[-71.0199172,8.5995892],[-71.0133247,8.592396],[-71.007477,8.5845984],[-71.0024302,8.5762715],[-70.998233,8.5674955],[-70.9949259,8.5583549],[-70.9925407,8.5489378],[-70.9911003,8.5393348],[-70.9906186,8.5296384],[-70.9911003,8.519942],[-70.9925407,8.510339],[-70.9949259,8.5009218],[-70.998233,8.4917813],[-71.0024302,8.4830053],[-71.007477,8.4746784],[-71.0133247,8.4668808],[-71.0199172,8.4596876],[-71.0271909,8.453168],[-71.0350757,8.4473849],[-71.0434957,8.442394],[-71.0523699,8.4382432],[-71.0616127,8.4349727],[-71.0711351,8.4326138],[-71.0808455,8.4311893],[-71.0906504,8.430713],[-71.1004552,8.4311893],[-71.1101656,8.4326138],[-71.1196881,8.4349727],[-71.1289309,8.4382432],[-71.137805,8.442394],[-71.1462251,8.4473849],[-71.1541099,8.453168],[-71.1613835,8.4596876],[-71.167976,8.4668808],[-71.1738238,8.4746784],[-71.1788705,8.4830053],[-71.1830677,8.4917813],[-71.1863748,8.5009218],[-71.1887601,8.510339],[-71.1902005,8.519942],[-71.1906822,8.5296384],[-71.1902005,8.5393348],[-71.1887601,8.5489378],[-71.1863748,8.5583549],[-71.1830677,8.5674955],[-71.1788705,8.5762715],[-71.1738238,8.5845984],[-71.167976,8.592396],[-71.1613835,8.5995892],[-71.1541099,8.6061087],[-71.1462251,8.6118918],[-71.137805,8.6168828],[-71.1289309,8.6210335],[-71.1196881,8.6243041],[-71.1101656,8.6266629],[-71.1004552,8.6280874],[-71.0906504,8.6285637]]]},"properties":{"name":"Pico El Toro","local_name":"Pico El Toro","english_name":"Pico El Toro","search_name":"Pico El Toro Pico El Toro Pico El Toro Pico El Toro Pico El Toro Pico El Toro","peak_elev":4662,"radius_m":11000,"layer":"平均突起响应半径","rank_pct":0.1573,"center_lon":-71.09065037582967,"center_lat":8.529638370007476,"max_mean_jut":454.3639,"max_ats":221.9773,"r_jmean_peak":11000,"r_ats_peak":12000,"r_ats_marginal":312.5,"ats_marginal_rate_max":0.089386,"ats_marginal_interval_start":250,"ats_marginal_interval_end":375,"ats_marginal_ats_mean":15.2814}},{"type":"Feature","geometry":{"type":"Polygon","coordinates":[[[-72.5216666,-12.72206],[-72.5121745,-12.7225147],[-72.5027738,-12.7238744],[-72.493555,-12.726126],[-72.484607,-12.7292479],[-72.4760158,-12.73321],[-72.4678644,-12.7379741],[-72.460231,-12.7434943],[-72.4531893,-12.7497175],[-72.4468071,-12.7565838],[-72.4411458,-12.7640269],[-72.43626,-12.7719753],[-72.4321967,-12.7803524],[-72.4289951,-12.7890775],[-72.4266859,-12.7980666],[-72.4252914,-12.8072331],[-72.4248251,-12.8164887],[-72.4252914,-12.8257444],[-72.4266859,-12.8349109],[-72.4289951,-12.8439],[-72.4321967,-12.8526251],[-72.43626,-12.8610022],[-72.4411458,-12.8689506],[-72.4468071,-12.8763937],[-72.4531893,-12.88326],[-72.460231,-12.8894832],[-72.4678644,-12.8950034],[-72.4760158,-12.8997675],[-72.484607,-12.9037295],[-72.493555,-12.9068514],[-72.5027738,-12.9091031],[-72.5121745,-12.9104628],[-72.5216666,-12.9109175],[-72.5311588,-12.9104628],[-72.5405595,-12.9091031],[-72.5497782,-12.9068514],[-72.5587263,-12.9037295],[-72.5673174,-12.8997675],[-72.5754689,-12.8950034],[-72.5831022,-12.8894832],[-72.5901439,-12.88326],[-72.5965261,-12.8763937],[-72.6021874,-12.8689506],[-72.6070732,-12.8610022],[-72.6111365,-12.8526251],[-72.6143382,-12.8439],[-72.6166474,-12.8349109],[-72.6180418,-12.8257444],[-72.6185081,-12.8164887],[-72.6180418,-12.8072331],[-72.6166474,-12.7980666],[-72.6143382,-12.7890775],[-72.6111365,-12.7803524],[-72.6070732,-12.7719753],[-72.6021874,-12.7640269],[-72.5965261,-12.7565838],[-72.5901439,-12.7497175],[-72.5831022,-12.7434943],[-72.5754689,-12.7379741],[-72.5673174,-12.73321],[-72.5587263,-12.7292479],[-72.5497782,-12.726126],[-72.5405595,-12.7238744],[-72.5311588,-12.7225147],[-72.5216666,-12.72206]]]},"properties":{"name":"Cerro Aputinya","local_name":"Cerro Aputinya","english_name":"Cerro Aputinya","search_name":"Cerro Aputinya Cerro Aputinya Cerro Aputinya Cerro Aputinya Cerro Aputinya Cerro Aputinya","peak_elev":3592,"radius_m":10500,"layer":"平均突起响应半径","rank_pct":0.1733,"center_lon":-72.52166662343207,"center_lat":-12.816488737354245,"max_mean_jut":313.4117,"max_ats":150.7449,"r_jmean_peak":10500,"r_ats_peak":11000,"r_ats_marginal":312.5,"ats_marginal_rate_max":0.091971,"ats_marginal_interval_start":250,"ats_marginal_interval_end":375,"ats_marginal_ats_mean":18.8545}},{"type":"Feature","geometry":{"type":"Polygon","coordinates":[[[-72.8067919,-14.9669499],[-72.797207,-14.9674046],[-72.7877144,-14.9687643],[-72.7784055,-14.9710159],[-72.7693701,-14.9741378],[-72.760695,-14.9780999],[-72.7524638,-14.982864],[-72.7447559,-14.9883842],[-72.7376454,-14.9946074],[-72.7312008,-15.0014737],[-72.7254842,-15.0089168],[-72.7205506,-15.0168652],[-72.7164476,-15.0252423],[-72.7132146,-15.0339674],[-72.7108829,-15.0429565],[-72.7094748,-15.052123],[-72.7090039,-15.0613786],[-72.7094748,-15.0706343],[-72.7108829,-15.0798008],[-72.7132146,-15.0887899],[-72.7164476,-15.097515],[-72.7205506,-15.105892],[-72.7254842,-15.1138404],[-72.7312008,-15.1212836],[-72.7376454,-15.1281499],[-72.7447559,-15.1343731],[-72.7524638,-15.1398933],[-72.760695,-15.1446574],[-72.7693701,-15.1486194],[-72.7784055,-15.1517413],[-72.7877144,-15.153993],[-72.797207,-15.1553527],[-72.8067919,-15.1558074],[-72.8163768,-15.1553527],[-72.8258694,-15.153993],[-72.8351782,-15.1517413],[-72.8442137,-15.1486194],[-72.8528888,-15.1446574],[-72.86112,-15.1398933],[-72.8688279,-15.1343731],[-72.8759384,-15.1281499],[-72.882383,-15.1212836],[-72.8880996,-15.1138404],[-72.8930332,-15.105892],[-72.8971362,-15.097515],[-72.9003692,-15.0887899],[-72.9027009,-15.0798008],[-72.904109,-15.0706343],[-72.9045799,-15.0613786],[-72.904109,-15.052123],[-72.9027009,-15.0429565],[-72.9003692,-15.0339674],[-72.8971362,-15.0252423],[-72.8930332,-15.0168652],[-72.8880996,-15.0089168],[-72.882383,-15.0014737],[-72.8759384,-14.9946074],[-72.8688279,-14.9883842],[-72.86112,-14.982864],[-72.8528888,-14.9780999],[-72.8442137,-14.9741378],[-72.8351782,-14.9710159],[-72.8258694,-14.9687643],[-72.8163768,-14.9674046],[-72.8067919,-14.9669499]]]},"properties":{"name":"Cerro Calqui","local_name":"Cerro Calqui","english_name":"Cerro Calqui","search_name":"Cerro Calqui Cerro Calqui Cerro Calqui Cerro Calqui Cerro Calqui Cerro Calqui","peak_elev":5027,"radius_m":10500,"layer":"平均突起响应半径","rank_pct":0.1733,"center_lon":-72.8067918946116,"center_lat":-15.061378632368928,"max_mean_jut":130.625,"max_ats":42.8275,"r_jmean_peak":10500,"r_ats_peak":11500,"r_ats_marginal":187.5,"ats_marginal_rate_max":0.05892,"ats_marginal_interval_start":125,"ats_marginal_interval_end":250,"ats_marginal_ats_mean":10.38}},{"type":"Feature","geometry":{"type":"Polygon","coordinates":[[[-72.9666022,-15.232402],[-72.9570052,-15.2328567],[-72.9475007,-15.2342165],[-72.9381801,-15.2364681],[-72.9291332,-15.23959],[-72.9204472,-15.2435521],[-72.9122057,-15.2483161],[-72.904488,-15.2538364],[-72.8973686,-15.2600596],[-72.8909159,-15.2669258],[-72.8851921,-15.274369],[-72.8802523,-15.2823174],[-72.8761441,-15.2906945],[-72.8729071,-15.2994196],[-72.8705724,-15.3084087],[-72.8691626,-15.3175752],[-72.8686911,-15.3268308],[-72.8691626,-15.3360864],[-72.8705724,-15.3452529],[-72.8729071,-15.354242],[-72.8761441,-15.3629671],[-72.8802523,-15.3713442],[-72.8851921,-15.3792926],[-72.8909159,-15.3867358],[-72.8973686,-15.393602],[-72.904488,-15.3998252],[-72.9122057,-15.4053455],[-72.9204472,-15.4101095],[-72.9291332,-15.4140716],[-72.9381801,-15.4171935],[-72.9475007,-15.4194451],[-72.9570052,-15.4208049],[-72.9666022,-15.4212596],[-72.9761991,-15.4208049],[-72.9857037,-15.4194451],[-72.9950243,-15.4171935],[-73.0040711,-15.4140716],[-73.0127572,-15.4101095],[-73.0209987,-15.4053455],[-73.0287163,-15.3998252],[-73.0358358,-15.393602],[-73.0422885,-15.3867358],[-73.0480123,-15.3792926],[-73.0529521,-15.3713442],[-73.0570602,-15.3629671],[-73.0602973,-15.354242],[-73.0626319,-15.3452529],[-73.0640418,-15.3360864],[-73.0645133,-15.3268308],[-73.0640418,-15.3175752],[-73.0626319,-15.3084087],[-73.0602973,-15.2994196],[-73.0570602,-15.2906945],[-73.0529521,-15.2823174],[-73.0480123,-15.274369],[-73.0422885,-15.2669258],[-73.0358358,-15.2600596],[-73.0287163,-15.2538364],[-73.0209987,-15.2483161],[-73.0127572,-15.2435521],[-73.0040711,-15.23959],[-72.9950243,-15.2364681],[-72.9857037,-15.2342165],[-72.9761991,-15.2328567],[-72.9666022,-15.232402]]]},"properties":{"name":"Cerro Espanja","local_name":"Cerro Espanja","english_name":"Cerro Espanja","search_name":"Cerro Espanja Cerro Espanja Cerro Espanja Cerro Espanja Cerro Espanja Cerro Espanja","peak_elev":4415,"radius_m":10500,"layer":"平均突起响应半径","rank_pct":0.1733,"center_lon":-72.96660218365646,"center_lat":-15.326830798826249,"max_mean_jut":157.7337,"max_ats":34.4351,"r_jmean_peak":10500,"r_ats_peak":11000,"r_ats_marginal":437.5,"ats_marginal_rate_max":0.013526,"ats_marginal_interval_start":375,"ats_marginal_interval_end":500,"ats_marginal_ats_mean":4.3361}},{"type":"Feature","geometry":{"type":"Polygon","coordinates":[[[-72.1842594,-15.4849185],[-72.1746507,-15.4853732],[-72.1651346,-15.4867329],[-72.1558027,-15.4889845],[-72.1467448,-15.4921064],[-72.1380482,-15.4960685],[-72.1297966,-15.5008326],[-72.1220695,-15.5063528],[-72.1149414,-15.512576],[-72.1084808,-15.5194422],[-72.1027501,-15.5268854],[-72.0978043,-15.5348338],[-72.0936911,-15.5432109],[-72.0904501,-15.551936],[-72.0881126,-15.5609251],[-72.086701,-15.5700916],[-72.0862289,-15.5793472],[-72.086701,-15.5886029],[-72.0881126,-15.5977694],[-72.0904501,-15.6067584],[-72.0936911,-15.6154836],[-72.0978043,-15.6238606],[-72.1027501,-15.631809],[-72.1084808,-15.6392522],[-72.1149414,-15.6461184],[-72.1220695,-15.6523417],[-72.1297966,-15.6578619],[-72.1380482,-15.662626],[-72.1467448,-15.666588],[-72.1558027,-15.6697099],[-72.1651346,-15.6719616],[-72.1746507,-15.6733213],[-72.1842594,-15.673776],[-72.1938681,-15.6733213],[-72.2033842,-15.6719616],[-72.2127161,-15.6697099],[-72.221774,-15.666588],[-72.2304706,-15.662626],[-72.2387222,-15.6578619],[-72.2464493,-15.6523417],[-72.2535774,-15.6461184],[-72.260038,-15.6392522],[-72.2657688,-15.631809],[-72.2707146,-15.6238606],[-72.2748277,-15.6154836],[-72.2780687,-15.6067584],[-72.2804062,-15.5977694],[-72.2818178,-15.5886029],[-72.2822899,-15.5793472],[-72.2818178,-15.5700916],[-72.2804062,-15.5609251],[-72.2780687,-15.551936],[-72.2748277,-15.5432109],[-72.2707146,-15.5348338],[-72.2657688,-15.5268854],[-72.260038,-15.5194422],[-72.2535774,-15.512576],[-72.2464493,-15.5063528],[-72.2387222,-15.5008326],[-72.2304706,-15.4960685],[-72.221774,-15.4921064],[-72.2127161,-15.4889845],[-72.2033842,-15.4867329],[-72.1938681,-15.4853732],[-72.1842594,-15.4849185]]]},"properties":{"name":"Cerro Ontacota","local_name":"Cerro Ontacota","english_name":"Cerro Ontacota","search_name":"Cerro Ontacota Cerro Ontacota Cerro Ontacota Cerro Ontacota Cerro Ontacota Cerro Ontacota","peak_elev":4960,"radius_m":10500,"layer":"平均突起响应半径","rank_pct":0.1733,"center_lon":-72.18425940271678,"center_lat":-15.579347225192246,"max_mean_jut":348.8987,"max_ats":142.0621,"r_jmean_peak":10500,"r_ats_peak":11500,"r_ats_marginal":187.5,"ats_marginal_rate_max":0.076287,"ats_marginal_interval_start":125,"ats_marginal_interval_end":250,"ats_marginal_ats_mean":9.9846}},{"type":"Feature","geometry":{"type":"Polygon","coordinates":[[[-78.1290405,-8.514441],[-78.1196794,-8.5148957],[-78.1104084,-8.5162554],[-78.1013169,-8.5185071],[-78.0924924,-8.521629],[-78.0840198,-8.525591],[-78.0759808,-8.5303551],[-78.0684529,-8.5358754],[-78.0615084,-8.5420986],[-78.0552142,-8.5489648],[-78.0496311,-8.556408],[-78.0448127,-8.5643564],[-78.0408055,-8.5727335],[-78.0376481,-8.5814586],[-78.0353708,-8.5904476],[-78.0339955,-8.5996141],[-78.0335357,-8.6088698],[-78.0339955,-8.6181254],[-78.0353708,-8.6272919],[-78.0376481,-8.636281],[-78.0408055,-8.6450061],[-78.0448127,-8.6533832],[-78.0496311,-8.6613316],[-78.0552142,-8.6687748],[-78.0615084,-8.675641],[-78.0684529,-8.6818642],[-78.0759808,-8.6873844],[-78.0840198,-8.6921485],[-78.0924924,-8.6961106],[-78.1013169,-8.6992325],[-78.1104084,-8.7014841],[-78.1196794,-8.7028438],[-78.1290405,-8.7032985],[-78.1384016,-8.7028438],[-78.1476725,-8.7014841],[-78.156764,-8.6992325],[-78.1655886,-8.6961106],[-78.1740611,-8.6921485],[-78.1821001,-8.6873844],[-78.1896281,-8.6818642],[-78.1965726,-8.675641],[-78.2028667,-8.6687748],[-78.2084498,-8.6613316],[-78.2132682,-8.6533832],[-78.2172754,-8.6450061],[-78.2204329,-8.636281],[-78.2227102,-8.6272919],[-78.2240854,-8.6181254],[-78.2245453,-8.6088698],[-78.2240854,-8.5996141],[-78.2227102,-8.5904476],[-78.2204329,-8.5814586],[-78.2172754,-8.5727335],[-78.2132682,-8.5643564],[-78.2084498,-8.556408],[-78.2028667,-8.5489648],[-78.1965726,-8.5420986],[-78.1896281,-8.5358754],[-78.1821001,-8.5303551],[-78.1740611,-8.525591],[-78.1655886,-8.521629],[-78.156764,-8.5185071],[-78.1476725,-8.5162554],[-78.1384016,-8.5148957],[-78.1290405,-8.514441]]]},"properties":{"name":"Cerro Paquec","local_name":"Cerro Paquec","english_name":"Cerro Paquec","search_name":"Cerro Paquec Cerro Paquec Cerro Paquec Cerro Paquec Cerro Paquec Cerro Paquec","peak_elev":3130,"radius_m":10500,"layer":"平均突起响应半径","rank_pct":0.1733,"center_lon":-78.12904045843453,"center_lat":-8.608869778066817,"max_mean_jut":215.4096,"max_ats":89.9167,"r_jmean_peak":10500,"r_ats_peak":12000,"r_ats_marginal":187.5,"ats_marginal_rate_max":0.033038,"ats_marginal_interval_start":125,"ats_marginal_interval_end":250,"ats_marginal_ats_mean":4.6555}},{"type":"Feature","geometry":{"type":"Polygon","coordinates":[[[-77.2583035,-10.3235582],[-77.2488927,-10.3240129],[-77.2395725,-10.3253726],[-77.2304328,-10.3276242],[-77.2215614,-10.3307461],[-77.2130439,-10.3347082],[-77.2049623,-10.3394723],[-77.1973944,-10.3449925],[-77.190413,-10.3512157],[-77.1840855,-10.358082],[-77.1784728,-10.3655251],[-77.1736288,-10.3734735],[-77.1696004,-10.3818506],[-77.1664261,-10.3905757],[-77.1641367,-10.3995648],[-77.1627542,-10.4087313],[-77.1622919,-10.4179869],[-77.1627542,-10.4272426],[-77.1641367,-10.4364091],[-77.1664261,-10.4453982],[-77.1696004,-10.4541233],[-77.1736288,-10.4625003],[-77.1784728,-10.4704487],[-77.1840855,-10.4778919],[-77.190413,-10.4847582],[-77.1973944,-10.4909814],[-77.2049623,-10.4965016],[-77.2130439,-10.5012657],[-77.2215614,-10.5052277],[-77.2304328,-10.5083496],[-77.2395725,-10.5106013],[-77.2488927,-10.511961],[-77.2583035,-10.5124157],[-77.2677142,-10.511961],[-77.2770344,-10.5106013],[-77.2861741,-10.5083496],[-77.2950455,-10.5052277],[-77.303563,-10.5012657],[-77.3116446,-10.4965016],[-77.3192125,-10.4909814],[-77.3261939,-10.4847582],[-77.3325214,-10.4778919],[-77.3381341,-10.4704487],[-77.3429781,-10.4625003],[-77.3470066,-10.4541233],[-77.3501808,-10.4453982],[-77.3524702,-10.4364091],[-77.3538527,-10.4272426],[-77.354315,-10.4179869],[-77.3538527,-10.4087313],[-77.3524702,-10.3995648],[-77.3501808,-10.3905757],[-77.3470066,-10.3818506],[-77.3429781,-10.3734735],[-77.3381341,-10.3655251],[-77.3325214,-10.358082],[-77.3261939,-10.3512157],[-77.3192125,-10.3449925],[-77.3116446,-10.3394723],[-77.303563,-10.3347082],[-77.2950455,-10.3307461],[-77.2861741,-10.3276242],[-77.2770344,-10.3253726],[-77.2677142,-10.3240129],[-77.2583035,-10.3235582]]]},"properties":{"name":"Cerro Pasca","local_name":"Cerro Pasca","english_name":"Cerro Pasca","search_name":"Cerro Pasca Cerro Pasca Cerro Pasca Cerro Pasca Cerro Pasca Cerro Pasca","peak_elev":4868,"radius_m":10500,"layer":"平均突起响应半径","rank_pct":0.1733,"center_lon":-77.25830345353748,"center_lat":-10.417986928755122,"max_mean_jut":310.9713,"max_ats":116.3549,"r_jmean_peak":10500,"r_ats_peak":15500,"r_ats_marginal":3625.0,"ats_marginal_rate_max":0.023608,"ats_marginal_interval_start":3500,"ats_marginal_interval_end":3750,"ats_marginal_ats_mean":48.0886}},{"type":"Feature","geometry":{"type":"Polygon","coordinates":[[[-76.6972157,-11.3524885],[-76.6877722,-11.3529432],[-76.6784197,-11.3543029],[-76.6692482,-11.3565546],[-76.660346,-11.3596764],[-76.6517989,-11.3636385],[-76.6436892,-11.3684026],[-76.636095,-11.3739228],[-76.6290894,-11.380146],[-76.6227399,-11.3870123],[-76.6171076,-11.3944554],[-76.6122469,-11.4024038],[-76.6082044,-11.4107809],[-76.6050191,-11.419506],[-76.6027218,-11.4284951],[-76.6013345,-11.4376616],[-76.6008706,-11.4469173],[-76.6013345,-11.4561729],[-76.6027218,-11.4653394],[-76.6050191,-11.4743285],[-76.6082044,-11.4830536],[-76.6122469,-11.4914307],[-76.6171076,-11.4993791],[-76.6227399,-11.5068222],[-76.6290894,-11.5136885],[-76.636095,-11.5199117],[-76.6436892,-11.5254319],[-76.6517989,-11.530196],[-76.660346,-11.5341581],[-76.6692482,-11.53728],[-76.6784197,-11.5395316],[-76.6877722,-11.5408913],[-76.6972157,-11.541346],[-76.7066592,-11.5408913],[-76.7160117,-11.5395316],[-76.7251833,-11.53728],[-76.7340854,-11.5341581],[-76.7426325,-11.530196],[-76.7507422,-11.5254319],[-76.7583365,-11.5199117],[-76.7653421,-11.5136885],[-76.7716916,-11.5068222],[-76.7773238,-11.4993791],[-76.7821846,-11.4914307],[-76.7862271,-11.4830536],[-76.7894123,-11.4743285],[-76.7917097,-11.4653394],[-76.793097,-11.4561729],[-76.7935609,-11.4469173],[-76.793097,-11.4376616],[-76.7917097,-11.4284951],[-76.7894123,-11.419506],[-76.7862271,-11.4107809],[-76.7821846,-11.4024038],[-76.7773238,-11.3944554],[-76.7716916,-11.3870123],[-76.7653421,-11.380146],[-76.7583365,-11.3739228],[-76.7507422,-11.3684026],[-76.7426325,-11.3636385],[-76.7340854,-11.3596764],[-76.7251833,-11.3565546],[-76.7160117,-11.3543029],[-76.7066592,-11.3529432],[-76.6972157,-11.3524885]]]},"properties":{"name":"Cerro Punton de Chuchumichica","local_name":"Cerro Punton de Chuchumichica","english_name":"Cerro Punton de Chuchumichica","search_name":"Cerro Punton de Chuchumichica Cerro Punton de Chuchumichica Cerro Punton de Chuchumichica Cerro Punton de Chuchumichica Cerro Punton de Chuchumichica Cerro Punton de Chuchumichica","peak_elev":4653,"radius_m":10500,"layer":"平均突起响应半径","rank_pct":0.1733,"center_lon":-76.69721572707643,"center_lat":-11.44691725518562,"max_mean_jut":182.465,"max_ats":61.5176,"r_jmean_peak":10500,"r_ats_peak":11000,"r_ats_marginal":187.5,"ats_marginal_rate_max":0.018722,"ats_marginal_interval_start":125,"ats_marginal_interval_end":250,"ats_marginal_ats_mean":2.86}},{"type":"Feature","geometry":{"type":"Polygon","coordinates":[[[-73.2177711,-15.5008186],[-73.2081617,-15.5012733],[-73.1986449,-15.5026331],[-73.1893122,-15.5048847],[-73.1802536,-15.5080066],[-73.1715563,-15.5119687],[-73.1633041,-15.5167328],[-73.1555765,-15.522253],[-73.1484478,-15.5284762],[-73.1419867,-15.5353424],[-73.1362555,-15.5427856],[-73.1313093,-15.550734],[-73.1271958,-15.5591111],[-73.1239546,-15.5678362],[-73.1216169,-15.5768253],[-73.1202052,-15.5859918],[-73.1197331,-15.5952474],[-73.1202052,-15.604503],[-73.1216169,-15.6136695],[-73.1239546,-15.6226586],[-73.1271958,-15.6313837],[-73.1313093,-15.6397608],[-73.1362555,-15.6477092],[-73.1419867,-15.6551524],[-73.1484478,-15.6620186],[-73.1555765,-15.6682418],[-73.1633041,-15.6737621],[-73.1715563,-15.6785261],[-73.1802536,-15.6824882],[-73.1893122,-15.6856101],[-73.1986449,-15.6878618],[-73.2081617,-15.6892215],[-73.2177711,-15.6896762],[-73.2273805,-15.6892215],[-73.2368974,-15.6878618],[-73.2462301,-15.6856101],[-73.2552887,-15.6824882],[-73.263986,-15.6785261],[-73.2722382,-15.6737621],[-73.2799658,-15.6682418],[-73.2870945,-15.6620186],[-73.2935556,-15.6551524],[-73.2992868,-15.6477092],[-73.304233,-15.6397608],[-73.3083465,-15.6313837],[-73.3115877,-15.6226586],[-73.3139254,-15.6136695],[-73.3153371,-15.604503],[-73.3158092,-15.5952474],[-73.3153371,-15.5859918],[-73.3139254,-15.5768253],[-73.3115877,-15.5678362],[-73.3083465,-15.5591111],[-73.304233,-15.550734],[-73.2992868,-15.5427856],[-73.2935556,-15.5353424],[-73.2870945,-15.5284762],[-73.2799658,-15.522253],[-73.2722382,-15.5167328],[-73.263986,-15.5119687],[-73.2552887,-15.5080066],[-73.2462301,-15.5048847],[-73.2368974,-15.5026331],[-73.2273805,-15.5012733],[-73.2177711,-15.5008186]]]},"properties":{"name":"Cerro Redondo","local_name":"Cerro Redondo","english_name":"Cerro Redondo","search_name":"Cerro Redondo Cerro Redondo Cerro Redondo Cerro Redondo Cerro Redondo Cerro Redondo","peak_elev":4172,"radius_m":10500,"layer":"平均突起响应半径","rank_pct":0.1733,"center_lon":-73.21777113709628,"center_lat":-15.59524740572116,"max_mean_jut":255.9143,"max_ats":96.4999,"r_jmean_peak":10500,"r_ats_peak":14500,"r_ats_marginal":562.5,"ats_marginal_rate_max":0.020911,"ats_marginal_interval_start":500,"ats_marginal_interval_end":625,"ats_marginal_ats_mean":5.408}},{"type":"Feature","geometry":{"type":"Polygon","coordinates":[[[-72.9321069,-13.4629006],[-72.9225859,-13.4633553],[-72.9131567,-13.464715],[-72.90391,-13.4669667],[-72.8949348,-13.4700885],[-72.8863176,-13.4740506],[-72.8781414,-13.4788147],[-72.8704849,-13.4843349],[-72.8634218,-13.4905581],[-72.8570202,-13.4974244],[-72.8513418,-13.5048675],[-72.8464411,-13.5128159],[-72.8423655,-13.521193],[-72.8391541,-13.5299181],[-72.8368379,-13.5389072],[-72.8354392,-13.5480737],[-72.8349715,-13.5573294],[-72.8354392,-13.566585],[-72.8368379,-13.5757515],[-72.8391541,-13.5847406],[-72.8423655,-13.5934657],[-72.8464411,-13.6018428],[-72.8513418,-13.6097912],[-72.8570202,-13.6172343],[-72.8634218,-13.6241006],[-72.8704849,-13.6303238],[-72.8781414,-13.635844],[-72.8863176,-13.6406081],[-72.8949348,-13.6445702],[-72.90391,-13.647692],[-72.9131567,-13.6499437],[-72.9225859,-13.6513034],[-72.9321069,-13.6517581],[-72.9416278,-13.6513034],[-72.951057,-13.6499437],[-72.9603038,-13.647692],[-72.969279,-13.6445702],[-72.9778962,-13.6406081],[-72.9860724,-13.635844],[-72.9937289,-13.6303238],[-73.000792,-13.6241006],[-73.0071935,-13.6172343],[-73.012872,-13.6097912],[-73.0177726,-13.6018428],[-73.0218483,-13.5934657],[-73.0250596,-13.5847406],[-73.0273758,-13.5757515],[-73.0287745,-13.566585],[-73.0292422,-13.5573294],[-73.0287745,-13.5480737],[-73.0273758,-13.5389072],[-73.0250596,-13.5299181],[-73.0218483,-13.521193],[-73.0177726,-13.5128159],[-73.012872,-13.5048675],[-73.0071935,-13.4974244],[-73.000792,-13.4905581],[-72.9937289,-13.4843349],[-72.9860724,-13.4788147],[-72.9778962,-13.4740506],[-72.969279,-13.4700885],[-72.9603038,-13.4669667],[-72.951057,-13.464715],[-72.9416278,-13.4633553],[-72.9321069,-13.4629006]]]},"properties":{"name":"Nevado Ampay","local_name":"Nevado Ampay","english_name":"Nevado Ampay","search_name":"Nevado Ampay Nevado Ampay Nevado Ampay Nevado Ampay Nevado Ampay Nevado Ampay","peak_elev":5193,"radius_m":10500,"layer":"平均突起响应半径","rank_pct":0.1733,"center_lon":-72.93210687674627,"center_lat":-13.557329352167612,"max_mean_jut":496.5831,"max_ats":238.3286,"r_jmean_peak":10500,"r_ats_peak":11000,"r_ats_marginal":812.5,"ats_marginal_rate_max":0.068538,"ats_marginal_interval_start":750,"ats_marginal_interval_end":875,"ats_marginal_ats_mean":32.5303}},{"type":"Feature","geometry":{"type":"Polygon","coordinates":[[[-73.0477201,-13.2367946],[-73.0382081,-13.2372493],[-73.0287878,-13.238609],[-73.0195497,-13.2408607],[-73.010583,-13.2439826],[-73.0019739,-13.2479447],[-72.9938054,-13.2527087],[-72.9861561,-13.258229],[-72.9790997,-13.2644522],[-72.9727042,-13.2713184],[-72.9670311,-13.2787616],[-72.9621351,-13.28671],[-72.9580633,-13.2950871],[-72.954855,-13.3038122],[-72.952541,-13.3128013],[-72.9511436,-13.3219678],[-72.9506763,-13.3312234],[-72.9511436,-13.340479],[-72.952541,-13.3496455],[-72.954855,-13.3586346],[-72.9580633,-13.3673597],[-72.9621351,-13.3757368],[-72.9670311,-13.3836852],[-72.9727042,-13.3911284],[-72.9790997,-13.3979946],[-72.9861561,-13.4042178],[-72.9938054,-13.409738],[-73.0019739,-13.4145021],[-73.010583,-13.4184642],[-73.0195497,-13.4215861],[-73.0287878,-13.4238377],[-73.0382081,-13.4251975],[-73.0477201,-13.4256522],[-73.057232,-13.4251975],[-73.0666524,-13.4238377],[-73.0758904,-13.4215861],[-73.0848571,-13.4184642],[-73.0934662,-13.4145021],[-73.1016347,-13.409738],[-73.109284,-13.4042178],[-73.1163404,-13.3979946],[-73.1227359,-13.3911284],[-73.128409,-13.3836852],[-73.133305,-13.3757368],[-73.1373768,-13.3673597],[-73.1405852,-13.3586346],[-73.1428992,-13.3496455],[-73.1442965,-13.340479],[-73.1447638,-13.3312234],[-73.1442965,-13.3219678],[-73.1428992,-13.3128013],[-73.1405852,-13.3038122],[-73.1373768,-13.2950871],[-73.133305,-13.28671],[-73.128409,-13.2787616],[-73.1227359,-13.2713184],[-73.1163404,-13.2644522],[-73.109284,-13.258229],[-73.1016347,-13.2527087],[-73.0934662,-13.2479447],[-73.0848571,-13.2439826],[-73.0758904,-13.2408607],[-73.0666524,-13.238609],[-73.057232,-13.2372493],[-73.0477201,-13.2367946]]]},"properties":{"name":"Nevado Coisopacana","local_name":"Nevado Coisopacana","english_name":"Nevado Coisopacana","search_name":"Nevado Coisopacana Nevado Coisopacana Nevado Coisopacana Nevado Coisopacana Nevado Coisopacana Nevado Coisopacana","peak_elev":5103,"radius_m":10500,"layer":"平均突起响应半径","rank_pct":0.1733,"center_lon":-73.04772005381245,"center_lat":-13.33122339515473,"max_mean_jut":410.6685,"max_ats":161.2781,"r_jmean_peak":10500,"r_ats_peak":11000,"r_ats_marginal":187.5,"ats_marginal_rate_max":0.055566,"ats_marginal_interval_start":125,"ats_marginal_interval_end":250,"ats_marginal_ats_mean":7.7957}},{"type":"Feature","geometry":{"type":"Polygon","coordinates":[[[-77.5164793,-9.1296971],[-77.5071024,-9.1301518],[-77.4978158,-9.1315116],[-77.4887089,-9.1337632],[-77.4798695,-9.1368851],[-77.4713827,-9.1408472],[-77.4633302,-9.1456113],[-77.4557895,-9.1511315],[-77.4488333,-9.1573547],[-77.4425286,-9.1642209],[-77.436936,-9.1716641],[-77.4321095,-9.1796125],[-77.4280956,-9.1879896],[-77.4249328,-9.1967147],[-77.4226516,-9.2057038],[-77.4212741,-9.2148703],[-77.4208134,-9.2241259],[-77.4212741,-9.2333816],[-77.4226516,-9.2425481],[-77.4249328,-9.2515371],[-77.4280956,-9.2602622],[-77.4321095,-9.2686393],[-77.436936,-9.2765877],[-77.4425286,-9.2840309],[-77.4488333,-9.2908971],[-77.4557895,-9.2971203],[-77.4633302,-9.3026406],[-77.4713827,-9.3074047],[-77.4798695,-9.3113667],[-77.4887089,-9.3144886],[-77.4978158,-9.3167403],[-77.5071024,-9.3181],[-77.5164793,-9.3185547],[-77.5258562,-9.3181],[-77.5351427,-9.3167403],[-77.5442496,-9.3144886],[-77.553089,-9.3113667],[-77.5615758,-9.3074047],[-77.5696284,-9.3026406],[-77.577169,-9.2971203],[-77.5841252,-9.2908971],[-77.59043,-9.2840309],[-77.5960225,-9.2765877],[-77.600849,-9.2686393],[-77.604863,-9.2602622],[-77.6080258,-9.2515371],[-77.6103069,-9.2425481],[-77.6116844,-9.2333816],[-77.6121451,-9.2241259],[-77.6116844,-9.2148703],[-77.6103069,-9.2057038],[-77.6080258,-9.1967147],[-77.604863,-9.1879896],[-77.600849,-9.1796125],[-77.5960225,-9.1716641],[-77.59043,-9.1642209],[-77.5841252,-9.1573547],[-77.577169,-9.1511315],[-77.5696284,-9.1456113],[-77.5615758,-9.1408472],[-77.553089,-9.1368851],[-77.5442496,-9.1337632],[-77.5351427,-9.1315116],[-77.5258562,-9.1301518],[-77.5164793,-9.1296971]]]},"properties":{"name":"Nevado Yahuina","local_name":"Nevado Yahuina","english_name":"Nevado Yahuina","search_name":"Nevado Yahuina Nevado Yahuina Nevado Yahuina Nevado Yahuina Nevado Yahuina Nevado Yahuina","peak_elev":5705,"radius_m":10500,"layer":"平均突起响应半径","rank_pct":0.1733,"center_lon":-77.51647926619343,"center_lat":-9.224125916160276,"max_mean_jut":282.6399,"max_ats":136.3497,"r_jmean_peak":10500,"r_ats_peak":11000,"r_ats_marginal":187.5,"ats_marginal_rate_max":0.191663,"ats_marginal_interval_start":125,"ats_marginal_interval_end":250,"ats_marginal_ats_mean":16.0714}},{"type":"Feature","geometry":{"type":"Polygon","coordinates":[[[-69.8957114,-33.6941286],[-69.8845747,-33.6945833],[-69.8735453,-33.695943],[-69.8627293,-33.6981947],[-69.852231,-33.7013166],[-69.8421515,-33.7052786],[-69.8325877,-33.7100427],[-69.8236319,-33.7155629],[-69.8153702,-33.7217861],[-69.8078822,-33.7286524],[-69.8012401,-33.7360955],[-69.7955078,-33.7440439],[-69.7907405,-33.752421],[-69.7869842,-33.7611461],[-69.7842749,-33.7701352],[-69.7826389,-33.7793017],[-69.7820918,-33.7885574],[-69.7826389,-33.797813],[-69.7842749,-33.8069795],[-69.7869842,-33.8159686],[-69.7907405,-33.8246937],[-69.7955078,-33.8330708],[-69.8012401,-33.8410192],[-69.8078822,-33.8484623],[-69.8153702,-33.8553286],[-69.8236319,-33.8615518],[-69.8325877,-33.867072],[-69.8421515,-33.8718361],[-69.852231,-33.8757982],[-69.8627293,-33.8789201],[-69.8735453,-33.8811717],[-69.8845747,-33.8825314],[-69.8957114,-33.8829861],[-69.9068481,-33.8825314],[-69.9178775,-33.8811717],[-69.9286934,-33.8789201],[-69.9391917,-33.8757982],[-69.9492713,-33.8718361],[-69.9588351,-33.867072],[-69.9677909,-33.8615518],[-69.9760526,-33.8553286],[-69.9835405,-33.8484623],[-69.9901827,-33.8410192],[-69.995915,-33.8330708],[-70.0006822,-33.8246937],[-70.0044386,-33.8159686],[-70.0071478,-33.8069795],[-70.0087839,-33.797813],[-70.009331,-33.7885574],[-70.0087839,-33.7793017],[-70.0071478,-33.7701352],[-70.0044386,-33.7611461],[-70.0006822,-33.752421],[-69.995915,-33.7440439],[-69.9901827,-33.7360955],[-69.9835405,-33.7286524],[-69.9760526,-33.7217861],[-69.9677909,-33.7155629],[-69.9588351,-33.7100427],[-69.9492713,-33.7052786],[-69.9391917,-33.7013166],[-69.9286934,-33.6981947],[-69.9178775,-33.695943],[-69.9068481,-33.6945833],[-69.8957114,-33.6941286]]]},"properties":{"name":"Volcán San José","local_name":"Volcán San José","english_name":"Volcán San José","search_name":"Volcán San José Volcán San José Volcán San José Volcán San José Volcán San José Volcán San José","peak_elev":5865,"radius_m":10500,"layer":"平均突起响应半径","rank_pct":0.1733,"center_lon":-69.89571138489389,"center_lat":-33.7885573604086,"max_mean_jut":509.146,"max_ats":265.932,"r_jmean_peak":10500,"r_ats_peak":11000,"r_ats_marginal":1562.5,"ats_marginal_rate_max":0.061325,"ats_marginal_interval_start":1500,"ats_marginal_interval_end":1625,"ats_marginal_ats_mean":48.5634}},{"type":"Feature","geometry":{"type":"Polygon","coordinates":[[[-72.3357154,-15.668629],[-72.3265562,-15.669062],[-72.3174853,-15.670357],[-72.3085899,-15.6725014],[-72.2999558,-15.6754746],[-72.291666,-15.679248],[-72.2838005,-15.6837853],[-72.2764349,-15.6890426],[-72.2696403,-15.6949695],[-72.2634819,-15.7015088],[-72.2580193,-15.7085975],[-72.2533048,-15.7161674],[-72.2493841,-15.7241456],[-72.2462947,-15.7324552],[-72.2440666,-15.7410162],[-72.242721,-15.7497462],[-72.2422711,-15.7585611],[-72.242721,-15.767376],[-72.2440666,-15.776106],[-72.2462947,-15.7846671],[-72.2493841,-15.7929767],[-72.2533048,-15.8009549],[-72.2580193,-15.8085248],[-72.2634819,-15.8156135],[-72.2696403,-15.8221528],[-72.2764349,-15.8280796],[-72.2838005,-15.833337],[-72.291666,-15.8378742],[-72.2999558,-15.8416476],[-72.3085899,-15.8446208],[-72.3174853,-15.8467653],[-72.3265562,-15.8480602],[-72.3357154,-15.8484933],[-72.3448745,-15.8480602],[-72.3539454,-15.8467653],[-72.3628408,-15.8446208],[-72.3714749,-15.8416476],[-72.3797647,-15.8378742],[-72.3876302,-15.833337],[-72.3949958,-15.8280796],[-72.4017905,-15.8221528],[-72.4079488,-15.8156135],[-72.4134115,-15.8085248],[-72.4181259,-15.8009549],[-72.4220466,-15.7929767],[-72.425136,-15.7846671],[-72.4273641,-15.776106],[-72.4287097,-15.767376],[-72.4291597,-15.7585611],[-72.4287097,-15.7497462],[-72.4273641,-15.7410162],[-72.425136,-15.7324552],[-72.4220466,-15.7241456],[-72.4181259,-15.7161674],[-72.4134115,-15.7085975],[-72.4079488,-15.7015088],[-72.4017905,-15.6949695],[-72.3949958,-15.6890426],[-72.3876302,-15.6837853],[-72.3797647,-15.679248],[-72.3714749,-15.6754746],[-72.3628408,-15.6725014],[-72.3539454,-15.670357],[-72.3448745,-15.669062],[-72.3357154,-15.668629]]]},"properties":{"name":"Cerro Accarota","local_name":"Cerro Accarota","english_name":"Cerro Accarota","search_name":"Cerro Accarota Cerro Accarota Cerro Accarota Cerro Accarota Cerro Accarota Cerro Accarota","peak_elev":3898,"radius_m":10000,"layer":"平均突起响应半径","rank_pct":0.2053,"center_lon":-72.33571535961933,"center_lat":-15.75856112437409,"max_mean_jut":243.9402,"max_ats":86.8041,"r_jmean_peak":10000,"r_ats_peak":11500,"r_ats_marginal":437.5,"ats_marginal_rate_max":0.032853,"ats_marginal_interval_start":375,"ats_marginal_interval_end":500,"ats_marginal_ats_mean":12.3532}},{"type":"Feature","geometry":{"type":"Polygon","coordinates":[[[-72.177522,-15.6777918],[-72.1683625,-15.6782248],[-72.1592911,-15.6795198],[-72.1503954,-15.6816642],[-72.1417608,-15.6846375],[-72.1334707,-15.6884109],[-72.1256048,-15.6929481],[-72.1182389,-15.6982054],[-72.111444,-15.7041323],[-72.1052854,-15.7106716],[-72.0998224,-15.7177603],[-72.0951078,-15.7253302],[-72.0911869,-15.7333084],[-72.0880974,-15.741618],[-72.0858691,-15.750179],[-72.0845235,-15.758909],[-72.0840735,-15.7677239],[-72.0845235,-15.7765388],[-72.0858691,-15.7852688],[-72.0880974,-15.7938299],[-72.0911869,-15.8021395],[-72.0951078,-15.8101177],[-72.0998224,-15.8176876],[-72.1052854,-15.8247763],[-72.111444,-15.8313156],[-72.1182389,-15.8372424],[-72.1256048,-15.8424998],[-72.1334707,-15.847037],[-72.1417608,-15.8508104],[-72.1503954,-15.8537837],[-72.1592911,-15.8559281],[-72.1683625,-15.8572231],[-72.177522,-15.8576561],[-72.1866816,-15.8572231],[-72.1957529,-15.8559281],[-72.2046487,-15.8537837],[-72.2132832,-15.8508104],[-72.2215734,-15.847037],[-72.2294393,-15.8424998],[-72.2368051,-15.8372424],[-72.2436001,-15.8313156],[-72.2497587,-15.8247763],[-72.2552216,-15.8176876],[-72.2599363,-15.8101177],[-72.2638572,-15.8021395],[-72.2669467,-15.7938299],[-72.269175,-15.7852688],[-72.2705206,-15.7765388],[-72.2709706,-15.7677239],[-72.2705206,-15.758909],[-72.269175,-15.750179],[-72.2669467,-15.741618],[-72.2638572,-15.7333084],[-72.2599363,-15.7253302],[-72.2552216,-15.7177603],[-72.2497587,-15.7106716],[-72.2436001,-15.7041323],[-72.2368051,-15.6982054],[-72.2294393,-15.6929481],[-72.2215734,-15.6884109],[-72.2132832,-15.6846375],[-72.2046487,-15.6816642],[-72.1957529,-15.6795198],[-72.1866816,-15.6782248],[-72.177522,-15.6777918]]]},"properties":{"name":"Cerro Chachacumayoc","local_name":"Cerro Chachacumayoc","english_name":"Cerro Chachacumayoc","search_name":"Cerro Chachacumayoc Cerro Chachacumayoc Cerro Chachacumayoc Cerro Chachacumayoc Cerro Chachacumayoc Cerro Chachacumayoc","peak_elev":4126,"radius_m":10000,"layer":"平均突起响应半径","rank_pct":0.2053,"center_lon":-72.17752203808588,"center_lat":-15.76772394027211,"max_mean_jut":191.0897,"max_ats":58.9537,"r_jmean_peak":10000,"r_ats_peak":11000,"r_ats_marginal":187.5,"ats_marginal_rate_max":0.073831,"ats_marginal_interval_start":125,"ats_marginal_interval_end":250,"ats_marginal_ats_mean":9.1056}},{"type":"Feature","geometry":{"type":"Polygon","coordinates":[[[-75.7566796,-12.6648423],[-75.7476417,-12.6652754],[-75.7386908,-12.6665703],[-75.7299132,-12.6687148],[-75.7213933,-12.671688],[-75.7132133,-12.6754614],[-75.7054519,-12.6799986],[-75.6981838,-12.685256],[-75.6914791,-12.6911828],[-75.6854023,-12.6977221],[-75.6800119,-12.7048108],[-75.6753599,-12.7123808],[-75.671491,-12.7203589],[-75.6684426,-12.7286685],[-75.6662439,-12.7372296],[-75.6649161,-12.7459596],[-75.6644721,-12.7547745],[-75.6649161,-12.7635894],[-75.6662439,-12.7723194],[-75.6684426,-12.7808804],[-75.671491,-12.78919],[-75.6753599,-12.7971682],[-75.6800119,-12.8047381],[-75.6854023,-12.8118268],[-75.6914791,-12.8183661],[-75.6981838,-12.824293],[-75.7054519,-12.8295503],[-75.7132133,-12.8340876],[-75.7213933,-12.837861],[-75.7299132,-12.8408342],[-75.7386908,-12.8429786],[-75.7476417,-12.8442736],[-75.7566796,-12.8447066],[-75.7657175,-12.8442736],[-75.7746684,-12.8429786],[-75.783446,-12.8408342],[-75.7919659,-12.837861],[-75.8001459,-12.8340876],[-75.8079074,-12.8295503],[-75.8151754,-12.824293],[-75.8218802,-12.8183661],[-75.827957,-12.8118268],[-75.8333473,-12.8047381],[-75.8379994,-12.7971682],[-75.8418682,-12.78919],[-75.8449167,-12.7808804],[-75.8471154,-12.7723194],[-75.8484431,-12.7635894],[-75.8488871,-12.7547745],[-75.8484431,-12.7459596],[-75.8471154,-12.7372296],[-75.8449167,-12.7286685],[-75.8418682,-12.7203589],[-75.8379994,-12.7123808],[-75.8333473,-12.7048108],[-75.827957,-12.6977221],[-75.8218802,-12.6911828],[-75.8151754,-12.685256],[-75.8079074,-12.6799986],[-75.8001459,-12.6754614],[-75.7919659,-12.671688],[-75.783446,-12.6687148],[-75.7746684,-12.6665703],[-75.7657175,-12.6652754],[-75.7566796,-12.6648423]]]},"properties":{"name":"Cerro Huacrepaque","local_name":"Cerro Huacrepaque","english_name":"Cerro Huacrepaque","search_name":"Cerro Huacrepaque Cerro Huacrepaque Cerro Huacrepaque Cerro Huacrepaque Cerro Huacrepaque Cerro Huacrepaque","peak_elev":4876,"radius_m":10000,"layer":"平均突起响应半径","rank_pct":0.2053,"center_lon":-75.7566796246033,"center_lat":-12.754774477335234,"max_mean_jut":173.3504,"max_ats":49.4504,"r_jmean_peak":10000,"r_ats_peak":9750,"r_ats_marginal":187.5,"ats_marginal_rate_max":0.090994,"ats_marginal_interval_start":125,"ats_marginal_interval_end":250,"ats_marginal_ats_mean":12.3483}},{"type":"Feature","geometry":{"type":"Polygon","coordinates":[[[-76.3468728,-11.8035376],[-76.3378645,-11.8039707],[-76.328943,-11.8052656],[-76.3201941,-11.8074101],[-76.3117022,-11.8103833],[-76.303549,-11.8141567],[-76.295813,-11.8186939],[-76.2885688,-11.8239513],[-76.281886,-11.8298781],[-76.2758291,-11.8364174],[-76.2704564,-11.8435062],[-76.2658197,-11.8510761],[-76.2619635,-11.8590542],[-76.258925,-11.8673639],[-76.2567336,-11.8759249],[-76.2554102,-11.8846549],[-76.2549676,-11.8934698],[-76.2554102,-11.9022847],[-76.2567336,-11.9110147],[-76.258925,-11.9195757],[-76.2619635,-11.9278853],[-76.2658197,-11.9358635],[-76.2704564,-11.9434334],[-76.2758291,-11.9505221],[-76.281886,-11.9570614],[-76.2885688,-11.9629883],[-76.295813,-11.9682456],[-76.303549,-11.9727829],[-76.3117022,-11.9765563],[-76.3201941,-11.9795295],[-76.328943,-11.9816739],[-76.3378645,-11.9829689],[-76.3468728,-11.9834019],[-76.355881,-11.9829689],[-76.3648026,-11.9816739],[-76.3735514,-11.9795295],[-76.3820433,-11.9765563],[-76.3901965,-11.9727829],[-76.3979325,-11.9682456],[-76.4051768,-11.9629883],[-76.4118595,-11.9570614],[-76.4179164,-11.9505221],[-76.4232891,-11.9434334],[-76.4279259,-11.9358635],[-76.431782,-11.9278853],[-76.4348205,-11.9195757],[-76.437012,-11.9110147],[-76.4383354,-11.9022847],[-76.4387779,-11.8934698],[-76.4383354,-11.8846549],[-76.437012,-11.8759249],[-76.4348205,-11.8673639],[-76.431782,-11.8590542],[-76.4279259,-11.8510761],[-76.4232891,-11.8435062],[-76.4179164,-11.8364174],[-76.4118595,-11.8298781],[-76.4051768,-11.8239513],[-76.3979325,-11.8186939],[-76.3901965,-11.8141567],[-76.3820433,-11.8103833],[-76.3735514,-11.8074101],[-76.3648026,-11.8052656],[-76.355881,-11.8039707],[-76.3468728,-11.8035376]]]},"properties":{"name":"Cerro Pitiroquiña","local_name":"Cerro Pitiroquiña","english_name":"Cerro Pitiroquiña","search_name":"Cerro Pitiroquiña Cerro Pitiroquiña Cerro Pitiroquiña Cerro Pitiroquiña Cerro Pitiroquiña Cerro Pitiroquiña","peak_elev":4722,"radius_m":10000,"layer":"平均突起响应半径","rank_pct":0.2053,"center_lon":-76.34687276626981,"center_lat":-11.893469782921436,"max_mean_jut":144.6979,"max_ats":38.9397,"r_jmean_peak":10000,"r_ats_peak":10000,"r_ats_marginal":687.5,"ats_marginal_rate_max":0.021532,"ats_marginal_interval_start":625,"ats_marginal_interval_end":750,"ats_marginal_ats_mean":11.3662}},{"type":"Feature","geometry":{"type":"Polygon","coordinates":[[[-78.025824,-8.6531459],[-78.0169055,-8.653579],[-78.0080729,-8.6548739],[-77.9994112,-8.6570184],[-77.9910039,-8.6599916],[-77.9829319,-8.663765],[-77.975273,-8.6683022],[-77.9681009,-8.6735596],[-77.9614848,-8.6794864],[-77.9554882,-8.6860257],[-77.9501691,-8.6931145],[-77.9455785,-8.7006844],[-77.9417607,-8.7086625],[-77.9387525,-8.7169722],[-77.9365829,-8.7255332],[-77.9352727,-8.7342632],[-77.9348346,-8.7430781],[-77.9352727,-8.751893],[-77.9365829,-8.760623],[-77.9387525,-8.769184],[-77.9417607,-8.7774936],[-77.9455785,-8.7854718],[-77.9501691,-8.7930417],[-77.9554882,-8.8001304],[-77.9614848,-8.8066697],[-77.9681009,-8.8125966],[-77.975273,-8.8178539],[-77.9829319,-8.8223912],[-77.9910039,-8.8261646],[-77.9994112,-8.8291378],[-78.0080729,-8.8312822],[-78.0169055,-8.8325772],[-78.025824,-8.8330102],[-78.0347426,-8.8325772],[-78.0435752,-8.8312822],[-78.0522369,-8.8291378],[-78.0606442,-8.8261646],[-78.0687162,-8.8223912],[-78.0763751,-8.8178539],[-78.0835471,-8.8125966],[-78.0901633,-8.8066697],[-78.0961598,-8.8001304],[-78.101479,-8.7930417],[-78.1060696,-8.7854718],[-78.1098873,-8.7774936],[-78.1128955,-8.769184],[-78.1150652,-8.760623],[-78.1163754,-8.751893],[-78.1168135,-8.7430781],[-78.1163754,-8.7342632],[-78.1150652,-8.7255332],[-78.1128955,-8.7169722],[-78.1098873,-8.7086625],[-78.1060696,-8.7006844],[-78.101479,-8.6931145],[-78.0961598,-8.6860257],[-78.0901633,-8.6794864],[-78.0835471,-8.6735596],[-78.0763751,-8.6683022],[-78.0687162,-8.663765],[-78.0606442,-8.6599916],[-78.0522369,-8.6570184],[-78.0435752,-8.6548739],[-78.0347426,-8.653579],[-78.025824,-8.6531459]]]},"properties":{"name":"Cerro Shacshana","local_name":"Cerro Shacshana","english_name":"Cerro Shacshana","search_name":"Cerro Shacshana Cerro Shacshana Cerro Shacshana Cerro Shacshana Cerro Shacshana Cerro Shacshana","peak_elev":4407,"radius_m":10000,"layer":"平均突起响应半径","rank_pct":0.2053,"center_lon":-78.0258240322892,"center_lat":-8.743078081514273,"max_mean_jut":498.059,"max_ats":228.743,"r_jmean_peak":10000,"r_ats_peak":11000,"r_ats_marginal":187.5,"ats_marginal_rate_max":0.058698,"ats_marginal_interval_start":125,"ats_marginal_interval_end":250,"ats_marginal_ats_mean":8.2369}},{"type":"Feature","geometry":{"type":"Polygon","coordinates":[[[-71.9174598,-15.4374026],[-71.908311,-15.4378357],[-71.8992503,-15.4391306],[-71.890365,-15.4412751],[-71.8817406,-15.4442483],[-71.8734602,-15.4480217],[-71.8656035,-15.4525589],[-71.8582463,-15.4578163],[-71.8514593,-15.4637431],[-71.8453079,-15.4702824],[-71.8398514,-15.4773711],[-71.8351423,-15.484941],[-71.831226,-15.4929192],[-71.8281401,-15.5012288],[-71.8259145,-15.5097899],[-71.8245705,-15.5185199],[-71.824121,-15.5273348],[-71.8245705,-15.5361497],[-71.8259145,-15.5448797],[-71.8281401,-15.5534407],[-71.831226,-15.5617503],[-71.8351423,-15.5697285],[-71.8398514,-15.5772984],[-71.8453079,-15.5843871],[-71.8514593,-15.5909264],[-71.8582463,-15.5968533],[-71.8656035,-15.6021106],[-71.8734602,-15.6066479],[-71.8817406,-15.6104213],[-71.890365,-15.6133945],[-71.8992503,-15.6155389],[-71.908311,-15.6168339],[-71.9174598,-15.6172669],[-71.9266086,-15.6168339],[-71.9356693,-15.6155389],[-71.9445546,-15.6133945],[-71.953179,-15.6104213],[-71.9614593,-15.6066479],[-71.969316,-15.6021106],[-71.9766732,-15.5968533],[-71.9834602,-15.5909264],[-71.9896116,-15.5843871],[-71.9950681,-15.5772984],[-71.9997772,-15.5697285],[-72.0036935,-15.5617503],[-72.0067794,-15.5534407],[-72.009005,-15.5448797],[-72.0103491,-15.5361497],[-72.0107985,-15.5273348],[-72.0103491,-15.5185199],[-72.009005,-15.5097899],[-72.0067794,-15.5012288],[-72.0036935,-15.4929192],[-71.9997772,-15.484941],[-71.9950681,-15.4773711],[-71.9896116,-15.4702824],[-71.9834602,-15.4637431],[-71.9766732,-15.4578163],[-71.969316,-15.4525589],[-71.9614593,-15.4480217],[-71.953179,-15.4442483],[-71.9445546,-15.4412751],[-71.9356693,-15.4391306],[-71.9266086,-15.4378357],[-71.9174598,-15.4374026]]]},"properties":{"name":"Nevado Sepregina","local_name":"Nevado Sepregina","english_name":"Nevado Sepregina","search_name":"Nevado Sepregina Nevado Sepregina Nevado Sepregina Nevado Sepregina Nevado Sepregina Nevado Sepregina","peak_elev":5471,"radius_m":10000,"layer":"平均突起响应半径","rank_pct":0.2053,"center_lon":-71.91745976333327,"center_lat":-15.527334770241724,"max_mean_jut":235.4225,"max_ats":78.453,"r_jmean_peak":10000,"r_ats_peak":10500,"r_ats_marginal":187.5,"ats_marginal_rate_max":0.128646,"ats_marginal_interval_start":125,"ats_marginal_interval_end":250,"ats_marginal_ats_mean":14.832}},{"type":"Feature","geometry":{"type":"Polygon","coordinates":[[[-71.1035861,8.596933],[-71.0946732,8.5964999],[-71.085846,8.595205],[-71.0771898,8.5930605],[-71.0687877,8.5900873],[-71.0607208,8.5863139],[-71.0530667,8.5817767],[-71.0458991,8.5765193],[-71.039287,8.5705925],[-71.0332943,8.5640532],[-71.0279784,8.5569645],[-71.0233907,8.5493946],[-71.0195753,8.5414164],[-71.016569,8.5331068],[-71.0144007,8.5245457],[-71.0130914,8.5158157],[-71.0126535,8.5070008],[-71.0130914,8.4981859],[-71.0144007,8.4894559],[-71.016569,8.4808949],[-71.0195753,8.4725853],[-71.0233907,8.4646071],[-71.0279784,8.4570372],[-71.0332943,8.4499485],[-71.039287,8.4434092],[-71.0458991,8.4374823],[-71.0530667,8.432225],[-71.0607208,8.4276877],[-71.0687877,8.4239143],[-71.0771898,8.4209411],[-71.085846,8.4187967],[-71.0946732,8.4175017],[-71.1035861,8.4170687],[-71.1124991,8.4175017],[-71.1213262,8.4187967],[-71.1299825,8.4209411],[-71.1383845,8.4239143],[-71.1464515,8.4276877],[-71.1541056,8.432225],[-71.1612732,8.4374823],[-71.1678852,8.4434092],[-71.173878,8.4499485],[-71.1791938,8.4570372],[-71.1837815,8.4646071],[-71.1875969,8.4725853],[-71.1906032,8.4808949],[-71.1927715,8.4894559],[-71.1940809,8.4981859],[-71.1945187,8.5070008],[-71.1940809,8.5158157],[-71.1927715,8.5245457],[-71.1906032,8.5331068],[-71.1875969,8.5414164],[-71.1837815,8.5493946],[-71.1791938,8.5569645],[-71.173878,8.5640532],[-71.1678852,8.5705925],[-71.1612732,8.5765193],[-71.1541056,8.5817767],[-71.1464515,8.5863139],[-71.1383845,8.5900873],[-71.1299825,8.5930605],[-71.1213262,8.595205],[-71.1124991,8.5964999],[-71.1035861,8.596933]]]},"properties":{"name":"Pico El León [-71.10412,8.50646]","local_name":"Pico El León","english_name":"Pico El León","search_name":"Pico El León Pico El León Pico El León Pico El León Pico El León Pico El León [-71.10412,8.50646]","peak_elev":4595,"radius_m":10000,"layer":"平均突起响应半径","rank_pct":0.2053,"center_lon":-71.10358611592099,"center_lat":8.507000824847664,"max_mean_jut":460.3221,"max_ats":224.6431,"r_jmean_peak":10000,"r_ats_peak":12000,"r_ats_marginal":562.5,"ats_marginal_rate_max":0.089281,"ats_marginal_interval_start":500,"ats_marginal_interval_end":625,"ats_marginal_ats_mean":23.3303}},{"type":"Feature","geometry":{"type":"Polygon","coordinates":[[[-77.925572,-9.3048762],[-77.9168607,-9.3052984],[-77.9082333,-9.306561],[-77.8997729,-9.3086518],[-77.8915609,-9.3115507],[-77.8836765,-9.3152298],[-77.8761955,-9.3196536],[-77.8691901,-9.3247795],[-77.8627277,-9.3305582],[-77.8568705,-9.336934],[-77.8516749,-9.3438455],[-77.847191,-9.3512261],[-77.8434619,-9.3590049],[-77.8405236,-9.3671068],[-77.8384044,-9.3754538],[-77.8371246,-9.3839655],[-77.8366967,-9.39256],[-77.8371246,-9.4011546],[-77.8384044,-9.4096663],[-77.8405236,-9.4180133],[-77.8434619,-9.4261152],[-77.847191,-9.4338939],[-77.8516749,-9.4412746],[-77.8568705,-9.4481861],[-77.8627277,-9.4545619],[-77.8691901,-9.4603406],[-77.8761955,-9.4654665],[-77.8836765,-9.4698903],[-77.8915609,-9.4735694],[-77.8997729,-9.4764683],[-77.9082333,-9.4785591],[-77.9168607,-9.4798217],[-77.925572,-9.4802439],[-77.9342834,-9.4798217],[-77.9429108,-9.4785591],[-77.9513712,-9.4764683],[-77.9595832,-9.4735694],[-77.9674676,-9.4698903],[-77.9749486,-9.4654665],[-77.981954,-9.4603406],[-77.9884164,-9.4545619],[-77.9942736,-9.4481861],[-77.9994692,-9.4412746],[-78.0039531,-9.4338939],[-78.0076822,-9.4261152],[-78.0106205,-9.4180133],[-78.0127397,-9.4096663],[-78.0140195,-9.4011546],[-78.0144474,-9.39256],[-78.0140195,-9.3839655],[-78.0127397,-9.3754538],[-78.0106205,-9.3671068],[-78.0076822,-9.3590049],[-78.0039531,-9.3512261],[-77.9994692,-9.3438455],[-77.9942736,-9.336934],[-77.9884164,-9.3305582],[-77.981954,-9.3247795],[-77.9749486,-9.3196536],[-77.9674676,-9.3152298],[-77.9595832,-9.3115507],[-77.9513712,-9.3086518],[-77.9429108,-9.306561],[-77.9342834,-9.3052984],[-77.925572,-9.3048762]]]},"properties":{"name":"Cerro Huanquin","local_name":"Cerro Huanquin","english_name":"Cerro Huanquin","search_name":"Cerro Huanquin Cerro Huanquin Cerro Huanquin Cerro Huanquin Cerro Huanquin Cerro Huanquin","peak_elev":4379,"radius_m":9750,"layer":"平均突起响应半径","rank_pct":0.224,"center_lon":-77.92557204658146,"center_lat":-9.392560031932687,"max_mean_jut":322.1588,"max_ats":130.9859,"r_jmean_peak":9750,"r_ats_peak":9750,"r_ats_marginal":1437.5,"ats_marginal_rate_max":0.031704,"ats_marginal_interval_start":1375,"ats_marginal_interval_end":1500,"ats_marginal_ats_mean":35.6878}},{"type":"Feature","geometry":{"type":"Polygon","coordinates":[[[-72.2101309,-15.507833],[-72.2012078,-15.5082553],[-72.1923707,-15.5095179],[-72.1837047,-15.5116087],[-72.1752931,-15.5145076],[-72.1672171,-15.5181866],[-72.1595543,-15.5226104],[-72.1523786,-15.5277364],[-72.1457591,-15.5335151],[-72.1397595,-15.5398909],[-72.1344377,-15.5468024],[-72.1298448,-15.554183],[-72.1260251,-15.5619617],[-72.1230154,-15.5700636],[-72.1208446,-15.5784106],[-72.1195338,-15.5869224],[-72.1190954,-15.5955169],[-72.1195338,-15.6041114],[-72.1208446,-15.6126232],[-72.1230154,-15.6209702],[-72.1260251,-15.6290721],[-72.1298448,-15.6368508],[-72.1344377,-15.6442314],[-72.1397595,-15.651143],[-72.1457591,-15.6575187],[-72.1523786,-15.6632974],[-72.1595543,-15.6684234],[-72.1672171,-15.6728472],[-72.1752931,-15.6765262],[-72.1837047,-15.6794251],[-72.1923707,-15.6815159],[-72.2012078,-15.6827785],[-72.2101309,-15.6832008],[-72.2190539,-15.6827785],[-72.227891,-15.6815159],[-72.2365571,-15.6794251],[-72.2449686,-15.6765262],[-72.2530447,-15.6728472],[-72.2607075,-15.6684234],[-72.2678832,-15.6632974],[-72.2745027,-15.6575187],[-72.2805022,-15.651143],[-72.2858241,-15.6442314],[-72.290417,-15.6368508],[-72.2942367,-15.6290721],[-72.2972464,-15.6209702],[-72.2994171,-15.6126232],[-72.300728,-15.6041114],[-72.3011663,-15.5955169],[-72.300728,-15.5869224],[-72.2994171,-15.5784106],[-72.2972464,-15.5700636],[-72.2942367,-15.5619617],[-72.290417,-15.554183],[-72.2858241,-15.5468024],[-72.2805022,-15.5398909],[-72.2745027,-15.5335151],[-72.2678832,-15.5277364],[-72.2607075,-15.5226104],[-72.2530447,-15.5181866],[-72.2449686,-15.5145076],[-72.2365571,-15.5116087],[-72.227891,-15.5095179],[-72.2190539,-15.5082553],[-72.2101309,-15.507833]]]},"properties":{"name":"Cerro Sucna [-72.20972,-15.59480]","local_name":"Cerro Sucna","english_name":"Cerro Sucna","search_name":"Cerro Sucna Cerro Sucna Cerro Sucna Cerro Sucna Cerro Sucna Cerro Sucna [-72.20972,-15.59480]","peak_elev":5122,"radius_m":9750,"layer":"平均突起响应半径","rank_pct":0.224,"center_lon":-72.21013088289942,"center_lat":-15.595516900306396,"max_mean_jut":510.2415,"max_ats":236.0918,"r_jmean_peak":9750,"r_ats_peak":10500,"r_ats_marginal":4875.0,"ats_marginal_rate_max":0.050236,"ats_marginal_interval_start":4750,"ats_marginal_interval_end":5000,"ats_marginal_ats_mean":127.8154}},{"type":"Feature","geometry":{"type":"Polygon","coordinates":[[[-69.8356141,-33.4278755],[-69.8253056,-33.4282977],[-69.8150965,-33.4295603],[-69.8050849,-33.4316511],[-69.7953673,-33.43455],[-69.7860374,-33.4382291],[-69.7771849,-33.4426529],[-69.7688951,-33.4477788],[-69.7612478,-33.4535575],[-69.7543167,-33.4599333],[-69.7481686,-33.4668448],[-69.7428626,-33.4742255],[-69.7384498,-33.4820042],[-69.7349728,-33.4901061],[-69.7324651,-33.4984531],[-69.7309507,-33.5069648],[-69.7304443,-33.5155593],[-69.7309507,-33.5241539],[-69.7324651,-33.5326656],[-69.7349728,-33.5410126],[-69.7384498,-33.5491145],[-69.7428626,-33.5568932],[-69.7481686,-33.5642739],[-69.7543167,-33.5711854],[-69.7612478,-33.5775612],[-69.7688951,-33.5833399],[-69.7771849,-33.5884658],[-69.7860374,-33.5928896],[-69.7953673,-33.5965687],[-69.8050849,-33.5994676],[-69.8150965,-33.6015584],[-69.8253056,-33.602821],[-69.8356141,-33.6032432],[-69.8459225,-33.602821],[-69.8561317,-33.6015584],[-69.8661433,-33.5994676],[-69.8758608,-33.5965687],[-69.8851908,-33.5928896],[-69.8940433,-33.5884658],[-69.9023331,-33.5833399],[-69.9099804,-33.5775612],[-69.9169115,-33.5711854],[-69.9230596,-33.5642739],[-69.9283656,-33.5568932],[-69.9327783,-33.5491145],[-69.9362553,-33.5410126],[-69.9387631,-33.5326656],[-69.9402775,-33.5241539],[-69.9407839,-33.5155593],[-69.9402775,-33.5069648],[-69.9387631,-33.4984531],[-69.9362553,-33.4901061],[-69.9327783,-33.4820042],[-69.9283656,-33.4742255],[-69.9230596,-33.4668448],[-69.9169115,-33.4599333],[-69.9099804,-33.4535575],[-69.9023331,-33.4477788],[-69.8940433,-33.4426529],[-69.8851908,-33.4382291],[-69.8758608,-33.43455],[-69.8661433,-33.4316511],[-69.8561317,-33.4295603],[-69.8459225,-33.4282977],[-69.8356141,-33.4278755]]]},"properties":{"name":"Nevado de los Piuquenes","local_name":"Nevado de los Piuquenes","english_name":"Nevado de los Piuquenes","search_name":"Nevado de los Piuquenes Nevado de los Piuquenes Nevado de los Piuquenes Nevado de los Piuquenes Nevado de los Piuquenes Nevado de los Piuquenes","peak_elev":5997,"radius_m":9750,"layer":"平均突起响应半径","rank_pct":0.224,"center_lon":-69.83561409238628,"center_lat":-33.515559345564675,"max_mean_jut":431.5777,"max_ats":250.4453,"r_jmean_peak":9750,"r_ats_peak":10500,"r_ats_marginal":562.5,"ats_marginal_rate_max":0.155814,"ats_marginal_interval_start":500,"ats_marginal_interval_end":625,"ats_marginal_ats_mean":52.1579}},{"type":"Feature","geometry":{"type":"Polygon","coordinates":[[[-70.4325446,-36.5499703],[-70.4218339,-36.5503925],[-70.4112264,-36.5516551],[-70.4008242,-36.5537459],[-70.3907274,-36.5566448],[-70.3810334,-36.5603239],[-70.3718355,-36.5647477],[-70.3632222,-36.5698736],[-70.3552766,-36.5756523],[-70.348075,-36.5820281],[-70.341687,-36.5889396],[-70.336174,-36.5963202],[-70.331589,-36.604099],[-70.3279764,-36.6122008],[-70.3253707,-36.6205478],[-70.3237973,-36.6290596],[-70.3232711,-36.6376541],[-70.3237973,-36.6462486],[-70.3253707,-36.6547604],[-70.3279764,-36.6631074],[-70.331589,-36.6712093],[-70.336174,-36.678988],[-70.341687,-36.6863687],[-70.348075,-36.6932802],[-70.3552766,-36.699656],[-70.3632222,-36.7054347],[-70.3718355,-36.7105606],[-70.3810334,-36.7149844],[-70.3907274,-36.7186634],[-70.4008242,-36.7215623],[-70.4112264,-36.7236532],[-70.4218339,-36.7249158],[-70.4325446,-36.725338],[-70.4432553,-36.7249158],[-70.4538628,-36.7236532],[-70.464265,-36.7215623],[-70.4743618,-36.7186634],[-70.4840558,-36.7149844],[-70.4932537,-36.7105606],[-70.501867,-36.7054347],[-70.5098126,-36.699656],[-70.5170142,-36.6932802],[-70.5234022,-36.6863687],[-70.5289152,-36.678988],[-70.5335002,-36.6712093],[-70.5371128,-36.6631074],[-70.5397185,-36.6547604],[-70.5412919,-36.6462486],[-70.5418181,-36.6376541],[-70.5412919,-36.6290596],[-70.5397185,-36.6205478],[-70.5371128,-36.6122008],[-70.5335002,-36.604099],[-70.5289152,-36.5963202],[-70.5234022,-36.5889396],[-70.5170142,-36.5820281],[-70.5098126,-36.5756523],[-70.501867,-36.5698736],[-70.4932537,-36.5647477],[-70.4840558,-36.5603239],[-70.4743618,-36.5566448],[-70.464265,-36.5537459],[-70.4538628,-36.5516551],[-70.4432553,-36.5503925],[-70.4325446,-36.5499703]]]},"properties":{"name":"Volcán Domuyo","local_name":"Volcán Domuyo","english_name":"Volcán Domuyo","search_name":"Volcán Domuyo Volcán Domuyo Volcán Domuyo Volcán Domuyo Volcán Domuyo Volcán Domuyo","peak_elev":4703,"radius_m":9750,"layer":"平均突起响应半径","rank_pct":0.224,"center_lon":-70.4325445986837,"center_lat":-36.63765411552207,"max_mean_jut":378.1527,"max_ats":228.4322,"r_jmean_peak":9750,"r_ats_peak":9500,"r_ats_marginal":937.5,"ats_marginal_rate_max":0.090243,"ats_marginal_interval_start":875,"ats_marginal_interval_end":1000,"ats_marginal_ats_mean":30.98}},{"type":"Feature","geometry":{"type":"Polygon","coordinates":[[[-76.9756036,-10.896873],[-76.9670733,-10.8972844],[-76.958625,-10.8985147],[-76.9503403,-10.9005519],[-76.9422989,-10.9033764],[-76.9345783,-10.9069612],[-76.9272527,-10.9112715],[-76.9203928,-10.916266],[-76.9140646,-10.9218965],[-76.908329,-10.9281088],[-76.9032413,-10.9348431],[-76.8988506,-10.9420345],[-76.8951989,-10.9496138],[-76.8923217,-10.957508],[-76.8902465,-10.9656409],[-76.8889933,-10.9739344],[-76.8885742,-10.9823086],[-76.8889933,-10.9906827],[-76.8902465,-10.9989762],[-76.8923217,-11.0071092],[-76.8951989,-11.0150034],[-76.8988506,-11.0225826],[-76.9032413,-11.029774],[-76.908329,-11.0365083],[-76.9140646,-11.0427206],[-76.9203928,-11.0483512],[-76.9272527,-11.0533457],[-76.9345783,-11.057656],[-76.9422989,-11.0612407],[-76.9503403,-11.0640653],[-76.958625,-11.0661025],[-76.9670733,-11.0673327],[-76.9756036,-11.0677441],[-76.984134,-11.0673327],[-76.9925822,-11.0661025],[-77.0008669,-11.0640653],[-77.0089083,-11.0612407],[-77.016629,-11.057656],[-77.0239546,-11.0533457],[-77.0308145,-11.0483512],[-77.0371427,-11.0427206],[-77.0428783,-11.0365083],[-77.0479659,-11.029774],[-77.0523567,-11.0225826],[-77.0560083,-11.0150034],[-77.0588856,-11.0071092],[-77.0609608,-10.9989762],[-77.062214,-10.9906827],[-77.062633,-10.9823086],[-77.062214,-10.9739344],[-77.0609608,-10.9656409],[-77.0588856,-10.957508],[-77.0560083,-10.9496138],[-77.0523567,-10.9420345],[-77.0479659,-10.9348431],[-77.0428783,-10.9281088],[-77.0371427,-10.9218965],[-77.0308145,-10.916266],[-77.0239546,-10.9112715],[-77.016629,-10.9069612],[-77.0089083,-10.9033764],[-77.0008669,-10.9005519],[-76.9925822,-10.8985147],[-76.984134,-10.8972844],[-76.9756036,-10.896873]]]},"properties":{"name":"Cerro Carhuacayan","local_name":"Cerro Carhuacayan","english_name":"Cerro Carhuacayan","search_name":"Cerro Carhuacayan Cerro Carhuacayan Cerro Carhuacayan Cerro Carhuacayan Cerro Carhuacayan Cerro Carhuacayan","peak_elev":3977,"radius_m":9500,"layer":"平均突起响应半径","rank_pct":0.2347,"center_lon":-76.97560363362507,"center_lat":-10.982308590239006,"max_mean_jut":205.1284,"max_ats":59.4024,"r_jmean_peak":9500,"r_ats_peak":10500,"r_ats_marginal":937.5,"ats_marginal_rate_max":0.036074,"ats_marginal_interval_start":875,"ats_marginal_interval_end":1000,"ats_marginal_ats_mean":21.3756}},{"type":"Feature","geometry":{"type":"Polygon","coordinates":[[[-78.101013,-8.5121155],[-78.0925437,-8.5125268],[-78.0841559,-8.5137571],[-78.0759305,-8.5157943],[-78.0679467,-8.5186188],[-78.0602813,-8.5222036],[-78.0530081,-8.5265139],[-78.0461973,-8.5315084],[-78.0399144,-8.5371389],[-78.0342199,-8.5433513],[-78.0291686,-8.5500856],[-78.0248093,-8.557277],[-78.0211838,-8.5648562],[-78.0183271,-8.5727504],[-78.0162668,-8.5808834],[-78.0150226,-8.5891769],[-78.0146065,-8.597551],[-78.0150226,-8.6059252],[-78.0162668,-8.6142187],[-78.0183271,-8.6223516],[-78.0211838,-8.6302458],[-78.0248093,-8.637825],[-78.0291686,-8.6450165],[-78.0342199,-8.6517507],[-78.0399144,-8.6579631],[-78.0461973,-8.6635936],[-78.0530081,-8.6685881],[-78.0602813,-8.6728984],[-78.0679467,-8.6764832],[-78.0759305,-8.6793077],[-78.0841559,-8.6813449],[-78.0925437,-8.6825752],[-78.101013,-8.6829866],[-78.1094823,-8.6825752],[-78.1178701,-8.6813449],[-78.1260955,-8.6793077],[-78.1340794,-8.6764832],[-78.1417448,-8.6728984],[-78.1490179,-8.6685881],[-78.1558287,-8.6635936],[-78.1621117,-8.6579631],[-78.1678062,-8.6517507],[-78.1728574,-8.6450165],[-78.1772168,-8.637825],[-78.1808422,-8.6302458],[-78.1836989,-8.6223516],[-78.1857593,-8.6142187],[-78.1870035,-8.6059252],[-78.1874195,-8.597551],[-78.1870035,-8.5891769],[-78.1857593,-8.5808834],[-78.1836989,-8.5727504],[-78.1808422,-8.5648562],[-78.1772168,-8.557277],[-78.1728574,-8.5500856],[-78.1678062,-8.5433513],[-78.1621117,-8.5371389],[-78.1558287,-8.5315084],[-78.1490179,-8.5265139],[-78.1417448,-8.5222036],[-78.1340794,-8.5186188],[-78.1260955,-8.5157943],[-78.1178701,-8.5137571],[-78.1094823,-8.5125268],[-78.101013,-8.5121155]]]},"properties":{"name":"Cerro Combe","local_name":"Cerro Combe","english_name":"Cerro Combe","search_name":"Cerro Combe Cerro Combe Cerro Combe Cerro Combe Cerro Combe Cerro Combe","peak_elev":3597,"radius_m":9500,"layer":"平均突起响应半径","rank_pct":0.2347,"center_lon":-78.10101302157,"center_lat":-8.597551005486912,"max_mean_jut":280.4632,"max_ats":121.6903,"r_jmean_peak":9500,"r_ats_peak":11000,"r_ats_marginal":187.5,"ats_marginal_rate_max":0.049933,"ats_marginal_interval_start":125,"ats_marginal_interval_end":250,"ats_marginal_ats_mean":6.1646}},{"type":"Feature","geometry":{"type":"Polygon","coordinates":[[[-73.5522139,-13.1972788],[-73.5436096,-13.1976902],[-73.5350881,-13.1989204],[-73.5267316,-13.2009576],[-73.5186205,-13.2037822],[-73.5108329,-13.2073669],[-73.5034438,-13.2116773],[-73.4965244,-13.2166718],[-73.4901413,-13.2223023],[-73.484356,-13.2285146],[-73.4792242,-13.2352489],[-73.4747954,-13.2424403],[-73.4711121,-13.2500196],[-73.4682099,-13.2579137],[-73.4661167,-13.2660467],[-73.4648527,-13.2743402],[-73.46443,-13.2827144],[-73.4648527,-13.2910885],[-73.4661167,-13.299382],[-73.4682099,-13.307515],[-73.4711121,-13.3154091],[-73.4747954,-13.3229884],[-73.4792242,-13.3301798],[-73.484356,-13.3369141],[-73.4901413,-13.3431264],[-73.4965244,-13.3487569],[-73.5034438,-13.3537514],[-73.5108329,-13.3580618],[-73.5186205,-13.3616465],[-73.5267316,-13.3644711],[-73.5350881,-13.3665083],[-73.5436096,-13.3677385],[-73.5522139,-13.3681499],[-73.5608182,-13.3677385],[-73.5693397,-13.3665083],[-73.5776962,-13.3644711],[-73.5858074,-13.3616465],[-73.593595,-13.3580618],[-73.6009841,-13.3537514],[-73.6079035,-13.3487569],[-73.6142865,-13.3431264],[-73.6200718,-13.3369141],[-73.6252036,-13.3301798],[-73.6296324,-13.3229884],[-73.6333157,-13.3154091],[-73.6362179,-13.307515],[-73.6383111,-13.299382],[-73.6395751,-13.2910885],[-73.6399978,-13.2827144],[-73.6395751,-13.2743402],[-73.6383111,-13.2660467],[-73.6362179,-13.2579137],[-73.6333157,-13.2500196],[-73.6296324,-13.2424403],[-73.6252036,-13.2352489],[-73.6200718,-13.2285146],[-73.6142865,-13.2223023],[-73.6079035,-13.2166718],[-73.6009841,-13.2116773],[-73.593595,-13.2073669],[-73.5858074,-13.2037822],[-73.5776962,-13.2009576],[-73.5693397,-13.1989204],[-73.5608182,-13.1976902],[-73.5522139,-13.1972788]]]},"properties":{"name":"Cerro Macizo Lamblas","local_name":"Cerro Macizo Lamblas","english_name":"Cerro Macizo Lamblas","search_name":"Cerro Macizo Lamblas Cerro Macizo Lamblas Cerro Macizo Lamblas Cerro Macizo Lamblas Cerro Macizo Lamblas Cerro Macizo Lamblas","peak_elev":4349,"radius_m":9500,"layer":"平均突起响应半径","rank_pct":0.2347,"center_lon":-73.55221391737398,"center_lat":-13.282714369812275,"max_mean_jut":273.2157,"max_ats":98.912,"r_jmean_peak":9500,"r_ats_peak":11000,"r_ats_marginal":187.5,"ats_marginal_rate_max":0.059039,"ats_marginal_interval_start":125,"ats_marginal_interval_end":250,"ats_marginal_ats_mean":13.0716}},{"type":"Feature","geometry":{"type":"Polygon","coordinates":[[[-76.7462637,-11.2523364],[-76.7377229,-11.2527478],[-76.7292644,-11.253978],[-76.7209695,-11.2560152],[-76.7129182,-11.2588398],[-76.7051881,-11.2624245],[-76.6978536,-11.2667349],[-76.6909853,-11.2717294],[-76.6846493,-11.2773599],[-76.6789067,-11.2835722],[-76.6738128,-11.2903065],[-76.6694167,-11.2974979],[-76.6657606,-11.3050772],[-76.6628798,-11.3129713],[-76.660802,-11.3211043],[-76.6595473,-11.3293978],[-76.6591278,-11.3377719],[-76.6595473,-11.3461461],[-76.660802,-11.3544396],[-76.6628798,-11.3625726],[-76.6657606,-11.3704667],[-76.6694167,-11.378046],[-76.6738128,-11.3852374],[-76.6789067,-11.3919717],[-76.6846493,-11.398184],[-76.6909853,-11.4038145],[-76.6978536,-11.408809],[-76.7051881,-11.4131194],[-76.7129182,-11.4167041],[-76.7209695,-11.4195287],[-76.7292644,-11.4215659],[-76.7377229,-11.4227961],[-76.7462637,-11.4232075],[-76.7548046,-11.4227961],[-76.7632631,-11.4215659],[-76.771558,-11.4195287],[-76.7796092,-11.4167041],[-76.7873394,-11.4131194],[-76.7946739,-11.408809],[-76.8015422,-11.4038145],[-76.8078782,-11.398184],[-76.8136208,-11.3919717],[-76.8187147,-11.3852374],[-76.8231108,-11.378046],[-76.8267669,-11.3704667],[-76.8296477,-11.3625726],[-76.8317254,-11.3544396],[-76.8329801,-11.3461461],[-76.8333997,-11.3377719],[-76.8329801,-11.3293978],[-76.8317254,-11.3211043],[-76.8296477,-11.3129713],[-76.8267669,-11.3050772],[-76.8231108,-11.2974979],[-76.8187147,-11.2903065],[-76.8136208,-11.2835722],[-76.8078782,-11.2773599],[-76.8015422,-11.2717294],[-76.7946739,-11.2667349],[-76.7873394,-11.2624245],[-76.7796092,-11.2588398],[-76.771558,-11.2560152],[-76.7632631,-11.253978],[-76.7548046,-11.2527478],[-76.7462637,-11.2523364]]]},"properties":{"name":"Cerro Mango","local_name":"Cerro Mango","english_name":"Cerro Mango","search_name":"Cerro Mango Cerro Mango Cerro Mango Cerro Mango Cerro Mango Cerro Mango","peak_elev":4889,"radius_m":9500,"layer":"平均突起响应半径","rank_pct":0.2347,"center_lon":-76.74626374158935,"center_lat":-11.3377719481651,"max_mean_jut":344.7207,"max_ats":138.8084,"r_jmean_peak":9500,"r_ats_peak":9750,"r_ats_marginal":187.5,"ats_marginal_rate_max":0.11284,"ats_marginal_interval_start":125,"ats_marginal_interval_end":250,"ats_marginal_ats_mean":11.3359}},{"type":"Feature","geometry":{"type":"Polygon","coordinates":[[[-72.8666197,-43.9929641],[-72.8549628,-43.9933755],[-72.8434183,-43.9946057],[-72.8320971,-43.9966429],[-72.8211084,-43.9994675],[-72.8105581,-44.0030522],[-72.8005476,-44.0073625],[-72.7911734,-44.012357],[-72.7825258,-44.0179876],[-72.7746881,-44.0241999],[-72.7677358,-44.0309342],[-72.7617357,-44.0381256],[-72.7567458,-44.0457048],[-72.752814,-44.053599],[-72.7499782,-44.061732],[-72.7482657,-44.0700255],[-72.747693,-44.0783996],[-72.7482657,-44.0867738],[-72.7499782,-44.0950673],[-72.752814,-44.1032002],[-72.7567458,-44.1110944],[-72.7617357,-44.1186737],[-72.7677358,-44.1258651],[-72.7746881,-44.1325994],[-72.7825258,-44.1388117],[-72.7911734,-44.1444422],[-72.8005476,-44.1494367],[-72.8105581,-44.153747],[-72.8211084,-44.1573318],[-72.8320971,-44.1601563],[-72.8434183,-44.1621935],[-72.8549628,-44.1634238],[-72.8666197,-44.1638352],[-72.8782765,-44.1634238],[-72.8898211,-44.1621935],[-72.9011423,-44.1601563],[-72.912131,-44.1573318],[-72.9226813,-44.153747],[-72.9326918,-44.1494367],[-72.942066,-44.1444422],[-72.9507135,-44.1388117],[-72.9585512,-44.1325994],[-72.9655036,-44.1258651],[-72.9715036,-44.1186737],[-72.9764936,-44.1110944],[-72.9804254,-44.1032002],[-72.9832612,-44.0950673],[-72.9849737,-44.0867738],[-72.9855463,-44.0783996],[-72.9849737,-44.0700255],[-72.9832612,-44.061732],[-72.9804254,-44.053599],[-72.9764936,-44.0457048],[-72.9715036,-44.0381256],[-72.9655036,-44.0309342],[-72.9585512,-44.0241999],[-72.9507135,-44.0179876],[-72.942066,-44.012357],[-72.9326918,-44.0073625],[-72.9226813,-44.0030522],[-72.912131,-43.9994675],[-72.9011423,-43.9966429],[-72.8898211,-43.9946057],[-72.8782765,-43.9933755],[-72.8666197,-43.9929641]]]},"properties":{"name":"Monte Melimoyu","local_name":"Monte Melimoyu","english_name":"Monte Melimoyu","search_name":"Monte Melimoyu Monte Melimoyu Monte Melimoyu Monte Melimoyu Monte Melimoyu Monte Melimoyu","peak_elev":2317,"radius_m":9500,"layer":"平均突起响应半径","rank_pct":0.2347,"center_lon":-72.86661969253396,"center_lat":-44.07839961388407,"max_mean_jut":353.4161,"max_ats":238.681,"r_jmean_peak":9500,"r_ats_peak":11000,"r_ats_marginal":6125.0,"ats_marginal_rate_max":0.038663,"ats_marginal_interval_start":6000,"ats_marginal_interval_end":6250,"ats_marginal_ats_mean":151.4861}},{"type":"Feature","geometry":{"type":"Polygon","coordinates":[[[-66.7822404,10.628468],[-66.7737225,10.6280566],[-66.7652866,10.6268263],[-66.7570139,10.6247891],[-66.7489842,10.6219646],[-66.7412748,10.6183798],[-66.7339599,10.6140695],[-66.72711,10.609075],[-66.720791,10.6034445],[-66.7150638,10.5972322],[-66.7099835,10.5904979],[-66.7055991,10.5833065],[-66.7019528,10.5757272],[-66.6990798,10.567833],[-66.6970076,10.5597001],[-66.6957562,10.5514066],[-66.6953378,10.5430324],[-66.6957562,10.5346583],[-66.6970076,10.5263648],[-66.6990798,10.5182318],[-66.7019528,10.5103376],[-66.7055991,10.5027584],[-66.7099835,10.495567],[-66.7150638,10.4888327],[-66.720791,10.4826204],[-66.72711,10.4769898],[-66.7339599,10.4719954],[-66.7412748,10.467685],[-66.7489842,10.4641003],[-66.7570139,10.4612757],[-66.7652866,10.4592385],[-66.7737225,10.4580083],[-66.7822404,10.4575969],[-66.7907584,10.4580083],[-66.7991943,10.4592385],[-66.807467,10.4612757],[-66.8154967,10.4641003],[-66.8232061,10.467685],[-66.830521,10.4719954],[-66.8373709,10.4769898],[-66.8436899,10.4826204],[-66.8494171,10.4888327],[-66.8544974,10.495567],[-66.8588817,10.5027584],[-66.862528,10.5103376],[-66.8654011,10.5182318],[-66.8674733,10.5263648],[-66.8687246,10.5346583],[-66.8691431,10.5430324],[-66.8687246,10.5514066],[-66.8674733,10.5597001],[-66.8654011,10.567833],[-66.862528,10.5757272],[-66.8588817,10.5833065],[-66.8544974,10.5904979],[-66.8494171,10.5972322],[-66.8436899,10.6034445],[-66.8373709,10.609075],[-66.830521,10.6140695],[-66.8232061,10.6183798],[-66.8154967,10.6219646],[-66.807467,10.6247891],[-66.7991943,10.6268263],[-66.7907584,10.6280566],[-66.7822404,10.628468]]]},"properties":{"name":"Pico Naiguatá","local_name":"Pico Naiguatá","english_name":"Pico Naiguatá","search_name":"Pico Naiguatá Pico Naiguatá Pico Naiguatá Pico Naiguatá Pico Naiguatá Pico Naiguatá","peak_elev":2748,"radius_m":9500,"layer":"平均突起响应半径","rank_pct":0.2347,"center_lon":-66.78224044166403,"center_lat":10.54303241630456,"max_mean_jut":431.3215,"max_ats":264.2099,"r_jmean_peak":9500,"r_ats_peak":12500,"r_ats_marginal":562.5,"ats_marginal_rate_max":0.082403,"ats_marginal_interval_start":500,"ats_marginal_interval_end":625,"ats_marginal_ats_mean":27.523}},{"type":"Feature","geometry":{"type":"Polygon","coordinates":[[[-76.7015276,-11.2265573],[-76.6932124,-11.2269578],[-76.6849772,-11.2281557],[-76.6769014,-11.2301393],[-76.6690628,-11.2328895],[-76.6615369,-11.2363799],[-76.654396,-11.2405768],[-76.6477091,-11.2454399],[-76.6415405,-11.2509222],[-76.6359496,-11.2569711],[-76.6309902,-11.2635282],[-76.6267102,-11.2705303],[-76.6231507,-11.2779101],[-76.620346,-11.2855965],[-76.6183231,-11.2935155],[-76.6171015,-11.3015907],[-76.616693,-11.3097445],[-76.6171015,-11.3178983],[-76.6183231,-11.3259735],[-76.620346,-11.3338925],[-76.6231507,-11.3415789],[-76.6267102,-11.3489587],[-76.6309902,-11.3559609],[-76.6359496,-11.3625179],[-76.6415405,-11.3685668],[-76.6477091,-11.3740491],[-76.654396,-11.3789122],[-76.6615369,-11.3831091],[-76.6690628,-11.3865995],[-76.6769014,-11.3893497],[-76.6849772,-11.3913333],[-76.6932124,-11.3925312],[-76.7015276,-11.3929318],[-76.7098429,-11.3925312],[-76.7180781,-11.3913333],[-76.7261538,-11.3893497],[-76.7339924,-11.3865995],[-76.7415184,-11.3831091],[-76.7486592,-11.3789122],[-76.7553462,-11.3740491],[-76.7615148,-11.3685668],[-76.7671057,-11.3625179],[-76.7720651,-11.3559609],[-76.7763451,-11.3489587],[-76.7799046,-11.3415789],[-76.7827093,-11.3338925],[-76.7847322,-11.3259735],[-76.7859538,-11.3178983],[-76.7863623,-11.3097445],[-76.7859538,-11.3015907],[-76.7847322,-11.2935155],[-76.7827093,-11.2855965],[-76.7799046,-11.2779101],[-76.7763451,-11.2705303],[-76.7720651,-11.2635282],[-76.7671057,-11.2569711],[-76.7615148,-11.2509222],[-76.7553462,-11.2454399],[-76.7486592,-11.2405768],[-76.7415184,-11.2363799],[-76.7339924,-11.2328895],[-76.7261538,-11.2301393],[-76.7180781,-11.2281557],[-76.7098429,-11.2269578],[-76.7015276,-11.2265573]]]},"properties":{"name":"Cerro Artezapunta","local_name":"Cerro Artezapunta","english_name":"Cerro Artezapunta","search_name":"Cerro Artezapunta Cerro Artezapunta Cerro Artezapunta Cerro Artezapunta Cerro Artezapunta Cerro Artezapunta","peak_elev":4813,"radius_m":9250,"layer":"平均突起响应半径","rank_pct":0.2507,"center_lon":-76.7015276404402,"center_lat":-11.30974451130057,"max_mean_jut":176.5239,"max_ats":48.7877,"r_jmean_peak":9250,"r_ats_peak":9750,"r_ats_marginal":437.5,"ats_marginal_rate_max":0.029375,"ats_marginal_interval_start":375,"ats_marginal_interval_end":500,"ats_marginal_ats_mean":8.9311}},{"type":"Feature","geometry":{"type":"Polygon","coordinates":[[[-72.5771825,-12.8623894],[-72.5688161,-12.86279],[-72.5605302,-12.8639878],[-72.5524048,-12.8659714],[-72.5445179,-12.8687216],[-72.5369456,-12.872212],[-72.5297608,-12.876409],[-72.5230328,-12.881272],[-72.5168262,-12.8867544],[-72.5112009,-12.8928032],[-72.506211,-12.8993603],[-72.5019046,-12.9063624],[-72.4983232,-12.9137423],[-72.4955012,-12.9214287],[-72.4934659,-12.9293476],[-72.4922368,-12.9374229],[-72.4918258,-12.9455766],[-72.4922368,-12.9537304],[-72.4934659,-12.9618057],[-72.4955012,-12.9697246],[-72.4983232,-12.977411],[-72.5019046,-12.9847908],[-72.506211,-12.991793],[-72.5112009,-12.9983501],[-72.5168262,-13.0043989],[-72.5230328,-13.0098813],[-72.5297608,-13.0147443],[-72.5369456,-13.0189412],[-72.5445179,-13.0224316],[-72.5524048,-13.0251819],[-72.5605302,-13.0271655],[-72.5688161,-13.0283633],[-72.5771825,-13.0287639],[-72.5855489,-13.0283633],[-72.5938348,-13.0271655],[-72.6019603,-13.0251819],[-72.6098471,-13.0224316],[-72.6174194,-13.0189412],[-72.6246042,-13.0147443],[-72.6313322,-13.0098813],[-72.6375388,-13.0043989],[-72.6431642,-12.9983501],[-72.648154,-12.991793],[-72.6524604,-12.9847908],[-72.6560418,-12.977411],[-72.6588638,-12.9697246],[-72.6608991,-12.9618057],[-72.6621282,-12.9537304],[-72.6625392,-12.9455766],[-72.6621282,-12.9374229],[-72.6608991,-12.9293476],[-72.6588638,-12.9214287],[-72.6560418,-12.9137423],[-72.6524604,-12.9063624],[-72.648154,-12.8993603],[-72.6431642,-12.8928032],[-72.6375388,-12.8867544],[-72.6313322,-12.881272],[-72.6246042,-12.876409],[-72.6174194,-12.872212],[-72.6098471,-12.8687216],[-72.6019603,-12.8659714],[-72.5938348,-12.8639878],[-72.5855489,-12.86279],[-72.5771825,-12.8623894]]]},"properties":{"name":"Cerro Condorsenja","local_name":"Cerro Condorsenja","english_name":"Cerro Condorsenja","search_name":"Cerro Condorsenja Cerro Condorsenja Cerro Condorsenja Cerro Condorsenja Cerro Condorsenja Cerro Condorsenja","peak_elev":3768,"radius_m":9250,"layer":"平均突起响应半径","rank_pct":0.2507,"center_lon":-72.57718250799066,"center_lat":-12.94557664368222,"max_mean_jut":322.0806,"max_ats":154.8742,"r_jmean_peak":9250,"r_ats_peak":10500,"r_ats_marginal":187.5,"ats_marginal_rate_max":0.097207,"ats_marginal_interval_start":125,"ats_marginal_interval_end":250,"ats_marginal_ats_mean":12.0116}},{"type":"Feature","geometry":{"type":"Polygon","coordinates":[[[-72.4486336,-13.0464542],[-72.4402609,-13.0468548],[-72.4319689,-13.0480526],[-72.4238374,-13.0500362],[-72.4159447,-13.0527864],[-72.4083668,-13.0562768],[-72.4011766,-13.0604738],[-72.3944436,-13.0653368],[-72.3882323,-13.0708192],[-72.3826028,-13.076868],[-72.3776092,-13.0834251],[-72.3732997,-13.0904272],[-72.3697156,-13.0978071],[-72.3668915,-13.1054935],[-72.3648547,-13.1134124],[-72.3636247,-13.1214877],[-72.3632133,-13.1296414],[-72.3636247,-13.1377952],[-72.3648547,-13.1458705],[-72.3668915,-13.1537894],[-72.3697156,-13.1614758],[-72.3732997,-13.1688556],[-72.3776092,-13.1758578],[-72.3826028,-13.1824149],[-72.3882323,-13.1884637],[-72.3944436,-13.1939461],[-72.4011766,-13.1988091],[-72.4083668,-13.203006],[-72.4159447,-13.2064964],[-72.4238374,-13.2092467],[-72.4319689,-13.2112303],[-72.4402609,-13.2124281],[-72.4486336,-13.2128287],[-72.4570062,-13.2124281],[-72.4652983,-13.2112303],[-72.4734298,-13.2092467],[-72.4813225,-13.2064964],[-72.4889004,-13.203006],[-72.4960905,-13.1988091],[-72.5028236,-13.1939461],[-72.5090348,-13.1884637],[-72.5146643,-13.1824149],[-72.5196579,-13.1758578],[-72.5239675,-13.1688556],[-72.5275516,-13.1614758],[-72.5303757,-13.1537894],[-72.5324125,-13.1458705],[-72.5336425,-13.1377952],[-72.5340538,-13.1296414],[-72.5336425,-13.1214877],[-72.5324125,-13.1134124],[-72.5303757,-13.1054935],[-72.5275516,-13.0978071],[-72.5239675,-13.0904272],[-72.5196579,-13.0834251],[-72.5146643,-13.076868],[-72.5090348,-13.0708192],[-72.5028236,-13.0653368],[-72.4960905,-13.0604738],[-72.4889004,-13.0562768],[-72.4813225,-13.0527864],[-72.4734298,-13.0500362],[-72.4652983,-13.0480526],[-72.4570062,-13.0468548],[-72.4486336,-13.0464542]]]},"properties":{"name":"Cerro Curcurorjo","local_name":"Cerro Curcurorjo","english_name":"Cerro Curcurorjo","search_name":"Cerro Curcurorjo Cerro Curcurorjo Cerro Curcurorjo Cerro Curcurorjo Cerro Curcurorjo Cerro Curcurorjo","peak_elev":4771,"radius_m":9250,"layer":"平均突起响应半径","rank_pct":0.2507,"center_lon":-72.44863359083315,"center_lat":-13.12964144539831,"max_mean_jut":324.5615,"max_ats":151.5575,"r_jmean_peak":9250,"r_ats_peak":9500,"r_ats_marginal":187.5,"ats_marginal_rate_max":0.078221,"ats_marginal_interval_start":125,"ats_marginal_interval_end":250,"ats_marginal_ats_mean":25.7936}},{"type":"Feature","geometry":{"type":"Polygon","coordinates":[[[-72.1923442,-15.4352542],[-72.183882,-15.4356548],[-72.1755012,-15.4368526],[-72.1672826,-15.4388362],[-72.1593054,-15.4415865],[-72.1516464,-15.4450768],[-72.1443793,-15.4492738],[-72.1375741,-15.4541368],[-72.1312964,-15.4596192],[-72.1256067,-15.465668],[-72.1205596,-15.4722251],[-72.1162039,-15.4792273],[-72.1125814,-15.4866071],[-72.1097272,-15.4942935],[-72.1076685,-15.5022124],[-72.1064253,-15.5102877],[-72.1060096,-15.5184414],[-72.1064253,-15.5265952],[-72.1076685,-15.5346705],[-72.1097272,-15.5425894],[-72.1125814,-15.5502758],[-72.1162039,-15.5576556],[-72.1205596,-15.5646578],[-72.1256067,-15.5712149],[-72.1312964,-15.5772637],[-72.1375741,-15.5827461],[-72.1443793,-15.5876091],[-72.1516464,-15.5918061],[-72.1593054,-15.5952964],[-72.1672826,-15.5980467],[-72.1755012,-15.6000303],[-72.183882,-15.6012281],[-72.1923442,-15.6016287],[-72.2008065,-15.6012281],[-72.2091873,-15.6000303],[-72.2174059,-15.5980467],[-72.2253831,-15.5952964],[-72.2330421,-15.5918061],[-72.2403092,-15.5876091],[-72.2471143,-15.5827461],[-72.253392,-15.5772637],[-72.2590818,-15.5712149],[-72.2641289,-15.5646578],[-72.2684846,-15.5576556],[-72.272107,-15.5502758],[-72.2749613,-15.5425894],[-72.27702,-15.5346705],[-72.2782631,-15.5265952],[-72.2786789,-15.5184414],[-72.2782631,-15.5102877],[-72.27702,-15.5022124],[-72.2749613,-15.4942935],[-72.272107,-15.4866071],[-72.2684846,-15.4792273],[-72.2641289,-15.4722251],[-72.2590818,-15.465668],[-72.253392,-15.4596192],[-72.2471143,-15.4541368],[-72.2403092,-15.4492738],[-72.2330421,-15.4450768],[-72.2253831,-15.4415865],[-72.2174059,-15.4388362],[-72.2091873,-15.4368526],[-72.2008065,-15.4356548],[-72.1923442,-15.4352542]]]},"properties":{"name":"Cerro Jallhua","local_name":"Cerro Jallhua","english_name":"Cerro Jallhua","search_name":"Cerro Jallhua Cerro Jallhua Cerro Jallhua Cerro Jallhua Cerro Jallhua Cerro Jallhua","peak_elev":5126,"radius_m":9250,"layer":"平均突起响应半径","rank_pct":0.2507,"center_lon":-72.19234424027385,"center_lat":-15.51844144892894,"max_mean_jut":192.5939,"max_ats":69.276,"r_jmean_peak":9250,"r_ats_peak":7500,"r_ats_marginal":312.5,"ats_marginal_rate_max":0.070375,"ats_marginal_interval_start":250,"ats_marginal_interval_end":375,"ats_marginal_ats_mean":13.9207}},{"type":"Feature","geometry":{"type":"Polygon","coordinates":[[[-77.950635,-9.1633067],[-77.9423739,-9.1637073],[-77.9341924,-9.1649051],[-77.9261692,-9.1668887],[-77.9183816,-9.169639],[-77.9109046,-9.1731294],[-77.9038103,-9.1773263],[-77.8971669,-9.1821894],[-77.8910384,-9.1876717],[-77.8854839,-9.1937205],[-77.8805568,-9.2002776],[-77.8763046,-9.2072798],[-77.8727683,-9.2146596],[-77.8699818,-9.222346],[-77.8679721,-9.2302649],[-77.8667585,-9.2383402],[-77.8663526,-9.246494],[-77.8667585,-9.2546477],[-77.8679721,-9.262723],[-77.8699818,-9.270642],[-77.8727683,-9.2783283],[-77.8763046,-9.2857082],[-77.8805568,-9.2927103],[-77.8854839,-9.2992674],[-77.8910384,-9.3053162],[-77.8971669,-9.3107986],[-77.9038103,-9.3156616],[-77.9109046,-9.3198586],[-77.9183816,-9.323349],[-77.9261692,-9.3260992],[-77.9341924,-9.3280828],[-77.9423739,-9.3292806],[-77.950635,-9.3296812],[-77.9588962,-9.3292806],[-77.9670777,-9.3280828],[-77.9751009,-9.3260992],[-77.9828885,-9.323349],[-77.9903655,-9.3198586],[-77.9974598,-9.3156616],[-78.0041032,-9.3107986],[-78.0102317,-9.3053162],[-78.0157862,-9.2992674],[-78.0207133,-9.2927103],[-78.0249655,-9.2857082],[-78.0285018,-9.2783283],[-78.0312883,-9.270642],[-78.033298,-9.262723],[-78.0345116,-9.2546477],[-78.0349174,-9.246494],[-78.0345116,-9.2383402],[-78.033298,-9.2302649],[-78.0312883,-9.222346],[-78.0285018,-9.2146596],[-78.0249655,-9.2072798],[-78.0207133,-9.2002776],[-78.0157862,-9.1937205],[-78.0102317,-9.1876717],[-78.0041032,-9.1821894],[-77.9974598,-9.1773263],[-77.9903655,-9.1731294],[-77.9828885,-9.169639],[-77.9751009,-9.1668887],[-77.9670777,-9.1649051],[-77.9588962,-9.1637073],[-77.950635,-9.1633067]]]},"properties":{"name":"Cerro Jatuncunca","local_name":"Cerro Jatuncunca","english_name":"Cerro Jatuncunca","search_name":"Cerro Jatuncunca Cerro Jatuncunca Cerro Jatuncunca Cerro Jatuncunca Cerro Jatuncunca Cerro Jatuncunca","peak_elev":4659,"radius_m":9250,"layer":"平均突起响应半径","rank_pct":0.2507,"center_lon":-77.95063504300839,"center_lat":-9.246493966734851,"max_mean_jut":269.8193,"max_ats":120.5149,"r_jmean_peak":9250,"r_ats_peak":34000,"r_ats_marginal":187.5,"ats_marginal_rate_max":0.074964,"ats_marginal_interval_start":125,"ats_marginal_interval_end":250,"ats_marginal_ats_mean":13.5315}},{"type":"Feature","geometry":{"type":"Polygon","coordinates":[[[-73.1584823,-15.5373926],[-73.1500159,-15.5377932],[-73.1416309,-15.5389911],[-73.1334083,-15.5409747],[-73.1254271,-15.5437249],[-73.1177642,-15.5472153],[-73.1104935,-15.5514122],[-73.103685,-15.5562753],[-73.0974042,-15.5617576],[-73.0917116,-15.5678065],[-73.086662,-15.5743635],[-73.0823042,-15.5813657],[-73.0786799,-15.5887455],[-73.0758242,-15.5964319],[-73.0737645,-15.6043509],[-73.0725207,-15.6124261],[-73.0721048,-15.6205799],[-73.0725207,-15.6287337],[-73.0737645,-15.6368089],[-73.0758242,-15.6447279],[-73.0786799,-15.6524143],[-73.0823042,-15.6597941],[-73.086662,-15.6667963],[-73.0917116,-15.6733533],[-73.0974042,-15.6794022],[-73.103685,-15.6848845],[-73.1104935,-15.6897476],[-73.1177642,-15.6939445],[-73.1254271,-15.6974349],[-73.1334083,-15.7001851],[-73.1416309,-15.7021687],[-73.1500159,-15.7033666],[-73.1584823,-15.7037671],[-73.1669488,-15.7033666],[-73.1753337,-15.7021687],[-73.1835564,-15.7001851],[-73.1915376,-15.6974349],[-73.1992004,-15.6939445],[-73.2064711,-15.6897476],[-73.2132796,-15.6848845],[-73.2195605,-15.6794022],[-73.2252531,-15.6733533],[-73.2303026,-15.6667963],[-73.2346605,-15.6597941],[-73.2382848,-15.6524143],[-73.2411405,-15.6447279],[-73.2432001,-15.6368089],[-73.2444439,-15.6287337],[-73.2448599,-15.6205799],[-73.2444439,-15.6124261],[-73.2432001,-15.6043509],[-73.2411405,-15.5964319],[-73.2382848,-15.5887455],[-73.2346605,-15.5813657],[-73.2303026,-15.5743635],[-73.2252531,-15.5678065],[-73.2195605,-15.5617576],[-73.2132796,-15.5562753],[-73.2064711,-15.5514122],[-73.1992004,-15.5472153],[-73.1915376,-15.5437249],[-73.1835564,-15.5409747],[-73.1753337,-15.5389911],[-73.1669488,-15.5377932],[-73.1584823,-15.5373926]]]},"properties":{"name":"Cerro Parachata","local_name":"Cerro Parachata","english_name":"Cerro Parachata","search_name":"Cerro Parachata Cerro Parachata Cerro Parachata Cerro Parachata Cerro Parachata Cerro Parachata","peak_elev":3899,"radius_m":9250,"layer":"平均突起响应半径","rank_pct":0.2507,"center_lon":-73.15848232834439,"center_lat":-15.62057989673333,"max_mean_jut":379.0692,"max_ats":167.2163,"r_jmean_peak":9250,"r_ats_peak":10000,"r_ats_marginal":3125.0,"ats_marginal_rate_max":0.026465,"ats_marginal_interval_start":3000,"ats_marginal_interval_end":3250,"ats_marginal_ats_mean":48.8909}},{"type":"Feature","geometry":{"type":"Polygon","coordinates":[[[-72.4044365,-15.6942385],[-72.3959635,-15.6946391],[-72.3875721,-15.6958369],[-72.3793431,-15.6978205],[-72.3713558,-15.7005707],[-72.3636871,-15.7040611],[-72.3564108,-15.7082581],[-72.349597,-15.7131211],[-72.3433113,-15.7186035],[-72.3376144,-15.7246523],[-72.3325609,-15.7312094],[-72.3281997,-15.7382115],[-72.3245726,-15.7455914],[-72.3217147,-15.7532778],[-72.3196535,-15.7611967],[-72.3184087,-15.769272],[-72.3179925,-15.7774257],[-72.3184087,-15.7855795],[-72.3196535,-15.7936548],[-72.3217147,-15.8015737],[-72.3245726,-15.8092601],[-72.3281997,-15.8166399],[-72.3325609,-15.8236421],[-72.3376144,-15.8301992],[-72.3433113,-15.836248],[-72.349597,-15.8417304],[-72.3564108,-15.8465934],[-72.3636871,-15.8507903],[-72.3713558,-15.8542807],[-72.3793431,-15.857031],[-72.3875721,-15.8590146],[-72.3959635,-15.8602124],[-72.4044365,-15.860613],[-72.4129095,-15.8602124],[-72.4213009,-15.8590146],[-72.4295299,-15.857031],[-72.4375172,-15.8542807],[-72.4451859,-15.8507903],[-72.4524622,-15.8465934],[-72.459276,-15.8417304],[-72.4655616,-15.836248],[-72.4712586,-15.8301992],[-72.476312,-15.8236421],[-72.4806733,-15.8166399],[-72.4843003,-15.8092601],[-72.4871582,-15.8015737],[-72.4892195,-15.7936548],[-72.4904642,-15.7855795],[-72.4908805,-15.7774257],[-72.4904642,-15.769272],[-72.4892195,-15.7611967],[-72.4871582,-15.7532778],[-72.4843003,-15.7455914],[-72.4806733,-15.7382115],[-72.476312,-15.7312094],[-72.4712586,-15.7246523],[-72.4655616,-15.7186035],[-72.459276,-15.7131211],[-72.4524622,-15.7082581],[-72.4451859,-15.7040611],[-72.4375172,-15.7005707],[-72.4295299,-15.6978205],[-72.4213009,-15.6958369],[-72.4129095,-15.6946391],[-72.4044365,-15.6942385]]]},"properties":{"name":"Cerro Salinas","local_name":"Cerro Salinas","english_name":"Cerro Salinas","search_name":"Cerro Salinas Cerro Salinas Cerro Salinas Cerro Salinas Cerro Salinas Cerro Salinas","peak_elev":3793,"radius_m":9250,"layer":"平均突起响应半径","rank_pct":0.2507,"center_lon":-72.40443647885446,"center_lat":-15.7774257453406,"max_mean_jut":291.9251,"max_ats":109.9605,"r_jmean_peak":9250,"r_ats_peak":10000,"r_ats_marginal":312.5,"ats_marginal_rate_max":0.053451,"ats_marginal_interval_start":250,"ats_marginal_interval_end":375,"ats_marginal_ats_mean":7.6945}},{"type":"Feature","geometry":{"type":"Polygon","coordinates":[[[-76.8508276,-11.0889379],[-76.8427411,-11.0893276],[-76.8347323,-11.0904931],[-76.8268786,-11.0924231],[-76.8192556,-11.095099],[-76.8119366,-11.098495],[-76.8049921,-11.1025785],[-76.7984891,-11.1073102],[-76.7924901,-11.1126443],[-76.7870529,-11.1185297],[-76.7822299,-11.1249096],[-76.7780676,-11.1317225],[-76.7746059,-11.1389028],[-76.7718784,-11.1463815],[-76.7699111,-11.1540864],[-76.7687231,-11.1619434],[-76.7683259,-11.1698768],[-76.7687231,-11.1778102],[-76.7699111,-11.1856672],[-76.7718784,-11.1933722],[-76.7746059,-11.2008508],[-76.7780676,-11.2080312],[-76.7822299,-11.2148441],[-76.7870529,-11.2212239],[-76.7924901,-11.2271093],[-76.7984891,-11.2324435],[-76.8049921,-11.2371751],[-76.8119366,-11.2412586],[-76.8192556,-11.2446547],[-76.8268786,-11.2473306],[-76.8347323,-11.2492605],[-76.8427411,-11.250426],[-76.8508276,-11.2508158],[-76.8589142,-11.250426],[-76.8669229,-11.2492605],[-76.8747766,-11.2473306],[-76.8823997,-11.2446547],[-76.8897187,-11.2412586],[-76.8966632,-11.2371751],[-76.9031662,-11.2324435],[-76.9091652,-11.2271093],[-76.9146024,-11.2212239],[-76.9194254,-11.2148441],[-76.9235877,-11.2080312],[-76.9270493,-11.2008508],[-76.9297769,-11.1933722],[-76.9317442,-11.1856672],[-76.9329321,-11.1778102],[-76.9333294,-11.1698768],[-76.9329321,-11.1619434],[-76.9317442,-11.1540864],[-76.9297769,-11.1463815],[-76.9270493,-11.1389028],[-76.9235877,-11.1317225],[-76.9194254,-11.1249096],[-76.9146024,-11.1185297],[-76.9091652,-11.1126443],[-76.9031662,-11.1073102],[-76.8966632,-11.1025785],[-76.8897187,-11.098495],[-76.8823997,-11.095099],[-76.8747766,-11.0924231],[-76.8669229,-11.0904931],[-76.8589142,-11.0893276],[-76.8508276,-11.0889379]]]},"properties":{"name":"Cerro Aranibal","local_name":"Cerro Aranibal","english_name":"Cerro Aranibal","search_name":"Cerro Aranibal Cerro Aranibal Cerro Aranibal Cerro Aranibal Cerro Aranibal Cerro Aranibal","peak_elev":4730,"radius_m":9000,"layer":"平均突起响应半径","rank_pct":0.2693,"center_lon":-76.85082764066087,"center_lat":-11.16987682156316,"max_mean_jut":265.9384,"max_ats":98.117,"r_jmean_peak":9000,"r_ats_peak":9000,"r_ats_marginal":187.5,"ats_marginal_rate_max":0.072639,"ats_marginal_interval_start":125,"ats_marginal_interval_end":250,"ats_marginal_ats_mean":11.1389}},{"type":"Feature","geometry":{"type":"Polygon","coordinates":[[[-77.9837829,-8.9319032],[-77.9757503,-8.932293],[-77.9677951,-8.9334584],[-77.9599938,-8.9353884],[-77.9524217,-8.9380643],[-77.9451516,-8.9414604],[-77.9382535,-8.9455439],[-77.9317939,-8.9502755],[-77.9258349,-8.9556097],[-77.9204341,-8.961495],[-77.9156433,-8.9678749],[-77.9115088,-8.9746878],[-77.9080702,-8.9818682],[-77.9053609,-8.9893468],[-77.9034068,-8.9970518],[-77.9022267,-9.0049088],[-77.9018321,-9.0128422],[-77.9022267,-9.0207756],[-77.9034068,-9.0286326],[-77.9053609,-9.0363375],[-77.9080702,-9.0438162],[-77.9115088,-9.0509965],[-77.9156433,-9.0578094],[-77.9204341,-9.0641893],[-77.9258349,-9.0700746],[-77.9317939,-9.0754088],[-77.9382535,-9.0801404],[-77.9451516,-9.0842239],[-77.9524217,-9.08762],[-77.9599938,-9.0902959],[-77.9677951,-9.0922259],[-77.9757503,-9.0933914],[-77.9837829,-9.0937811],[-77.9918155,-9.0933914],[-77.9997707,-9.0922259],[-78.0075719,-9.0902959],[-78.0151441,-9.08762],[-78.0224142,-9.0842239],[-78.0293123,-9.0801404],[-78.0357719,-9.0754088],[-78.0417308,-9.0700746],[-78.0471317,-9.0641893],[-78.0519225,-9.0578094],[-78.056057,-9.0509965],[-78.0594955,-9.0438162],[-78.0622049,-9.0363375],[-78.064159,-9.0286326],[-78.065339,-9.0207756],[-78.0657336,-9.0128422],[-78.065339,-9.0049088],[-78.064159,-8.9970518],[-78.0622049,-8.9893468],[-78.0594955,-8.9818682],[-78.056057,-8.9746878],[-78.0519225,-8.9678749],[-78.0471317,-8.961495],[-78.0417308,-8.9556097],[-78.0357719,-8.9502755],[-78.0293123,-8.9455439],[-78.0224142,-8.9414604],[-78.0151441,-8.9380643],[-78.0075719,-8.9353884],[-77.9997707,-8.9334584],[-77.9918155,-8.932293],[-77.9837829,-8.9319032]]]},"properties":{"name":"Cerro Hauypapasillonrun","local_name":"Cerro Hauypapasillonrun","english_name":"Cerro Hauypapasillonrun","search_name":"Cerro Hauypapasillonrun Cerro Hauypapasillonrun Cerro Hauypapasillonrun Cerro Hauypapasillonrun Cerro Hauypapasillonrun Cerro Hauypapasillonrun","peak_elev":4680,"radius_m":9000,"layer":"平均突起响应半径","rank_pct":0.2693,"center_lon":-77.98378287699241,"center_lat":-9.012842161335366,"max_mean_jut":285.2141,"max_ats":110.6961,"r_jmean_peak":9000,"r_ats_peak":8000,"r_ats_marginal":187.5,"ats_marginal_rate_max":0.08299,"ats_marginal_interval_start":125,"ats_marginal_interval_end":250,"ats_marginal_ats_mean":12.0499}},{"type":"Feature","geometry":{"type":"Polygon","coordinates":[[[-77.0699267,-10.2575471],[-77.0618624,-10.2579368],[-77.0538757,-10.2591023],[-77.0460437,-10.2610323],[-77.0384416,-10.2637082],[-77.0311427,-10.2671042],[-77.0242174,-10.2711878],[-77.0177322,-10.2759194],[-77.0117497,-10.2812535],[-77.0063275,-10.2871389],[-77.0015178,-10.2935188],[-76.9973669,-10.3003317],[-76.9939148,-10.307512],[-76.9911948,-10.3149907],[-76.9892329,-10.3226956],[-76.9880482,-10.3305526],[-76.987652,-10.338486],[-76.9880482,-10.3464194],[-76.9892329,-10.3542764],[-76.9911948,-10.3619814],[-76.9939148,-10.36946],[-76.9973669,-10.3766404],[-77.0015178,-10.3834533],[-77.0063275,-10.3898331],[-77.0117497,-10.3957185],[-77.0177322,-10.4010527],[-77.0242174,-10.4057843],[-77.0311427,-10.4098678],[-77.0384416,-10.4132639],[-77.0460437,-10.4159398],[-77.0538757,-10.4178698],[-77.0618624,-10.4190352],[-77.0699267,-10.419425],[-77.0779911,-10.4190352],[-77.0859777,-10.4178698],[-77.0938098,-10.4159398],[-77.1014119,-10.4132639],[-77.1087108,-10.4098678],[-77.1156361,-10.4057843],[-77.1221213,-10.4010527],[-77.1281037,-10.3957185],[-77.1335259,-10.3898331],[-77.1383356,-10.3834533],[-77.1424865,-10.3766404],[-77.1459386,-10.36946],[-77.1486587,-10.3619814],[-77.1506206,-10.3542764],[-77.1518053,-10.3464194],[-77.1522014,-10.338486],[-77.1518053,-10.3305526],[-77.1506206,-10.3226956],[-77.1486587,-10.3149907],[-77.1459386,-10.307512],[-77.1424865,-10.3003317],[-77.1383356,-10.2935188],[-77.1335259,-10.2871389],[-77.1281037,-10.2812535],[-77.1221213,-10.2759194],[-77.1156361,-10.2711878],[-77.1087108,-10.2671042],[-77.1014119,-10.2637082],[-77.0938098,-10.2610323],[-77.0859777,-10.2591023],[-77.0779911,-10.2579368],[-77.0699267,-10.2575471]]]},"properties":{"name":"Cerro Jirojirca","local_name":"Cerro Jirojirca","english_name":"Cerro Jirojirca","search_name":"Cerro Jirojirca Cerro Jirojirca Cerro Jirojirca Cerro Jirojirca Cerro Jirojirca Cerro Jirojirca","peak_elev":4850,"radius_m":9000,"layer":"平均突起响应半径","rank_pct":0.2693,"center_lon":-77.06992673845761,"center_lat":-10.338486026110544,"max_mean_jut":270.8316,"max_ats":100.9515,"r_jmean_peak":9000,"r_ats_peak":9250,"r_ats_marginal":187.5,"ats_marginal_rate_max":0.048307,"ats_marginal_interval_start":125,"ats_marginal_interval_end":250,"ats_marginal_ats_mean":9.1635}},{"type":"Feature","geometry":{"type":"Polygon","coordinates":[[[-75.9903314,-12.4629136],[-75.9824299,-12.4632925],[-75.9746044,-12.4644256],[-75.9669304,-12.466302],[-75.9594817,-12.4689036],[-75.9523302,-12.4722053],[-75.9455446,-12.4761754],[-75.9391903,-12.4807756],[-75.9333286,-12.4859616],[-75.9280158,-12.4916834],[-75.9233032,-12.4978861],[-75.919236,-12.5045097],[-75.9158536,-12.5114907],[-75.9131884,-12.5187616],[-75.9112662,-12.5262525],[-75.9101054,-12.5338912],[-75.9097172,-12.5416043],[-75.9101054,-12.5493173],[-75.9112662,-12.556956],[-75.9131884,-12.5644469],[-75.9158536,-12.5717179],[-75.919236,-12.5786988],[-75.9233032,-12.5853224],[-75.9280158,-12.5915251],[-75.9333286,-12.5972469],[-75.9391903,-12.6024329],[-75.9455446,-12.6070331],[-75.9523302,-12.6110032],[-75.9594817,-12.6143049],[-75.9669304,-12.6169065],[-75.9746044,-12.6187829],[-75.9824299,-12.619916],[-75.9903314,-12.6202949],[-75.998233,-12.619916],[-76.0060585,-12.6187829],[-76.0137325,-12.6169065],[-76.0211812,-12.6143049],[-76.0283327,-12.6110032],[-76.0351183,-12.6070331],[-76.0414725,-12.6024329],[-76.0473343,-12.5972469],[-76.0526471,-12.5915251],[-76.0573597,-12.5853224],[-76.0614268,-12.5786988],[-76.0648092,-12.5717179],[-76.0674744,-12.5644469],[-76.0693967,-12.556956],[-76.0705575,-12.5493173],[-76.0709456,-12.5416043],[-76.0705575,-12.5338912],[-76.0693967,-12.5262525],[-76.0674744,-12.5187616],[-76.0648092,-12.5114907],[-76.0614268,-12.5045097],[-76.0573597,-12.4978861],[-76.0526471,-12.4916834],[-76.0473343,-12.4859616],[-76.0414725,-12.4807756],[-76.0351183,-12.4761754],[-76.0283327,-12.4722053],[-76.0211812,-12.4689036],[-76.0137325,-12.466302],[-76.0060585,-12.4644256],[-75.998233,-12.4632925],[-75.9903314,-12.4629136]]]},"properties":{"name":"Cerro Chuquimarca","local_name":"Cerro Chuquimarca","english_name":"Cerro Chuquimarca","search_name":"Cerro Chuquimarca Cerro Chuquimarca Cerro Chuquimarca Cerro Chuquimarca Cerro Chuquimarca Cerro Chuquimarca","peak_elev":4809,"radius_m":8750,"layer":"平均突起响应半径","rank_pct":0.2773,"center_lon":-75.99033143000277,"center_lat":-12.54160426041367,"max_mean_jut":305.228,"max_ats":115.1812,"r_jmean_peak":8750,"r_ats_peak":9250,"r_ats_marginal":187.5,"ats_marginal_rate_max":0.04397,"ats_marginal_interval_start":125,"ats_marginal_interval_end":250,"ats_marginal_ats_mean":12.5422}},{"type":"Feature","geometry":{"type":"Polygon","coordinates":[[[-75.8580096,-12.5060328],[-75.8501067,-12.5064117],[-75.8422799,-12.5075448],[-75.8346046,-12.5094211],[-75.8271547,-12.5120227],[-75.8200019,-12.5153244],[-75.8132152,-12.5192945],[-75.8068599,-12.5238947],[-75.8009972,-12.5290807],[-75.7956835,-12.5348026],[-75.7909701,-12.5410052],[-75.7869023,-12.5476289],[-75.7835193,-12.5546098],[-75.7808537,-12.5618807],[-75.7789311,-12.5693716],[-75.7777701,-12.5770104],[-75.7773819,-12.5847234],[-75.7777701,-12.5924364],[-75.7789311,-12.6000752],[-75.7808537,-12.6075661],[-75.7835193,-12.614837],[-75.7869023,-12.6218179],[-75.7909701,-12.6284416],[-75.7956835,-12.6346442],[-75.8009972,-12.6403661],[-75.8068599,-12.6455521],[-75.8132152,-12.6501523],[-75.8200019,-12.6541223],[-75.8271547,-12.6574241],[-75.8346046,-12.6600256],[-75.8422799,-12.661902],[-75.8501067,-12.6630351],[-75.8580096,-12.663414],[-75.8659125,-12.6630351],[-75.8737393,-12.661902],[-75.8814146,-12.6600256],[-75.8888645,-12.6574241],[-75.8960172,-12.6541223],[-75.902804,-12.6501523],[-75.9091593,-12.6455521],[-75.915022,-12.6403661],[-75.9203357,-12.6346442],[-75.9250491,-12.6284416],[-75.9291169,-12.6218179],[-75.9324999,-12.614837],[-75.9351655,-12.6075661],[-75.9370881,-12.6000752],[-75.9382491,-12.5924364],[-75.9386373,-12.5847234],[-75.9382491,-12.5770104],[-75.9370881,-12.5693716],[-75.9351655,-12.5618807],[-75.9324999,-12.5546098],[-75.9291169,-12.5476289],[-75.9250491,-12.5410052],[-75.9203357,-12.5348026],[-75.915022,-12.5290807],[-75.9091593,-12.5238947],[-75.902804,-12.5192945],[-75.8960172,-12.5153244],[-75.8888645,-12.5120227],[-75.8814146,-12.5094211],[-75.8737393,-12.5075448],[-75.8659125,-12.5064117],[-75.8580096,-12.5060328]]]},"properties":{"name":"Cerro Ichupata Punta","local_name":"Cerro Ichupata Punta","english_name":"Cerro Ichupata Punta","search_name":"Cerro Ichupata Punta Cerro Ichupata Punta Cerro Ichupata Punta Cerro Ichupata Punta Cerro Ichupata Punta Cerro Ichupata Punta","peak_elev":4848,"radius_m":8750,"layer":"平均突起响应半径","rank_pct":0.2773,"center_lon":-75.85800958865197,"center_lat":-12.584723394051409,"max_mean_jut":197.6419,"max_ats":56.0194,"r_jmean_peak":8750,"r_ats_peak":9000,"r_ats_marginal":187.5,"ats_marginal_rate_max":0.029035,"ats_marginal_interval_start":125,"ats_marginal_interval_end":250,"ats_marginal_ats_mean":4.8137}},{"type":"Feature","geometry":{"type":"Polygon","coordinates":[[[-76.4323025,-11.7269239],[-76.4244228,-11.7273028],[-76.416619,-11.7284359],[-76.4089662,-11.7303123],[-76.4015382,-11.7329139],[-76.3944064,-11.7362156],[-76.3876396,-11.7401857],[-76.381303,-11.7447859],[-76.3754574,-11.7499719],[-76.3701594,-11.7556937],[-76.3654598,-11.7618964],[-76.3614039,-11.76852],[-76.3580308,-11.7755009],[-76.355373,-11.7827719],[-76.3534561,-11.7902628],[-76.3522985,-11.7979015],[-76.3519114,-11.8056145],[-76.3522985,-11.8133276],[-76.3534561,-11.8209663],[-76.355373,-11.8284572],[-76.3580308,-11.8357282],[-76.3614039,-11.8427091],[-76.3654598,-11.8493327],[-76.3701594,-11.8555354],[-76.3754574,-11.8612572],[-76.381303,-11.8664432],[-76.3876396,-11.8710434],[-76.3944064,-11.8750135],[-76.4015382,-11.8783152],[-76.4089662,-11.8809168],[-76.416619,-11.8827932],[-76.4244228,-11.8839263],[-76.4323025,-11.8843052],[-76.4401823,-11.8839263],[-76.4479861,-11.8827932],[-76.4556389,-11.8809168],[-76.4630669,-11.8783152],[-76.4701987,-11.8750135],[-76.4769655,-11.8710434],[-76.4833021,-11.8664432],[-76.4891477,-11.8612572],[-76.4944457,-11.8555354],[-76.4991453,-11.8493327],[-76.5032012,-11.8427091],[-76.5065743,-11.8357282],[-76.5092321,-11.8284572],[-76.511149,-11.8209663],[-76.5123066,-11.8133276],[-76.5126937,-11.8056145],[-76.5123066,-11.7979015],[-76.511149,-11.7902628],[-76.5092321,-11.7827719],[-76.5065743,-11.7755009],[-76.5032012,-11.76852],[-76.4991453,-11.7618964],[-76.4944457,-11.7556937],[-76.4891477,-11.7499719],[-76.4833021,-11.7447859],[-76.4769655,-11.7401857],[-76.4701987,-11.7362156],[-76.4630669,-11.7329139],[-76.4556389,-11.7303123],[-76.4479861,-11.7284359],[-76.4401823,-11.7273028],[-76.4323025,-11.7269239]]]},"properties":{"name":"Cerro Ucle","local_name":"Cerro Ucle","english_name":"Cerro Ucle","search_name":"Cerro Ucle Cerro Ucle Cerro Ucle Cerro Ucle Cerro Ucle Cerro Ucle","peak_elev":4875,"radius_m":8750,"layer":"平均突起响应半径","rank_pct":0.2773,"center_lon":-76.43230254978958,"center_lat":-11.805614548134546,"max_mean_jut":247.4583,"max_ats":84.1308,"r_jmean_peak":8750,"r_ats_peak":8500,"r_ats_marginal":187.5,"ats_marginal_rate_max":0.062474,"ats_marginal_interval_start":125,"ats_marginal_interval_end":250,"ats_marginal_ats_mean":15.1366}},{"type":"Feature","geometry":{"type":"Polygon","coordinates":[[[-76.731172,-11.1143627],[-76.7233095,-11.1147416],[-76.7155226,-11.1158747],[-76.7078864,-11.1177511],[-76.7004745,-11.1203527],[-76.6933583,-11.1236544],[-76.6866062,-11.1276245],[-76.6802833,-11.1322247],[-76.6744504,-11.1374107],[-76.6691639,-11.1431325],[-76.6644745,-11.1493352],[-76.6604274,-11.1559588],[-76.6570617,-11.1629398],[-76.6544097,-11.1702107],[-76.6524969,-11.1777016],[-76.6513418,-11.1853403],[-76.6509556,-11.1930534],[-76.6513418,-11.2007664],[-76.6524969,-11.2084051],[-76.6544097,-11.215896],[-76.6570617,-11.223167],[-76.6604274,-11.2301479],[-76.6644745,-11.2367715],[-76.6691639,-11.2429742],[-76.6744504,-11.248696],[-76.6802833,-11.253882],[-76.6866062,-11.2584822],[-76.6933583,-11.2624523],[-76.7004745,-11.265754],[-76.7078864,-11.2683556],[-76.7155226,-11.270232],[-76.7233095,-11.2713651],[-76.731172,-11.271744],[-76.7390346,-11.2713651],[-76.7468215,-11.270232],[-76.7544577,-11.2683556],[-76.7618696,-11.265754],[-76.7689858,-11.2624523],[-76.7757379,-11.2584822],[-76.7820608,-11.253882],[-76.7878936,-11.248696],[-76.7931802,-11.2429742],[-76.7978696,-11.2367715],[-76.8019166,-11.2301479],[-76.8052824,-11.223167],[-76.8079344,-11.215896],[-76.8098472,-11.2084051],[-76.8110022,-11.2007664],[-76.8113885,-11.1930534],[-76.8110022,-11.1853403],[-76.8098472,-11.1777016],[-76.8079344,-11.1702107],[-76.8052824,-11.1629398],[-76.8019166,-11.1559588],[-76.7978696,-11.1493352],[-76.7931802,-11.1431325],[-76.7878936,-11.1374107],[-76.7820608,-11.1322247],[-76.7757379,-11.1276245],[-76.7689858,-11.1236544],[-76.7618696,-11.1203527],[-76.7544577,-11.1177511],[-76.7468215,-11.1158747],[-76.7390346,-11.1147416],[-76.731172,-11.1143627]]]},"properties":{"name":"Cerro Verde","local_name":"Cerro Verde","english_name":"Cerro Verde","search_name":"Cerro Verde Cerro Verde Cerro Verde Cerro Verde Cerro Verde Cerro Verde","peak_elev":4693,"radius_m":8750,"layer":"平均突起响应半径","rank_pct":0.2773,"center_lon":-76.73117204481615,"center_lat":-11.193053355893444,"max_mean_jut":244.657,"max_ats":86.744,"r_jmean_peak":8750,"r_ats_peak":9000,"r_ats_marginal":437.5,"ats_marginal_rate_max":0.023765,"ats_marginal_interval_start":375,"ats_marginal_interval_end":500,"ats_marginal_ats_mean":6.8436}},{"type":"Feature","geometry":{"type":"Polygon","coordinates":[[[-74.8748933,-11.6277499],[-74.8670165,-11.6281288],[-74.8592155,-11.6292619],[-74.8515654,-11.6311383],[-74.8441401,-11.6337399],[-74.8370109,-11.6370416],[-74.8302465,-11.6410117],[-74.8239121,-11.6456119],[-74.8180687,-11.6507979],[-74.8127725,-11.6565197],[-74.8080746,-11.6627224],[-74.8040202,-11.669346],[-74.8006484,-11.6763269],[-74.7979915,-11.6835979],[-74.7960753,-11.6910888],[-74.7949181,-11.6987275],[-74.7945312,-11.7064405],[-74.7949181,-11.7141536],[-74.7960753,-11.7217923],[-74.7979915,-11.7292832],[-74.8006484,-11.7365541],[-74.8040202,-11.7435351],[-74.8080746,-11.7501587],[-74.8127725,-11.7563614],[-74.8180687,-11.7620832],[-74.8239121,-11.7672692],[-74.8302465,-11.7718694],[-74.8370109,-11.7758395],[-74.8441401,-11.7791412],[-74.8515654,-11.7817428],[-74.8592155,-11.7836192],[-74.8670165,-11.7847523],[-74.8748933,-11.7851312],[-74.8827702,-11.7847523],[-74.8905712,-11.7836192],[-74.8982212,-11.7817428],[-74.9056466,-11.7791412],[-74.9127758,-11.7758395],[-74.9195402,-11.7718694],[-74.9258746,-11.7672692],[-74.931718,-11.7620832],[-74.9370141,-11.7563614],[-74.941712,-11.7501587],[-74.9457665,-11.7435351],[-74.9491383,-11.7365541],[-74.9517951,-11.7292832],[-74.9537114,-11.7217923],[-74.9548685,-11.7141536],[-74.9552555,-11.7064405],[-74.9548685,-11.6987275],[-74.9537114,-11.6910888],[-74.9517951,-11.6835979],[-74.9491383,-11.6763269],[-74.9457665,-11.669346],[-74.941712,-11.6627224],[-74.9370141,-11.6565197],[-74.931718,-11.6507979],[-74.9258746,-11.6456119],[-74.9195402,-11.6410117],[-74.9127758,-11.6370416],[-74.9056466,-11.6337399],[-74.8982212,-11.6311383],[-74.8905712,-11.6292619],[-74.8827702,-11.6281288],[-74.8748933,-11.6277499]]]},"properties":{"name":"Nevado Lazopata","local_name":"Nevado Lazopata","english_name":"Nevado Lazopata","search_name":"Nevado Lazopata Nevado Lazopata Nevado Lazopata Nevado Lazopata Nevado Lazopata Nevado Lazopata","peak_elev":5036,"radius_m":8750,"layer":"平均突起响应半径","rank_pct":0.2773,"center_lon":-74.87489334171157,"center_lat":-11.706440540767751,"max_mean_jut":314.0066,"max_ats":142.5633,"r_jmean_peak":8750,"r_ats_peak":4500,"r_ats_marginal":312.5,"ats_marginal_rate_max":0.226781,"ats_marginal_interval_start":250,"ats_marginal_interval_end":375,"ats_marginal_ats_mean":34.4127}},{"type":"Feature","geometry":{"type":"Polygon","coordinates":[[[-76.782376,-11.2594431],[-76.7747343,-11.2598112],[-76.7671661,-11.260912],[-76.7597445,-11.2627347],[-76.7525408,-11.265262],[-76.7456244,-11.2684694],[-76.7390619,-11.272326],[-76.7329166,-11.2767948],[-76.7272477,-11.2818326],[-76.7221096,-11.287391],[-76.7175519,-11.2934164],[-76.7136186,-11.2998508],[-76.7103474,-11.3066323],[-76.7077698,-11.3136954],[-76.7059108,-11.3209723],[-76.7047882,-11.3283928],[-76.7044128,-11.3358855],[-76.7047882,-11.3433781],[-76.7059108,-11.3507986],[-76.7077698,-11.3580755],[-76.7103474,-11.3651387],[-76.7136186,-11.3719202],[-76.7175519,-11.3783546],[-76.7221096,-11.38438],[-76.7272477,-11.3899384],[-76.7329166,-11.3949762],[-76.7390619,-11.399445],[-76.7456244,-11.4033016],[-76.7525408,-11.406509],[-76.7597445,-11.4090362],[-76.7671661,-11.410859],[-76.7747343,-11.4119597],[-76.782376,-11.4123278],[-76.7900178,-11.4119597],[-76.7975859,-11.410859],[-76.8050076,-11.4090362],[-76.8122113,-11.406509],[-76.8191276,-11.4033016],[-76.8256901,-11.399445],[-76.8318354,-11.3949762],[-76.8375044,-11.3899384],[-76.8426424,-11.38438],[-76.8472001,-11.3783546],[-76.8511335,-11.3719202],[-76.8544047,-11.3651387],[-76.8569822,-11.3580755],[-76.8588412,-11.3507986],[-76.8599639,-11.3433781],[-76.8603393,-11.3358855],[-76.8599639,-11.3283928],[-76.8588412,-11.3209723],[-76.8569822,-11.3136954],[-76.8544047,-11.3066323],[-76.8511335,-11.2998508],[-76.8472001,-11.2934164],[-76.8426424,-11.287391],[-76.8375044,-11.2818326],[-76.8318354,-11.2767948],[-76.8256901,-11.272326],[-76.8191276,-11.2684694],[-76.8122113,-11.265262],[-76.8050076,-11.2627347],[-76.7975859,-11.260912],[-76.7900178,-11.2598112],[-76.782376,-11.2594431]]]},"properties":{"name":"Cerro Curocopac","local_name":"Cerro Curocopac","english_name":"Cerro Curocopac","search_name":"Cerro Curocopac Cerro Curocopac Cerro Curocopac Cerro Curocopac Cerro Curocopac Cerro Curocopac","peak_elev":4029,"radius_m":8500,"layer":"平均突起响应半径","rank_pct":0.2907,"center_lon":-76.78237601601096,"center_lat":-11.335885486068449,"max_mean_jut":276.2981,"max_ats":98.7085,"r_jmean_peak":8500,"r_ats_peak":8000,"r_ats_marginal":187.5,"ats_marginal_rate_max":0.075812,"ats_marginal_interval_start":125,"ats_marginal_interval_end":250,"ats_marginal_ats_mean":9.6341}},{"type":"Feature","geometry":{"type":"Polygon","coordinates":[[[-76.6648764,-11.21848],[-76.6572357,-11.2188481],[-76.6496687,-11.2199488],[-76.6422481,-11.2217716],[-76.6350454,-11.2242988],[-76.62813,-11.2275062],[-76.6215685,-11.2313628],[-76.6154241,-11.2358316],[-76.6097559,-11.2408694],[-76.6046186,-11.2464278],[-76.6000616,-11.2524532],[-76.5961288,-11.2588876],[-76.592858,-11.2656691],[-76.5902809,-11.2727323],[-76.5884221,-11.2800091],[-76.5872996,-11.2874296],[-76.5869243,-11.2949223],[-76.5872996,-11.302415],[-76.5884221,-11.3098355],[-76.5902809,-11.3171123],[-76.592858,-11.3241755],[-76.5961288,-11.330957],[-76.6000616,-11.3373914],[-76.6046186,-11.3434168],[-76.6097559,-11.3489752],[-76.6154241,-11.354013],[-76.6215685,-11.3584818],[-76.62813,-11.3623384],[-76.6350454,-11.3655458],[-76.6422481,-11.3680731],[-76.6496687,-11.3698958],[-76.6572357,-11.3709966],[-76.6648764,-11.3713646],[-76.672517,-11.3709966],[-76.6800841,-11.3698958],[-76.6875047,-11.3680731],[-76.6947074,-11.3655458],[-76.7016227,-11.3623384],[-76.7081842,-11.3584818],[-76.7143287,-11.354013],[-76.7199968,-11.3489752],[-76.7251342,-11.3434168],[-76.7296912,-11.3373914],[-76.733624,-11.330957],[-76.7368947,-11.3241755],[-76.7394719,-11.3171123],[-76.7413307,-11.3098355],[-76.7424531,-11.302415],[-76.7428285,-11.2949223],[-76.7424531,-11.2874296],[-76.7413307,-11.2800091],[-76.7394719,-11.2727323],[-76.7368947,-11.2656691],[-76.733624,-11.2588876],[-76.7296912,-11.2524532],[-76.7251342,-11.2464278],[-76.7199968,-11.2408694],[-76.7143287,-11.2358316],[-76.7081842,-11.2313628],[-76.7016227,-11.2275062],[-76.6947074,-11.2242988],[-76.6875047,-11.2217716],[-76.6800841,-11.2199488],[-76.672517,-11.2188481],[-76.6648764,-11.21848]]]},"properties":{"name":"Cerro Huanpucalla","local_name":"Cerro Huanpucalla","english_name":"Cerro Huanpucalla","search_name":"Cerro Huanpucalla Cerro Huanpucalla Cerro Huanpucalla Cerro Huanpucalla Cerro Huanpucalla Cerro Huanpucalla","peak_elev":4813,"radius_m":8500,"layer":"平均突起响应半径","rank_pct":0.2907,"center_lon":-76.66487637684813,"center_lat":-11.294922309112598,"max_mean_jut":137.401,"max_ats":32.0411,"r_jmean_peak":8500,"r_ats_peak":8750,"r_ats_marginal":187.5,"ats_marginal_rate_max":0.028704,"ats_marginal_interval_start":125,"ats_marginal_interval_end":250,"ats_marginal_ats_mean":4.4354}},{"type":"Feature","geometry":{"type":"Polygon","coordinates":[[[-74.6463619,-12.0854441],[-74.6386972,-12.0858121],[-74.6311064,-12.0869129],[-74.6236624,-12.0887356],[-74.6164371,-12.0912629],[-74.6094999,-12.0944703],[-74.6029178,-12.0983269],[-74.596754,-12.1027957],[-74.591068,-12.1078335],[-74.5859145,-12.1133919],[-74.5813432,-12.1194173],[-74.577398,-12.1258517],[-74.574117,-12.1326332],[-74.5715317,-12.1396964],[-74.5696671,-12.1469732],[-74.5685411,-12.1543937],[-74.5681646,-12.1618864],[-74.5685411,-12.169379],[-74.5696671,-12.1767995],[-74.5715317,-12.1840764],[-74.574117,-12.1911396],[-74.577398,-12.1979211],[-74.5813432,-12.2043555],[-74.5859145,-12.2103809],[-74.591068,-12.2159393],[-74.596754,-12.2209771],[-74.6029178,-12.2254459],[-74.6094999,-12.2293025],[-74.6164371,-12.2325099],[-74.6236624,-12.2350371],[-74.6311064,-12.2368599],[-74.6386972,-12.2379606],[-74.6463619,-12.2383287],[-74.6540266,-12.2379606],[-74.6616175,-12.2368599],[-74.6690614,-12.2350371],[-74.6762868,-12.2325099],[-74.6832239,-12.2293025],[-74.6898061,-12.2254459],[-74.6959698,-12.2209771],[-74.7016558,-12.2159393],[-74.7068093,-12.2103809],[-74.7113807,-12.2043555],[-74.7153259,-12.1979211],[-74.7186069,-12.1911396],[-74.7211922,-12.1840764],[-74.7230568,-12.1767995],[-74.7241828,-12.169379],[-74.7245593,-12.1618864],[-74.7241828,-12.1543937],[-74.7230568,-12.1469732],[-74.7211922,-12.1396964],[-74.7186069,-12.1326332],[-74.7153259,-12.1258517],[-74.7113807,-12.1194173],[-74.7068093,-12.1133919],[-74.7016558,-12.1078335],[-74.6959698,-12.1027957],[-74.6898061,-12.0983269],[-74.6832239,-12.0944703],[-74.6762868,-12.0912629],[-74.6690614,-12.0887356],[-74.6616175,-12.0869129],[-74.6540266,-12.0858121],[-74.6463619,-12.0854441]]]},"properties":{"name":"Cerro Pirhuayoc","local_name":"Cerro Pirhuayoc","english_name":"Cerro Pirhuayoc","search_name":"Cerro Pirhuayoc Cerro Pirhuayoc Cerro Pirhuayoc Cerro Pirhuayoc Cerro Pirhuayoc Cerro Pirhuayoc","peak_elev":4191,"radius_m":8500,"layer":"平均突起响应半径","rank_pct":0.2907,"center_lon":-74.64636193343156,"center_lat":-12.161886389816347,"max_mean_jut":304.1453,"max_ats":115.4765,"r_jmean_peak":8500,"r_ats_peak":9500,"r_ats_marginal":6125.0,"ats_marginal_rate_max":0.026329,"ats_marginal_interval_start":6000,"ats_marginal_interval_end":6250,"ats_marginal_ats_mean":75.2901}},{"type":"Feature","geometry":{"type":"Polygon","coordinates":[[[-72.6364713,-12.658659],[-72.6287897,-12.6590271],[-72.621182,-12.6601279],[-72.6137216,-12.6619506],[-72.6064803,-12.6644779],[-72.5995278,-12.6676853],[-72.5929311,-12.6715419],[-72.5867537,-12.6760106],[-72.5810552,-12.6810485],[-72.5758903,-12.6866069],[-72.5713088,-12.6926323],[-72.5673549,-12.6990667],[-72.5640666,-12.7058482],[-72.5614756,-12.7129113],[-72.5596069,-12.7201882],[-72.5584784,-12.7276087],[-72.558101,-12.7351014],[-72.5584784,-12.742594],[-72.5596069,-12.7500145],[-72.5614756,-12.7572914],[-72.5640666,-12.7643546],[-72.5673549,-12.771136],[-72.5713088,-12.7775705],[-72.5758903,-12.7835959],[-72.5810552,-12.7891543],[-72.5867537,-12.7941921],[-72.5929311,-12.7986609],[-72.5995278,-12.8025175],[-72.6064803,-12.8057249],[-72.6137216,-12.8082521],[-72.621182,-12.8100749],[-72.6287897,-12.8111756],[-72.6364713,-12.8115437],[-72.6441529,-12.8111756],[-72.6517606,-12.8100749],[-72.659221,-12.8082521],[-72.6664623,-12.8057249],[-72.6734148,-12.8025175],[-72.6800115,-12.7986609],[-72.6861889,-12.7941921],[-72.6918875,-12.7891543],[-72.6970524,-12.7835959],[-72.7016338,-12.7775705],[-72.7055877,-12.771136],[-72.708876,-12.7643546],[-72.711467,-12.7572914],[-72.7133357,-12.7500145],[-72.7144642,-12.742594],[-72.7148416,-12.7351014],[-72.7144642,-12.7276087],[-72.7133357,-12.7201882],[-72.711467,-12.7129113],[-72.708876,-12.7058482],[-72.7055877,-12.6990667],[-72.7016338,-12.6926323],[-72.6970524,-12.6866069],[-72.6918875,-12.6810485],[-72.6861889,-12.6760106],[-72.6800115,-12.6715419],[-72.6734148,-12.6676853],[-72.6664623,-12.6644779],[-72.659221,-12.6619506],[-72.6517606,-12.6601279],[-72.6441529,-12.6590271],[-72.6364713,-12.658659]]]},"properties":{"name":"Cerro Urusayhua","local_name":"Cerro Urusayhua","english_name":"Cerro Urusayhua","search_name":"Cerro Urusayhua Cerro Urusayhua Cerro Urusayhua Cerro Urusayhua Cerro Urusayhua Cerro Urusayhua","peak_elev":3067,"radius_m":8500,"layer":"平均突起响应半径","rank_pct":0.2907,"center_lon":-72.63647131674254,"center_lat":-12.735101372613016,"max_mean_jut":290.0133,"max_ats":152.1472,"r_jmean_peak":8500,"r_ats_peak":10000,"r_ats_marginal":312.5,"ats_marginal_rate_max":0.036581,"ats_marginal_interval_start":250,"ats_marginal_interval_end":375,"ats_marginal_ats_mean":10.0478}},{"type":"Feature","geometry":{"type":"Polygon","coordinates":[[[-78.351104,0.4382388],[-78.3436112,0.4378707],[-78.3361905,0.43677],[-78.3289135,0.4349472],[-78.3218502,0.43242],[-78.3150686,0.4292126],[-78.3086341,0.425356],[-78.3026085,0.4208872],[-78.29705,0.4158494],[-78.2920121,0.410291],[-78.2875432,0.4042656],[-78.2836865,0.3978311],[-78.2804791,0.3910497],[-78.2779518,0.3839865],[-78.276129,0.3767096],[-78.2750282,0.3692891],[-78.2746601,0.3617965],[-78.2750282,0.3543038],[-78.276129,0.3468833],[-78.2779518,0.3396064],[-78.2804791,0.3325433],[-78.2836865,0.3257618],[-78.2875432,0.3193274],[-78.2920121,0.313302],[-78.29705,0.3077436],[-78.3026085,0.3027058],[-78.3086341,0.298237],[-78.3150686,0.2943804],[-78.3218502,0.291173],[-78.3289135,0.2886457],[-78.3361905,0.286823],[-78.3436112,0.2857222],[-78.351104,0.2853541],[-78.3585968,0.2857222],[-78.3660175,0.286823],[-78.3732945,0.2886457],[-78.3803578,0.291173],[-78.3871394,0.2943804],[-78.3935739,0.298237],[-78.3995995,0.3027058],[-78.405158,0.3077436],[-78.4101959,0.313302],[-78.4146647,0.3193274],[-78.4185215,0.3257618],[-78.4217289,0.3325433],[-78.4242562,0.3396064],[-78.426079,0.3468833],[-78.4271798,0.3543038],[-78.4275479,0.3617965],[-78.4271798,0.3692891],[-78.426079,0.3767096],[-78.4242562,0.3839865],[-78.4217289,0.3910497],[-78.4185215,0.3978311],[-78.4146647,0.4042656],[-78.4101959,0.410291],[-78.405158,0.4158494],[-78.3995995,0.4208872],[-78.3935739,0.425356],[-78.3871394,0.4292126],[-78.3803578,0.43242],[-78.3732945,0.4349472],[-78.3660175,0.43677],[-78.3585968,0.4378707],[-78.351104,0.4382388]]]},"properties":{"name":"Cotacachi","local_name":"Cotacachi","english_name":"Cotacachi","search_name":"Cotacachi Cotacachi Cotacachi Cotacachi Cotacachi Cotacachi","peak_elev":4767,"radius_m":8500,"layer":"平均突起响应半径","rank_pct":0.2907,"center_lon":-78.35110399666888,"center_lat":0.3617964806791373,"max_mean_jut":378.0158,"max_ats":220.8477,"r_jmean_peak":8500,"r_ats_peak":9500,"r_ats_marginal":1937.5,"ats_marginal_rate_max":0.062067,"ats_marginal_interval_start":1875,"ats_marginal_interval_end":2000,"ats_marginal_ats_mean":91.6709}},{"type":"Feature","geometry":{"type":"Polygon","coordinates":[[[-73.7408601,-13.0381998],[-73.7333932,-13.038557],[-73.7259981,-13.0396254],[-73.7187462,-13.0413945],[-73.7117072,-13.0438474],[-73.704949,-13.0469605],[-73.6985366,-13.0507037],[-73.6925319,-13.055041],[-73.6869925,-13.0599307],[-73.681972,-13.0653256],[-73.6775185,-13.0711738],[-73.6736751,-13.077419],[-73.6704787,-13.084001],[-73.6679601,-13.0908564],[-73.6661436,-13.0979193],[-73.6650467,-13.1051215],[-73.6646798,-13.1123938],[-73.6650467,-13.1196661],[-73.6661436,-13.1268683],[-73.6679601,-13.1339312],[-73.6704787,-13.1407866],[-73.6736751,-13.1473686],[-73.6775185,-13.1536138],[-73.681972,-13.159462],[-73.6869925,-13.1648569],[-73.6925319,-13.1697466],[-73.6985366,-13.1740839],[-73.704949,-13.1778271],[-73.7117072,-13.1809401],[-73.7187462,-13.1833931],[-73.7259981,-13.1851622],[-73.7333932,-13.1862306],[-73.7408601,-13.1865878],[-73.7483271,-13.1862306],[-73.7557222,-13.1851622],[-73.7629741,-13.1833931],[-73.7700131,-13.1809401],[-73.7767713,-13.1778271],[-73.7831836,-13.1740839],[-73.7891884,-13.1697466],[-73.7947277,-13.1648569],[-73.7997483,-13.159462],[-73.8042017,-13.1536138],[-73.8080451,-13.1473686],[-73.8112415,-13.1407866],[-73.8137601,-13.1339312],[-73.8155766,-13.1268683],[-73.8166736,-13.1196661],[-73.8170404,-13.1123938],[-73.8166736,-13.1051215],[-73.8155766,-13.0979193],[-73.8137601,-13.0908564],[-73.8112415,-13.084001],[-73.8080451,-13.077419],[-73.8042017,-13.0711738],[-73.7997483,-13.0653256],[-73.7947277,-13.0599307],[-73.7891884,-13.055041],[-73.7831836,-13.0507037],[-73.7767713,-13.0469605],[-73.7700131,-13.0438474],[-73.7629741,-13.0413945],[-73.7557222,-13.0396254],[-73.7483271,-13.038557],[-73.7408601,-13.0381998]]]},"properties":{"name":"Cerro Cochajasa","local_name":"Cerro Cochajasa","english_name":"Cerro Cochajasa","search_name":"Cerro Cochajasa Cerro Cochajasa Cerro Cochajasa Cerro Cochajasa Cerro Cochajasa Cerro Cochajasa","peak_elev":4183,"radius_m":8250,"layer":"平均突起响应半径","rank_pct":0.304,"center_lon":-73.74086012703908,"center_lat":-13.112393791943214,"max_mean_jut":204.8453,"max_ats":69.1394,"r_jmean_peak":8250,"r_ats_peak":8750,"r_ats_marginal":187.5,"ats_marginal_rate_max":0.056307,"ats_marginal_interval_start":125,"ats_marginal_interval_end":250,"ats_marginal_ats_mean":9.6607}},{"type":"Feature","geometry":{"type":"Polygon","coordinates":[[[-69.7930339,-13.9137877],[-69.7855394,-13.9141449],[-69.7781171,-13.9152133],[-69.7708384,-13.9169824],[-69.7637734,-13.9194354],[-69.7569903,-13.9225484],[-69.7505543,-13.9262916],[-69.7445274,-13.9306289],[-69.7389676,-13.9355186],[-69.7339285,-13.9409135],[-69.7294586,-13.9467617],[-69.725601,-13.9530069],[-69.7223928,-13.9595889],[-69.719865,-13.9664443],[-69.7180417,-13.9735072],[-69.7169407,-13.9807094],[-69.7165726,-13.9879817],[-69.7169407,-13.995254],[-69.7180417,-14.0024562],[-69.719865,-14.0095191],[-69.7223928,-14.0163745],[-69.725601,-14.0229565],[-69.7294586,-14.0292017],[-69.7339285,-14.0350499],[-69.7389676,-14.0404448],[-69.7445274,-14.0453345],[-69.7505543,-14.0496718],[-69.7569903,-14.053415],[-69.7637734,-14.056528],[-69.7708384,-14.058981],[-69.7781171,-14.0607501],[-69.7855394,-14.0618185],[-69.7930339,-14.0621757],[-69.8005285,-14.0618185],[-69.8079508,-14.0607501],[-69.8152295,-14.058981],[-69.8222945,-14.056528],[-69.8290776,-14.053415],[-69.8355136,-14.0496718],[-69.8415405,-14.0453345],[-69.8471003,-14.0404448],[-69.8521394,-14.0350499],[-69.8566093,-14.0292017],[-69.8604669,-14.0229565],[-69.8636751,-14.0163745],[-69.8662029,-14.0095191],[-69.8680261,-14.0024562],[-69.8691271,-13.995254],[-69.8694953,-13.9879817],[-69.8691271,-13.9807094],[-69.8680261,-13.9735072],[-69.8662029,-13.9664443],[-69.8636751,-13.9595889],[-69.8604669,-13.9530069],[-69.8566093,-13.9467617],[-69.8521394,-13.9409135],[-69.8471003,-13.9355186],[-69.8415405,-13.9306289],[-69.8355136,-13.9262916],[-69.8290776,-13.9225484],[-69.8222945,-13.9194354],[-69.8152295,-13.9169824],[-69.8079508,-13.9152133],[-69.8005285,-13.9141449],[-69.7930339,-13.9137877]]]},"properties":{"name":"Cerro Condoriquina","local_name":"Cerro Condoriquina","english_name":"Cerro Condoriquina","search_name":"Cerro Condoriquina Cerro Condoriquina Cerro Condoriquina Cerro Condoriquina Cerro Condoriquina Cerro Condoriquina","peak_elev":4089,"radius_m":8250,"layer":"平均突起响应半径","rank_pct":0.304,"center_lon":-69.79303394791901,"center_lat":-13.987981699374512,"max_mean_jut":209.0227,"max_ats":58.5395,"r_jmean_peak":8250,"r_ats_peak":8500,"r_ats_marginal":5875.0,"ats_marginal_rate_max":0.014758,"ats_marginal_interval_start":5750,"ats_marginal_interval_end":6000,"ats_marginal_ats_mean":42.807}},{"type":"Feature","geometry":{"type":"Polygon","coordinates":[[[-75.7723103,-12.6959416],[-75.7648536,-12.6962989],[-75.7574687,-12.6973673],[-75.7502267,-12.6991364],[-75.7431974,-12.7015893],[-75.7364484,-12.7047024],[-75.7300449,-12.7084456],[-75.7240483,-12.7127829],[-75.7185166,-12.7176726],[-75.7135029,-12.7230675],[-75.7090556,-12.7289157],[-75.7052175,-12.7351608],[-75.7020254,-12.7417428],[-75.6995103,-12.7485983],[-75.6976963,-12.7556611],[-75.6966008,-12.7628634],[-75.6962345,-12.7701357],[-75.6966008,-12.777408],[-75.6976963,-12.7846102],[-75.6995103,-12.7916731],[-75.7020254,-12.7985285],[-75.7052175,-12.8051105],[-75.7090556,-12.8113557],[-75.7135029,-12.8172039],[-75.7185166,-12.8225988],[-75.7240483,-12.8274884],[-75.7300449,-12.8318258],[-75.7364484,-12.835569],[-75.7431974,-12.838682],[-75.7502267,-12.8411349],[-75.7574687,-12.8429041],[-75.7648536,-12.8439724],[-75.7723103,-12.8443297],[-75.779767,-12.8439724],[-75.787152,-12.8429041],[-75.7943939,-12.8411349],[-75.8014233,-12.838682],[-75.8081722,-12.835569],[-75.8145758,-12.8318258],[-75.8205723,-12.8274884],[-75.826104,-12.8225988],[-75.8311177,-12.8172039],[-75.835565,-12.8113557],[-75.8394032,-12.8051105],[-75.8425952,-12.7985285],[-75.8451103,-12.7916731],[-75.8469243,-12.7846102],[-75.8480198,-12.777408],[-75.8483861,-12.7701357],[-75.8480198,-12.7628634],[-75.8469243,-12.7556611],[-75.8451103,-12.7485983],[-75.8425952,-12.7417428],[-75.8394032,-12.7351608],[-75.835565,-12.7289157],[-75.8311177,-12.7230675],[-75.826104,-12.7176726],[-75.8205723,-12.7127829],[-75.8145758,-12.7084456],[-75.8081722,-12.7047024],[-75.8014233,-12.7015893],[-75.7943939,-12.6991364],[-75.787152,-12.6973673],[-75.779767,-12.6962989],[-75.7723103,-12.6959416]]]},"properties":{"name":"Cerro Huandachi","local_name":"Cerro Huandachi","english_name":"Cerro Huandachi","search_name":"Cerro Huandachi Cerro Huandachi Cerro Huandachi Cerro Huandachi Cerro Huandachi Cerro Huandachi","peak_elev":4750,"radius_m":8250,"layer":"平均突起响应半径","rank_pct":0.304,"center_lon":-75.77231031054697,"center_lat":-12.770135668693676,"max_mean_jut":246.7212,"max_ats":80.2697,"r_jmean_peak":8250,"r_ats_peak":8250,"r_ats_marginal":3625.0,"ats_marginal_rate_max":0.02391,"ats_marginal_interval_start":3500,"ats_marginal_interval_end":3750,"ats_marginal_ats_mean":43.1121}},{"type":"Feature","geometry":{"type":"Polygon","coordinates":[[[-72.3440697,-15.7061962],[-72.3365126,-15.7065534],[-72.3290283,-15.7076218],[-72.3216888,-15.7093909],[-72.3145649,-15.7118438],[-72.3077251,-15.7149569],[-72.3012353,-15.7187001],[-72.2951581,-15.7230374],[-72.2895519,-15.7279271],[-72.2844707,-15.733322],[-72.2799635,-15.7391702],[-72.2760737,-15.7454154],[-72.2728387,-15.7519974],[-72.2702897,-15.7588528],[-72.2684513,-15.7659156],[-72.2673411,-15.7731179],[-72.2669699,-15.7803902],[-72.2673411,-15.7876625],[-72.2684513,-15.7948647],[-72.2702897,-15.8019276],[-72.2728387,-15.808783],[-72.2760737,-15.815365],[-72.2799635,-15.8216102],[-72.2844707,-15.8274584],[-72.2895519,-15.8328533],[-72.2951581,-15.8377429],[-72.3012353,-15.8420803],[-72.3077251,-15.8458235],[-72.3145649,-15.8489365],[-72.3216888,-15.8513894],[-72.3290283,-15.8531586],[-72.3365126,-15.854227],[-72.3440697,-15.8545842],[-72.3516268,-15.854227],[-72.3591111,-15.8531586],[-72.3664506,-15.8513894],[-72.3735745,-15.8489365],[-72.3804143,-15.8458235],[-72.3869041,-15.8420803],[-72.3929813,-15.8377429],[-72.3985875,-15.8328533],[-72.4036687,-15.8274584],[-72.4081759,-15.8216102],[-72.4120657,-15.815365],[-72.4153007,-15.808783],[-72.4178496,-15.8019276],[-72.4196881,-15.7948647],[-72.4207983,-15.7876625],[-72.4211695,-15.7803902],[-72.4207983,-15.7731179],[-72.4196881,-15.7659156],[-72.4178496,-15.7588528],[-72.4153007,-15.7519974],[-72.4120657,-15.7454154],[-72.4081759,-15.7391702],[-72.4036687,-15.733322],[-72.3985875,-15.7279271],[-72.3929813,-15.7230374],[-72.3869041,-15.7187001],[-72.3804143,-15.7149569],[-72.3735745,-15.7118438],[-72.3664506,-15.7093909],[-72.3591111,-15.7076218],[-72.3516268,-15.7065534],[-72.3440697,-15.7061962]]]},"properties":{"name":"Cerro Pucapollera","local_name":"Cerro Pucapollera","english_name":"Cerro Pucapollera","search_name":"Cerro Pucapollera Cerro Pucapollera Cerro Pucapollera Cerro Pucapollera Cerro Pucapollera Cerro Pucapollera","peak_elev":3184,"radius_m":8250,"layer":"平均突起响应半径","rank_pct":0.304,"center_lon":-72.34406969176163,"center_lat":-15.780390185778192,"max_mean_jut":100.3327,"max_ats":22.9326,"r_jmean_peak":8250,"r_ats_peak":375,"r_ats_marginal":187.5,"ats_marginal_rate_max":0.066984,"ats_marginal_interval_start":125,"ats_marginal_interval_end":250,"ats_marginal_ats_mean":12.3945}},{"type":"Feature","geometry":{"type":"Polygon","coordinates":[[[-75.987906,-12.6937857],[-75.9804493,-12.6941429],[-75.9730645,-12.6952113],[-75.9658225,-12.6969804],[-75.9587933,-12.6994334],[-75.9520444,-12.7025464],[-75.9456409,-12.7062896],[-75.9396444,-12.7106269],[-75.9341127,-12.7155166],[-75.9290991,-12.7209115],[-75.9246518,-12.7267597],[-75.9208137,-12.7330049],[-75.9176217,-12.7395869],[-75.9151066,-12.7464423],[-75.9132926,-12.7535052],[-75.9121972,-12.7607074],[-75.9118308,-12.7679797],[-75.9121972,-12.775252],[-75.9132926,-12.7824542],[-75.9151066,-12.7895171],[-75.9176217,-12.7963725],[-75.9208137,-12.8029545],[-75.9246518,-12.8091997],[-75.9290991,-12.8150479],[-75.9341127,-12.8204428],[-75.9396444,-12.8253325],[-75.9456409,-12.8296698],[-75.9520444,-12.833413],[-75.9587933,-12.8365261],[-75.9658225,-12.838979],[-75.9730645,-12.8407481],[-75.9804493,-12.8418165],[-75.987906,-12.8421737],[-75.9953626,-12.8418165],[-76.0027475,-12.8407481],[-76.0099894,-12.838979],[-76.0170187,-12.8365261],[-76.0237676,-12.833413],[-76.0301711,-12.8296698],[-76.0361675,-12.8253325],[-76.0416992,-12.8204428],[-76.0467129,-12.8150479],[-76.0511601,-12.8091997],[-76.0549983,-12.8029545],[-76.0581902,-12.7963725],[-76.0607053,-12.7895171],[-76.0625194,-12.7824542],[-76.0636148,-12.775252],[-76.0639811,-12.7679797],[-76.0636148,-12.7607074],[-76.0625194,-12.7535052],[-76.0607053,-12.7464423],[-76.0581902,-12.7395869],[-76.0549983,-12.7330049],[-76.0511601,-12.7267597],[-76.0467129,-12.7209115],[-76.0416992,-12.7155166],[-76.0361675,-12.7106269],[-76.0301711,-12.7062896],[-76.0237676,-12.7025464],[-76.0170187,-12.6994334],[-76.0099894,-12.6969804],[-76.0027475,-12.6952113],[-75.9953626,-12.6941429],[-75.987906,-12.6937857]]]},"properties":{"name":"Cerro Salitre","local_name":"Cerro Salitre","english_name":"Cerro Salitre","search_name":"Cerro Salitre Cerro Salitre Cerro Salitre Cerro Salitre Cerro Salitre Cerro Salitre","peak_elev":3366,"radius_m":8250,"layer":"平均突起响应半径","rank_pct":0.304,"center_lon":-75.98790597873565,"center_lat":-12.76797971201179,"max_mean_jut":256.6259,"max_ats":104.3761,"r_jmean_peak":8250,"r_ats_peak":6500,"r_ats_marginal":312.5,"ats_marginal_rate_max":0.145955,"ats_marginal_interval_start":250,"ats_marginal_interval_end":375,"ats_marginal_ats_mean":38.2842}},{"type":"Feature","geometry":{"type":"Polygon","coordinates":[[[-71.8883543,-41.0863877],[-71.8786949,-41.086745],[-71.8691285,-41.0878133],[-71.8597472,-41.0895825],[-71.8506415,-41.0920354],[-71.8418989,-41.0951484],[-71.8336037,-41.0988917],[-71.8258358,-41.103229],[-71.81867,-41.1081186],[-71.8121753,-41.1135135],[-71.8064142,-41.1193617],[-71.8014423,-41.1256069],[-71.7973074,-41.1321889],[-71.7940493,-41.1390443],[-71.7916994,-41.1461072],[-71.7902803,-41.1533095],[-71.7898058,-41.1605817],[-71.7902803,-41.167854],[-71.7916994,-41.1750563],[-71.7940493,-41.1821191],[-71.7973074,-41.1889746],[-71.8014423,-41.1955566],[-71.8064142,-41.2018017],[-71.8121753,-41.2076499],[-71.81867,-41.2130448],[-71.8258358,-41.2179345],[-71.8336037,-41.2222718],[-71.8418989,-41.226015],[-71.8506415,-41.2291281],[-71.8597472,-41.231581],[-71.8691285,-41.2333502],[-71.8786949,-41.2344185],[-71.8883543,-41.2347758],[-71.8980138,-41.2344185],[-71.9075802,-41.2333502],[-71.9169615,-41.231581],[-71.9260672,-41.2291281],[-71.9348098,-41.226015],[-71.943105,-41.2222718],[-71.9508729,-41.2179345],[-71.9580387,-41.2130448],[-71.9645334,-41.2076499],[-71.9702945,-41.2018017],[-71.9752664,-41.1955566],[-71.9794013,-41.1889746],[-71.9826594,-41.1821191],[-71.9850093,-41.1750563],[-71.9864284,-41.167854],[-71.9869029,-41.1605817],[-71.9864284,-41.1533095],[-71.9850093,-41.1461072],[-71.9826594,-41.1390443],[-71.9794013,-41.1321889],[-71.9752664,-41.1256069],[-71.9702945,-41.1193617],[-71.9645334,-41.1135135],[-71.9580387,-41.1081186],[-71.9508729,-41.103229],[-71.943105,-41.0988917],[-71.9348098,-41.0951484],[-71.9260672,-41.0920354],[-71.9169615,-41.0895825],[-71.9075802,-41.0878133],[-71.8980138,-41.086745],[-71.8883543,-41.0863877]]]},"properties":{"name":"Cerro Tronador","local_name":"Cerro Tronador","english_name":"Cerro Tronador","search_name":"Cerro Tronador Cerro Tronador Cerro Tronador Cerro Tronador Cerro Tronador Cerro Tronador","peak_elev":3430,"radius_m":8250,"layer":"平均突起响应半径","rank_pct":0.304,"center_lon":-71.8883543481278,"center_lat":-41.16058173953545,"max_mean_jut":617.6093,"max_ats":395.5388,"r_jmean_peak":8250,"r_ats_peak":9250,"r_ats_marginal":312.5,"ats_marginal_rate_max":0.186839,"ats_marginal_interval_start":250,"ats_marginal_interval_end":375,"ats_marginal_ats_mean":41.557}},{"type":"Feature","geometry":{"type":"Polygon","coordinates":[[[-72.7148942,-12.8897082],[-72.7074317,-12.8900655],[-72.7000411,-12.8911339],[-72.6927935,-12.892903],[-72.6857588,-12.8953559],[-72.6790046,-12.898469],[-72.6725961,-12.9022122],[-72.666595,-12.9065495],[-72.661059,-12.9114392],[-72.6560414,-12.9168341],[-72.6515907,-12.9226823],[-72.6477495,-12.9289275],[-72.6445551,-12.9355094],[-72.642038,-12.9423649],[-72.6402226,-12.9494277],[-72.6391263,-12.95663],[-72.6387597,-12.9639023],[-72.6391263,-12.9711746],[-72.6402226,-12.9783768],[-72.642038,-12.9854397],[-72.6445551,-12.9922951],[-72.6477495,-12.9988771],[-72.6515907,-13.0051223],[-72.6560414,-13.0109705],[-72.661059,-13.0163654],[-72.666595,-13.021255],[-72.6725961,-13.0255924],[-72.6790046,-13.0293356],[-72.6857588,-13.0324486],[-72.6927935,-13.0349015],[-72.7000411,-13.0366707],[-72.7074317,-13.037739],[-72.7148942,-13.0380963],[-72.7223567,-13.037739],[-72.7297474,-13.0366707],[-72.7369949,-13.0349015],[-72.7440297,-13.0324486],[-72.7507838,-13.0293356],[-72.7571923,-13.0255924],[-72.7631935,-13.021255],[-72.7687295,-13.0163654],[-72.7737471,-13.0109705],[-72.7781978,-13.0051223],[-72.7820389,-12.9988771],[-72.7852334,-12.9922951],[-72.7877505,-12.9854397],[-72.7895659,-12.9783768],[-72.7906622,-12.9711746],[-72.7910288,-12.9639023],[-72.7906622,-12.95663],[-72.7895659,-12.9494277],[-72.7877505,-12.9423649],[-72.7852334,-12.9355094],[-72.7820389,-12.9289275],[-72.7781978,-12.9226823],[-72.7737471,-12.9168341],[-72.7687295,-12.9114392],[-72.7631935,-12.9065495],[-72.7571923,-12.9022122],[-72.7507838,-12.898469],[-72.7440297,-12.8953559],[-72.7369949,-12.892903],[-72.7297474,-12.8911339],[-72.7223567,-12.8900655],[-72.7148942,-12.8897082]]]},"properties":{"name":"Cerro Yanamanchi","local_name":"Cerro Yanamanchi","english_name":"Cerro Yanamanchi","search_name":"Cerro Yanamanchi Cerro Yanamanchi Cerro Yanamanchi Cerro Yanamanchi Cerro Yanamanchi Cerro Yanamanchi","peak_elev":3233,"radius_m":8250,"layer":"平均突起响应半径","rank_pct":0.304,"center_lon":-72.71489424104618,"center_lat":-12.963902275478258,"max_mean_jut":275.2843,"max_ats":136.522,"r_jmean_peak":8250,"r_ats_peak":9000,"r_ats_marginal":562.5,"ats_marginal_rate_max":0.067461,"ats_marginal_interval_start":500,"ats_marginal_interval_end":625,"ats_marginal_ats_mean":22.8434}},{"type":"Feature","geometry":{"type":"Polygon","coordinates":[[[-77.6048735,-9.0472544],[-77.5975081,-9.0476117],[-77.5902136,-9.0486801],[-77.5830603,-9.0504492],[-77.576117,-9.0529021],[-77.5694507,-9.0560152],[-77.5631256,-9.0597584],[-77.5572025,-9.0640957],[-77.5517385,-9.0689854],[-77.5467862,-9.0743803],[-77.5423933,-9.0802285],[-77.5386022,-9.0864737],[-77.5354492,-9.0930557],[-77.5329649,-9.0999111],[-77.5311731,-9.1069739],[-77.5300911,-9.1141762],[-77.5297292,-9.1214485],[-77.5300911,-9.1287208],[-77.5311731,-9.135923],[-77.5329649,-9.1429859],[-77.5354492,-9.1498413],[-77.5386022,-9.1564233],[-77.5423933,-9.1626685],[-77.5467862,-9.1685167],[-77.5517385,-9.1739116],[-77.5572025,-9.1788012],[-77.5631256,-9.1831386],[-77.5694507,-9.1868818],[-77.576117,-9.1899948],[-77.5830603,-9.1924477],[-77.5902136,-9.1942169],[-77.5975081,-9.1952852],[-77.6048735,-9.1956425],[-77.6122389,-9.1952852],[-77.6195334,-9.1942169],[-77.6266867,-9.1924477],[-77.63363,-9.1899948],[-77.6402963,-9.1868818],[-77.6466214,-9.1831386],[-77.6525445,-9.1788012],[-77.6580085,-9.1739116],[-77.6629608,-9.1685167],[-77.6673537,-9.1626685],[-77.6711448,-9.1564233],[-77.6742977,-9.1498413],[-77.6767821,-9.1429859],[-77.6785739,-9.135923],[-77.6796559,-9.1287208],[-77.6800178,-9.1214485],[-77.6796559,-9.1141762],[-77.6785739,-9.1069739],[-77.6767821,-9.0999111],[-77.6742977,-9.0930557],[-77.6711448,-9.0864737],[-77.6673537,-9.0802285],[-77.6629608,-9.0743803],[-77.6580085,-9.0689854],[-77.6525445,-9.0640957],[-77.6466214,-9.0597584],[-77.6402963,-9.0560152],[-77.63363,-9.0529021],[-77.6266867,-9.0504492],[-77.6195334,-9.0486801],[-77.6122389,-9.0476117],[-77.6048735,-9.0472544]]]},"properties":{"name":"Nevado Huascarán","local_name":"Nevado Huascarán","english_name":"Nevado Huascarán","search_name":"Nevado Huascarán Nevado Huascarán Nevado Huascarán Nevado Huascarán Nevado Huascarán Nevado Huascarán","peak_elev":6731,"radius_m":8250,"layer":"平均突起响应半径","rank_pct":0.304,"center_lon":-77.6048734901508,"center_lat":-9.121448479185416,"max_mean_jut":844.5,"max_ats":503.5612,"r_jmean_peak":8250,"r_ats_peak":8500,"r_ats_marginal":1437.5,"ats_marginal_rate_max":0.20828,"ats_marginal_interval_start":1375,"ats_marginal_interval_end":1500,"ats_marginal_ats_mean":167.7563}},{"type":"Feature","geometry":{"type":"Polygon","coordinates":[[[-68.245596,-24.321938],[-68.2376108,-24.3222953],[-68.2297024,-24.3233637],[-68.2219471,-24.3251328],[-68.2144195,-24.3275857],[-68.2071922,-24.3306988],[-68.2003347,-24.334442],[-68.1939132,-24.3387793],[-68.1879893,-24.343669],[-68.1826203,-24.3490639],[-68.1778577,-24.3549121],[-68.1737475,-24.3611573],[-68.1703292,-24.3677392],[-68.1676358,-24.3745947],[-68.1656932,-24.3816575],[-68.1645201,-24.3888598],[-68.1641278,-24.3961321],[-68.1645201,-24.4034044],[-68.1656932,-24.4106066],[-68.1676358,-24.4176695],[-68.1703292,-24.4245249],[-68.1737475,-24.4311069],[-68.1778577,-24.4373521],[-68.1826203,-24.4432003],[-68.1879893,-24.4485952],[-68.1939132,-24.4534848],[-68.2003347,-24.4578222],[-68.2071922,-24.4615654],[-68.2144195,-24.4646784],[-68.2219471,-24.4671313],[-68.2297024,-24.4689005],[-68.2376108,-24.4699688],[-68.245596,-24.4703261],[-68.2535813,-24.4699688],[-68.2614897,-24.4689005],[-68.269245,-24.4671313],[-68.2767726,-24.4646784],[-68.2839999,-24.4615654],[-68.2908573,-24.4578222],[-68.2972789,-24.4534848],[-68.3032028,-24.4485952],[-68.3085718,-24.4432003],[-68.3133344,-24.4373521],[-68.3174446,-24.4311069],[-68.3208628,-24.4245249],[-68.3235562,-24.4176695],[-68.3254989,-24.4106066],[-68.326672,-24.4034044],[-68.3270642,-24.3961321],[-68.326672,-24.3888598],[-68.3254989,-24.3816575],[-68.3235562,-24.3745947],[-68.3208628,-24.3677392],[-68.3174446,-24.3611573],[-68.3133344,-24.3549121],[-68.3085718,-24.3490639],[-68.3032028,-24.343669],[-68.2972789,-24.3387793],[-68.2908573,-24.334442],[-68.2839999,-24.3306988],[-68.2767726,-24.3275857],[-68.269245,-24.3251328],[-68.2614897,-24.3233637],[-68.2535813,-24.3222953],[-68.245596,-24.321938]]]},"properties":{"name":"Volcán Socompa","local_name":"Volcán Socompa","english_name":"Volcán Socompa","search_name":"Volcán Socompa Volcán Socompa Volcán Socompa Volcán Socompa Volcán Socompa Volcán Socompa","peak_elev":6044,"radius_m":8250,"layer":"平均突起响应半径","rank_pct":0.304,"center_lon":-68.24559603949473,"center_lat":-24.396132075768524,"max_mean_jut":562.745,"max_ats":417.8545,"r_jmean_peak":8250,"r_ats_peak":9250,"r_ats_marginal":437.5,"ats_marginal_rate_max":0.092769,"ats_marginal_interval_start":375,"ats_marginal_interval_end":500,"ats_marginal_ats_mean":31.2952}},{"type":"Feature","geometry":{"type":"Polygon","coordinates":[[[-76.3972683,-11.849821],[-76.3900609,-11.8501674],[-76.3829229,-11.8512034],[-76.3759231,-11.8529189],[-76.3691289,-11.8552975],[-76.3626056,-11.8583162],[-76.3564162,-11.861946],[-76.3506202,-11.8661519],[-76.3452734,-11.8708934],[-76.3404274,-11.8761248],[-76.3361288,-11.8817958],[-76.332419,-11.8878517],[-76.3293338,-11.8942343],[-76.3269027,-11.900882],[-76.3251494,-11.9077308],[-76.3240906,-11.9147148],[-76.3237365,-11.9217667],[-76.3240906,-11.9288186],[-76.3251494,-11.9358026],[-76.3269027,-11.9426515],[-76.3293338,-11.9492992],[-76.332419,-11.9556817],[-76.3361288,-11.9617376],[-76.3404274,-11.9674086],[-76.3452734,-11.97264],[-76.3506202,-11.9773815],[-76.3564162,-11.9815874],[-76.3626056,-11.9852172],[-76.3691289,-11.9882359],[-76.3759231,-11.9906145],[-76.3829229,-11.99233],[-76.3900609,-11.993366],[-76.3972683,-11.9937124],[-76.4044756,-11.993366],[-76.4116136,-11.99233],[-76.4186134,-11.9906145],[-76.4254076,-11.9882359],[-76.4319309,-11.9852172],[-76.4381203,-11.9815874],[-76.4439163,-11.9773815],[-76.4492631,-11.97264],[-76.4541091,-11.9674086],[-76.4584077,-11.9617376],[-76.4621175,-11.9556817],[-76.4652027,-11.9492992],[-76.4676338,-11.9426515],[-76.4693871,-11.9358026],[-76.4704459,-11.9288186],[-76.4708,-11.9217667],[-76.4704459,-11.9147148],[-76.4693871,-11.9077308],[-76.4676338,-11.900882],[-76.4652027,-11.8942343],[-76.4621175,-11.8878517],[-76.4584077,-11.8817958],[-76.4541091,-11.8761248],[-76.4492631,-11.8708934],[-76.4439163,-11.8661519],[-76.4381203,-11.861946],[-76.4319309,-11.8583162],[-76.4254076,-11.8552975],[-76.4186134,-11.8529189],[-76.4116136,-11.8512034],[-76.4044756,-11.8501674],[-76.3972683,-11.849821]]]},"properties":{"name":"Cerro Linco","local_name":"Cerro Linco","english_name":"Cerro Linco","search_name":"Cerro Linco Cerro Linco Cerro Linco Cerro Linco Cerro Linco Cerro Linco","peak_elev":4624,"radius_m":8000,"layer":"平均突起响应半径","rank_pct":0.328,"center_lon":-76.39726825370892,"center_lat":-11.9217667143712,"max_mean_jut":218.108,"max_ats":69.7353,"r_jmean_peak":8000,"r_ats_peak":8500,"r_ats_marginal":1187.5,"ats_marginal_rate_max":0.026536,"ats_marginal_interval_start":1125,"ats_marginal_interval_end":1250,"ats_marginal_ats_mean":18.2529}},{"type":"Feature","geometry":{"type":"Polygon","coordinates":[[[-73.5813193,-13.3519838],[-73.5740693,-13.3523302],[-73.5668892,-13.3533662],[-73.559848,-13.3550818],[-73.5530136,-13.3574603],[-73.5464517,-13.3604791],[-73.5402257,-13.3641088],[-73.5343954,-13.3683147],[-73.5290171,-13.3730562],[-73.5241424,-13.3782876],[-73.5198184,-13.3839586],[-73.5160866,-13.3900146],[-73.5129831,-13.3963971],[-73.5105377,-13.4030448],[-73.508774,-13.4098936],[-73.5077089,-13.4168776],[-73.5073528,-13.4239295],[-73.5077089,-13.4309814],[-73.508774,-13.4379654],[-73.5105377,-13.4448143],[-73.5129831,-13.451462],[-73.5160866,-13.4578445],[-73.5198184,-13.4639004],[-73.5241424,-13.4695714],[-73.5290171,-13.4748028],[-73.5343954,-13.4795443],[-73.5402257,-13.4837502],[-73.5464517,-13.48738],[-73.5530136,-13.4903987],[-73.559848,-13.4927773],[-73.5668892,-13.4944928],[-73.5740693,-13.4955288],[-73.5813193,-13.4958753],[-73.5885693,-13.4955288],[-73.5957495,-13.4944928],[-73.6027907,-13.4927773],[-73.6096251,-13.4903987],[-73.6161869,-13.48738],[-73.622413,-13.4837502],[-73.6282432,-13.4795443],[-73.6336216,-13.4748028],[-73.6384963,-13.4695714],[-73.6428203,-13.4639004],[-73.646552,-13.4578445],[-73.6496555,-13.451462],[-73.6521009,-13.4448143],[-73.6538647,-13.4379654],[-73.6549297,-13.4309814],[-73.6552859,-13.4239295],[-73.6549297,-13.4168776],[-73.6538647,-13.4098936],[-73.6521009,-13.4030448],[-73.6496555,-13.3963971],[-73.646552,-13.3900146],[-73.6428203,-13.3839586],[-73.6384963,-13.3782876],[-73.6336216,-13.3730562],[-73.6282432,-13.3683147],[-73.622413,-13.3641088],[-73.6161869,-13.3604791],[-73.6096251,-13.3574603],[-73.6027907,-13.3550818],[-73.5957495,-13.3533662],[-73.5885693,-13.3523302],[-73.5813193,-13.3519838]]]},"properties":{"name":"Cerro Rocchoc","local_name":"Cerro Rocchoc","english_name":"Cerro Rocchoc","search_name":"Cerro Rocchoc Cerro Rocchoc Cerro Rocchoc Cerro Rocchoc Cerro Rocchoc Cerro Rocchoc","peak_elev":3854,"radius_m":8000,"layer":"平均突起响应半径","rank_pct":0.328,"center_lon":-73.58131933257945,"center_lat":-13.423929532475864,"max_mean_jut":207.7254,"max_ats":71.2339,"r_jmean_peak":8000,"r_ats_peak":8500,"r_ats_marginal":5125.0,"ats_marginal_rate_max":0.020108,"ats_marginal_interval_start":5000,"ats_marginal_interval_end":5250,"ats_marginal_ats_mean":47.1905}},{"type":"Feature","geometry":{"type":"Polygon","coordinates":[[[-69.7868356,-29.0578587],[-69.7787626,-29.0582052],[-69.7707673,-29.0592412],[-69.7629268,-29.0609567],[-69.7553166,-29.0633353],[-69.7480099,-29.066354],[-69.7410771,-29.0699838],[-69.734585,-29.0741897],[-69.7285961,-29.0789312],[-69.723168,-29.0841626],[-69.7183532,-29.0898336],[-69.7141978,-29.0958895],[-69.710742,-29.102272],[-69.708019,-29.1089197],[-69.7060551,-29.1157686],[-69.7048691,-29.1227526],[-69.7044725,-29.1298045],[-69.7048691,-29.1368564],[-69.7060551,-29.1438404],[-69.708019,-29.1506892],[-69.710742,-29.1573369],[-69.7141978,-29.1637194],[-69.7183532,-29.1697754],[-69.723168,-29.1754464],[-69.7285961,-29.1806778],[-69.734585,-29.1854193],[-69.7410771,-29.1896252],[-69.7480099,-29.1932549],[-69.7553166,-29.1962737],[-69.7629268,-29.1986522],[-69.7707673,-29.2003678],[-69.7787626,-29.2014038],[-69.7868356,-29.2017502],[-69.7949086,-29.2014038],[-69.8029038,-29.2003678],[-69.8107443,-29.1986522],[-69.8183546,-29.1962737],[-69.8256613,-29.1932549],[-69.8325941,-29.1896252],[-69.8390862,-29.1854193],[-69.8450751,-29.1806778],[-69.8505031,-29.1754464],[-69.855318,-29.1697754],[-69.8594733,-29.1637194],[-69.8629291,-29.1573369],[-69.8656521,-29.1506892],[-69.8676161,-29.1438404],[-69.8688021,-29.1368564],[-69.8691987,-29.1298045],[-69.8688021,-29.1227526],[-69.8676161,-29.1157686],[-69.8656521,-29.1089197],[-69.8629291,-29.102272],[-69.8594733,-29.0958895],[-69.855318,-29.0898336],[-69.8505031,-29.0841626],[-69.8450751,-29.0789312],[-69.8390862,-29.0741897],[-69.8325941,-29.0699838],[-69.8256613,-29.066354],[-69.8183546,-29.0633353],[-69.8107443,-29.0609567],[-69.8029038,-29.0592412],[-69.7949086,-29.0582052],[-69.7868356,-29.0578587]]]},"properties":{"name":"Cerro del Toro","local_name":"Cerro del Toro","english_name":"Cerro del Toro","search_name":"Cerro del Toro Cerro del Toro Cerro del Toro Cerro del Toro Cerro del Toro Cerro del Toro","peak_elev":6150,"radius_m":8000,"layer":"平均突起响应半径","rank_pct":0.328,"center_lon":-69.7868355724586,"center_lat":-29.129804465436344,"max_mean_jut":521.6534,"max_ats":310.5185,"r_jmean_peak":8000,"r_ats_peak":9250,"r_ats_marginal":2125.0,"ats_marginal_rate_max":0.088139,"ats_marginal_interval_start":2000,"ats_marginal_interval_end":2250,"ats_marginal_ats_mean":122.1577}},{"type":"Feature","geometry":{"type":"Polygon","coordinates":[[[-67.8157522,-16.4433562],[-67.8083968,-16.4437026],[-67.8011123,-16.4447386],[-67.7939687,-16.4464542],[-67.787035,-16.4488327],[-67.7803778,-16.4518515],[-67.7740613,-16.4554812],[-67.7681463,-16.4596871],[-67.7626897,-16.4644286],[-67.7577442,-16.46966],[-67.7533573,-16.475331],[-67.7495713,-16.4813869],[-67.7464227,-16.4877695],[-67.7439418,-16.4944172],[-67.7421524,-16.501266],[-67.7410719,-16.50825],[-67.7407105,-16.5153019],[-67.7410719,-16.5223538],[-67.7421524,-16.5293378],[-67.7439418,-16.5361867],[-67.7464227,-16.5428344],[-67.7495713,-16.5492169],[-67.7533573,-16.5552728],[-67.7577442,-16.5609438],[-67.7626897,-16.5661752],[-67.7681463,-16.5709167],[-67.7740613,-16.5751226],[-67.7803778,-16.5787524],[-67.787035,-16.5817711],[-67.7939687,-16.5841497],[-67.8011123,-16.5858652],[-67.8083968,-16.5869012],[-67.8157522,-16.5872476],[-67.8231075,-16.5869012],[-67.8303921,-16.5858652],[-67.8375356,-16.5841497],[-67.8444694,-16.5817711],[-67.8511266,-16.5787524],[-67.8574431,-16.5751226],[-67.8633581,-16.5709167],[-67.8688146,-16.5661752],[-67.8737602,-16.5609438],[-67.878147,-16.5552728],[-67.881933,-16.5492169],[-67.8850816,-16.5428344],[-67.8875626,-16.5361867],[-67.8893519,-16.5293378],[-67.8904325,-16.5223538],[-67.8907938,-16.5153019],[-67.8904325,-16.50825],[-67.8893519,-16.501266],[-67.8875626,-16.4944172],[-67.8850816,-16.4877695],[-67.881933,-16.4813869],[-67.878147,-16.475331],[-67.8737602,-16.46966],[-67.8688146,-16.4644286],[-67.8633581,-16.4596871],[-67.8574431,-16.4554812],[-67.8511266,-16.4518515],[-67.8444694,-16.4488327],[-67.8375356,-16.4464542],[-67.8303921,-16.4447386],[-67.8231075,-16.4437026],[-67.8157522,-16.4433562]]]},"properties":{"name":"Mururata","local_name":"Mururata","english_name":"Mururata","search_name":"Mururata Mururata Mururata Mururata Mururata Mururata","peak_elev":5801,"radius_m":8000,"layer":"平均突起响应半径","rank_pct":0.328,"center_lon":-67.81575217604355,"center_lat":-16.515301919716375,"max_mean_jut":358.3902,"max_ats":160.5108,"r_jmean_peak":8000,"r_ats_peak":34000,"r_ats_marginal":1187.5,"ats_marginal_rate_max":0.09487,"ats_marginal_interval_start":1125,"ats_marginal_interval_end":1250,"ats_marginal_ats_mean":47.4471}},{"type":"Feature","geometry":{"type":"Polygon","coordinates":[[[-78.4421932,-1.395587],[-78.4351389,-1.3959335],[-78.4281526,-1.3969695],[-78.4213016,-1.398685],[-78.4146517,-1.4010636],[-78.4082671,-1.4040823],[-78.4022091,-1.4077121],[-78.3965363,-1.411918],[-78.3913032,-1.4166595],[-78.3865601,-1.4218909],[-78.3823529,-1.4275619],[-78.3787219,-1.4336178],[-78.3757022,-1.4400003],[-78.3733228,-1.446648],[-78.3716067,-1.4534968],[-78.3705704,-1.4604808],[-78.3702238,-1.4675328],[-78.3705704,-1.4745847],[-78.3716067,-1.4815687],[-78.3733228,-1.4884175],[-78.3757022,-1.4950652],[-78.3787219,-1.5014477],[-78.3823529,-1.5075037],[-78.3865601,-1.5131747],[-78.3913032,-1.5184061],[-78.3965363,-1.5231476],[-78.4022091,-1.5273535],[-78.4082671,-1.5309832],[-78.4146517,-1.5340019],[-78.4213016,-1.5363805],[-78.4281526,-1.5380961],[-78.4351389,-1.5391321],[-78.4421932,-1.5394785],[-78.4492474,-1.5391321],[-78.4562337,-1.5380961],[-78.4630848,-1.5363805],[-78.4697346,-1.5340019],[-78.4761193,-1.5309832],[-78.4821772,-1.5273535],[-78.48785,-1.5231476],[-78.4930832,-1.5184061],[-78.4978262,-1.5131747],[-78.5020335,-1.5075037],[-78.5056645,-1.5014477],[-78.5086842,-1.4950652],[-78.5110635,-1.4884175],[-78.5127796,-1.4815687],[-78.5138159,-1.4745847],[-78.5141625,-1.4675328],[-78.5138159,-1.4604808],[-78.5127796,-1.4534968],[-78.5110635,-1.446648],[-78.5086842,-1.4400003],[-78.5056645,-1.4336178],[-78.5020335,-1.4275619],[-78.4978262,-1.4218909],[-78.4930832,-1.4166595],[-78.48785,-1.411918],[-78.4821772,-1.4077121],[-78.4761193,-1.4040823],[-78.4697346,-1.4010636],[-78.4630848,-1.398685],[-78.4562337,-1.3969695],[-78.4492474,-1.3959335],[-78.4421932,-1.395587]]]},"properties":{"name":"Tungurahua","local_name":"Tungurahua","english_name":"Tungurahua","search_name":"Tungurahua Tungurahua Tungurahua Tungurahua Tungurahua Tungurahua","peak_elev":4734,"radius_m":8000,"layer":"平均突起响应半径","rank_pct":0.328,"center_lon":-78.4421931664786,"center_lat":-1.4675327639018565,"max_mean_jut":531.1802,"max_ats":299.9064,"r_jmean_peak":8000,"r_ats_peak":8000,"r_ats_marginal":2125.0,"ats_marginal_rate_max":0.077132,"ats_marginal_interval_start":2000,"ats_marginal_interval_end":2250,"ats_marginal_ats_mean":84.2376}},{"type":"Feature","geometry":{"type":"Polygon","coordinates":[[[-78.1419762,-0.4152581],[-78.1351444,-0.4155937],[-78.1283784,-0.4165973],[-78.1217434,-0.4182592],[-78.1153032,-0.4205635],[-78.1091199,-0.4234879],[-78.103253,-0.4270042],[-78.097759,-0.4310787],[-78.0926909,-0.435672],[-78.0880974,-0.4407399],[-78.0840228,-0.4462337],[-78.0805064,-0.4521004],[-78.0775819,-0.4582835],[-78.0752775,-0.4647234],[-78.0736155,-0.4713582],[-78.0726119,-0.478124],[-78.0722763,-0.4849555],[-78.0726119,-0.491787],[-78.0736155,-0.4985528],[-78.0752775,-0.5051876],[-78.0775819,-0.5116276],[-78.0805064,-0.5178106],[-78.0840228,-0.5236773],[-78.0880974,-0.5291711],[-78.0926909,-0.534239],[-78.097759,-0.5388323],[-78.103253,-0.5429068],[-78.1091199,-0.5464231],[-78.1153032,-0.5493475],[-78.1217434,-0.5516518],[-78.1283784,-0.5533137],[-78.1351444,-0.5543173],[-78.1419762,-0.5546529],[-78.148808,-0.5543173],[-78.155574,-0.5533137],[-78.162209,-0.5516518],[-78.1686492,-0.5493475],[-78.1748325,-0.5464231],[-78.1806994,-0.5429068],[-78.1861934,-0.5388323],[-78.1912615,-0.534239],[-78.195855,-0.5291711],[-78.1999296,-0.5236773],[-78.203446,-0.5178106],[-78.2063705,-0.5116276],[-78.2086749,-0.5051876],[-78.2103369,-0.4985528],[-78.2113405,-0.491787],[-78.2116761,-0.4849555],[-78.2113405,-0.478124],[-78.2103369,-0.4713582],[-78.2086749,-0.4647234],[-78.2063705,-0.4582835],[-78.203446,-0.4521004],[-78.1999296,-0.4462337],[-78.195855,-0.4407399],[-78.1912615,-0.435672],[-78.1861934,-0.4310787],[-78.1806994,-0.4270042],[-78.1748325,-0.4234879],[-78.1686492,-0.4205635],[-78.162209,-0.4182592],[-78.155574,-0.4165973],[-78.148808,-0.4155937],[-78.1419762,-0.4152581]]]},"properties":{"name":"Antisana","local_name":"Antisana","english_name":"Antisana","search_name":"Antisana Antisana Antisana Antisana Antisana Antisana","peak_elev":5705,"radius_m":7750,"layer":"平均突起响应半径","rank_pct":0.3413,"center_lon":-78.14197619852585,"center_lat":-0.4849555061319237,"max_mean_jut":455.8432,"max_ats":263.0881,"r_jmean_peak":7750,"r_ats_peak":9000,"r_ats_marginal":1437.5,"ats_marginal_rate_max":0.094471,"ats_marginal_interval_start":1375,"ats_marginal_interval_end":1500,"ats_marginal_ats_mean":86.5045}},{"type":"Feature","geometry":{"type":"Polygon","coordinates":[[[-75.9959908,-12.4813391],[-75.988992,-12.4816748],[-75.9820606,-12.4826784],[-75.9752634,-12.4843403],[-75.9686658,-12.4866445],[-75.9623313,-12.4895689],[-75.956321,-12.4930853],[-75.9506927,-12.4971597],[-75.9455007,-12.501753],[-75.940795,-12.506821],[-75.9366207,-12.5123148],[-75.9330183,-12.5181814],[-75.9300223,-12.5243645],[-75.9276617,-12.5308045],[-75.925959,-12.5374393],[-75.9249309,-12.544205],[-75.924587,-12.5510366],[-75.9249309,-12.5578681],[-75.925959,-12.5646339],[-75.9276617,-12.5712687],[-75.9300223,-12.5777086],[-75.9330183,-12.5838917],[-75.9366207,-12.5897584],[-75.940795,-12.5952521],[-75.9455007,-12.6003201],[-75.9506927,-12.6049134],[-75.956321,-12.6089879],[-75.9623313,-12.6125042],[-75.9686658,-12.6154286],[-75.9752634,-12.6177328],[-75.9820606,-12.6193948],[-75.988992,-12.6203984],[-75.9959908,-12.620734],[-76.0029896,-12.6203984],[-76.009921,-12.6193948],[-76.0167182,-12.6177328],[-76.0233159,-12.6154286],[-76.0296503,-12.6125042],[-76.0356606,-12.6089879],[-76.0412889,-12.6049134],[-76.0464809,-12.6003201],[-76.0511867,-12.5952521],[-76.0553609,-12.5897584],[-76.0589633,-12.5838917],[-76.0619593,-12.5777086],[-76.06432,-12.5712687],[-76.0660226,-12.5646339],[-76.0670508,-12.5578681],[-76.0673946,-12.5510366],[-76.0670508,-12.544205],[-76.0660226,-12.5374393],[-76.06432,-12.5308045],[-76.0619593,-12.5243645],[-76.0589633,-12.5181814],[-76.0553609,-12.5123148],[-76.0511867,-12.506821],[-76.0464809,-12.501753],[-76.0412889,-12.4971597],[-76.0356606,-12.4930853],[-76.0296503,-12.4895689],[-76.0233159,-12.4866445],[-76.0167182,-12.4843403],[-76.009921,-12.4826784],[-76.0029896,-12.4816748],[-75.9959908,-12.4813391]]]},"properties":{"name":"Cerro Apromaca","local_name":"Cerro Apromaca","english_name":"Cerro Apromaca","search_name":"Cerro Apromaca Cerro Apromaca Cerro Apromaca Cerro Apromaca Cerro Apromaca Cerro Apromaca","peak_elev":4727,"radius_m":7750,"layer":"平均突起响应半径","rank_pct":0.3413,"center_lon":-75.99599081629273,"center_lat":-12.551036570896926,"max_mean_jut":303.4321,"max_ats":109.4207,"r_jmean_peak":7750,"r_ats_peak":8250,"r_ats_marginal":2625.0,"ats_marginal_rate_max":0.032244,"ats_marginal_interval_start":2500,"ats_marginal_interval_end":2750,"ats_marginal_ats_mean":38.7961}},{"type":"Feature","geometry":{"type":"Polygon","coordinates":[[[-73.0196926,-15.539656],[-73.0128284,-15.5399808],[-73.0060302,-15.5409521],[-72.9993636,-15.5425604],[-72.9928928,-15.5447903],[-72.9866801,-15.5476204],[-72.9807854,-15.5510233],[-72.9752653,-15.5549663],[-72.9701731,-15.5594114],[-72.9655577,-15.5643159],[-72.9614638,-15.5696324],[-72.9579306,-15.5753099],[-72.9549922,-15.5812935],[-72.9526769,-15.5875257],[-72.951007,-15.5939465],[-72.9499986,-15.600494],[-72.9496614,-15.6071052],[-72.9499986,-15.6137163],[-72.951007,-15.6202638],[-72.9526769,-15.6266846],[-72.9549922,-15.6329168],[-72.9579306,-15.6389005],[-72.9614638,-15.6445779],[-72.9655577,-15.6498944],[-72.9701731,-15.6547989],[-72.9752653,-15.659244],[-72.9807854,-15.6631871],[-72.9866801,-15.66659],[-72.9928928,-15.66942],[-72.9993636,-15.67165],[-73.0060302,-15.6732583],[-73.0128284,-15.6742295],[-73.0196926,-15.6745543],[-73.0265569,-15.6742295],[-73.033355,-15.6732583],[-73.0400216,-15.67165],[-73.0464924,-15.66942],[-73.0527051,-15.66659],[-73.0585999,-15.6631871],[-73.06412,-15.659244],[-73.0692122,-15.6547989],[-73.0738275,-15.6498944],[-73.0779215,-15.6445779],[-73.0814546,-15.6389005],[-73.084393,-15.6329168],[-73.0867083,-15.6266846],[-73.0883782,-15.6202638],[-73.0893866,-15.6137163],[-73.0897238,-15.6071052],[-73.0893866,-15.600494],[-73.0883782,-15.5939465],[-73.0867083,-15.5875257],[-73.084393,-15.5812935],[-73.0814546,-15.5753099],[-73.0779215,-15.5696324],[-73.0738275,-15.5643159],[-73.0692122,-15.5594114],[-73.06412,-15.5549663],[-73.0585999,-15.5510233],[-73.0527051,-15.5476204],[-73.0464924,-15.5447903],[-73.0400216,-15.5425604],[-73.033355,-15.5409521],[-73.0265569,-15.5399808],[-73.0196926,-15.539656]]]},"properties":{"name":"Cerro Ahuiñay","local_name":"Cerro Ahuiñay","english_name":"Cerro Ahuiñay","search_name":"Cerro Ahuiñay Cerro Ahuiñay Cerro Ahuiñay Cerro Ahuiñay Cerro Ahuiñay Cerro Ahuiñay","peak_elev":3429,"radius_m":7500,"layer":"平均突起响应半径","rank_pct":0.3467,"center_lon":-73.01969261694794,"center_lat":-15.607105167471538,"max_mean_jut":375.8806,"max_ats":179.207,"r_jmean_peak":7500,"r_ats_peak":7750,"r_ats_marginal":1437.5,"ats_marginal_rate_max":0.05759,"ats_marginal_interval_start":1375,"ats_marginal_interval_end":1500,"ats_marginal_ats_mean":61.667}},{"type":"Feature","geometry":{"type":"Polygon","coordinates":[[[-78.2575894,-6.2682338],[-78.2509376,-6.2685586],[-78.2443498,-6.2695298],[-78.2378896,-6.2711382],[-78.2316191,-6.2733681],[-78.2255987,-6.2761981],[-78.2198864,-6.2796011],[-78.2145372,-6.2835441],[-78.2096026,-6.2879892],[-78.2051301,-6.2928937],[-78.2011629,-6.2982102],[-78.197739,-6.3038877],[-78.1948916,-6.3098713],[-78.192648,-6.3161035],[-78.1910298,-6.3225243],[-78.1900526,-6.3290718],[-78.1897258,-6.335683],[-78.1900526,-6.3422941],[-78.1910298,-6.3488416],[-78.192648,-6.3552624],[-78.1948916,-6.3614946],[-78.197739,-6.3674782],[-78.2011629,-6.3731557],[-78.2051301,-6.3784722],[-78.2096026,-6.3833767],[-78.2145372,-6.3878218],[-78.2198864,-6.3917648],[-78.2255987,-6.3951678],[-78.2316191,-6.3979978],[-78.2378896,-6.4002277],[-78.2443498,-6.4018361],[-78.2509376,-6.4028073],[-78.2575894,-6.4031321],[-78.2642412,-6.4028073],[-78.2708289,-6.4018361],[-78.2772891,-6.4002277],[-78.2835597,-6.3979978],[-78.2895801,-6.3951678],[-78.2952924,-6.3917648],[-78.3006416,-6.3878218],[-78.3055762,-6.3833767],[-78.3100486,-6.3784722],[-78.3140159,-6.3731557],[-78.3174397,-6.3674782],[-78.3202872,-6.3614946],[-78.3225308,-6.3552624],[-78.324149,-6.3488416],[-78.3251262,-6.3422941],[-78.325453,-6.335683],[-78.3251262,-6.3290718],[-78.324149,-6.3225243],[-78.3225308,-6.3161035],[-78.3202872,-6.3098713],[-78.3174397,-6.3038877],[-78.3140159,-6.2982102],[-78.3100486,-6.2928937],[-78.3055762,-6.2879892],[-78.3006416,-6.2835441],[-78.2952924,-6.2796011],[-78.2895801,-6.2761981],[-78.2835597,-6.2733681],[-78.2772891,-6.2711382],[-78.2708289,-6.2695298],[-78.2642412,-6.2685586],[-78.2575894,-6.2682338]]]},"properties":{"name":"Cerro Chahuarpata","local_name":"Cerro Chahuarpata","english_name":"Cerro Chahuarpata","search_name":"Cerro Chahuarpata Cerro Chahuarpata Cerro Chahuarpata Cerro Chahuarpata Cerro Chahuarpata Cerro Chahuarpata","peak_elev":3170,"radius_m":7500,"layer":"平均突起响应半径","rank_pct":0.3467,"center_lon":-78.25758937559203,"center_lat":-6.335682951602368,"max_mean_jut":400.6853,"max_ats":223.9694,"r_jmean_peak":7500,"r_ats_peak":8750,"r_ats_marginal":312.5,"ats_marginal_rate_max":0.052079,"ats_marginal_interval_start":250,"ats_marginal_interval_end":375,"ats_marginal_ats_mean":12.3877}},{"type":"Feature","geometry":{"type":"Polygon","coordinates":[[[-70.112924,-31.9114521],[-70.1051301,-31.9117769],[-70.0974112,-31.9127481],[-70.0898417,-31.9143564],[-70.0824945,-31.9165864],[-70.0754403,-31.9194164],[-70.0687472,-31.9228193],[-70.0624794,-31.9267623],[-70.0566975,-31.9312075],[-70.0514571,-31.936112],[-70.0468087,-31.9414285],[-70.0427969,-31.9471059],[-70.0394606,-31.9530896],[-70.0368317,-31.9593218],[-70.0349356,-31.9657425],[-70.0337907,-31.9722901],[-70.0334078,-31.9789012],[-70.0337907,-31.9855124],[-70.0349356,-31.9920599],[-70.0368317,-31.9984807],[-70.0394606,-32.0047129],[-70.0427969,-32.0106965],[-70.0468087,-32.0163739],[-70.0514571,-32.0216905],[-70.0566975,-32.026595],[-70.0624794,-32.0310401],[-70.0687472,-32.0349831],[-70.0754403,-32.038386],[-70.0824945,-32.0412161],[-70.0898417,-32.043446],[-70.0974112,-32.0450543],[-70.1051301,-32.0460256],[-70.112924,-32.0463503],[-70.120718,-32.0460256],[-70.1284369,-32.0450543],[-70.1360064,-32.043446],[-70.1433536,-32.0412161],[-70.1504077,-32.038386],[-70.1571009,-32.0349831],[-70.1633686,-32.0310401],[-70.1691505,-32.026595],[-70.1743909,-32.0216905],[-70.1790394,-32.0163739],[-70.1830511,-32.0106965],[-70.1863875,-32.0047129],[-70.1890163,-31.9984807],[-70.1909124,-31.9920599],[-70.1920574,-31.9855124],[-70.1924403,-31.9789012],[-70.1920574,-31.9722901],[-70.1909124,-31.9657425],[-70.1890163,-31.9593218],[-70.1863875,-31.9530896],[-70.1830511,-31.9471059],[-70.1790394,-31.9414285],[-70.1743909,-31.936112],[-70.1691505,-31.9312075],[-70.1633686,-31.9267623],[-70.1571009,-31.9228193],[-70.1504077,-31.9194164],[-70.1433536,-31.9165864],[-70.1360064,-31.9143564],[-70.1284369,-31.9127481],[-70.120718,-31.9117769],[-70.112924,-31.9114521]]]},"properties":{"name":"Cerro Mercedario","local_name":"Cerro Mercedario","english_name":"Cerro Mercedario","search_name":"Cerro Mercedario Cerro Mercedario Cerro Mercedario Cerro Mercedario Cerro Mercedario Cerro Mercedario","peak_elev":6717,"radius_m":7500,"layer":"平均突起响应半径","rank_pct":0.3467,"center_lon":-70.11292402059398,"center_lat":-31.97890122054982,"max_mean_jut":658.0495,"max_ats":397.8271,"r_jmean_peak":7500,"r_ats_peak":8500,"r_ats_marginal":3125.0,"ats_marginal_rate_max":0.104721,"ats_marginal_interval_start":3000,"ats_marginal_interval_end":3250,"ats_marginal_ats_mean":225.5948}},{"type":"Feature","geometry":{"type":"Polygon","coordinates":[[[-75.7674594,-12.8013216],[-75.7606779,-12.8016464],[-75.7539617,-12.8026176],[-75.7473755,-12.8042259],[-75.7409827,-12.8064558],[-75.7348449,-12.8092859],[-75.7290212,-12.8126888],[-75.7235677,-12.8166318],[-75.7185369,-12.821077],[-75.7139772,-12.8259814],[-75.7099326,-12.831298],[-75.706442,-12.8369754],[-75.703539,-12.842959],[-75.7012517,-12.8491912],[-75.6996019,-12.855612],[-75.6986057,-12.8621595],[-75.6982725,-12.8687707],[-75.6986057,-12.8753819],[-75.6996019,-12.8819294],[-75.7012517,-12.8883501],[-75.703539,-12.8945823],[-75.706442,-12.900566],[-75.7099326,-12.9062434],[-75.7139772,-12.91156],[-75.7185369,-12.9164644],[-75.7235677,-12.9209096],[-75.7290212,-12.9248526],[-75.7348449,-12.9282555],[-75.7409827,-12.9310855],[-75.7473755,-12.9333155],[-75.7539617,-12.9349238],[-75.7606779,-12.935895],[-75.7674594,-12.9362198],[-75.7742409,-12.935895],[-75.7809571,-12.9349238],[-75.7875433,-12.9333155],[-75.7939361,-12.9310855],[-75.8000739,-12.9282555],[-75.8058976,-12.9248526],[-75.8113511,-12.9209096],[-75.8163819,-12.9164644],[-75.8209416,-12.91156],[-75.8249862,-12.9062434],[-75.8284768,-12.900566],[-75.8313798,-12.8945823],[-75.8336671,-12.8883501],[-75.8353169,-12.8819294],[-75.8363132,-12.8753819],[-75.8366463,-12.8687707],[-75.8363132,-12.8621595],[-75.8353169,-12.855612],[-75.8336671,-12.8491912],[-75.8313798,-12.842959],[-75.8284768,-12.8369754],[-75.8249862,-12.831298],[-75.8209416,-12.8259814],[-75.8163819,-12.821077],[-75.8113511,-12.8166318],[-75.8058976,-12.8126888],[-75.8000739,-12.8092859],[-75.7939361,-12.8064558],[-75.7875433,-12.8042259],[-75.7809571,-12.8026176],[-75.7742409,-12.8016464],[-75.7674594,-12.8013216]]]},"properties":{"name":"Cerro Pushunco","local_name":"Cerro Pushunco","english_name":"Cerro Pushunco","search_name":"Cerro Pushunco Cerro Pushunco Cerro Pushunco Cerro Pushunco Cerro Pushunco Cerro Pushunco","peak_elev":4444,"radius_m":7500,"layer":"平均突起响应半径","rank_pct":0.3467,"center_lon":-75.76745940801273,"center_lat":-12.86877068689,"max_mean_jut":222.9732,"max_ats":70.6432,"r_jmean_peak":7500,"r_ats_peak":7750,"r_ats_marginal":3875.0,"ats_marginal_rate_max":0.019345,"ats_marginal_interval_start":3750,"ats_marginal_interval_end":4000,"ats_marginal_ats_mean":42.9115}},{"type":"Feature","geometry":{"type":"Polygon","coordinates":[[[-75.9008592,-12.629923],[-75.8940823,-12.6302478],[-75.8873707,-12.631219],[-75.880789,-12.6328273],[-75.8744005,-12.6350573],[-75.8682669,-12.6378873],[-75.8624471,-12.6412902],[-75.8569973,-12.6452333],[-75.8519699,-12.6496784],[-75.8474133,-12.6545829],[-75.8433714,-12.6598994],[-75.8398832,-12.6655768],[-75.8369822,-12.6715605],[-75.8346964,-12.6777927],[-75.8330478,-12.6842135],[-75.8320522,-12.690761],[-75.8317193,-12.6973721],[-75.8320522,-12.7039833],[-75.8330478,-12.7105308],[-75.8346964,-12.7169516],[-75.8369822,-12.7231838],[-75.8398832,-12.7291674],[-75.8433714,-12.7348449],[-75.8474133,-12.7401614],[-75.8519699,-12.7450659],[-75.8569973,-12.749511],[-75.8624471,-12.753454],[-75.8682669,-12.7568569],[-75.8744005,-12.759687],[-75.880789,-12.7619169],[-75.8873707,-12.7635252],[-75.8940823,-12.7644965],[-75.9008592,-12.7648213],[-75.9076361,-12.7644965],[-75.9143478,-12.7635252],[-75.9209295,-12.7619169],[-75.9273179,-12.759687],[-75.9334516,-12.7568569],[-75.9392713,-12.753454],[-75.9447212,-12.749511],[-75.9497486,-12.7450659],[-75.9543051,-12.7401614],[-75.958347,-12.7348449],[-75.9618352,-12.7291674],[-75.9647362,-12.7231838],[-75.967022,-12.7169516],[-75.9686707,-12.7105308],[-75.9696663,-12.7039833],[-75.9699992,-12.6973721],[-75.9696663,-12.690761],[-75.9686707,-12.6842135],[-75.967022,-12.6777927],[-75.9647362,-12.6715605],[-75.9618352,-12.6655768],[-75.958347,-12.6598994],[-75.9543051,-12.6545829],[-75.9497486,-12.6496784],[-75.9447212,-12.6452333],[-75.9392713,-12.6412902],[-75.9334516,-12.6378873],[-75.9273179,-12.6350573],[-75.9209295,-12.6328273],[-75.9143478,-12.631219],[-75.9076361,-12.6302478],[-75.9008592,-12.629923]]]},"properties":{"name":"Cerro Taulle Punta","local_name":"Cerro Taulle Punta","english_name":"Cerro Taulle Punta","search_name":"Cerro Taulle Punta Cerro Taulle Punta Cerro Taulle Punta Cerro Taulle Punta Cerro Taulle Punta Cerro Taulle Punta","peak_elev":4360,"radius_m":7500,"layer":"平均突起响应半径","rank_pct":0.3467,"center_lon":-75.90085922770447,"center_lat":-12.697372130679996,"max_mean_jut":391.2615,"max_ats":154.3175,"r_jmean_peak":7500,"r_ats_peak":8000,"r_ats_marginal":1312.5,"ats_marginal_rate_max":0.071288,"ats_marginal_interval_start":1250,"ats_marginal_interval_end":1375,"ats_marginal_ats_mean":73.4885}},{"type":"Feature","geometry":{"type":"Polygon","coordinates":[[[-76.6780816,-11.3794681],[-76.6713363,-11.3797929],[-76.6646559,-11.3807642],[-76.6581048,-11.3823725],[-76.6517461,-11.3846024],[-76.645641,-11.3874324],[-76.6398484,-11.3908354],[-76.6344239,-11.3947784],[-76.62942,-11.3992235],[-76.6248846,-11.404128],[-76.6208616,-11.4094445],[-76.6173896,-11.415122],[-76.6145021,-11.4211056],[-76.6122269,-11.4273378],[-76.610586,-11.4337586],[-76.609595,-11.4403061],[-76.6092636,-11.4469173],[-76.609595,-11.4535284],[-76.610586,-11.4600759],[-76.6122269,-11.4664967],[-76.6145021,-11.4727289],[-76.6173896,-11.4787126],[-76.6208616,-11.48439],[-76.6248846,-11.4897065],[-76.62942,-11.494611],[-76.6344239,-11.4990561],[-76.6398484,-11.5029991],[-76.645641,-11.5064021],[-76.6517461,-11.5092321],[-76.6581048,-11.511462],[-76.6646559,-11.5130704],[-76.6713363,-11.5140416],[-76.6780816,-11.5143664],[-76.684827,-11.5140416],[-76.6915073,-11.5130704],[-76.6980584,-11.511462],[-76.7044171,-11.5092321],[-76.7105222,-11.5064021],[-76.7163148,-11.5029991],[-76.7217393,-11.4990561],[-76.7267433,-11.494611],[-76.7312786,-11.4897065],[-76.7353017,-11.48439],[-76.7387737,-11.4787126],[-76.7416611,-11.4727289],[-76.7439363,-11.4664967],[-76.7455773,-11.4600759],[-76.7465682,-11.4535284],[-76.7468996,-11.4469173],[-76.7465682,-11.4403061],[-76.7455773,-11.4337586],[-76.7439363,-11.4273378],[-76.7416611,-11.4211056],[-76.7387737,-11.415122],[-76.7353017,-11.4094445],[-76.7312786,-11.404128],[-76.7267433,-11.3992235],[-76.7217393,-11.3947784],[-76.7163148,-11.3908354],[-76.7105222,-11.3874324],[-76.7044171,-11.3846024],[-76.6980584,-11.3823725],[-76.6915073,-11.3807642],[-76.684827,-11.3797929],[-76.6780816,-11.3794681]]]},"properties":{"name":"Cerro Tuntuman","local_name":"Cerro Tuntuman","english_name":"Cerro Tuntuman","search_name":"Cerro Tuntuman Cerro Tuntuman Cerro Tuntuman Cerro Tuntuman Cerro Tuntuman Cerro Tuntuman","peak_elev":4618,"radius_m":7500,"layer":"平均突起响应半径","rank_pct":0.3467,"center_lon":-76.67808161152468,"center_lat":-11.44691725518562,"max_mean_jut":198.4423,"max_ats":60.7618,"r_jmean_peak":7500,"r_ats_peak":8000,"r_ats_marginal":937.5,"ats_marginal_rate_max":0.020992,"ats_marginal_interval_start":875,"ats_marginal_interval_end":1000,"ats_marginal_ats_mean":15.3313}},{"type":"Feature","geometry":{"type":"Polygon","coordinates":[[[-76.3309726,-11.6511187],[-76.3242207,-11.6514435],[-76.3175338,-11.6524147],[-76.3109764,-11.654023],[-76.3046115,-11.6562529],[-76.2985005,-11.659083],[-76.2927022,-11.6624859],[-76.2872725,-11.6664289],[-76.2822636,-11.6708741],[-76.2777238,-11.6757785],[-76.2736969,-11.6810951],[-76.2702215,-11.6867725],[-76.2673313,-11.6927561],[-76.2650539,-11.6989884],[-76.2634113,-11.7054091],[-76.2624194,-11.7119566],[-76.2620877,-11.7185678],[-76.2624194,-11.725179],[-76.2634113,-11.7317265],[-76.2650539,-11.7381472],[-76.2673313,-11.7443795],[-76.2702215,-11.7503631],[-76.2736969,-11.7560405],[-76.2777238,-11.7613571],[-76.2822636,-11.7662615],[-76.2872725,-11.7707067],[-76.2927022,-11.7746497],[-76.2985005,-11.7780526],[-76.3046115,-11.7808827],[-76.3109764,-11.7831126],[-76.3175338,-11.7847209],[-76.3242207,-11.7856921],[-76.3309726,-11.7860169],[-76.3377245,-11.7856921],[-76.3444114,-11.7847209],[-76.3509688,-11.7831126],[-76.3573337,-11.7808827],[-76.3634447,-11.7780526],[-76.369243,-11.7746497],[-76.3746727,-11.7707067],[-76.3796816,-11.7662615],[-76.3842213,-11.7613571],[-76.3882483,-11.7560405],[-76.3917236,-11.7503631],[-76.3946139,-11.7443795],[-76.3968913,-11.7381472],[-76.3985339,-11.7317265],[-76.3995258,-11.725179],[-76.3998575,-11.7185678],[-76.3995258,-11.7119566],[-76.3985339,-11.7054091],[-76.3968913,-11.6989884],[-76.3946139,-11.6927561],[-76.3917236,-11.6867725],[-76.3882483,-11.6810951],[-76.3842213,-11.6757785],[-76.3796816,-11.6708741],[-76.3746727,-11.6664289],[-76.369243,-11.6624859],[-76.3634447,-11.659083],[-76.3573337,-11.6562529],[-76.3509688,-11.654023],[-76.3444114,-11.6524147],[-76.3377245,-11.6514435],[-76.3309726,-11.6511187]]]},"properties":{"name":"Cerro Yanayana","local_name":"Cerro Yanayana","english_name":"Cerro Yanayana","search_name":"Cerro Yanayana Cerro Yanayana Cerro Yanayana Cerro Yanayana Cerro Yanayana Cerro Yanayana","peak_elev":5296,"radius_m":7500,"layer":"平均突起响应半径","rank_pct":0.3467,"center_lon":-76.3309725857409,"center_lat":-11.718567797103365,"max_mean_jut":205.5089,"max_ats":89.3649,"r_jmean_peak":7500,"r_ats_peak":1500,"r_ats_marginal":312.5,"ats_marginal_rate_max":0.148634,"ats_marginal_interval_start":250,"ats_marginal_interval_end":375,"ats_marginal_ats_mean":28.951}},{"type":"Feature","geometry":{"type":"Polygon","coordinates":[[[-78.8175991,-1.4014311],[-78.8109858,-1.4017559],[-78.8044361,-1.4027271],[-78.7980132,-1.4043355],[-78.791779,-1.4065654],[-78.7857934,-1.4093954],[-78.7801141,-1.4127983],[-78.7747958,-1.4167414],[-78.7698897,-1.4211865],[-78.7654431,-1.426091],[-78.7614988,-1.4314075],[-78.7580948,-1.4370849],[-78.7552638,-1.4430686],[-78.7530331,-1.4493008],[-78.7514243,-1.4557216],[-78.7504527,-1.4622691],[-78.7501278,-1.4688802],[-78.7504527,-1.4754914],[-78.7514243,-1.4820389],[-78.7530331,-1.4884597],[-78.7552638,-1.4946919],[-78.7580948,-1.5006755],[-78.7614988,-1.506353],[-78.7654431,-1.5116695],[-78.7698897,-1.516574],[-78.7747958,-1.5210191],[-78.7801141,-1.5249621],[-78.7857934,-1.5283651],[-78.791779,-1.5311951],[-78.7980132,-1.533425],[-78.8044361,-1.5350333],[-78.8109858,-1.5360046],[-78.8175991,-1.5363294],[-78.8242125,-1.5360046],[-78.8307621,-1.5350333],[-78.837185,-1.533425],[-78.8434193,-1.5311951],[-78.8494049,-1.5283651],[-78.8550842,-1.5249621],[-78.8604025,-1.5210191],[-78.8653085,-1.516574],[-78.8697551,-1.5116695],[-78.8736995,-1.506353],[-78.8771035,-1.5006755],[-78.8799345,-1.4946919],[-78.8821651,-1.4884597],[-78.883774,-1.4820389],[-78.8847455,-1.4754914],[-78.8850704,-1.4688802],[-78.8847455,-1.4622691],[-78.883774,-1.4557216],[-78.8821651,-1.4493008],[-78.8799345,-1.4430686],[-78.8771035,-1.4370849],[-78.8736995,-1.4314075],[-78.8697551,-1.426091],[-78.8653085,-1.4211865],[-78.8604025,-1.4167414],[-78.8550842,-1.4127983],[-78.8494049,-1.4093954],[-78.8434193,-1.4065654],[-78.837185,-1.4043355],[-78.8307621,-1.4027271],[-78.8242125,-1.4017559],[-78.8175991,-1.4014311]]]},"properties":{"name":"Chimborazo","local_name":"Chimborazo","english_name":"Chimborazo","search_name":"Chimborazo Chimborazo Chimborazo Chimborazo Chimborazo Chimborazo","peak_elev":6262,"radius_m":7500,"layer":"平均突起响应半径","rank_pct":0.3467,"center_lon":-78.81759912371214,"center_lat":-1.4688802368280356,"max_mean_jut":598.2371,"max_ats":415.0703,"r_jmean_peak":7500,"r_ats_peak":8750,"r_ats_marginal":1937.5,"ats_marginal_rate_max":0.142523,"ats_marginal_interval_start":1875,"ats_marginal_interval_end":2000,"ats_marginal_ats_mean":157.992}},{"type":"Feature","geometry":{"type":"Polygon","coordinates":[[[-73.5020879,-48.9529422],[-73.4920067,-48.953267],[-73.4820226,-48.9542382],[-73.4722317,-48.9558465],[-73.4627283,-48.9580765],[-73.453604,-48.9609065],[-73.4449466,-48.9643094],[-73.4368395,-48.9682524],[-73.4293608,-48.9726976],[-73.4225825,-48.977602],[-73.4165699,-48.9829186],[-73.4113809,-48.988596],[-73.4070654,-48.9945797],[-73.403665,-49.0008119],[-73.4012125,-49.0072326],[-73.3997315,-49.0137801],[-73.3992363,-49.0203913],[-73.3997315,-49.0270025],[-73.4012125,-49.03355],[-73.403665,-49.0399708],[-73.4070654,-49.046203],[-73.4113809,-49.0521866],[-73.4165699,-49.057864],[-73.4225825,-49.0631806],[-73.4293608,-49.068085],[-73.4368395,-49.0725302],[-73.4449466,-49.0764732],[-73.453604,-49.0798761],[-73.4627283,-49.0827062],[-73.4722317,-49.0849361],[-73.4820226,-49.0865444],[-73.4920067,-49.0875157],[-73.5020879,-49.0878404],[-73.5121691,-49.0875157],[-73.5221533,-49.0865444],[-73.5319442,-49.0849361],[-73.5414475,-49.0827062],[-73.5505719,-49.0798761],[-73.5592292,-49.0764732],[-73.5673363,-49.0725302],[-73.574815,-49.068085],[-73.5815933,-49.0631806],[-73.5876059,-49.057864],[-73.592795,-49.0521866],[-73.5971105,-49.046203],[-73.6005108,-49.0399708],[-73.6029633,-49.03355],[-73.6044443,-49.0270025],[-73.6049396,-49.0203913],[-73.6044443,-49.0137801],[-73.6029633,-49.0072326],[-73.6005108,-49.0008119],[-73.5971105,-48.9945797],[-73.592795,-48.988596],[-73.5876059,-48.9829186],[-73.5815933,-48.977602],[-73.574815,-48.9726976],[-73.5673363,-48.9682524],[-73.5592292,-48.9643094],[-73.5505719,-48.9609065],[-73.5414475,-48.9580765],[-73.5319442,-48.9558465],[-73.5221533,-48.9542382],[-73.5121691,-48.953267],[-73.5020879,-48.9529422]]]},"properties":{"name":"Volcán Lautaro","local_name":"Volcán Lautaro","english_name":"Volcán Lautaro","search_name":"Volcán Lautaro Volcán Lautaro Volcán Lautaro Volcán Lautaro Volcán Lautaro Volcán Lautaro","peak_elev":3453,"radius_m":7500,"layer":"平均突起响应半径","rank_pct":0.3467,"center_lon":-73.50208792452011,"center_lat":-49.0203913179392,"max_mean_jut":429.7958,"max_ats":306.1249,"r_jmean_peak":7500,"r_ats_peak":8000,"r_ats_marginal":1562.5,"ats_marginal_rate_max":0.072615,"ats_marginal_interval_start":1500,"ats_marginal_interval_end":1625,"ats_marginal_ats_mean":52.8685}},{"type":"Feature","geometry":{"type":"Polygon","coordinates":[[[-69.8350751,-34.0962447],[-69.8270852,-34.0965695],[-69.8191722,-34.0975407],[-69.8114123,-34.099149],[-69.8038804,-34.101379],[-69.7966488,-34.104209],[-69.7897874,-34.1076119],[-69.7833621,-34.1115549],[-69.7774348,-34.1160001],[-69.7720626,-34.1209046],[-69.7672972,-34.1262211],[-69.7631846,-34.1318985],[-69.7597644,-34.1378822],[-69.7570694,-34.1441144],[-69.7551256,-34.1505352],[-69.7539519,-34.1570827],[-69.7535593,-34.1636938],[-69.7539519,-34.170305],[-69.7551256,-34.1768525],[-69.7570694,-34.1832733],[-69.7597644,-34.1895055],[-69.7631846,-34.1954891],[-69.7672972,-34.2011665],[-69.7720626,-34.2064831],[-69.7774348,-34.2113876],[-69.7833621,-34.2158327],[-69.7897874,-34.2197757],[-69.7966488,-34.2231786],[-69.8038804,-34.2260087],[-69.8114123,-34.2282386],[-69.8191722,-34.2298469],[-69.8270852,-34.2308182],[-69.8350751,-34.2311429],[-69.843065,-34.2308182],[-69.850978,-34.2298469],[-69.8587379,-34.2282386],[-69.8662698,-34.2260087],[-69.8735014,-34.2231786],[-69.8803628,-34.2197757],[-69.8867882,-34.2158327],[-69.8927154,-34.2113876],[-69.8980876,-34.2064831],[-69.902853,-34.2011665],[-69.9069656,-34.1954891],[-69.9103858,-34.1895055],[-69.9130808,-34.1832733],[-69.9150246,-34.1768525],[-69.9161983,-34.170305],[-69.9165909,-34.1636938],[-69.9161983,-34.1570827],[-69.9150246,-34.1505352],[-69.9130808,-34.1441144],[-69.9103858,-34.1378822],[-69.9069656,-34.1318985],[-69.902853,-34.1262211],[-69.8980876,-34.1209046],[-69.8927154,-34.1160001],[-69.8867882,-34.1115549],[-69.8803628,-34.1076119],[-69.8735014,-34.104209],[-69.8662698,-34.101379],[-69.8587379,-34.099149],[-69.850978,-34.0975407],[-69.843065,-34.0965695],[-69.8350751,-34.0962447]]]},"properties":{"name":"Volcán Maipo","local_name":"Volcán Maipo","english_name":"Volcán Maipo","search_name":"Volcán Maipo Volcán Maipo Volcán Maipo Volcán Maipo Volcán Maipo Volcán Maipo","peak_elev":5256,"radius_m":7500,"layer":"平均突起响应半径","rank_pct":0.3467,"center_lon":-69.83507510321581,"center_lat":-34.16369382305691,"max_mean_jut":478.0303,"max_ats":312.927,"r_jmean_peak":7500,"r_ats_peak":5250,"r_ats_marginal":1687.5,"ats_marginal_rate_max":0.108718,"ats_marginal_interval_start":1625,"ats_marginal_interval_end":1750,"ats_marginal_ats_mean":105.2785}},{"type":"Feature","geometry":{"type":"Polygon","coordinates":[[[-73.197559,-51.3528838],[-73.1873114,-51.3531978],[-73.1771624,-51.3541366],[-73.1672098,-51.3556914],[-73.1575495,-51.3578469],[-73.1482745,-51.3605827],[-73.1394742,-51.3638721],[-73.1312332,-51.3676837],[-73.123631,-51.3719807],[-73.1167408,-51.3767217],[-73.1106289,-51.381861],[-73.1053542,-51.3873492],[-73.1009674,-51.3931334],[-73.0975109,-51.3991578],[-73.0950179,-51.4053646],[-73.0935125,-51.4116938],[-73.093009,-51.4180846],[-73.0935125,-51.4244754],[-73.0950179,-51.4308047],[-73.0975109,-51.4370114],[-73.1009674,-51.4430359],[-73.1053542,-51.4488201],[-73.1106289,-51.4543083],[-73.1167408,-51.4594476],[-73.123631,-51.4641886],[-73.1312332,-51.4684856],[-73.1394742,-51.4722971],[-73.1482745,-51.4755866],[-73.1575495,-51.4783223],[-73.1672098,-51.4804779],[-73.1771624,-51.4820326],[-73.1873114,-51.4829715],[-73.197559,-51.4832855],[-73.2078067,-51.4829715],[-73.2179557,-51.4820326],[-73.2279083,-51.4804779],[-73.2375686,-51.4783223],[-73.2468436,-51.4755866],[-73.2556439,-51.4722971],[-73.2638849,-51.4684856],[-73.2714871,-51.4641886],[-73.2783773,-51.4594476],[-73.2844892,-51.4543083],[-73.2897639,-51.4488201],[-73.2941506,-51.4430359],[-73.2976072,-51.4370114],[-73.3001001,-51.4308047],[-73.3016056,-51.4244754],[-73.302109,-51.4180846],[-73.3016056,-51.4116938],[-73.3001001,-51.4053646],[-73.2976072,-51.3991578],[-73.2941506,-51.3931334],[-73.2897639,-51.3873492],[-73.2844892,-51.381861],[-73.2783773,-51.3767217],[-73.2714871,-51.3719807],[-73.2638849,-51.3676837],[-73.2556439,-51.3638721],[-73.2468436,-51.3605827],[-73.2375686,-51.3578469],[-73.2279083,-51.3556914],[-73.2179557,-51.3541366],[-73.2078067,-51.3531978],[-73.197559,-51.3528838]]]},"properties":{"name":"Cerro Balmaceda","local_name":"Cerro Balmaceda","english_name":"Cerro Balmaceda","search_name":"Cerro Balmaceda Cerro Balmaceda Cerro Balmaceda Cerro Balmaceda Cerro Balmaceda Cerro Balmaceda","peak_elev":1785,"radius_m":7250,"layer":"平均突起响应半径","rank_pct":0.3733,"center_lon":-73.1975590432036,"center_lat":-51.41808464278262,"max_mean_jut":351.4651,"max_ats":262.0032,"r_jmean_peak":7250,"r_ats_peak":8750,"r_ats_marginal":1437.5,"ats_marginal_rate_max":0.077989,"ats_marginal_interval_start":1375,"ats_marginal_interval_end":1500,"ats_marginal_ats_mean":64.9272}},{"type":"Feature","geometry":{"type":"Polygon","coordinates":[[[-75.9092136,-12.3413867],[-75.90267,-12.3417006],[-75.8961894,-12.3426395],[-75.8898342,-12.3441942],[-75.8836657,-12.3463498],[-75.8777432,-12.3490855],[-75.8721238,-12.352375],[-75.8668616,-12.3561866],[-75.8620072,-12.3604835],[-75.8576075,-12.3652245],[-75.8537048,-12.3703638],[-75.8503367,-12.375852],[-75.8475355,-12.3816362],[-75.8453284,-12.3876607],[-75.8437365,-12.3938674],[-75.8427752,-12.4001967],[-75.8424537,-12.4065875],[-75.8427752,-12.4129783],[-75.8437365,-12.4193075],[-75.8453284,-12.4255143],[-75.8475355,-12.4315387],[-75.8503367,-12.4373229],[-75.8537048,-12.4428111],[-75.8576075,-12.4479504],[-75.8620072,-12.4526914],[-75.8668616,-12.4569884],[-75.8721238,-12.4608],[-75.8777432,-12.4640895],[-75.8836657,-12.4668252],[-75.8898342,-12.4689808],[-75.8961894,-12.4705355],[-75.90267,-12.4714743],[-75.9092136,-12.4717883],[-75.9157572,-12.4714743],[-75.9222378,-12.4705355],[-75.9285929,-12.4689808],[-75.9347614,-12.4668252],[-75.9406839,-12.4640895],[-75.9463033,-12.4608],[-75.9515655,-12.4569884],[-75.9564199,-12.4526914],[-75.9608196,-12.4479504],[-75.9647223,-12.4428111],[-75.9680905,-12.4373229],[-75.9708916,-12.4315387],[-75.9730987,-12.4255143],[-75.9746906,-12.4193075],[-75.9756519,-12.4129783],[-75.9759734,-12.4065875],[-75.9756519,-12.4001967],[-75.9746906,-12.3938674],[-75.9730987,-12.3876607],[-75.9708916,-12.3816362],[-75.9680905,-12.375852],[-75.9647223,-12.3703638],[-75.9608196,-12.3652245],[-75.9564199,-12.3604835],[-75.9515655,-12.3561866],[-75.9463033,-12.352375],[-75.9406839,-12.3490855],[-75.9347614,-12.3463498],[-75.9285929,-12.3441942],[-75.9222378,-12.3426395],[-75.9157572,-12.3417006],[-75.9092136,-12.3413867]]]},"properties":{"name":"Cerro Chungue","local_name":"Cerro Chungue","english_name":"Cerro Chungue","search_name":"Cerro Chungue Cerro Chungue Cerro Chungue Cerro Chungue Cerro Chungue Cerro Chungue","peak_elev":4951,"radius_m":7250,"layer":"平均突起响应半径","rank_pct":0.3733,"center_lon":-75.90921355984678,"center_lat":-12.406587473210507,"max_mean_jut":237.0566,"max_ats":83.2465,"r_jmean_peak":7250,"r_ats_peak":7500,"r_ats_marginal":187.5,"ats_marginal_rate_max":0.143171,"ats_marginal_interval_start":125,"ats_marginal_interval_end":250,"ats_marginal_ats_mean":22.5434}},{"type":"Feature","geometry":{"type":"Polygon","coordinates":[[[-77.1178968,-10.3420063],[-77.1113991,-10.3423203],[-77.104964,-10.3432591],[-77.0986534,-10.3448139],[-77.0925282,-10.3469694],[-77.0866472,-10.3497052],[-77.0810673,-10.3529946],[-77.075842,-10.3568062],[-77.0710217,-10.3611032],[-77.0666528,-10.3658442],[-77.0627775,-10.3709835],[-77.059433,-10.3764717],[-77.0566515,-10.3822559],[-77.0544599,-10.3882803],[-77.0528792,-10.3944871],[-77.0519246,-10.4008163],[-77.0516054,-10.4072071],[-77.0519246,-10.4135979],[-77.0528792,-10.4199272],[-77.0544599,-10.4261339],[-77.0566515,-10.4321584],[-77.059433,-10.4379426],[-77.0627775,-10.4434308],[-77.0666528,-10.4485701],[-77.0710217,-10.4533111],[-77.075842,-10.4576081],[-77.0810673,-10.4614196],[-77.0866472,-10.4647091],[-77.0925282,-10.4674448],[-77.0986534,-10.4696004],[-77.104964,-10.4711551],[-77.1113991,-10.472094],[-77.1178968,-10.472408],[-77.1243945,-10.472094],[-77.1308296,-10.4711551],[-77.1371402,-10.4696004],[-77.1432654,-10.4674448],[-77.1491463,-10.4647091],[-77.1547263,-10.4614196],[-77.1599516,-10.4576081],[-77.1647719,-10.4533111],[-77.1691407,-10.4485701],[-77.1730161,-10.4434308],[-77.1763606,-10.4379426],[-77.179142,-10.4321584],[-77.1813337,-10.4261339],[-77.1829144,-10.4199272],[-77.183869,-10.4135979],[-77.1841882,-10.4072071],[-77.183869,-10.4008163],[-77.1829144,-10.3944871],[-77.1813337,-10.3882803],[-77.179142,-10.3822559],[-77.1763606,-10.3764717],[-77.1730161,-10.3709835],[-77.1691407,-10.3658442],[-77.1647719,-10.3611032],[-77.1599516,-10.3568062],[-77.1547263,-10.3529946],[-77.1491463,-10.3497052],[-77.1432654,-10.3469694],[-77.1371402,-10.3448139],[-77.1308296,-10.3432591],[-77.1243945,-10.3423203],[-77.1178968,-10.3420063]]]},"properties":{"name":"Cerro Ismonga","local_name":"Cerro Ismonga","english_name":"Cerro Ismonga","search_name":"Cerro Ismonga Cerro Ismonga Cerro Ismonga Cerro Ismonga Cerro Ismonga Cerro Ismonga","peak_elev":4138,"radius_m":7250,"layer":"平均突起响应半径","rank_pct":0.3733,"center_lon":-77.1178967746296,"center_lat":-10.407207145345687,"max_mean_jut":357.7866,"max_ats":173.4515,"r_jmean_peak":7250,"r_ats_peak":7500,"r_ats_marginal":2875.0,"ats_marginal_rate_max":0.041811,"ats_marginal_interval_start":2750,"ats_marginal_interval_end":3000,"ats_marginal_ats_mean":80.6954}},{"type":"Feature","geometry":{"type":"Polygon","coordinates":[[[-73.7060953,-13.2582072],[-73.6995278,-13.2585212],[-73.6930234,-13.2594601],[-73.686645,-13.2610148],[-73.6804539,-13.2631704],[-73.6745097,-13.2659061],[-73.6688698,-13.2691956],[-73.6635883,-13.2730071],[-73.6587162,-13.2773041],[-73.6543003,-13.2820451],[-73.6503833,-13.2871844],[-73.6470029,-13.2926726],[-73.6441915,-13.2984568],[-73.6419763,-13.3044813],[-73.6403785,-13.310688],[-73.6394137,-13.3170173],[-73.6390911,-13.3234081],[-73.6394137,-13.3297988],[-73.6403785,-13.3361281],[-73.6419763,-13.3423349],[-73.6441915,-13.3483593],[-73.6470029,-13.3541435],[-73.6503833,-13.3596317],[-73.6543003,-13.364771],[-73.6587162,-13.369512],[-73.6635883,-13.373809],[-73.6688698,-13.3776205],[-73.6745097,-13.38091],[-73.6804539,-13.3836458],[-73.686645,-13.3858013],[-73.6930234,-13.3873561],[-73.6995278,-13.3882949],[-73.7060953,-13.3886089],[-73.7126629,-13.3882949],[-73.7191672,-13.3873561],[-73.7255456,-13.3858013],[-73.7317367,-13.3836458],[-73.7376809,-13.38091],[-73.7433209,-13.3776205],[-73.7486024,-13.373809],[-73.7534745,-13.369512],[-73.7578903,-13.364771],[-73.7618073,-13.3596317],[-73.7651878,-13.3541435],[-73.7679992,-13.3483593],[-73.7702144,-13.3423349],[-73.7718121,-13.3361281],[-73.7727769,-13.3297988],[-73.7730996,-13.3234081],[-73.7727769,-13.3170173],[-73.7718121,-13.310688],[-73.7702144,-13.3044813],[-73.7679992,-13.2984568],[-73.7651878,-13.2926726],[-73.7618073,-13.2871844],[-73.7578903,-13.2820451],[-73.7534745,-13.2773041],[-73.7486024,-13.2730071],[-73.7433209,-13.2691956],[-73.7376809,-13.2659061],[-73.7317367,-13.2631704],[-73.7255456,-13.2610148],[-73.7191672,-13.2594601],[-73.7126629,-13.2585212],[-73.7060953,-13.2582072]]]},"properties":{"name":"Cerro Pampas","local_name":"Cerro Pampas","english_name":"Cerro Pampas","search_name":"Cerro Pampas Cerro Pampas Cerro Pampas Cerro Pampas Cerro Pampas Cerro Pampas","peak_elev":3787,"radius_m":7250,"layer":"平均突起响应半径","rank_pct":0.3733,"center_lon":-73.70609532554366,"center_lat":-13.32340805218289,"max_mean_jut":253.1409,"max_ats":105.6145,"r_jmean_peak":7250,"r_ats_peak":7750,"r_ats_marginal":1937.5,"ats_marginal_rate_max":0.024758,"ats_marginal_interval_start":1875,"ats_marginal_interval_end":2000,"ats_marginal_ats_mean":30.1188}},{"type":"Feature","geometry":{"type":"Polygon","coordinates":[[[-77.481445,-9.2044697],[-77.4749696,-9.2047836],[-77.4685566,-9.2057225],[-77.4622677,-9.2072772],[-77.4561636,-9.2094328],[-77.4503028,-9.2121685],[-77.444742,-9.215458],[-77.4395347,-9.2192696],[-77.434731,-9.2235666],[-77.4303772,-9.2283075],[-77.4265152,-9.2334469],[-77.4231821,-9.238935],[-77.4204102,-9.2447192],[-77.4182261,-9.2507437],[-77.4166508,-9.2569505],[-77.4156996,-9.2632797],[-77.4153814,-9.2696705],[-77.4156996,-9.2760613],[-77.4166508,-9.2823905],[-77.4182261,-9.2885973],[-77.4204102,-9.2946218],[-77.4231821,-9.300406],[-77.4265152,-9.3058941],[-77.4303772,-9.3110335],[-77.434731,-9.3157744],[-77.4395347,-9.3200714],[-77.444742,-9.323883],[-77.4503028,-9.3271725],[-77.4561636,-9.3299082],[-77.4622677,-9.3320638],[-77.4685566,-9.3336185],[-77.4749696,-9.3345574],[-77.481445,-9.3348713],[-77.4879203,-9.3345574],[-77.4943333,-9.3336185],[-77.5006222,-9.3320638],[-77.5067264,-9.3299082],[-77.5125871,-9.3271725],[-77.5181479,-9.323883],[-77.5233552,-9.3200714],[-77.5281589,-9.3157744],[-77.5325128,-9.3110335],[-77.5363748,-9.3058941],[-77.5397078,-9.300406],[-77.5424797,-9.2946218],[-77.5446638,-9.2885973],[-77.5462391,-9.2823905],[-77.5471904,-9.2760613],[-77.5475085,-9.2696705],[-77.5471904,-9.2632797],[-77.5462391,-9.2569505],[-77.5446638,-9.2507437],[-77.5424797,-9.2447192],[-77.5397078,-9.238935],[-77.5363748,-9.2334469],[-77.5325128,-9.2283075],[-77.5281589,-9.2235666],[-77.5233552,-9.2192696],[-77.5181479,-9.215458],[-77.5125871,-9.2121685],[-77.5067264,-9.2094328],[-77.5006222,-9.2072772],[-77.4943333,-9.2057225],[-77.4879203,-9.2047836],[-77.481445,-9.2044697]]]},"properties":{"name":"Copa","local_name":"Copa","english_name":"Copa","search_name":"Copa Copa Copa Copa Copa Copa","peak_elev":6120,"radius_m":7250,"layer":"平均突起响应半径","rank_pct":0.3733,"center_lon":-77.48144497011278,"center_lat":-9.269670501065136,"max_mean_jut":476.3087,"max_ats":268.3707,"r_jmean_peak":7250,"r_ats_peak":7500,"r_ats_marginal":562.5,"ats_marginal_rate_max":0.155529,"ats_marginal_interval_start":500,"ats_marginal_interval_end":625,"ats_marginal_ats_mean":53.6173}},{"type":"Feature","geometry":{"type":"Polygon","coordinates":[[[-72.400933,-13.1089072],[-72.3943695,-13.1092212],[-72.3878692,-13.1101601],[-72.3814947,-13.1117148],[-72.3753074,-13.1138704],[-72.3693668,-13.1166061],[-72.3637303,-13.1198956],[-72.3584521,-13.1237071],[-72.3535829,-13.1280041],[-72.3491698,-13.1327451],[-72.3452552,-13.1378844],[-72.3418768,-13.1433726],[-72.3390672,-13.1491568],[-72.3368533,-13.1551813],[-72.3352566,-13.161388],[-72.3342923,-13.1677173],[-72.3339699,-13.1741081],[-72.3342923,-13.1804988],[-72.3352566,-13.1868281],[-72.3368533,-13.1930348],[-72.3390672,-13.1990593],[-72.3418768,-13.2048435],[-72.3452552,-13.2103317],[-72.3491698,-13.215471],[-72.3535829,-13.220212],[-72.3584521,-13.224509],[-72.3637303,-13.2283205],[-72.3693668,-13.23161],[-72.3753074,-13.2343458],[-72.3814947,-13.2365013],[-72.3878692,-13.2380561],[-72.3943695,-13.2389949],[-72.400933,-13.2393089],[-72.4074966,-13.2389949],[-72.4139969,-13.2380561],[-72.4203714,-13.2365013],[-72.4265587,-13.2343458],[-72.4324993,-13.23161],[-72.4381358,-13.2283205],[-72.443414,-13.224509],[-72.4482831,-13.220212],[-72.4526963,-13.215471],[-72.4566109,-13.2103317],[-72.4599893,-13.2048435],[-72.4627989,-13.1990593],[-72.4650128,-13.1930348],[-72.4666095,-13.1868281],[-72.4675738,-13.1804988],[-72.4678962,-13.1741081],[-72.4675738,-13.1677173],[-72.4666095,-13.161388],[-72.4650128,-13.1551813],[-72.4627989,-13.1491568],[-72.4599893,-13.1433726],[-72.4566109,-13.1378844],[-72.4526963,-13.1327451],[-72.4482831,-13.1280041],[-72.443414,-13.1237071],[-72.4381358,-13.1198956],[-72.4324993,-13.1166061],[-72.4265587,-13.1138704],[-72.4203714,-13.1117148],[-72.4139969,-13.1101601],[-72.4074966,-13.1092212],[-72.400933,-13.1089072]]]},"properties":{"name":"Nevado Bonanta","local_name":"Nevado Bonanta","english_name":"Nevado Bonanta","search_name":"Nevado Bonanta Nevado Bonanta Nevado Bonanta Nevado Bonanta Nevado Bonanta Nevado Bonanta","peak_elev":5244,"radius_m":7250,"layer":"平均突起响应半径","rank_pct":0.3733,"center_lon":-72.4009330492464,"center_lat":-13.174108051962223,"max_mean_jut":449.8568,"max_ats":222.3592,"r_jmean_peak":7250,"r_ats_peak":8250,"r_ats_marginal":1062.5,"ats_marginal_rate_max":0.070503,"ats_marginal_interval_start":1000,"ats_marginal_interval_end":1125,"ats_marginal_ats_mean":38.8627}},{"type":"Feature","geometry":{"type":"Polygon","coordinates":[[[-77.628589,-0.4763486],[-77.6221979,-0.4766625],[-77.6158684,-0.4776014],[-77.6096614,-0.4791561],[-77.6036366,-0.4813117],[-77.5978522,-0.4840474],[-77.5923638,-0.4873369],[-77.5872242,-0.4911485],[-77.582483,-0.4954454],[-77.5781858,-0.5001864],[-77.5743741,-0.5053257],[-77.5710845,-0.5108139],[-77.5683486,-0.5165981],[-77.5661929,-0.5226226],[-77.5646382,-0.5288293],[-77.5636993,-0.5351586],[-77.5633853,-0.5415494],[-77.5636993,-0.5479402],[-77.5646382,-0.5542694],[-77.5661929,-0.5604762],[-77.5683486,-0.5665006],[-77.5710845,-0.5722848],[-77.5743741,-0.577773],[-77.5781858,-0.5829123],[-77.582483,-0.5876533],[-77.5872242,-0.5919503],[-77.5923638,-0.5957619],[-77.5978522,-0.5990514],[-77.6036366,-0.6017871],[-77.6096614,-0.6039427],[-77.6158684,-0.6054974],[-77.6221979,-0.6064362],[-77.628589,-0.6067502],[-77.6349801,-0.6064362],[-77.6413096,-0.6054974],[-77.6475167,-0.6039427],[-77.6535414,-0.6017871],[-77.6593258,-0.5990514],[-77.6648143,-0.5957619],[-77.6699538,-0.5919503],[-77.674695,-0.5876533],[-77.6789922,-0.5829123],[-77.6828039,-0.577773],[-77.6860936,-0.5722848],[-77.6888294,-0.5665006],[-77.6909851,-0.5604762],[-77.6925399,-0.5542694],[-77.6934788,-0.5479402],[-77.6937927,-0.5415494],[-77.6934788,-0.5351586],[-77.6925399,-0.5288293],[-77.6909851,-0.5226226],[-77.6888294,-0.5165981],[-77.6860936,-0.5108139],[-77.6828039,-0.5053257],[-77.6789922,-0.5001864],[-77.674695,-0.4954454],[-77.6699538,-0.4911485],[-77.6648143,-0.4873369],[-77.6593258,-0.4840474],[-77.6535414,-0.4813117],[-77.6475167,-0.4791561],[-77.6413096,-0.4776014],[-77.6349801,-0.4766625],[-77.628589,-0.4763486]]]},"properties":{"name":"Volcán Sumaco","local_name":"Volcán Sumaco","english_name":"Volcán Sumaco","search_name":"Volcán Sumaco Volcán Sumaco Volcán Sumaco Volcán Sumaco Volcán Sumaco Volcán Sumaco","peak_elev":3787,"radius_m":7250,"layer":"平均突起响应半径","rank_pct":0.3733,"center_lon":-77.62858901365155,"center_lat":-0.5415493690314536,"max_mean_jut":506.5985,"max_ats":324.4325,"r_jmean_peak":7250,"r_ats_peak":7750,"r_ats_marginal":937.5,"ats_marginal_rate_max":0.134554,"ats_marginal_interval_start":875,"ats_marginal_interval_end":1000,"ats_marginal_ats_mean":71.7516}},{"type":"Feature","geometry":{"type":"Polygon","coordinates":[[[-72.3669767,-15.5977821],[-72.3605684,-15.5980852],[-72.3542218,-15.5989917],[-72.347998,-15.6004928],[-72.341957,-15.6025741],[-72.336157,-15.6052154],[-72.3306538,-15.6083915],[-72.3255004,-15.6120716],[-72.3207464,-15.6162204],[-72.3164376,-15.6207979],[-72.3126156,-15.62576],[-72.3093171,-15.631059],[-72.3065739,-15.6366437],[-72.3044124,-15.6424604],[-72.3028534,-15.6484532],[-72.301912,-15.6545642],[-72.3015971,-15.6607346],[-72.301912,-15.666905],[-72.3028534,-15.673016],[-72.3044124,-15.6790087],[-72.3065739,-15.6848255],[-72.3093171,-15.6904102],[-72.3126156,-15.6957091],[-72.3164376,-15.7006712],[-72.3207464,-15.7052487],[-72.3255004,-15.7093975],[-72.3306538,-15.7130777],[-72.336157,-15.7162537],[-72.341957,-15.7188951],[-72.347998,-15.7209764],[-72.3542218,-15.7224775],[-72.3605684,-15.723384],[-72.3669767,-15.7236871],[-72.3733851,-15.723384],[-72.3797317,-15.7224775],[-72.3859554,-15.7209764],[-72.3919964,-15.7188951],[-72.3977965,-15.7162537],[-72.4032997,-15.7130777],[-72.4084531,-15.7093975],[-72.4132071,-15.7052487],[-72.4175158,-15.7006712],[-72.4213379,-15.6957091],[-72.4246364,-15.6904102],[-72.4273796,-15.6848255],[-72.4295411,-15.6790087],[-72.4311001,-15.673016],[-72.4320415,-15.666905],[-72.4323563,-15.6607346],[-72.4320415,-15.6545642],[-72.4311001,-15.6484532],[-72.4295411,-15.6424604],[-72.4273796,-15.6366437],[-72.4246364,-15.631059],[-72.4213379,-15.62576],[-72.4175158,-15.6207979],[-72.4132071,-15.6162204],[-72.4084531,-15.6120716],[-72.4032997,-15.6083915],[-72.3977965,-15.6052154],[-72.3919964,-15.6025741],[-72.3859554,-15.6004928],[-72.3797317,-15.5989917],[-72.3733851,-15.5980852],[-72.3669767,-15.5977821]]]},"properties":{"name":"Cerro Buena Vista","local_name":"Cerro Buena Vista","english_name":"Cerro Buena Vista","search_name":"Cerro Buena Vista Cerro Buena Vista Cerro Buena Vista Cerro Buena Vista Cerro Buena Vista Cerro Buena Vista","peak_elev":5134,"radius_m":7000,"layer":"平均突起响应半径","rank_pct":0.392,"center_lon":-72.36697673150668,"center_lat":-15.660734589933474,"max_mean_jut":351.114,"max_ats":142.6789,"r_jmean_peak":7000,"r_ats_peak":16500,"r_ats_marginal":312.5,"ats_marginal_rate_max":0.151409,"ats_marginal_interval_start":250,"ats_marginal_interval_end":375,"ats_marginal_ats_mean":28.7112}},{"type":"Feature","geometry":{"type":"Polygon","coordinates":[[[-77.3488536,-8.4071276],[-77.3426152,-8.4074307],[-77.3364368,-8.4083372],[-77.330378,-8.4098383],[-77.3244971,-8.4119195],[-77.3188508,-8.4145609],[-77.3134934,-8.417737],[-77.3084766,-8.4214171],[-77.3038486,-8.4255659],[-77.2996541,-8.4301434],[-77.2959333,-8.4351055],[-77.2927222,-8.4404045],[-77.2900517,-8.4459892],[-77.2879475,-8.4518059],[-77.2864299,-8.4577986],[-77.2855134,-8.4639096],[-77.2852069,-8.4700801],[-77.2855134,-8.4762505],[-77.2864299,-8.4823615],[-77.2879475,-8.4883542],[-77.2900517,-8.494171],[-77.2927222,-8.4997557],[-77.2959333,-8.5050546],[-77.2996541,-8.5100167],[-77.3038486,-8.5145942],[-77.3084766,-8.518743],[-77.3134934,-8.5224232],[-77.3188508,-8.5255992],[-77.3244971,-8.5282406],[-77.330378,-8.5303219],[-77.3364368,-8.531823],[-77.3426152,-8.5327294],[-77.3488536,-8.5330326],[-77.3550921,-8.5327294],[-77.3612705,-8.531823],[-77.3673293,-8.5303219],[-77.3732102,-8.5282406],[-77.3788565,-8.5255992],[-77.3842139,-8.5224232],[-77.3892307,-8.518743],[-77.3938587,-8.5145942],[-77.3980532,-8.5100167],[-77.4017739,-8.5050546],[-77.404985,-8.4997557],[-77.4076555,-8.494171],[-77.4097597,-8.4883542],[-77.4112774,-8.4823615],[-77.4121939,-8.4762505],[-77.4125003,-8.4700801],[-77.4121939,-8.4639096],[-77.4112774,-8.4577986],[-77.4097597,-8.4518059],[-77.4076555,-8.4459892],[-77.404985,-8.4404045],[-77.4017739,-8.4351055],[-77.3980532,-8.4301434],[-77.3938587,-8.4255659],[-77.3892307,-8.4214171],[-77.3842139,-8.417737],[-77.3788565,-8.4145609],[-77.3732102,-8.4119195],[-77.3673293,-8.4098383],[-77.3612705,-8.4083372],[-77.3550921,-8.4074307],[-77.3488536,-8.4071276]]]},"properties":{"name":"Cerro Gara","local_name":"Cerro Gara","english_name":"Cerro Gara","search_name":"Cerro Gara Cerro Gara Cerro Gara Cerro Gara Cerro Gara Cerro Gara","peak_elev":3764,"radius_m":7000,"layer":"平均突起响应半径","rank_pct":0.392,"center_lon":-77.34885363417673,"center_lat":-8.47008006667035,"max_mean_jut":199.5959,"max_ats":83.0318,"r_jmean_peak":7000,"r_ats_peak":8000,"r_ats_marginal":4875.0,"ats_marginal_rate_max":0.020913,"ats_marginal_interval_start":4750,"ats_marginal_interval_end":5000,"ats_marginal_ats_mean":48.6481}},{"type":"Feature","geometry":{"type":"Polygon","coordinates":[[[-72.403089,-13.6544566],[-72.3967374,-13.6547598],[-72.390447,-13.6556662],[-72.3842783,-13.6571673],[-72.3782908,-13.6592486],[-72.3725421,-13.66189],[-72.3670876,-13.665066],[-72.3619798,-13.6687462],[-72.3572679,-13.672895],[-72.3529973,-13.6774725],[-72.3492091,-13.6824346],[-72.3459398,-13.6877335],[-72.3432209,-13.6933183],[-72.3410785,-13.699135],[-72.3395333,-13.7051277],[-72.3386002,-13.7112387],[-72.3382882,-13.7174091],[-72.3386002,-13.7235796],[-72.3395333,-13.7296906],[-72.3410785,-13.7356833],[-72.3432209,-13.7415],[-72.3459398,-13.7470847],[-72.3492091,-13.7523837],[-72.3529973,-13.7573458],[-72.3572679,-13.7619233],[-72.3619798,-13.7660721],[-72.3670876,-13.7697522],[-72.3725421,-13.7729283],[-72.3782908,-13.7755697],[-72.3842783,-13.7776509],[-72.390447,-13.779152],[-72.3967374,-13.7800585],[-72.403089,-13.7803616],[-72.4094406,-13.7800585],[-72.415731,-13.779152],[-72.4218997,-13.7776509],[-72.4278872,-13.7755697],[-72.4336359,-13.7729283],[-72.4390904,-13.7697522],[-72.4441982,-13.7660721],[-72.4489101,-13.7619233],[-72.4531807,-13.7573458],[-72.4569689,-13.7523837],[-72.4602382,-13.7470847],[-72.4629572,-13.7415],[-72.4650995,-13.7356833],[-72.4666447,-13.7296906],[-72.4675778,-13.7235796],[-72.4678898,-13.7174091],[-72.4675778,-13.7112387],[-72.4666447,-13.7051277],[-72.4650995,-13.699135],[-72.4629572,-13.6933183],[-72.4602382,-13.6877335],[-72.4569689,-13.6824346],[-72.4531807,-13.6774725],[-72.4489101,-13.672895],[-72.4441982,-13.6687462],[-72.4390904,-13.665066],[-72.4336359,-13.66189],[-72.4278872,-13.6592486],[-72.4218997,-13.6571673],[-72.415731,-13.6556662],[-72.4094406,-13.6547598],[-72.403089,-13.6544566]]]},"properties":{"name":"Cerro Ñuñunya","local_name":"Cerro Ñuñunya","english_name":"Cerro Ñuñunya","search_name":"Cerro Ñuñunya Cerro Ñuñunya Cerro Ñuñunya Cerro Ñuñunya Cerro Ñuñunya Cerro Ñuñunya","peak_elev":4274,"radius_m":7000,"layer":"平均突起响应半径","rank_pct":0.392,"center_lon":-72.4030890059283,"center_lat":-13.717409135797713,"max_mean_jut":283.0171,"max_ats":136.0443,"r_jmean_peak":7000,"r_ats_peak":7500,"r_ats_marginal":937.5,"ats_marginal_rate_max":0.047893,"ats_marginal_interval_start":875,"ats_marginal_interval_end":1000,"ats_marginal_ats_mean":26.3701}},{"type":"Feature","geometry":{"type":"Polygon","coordinates":[[[-72.2535195,-13.1219353],[-72.247182,-13.1222385],[-72.2409056,-13.1231449],[-72.2347506,-13.124646],[-72.2287764,-13.1267273],[-72.2230404,-13.1293687],[-72.217598,-13.1325447],[-72.2125016,-13.1362249],[-72.2078002,-13.1403737],[-72.203539,-13.1449512],[-72.1997592,-13.1499133],[-72.1964972,-13.1552122],[-72.1937843,-13.160797],[-72.1916467,-13.1666137],[-72.1901049,-13.1726064],[-72.1891739,-13.1787174],[-72.1888626,-13.1848878],[-72.1891739,-13.1910583],[-72.1901049,-13.1971693],[-72.1916467,-13.203162],[-72.1937843,-13.2089787],[-72.1964972,-13.2145634],[-72.1997592,-13.2198624],[-72.203539,-13.2248245],[-72.2078002,-13.229402],[-72.2125016,-13.2335508],[-72.217598,-13.2372309],[-72.2230404,-13.240407],[-72.2287764,-13.2430484],[-72.2347506,-13.2451296],[-72.2409056,-13.2466307],[-72.247182,-13.2475372],[-72.2535195,-13.2478403],[-72.259857,-13.2475372],[-72.2661335,-13.2466307],[-72.2722884,-13.2451296],[-72.2782626,-13.2430484],[-72.2839986,-13.240407],[-72.289441,-13.2372309],[-72.2945374,-13.2335508],[-72.2992389,-13.229402],[-72.3035,-13.2248245],[-72.3072798,-13.2198624],[-72.3105418,-13.2145634],[-72.3132547,-13.2089787],[-72.3153923,-13.203162],[-72.3169341,-13.1971693],[-72.3178651,-13.1910583],[-72.3181764,-13.1848878],[-72.3178651,-13.1787174],[-72.3169341,-13.1726064],[-72.3153923,-13.1666137],[-72.3132547,-13.160797],[-72.3105418,-13.1552122],[-72.3072798,-13.1499133],[-72.3035,-13.1449512],[-72.2992389,-13.1403737],[-72.2945374,-13.1362249],[-72.289441,-13.1325447],[-72.2839986,-13.1293687],[-72.2782626,-13.1267273],[-72.2722884,-13.124646],[-72.2661335,-13.1231449],[-72.259857,-13.1222385],[-72.2535195,-13.1219353]]]},"properties":{"name":"Nevado Halancoma","local_name":"Nevado Halancoma","english_name":"Nevado Halancoma","search_name":"Nevado Halancoma Nevado Halancoma Nevado Halancoma Nevado Halancoma Nevado Halancoma Nevado Halancoma","peak_elev":5331,"radius_m":7000,"layer":"平均突起响应半径","rank_pct":0.392,"center_lon":-72.25351951112239,"center_lat":-13.18488783537166,"max_mean_jut":318.1683,"max_ats":146.5582,"r_jmean_peak":7000,"r_ats_peak":7500,"r_ats_marginal":312.5,"ats_marginal_rate_max":0.15247,"ats_marginal_interval_start":250,"ats_marginal_interval_end":375,"ats_marginal_ats_mean":39.3622}},{"type":"Feature","geometry":{"type":"Polygon","coordinates":[[[-77.8867648,1.0187151],[-77.8805935,1.0184119],[-77.8744817,1.0175054],[-77.8684881,1.0160043],[-77.8626706,1.0139231],[-77.8570851,1.0112817],[-77.8517854,1.0081056],[-77.8468226,1.0044255],[-77.8422445,1.0002767],[-77.8380951,0.9956992],[-77.8344144,0.9907371],[-77.8312379,0.9854382],[-77.8285962,0.9798534],[-77.8265146,0.9740367],[-77.8250133,0.968044],[-77.8241067,0.961933],[-77.8238036,0.9557625],[-77.8241067,0.9495921],[-77.8250133,0.9434811],[-77.8265146,0.9374884],[-77.8285962,0.9316717],[-77.8312379,0.9260869],[-77.8344144,0.920788],[-77.8380951,0.9158259],[-77.8422445,0.9112484],[-77.8468226,0.9070996],[-77.8517854,0.9034194],[-77.8570851,0.9002434],[-77.8626706,0.897602],[-77.8684881,0.8955207],[-77.8744817,0.8940196],[-77.8805935,0.8931132],[-77.8867648,0.89281],[-77.8929361,0.8931132],[-77.899048,0.8940196],[-77.9050415,0.8955207],[-77.9108591,0.897602],[-77.9164446,0.9002434],[-77.9217442,0.9034194],[-77.926707,0.9070996],[-77.9312852,0.9112484],[-77.9354345,0.9158259],[-77.9391152,0.920788],[-77.9422917,0.9260869],[-77.9449335,0.9316717],[-77.947015,0.9374884],[-77.9485163,0.9434811],[-77.9494229,0.9495921],[-77.9497261,0.9557625],[-77.9494229,0.961933],[-77.9485163,0.968044],[-77.947015,0.9740367],[-77.9449335,0.9798534],[-77.9422917,0.9854382],[-77.9391152,0.9907371],[-77.9354345,0.9956992],[-77.9312852,1.0002767],[-77.926707,1.0044255],[-77.9217442,1.0081056],[-77.9164446,1.0112817],[-77.9108591,1.0139231],[-77.9050415,1.0160043],[-77.899048,1.0175054],[-77.8929361,1.0184119],[-77.8867648,1.0187151]]]},"properties":{"name":"Nevado de Cumbal","local_name":"Nevado de Cumbal","english_name":"Nevado de Cumbal","search_name":"Nevado de Cumbal Nevado de Cumbal Nevado de Cumbal Nevado de Cumbal Nevado de Cumbal Nevado de Cumbal","peak_elev":4753,"radius_m":7000,"layer":"平均突起响应半径","rank_pct":0.392,"center_lon":-77.8867648263075,"center_lat":0.955762546538965,"max_mean_jut":324.4055,"max_ats":149.0537,"r_jmean_peak":7000,"r_ats_peak":7500,"r_ats_marginal":562.5,"ats_marginal_rate_max":0.067484,"ats_marginal_interval_start":500,"ats_marginal_interval_end":625,"ats_marginal_ats_mean":29.4581}},{"type":"Feature","geometry":{"type":"Polygon","coordinates":[[[-71.5008211,-39.5709424],[-71.492809,-39.5712455],[-71.484874,-39.572152],[-71.4770927,-39.5736531],[-71.4695398,-39.5757344],[-71.4622882,-39.5783758],[-71.4554077,-39.5815518],[-71.4489645,-39.585232],[-71.4430208,-39.5893808],[-71.4376337,-39.5939583],[-71.4328551,-39.5989204],[-71.4287311,-39.6042193],[-71.4253013,-39.609804],[-71.4225989,-39.6156208],[-71.4206497,-39.6216135],[-71.4194727,-39.6277245],[-71.4190791,-39.6338949],[-71.4194727,-39.6400653],[-71.4206497,-39.6461763],[-71.4225989,-39.6521691],[-71.4253013,-39.6579858],[-71.4287311,-39.6635705],[-71.4328551,-39.6688695],[-71.4376337,-39.6738316],[-71.4430208,-39.6784091],[-71.4489645,-39.6825579],[-71.4554077,-39.686238],[-71.4622882,-39.6894141],[-71.4695398,-39.6920555],[-71.4770927,-39.6941367],[-71.484874,-39.6956378],[-71.492809,-39.6965443],[-71.5008211,-39.6968474],[-71.5088333,-39.6965443],[-71.5167682,-39.6956378],[-71.5245496,-39.6941367],[-71.5321025,-39.6920555],[-71.5393541,-39.6894141],[-71.5462346,-39.686238],[-71.5526778,-39.6825579],[-71.5586215,-39.6784091],[-71.5640086,-39.6738316],[-71.5687872,-39.6688695],[-71.5729112,-39.6635705],[-71.576341,-39.6579858],[-71.5790434,-39.6521691],[-71.5809926,-39.6461763],[-71.5821696,-39.6400653],[-71.5825632,-39.6338949],[-71.5821696,-39.6277245],[-71.5809926,-39.6216135],[-71.5790434,-39.6156208],[-71.576341,-39.609804],[-71.5729112,-39.6042193],[-71.5687872,-39.5989204],[-71.5640086,-39.5939583],[-71.5586215,-39.5893808],[-71.5526778,-39.585232],[-71.5462346,-39.5815518],[-71.5393541,-39.5783758],[-71.5321025,-39.5757344],[-71.5245496,-39.5736531],[-71.5167682,-39.572152],[-71.5088333,-39.5712455],[-71.5008211,-39.5709424]]]},"properties":{"name":"Volcán Lánin","local_name":"Volcán Lánin","english_name":"Volcán Lánin","search_name":"Volcán Lánin Volcán Lánin Volcán Lánin Volcán Lánin Volcán Lánin Volcán Lánin","peak_elev":3503,"radius_m":7000,"layer":"平均突起响应半径","rank_pct":0.392,"center_lon":-71.50082113455865,"center_lat":-39.63389491417432,"max_mean_jut":580.5814,"max_ats":417.9149,"r_jmean_peak":7000,"r_ats_peak":8750,"r_ats_marginal":1812.5,"ats_marginal_rate_max":0.120706,"ats_marginal_interval_start":1750,"ats_marginal_interval_end":1875,"ats_marginal_ats_mean":116.696}},{"type":"Feature","geometry":{"type":"Polygon","coordinates":[[[-73.4697486,-47.1349393],[-73.460992,-47.1352316],[-73.4523198,-47.1361057],[-73.4438154,-47.1375532],[-73.4355608,-47.1395601],[-73.4276354,-47.1421071],[-73.4201156,-47.1451698],[-73.4130738,-47.1487185],[-73.4065778,-47.1527191],[-73.4006902,-47.1571331],[-73.3954676,-47.161918],[-73.3909604,-47.1670277],[-73.387212,-47.172413],[-73.3842584,-47.178022],[-73.3821282,-47.1838007],[-73.3808418,-47.1896934],[-73.3804116,-47.1956435],[-73.3808418,-47.2015935],[-73.3821282,-47.2074863],[-73.3842584,-47.213265],[-73.387212,-47.218874],[-73.3909604,-47.2242592],[-73.3954676,-47.2293689],[-73.4006902,-47.2341538],[-73.4065778,-47.2385678],[-73.4130738,-47.2425685],[-73.4201156,-47.2461172],[-73.4276354,-47.2491798],[-73.4355608,-47.2517269],[-73.4438154,-47.2537338],[-73.4523198,-47.2551813],[-73.460992,-47.2560554],[-73.4697486,-47.2563477],[-73.4785051,-47.2560554],[-73.4871774,-47.2551813],[-73.4956817,-47.2537338],[-73.5039364,-47.2517269],[-73.5118617,-47.2491798],[-73.5193815,-47.2461172],[-73.5264233,-47.2425685],[-73.5329193,-47.2385678],[-73.538807,-47.2341538],[-73.5440295,-47.2293689],[-73.5485367,-47.2242592],[-73.5522852,-47.218874],[-73.5552387,-47.213265],[-73.557369,-47.2074863],[-73.5586554,-47.2015935],[-73.5590855,-47.1956435],[-73.5586554,-47.1896934],[-73.557369,-47.1838007],[-73.5552387,-47.178022],[-73.5522852,-47.172413],[-73.5485367,-47.1670277],[-73.5440295,-47.161918],[-73.538807,-47.1571331],[-73.5329193,-47.1527191],[-73.5264233,-47.1487185],[-73.5193815,-47.1451698],[-73.5118617,-47.1421071],[-73.5039364,-47.1395601],[-73.4956817,-47.1375532],[-73.4871774,-47.1361057],[-73.4785051,-47.1352316],[-73.4697486,-47.1349393]]]},"properties":{"name":"Cerro Arenales","local_name":"Cerro Arenales","english_name":"Cerro Arenales","search_name":"Cerro Arenales Cerro Arenales Cerro Arenales Cerro Arenales Cerro Arenales Cerro Arenales","peak_elev":3463,"radius_m":6750,"layer":"平均突起响应半径","rank_pct":0.408,"center_lon":-73.46974857429181,"center_lat":-47.195643481307215,"max_mean_jut":556.8098,"max_ats":333.1062,"r_jmean_peak":6750,"r_ats_peak":6250,"r_ats_marginal":1187.5,"ats_marginal_rate_max":0.167284,"ats_marginal_interval_start":1125,"ats_marginal_interval_end":1250,"ats_marginal_ats_mean":129.1899}},{"type":"Feature","geometry":{"type":"Polygon","coordinates":[[[-75.465895,-11.0638975],[-75.459831,-11.0641898],[-75.4538254,-11.0650639],[-75.447936,-11.0665114],[-75.4422196,-11.0685184],[-75.4367312,-11.0710654],[-75.4315237,-11.074128],[-75.4266472,-11.0776767],[-75.4221486,-11.0816774],[-75.4180714,-11.0860914],[-75.4144547,-11.0908763],[-75.4113334,-11.095986],[-75.4087376,-11.1013712],[-75.4066922,-11.1069802],[-75.405217,-11.1127589],[-75.4043262,-11.1186517],[-75.4040283,-11.1246017],[-75.4043262,-11.1305518],[-75.405217,-11.1364445],[-75.4066922,-11.1422232],[-75.4087376,-11.1478322],[-75.4113334,-11.1532175],[-75.4144547,-11.1583272],[-75.4180714,-11.1631121],[-75.4221486,-11.1675261],[-75.4266472,-11.1715267],[-75.4315237,-11.1750754],[-75.4367312,-11.1781381],[-75.4422196,-11.1806851],[-75.447936,-11.182692],[-75.4538254,-11.1841395],[-75.459831,-11.1850136],[-75.465895,-11.1853059],[-75.471959,-11.1850136],[-75.4779646,-11.1841395],[-75.4838539,-11.182692],[-75.4895703,-11.1806851],[-75.4950587,-11.1781381],[-75.5002663,-11.1750754],[-75.5051428,-11.1715267],[-75.5096413,-11.1675261],[-75.5137186,-11.1631121],[-75.5173352,-11.1583272],[-75.5204565,-11.1532175],[-75.5230523,-11.1478322],[-75.5250977,-11.1422232],[-75.5265729,-11.1364445],[-75.5274638,-11.1305518],[-75.5277617,-11.1246017],[-75.5274638,-11.1186517],[-75.5265729,-11.1127589],[-75.5250977,-11.1069802],[-75.5230523,-11.1013712],[-75.5204565,-11.095986],[-75.5173352,-11.0908763],[-75.5137186,-11.0860914],[-75.5096413,-11.0816774],[-75.5051428,-11.0776767],[-75.5002663,-11.074128],[-75.4950587,-11.0710654],[-75.4895703,-11.0685184],[-75.4838539,-11.0665114],[-75.4779646,-11.0650639],[-75.471959,-11.0641898],[-75.465895,-11.0638975]]]},"properties":{"name":"Cerro Huarango Alto","local_name":"Cerro Huarango Alto","english_name":"Cerro Huarango Alto","search_name":"Cerro Huarango Alto Cerro Huarango Alto Cerro Huarango Alto Cerro Huarango Alto Cerro Huarango Alto Cerro Huarango Alto","peak_elev":3338,"radius_m":6750,"layer":"平均突起响应半径","rank_pct":0.408,"center_lon":-75.46589496713379,"center_lat":-11.124601731243535,"max_mean_jut":273.7678,"max_ats":117.5937,"r_jmean_peak":6750,"r_ats_peak":7250,"r_ats_marginal":1062.5,"ats_marginal_rate_max":0.041242,"ats_marginal_interval_start":1000,"ats_marginal_interval_end":1125,"ats_marginal_ats_mean":24.7706}},{"type":"Feature","geometry":{"type":"Polygon","coordinates":[[[-75.7957563,-12.3272881],[-75.7896645,-12.3275804],[-75.7836312,-12.3284546],[-75.7777148,-12.329902],[-75.7719721,-12.331909],[-75.7664584,-12.334456],[-75.7612269,-12.3375186],[-75.756328,-12.3410674],[-75.7518088,-12.345068],[-75.7477128,-12.349482],[-75.7440795,-12.3542669],[-75.7409438,-12.3593766],[-75.7383361,-12.3647619],[-75.7362813,-12.3703708],[-75.7347993,-12.3761495],[-75.7339044,-12.3820423],[-75.7336051,-12.3879923],[-75.7339044,-12.3939424],[-75.7347993,-12.3998352],[-75.7362813,-12.4056138],[-75.7383361,-12.4112228],[-75.7409438,-12.4166081],[-75.7440795,-12.4217178],[-75.7477128,-12.4265027],[-75.7518088,-12.4309167],[-75.756328,-12.4349173],[-75.7612269,-12.4384661],[-75.7664584,-12.4415287],[-75.7719721,-12.4440757],[-75.7777148,-12.4460827],[-75.7836312,-12.4475301],[-75.7896645,-12.4484042],[-75.7957563,-12.4486966],[-75.8018482,-12.4484042],[-75.8078814,-12.4475301],[-75.8137979,-12.4460827],[-75.8195406,-12.4440757],[-75.8250542,-12.4415287],[-75.8302857,-12.4384661],[-75.8351847,-12.4349173],[-75.8397039,-12.4309167],[-75.8437999,-12.4265027],[-75.8474332,-12.4217178],[-75.8505689,-12.4166081],[-75.8531766,-12.4112228],[-75.8552314,-12.4056138],[-75.8567134,-12.3998352],[-75.8576083,-12.3939424],[-75.8579076,-12.3879923],[-75.8576083,-12.3820423],[-75.8567134,-12.3761495],[-75.8552314,-12.3703708],[-75.8531766,-12.3647619],[-75.8505689,-12.3593766],[-75.8474332,-12.3542669],[-75.8437999,-12.349482],[-75.8397039,-12.345068],[-75.8351847,-12.3410674],[-75.8302857,-12.3375186],[-75.8250542,-12.334456],[-75.8195406,-12.331909],[-75.8137979,-12.329902],[-75.8078814,-12.3284546],[-75.8018482,-12.3275804],[-75.7957563,-12.3272881]]]},"properties":{"name":"Cerro Huayumarca","local_name":"Cerro Huayumarca","english_name":"Cerro Huayumarca","search_name":"Cerro Huayumarca Cerro Huayumarca Cerro Huayumarca Cerro Huayumarca Cerro Huayumarca Cerro Huayumarca","peak_elev":4986,"radius_m":6750,"layer":"平均突起响应半径","rank_pct":0.408,"center_lon":-75.79575633946249,"center_lat":-12.387992346829233,"max_mean_jut":212.3457,"max_ats":86.3783,"r_jmean_peak":6750,"r_ats_peak":500,"r_ats_marginal":187.5,"ats_marginal_rate_max":0.24937,"ats_marginal_interval_start":125,"ats_marginal_interval_end":250,"ats_marginal_ats_mean":42.0213}},{"type":"Feature","geometry":{"type":"Polygon","coordinates":[[[-72.4055145,-13.6766475],[-72.3993892,-13.6769398],[-72.3933229,-13.6778139],[-72.387374,-13.6792614],[-72.3815999,-13.6812684],[-72.376056,-13.6838154],[-72.3707959,-13.686878],[-72.3658701,-13.6904267],[-72.3613261,-13.6944274],[-72.3572076,-13.6988414],[-72.3535544,-13.7036263],[-72.3504016,-13.708736],[-72.3477795,-13.7141212],[-72.3457135,-13.7197302],[-72.3442234,-13.7255089],[-72.3433236,-13.7314017],[-72.3430226,-13.7373517],[-72.3433236,-13.7433018],[-72.3442234,-13.7491945],[-72.3457135,-13.7549732],[-72.3477795,-13.7605822],[-72.3504016,-13.7659675],[-72.3535544,-13.7710772],[-72.3572076,-13.7758621],[-72.3613261,-13.7802761],[-72.3658701,-13.7842767],[-72.3707959,-13.7878254],[-72.376056,-13.7908881],[-72.3815999,-13.7934351],[-72.387374,-13.795442],[-72.3933229,-13.7968895],[-72.3993892,-13.7977636],[-72.4055145,-13.7980559],[-72.4116397,-13.7977636],[-72.417706,-13.7968895],[-72.4236549,-13.795442],[-72.429429,-13.7934351],[-72.4349729,-13.7908881],[-72.4402331,-13.7878254],[-72.4451588,-13.7842767],[-72.4497028,-13.7802761],[-72.4538213,-13.7758621],[-72.4574745,-13.7710772],[-72.4606273,-13.7659675],[-72.4632494,-13.7605822],[-72.4653154,-13.7549732],[-72.4668055,-13.7491945],[-72.4677054,-13.7433018],[-72.4680063,-13.7373517],[-72.4677054,-13.7314017],[-72.4668055,-13.7255089],[-72.4653154,-13.7197302],[-72.4632494,-13.7141212],[-72.4606273,-13.708736],[-72.4574745,-13.7036263],[-72.4538213,-13.6988414],[-72.4497028,-13.6944274],[-72.4451588,-13.6904267],[-72.4402331,-13.686878],[-72.4349729,-13.6838154],[-72.429429,-13.6812684],[-72.4236549,-13.6792614],[-72.417706,-13.6778139],[-72.4116397,-13.6769398],[-72.4055145,-13.6766475]]]},"properties":{"name":"Cerro Soccopía","local_name":"Cerro Soccopía","english_name":"Cerro Soccopía","search_name":"Cerro Soccopía Cerro Soccopía Cerro Soccopía Cerro Soccopía Cerro Soccopía Cerro Soccopía","peak_elev":4262,"radius_m":6750,"layer":"平均突起响应半径","rank_pct":0.408,"center_lon":-72.40551445719541,"center_lat":-13.737351735105166,"max_mean_jut":212.8225,"max_ats":88.8968,"r_jmean_peak":6750,"r_ats_peak":8250,"r_ats_marginal":437.5,"ats_marginal_rate_max":0.032313,"ats_marginal_interval_start":375,"ats_marginal_interval_end":500,"ats_marginal_ats_mean":9.99}},{"type":"Feature","geometry":{"type":"Polygon","coordinates":[[[-75.5305737,-11.1223778],[-75.5245085,-11.1226702],[-75.5185016,-11.1235443],[-75.5126111,-11.1249918],[-75.5068935,-11.1269987],[-75.501404,-11.1295457],[-75.4961955,-11.1326084],[-75.491318,-11.1361571],[-75.4868185,-11.1401577],[-75.4827404,-11.1445717],[-75.479123,-11.1493566],[-75.4760011,-11.1544663],[-75.4734048,-11.1598516],[-75.471359,-11.1654606],[-75.4698835,-11.1712393],[-75.4689925,-11.177132],[-75.4686945,-11.1830821],[-75.4689925,-11.1890321],[-75.4698835,-11.1949249],[-75.471359,-11.2007036],[-75.4734048,-11.2063126],[-75.4760011,-11.2116978],[-75.479123,-11.2168075],[-75.4827404,-11.2215924],[-75.4868185,-11.2260064],[-75.491318,-11.230007],[-75.4961955,-11.2335558],[-75.501404,-11.2366184],[-75.5068935,-11.2391654],[-75.5126111,-11.2411724],[-75.5185016,-11.2426199],[-75.5245085,-11.243494],[-75.5305737,-11.2437863],[-75.5366389,-11.243494],[-75.5426457,-11.2426199],[-75.5485362,-11.2411724],[-75.5542538,-11.2391654],[-75.5597433,-11.2366184],[-75.5649519,-11.2335558],[-75.5698294,-11.230007],[-75.5743288,-11.2260064],[-75.5784069,-11.2215924],[-75.5820243,-11.2168075],[-75.5851462,-11.2116978],[-75.5877425,-11.2063126],[-75.5897883,-11.2007036],[-75.5912638,-11.1949249],[-75.5921548,-11.1890321],[-75.5924528,-11.1830821],[-75.5921548,-11.177132],[-75.5912638,-11.1712393],[-75.5897883,-11.1654606],[-75.5877425,-11.1598516],[-75.5851462,-11.1544663],[-75.5820243,-11.1493566],[-75.5784069,-11.1445717],[-75.5743288,-11.1401577],[-75.5698294,-11.1361571],[-75.5649519,-11.1326084],[-75.5597433,-11.1295457],[-75.5542538,-11.1269987],[-75.5485362,-11.1249918],[-75.5426457,-11.1235443],[-75.5366389,-11.1226702],[-75.5305737,-11.1223778]]]},"properties":{"name":"Cerro Urpucocha","local_name":"Cerro Urpucocha","english_name":"Cerro Urpucocha","search_name":"Cerro Urpucocha Cerro Urpucocha Cerro Urpucocha Cerro Urpucocha Cerro Urpucocha Cerro Urpucocha","peak_elev":3780,"radius_m":6750,"layer":"平均突起响应半径","rank_pct":0.408,"center_lon":-75.5305736675904,"center_lat":-11.183082056239718,"max_mean_jut":162.543,"max_ats":46.042,"r_jmean_peak":6750,"r_ats_peak":7250,"r_ats_marginal":187.5,"ats_marginal_rate_max":0.040871,"ats_marginal_interval_start":125,"ats_marginal_interval_end":250,"ats_marginal_ats_mean":4.0996}},{"type":"Feature","geometry":{"type":"Polygon","coordinates":[[[-70.7632145,-35.5982379],[-70.7561628,-35.5985194],[-70.749179,-35.5993611],[-70.7423303,-35.600755],[-70.7356828,-35.6026876],[-70.7293005,-35.6051403],[-70.7232447,-35.6080895],[-70.7175739,-35.6115068],[-70.7123427,-35.6153593],[-70.7076013,-35.6196098],[-70.7033956,-35.6242175],[-70.6997659,-35.6291379],[-70.6967473,-35.6343237],[-70.6943687,-35.639725],[-70.6926533,-35.6452896],[-70.6916173,-35.6509641],[-70.6912709,-35.6566938],[-70.6916173,-35.6624235],[-70.6926533,-35.668098],[-70.6943687,-35.6736627],[-70.6967473,-35.6790639],[-70.6997659,-35.6842497],[-70.7033956,-35.6891702],[-70.7076013,-35.6937779],[-70.7123427,-35.6980284],[-70.7175739,-35.7018809],[-70.7232447,-35.7052981],[-70.7293005,-35.7082473],[-70.7356828,-35.7107],[-70.7423303,-35.7126326],[-70.749179,-35.7140265],[-70.7561628,-35.7148682],[-70.7632145,-35.7151497],[-70.7702662,-35.7148682],[-70.7772499,-35.7140265],[-70.7840986,-35.7126326],[-70.7907461,-35.7107],[-70.7971284,-35.7082473],[-70.8031842,-35.7052981],[-70.808855,-35.7018809],[-70.8140862,-35.6980284],[-70.8188276,-35.6937779],[-70.8230333,-35.6891702],[-70.826663,-35.6842497],[-70.8296816,-35.6790639],[-70.8320602,-35.6736627],[-70.8337757,-35.668098],[-70.8348116,-35.6624235],[-70.835158,-35.6566938],[-70.8348116,-35.6509641],[-70.8337757,-35.6452896],[-70.8320602,-35.639725],[-70.8296816,-35.6343237],[-70.826663,-35.6291379],[-70.8230333,-35.6242175],[-70.8188276,-35.6196098],[-70.8140862,-35.6153593],[-70.808855,-35.6115068],[-70.8031842,-35.6080895],[-70.7971284,-35.6051403],[-70.7907461,-35.6026876],[-70.7840986,-35.600755],[-70.7772499,-35.5993611],[-70.7702662,-35.5985194],[-70.7632145,-35.5982379]]]},"properties":{"name":"Cerro Azul","local_name":"Cerro Azul","english_name":"Cerro Azul","search_name":"Cerro Azul Cerro Azul Cerro Azul Cerro Azul Cerro Azul Cerro Azul","peak_elev":3773,"radius_m":6500,"layer":"平均突起响应半径","rank_pct":0.4213,"center_lon":-70.7632144547681,"center_lat":-35.65669382526355,"max_mean_jut":457.5679,"max_ats":260.6968,"r_jmean_peak":6500,"r_ats_peak":7500,"r_ats_marginal":312.5,"ats_marginal_rate_max":0.125085,"ats_marginal_interval_start":250,"ats_marginal_interval_end":375,"ats_marginal_ats_mean":27.8731}},{"type":"Feature","geometry":{"type":"Polygon","coordinates":[[[-75.464817,-10.9661633],[-75.4589796,-10.9664448],[-75.4531984,-10.9672865],[-75.4475291,-10.9686804],[-75.4420263,-10.970613],[-75.436743,-10.9730657],[-75.43173,-10.9760149],[-75.4270357,-10.9794322],[-75.4227053,-10.9832847],[-75.4187804,-10.9875352],[-75.4152988,-10.9921429],[-75.4122942,-10.9970633],[-75.4097954,-11.0022491],[-75.4078264,-11.0076504],[-75.4064063,-11.0132151],[-75.4055488,-11.0188896],[-75.405262,-11.0246192],[-75.4055488,-11.0303489],[-75.4064063,-11.0360234],[-75.4078264,-11.0415881],[-75.4097954,-11.0469893],[-75.4122942,-11.0521752],[-75.4152988,-11.0570956],[-75.4187804,-11.0617033],[-75.4227053,-11.0659538],[-75.4270357,-11.0698063],[-75.43173,-11.0732235],[-75.436743,-11.0761727],[-75.4420263,-11.0786255],[-75.4475291,-11.0805581],[-75.4531984,-11.0819519],[-75.4589796,-11.0827937],[-75.464817,-11.0830751],[-75.4706544,-11.0827937],[-75.4764356,-11.0819519],[-75.4821049,-11.0805581],[-75.4876077,-11.0786255],[-75.492891,-11.0761727],[-75.497904,-11.0732235],[-75.5025983,-11.0698063],[-75.5069287,-11.0659538],[-75.5108536,-11.0617033],[-75.5143351,-11.0570956],[-75.5173398,-11.0521752],[-75.5198386,-11.0469893],[-75.5218076,-11.0415881],[-75.5232276,-11.0360234],[-75.5240852,-11.0303489],[-75.524372,-11.0246192],[-75.5240852,-11.0188896],[-75.5232276,-11.0132151],[-75.5218076,-11.0076504],[-75.5198386,-11.0022491],[-75.5173398,-10.9970633],[-75.5143351,-10.9921429],[-75.5108536,-10.9875352],[-75.5069287,-10.9832847],[-75.5025983,-10.9794322],[-75.497904,-10.9760149],[-75.492891,-10.9730657],[-75.4876077,-10.970613],[-75.4821049,-10.9686804],[-75.4764356,-10.9672865],[-75.4706544,-10.9664448],[-75.464817,-10.9661633]]]},"properties":{"name":"Cerro Cashapunta","local_name":"Cerro Cashapunta","english_name":"Cerro Cashapunta","search_name":"Cerro Cashapunta Cerro Cashapunta Cerro Cashapunta Cerro Cashapunta Cerro Cashapunta Cerro Cashapunta","peak_elev":3450,"radius_m":6500,"layer":"平均突起响应半径","rank_pct":0.4213,"center_lon":-75.46481698879286,"center_lat":-11.024619240121034,"max_mean_jut":355.5419,"max_ats":168.6189,"r_jmean_peak":6500,"r_ats_peak":6500,"r_ats_marginal":312.5,"ats_marginal_rate_max":0.069989,"ats_marginal_interval_start":250,"ats_marginal_interval_end":375,"ats_marginal_ats_mean":15.244}},{"type":"Feature","geometry":{"type":"Polygon","coordinates":[[[-73.0202316,-15.6391994],[-73.0142799,-15.6394809],[-73.0083856,-15.6403227],[-73.0026053,-15.6417165],[-72.9969948,-15.6436491],[-72.9916081,-15.6461018],[-72.986497,-15.649051],[-72.9817109,-15.6524683],[-72.9772956,-15.6563208],[-72.9732939,-15.6605713],[-72.9697443,-15.665179],[-72.9666808,-15.6700994],[-72.9641331,-15.6752852],[-72.9621256,-15.6806865],[-72.9606777,-15.6862512],[-72.9598034,-15.6919257],[-72.959511,-15.6976553],[-72.9598034,-15.703385],[-72.9606777,-15.7090595],[-72.9621256,-15.7146242],[-72.9641331,-15.7200255],[-72.9666808,-15.7252113],[-72.9697443,-15.7301317],[-72.9732939,-15.7347394],[-72.9772956,-15.7389899],[-72.9817109,-15.7428424],[-72.986497,-15.7462597],[-72.9916081,-15.7492089],[-72.9969948,-15.7516616],[-73.0026053,-15.7535942],[-73.0083856,-15.754988],[-73.0142799,-15.7558298],[-73.0202316,-15.7561113],[-73.0261833,-15.7558298],[-73.0320776,-15.754988],[-73.0378579,-15.7535942],[-73.0434684,-15.7516616],[-73.0488551,-15.7492089],[-73.0539662,-15.7462597],[-73.0587524,-15.7428424],[-73.0631676,-15.7389899],[-73.0671693,-15.7347394],[-73.0707189,-15.7301317],[-73.0737824,-15.7252113],[-73.0763301,-15.7200255],[-73.0783376,-15.7146242],[-73.0797855,-15.7090595],[-73.0806598,-15.703385],[-73.0809522,-15.6976553],[-73.0806598,-15.6919257],[-73.0797855,-15.6862512],[-73.0783376,-15.6806865],[-73.0763301,-15.6752852],[-73.0737824,-15.6700994],[-73.0707189,-15.665179],[-73.0671693,-15.6605713],[-73.0631676,-15.6563208],[-73.0587524,-15.6524683],[-73.0539662,-15.649051],[-73.0488551,-15.6461018],[-73.0434684,-15.6436491],[-73.0378579,-15.6417165],[-73.0320776,-15.6403227],[-73.0261833,-15.6394809],[-73.0202316,-15.6391994]]]},"properties":{"name":"Cerro Chaquelomachico","local_name":"Cerro Chaquelomachico","english_name":"Cerro Chaquelomachico","search_name":"Cerro Chaquelomachico Cerro Chaquelomachico Cerro Chaquelomachico Cerro Chaquelomachico Cerro Chaquelomachico Cerro Chaquelomachico","peak_elev":3243,"radius_m":6500,"layer":"平均突起响应半径","rank_pct":0.4213,"center_lon":-73.0202316061184,"center_lat":-15.697655348110786,"max_mean_jut":342.2912,"max_ats":155.6148,"r_jmean_peak":6500,"r_ats_peak":7000,"r_ats_marginal":937.5,"ats_marginal_rate_max":0.057092,"ats_marginal_interval_start":875,"ats_marginal_interval_end":1000,"ats_marginal_ats_mean":39.0085}},{"type":"Feature","geometry":{"type":"Polygon","coordinates":[[[-72.7776865,-12.9307789],[-72.7718063,-12.9310603],[-72.7659828,-12.9319021],[-72.760272,-12.933296],[-72.7547289,-12.9352286],[-72.7494069,-12.9376813],[-72.7443573,-12.9406305],[-72.7396286,-12.9440477],[-72.7352665,-12.9479002],[-72.7313129,-12.9521507],[-72.7278058,-12.9567584],[-72.7247792,-12.9616788],[-72.7222621,-12.9668647],[-72.7202787,-12.9722659],[-72.7188483,-12.9778306],[-72.7179844,-12.9835051],[-72.7176955,-12.9892348],[-72.7179844,-12.9949644],[-72.7188483,-13.0006389],[-72.7202787,-13.0062036],[-72.7222621,-13.0116049],[-72.7247792,-13.0167907],[-72.7278058,-13.0217111],[-72.7313129,-13.0263188],[-72.7352665,-13.0305693],[-72.7396286,-13.0344218],[-72.7443573,-13.0378391],[-72.7494069,-13.0407883],[-72.7547289,-13.043241],[-72.760272,-13.0451736],[-72.7659828,-13.0465675],[-72.7718063,-13.0474092],[-72.7776865,-13.0476907],[-72.7835666,-13.0474092],[-72.7893901,-13.0465675],[-72.7951009,-13.0451736],[-72.800644,-13.043241],[-72.805966,-13.0407883],[-72.8110157,-13.0378391],[-72.8157443,-13.0344218],[-72.8201065,-13.0305693],[-72.8240601,-13.0263188],[-72.8275671,-13.0217111],[-72.8305938,-13.0167907],[-72.8331109,-13.0116049],[-72.8350942,-13.0062036],[-72.8365247,-13.0006389],[-72.8373885,-12.9949644],[-72.8376774,-12.9892348],[-72.8373885,-12.9835051],[-72.8365247,-12.9778306],[-72.8350942,-12.9722659],[-72.8331109,-12.9668647],[-72.8305938,-12.9616788],[-72.8275671,-12.9567584],[-72.8240601,-12.9521507],[-72.8201065,-12.9479002],[-72.8157443,-12.9440477],[-72.8110157,-12.9406305],[-72.805966,-12.9376813],[-72.800644,-12.9352286],[-72.7951009,-12.933296],[-72.7893901,-12.9319021],[-72.7835666,-12.9310603],[-72.7776865,-12.9307789]]]},"properties":{"name":"Cerro Poromate","local_name":"Cerro Poromate","english_name":"Cerro Poromate","search_name":"Cerro Poromate Cerro Poromate Cerro Poromate Cerro Poromate Cerro Poromate Cerro Poromate","peak_elev":4026,"radius_m":6500,"layer":"平均突起响应半径","rank_pct":0.4213,"center_lon":-72.77768647940613,"center_lat":-12.989234766490428,"max_mean_jut":375.4154,"max_ats":177.0112,"r_jmean_peak":6500,"r_ats_peak":6750,"r_ats_marginal":562.5,"ats_marginal_rate_max":0.096076,"ats_marginal_interval_start":500,"ats_marginal_interval_end":625,"ats_marginal_ats_mean":35.4728}},{"type":"Feature","geometry":{"type":"Polygon","coordinates":[[[-76.9146979,-10.8443518],[-76.9088629,-10.8446333],[-76.903084,-10.845475],[-76.8974171,-10.8468689],[-76.8919165,-10.8488015],[-76.8866354,-10.8512542],[-76.8816245,-10.8542034],[-76.8769321,-10.8576207],[-76.8726035,-10.8614731],[-76.8686802,-10.8657237],[-76.8652001,-10.8703313],[-76.8621967,-10.8752518],[-76.8596989,-10.8804376],[-76.8577308,-10.8858388],[-76.8563113,-10.8914035],[-76.8554541,-10.897078],[-76.8551674,-10.9028077],[-76.8554541,-10.9085374],[-76.8563113,-10.9142119],[-76.8577308,-10.9197765],[-76.8596989,-10.9251778],[-76.8621967,-10.9303636],[-76.8652001,-10.935284],[-76.8686802,-10.9398917],[-76.8726035,-10.9441423],[-76.8769321,-10.9479947],[-76.8816245,-10.951412],[-76.8866354,-10.9543612],[-76.8919165,-10.9568139],[-76.8974171,-10.9587465],[-76.903084,-10.9601404],[-76.9088629,-10.9609821],[-76.9146979,-10.9612636],[-76.9205329,-10.9609821],[-76.9263117,-10.9601404],[-76.9319786,-10.9587465],[-76.9374792,-10.9568139],[-76.9427603,-10.9543612],[-76.9477712,-10.951412],[-76.9524636,-10.9479947],[-76.9567923,-10.9441423],[-76.9607155,-10.9398917],[-76.9641956,-10.935284],[-76.967199,-10.9303636],[-76.9696968,-10.9251778],[-76.971665,-10.9197765],[-76.9730845,-10.9142119],[-76.9739417,-10.9085374],[-76.9742283,-10.9028077],[-76.9739417,-10.897078],[-76.9730845,-10.8914035],[-76.971665,-10.8858388],[-76.9696968,-10.8804376],[-76.967199,-10.8752518],[-76.9641956,-10.8703313],[-76.9607155,-10.8657237],[-76.9567923,-10.8614731],[-76.9524636,-10.8576207],[-76.9477712,-10.8542034],[-76.9427603,-10.8512542],[-76.9374792,-10.8488015],[-76.9319786,-10.8468689],[-76.9263117,-10.845475],[-76.9205329,-10.8446333],[-76.9146979,-10.8443518]]]},"properties":{"name":"Cerro Quichunque","local_name":"Cerro Quichunque","english_name":"Cerro Quichunque","search_name":"Cerro Quichunque Cerro Quichunque Cerro Quichunque Cerro Quichunque Cerro Quichunque Cerro Quichunque","peak_elev":4763,"radius_m":6500,"layer":"平均突起响应半径","rank_pct":0.4213,"center_lon":-76.91469785736176,"center_lat":-10.902807687594429,"max_mean_jut":556.4779,"max_ats":279.6486,"r_jmean_peak":6500,"r_ats_peak":6500,"r_ats_marginal":937.5,"ats_marginal_rate_max":0.093973,"ats_marginal_interval_start":875,"ats_marginal_interval_end":1000,"ats_marginal_ats_mean":67.2397}},{"type":"Feature","geometry":{"type":"Polygon","coordinates":[[[-72.056519,-13.6654211],[-72.0506209,-13.6657026],[-72.0447796,-13.6665443],[-72.0390514,-13.6679382],[-72.0334914,-13.6698708],[-72.0281532,-13.6723235],[-72.0230882,-13.6752727],[-72.0183451,-13.67869],[-72.0139696,-13.6825424],[-72.010004,-13.686793],[-72.0064862,-13.6914006],[-72.0034504,-13.6963211],[-72.0009256,-13.7015069],[-71.9989362,-13.7069082],[-71.9975013,-13.7124728],[-71.9966349,-13.7181473],[-71.9963451,-13.723877],[-71.9966349,-13.7296067],[-71.9975013,-13.7352812],[-71.9989362,-13.7408459],[-72.0009256,-13.7462471],[-72.0034504,-13.7514329],[-72.0064862,-13.7563534],[-72.010004,-13.760961],[-72.0139696,-13.7652116],[-72.0183451,-13.769064],[-72.0230882,-13.7724813],[-72.0281532,-13.7754305],[-72.0334914,-13.7778832],[-72.0390514,-13.7798158],[-72.0447796,-13.7812097],[-72.0506209,-13.7820514],[-72.056519,-13.7823329],[-72.062417,-13.7820514],[-72.0682583,-13.7812097],[-72.0739865,-13.7798158],[-72.0795465,-13.7778832],[-72.0848847,-13.7754305],[-72.0899498,-13.7724813],[-72.0946929,-13.769064],[-72.0990683,-13.7652116],[-72.103034,-13.760961],[-72.1065517,-13.7563534],[-72.1095876,-13.7514329],[-72.1121124,-13.7462471],[-72.1141018,-13.7408459],[-72.1155366,-13.7352812],[-72.1164031,-13.7296067],[-72.1166928,-13.723877],[-72.1164031,-13.7181473],[-72.1155366,-13.7124728],[-72.1141018,-13.7069082],[-72.1121124,-13.7015069],[-72.1095876,-13.6963211],[-72.1065517,-13.6914006],[-72.103034,-13.686793],[-72.0990683,-13.6825424],[-72.0946929,-13.67869],[-72.0899498,-13.6752727],[-72.0848847,-13.6723235],[-72.0795465,-13.6698708],[-72.0739865,-13.6679382],[-72.0682583,-13.6665443],[-72.062417,-13.6657026],[-72.056519,-13.6654211]]]},"properties":{"name":"Cerro Sauceraro","local_name":"Cerro Sauceraro","english_name":"Cerro Sauceraro","search_name":"Cerro Sauceraro Cerro Sauceraro Cerro Sauceraro Cerro Sauceraro Cerro Sauceraro Cerro Sauceraro","peak_elev":4403,"radius_m":6500,"layer":"平均突起响应半径","rank_pct":0.4213,"center_lon":-72.05651896931498,"center_lat":-13.723877005843374,"max_mean_jut":167.5803,"max_ats":65.0229,"r_jmean_peak":6500,"r_ats_peak":9250,"r_ats_marginal":187.5,"ats_marginal_rate_max":0.036778,"ats_marginal_interval_start":125,"ats_marginal_interval_end":250,"ats_marginal_ats_mean":4.813}},{"type":"Feature","geometry":{"type":"Polygon","coordinates":[[[-75.7256877,-12.8105843],[-75.7198104,-12.8108658],[-75.7139897,-12.8117075],[-75.7082817,-12.8131014],[-75.7027413,-12.815034],[-75.6974218,-12.8174867],[-75.6923746,-12.8204359],[-75.6876482,-12.8238532],[-75.6832882,-12.8277056],[-75.6793365,-12.8319561],[-75.6758311,-12.8365638],[-75.6728059,-12.8414843],[-75.67029,-12.8466701],[-75.6683076,-12.8520713],[-75.6668779,-12.857636],[-75.6660144,-12.8633105],[-75.6657257,-12.8690402],[-75.6660144,-12.8747699],[-75.6668779,-12.8804444],[-75.6683076,-12.886009],[-75.67029,-12.8914103],[-75.6728059,-12.8965961],[-75.6758311,-12.9015165],[-75.6793365,-12.9061242],[-75.6832882,-12.9103747],[-75.6876482,-12.9142272],[-75.6923746,-12.9176445],[-75.6974218,-12.9205937],[-75.7027413,-12.9230464],[-75.7082817,-12.924979],[-75.7139897,-12.9263729],[-75.7198104,-12.9272146],[-75.7256877,-12.9274961],[-75.7315651,-12.9272146],[-75.7373858,-12.9263729],[-75.7430938,-12.924979],[-75.7486342,-12.9230464],[-75.7539537,-12.9205937],[-75.7590009,-12.9176445],[-75.7637273,-12.9142272],[-75.7680873,-12.9103747],[-75.772039,-12.9061242],[-75.7755444,-12.9015165],[-75.7785696,-12.8965961],[-75.7810855,-12.8914103],[-75.7830679,-12.886009],[-75.7844976,-12.8804444],[-75.7853611,-12.8747699],[-75.7856498,-12.8690402],[-75.7853611,-12.8633105],[-75.7844976,-12.857636],[-75.7830679,-12.8520713],[-75.7810855,-12.8466701],[-75.7785696,-12.8414843],[-75.7755444,-12.8365638],[-75.772039,-12.8319561],[-75.7680873,-12.8277056],[-75.7637273,-12.8238532],[-75.7590009,-12.8204359],[-75.7539537,-12.8174867],[-75.7486342,-12.815034],[-75.7430938,-12.8131014],[-75.7373858,-12.8117075],[-75.7315651,-12.8108658],[-75.7256877,-12.8105843]]]},"properties":{"name":"Cerro Yanaorjo [-75.72501,-12.86940]","local_name":"Cerro Yanaorjo","english_name":"Cerro Yanaorjo","search_name":"Cerro Yanaorjo Cerro Yanaorjo Cerro Yanaorjo Cerro Yanaorjo Cerro Yanaorjo Cerro Yanaorjo [-75.72501,-12.86940]","peak_elev":4724,"radius_m":6500,"layer":"平均突起响应半径","rank_pct":0.4213,"center_lon":-75.72568774730117,"center_lat":-12.869040181475237,"max_mean_jut":152.4215,"max_ats":41.428,"r_jmean_peak":6500,"r_ats_peak":6750,"r_ats_marginal":187.5,"ats_marginal_rate_max":0.10503,"ats_marginal_interval_start":125,"ats_marginal_interval_end":250,"ats_marginal_ats_mean":17.3099}},{"type":"Feature","geometry":{"type":"Polygon","coordinates":[[[-78.3408632,-1.9459101],[-78.33513,-1.9461916],[-78.329452,-1.9470333],[-78.323884,-1.9484272],[-78.3184794,-1.9503598],[-78.3132904,-1.9528125],[-78.308367,-1.9557617],[-78.3037565,-1.959179],[-78.2995033,-1.9630314],[-78.2956485,-1.9672819],[-78.2922291,-1.9718896],[-78.2892781,-1.9768101],[-78.2868239,-1.9819959],[-78.2848901,-1.9873971],[-78.2834954,-1.9929618],[-78.2826532,-1.9986363],[-78.2823715,-2.004366],[-78.2826532,-2.0100957],[-78.2834954,-2.0157702],[-78.2848901,-2.0213348],[-78.2868239,-2.0267361],[-78.2892781,-2.0319219],[-78.2922291,-2.0368423],[-78.2956485,-2.04145],[-78.2995033,-2.0457005],[-78.3037565,-2.049553],[-78.308367,-2.0529703],[-78.3132904,-2.0559195],[-78.3184794,-2.0583722],[-78.323884,-2.0603048],[-78.329452,-2.0616987],[-78.33513,-2.0625404],[-78.3408632,-2.0628219],[-78.3465964,-2.0625404],[-78.3522744,-2.0616987],[-78.3578424,-2.0603048],[-78.363247,-2.0583722],[-78.368436,-2.0559195],[-78.3733594,-2.0529703],[-78.3779699,-2.049553],[-78.3822231,-2.0457005],[-78.3860779,-2.04145],[-78.3894973,-2.0368423],[-78.3924483,-2.0319219],[-78.3949025,-2.0267361],[-78.3968363,-2.0213348],[-78.398231,-2.0157702],[-78.3990732,-2.0100957],[-78.3993549,-2.004366],[-78.3990732,-1.9986363],[-78.398231,-1.9929618],[-78.3968363,-1.9873971],[-78.3949025,-1.9819959],[-78.3924483,-1.9768101],[-78.3894973,-1.9718896],[-78.3860779,-1.9672819],[-78.3822231,-1.9630314],[-78.3779699,-1.959179],[-78.3733594,-1.9557617],[-78.368436,-1.9528125],[-78.363247,-1.9503598],[-78.3578424,-1.9484272],[-78.3522744,-1.9470333],[-78.3465964,-1.9461916],[-78.3408632,-1.9459101]]]},"properties":{"name":"Sangay","local_name":"Sangay","english_name":"Sangay","search_name":"Sangay Sangay Sangay Sangay Sangay Sangay","peak_elev":5298,"radius_m":6500,"layer":"平均突起响应半径","rank_pct":0.4213,"center_lon":-78.34086320242992,"center_lat":-2.0043659776916827,"max_mean_jut":790.9836,"max_ats":491.8232,"r_jmean_peak":6500,"r_ats_peak":7250,"r_ats_marginal":1312.5,"ats_marginal_rate_max":0.156417,"ats_marginal_interval_start":1250,"ats_marginal_interval_end":1375,"ats_marginal_ats_mean":144.8596}},{"type":"Feature","geometry":{"type":"Polygon","coordinates":[[[-71.4108099,-16.2377469],[-71.4048404,-16.2380284],[-71.3989284,-16.2388701],[-71.3931308,-16.240264],[-71.3875035,-16.2421966],[-71.3821006,-16.2446493],[-71.3769742,-16.2475985],[-71.3721737,-16.2510158],[-71.3677452,-16.2548683],[-71.3637315,-16.2591188],[-71.3601712,-16.2637265],[-71.3570985,-16.2686469],[-71.3545431,-16.2738327],[-71.3525297,-16.279234],[-71.3510774,-16.2847986],[-71.3502005,-16.2904731],[-71.3499072,-16.2962028],[-71.3502005,-16.3019325],[-71.3510774,-16.307607],[-71.3525297,-16.3131717],[-71.3545431,-16.3185729],[-71.3570985,-16.3237587],[-71.3601712,-16.3286792],[-71.3637315,-16.3332869],[-71.3677452,-16.3375374],[-71.3721737,-16.3413898],[-71.3769742,-16.3448071],[-71.3821006,-16.3477563],[-71.3875035,-16.350209],[-71.3931308,-16.3521416],[-71.3989284,-16.3535355],[-71.4048404,-16.3543772],[-71.4108099,-16.3546587],[-71.4167795,-16.3543772],[-71.4226915,-16.3535355],[-71.4284891,-16.3521416],[-71.4341164,-16.350209],[-71.4395193,-16.3477563],[-71.4446457,-16.3448071],[-71.4494462,-16.3413898],[-71.4538747,-16.3375374],[-71.4578884,-16.3332869],[-71.4614487,-16.3286792],[-71.4645214,-16.3237587],[-71.4670767,-16.3185729],[-71.4690902,-16.3131717],[-71.4705425,-16.307607],[-71.4714194,-16.3019325],[-71.4717127,-16.2962028],[-71.4714194,-16.2904731],[-71.4705425,-16.2847986],[-71.4690902,-16.279234],[-71.4670767,-16.2738327],[-71.4645214,-16.2686469],[-71.4614487,-16.2637265],[-71.4578884,-16.2591188],[-71.4538747,-16.2548683],[-71.4494462,-16.2510158],[-71.4446457,-16.2475985],[-71.4395193,-16.2446493],[-71.4341164,-16.2421966],[-71.4284891,-16.240264],[-71.4226915,-16.2388701],[-71.4167795,-16.2380284],[-71.4108099,-16.2377469]]]},"properties":{"name":"Volcán Misti","local_name":"Volcán Misti","english_name":"Volcán Misti","search_name":"Volcán Misti Volcán Misti Volcán Misti Volcán Misti Volcán Misti Volcán Misti","peak_elev":5840,"radius_m":6500,"layer":"平均突起响应半径","rank_pct":0.4213,"center_lon":-71.41080994308986,"center_lat":-16.29620282191962,"max_mean_jut":740.6456,"max_ats":449.4576,"r_jmean_peak":6500,"r_ats_peak":7250,"r_ats_marginal":187.5,"ats_marginal_rate_max":0.114747,"ats_marginal_interval_start":125,"ats_marginal_interval_end":250,"ats_marginal_ats_mean":18.0532}},{"type":"Feature","geometry":{"type":"Polygon","coordinates":[[[-78.1322744,-6.3888902],[-78.12673,-6.3891608],[-78.1212391,-6.3899702],[-78.1158544,-6.3913104],[-78.1106279,-6.3931687],[-78.1056098,-6.3955271],[-78.1008485,-6.3983628],[-78.0963899,-6.4016487],[-78.0922768,-6.405353],[-78.088549,-6.40944],[-78.0852422,-6.4138705],[-78.0823884,-6.4186017],[-78.0800151,-6.423588],[-78.078145,-6.4287815],[-78.0767962,-6.4341322],[-78.0759817,-6.4395884],[-78.0757093,-6.4450978],[-78.0759817,-6.4506071],[-78.0767962,-6.4560633],[-78.078145,-6.461414],[-78.0800151,-6.4666075],[-78.0823884,-6.4715938],[-78.0852422,-6.476325],[-78.088549,-6.4807555],[-78.0922768,-6.4848425],[-78.0963899,-6.4885468],[-78.1008485,-6.4918327],[-78.1056098,-6.4946684],[-78.1106279,-6.4970268],[-78.1158544,-6.4988851],[-78.1212391,-6.5002253],[-78.12673,-6.5010347],[-78.1322744,-6.5013054],[-78.1378187,-6.5010347],[-78.1433097,-6.5002253],[-78.1486944,-6.4988851],[-78.1539209,-6.4970268],[-78.158939,-6.4946684],[-78.1637003,-6.4918327],[-78.1681589,-6.4885468],[-78.172272,-6.4848425],[-78.1759998,-6.4807555],[-78.1793066,-6.476325],[-78.1821604,-6.4715938],[-78.1845337,-6.4666075],[-78.1864038,-6.461414],[-78.1877526,-6.4560633],[-78.1885671,-6.4506071],[-78.1888395,-6.4450978],[-78.1885671,-6.4395884],[-78.1877526,-6.4341322],[-78.1864038,-6.4287815],[-78.1845337,-6.423588],[-78.1821604,-6.4186017],[-78.1793066,-6.4138705],[-78.1759998,-6.40944],[-78.172272,-6.405353],[-78.1681589,-6.4016487],[-78.1637003,-6.3983628],[-78.158939,-6.3955271],[-78.1539209,-6.3931687],[-78.1486944,-6.3913104],[-78.1433097,-6.3899702],[-78.1378187,-6.3891608],[-78.1322744,-6.3888902]]]},"properties":{"name":"Cerro Balsa","local_name":"Cerro Balsa","english_name":"Cerro Balsa","search_name":"Cerro Balsa Cerro Balsa Cerro Balsa Cerro Balsa Cerro Balsa Cerro Balsa","peak_elev":3001,"radius_m":6250,"layer":"平均突起响应半径","rank_pct":0.4453,"center_lon":-78.13227439345737,"center_lat":-6.445097753208126,"max_mean_jut":310.8731,"max_ats":148.5875,"r_jmean_peak":6250,"r_ats_peak":6750,"r_ats_marginal":312.5,"ats_marginal_rate_max":0.07962,"ats_marginal_interval_start":250,"ats_marginal_interval_end":375,"ats_marginal_ats_mean":14.2673}},{"type":"Feature","geometry":{"type":"Polygon","coordinates":[[[-70.5190524,-24.5889375],[-70.5129909,-24.5892081],[-70.5069878,-24.5900175],[-70.5011009,-24.5913578],[-70.4953869,-24.593216],[-70.4899008,-24.5955744],[-70.4846954,-24.5984102],[-70.479821,-24.601696],[-70.4753243,-24.6054003],[-70.4712488,-24.6094873],[-70.4676336,-24.6139178],[-70.4645136,-24.618649],[-70.4619189,-24.6236354],[-70.4598744,-24.6288289],[-70.4583998,-24.6341795],[-70.4575093,-24.6396358],[-70.4572115,-24.6451451],[-70.4575093,-24.6506544],[-70.4583998,-24.6561106],[-70.4598744,-24.6614613],[-70.4619189,-24.6666548],[-70.4645136,-24.6716412],[-70.4676336,-24.6763723],[-70.4712488,-24.6808028],[-70.4753243,-24.6848898],[-70.479821,-24.6885941],[-70.4846954,-24.69188],[-70.4899008,-24.6947158],[-70.4953869,-24.6970741],[-70.5011009,-24.6989324],[-70.5069878,-24.7002727],[-70.5129909,-24.701082],[-70.5190524,-24.7013527],[-70.5251138,-24.701082],[-70.5311169,-24.7002727],[-70.5370038,-24.6989324],[-70.5427178,-24.6970741],[-70.5482039,-24.6947158],[-70.5534093,-24.69188],[-70.5582838,-24.6885941],[-70.5627804,-24.6848898],[-70.566856,-24.6808028],[-70.5704711,-24.6763723],[-70.5735911,-24.6716412],[-70.5761858,-24.6666548],[-70.5782303,-24.6614613],[-70.5797049,-24.6561106],[-70.5805954,-24.6506544],[-70.5808932,-24.6451451],[-70.5805954,-24.6396358],[-70.5797049,-24.6341795],[-70.5782303,-24.6288289],[-70.5761858,-24.6236354],[-70.5735911,-24.618649],[-70.5704711,-24.6139178],[-70.566856,-24.6094873],[-70.5627804,-24.6054003],[-70.5582838,-24.601696],[-70.5534093,-24.5984102],[-70.5482039,-24.5955744],[-70.5427178,-24.593216],[-70.5370038,-24.5913578],[-70.5311169,-24.5900175],[-70.5251138,-24.5892081],[-70.5190524,-24.5889375]]]},"properties":{"name":"Cerro La Colorada","local_name":"Cerro La Colorada","english_name":"Cerro La Colorada","search_name":"Cerro La Colorada Cerro La Colorada Cerro La Colorada Cerro La Colorada Cerro La Colorada Cerro La Colorada","peak_elev":1943,"radius_m":6250,"layer":"平均突起响应半径","rank_pct":0.4453,"center_lon":-70.51905236054442,"center_lat":-24.645145072526457,"max_mean_jut":256.3817,"max_ats":120.0188,"r_jmean_peak":6250,"r_ats_peak":8250,"r_ats_marginal":687.5,"ats_marginal_rate_max":0.038619,"ats_marginal_interval_start":625,"ats_marginal_interval_end":750,"ats_marginal_ats_mean":17.4534}},{"type":"Feature","geometry":{"type":"Polygon","coordinates":[[[-76.7465332,-11.1635257],[-76.7409166,-11.1637964],[-76.735354,-11.1646057],[-76.7298991,-11.165946],[-76.7246044,-11.1678043],[-76.7195209,-11.1701626],[-76.7146975,-11.1729984],[-76.7101808,-11.1762843],[-76.7060141,-11.1799885],[-76.7022376,-11.1840756],[-76.6988877,-11.1885061],[-76.6959967,-11.1932372],[-76.6935924,-11.1982236],[-76.6916979,-11.2034171],[-76.6903315,-11.2087678],[-76.6895064,-11.214224],[-76.6892305,-11.2197333],[-76.6895064,-11.2252426],[-76.6903315,-11.2306989],[-76.6916979,-11.2360495],[-76.6935924,-11.241243],[-76.6959967,-11.2462294],[-76.6988877,-11.2509606],[-76.7022376,-11.255391],[-76.7060141,-11.2594781],[-76.7101808,-11.2631824],[-76.7146975,-11.2664682],[-76.7195209,-11.269304],[-76.7246044,-11.2716624],[-76.7298991,-11.2735206],[-76.735354,-11.2748609],[-76.7409166,-11.2756703],[-76.7465332,-11.2759409],[-76.7521499,-11.2756703],[-76.7577124,-11.2748609],[-76.7631673,-11.2735206],[-76.7684621,-11.2716624],[-76.7735456,-11.269304],[-76.7783689,-11.2664682],[-76.7828857,-11.2631824],[-76.7870524,-11.2594781],[-76.7908289,-11.255391],[-76.7941787,-11.2509606],[-76.7970698,-11.2462294],[-76.7994741,-11.241243],[-76.8013686,-11.2360495],[-76.8027349,-11.2306989],[-76.8035601,-11.2252426],[-76.803836,-11.2197333],[-76.8035601,-11.214224],[-76.8027349,-11.2087678],[-76.8013686,-11.2034171],[-76.7994741,-11.1982236],[-76.7970698,-11.1932372],[-76.7941787,-11.1885061],[-76.7908289,-11.1840756],[-76.7870524,-11.1799885],[-76.7828857,-11.1762843],[-76.7783689,-11.1729984],[-76.7735456,-11.1701626],[-76.7684621,-11.1678043],[-76.7631673,-11.165946],[-76.7577124,-11.1646057],[-76.7521499,-11.1637964],[-76.7465332,-11.1635257]]]},"properties":{"name":"Cerro Lecglispampa","local_name":"Cerro Lecglispampa","english_name":"Cerro Lecglispampa","search_name":"Cerro Lecglispampa Cerro Lecglispampa Cerro Lecglispampa Cerro Lecglispampa Cerro Lecglispampa Cerro Lecglispampa","peak_elev":4283,"radius_m":6250,"layer":"平均突起响应半径","rank_pct":0.4453,"center_lon":-76.74653323617459,"center_lat":-11.219733319831796,"max_mean_jut":291.4421,"max_ats":103.7263,"r_jmean_peak":6250,"r_ats_peak":6500,"r_ats_marginal":562.5,"ats_marginal_rate_max":0.038784,"ats_marginal_interval_start":500,"ats_marginal_interval_end":625,"ats_marginal_ats_mean":9.0336}},{"type":"Feature","geometry":{"type":"Polygon","coordinates":[[[-72.601437,-12.6678445],[-72.595789,-12.6681151],[-72.5901954,-12.6689245],[-72.58471,-12.6702648],[-72.5793858,-12.672123],[-72.5742739,-12.6744814],[-72.5694236,-12.6773172],[-72.5648816,-12.680603],[-72.5606916,-12.6843073],[-72.5568941,-12.6883944],[-72.5535255,-12.6928248],[-72.5506183,-12.697556],[-72.5482006,-12.7025424],[-72.5462955,-12.7077359],[-72.5449215,-12.7130865],[-72.5440918,-12.7185428],[-72.5438143,-12.7240521],[-72.5440918,-12.7295614],[-72.5449215,-12.7350177],[-72.5462955,-12.7403683],[-72.5482006,-12.7455618],[-72.5506183,-12.7505482],[-72.5535255,-12.7552794],[-72.5568941,-12.7597098],[-72.5606916,-12.7637969],[-72.5648816,-12.7675012],[-72.5694236,-12.770787],[-72.5742739,-12.7736228],[-72.5793858,-12.7759811],[-72.58471,-12.7778394],[-72.5901954,-12.7791797],[-72.595789,-12.779989],[-72.601437,-12.7802597],[-72.607085,-12.779989],[-72.6126786,-12.7791797],[-72.618164,-12.7778394],[-72.6234883,-12.7759811],[-72.6286002,-12.7736228],[-72.6334505,-12.770787],[-72.6379925,-12.7675012],[-72.6421824,-12.7637969],[-72.64598,-12.7597098],[-72.6493485,-12.7552794],[-72.6522557,-12.7505482],[-72.6546734,-12.7455618],[-72.6565785,-12.7403683],[-72.6579525,-12.7350177],[-72.6587822,-12.7295614],[-72.6590597,-12.7240521],[-72.6587822,-12.7185428],[-72.6579525,-12.7130865],[-72.6565785,-12.7077359],[-72.6546734,-12.7025424],[-72.6522557,-12.697556],[-72.6493485,-12.6928248],[-72.64598,-12.6883944],[-72.6421824,-12.6843073],[-72.6379925,-12.680603],[-72.6334505,-12.6773172],[-72.6286002,-12.6744814],[-72.6234883,-12.672123],[-72.618164,-12.6702648],[-72.6126786,-12.6689245],[-72.607085,-12.6681151],[-72.601437,-12.6678445]]]},"properties":{"name":"Cerro Putucuyoc","local_name":"Cerro Putucuyoc","english_name":"Cerro Putucuyoc","search_name":"Cerro Putucuyoc Cerro Putucuyoc Cerro Putucuyoc Cerro Putucuyoc Cerro Putucuyoc Cerro Putucuyoc","peak_elev":3139,"radius_m":6250,"layer":"平均突起响应半径","rank_pct":0.4453,"center_lon":-72.60143702066188,"center_lat":-12.724052094618346,"max_mean_jut":445.7735,"max_ats":253.4204,"r_jmean_peak":6250,"r_ats_peak":7250,"r_ats_marginal":3625.0,"ats_marginal_rate_max":0.057163,"ats_marginal_interval_start":3500,"ats_marginal_interval_end":3750,"ats_marginal_ats_mean":134.1592}},{"type":"Feature","geometry":{"type":"Polygon","coordinates":[[[-75.8679809,-12.5409125],[-75.8623357,-12.5411832],[-75.8567449,-12.5419926],[-75.8512622,-12.5433328],[-75.8459406,-12.5451911],[-75.8408313,-12.5475495],[-75.8359834,-12.5503852],[-75.8314436,-12.5536711],[-75.8272558,-12.5573754],[-75.8234601,-12.5614624],[-75.8200932,-12.5658929],[-75.8171875,-12.5706241],[-75.814771,-12.5756104],[-75.8128668,-12.5808039],[-75.8114935,-12.5861546],[-75.8106642,-12.5916108],[-75.8103869,-12.5971201],[-75.8106642,-12.6026295],[-75.8114935,-12.6080857],[-75.8128668,-12.6134364],[-75.814771,-12.6186299],[-75.8171875,-12.6236162],[-75.8200932,-12.6283474],[-75.8234601,-12.6327779],[-75.8272558,-12.6368649],[-75.8314436,-12.6405692],[-75.8359834,-12.6438551],[-75.8408313,-12.6466908],[-75.8459406,-12.6490492],[-75.8512622,-12.6509075],[-75.8567449,-12.6522477],[-75.8623357,-12.6530571],[-75.8679809,-12.6533277],[-75.8736261,-12.6530571],[-75.8792169,-12.6522477],[-75.8846995,-12.6509075],[-75.8900212,-12.6490492],[-75.8951305,-12.6466908],[-75.8999784,-12.6438551],[-75.9045181,-12.6405692],[-75.908706,-12.6368649],[-75.9125017,-12.6327779],[-75.9158686,-12.6283474],[-75.9187743,-12.6236162],[-75.9211908,-12.6186299],[-75.9230949,-12.6134364],[-75.9244683,-12.6080857],[-75.9252976,-12.6026295],[-75.9255749,-12.5971201],[-75.9252976,-12.5916108],[-75.9244683,-12.5861546],[-75.9230949,-12.5808039],[-75.9211908,-12.5756104],[-75.9187743,-12.5706241],[-75.9158686,-12.5658929],[-75.9125017,-12.5614624],[-75.908706,-12.5573754],[-75.9045181,-12.5536711],[-75.8999784,-12.5503852],[-75.8951305,-12.5475495],[-75.8900212,-12.5451911],[-75.8846995,-12.5433328],[-75.8792169,-12.5419926],[-75.8736261,-12.5411832],[-75.8679809,-12.5409125]]]},"properties":{"name":"Cerro Riñón Punta","local_name":"Cerro Riñón Punta","english_name":"Cerro Riñón Punta","search_name":"Cerro Riñón Punta Cerro Riñón Punta Cerro Riñón Punta Cerro Riñón Punta Cerro Riñón Punta Cerro Riñón Punta","peak_elev":4731,"radius_m":6250,"layer":"平均突起响应半径","rank_pct":0.4453,"center_lon":-75.8679808883057,"center_lat":-12.597120144972257,"max_mean_jut":201.0534,"max_ats":60.3557,"r_jmean_peak":6250,"r_ats_peak":6250,"r_ats_marginal":3875.0,"ats_marginal_rate_max":0.019027,"ats_marginal_interval_start":3750,"ats_marginal_interval_end":4000,"ats_marginal_ats_mean":34.2476}},{"type":"Feature","geometry":{"type":"Polygon","coordinates":[[[-78.0751415,-8.6445598],[-78.0695681,-8.6448305],[-78.0640483,-8.6456398],[-78.0586354,-8.6469801],[-78.0533814,-8.6488384],[-78.048337,-8.6511968],[-78.0435507,-8.6540325],[-78.0390687,-8.6573184],[-78.0349341,-8.6610227],[-78.0311866,-8.6651097],[-78.0278625,-8.6695402],[-78.0249938,-8.6742714],[-78.0226079,-8.6792577],[-78.020728,-8.6844512],[-78.0193722,-8.6898019],[-78.0185534,-8.6952581],[-78.0182796,-8.7007674],[-78.0185534,-8.7062767],[-78.0193722,-8.711733],[-78.020728,-8.7170836],[-78.0226079,-8.7222771],[-78.0249938,-8.7272635],[-78.0278625,-8.7319947],[-78.0311866,-8.7364252],[-78.0349341,-8.7405122],[-78.0390687,-8.7442165],[-78.0435507,-8.7475023],[-78.048337,-8.7503381],[-78.0533814,-8.7526965],[-78.0586354,-8.7545548],[-78.0640483,-8.755895],[-78.0695681,-8.7567044],[-78.0751415,-8.756975],[-78.080715,-8.7567044],[-78.0862348,-8.755895],[-78.0916477,-8.7545548],[-78.0969017,-8.7526965],[-78.1019461,-8.7503381],[-78.1067324,-8.7475023],[-78.1112144,-8.7442165],[-78.115349,-8.7405122],[-78.1190964,-8.7364252],[-78.1224205,-8.7319947],[-78.1252893,-8.7272635],[-78.1276752,-8.7222771],[-78.1295551,-8.7170836],[-78.1309109,-8.711733],[-78.1317297,-8.7062767],[-78.1320035,-8.7007674],[-78.1317297,-8.6952581],[-78.1309109,-8.6898019],[-78.1295551,-8.6844512],[-78.1276752,-8.6792577],[-78.1252893,-8.6742714],[-78.1224205,-8.6695402],[-78.1190964,-8.6651097],[-78.115349,-8.6610227],[-78.1112144,-8.6573184],[-78.1067324,-8.6540325],[-78.1019461,-8.6511968],[-78.0969017,-8.6488384],[-78.0916477,-8.6469801],[-78.0862348,-8.6456398],[-78.080715,-8.6448305],[-78.0751415,-8.6445598]]]},"properties":{"name":"Cerro Sillacata","local_name":"Cerro Sillacata","english_name":"Cerro Sillacata","search_name":"Cerro Sillacata Cerro Sillacata Cerro Sillacata Cerro Sillacata Cerro Sillacata Cerro Sillacata","peak_elev":3503,"radius_m":6250,"layer":"平均突起响应半径","rank_pct":0.4453,"center_lon":-78.07514154138737,"center_lat":-8.700767431632244,"max_mean_jut":545.6239,"max_ats":271.799,"r_jmean_peak":6250,"r_ats_peak":6500,"r_ats_marginal":1312.5,"ats_marginal_rate_max":0.078917,"ats_marginal_interval_start":1250,"ats_marginal_interval_end":1375,"ats_marginal_ats_mean":76.9263}},{"type":"Feature","geometry":{"type":"Polygon","coordinates":[[[-73.2150762,-13.1699129],[-73.2094168,-13.1701836],[-73.2038118,-13.1709929],[-73.1983154,-13.1723332],[-73.1929804,-13.1741915],[-73.1878581,-13.1765498],[-73.182998,-13.1793856],[-73.1784469,-13.1826714],[-73.1742484,-13.1863757],[-73.1704432,-13.1904628],[-73.1670678,-13.1948932],[-73.1641548,-13.1996244],[-73.1617322,-13.2046108],[-73.1598233,-13.2098043],[-73.1584465,-13.2151549],[-73.1576151,-13.2206112],[-73.157337,-13.2261205],[-73.1576151,-13.2316298],[-73.1584465,-13.2370861],[-73.1598233,-13.2424367],[-73.1617322,-13.2476302],[-73.1641548,-13.2526166],[-73.1670678,-13.2573478],[-73.1704432,-13.2617782],[-73.1742484,-13.2658653],[-73.1784469,-13.2695696],[-73.182998,-13.2728554],[-73.1878581,-13.2756912],[-73.1929804,-13.2780496],[-73.1983154,-13.2799078],[-73.2038118,-13.2812481],[-73.2094168,-13.2820575],[-73.2150762,-13.2823281],[-73.2207356,-13.2820575],[-73.2263405,-13.2812481],[-73.231837,-13.2799078],[-73.237172,-13.2780496],[-73.2422942,-13.2756912],[-73.2471543,-13.2728554],[-73.2517055,-13.2695696],[-73.2559039,-13.2658653],[-73.2597092,-13.2617782],[-73.2630845,-13.2573478],[-73.2659976,-13.2526166],[-73.2684202,-13.2476302],[-73.2703291,-13.2424367],[-73.2717059,-13.2370861],[-73.2725373,-13.2316298],[-73.2728153,-13.2261205],[-73.2725373,-13.2206112],[-73.2717059,-13.2151549],[-73.2703291,-13.2098043],[-73.2684202,-13.2046108],[-73.2659976,-13.1996244],[-73.2630845,-13.1948932],[-73.2597092,-13.1904628],[-73.2559039,-13.1863757],[-73.2517055,-13.1826714],[-73.2471543,-13.1793856],[-73.2422942,-13.1765498],[-73.237172,-13.1741915],[-73.231837,-13.1723332],[-73.2263405,-13.1709929],[-73.2207356,-13.1701836],[-73.2150762,-13.1699129]]]},"properties":{"name":"Nevado Choquezafra","local_name":"Nevado Choquezafra","english_name":"Nevado Choquezafra","search_name":"Nevado Choquezafra Nevado Choquezafra Nevado Choquezafra Nevado Choquezafra Nevado Choquezafra Nevado Choquezafra","peak_elev":5138,"radius_m":6250,"layer":"平均突起响应半径","rank_pct":0.4453,"center_lon":-73.21507619124392,"center_lat":-13.226120506912746,"max_mean_jut":521.5105,"max_ats":248.6317,"r_jmean_peak":6250,"r_ats_peak":6250,"r_ats_marginal":187.5,"ats_marginal_rate_max":0.205516,"ats_marginal_interval_start":125,"ats_marginal_interval_end":250,"ats_marginal_ats_mean":23.125}},{"type":"Feature","geometry":{"type":"Polygon","coordinates":[[[-72.3702107,-13.1084681],[-72.3645527,-13.1087388],[-72.3589491,-13.1095482],[-72.3534541,-13.1108884],[-72.3481204,-13.1127467],[-72.3429995,-13.1151051],[-72.3381406,-13.1179408],[-72.3335905,-13.1212267],[-72.3293932,-13.124931],[-72.3255889,-13.129018],[-72.3222144,-13.1334485],[-72.3193021,-13.1381797],[-72.3168801,-13.143166],[-72.3149716,-13.1483595],[-72.3135952,-13.1537102],[-72.312764,-13.1591664],[-72.312486,-13.1646757],[-72.312764,-13.170185],[-72.3135952,-13.1756413],[-72.3149716,-13.1809919],[-72.3168801,-13.1861855],[-72.3193021,-13.1911718],[-72.3222144,-13.195903],[-72.3255889,-13.2003335],[-72.3293932,-13.2044205],[-72.3335905,-13.2081248],[-72.3381406,-13.2114107],[-72.3429995,-13.2142464],[-72.3481204,-13.2166048],[-72.3534541,-13.2184631],[-72.3589491,-13.2198033],[-72.3645527,-13.2206127],[-72.3702107,-13.2208833],[-72.3758687,-13.2206127],[-72.3814722,-13.2198033],[-72.3869672,-13.2184631],[-72.3923009,-13.2166048],[-72.3974219,-13.2142464],[-72.4022808,-13.2114107],[-72.4068308,-13.2081248],[-72.4110281,-13.2044205],[-72.4148324,-13.2003335],[-72.4182069,-13.195903],[-72.4211192,-13.1911718],[-72.4235413,-13.1861855],[-72.4254497,-13.1809919],[-72.4268261,-13.1756413],[-72.4276573,-13.170185],[-72.4279353,-13.1646757],[-72.4276573,-13.1591664],[-72.4268261,-13.1537102],[-72.4254497,-13.1483595],[-72.4235413,-13.143166],[-72.4211192,-13.1381797],[-72.4182069,-13.1334485],[-72.4148324,-13.129018],[-72.4110281,-13.124931],[-72.4068308,-13.1212267],[-72.4022808,-13.1179408],[-72.3974219,-13.1151051],[-72.3923009,-13.1127467],[-72.3869672,-13.1108884],[-72.3814722,-13.1095482],[-72.3758687,-13.1087388],[-72.3702107,-13.1084681]]]},"properties":{"name":"Nevado Huajayhuillca","local_name":"Nevado Huajayhuillca","english_name":"Nevado Huajayhuillca","search_name":"Nevado Huajayhuillca Nevado Huajayhuillca Nevado Huajayhuillca Nevado Huajayhuillca Nevado Huajayhuillca Nevado Huajayhuillca","peak_elev":5228,"radius_m":6250,"layer":"平均突起响应半径","rank_pct":0.4453,"center_lon":-72.37021066652952,"center_lat":-13.164675741478971,"max_mean_jut":365.5581,"max_ats":167.6747,"r_jmean_peak":6250,"r_ats_peak":9250,"r_ats_marginal":1187.5,"ats_marginal_rate_max":0.060879,"ats_marginal_interval_start":1125,"ats_marginal_interval_end":1250,"ats_marginal_ats_mean":46.1209}},{"type":"Feature","geometry":{"type":"Polygon","coordinates":[[[-72.4960646,-41.0483193],[-72.4887531,-41.0485899],[-72.481512,-41.0493993],[-72.4744111,-41.0507395],[-72.4675187,-41.0525978],[-72.4609012,-41.0549562],[-72.4546223,-41.057792],[-72.4487426,-41.0610778],[-72.4433186,-41.0647821],[-72.4384025,-41.0688691],[-72.4340418,-41.0732996],[-72.4302784,-41.0780308],[-72.4271486,-41.0830171],[-72.4246824,-41.0882107],[-72.4229037,-41.0935613],[-72.4218296,-41.0990176],[-72.4214704,-41.1045269],[-72.4218296,-41.1100362],[-72.4229037,-41.1154924],[-72.4246824,-41.1208431],[-72.4271486,-41.1260366],[-72.4302784,-41.1310229],[-72.4340418,-41.1357541],[-72.4384025,-41.1401846],[-72.4433186,-41.1442716],[-72.4487426,-41.1479759],[-72.4546223,-41.1512618],[-72.4609012,-41.1540975],[-72.4675187,-41.1564559],[-72.4744111,-41.1583142],[-72.481512,-41.1596545],[-72.4887531,-41.1604638],[-72.4960646,-41.1607345],[-72.5033762,-41.1604638],[-72.5106172,-41.1596545],[-72.5177182,-41.1583142],[-72.5246106,-41.1564559],[-72.5312281,-41.1540975],[-72.537507,-41.1512618],[-72.5433867,-41.1479759],[-72.5488107,-41.1442716],[-72.5537268,-41.1401846],[-72.5580875,-41.1357541],[-72.5618509,-41.1310229],[-72.5649807,-41.1260366],[-72.5674469,-41.1208431],[-72.5692256,-41.1154924],[-72.5702997,-41.1100362],[-72.5706589,-41.1045269],[-72.5702997,-41.0990176],[-72.5692256,-41.0935613],[-72.5674469,-41.0882107],[-72.5649807,-41.0830171],[-72.5618509,-41.0780308],[-72.5580875,-41.0732996],[-72.5537268,-41.0688691],[-72.5488107,-41.0647821],[-72.5433867,-41.0610778],[-72.537507,-41.057792],[-72.5312281,-41.0549562],[-72.5246106,-41.0525978],[-72.5177182,-41.0507395],[-72.5106172,-41.0493993],[-72.5033762,-41.0485899],[-72.4960646,-41.0483193]]]},"properties":{"name":"Volcán Osorno","local_name":"Volcán Osorno","english_name":"Volcán Osorno","search_name":"Volcán Osorno Volcán Osorno Volcán Osorno Volcán Osorno Volcán Osorno Volcán Osorno","peak_elev":2665,"radius_m":6250,"layer":"平均突起响应半径","rank_pct":0.4453,"center_lon":-72.49606463783466,"center_lat":-41.10452686580639,"max_mean_jut":623.3236,"max_ats":442.4287,"r_jmean_peak":6250,"r_ats_peak":9750,"r_ats_marginal":437.5,"ats_marginal_rate_max":0.159951,"ats_marginal_interval_start":375,"ats_marginal_interval_end":500,"ats_marginal_ats_mean":32.8274}},{"type":"Feature","geometry":{"type":"Polygon","coordinates":[[[-72.028761,-15.4749924],[-72.0232717,-15.4752523],[-72.0178352,-15.4760293],[-72.012504,-15.4773159],[-72.0073293,-15.4790998],[-72.0023611,-15.4813639],[-71.997647,-15.4840862],[-71.9932327,-15.4872406],[-71.9891604,-15.4907968],[-71.9854696,-15.4947203],[-71.9821957,-15.4989736],[-71.9793702,-15.5035155],[-71.9770204,-15.5083024],[-71.9751688,-15.5132882],[-71.9738334,-15.5184248],[-71.973027,-15.5236628],[-71.9727573,-15.5289517],[-71.973027,-15.5342407],[-71.9738334,-15.5394787],[-71.9751688,-15.5446153],[-71.9770204,-15.5496011],[-71.9793702,-15.554388],[-71.9821957,-15.5589299],[-71.9854696,-15.5631832],[-71.9891604,-15.5671067],[-71.9932327,-15.5706628],[-71.997647,-15.5738173],[-72.0023611,-15.5765396],[-72.0073293,-15.5788036],[-72.012504,-15.5805876],[-72.0178352,-15.5818742],[-72.0232717,-15.5826512],[-72.028761,-15.582911],[-72.0342503,-15.5826512],[-72.0396868,-15.5818742],[-72.045018,-15.5805876],[-72.0501927,-15.5788036],[-72.055161,-15.5765396],[-72.059875,-15.5738173],[-72.0642894,-15.5706628],[-72.0683616,-15.5671067],[-72.0720525,-15.5631832],[-72.0753264,-15.5589299],[-72.0781519,-15.554388],[-72.0805017,-15.5496011],[-72.0823532,-15.5446153],[-72.0836886,-15.5394787],[-72.084495,-15.5342407],[-72.0847647,-15.5289517],[-72.084495,-15.5236628],[-72.0836886,-15.5184248],[-72.0823532,-15.5132882],[-72.0805017,-15.5083024],[-72.0781519,-15.5035155],[-72.0753264,-15.4989736],[-72.0720525,-15.4947203],[-72.0683616,-15.4907968],[-72.0642894,-15.4872406],[-72.059875,-15.4840862],[-72.055161,-15.4813639],[-72.0501927,-15.4790998],[-72.045018,-15.4773159],[-72.0396868,-15.4760293],[-72.0342503,-15.4752523],[-72.028761,-15.4749924]]]},"properties":{"name":"Cerro Campanayoc [-72.02862,-15.52931]","local_name":"Cerro Campanayoc","english_name":"Cerro Campanayoc","search_name":"Cerro Campanayoc Cerro Campanayoc Cerro Campanayoc Cerro Campanayoc Cerro Campanayoc Cerro Campanayoc [-72.02862,-15.52931]","peak_elev":4634,"radius_m":6000,"layer":"平均突起响应半径","rank_pct":0.4693,"center_lon":-72.02876102703569,"center_lat":-15.52895173775314,"max_mean_jut":221.3932,"max_ats":61.7701,"r_jmean_peak":6000,"r_ats_peak":1875,"r_ats_marginal":187.5,"ats_marginal_rate_max":0.131188,"ats_marginal_interval_start":125,"ats_marginal_interval_end":250,"ats_marginal_ats_mean":18.215}},{"type":"Feature","geometry":{"type":"Polygon","coordinates":[[[-73.1708791,-50.6486172],[-73.1625283,-50.6488771],[-73.1542579,-50.649654],[-73.1461476,-50.6509407],[-73.1382755,-50.6527246],[-73.1307174,-50.6549887],[-73.1235461,-50.657711],[-73.1168306,-50.6608654],[-73.1106356,-50.6644215],[-73.1050208,-50.6683451],[-73.1000402,-50.6725983],[-73.0957419,-50.6771403],[-73.0921672,-50.6819272],[-73.0893505,-50.686913],[-73.0873189,-50.6920496],[-73.0860922,-50.6972876],[-73.0856819,-50.7025765],[-73.0860922,-50.7078655],[-73.0873189,-50.7131035],[-73.0893505,-50.7182401],[-73.0921672,-50.7232258],[-73.0957419,-50.7280128],[-73.1000402,-50.7325547],[-73.1050208,-50.7368079],[-73.1106356,-50.7407315],[-73.1168306,-50.7442876],[-73.1235461,-50.747442],[-73.1307174,-50.7501644],[-73.1382755,-50.7524284],[-73.1461476,-50.7542123],[-73.1542579,-50.755499],[-73.1625283,-50.756276],[-73.1708791,-50.7565358],[-73.1792299,-50.756276],[-73.1875002,-50.755499],[-73.1956105,-50.7542123],[-73.2034826,-50.7524284],[-73.2110407,-50.7501644],[-73.2182121,-50.747442],[-73.2249276,-50.7442876],[-73.2311226,-50.7407315],[-73.2367374,-50.7368079],[-73.2417179,-50.7325547],[-73.2460163,-50.7280128],[-73.249591,-50.7232258],[-73.2524077,-50.7182401],[-73.2544392,-50.7131035],[-73.255666,-50.7078655],[-73.2560763,-50.7025765],[-73.255666,-50.6972876],[-73.2544392,-50.6920496],[-73.2524077,-50.686913],[-73.249591,-50.6819272],[-73.2460163,-50.6771403],[-73.2417179,-50.6725983],[-73.2367374,-50.6683451],[-73.2311226,-50.6644215],[-73.2249276,-50.6608654],[-73.2182121,-50.657711],[-73.2110407,-50.6549887],[-73.2034826,-50.6527246],[-73.1956105,-50.6509407],[-73.1875002,-50.649654],[-73.1792299,-50.6488771],[-73.1708791,-50.6486172]]]},"properties":{"name":"Cerro Comandante Dublé Almeyda","local_name":"Cerro Comandante Dublé Almeyda","english_name":"Cerro Comandante Dublé Almeyda","search_name":"Cerro Comandante Dublé Almeyda Cerro Comandante Dublé Almeyda Cerro Comandante Dublé Almeyda Cerro Comandante Dublé Almeyda Cerro Comandante Dublé Almeyda Cerro Comandante Dublé Almeyda","peak_elev":2474,"radius_m":6000,"layer":"平均突起响应半径","rank_pct":0.4693,"center_lon":-73.17087907926525,"center_lat":-50.70257651898142,"max_mean_jut":280.2936,"max_ats":121.4106,"r_jmean_peak":6000,"r_ats_peak":8250,"r_ats_marginal":687.5,"ats_marginal_rate_max":0.05837,"ats_marginal_interval_start":625,"ats_marginal_interval_end":750,"ats_marginal_ats_mean":27.1059}},{"type":"Feature","geometry":{"type":"Polygon","coordinates":[[[-77.5612154,-7.6628834],[-77.5558781,-7.6631432],[-77.5505922,-7.6639202],[-77.5454087,-7.6652069],[-77.5403773,-7.6669908],[-77.5355467,-7.6692549],[-77.5309632,-7.6719772],[-77.5266711,-7.6751316],[-77.5227117,-7.6786877],[-77.5191231,-7.6826113],[-77.5159398,-7.6868645],[-77.5131926,-7.6914065],[-77.5109079,-7.6961934],[-77.5091076,-7.7011791],[-77.5078092,-7.7063158],[-77.5070251,-7.7115538],[-77.5067629,-7.7168427],[-77.5070251,-7.7221316],[-77.5078092,-7.7273696],[-77.5091076,-7.7325063],[-77.5109079,-7.737492],[-77.5131926,-7.7422789],[-77.5159398,-7.7468209],[-77.5191231,-7.7510741],[-77.5227117,-7.7549977],[-77.5266711,-7.7585538],[-77.5309632,-7.7617082],[-77.5355467,-7.7644306],[-77.5403773,-7.7666946],[-77.5454087,-7.7684785],[-77.5505922,-7.7697652],[-77.5558781,-7.7705422],[-77.5612154,-7.770802],[-77.5665526,-7.7705422],[-77.5718385,-7.7697652],[-77.5770221,-7.7684785],[-77.5820534,-7.7666946],[-77.5868841,-7.7644306],[-77.5914675,-7.7617082],[-77.5957596,-7.7585538],[-77.599719,-7.7549977],[-77.6033077,-7.7510741],[-77.6064909,-7.7468209],[-77.6092381,-7.7422789],[-77.6115229,-7.737492],[-77.6133231,-7.7325063],[-77.6146215,-7.7273696],[-77.6154056,-7.7221316],[-77.6156678,-7.7168427],[-77.6154056,-7.7115538],[-77.6146215,-7.7063158],[-77.6133231,-7.7011791],[-77.6115229,-7.6961934],[-77.6092381,-7.6914065],[-77.6064909,-7.6868645],[-77.6033077,-7.6826113],[-77.599719,-7.6786877],[-77.5957596,-7.6751316],[-77.5914675,-7.6719772],[-77.5868841,-7.6692549],[-77.5820534,-7.6669908],[-77.5770221,-7.6652069],[-77.5718385,-7.6639202],[-77.5665526,-7.6631432],[-77.5612154,-7.6628834]]]},"properties":{"name":"Cerro Contrahierbas","local_name":"Cerro Contrahierbas","english_name":"Cerro Contrahierbas","search_name":"Cerro Contrahierbas Cerro Contrahierbas Cerro Contrahierbas Cerro Contrahierbas Cerro Contrahierbas Cerro Contrahierbas","peak_elev":4242,"radius_m":6000,"layer":"平均突起响应半径","rank_pct":0.4693,"center_lon":-77.56121536734258,"center_lat":-7.716842700936132,"max_mean_jut":199.3081,"max_ats":68.8219,"r_jmean_peak":6000,"r_ats_peak":15500,"r_ats_marginal":187.5,"ats_marginal_rate_max":0.041043,"ats_marginal_interval_start":125,"ats_marginal_interval_end":250,"ats_marginal_ats_mean":7.8158}},{"type":"Feature","geometry":{"type":"Polygon","coordinates":[[[-73.0355928,-49.3687874],[-73.0274619,-49.3690473],[-73.0194093,-49.3698243],[-73.0115125,-49.3711109],[-73.0038477,-49.3728948],[-72.9964886,-49.3751589],[-72.989506,-49.3778812],[-72.9829674,-49.3810356],[-72.9769355,-49.3845917],[-72.9714685,-49.3885153],[-72.9666191,-49.3927686],[-72.9624339,-49.3973105],[-72.9589533,-49.4020974],[-72.9562108,-49.4070832],[-72.9542328,-49.4122198],[-72.9530383,-49.4174578],[-72.9526388,-49.4227467],[-72.9530383,-49.4280357],[-72.9542328,-49.4332737],[-72.9562108,-49.4384103],[-72.9589533,-49.4433961],[-72.9624339,-49.448183],[-72.9666191,-49.4527249],[-72.9714685,-49.4569781],[-72.9769355,-49.4609017],[-72.9829674,-49.4644578],[-72.989506,-49.4676122],[-72.9964886,-49.4703346],[-73.0038477,-49.4725986],[-73.0115125,-49.4743826],[-73.0194093,-49.4756692],[-73.0274619,-49.4764462],[-73.0355928,-49.476706],[-73.0437237,-49.4764462],[-73.0517763,-49.4756692],[-73.0596731,-49.4743826],[-73.0673379,-49.4725986],[-73.074697,-49.4703346],[-73.0816796,-49.4676122],[-73.0882182,-49.4644578],[-73.0942501,-49.4609017],[-73.0997171,-49.4569781],[-73.1045665,-49.4527249],[-73.1087517,-49.448183],[-73.1122323,-49.4433961],[-73.1149748,-49.4384103],[-73.1169528,-49.4332737],[-73.1181473,-49.4280357],[-73.1185468,-49.4227467],[-73.1181473,-49.4174578],[-73.1169528,-49.4122198],[-73.1149748,-49.4070832],[-73.1122323,-49.4020974],[-73.1087517,-49.3973105],[-73.1045665,-49.3927686],[-73.0997171,-49.3885153],[-73.0942501,-49.3845917],[-73.0882182,-49.3810356],[-73.0816796,-49.3778812],[-73.074697,-49.3751589],[-73.0673379,-49.3728948],[-73.0596731,-49.3711109],[-73.0517763,-49.3698243],[-73.0437237,-49.3690473],[-73.0355928,-49.3687874]]]},"properties":{"name":"Cerro Huemul","local_name":"Cerro Huemul","english_name":"Cerro Huemul","search_name":"Cerro Huemul Cerro Huemul Cerro Huemul Cerro Huemul Cerro Huemul Cerro Huemul","peak_elev":2657,"radius_m":6000,"layer":"平均突起响应半径","rank_pct":0.4693,"center_lon":-73.03559279747684,"center_lat":-49.422746733696336,"max_mean_jut":510.2262,"max_ats":339.5303,"r_jmean_peak":6000,"r_ats_peak":5750,"r_ats_marginal":437.5,"ats_marginal_rate_max":0.169189,"ats_marginal_interval_start":375,"ats_marginal_interval_end":500,"ats_marginal_ats_mean":49.893}},{"type":"Feature","geometry":{"type":"Polygon","coordinates":[[[-70.0948679,-32.9980694],[-70.0885578,-32.9983292],[-70.0823085,-32.9991062],[-70.0761802,-33.0003928],[-70.0702318,-33.0021768],[-70.0645207,-33.0044408],[-70.0591019,-33.0071631],[-70.0540275,-33.0103176],[-70.0493464,-33.0138737],[-70.0451037,-33.0177972],[-70.0413403,-33.0220505],[-70.0380924,-33.0265924],[-70.0353912,-33.0313793],[-70.0332629,-33.0363651],[-70.0317278,-33.0415017],[-70.0308008,-33.0467397],[-70.0304908,-33.0520287],[-70.0308008,-33.0573176],[-70.0317278,-33.0625556],[-70.0332629,-33.0676922],[-70.0353912,-33.072678],[-70.0380924,-33.0774649],[-70.0413403,-33.0820068],[-70.0451037,-33.0862601],[-70.0493464,-33.0901836],[-70.0540275,-33.0937398],[-70.0591019,-33.0968942],[-70.0645207,-33.0996165],[-70.0702318,-33.1018805],[-70.0761802,-33.1036645],[-70.0823085,-33.1049511],[-70.0885578,-33.1057281],[-70.0948679,-33.105988],[-70.1011779,-33.1057281],[-70.1074272,-33.1049511],[-70.1135556,-33.1036645],[-70.1195039,-33.1018805],[-70.125215,-33.0996165],[-70.1306339,-33.0968942],[-70.1357083,-33.0937398],[-70.1403893,-33.0901836],[-70.144632,-33.0862601],[-70.1483955,-33.0820068],[-70.1516434,-33.0774649],[-70.1543445,-33.072678],[-70.1564729,-33.0676922],[-70.158008,-33.0625556],[-70.158935,-33.0573176],[-70.159245,-33.0520287],[-70.158935,-33.0467397],[-70.158008,-33.0415017],[-70.1564729,-33.0363651],[-70.1543445,-33.0313793],[-70.1516434,-33.0265924],[-70.1483955,-33.0220505],[-70.144632,-33.0177972],[-70.1403893,-33.0138737],[-70.1357083,-33.0103176],[-70.1306339,-33.0071631],[-70.125215,-33.0044408],[-70.1195039,-33.0021768],[-70.1135556,-33.0003928],[-70.1074272,-32.9991062],[-70.1011779,-32.9983292],[-70.0948679,-32.9980694]]]},"properties":{"name":"Cerro Juncal","local_name":"Cerro Juncal","english_name":"Cerro Juncal","search_name":"Cerro Juncal Cerro Juncal Cerro Juncal Cerro Juncal Cerro Juncal Cerro Juncal","peak_elev":5911,"radius_m":6000,"layer":"平均突起响应半径","rank_pct":0.4693,"center_lon":-70.09486788338317,"center_lat":-33.052028658959,"max_mean_jut":487.5007,"max_ats":250.7323,"r_jmean_peak":6000,"r_ats_peak":5750,"r_ats_marginal":187.5,"ats_marginal_rate_max":0.167524,"ats_marginal_interval_start":125,"ats_marginal_interval_end":250,"ats_marginal_ats_mean":18.7136}},{"type":"Feature","geometry":{"type":"Polygon","coordinates":[[[-72.7418437,-13.3238867],[-72.7364072,-13.3241465],[-72.7310232,-13.3249235],[-72.7257433,-13.3262101],[-72.7206184,-13.3279941],[-72.715698,-13.3302581],[-72.7110294,-13.3329804],[-72.7066575,-13.3361349],[-72.7026245,-13.339691],[-72.6989692,-13.3436145],[-72.6957268,-13.3478678],[-72.6929286,-13.3524097],[-72.6906014,-13.3571966],[-72.6887677,-13.3621824],[-72.6874451,-13.367319],[-72.6866465,-13.372557],[-72.6863794,-13.377846],[-72.6866465,-13.3831349],[-72.6874451,-13.3883729],[-72.6887677,-13.3935095],[-72.6906014,-13.3984953],[-72.6929286,-13.4032822],[-72.6957268,-13.4078241],[-72.6989692,-13.4120774],[-72.7026245,-13.4160009],[-72.7066575,-13.4195571],[-72.7110294,-13.4227115],[-72.715698,-13.4254338],[-72.7206184,-13.4276978],[-72.7257433,-13.4294818],[-72.7310232,-13.4307684],[-72.7364072,-13.4315454],[-72.7418437,-13.4318053],[-72.7472802,-13.4315454],[-72.7526642,-13.4307684],[-72.7579441,-13.4294818],[-72.763069,-13.4276978],[-72.7679894,-13.4254338],[-72.772658,-13.4227115],[-72.7770299,-13.4195571],[-72.7810629,-13.4160009],[-72.7847182,-13.4120774],[-72.7879606,-13.4078241],[-72.7907588,-13.4032822],[-72.793086,-13.3984953],[-72.7949197,-13.3935095],[-72.7962423,-13.3883729],[-72.7970409,-13.3831349],[-72.797308,-13.377846],[-72.7970409,-13.372557],[-72.7962423,-13.367319],[-72.7949197,-13.3621824],[-72.793086,-13.3571966],[-72.7907588,-13.3524097],[-72.7879606,-13.3478678],[-72.7847182,-13.3436145],[-72.7810629,-13.339691],[-72.7770299,-13.3361349],[-72.772658,-13.3329804],[-72.7679894,-13.3302581],[-72.763069,-13.3279941],[-72.7579441,-13.3262101],[-72.7526642,-13.3249235],[-72.7472802,-13.3241465],[-72.7418437,-13.3238867]]]},"properties":{"name":"Cerro Padreyoc","local_name":"Cerro Padreyoc","english_name":"Cerro Padreyoc","search_name":"Cerro Padreyoc Cerro Padreyoc Cerro Padreyoc Cerro Padreyoc Cerro Padreyoc Cerro Padreyoc","peak_elev":5774,"radius_m":6000,"layer":"平均突起响应半径","rank_pct":0.4693,"center_lon":-72.74184369956976,"center_lat":-13.377845958400531,"max_mean_jut":613.3017,"max_ats":252.3341,"r_jmean_peak":6000,"r_ats_peak":6250,"r_ats_marginal":312.5,"ats_marginal_rate_max":0.12009,"ats_marginal_interval_start":250,"ats_marginal_interval_end":375,"ats_marginal_ats_mean":26.9439}},{"type":"Feature","geometry":{"type":"Polygon","coordinates":[[[-69.7703964,-33.3044847],[-69.7640642,-33.3047445],[-69.757793,-33.3055215],[-69.7516432,-33.3068082],[-69.745674,-33.3085921],[-69.7399428,-33.3108562],[-69.734505,-33.3135785],[-69.7294128,-33.3167329],[-69.7247153,-33.320289],[-69.7204578,-33.3242126],[-69.7166811,-33.3284658],[-69.7134218,-33.3330078],[-69.7107112,-33.3377947],[-69.7085754,-33.3427804],[-69.7070349,-33.3479171],[-69.7061047,-33.3531551],[-69.7057936,-33.358444],[-69.7061047,-33.3637329],[-69.7070349,-33.3689709],[-69.7085754,-33.3741076],[-69.7107112,-33.3790933],[-69.7134218,-33.3838802],[-69.7166811,-33.3884222],[-69.7204578,-33.3926754],[-69.7247153,-33.396599],[-69.7294128,-33.4001551],[-69.734505,-33.4033095],[-69.7399428,-33.4060319],[-69.745674,-33.4082959],[-69.7516432,-33.4100798],[-69.757793,-33.4113665],[-69.7640642,-33.4121435],[-69.7703964,-33.4124033],[-69.7767286,-33.4121435],[-69.7829998,-33.4113665],[-69.7891496,-33.4100798],[-69.7951188,-33.4082959],[-69.80085,-33.4060319],[-69.8062878,-33.4033095],[-69.81138,-33.4001551],[-69.8160775,-33.396599],[-69.820335,-33.3926754],[-69.8241117,-33.3884222],[-69.827371,-33.3838802],[-69.8300816,-33.3790933],[-69.8322174,-33.3741076],[-69.8337579,-33.3689709],[-69.8346881,-33.3637329],[-69.8349992,-33.358444],[-69.8346881,-33.3531551],[-69.8337579,-33.3479171],[-69.8322174,-33.3427804],[-69.8300816,-33.3377947],[-69.827371,-33.3330078],[-69.8241117,-33.3284658],[-69.820335,-33.3242126],[-69.8160775,-33.320289],[-69.81138,-33.3167329],[-69.8062878,-33.3135785],[-69.80085,-33.3108562],[-69.7951188,-33.3085921],[-69.7891496,-33.3068082],[-69.7829998,-33.3055215],[-69.7767286,-33.3047445],[-69.7703964,-33.3044847]]]},"properties":{"name":"Cerro Tupungato","local_name":"Cerro Tupungato","english_name":"Cerro Tupungato","search_name":"Cerro Tupungato Cerro Tupungato Cerro Tupungato Cerro Tupungato Cerro Tupungato Cerro Tupungato","peak_elev":6574,"radius_m":6000,"layer":"平均突起响应半径","rank_pct":0.4693,"center_lon":-69.7703964027592,"center_lat":-33.35844400237217,"max_mean_jut":652.0573,"max_ats":382.3368,"r_jmean_peak":6000,"r_ats_peak":6250,"r_ats_marginal":2375.0,"ats_marginal_rate_max":0.166721,"ats_marginal_interval_start":2250,"ats_marginal_interval_end":2500,"ats_marginal_ats_mean":193.2774}},{"type":"Feature","geometry":{"type":"Polygon","coordinates":[[[-75.9555666,-12.4617735],[-75.9501489,-12.4620333],[-75.9447834,-12.4628103],[-75.9395218,-12.464097],[-75.9344147,-12.4658809],[-75.9295112,-12.4681449],[-75.9248587,-12.4708673],[-75.920502,-12.4740217],[-75.9164829,-12.4775778],[-75.9128402,-12.4815014],[-75.909609,-12.4857546],[-75.9068204,-12.4902965],[-75.9045012,-12.4950835],[-75.9026739,-12.5000692],[-75.9013559,-12.5052058],[-75.90056,-12.5104438],[-75.9002939,-12.5157328],[-75.90056,-12.5210217],[-75.9013559,-12.5262597],[-75.9026739,-12.5313963],[-75.9045012,-12.5363821],[-75.9068204,-12.541169],[-75.909609,-12.545711],[-75.9128402,-12.5499642],[-75.9164829,-12.5538878],[-75.920502,-12.5574439],[-75.9248587,-12.5605983],[-75.9295112,-12.5633206],[-75.9344147,-12.5655847],[-75.9395218,-12.5673686],[-75.9447834,-12.5686553],[-75.9501489,-12.5694322],[-75.9555666,-12.5696921],[-75.9609843,-12.5694322],[-75.9663498,-12.5686553],[-75.9716115,-12.5673686],[-75.9767186,-12.5655847],[-75.981622,-12.5633206],[-75.9862745,-12.5605983],[-75.9906313,-12.5574439],[-75.9946504,-12.5538878],[-75.9982931,-12.5499642],[-76.0015243,-12.545711],[-76.0043129,-12.541169],[-76.006632,-12.5363821],[-76.0084594,-12.5313963],[-76.0097773,-12.5262597],[-76.0105732,-12.5210217],[-76.0108394,-12.5157328],[-76.0105732,-12.5104438],[-76.0097773,-12.5052058],[-76.0084594,-12.5000692],[-76.006632,-12.4950835],[-76.0043129,-12.4902965],[-76.0015243,-12.4857546],[-75.9982931,-12.4815014],[-75.9946504,-12.4775778],[-75.9906313,-12.4740217],[-75.9862745,-12.4708673],[-75.981622,-12.4681449],[-75.9767186,-12.4658809],[-75.9716115,-12.464097],[-75.9663498,-12.4628103],[-75.9609843,-12.4620333],[-75.9555666,-12.4617735]]]},"properties":{"name":"Cerro Zarcillopunta","local_name":"Cerro Zarcillopunta","english_name":"Cerro Zarcillopunta","search_name":"Cerro Zarcillopunta Cerro Zarcillopunta Cerro Zarcillopunta Cerro Zarcillopunta Cerro Zarcillopunta Cerro Zarcillopunta","peak_elev":4614,"radius_m":6000,"layer":"平均突起响应半径","rank_pct":0.4693,"center_lon":-75.95556662850736,"center_lat":-12.515732780231028,"max_mean_jut":294.7351,"max_ats":99.813,"r_jmean_peak":6000,"r_ats_peak":7000,"r_ats_marginal":687.5,"ats_marginal_rate_max":0.028201,"ats_marginal_interval_start":625,"ats_marginal_interval_end":750,"ats_marginal_ats_mean":13.355}},{"type":"Feature","geometry":{"type":"Polygon","coordinates":[[[-70.0115941,-32.6014657],[-70.005574,-32.6017147],[-69.999612,-32.6024593],[-69.9937654,-32.6036923],[-69.9880904,-32.6054019],[-69.9826418,-32.6075716],[-69.9774721,-32.6101806],[-69.9726309,-32.6132035],[-69.968165,-32.6166115],[-69.9641173,-32.6203716],[-69.9605269,-32.6244476],[-69.9574282,-32.6288003],[-69.9548512,-32.6333877],[-69.9528207,-32.6381658],[-69.9513562,-32.6430884],[-69.9504718,-32.6481081],[-69.9501761,-32.6531767],[-69.9504718,-32.6582452],[-69.9513562,-32.663265],[-69.9528207,-32.6681876],[-69.9548512,-32.6729656],[-69.9574282,-32.6775531],[-69.9605269,-32.6819058],[-69.9641173,-32.6859818],[-69.968165,-32.6897419],[-69.9726309,-32.6931498],[-69.9774721,-32.6961728],[-69.9826418,-32.6987817],[-69.9880904,-32.7009514],[-69.9937654,-32.702661],[-69.999612,-32.7038941],[-70.005574,-32.7046387],[-70.0115941,-32.7048877],[-70.0176141,-32.7046387],[-70.0235761,-32.7038941],[-70.0294228,-32.702661],[-70.0350977,-32.7009514],[-70.0405463,-32.6987817],[-70.0457161,-32.6961728],[-70.0505572,-32.6931498],[-70.0550231,-32.6897419],[-70.0590708,-32.6859818],[-70.0626612,-32.6819058],[-70.0657599,-32.6775531],[-70.0683369,-32.6729656],[-70.0703674,-32.6681876],[-70.0718319,-32.663265],[-70.0727163,-32.6582452],[-70.073012,-32.6531767],[-70.0727163,-32.6481081],[-70.0718319,-32.6430884],[-70.0703674,-32.6381658],[-70.0683369,-32.6333877],[-70.0657599,-32.6288003],[-70.0626612,-32.6244476],[-70.0590708,-32.6203716],[-70.0550231,-32.6166115],[-70.0505572,-32.6132035],[-70.0457161,-32.6101806],[-70.0405463,-32.6075716],[-70.0350977,-32.6054019],[-70.0294228,-32.6036923],[-70.0235761,-32.6024593],[-70.0176141,-32.6017147],[-70.0115941,-32.6014657]]]},"properties":{"name":"Cerro Aconcagua","local_name":"Cerro Aconcagua","english_name":"Cerro Aconcagua","search_name":"Cerro Aconcagua Cerro Aconcagua Cerro Aconcagua Cerro Aconcagua Cerro Aconcagua Cerro Aconcagua","peak_elev":6958,"radius_m":5750,"layer":"平均突起响应半径","rank_pct":0.4907,"center_lon":-70.0115940565453,"center_lat":-32.653176672809934,"max_mean_jut":898.2921,"max_ats":570.1338,"r_jmean_peak":5750,"r_ats_peak":7000,"r_ats_marginal":562.5,"ats_marginal_rate_max":0.203361,"ats_marginal_interval_start":500,"ats_marginal_interval_end":625,"ats_marginal_ats_mean":83.9618}},{"type":"Feature","geometry":{"type":"Polygon","coordinates":[[[-75.8334856,-12.42764],[-75.8282944,-12.427889],[-75.8231532,-12.4286336],[-75.8181114,-12.4298667],[-75.8132178,-12.4315763],[-75.8085193,-12.433746],[-75.8040613,-12.4363549],[-75.7998867,-12.4393779],[-75.7960356,-12.4427858],[-75.7925452,-12.4465459],[-75.7894491,-12.4506219],[-75.786777,-12.4549746],[-75.7845548,-12.4595621],[-75.7828038,-12.4643401],[-75.781541,-12.4692627],[-75.7807783,-12.4742824],[-75.7805233,-12.479351],[-75.7807783,-12.4844196],[-75.781541,-12.4894393],[-75.7828038,-12.4943619],[-75.7845548,-12.49914],[-75.786777,-12.5037274],[-75.7894491,-12.5080801],[-75.7925452,-12.5121561],[-75.7960356,-12.5159162],[-75.7998867,-12.5193241],[-75.8040613,-12.5223471],[-75.8085193,-12.524956],[-75.8132178,-12.5271257],[-75.8181114,-12.5288353],[-75.8231532,-12.5300684],[-75.8282944,-12.530813],[-75.8334856,-12.531062],[-75.8386768,-12.530813],[-75.843818,-12.5300684],[-75.8488597,-12.5288353],[-75.8537534,-12.5271257],[-75.8584518,-12.524956],[-75.8629098,-12.5223471],[-75.8670845,-12.5193241],[-75.8709356,-12.5159162],[-75.874426,-12.5121561],[-75.8775221,-12.5080801],[-75.8801941,-12.5037274],[-75.8824163,-12.49914],[-75.8841673,-12.4943619],[-75.8854302,-12.4894393],[-75.8861928,-12.4844196],[-75.8864479,-12.479351],[-75.8861928,-12.4742824],[-75.8854302,-12.4692627],[-75.8841673,-12.4643401],[-75.8824163,-12.4595621],[-75.8801941,-12.4549746],[-75.8775221,-12.4506219],[-75.874426,-12.4465459],[-75.8709356,-12.4427858],[-75.8670845,-12.4393779],[-75.8629098,-12.4363549],[-75.8584518,-12.433746],[-75.8537534,-12.4315763],[-75.8488597,-12.4298667],[-75.843818,-12.4286336],[-75.8386768,-12.427889],[-75.8334856,-12.42764]]]},"properties":{"name":"Cerro Huaricaure","local_name":"Cerro Huaricaure","english_name":"Cerro Huaricaure","search_name":"Cerro Huaricaure Cerro Huaricaure Cerro Huaricaure Cerro Huaricaure Cerro Huaricaure Cerro Huaricaure","peak_elev":4723,"radius_m":5750,"layer":"平均突起响应半径","rank_pct":0.4907,"center_lon":-75.83348558139551,"center_lat":-12.479351011224187,"max_mean_jut":230.6169,"max_ats":78.2524,"r_jmean_peak":5750,"r_ats_peak":6000,"r_ats_marginal":187.5,"ats_marginal_rate_max":0.039182,"ats_marginal_interval_start":125,"ats_marginal_interval_end":250,"ats_marginal_ats_mean":4.094}},{"type":"Feature","geometry":{"type":"Polygon","coordinates":[[[-72.704384,-12.9412967],[-72.6991822,-12.9415457],[-72.6940306,-12.9422903],[-72.6889786,-12.9435234],[-72.6840751,-12.945233],[-72.6793671,-12.9474027],[-72.6749,-12.9500116],[-72.6707169,-12.9530346],[-72.666858,-12.9564425],[-72.6633605,-12.9602026],[-72.6602581,-12.9642786],[-72.6575806,-12.9686313],[-72.6553539,-12.9732188],[-72.6535994,-12.9779968],[-72.652334,-12.9829194],[-72.6515698,-12.9879391],[-72.6513142,-12.9930077],[-72.6515698,-12.9980763],[-72.652334,-13.003096],[-72.6535994,-13.0080186],[-72.6553539,-13.0127966],[-72.6575806,-13.0173841],[-72.6602581,-13.0217368],[-72.6633605,-13.0258128],[-72.666858,-13.0295729],[-72.6707169,-13.0329808],[-72.6749,-13.0360038],[-72.6793671,-13.0386127],[-72.6840751,-13.0407824],[-72.6889786,-13.042492],[-72.6940306,-13.0437251],[-72.6991822,-13.0444697],[-72.704384,-13.0447187],[-72.7095857,-13.0444697],[-72.7147373,-13.0437251],[-72.7197893,-13.042492],[-72.7246929,-13.0407824],[-72.7294008,-13.0386127],[-72.7338679,-13.0360038],[-72.738051,-13.0329808],[-72.7419099,-13.0295729],[-72.7454074,-13.0258128],[-72.7485098,-13.0217368],[-72.7511873,-13.0173841],[-72.753414,-13.0127966],[-72.7551685,-13.0080186],[-72.7564339,-13.003096],[-72.7571981,-12.9980763],[-72.7574537,-12.9930077],[-72.7571981,-12.9879391],[-72.7564339,-12.9829194],[-72.7551685,-12.9779968],[-72.753414,-12.9732188],[-72.7511873,-12.9686313],[-72.7485098,-12.9642786],[-72.7454074,-12.9602026],[-72.7419099,-12.9564425],[-72.738051,-12.9530346],[-72.7338679,-12.9500116],[-72.7294008,-12.9474027],[-72.7246929,-12.945233],[-72.7197893,-12.9435234],[-72.7147373,-12.9422903],[-72.7095857,-12.9415457],[-72.704384,-12.9412967]]]},"properties":{"name":"Cerro Huaynapata","local_name":"Cerro Huaynapata","english_name":"Cerro Huaynapata","search_name":"Cerro Huaynapata Cerro Huaynapata Cerro Huaynapata Cerro Huaynapata Cerro Huaynapata Cerro Huaynapata","peak_elev":3127,"radius_m":5750,"layer":"平均突起响应半径","rank_pct":0.4907,"center_lon":-72.70438395222197,"center_lat":-12.99300769068373,"max_mean_jut":320.3548,"max_ats":155.0049,"r_jmean_peak":5750,"r_ats_peak":6000,"r_ats_marginal":312.5,"ats_marginal_rate_max":0.071198,"ats_marginal_interval_start":250,"ats_marginal_interval_end":375,"ats_marginal_ats_mean":15.3188}},{"type":"Feature","geometry":{"type":"Polygon","coordinates":[[[-72.1373673,-13.8211965],[-72.1321465,-13.8214455],[-72.1269759,-13.8221901],[-72.1219054,-13.8234232],[-72.1169838,-13.8251328],[-72.1122585,-13.8273025],[-72.107775,-13.8299114],[-72.1035766,-13.8329344],[-72.0997035,-13.8363423],[-72.0961932,-13.8401024],[-72.0930793,-13.8441784],[-72.0903921,-13.8485311],[-72.0881572,-13.8531186],[-72.0863962,-13.8578966],[-72.0851261,-13.8628192],[-72.0843591,-13.8678389],[-72.0841026,-13.8729075],[-72.0843591,-13.8779761],[-72.0851261,-13.8829958],[-72.0863962,-13.8879184],[-72.0881572,-13.8926965],[-72.0903921,-13.8972839],[-72.0930793,-13.9016366],[-72.0961932,-13.9057126],[-72.0997035,-13.9094727],[-72.1035766,-13.9128806],[-72.107775,-13.9159036],[-72.1122585,-13.9185125],[-72.1169838,-13.9206822],[-72.1219054,-13.9223918],[-72.1269759,-13.9236249],[-72.1321465,-13.9243695],[-72.1373673,-13.9246185],[-72.1425882,-13.9243695],[-72.1477588,-13.9236249],[-72.1528293,-13.9223918],[-72.1577509,-13.9206822],[-72.1624762,-13.9185125],[-72.1669596,-13.9159036],[-72.1711581,-13.9128806],[-72.1750312,-13.9094727],[-72.1785415,-13.9057126],[-72.1816553,-13.9016366],[-72.1843426,-13.8972839],[-72.1865775,-13.8926965],[-72.1883385,-13.8879184],[-72.1896086,-13.8829958],[-72.1903756,-13.8779761],[-72.1906321,-13.8729075],[-72.1903756,-13.8678389],[-72.1896086,-13.8628192],[-72.1883385,-13.8578966],[-72.1865775,-13.8531186],[-72.1843426,-13.8485311],[-72.1816553,-13.8441784],[-72.1785415,-13.8401024],[-72.1750312,-13.8363423],[-72.1711581,-13.8329344],[-72.1669596,-13.8299114],[-72.1624762,-13.8273025],[-72.1577509,-13.8251328],[-72.1528293,-13.8234232],[-72.1477588,-13.8221901],[-72.1425882,-13.8214455],[-72.1373673,-13.8211965]]]},"properties":{"name":"Cerro Machocruz","local_name":"Cerro Machocruz","english_name":"Cerro Machocruz","search_name":"Cerro Machocruz Cerro Machocruz Cerro Machocruz Cerro Machocruz Cerro Machocruz Cerro Machocruz","peak_elev":4380,"radius_m":5750,"layer":"平均突起响应半径","rank_pct":0.4907,"center_lon":-72.13736734488573,"center_lat":-13.872907511478802,"max_mean_jut":215.7702,"max_ats":82.6685,"r_jmean_peak":5750,"r_ats_peak":6750,"r_ats_marginal":187.5,"ats_marginal_rate_max":0.076041,"ats_marginal_interval_start":125,"ats_marginal_interval_end":250,"ats_marginal_ats_mean":10.7208}},{"type":"Feature","geometry":{"type":"Polygon","coordinates":[[[-77.4412903,-8.421064],[-77.4361658,-8.421313],[-77.4310906,-8.4220576],[-77.4261137,-8.4232907],[-77.421283,-8.4250003],[-77.4166449,-8.42717],[-77.4122442,-8.4297789],[-77.4081232,-8.4328019],[-77.4043216,-8.4362098],[-77.4008761,-8.4399699],[-77.3978197,-8.4440459],[-77.395182,-8.4483986],[-77.3929884,-8.4529861],[-77.3912599,-8.4577641],[-77.3900133,-8.4626867],[-77.3892604,-8.4677064],[-77.3890087,-8.472775],[-77.3892604,-8.4778436],[-77.3900133,-8.4828633],[-77.3912599,-8.4877859],[-77.3929884,-8.492564],[-77.395182,-8.4971514],[-77.3978197,-8.5015041],[-77.4008761,-8.5055801],[-77.4043216,-8.5093402],[-77.4081232,-8.5127482],[-77.4122442,-8.5157711],[-77.4166449,-8.51838],[-77.421283,-8.5205497],[-77.4261137,-8.5222593],[-77.4310906,-8.5234924],[-77.4361658,-8.524237],[-77.4412903,-8.524486],[-77.4464148,-8.524237],[-77.4514899,-8.5234924],[-77.4564668,-8.5222593],[-77.4612976,-8.5205497],[-77.4659356,-8.51838],[-77.4703364,-8.5157711],[-77.4744574,-8.5127482],[-77.4782589,-8.5093402],[-77.4817045,-8.5055801],[-77.4847608,-8.5015041],[-77.4873985,-8.4971514],[-77.4895922,-8.492564],[-77.4913206,-8.4877859],[-77.4925673,-8.4828633],[-77.4933201,-8.4778436],[-77.4935719,-8.472775],[-77.4933201,-8.4677064],[-77.4925673,-8.4626867],[-77.4913206,-8.4577641],[-77.4895922,-8.4529861],[-77.4873985,-8.4483986],[-77.4847608,-8.4440459],[-77.4817045,-8.4399699],[-77.4782589,-8.4362098],[-77.4744574,-8.4328019],[-77.4703364,-8.4297789],[-77.4659356,-8.42717],[-77.4612976,-8.4250003],[-77.4564668,-8.4232907],[-77.4514899,-8.4220576],[-77.4464148,-8.421313],[-77.4412903,-8.421064]]]},"properties":{"name":"Cerro Pilanco","local_name":"Cerro Pilanco","english_name":"Cerro Pilanco","search_name":"Cerro Pilanco Cerro Pilanco Cerro Pilanco Cerro Pilanco Cerro Pilanco Cerro Pilanco","peak_elev":4312,"radius_m":5750,"layer":"平均突起响应半径","rank_pct":0.4907,"center_lon":-77.44129027691262,"center_lat":-8.47277501252271,"max_mean_jut":387.0467,"max_ats":160.1161,"r_jmean_peak":5750,"r_ats_peak":6250,"r_ats_marginal":4375.0,"ats_marginal_rate_max":0.055775,"ats_marginal_interval_start":4250,"ats_marginal_interval_end":4500,"ats_marginal_ats_mean":106.2591}},{"type":"Feature","geometry":{"type":"Polygon","coordinates":[[[-77.9382383,-9.0250014],[-77.9331055,-9.0252504],[-77.9280221,-9.025995],[-77.923037,-9.027228],[-77.9181984,-9.0289377],[-77.9135528,-9.0311074],[-77.9091449,-9.0337163],[-77.9050172,-9.0367392],[-77.9012094,-9.0401472],[-77.8977583,-9.0439073],[-77.8946969,-9.0479833],[-77.892055,-9.052336],[-77.8898577,-9.0569234],[-77.8881265,-9.0617015],[-77.8868778,-9.0666241],[-77.8861237,-9.0716438],[-77.8858716,-9.0767124],[-77.8861237,-9.0817809],[-77.8868778,-9.0868007],[-77.8881265,-9.0917233],[-77.8898577,-9.0965013],[-77.892055,-9.1010888],[-77.8946969,-9.1054415],[-77.8977583,-9.1095175],[-77.9012094,-9.1132776],[-77.9050172,-9.1166855],[-77.9091449,-9.1197085],[-77.9135528,-9.1223174],[-77.9181984,-9.1244871],[-77.923037,-9.1261967],[-77.9280221,-9.1274298],[-77.9331055,-9.1281744],[-77.9382383,-9.1284234],[-77.9433711,-9.1281744],[-77.9484545,-9.1274298],[-77.9534396,-9.1261967],[-77.9582782,-9.1244871],[-77.9629238,-9.1223174],[-77.9673317,-9.1197085],[-77.9714594,-9.1166855],[-77.9752672,-9.1132776],[-77.9787183,-9.1095175],[-77.9817796,-9.1054415],[-77.9844216,-9.1010888],[-77.9866188,-9.0965013],[-77.9883501,-9.0917233],[-77.9895988,-9.0868007],[-77.9903529,-9.0817809],[-77.990605,-9.0767124],[-77.9903529,-9.0716438],[-77.9895988,-9.0666241],[-77.9883501,-9.0617015],[-77.9866188,-9.0569234],[-77.9844216,-9.052336],[-77.9817796,-9.0479833],[-77.9787183,-9.0439073],[-77.9752672,-9.0401472],[-77.9714594,-9.0367392],[-77.9673317,-9.0337163],[-77.9629238,-9.0311074],[-77.9582782,-9.0289377],[-77.9534396,-9.027228],[-77.9484545,-9.025995],[-77.9433711,-9.0252504],[-77.9382383,-9.0250014]]]},"properties":{"name":"Cerro Putaca","local_name":"Cerro Putaca","english_name":"Cerro Putaca","search_name":"Cerro Putaca Cerro Putaca Cerro Putaca Cerro Putaca Cerro Putaca Cerro Putaca","peak_elev":4692,"radius_m":5750,"layer":"平均突起响应半径","rank_pct":0.4907,"center_lon":-77.93823829208755,"center_lat":-9.076712378036264,"max_mean_jut":240.8799,"max_ats":90.4984,"r_jmean_peak":5750,"r_ats_peak":19000,"r_ats_marginal":187.5,"ats_marginal_rate_max":0.069041,"ats_marginal_interval_start":125,"ats_marginal_interval_end":250,"ats_marginal_ats_mean":8.7796}},{"type":"Feature","geometry":{"type":"Polygon","coordinates":[[[-75.8682504,-12.476149],[-75.8630582,-12.476398],[-75.857916,-12.4771427],[-75.8528734,-12.4783757],[-75.8479788,-12.4800853],[-75.8432794,-12.482255],[-75.8388206,-12.4848639],[-75.8346452,-12.4878869],[-75.8307934,-12.4912948],[-75.8273023,-12.4950549],[-75.8242056,-12.4991309],[-75.821533,-12.5034836],[-75.8193104,-12.5080711],[-75.8175591,-12.5128491],[-75.816296,-12.5177717],[-75.8155332,-12.5227915],[-75.8152782,-12.52786],[-75.8155332,-12.5329286],[-75.816296,-12.5379484],[-75.8175591,-12.5428709],[-75.8193104,-12.547649],[-75.821533,-12.5522364],[-75.8242056,-12.5565891],[-75.8273023,-12.5606651],[-75.8307934,-12.5644252],[-75.8346452,-12.5678332],[-75.8388206,-12.5708562],[-75.8432794,-12.5734651],[-75.8479788,-12.5756348],[-75.8528734,-12.5773444],[-75.857916,-12.5785774],[-75.8630582,-12.579322],[-75.8682504,-12.579571],[-75.8734426,-12.579322],[-75.8785848,-12.5785774],[-75.8836274,-12.5773444],[-75.888522,-12.5756348],[-75.8932213,-12.5734651],[-75.8976802,-12.5708562],[-75.9018556,-12.5678332],[-75.9057074,-12.5644252],[-75.9091985,-12.5606651],[-75.9122952,-12.5565891],[-75.9149677,-12.5522364],[-75.9171903,-12.547649],[-75.9189416,-12.5428709],[-75.9202048,-12.5379484],[-75.9209675,-12.5329286],[-75.9212226,-12.52786],[-75.9209675,-12.5227915],[-75.9202048,-12.5177717],[-75.9189416,-12.5128491],[-75.9171903,-12.5080711],[-75.9149677,-12.5034836],[-75.9122952,-12.4991309],[-75.9091985,-12.4950549],[-75.9057074,-12.4912948],[-75.9018556,-12.4878869],[-75.8976802,-12.4848639],[-75.8932213,-12.482255],[-75.888522,-12.4800853],[-75.8836274,-12.4783757],[-75.8785848,-12.4771427],[-75.8734426,-12.476398],[-75.8682504,-12.476149]]]},"properties":{"name":"Cerro Tunque Punta","local_name":"Cerro Tunque Punta","english_name":"Cerro Tunque Punta","search_name":"Cerro Tunque Punta Cerro Tunque Punta Cerro Tunque Punta Cerro Tunque Punta Cerro Tunque Punta Cerro Tunque Punta","peak_elev":4561,"radius_m":5750,"layer":"平均突起响应半径","rank_pct":0.4907,"center_lon":-75.86825038289093,"center_lat":-12.527860036566642,"max_mean_jut":286.3527,"max_ats":108.3092,"r_jmean_peak":5750,"r_ats_peak":3750,"r_ats_marginal":1812.5,"ats_marginal_rate_max":0.049079,"ats_marginal_interval_start":1750,"ats_marginal_interval_end":1875,"ats_marginal_ats_mean":50.3178}},{"type":"Feature","geometry":{"type":"Polygon","coordinates":[[[-70.1905385,-29.9590713],[-70.1846852,-29.9593203],[-70.1788882,-29.9600649],[-70.1732035,-29.9612979],[-70.1676857,-29.9630075],[-70.162388,-29.9651772],[-70.1573614,-29.9677861],[-70.1526543,-29.9708091],[-70.148312,-29.9742171],[-70.1443764,-29.9779772],[-70.1408854,-29.9820532],[-70.1378726,-29.9864059],[-70.135367,-29.9909933],[-70.1333927,-29.9957714],[-70.1319687,-30.000694],[-70.1311088,-30.0057137],[-70.1308213,-30.0107823],[-70.1311088,-30.0158508],[-70.1319687,-30.0208706],[-70.1333927,-30.0257932],[-70.135367,-30.0305712],[-70.1378726,-30.0351587],[-70.1408854,-30.0395114],[-70.1443764,-30.0435874],[-70.148312,-30.0473475],[-70.1526543,-30.0507554],[-70.1573614,-30.0537784],[-70.162388,-30.0563873],[-70.1676857,-30.058557],[-70.1732035,-30.0602666],[-70.1788882,-30.0614996],[-70.1846852,-30.0622443],[-70.1905385,-30.0624933],[-70.1963918,-30.0622443],[-70.2021887,-30.0614996],[-70.2078734,-30.0602666],[-70.2133912,-30.058557],[-70.218689,-30.0563873],[-70.2237156,-30.0537784],[-70.2284227,-30.0507554],[-70.2327649,-30.0473475],[-70.2367005,-30.0435874],[-70.2401915,-30.0395114],[-70.2432043,-30.0351587],[-70.24571,-30.0305712],[-70.2476843,-30.0257932],[-70.2491082,-30.0208706],[-70.2499681,-30.0158508],[-70.2502557,-30.0107823],[-70.2499681,-30.0057137],[-70.2491082,-30.000694],[-70.2476843,-29.9957714],[-70.24571,-29.9909933],[-70.2432043,-29.9864059],[-70.2401915,-29.9820532],[-70.2367005,-29.9779772],[-70.2327649,-29.9742171],[-70.2284227,-29.9708091],[-70.2237156,-29.9677861],[-70.218689,-29.9651772],[-70.2133912,-29.9630075],[-70.2078734,-29.9612979],[-70.2021887,-29.9600649],[-70.1963918,-29.9593203],[-70.1905385,-29.9590713]]]},"properties":{"name":"Cerro de Pasto Salado","local_name":"Cerro de Pasto Salado","english_name":"Cerro de Pasto Salado","search_name":"Cerro de Pasto Salado Cerro de Pasto Salado Cerro de Pasto Salado Cerro de Pasto Salado Cerro de Pasto Salado Cerro de Pasto Salado","peak_elev":4153,"radius_m":5750,"layer":"平均突起响应半径","rank_pct":0.4907,"center_lon":-70.19053846114191,"center_lat":-30.01078226457236,"max_mean_jut":414.9303,"max_ats":198.1578,"r_jmean_peak":5750,"r_ats_peak":6000,"r_ats_marginal":4375.0,"ats_marginal_rate_max":0.059388,"ats_marginal_interval_start":4250,"ats_marginal_interval_end":4500,"ats_marginal_ats_mean":159.4498}},{"type":"Feature","geometry":{"type":"Polygon","coordinates":[[[-69.490661,-54.6994827],[-69.4818786,-54.6997317],[-69.4731808,-54.7004763],[-69.4646514,-54.7017093],[-69.4563724,-54.7034189],[-69.4484236,-54.7055886],[-69.4408816,-54.7081976],[-69.433819,-54.7112205],[-69.4273039,-54.7146285],[-69.4213989,-54.7183886],[-69.4161609,-54.7224646],[-69.4116404,-54.7268173],[-69.4078809,-54.7314047],[-69.4049187,-54.7361828],[-69.4027821,-54.7411054],[-69.4014919,-54.7461251],[-69.4010605,-54.7511937],[-69.4014919,-54.7562622],[-69.4027821,-54.761282],[-69.4049187,-54.7662046],[-69.4078809,-54.7709826],[-69.4116404,-54.7755701],[-69.4161609,-54.7799228],[-69.4213989,-54.7839988],[-69.4273039,-54.7877589],[-69.433819,-54.7911668],[-69.4408816,-54.7941898],[-69.4484236,-54.7967987],[-69.4563724,-54.7989684],[-69.4646514,-54.800678],[-69.4731808,-54.8019111],[-69.4818786,-54.8026557],[-69.490661,-54.8029047],[-69.4994434,-54.8026557],[-69.5081412,-54.8019111],[-69.5166707,-54.800678],[-69.5249497,-54.7989684],[-69.5328984,-54.7967987],[-69.5404404,-54.7941898],[-69.547503,-54.7911668],[-69.5540182,-54.7877589],[-69.5599232,-54.7839988],[-69.5651611,-54.7799228],[-69.5696816,-54.7755701],[-69.5734411,-54.7709826],[-69.5764034,-54.7662046],[-69.5785399,-54.761282],[-69.5798301,-54.7562622],[-69.5802616,-54.7511937],[-69.5798301,-54.7461251],[-69.5785399,-54.7411054],[-69.5764034,-54.7361828],[-69.5734411,-54.7314047],[-69.5696816,-54.7268173],[-69.5651611,-54.7224646],[-69.5599232,-54.7183886],[-69.5540182,-54.7146285],[-69.547503,-54.7112205],[-69.5404404,-54.7081976],[-69.5328984,-54.7055886],[-69.5249497,-54.7034189],[-69.5166707,-54.7017093],[-69.5081412,-54.7004763],[-69.4994434,-54.6997317],[-69.490661,-54.6994827]]]},"properties":{"name":"Monte Darwin","local_name":"Monte Darwin","english_name":"Monte Darwin","search_name":"Monte Darwin Monte Darwin Monte Darwin Monte Darwin Monte Darwin Monte Darwin","peak_elev":2243,"radius_m":5750,"layer":"平均突起响应半径","rank_pct":0.4907,"center_lon":-69.49066102328439,"center_lat":-54.75119367297969,"max_mean_jut":360.8325,"max_ats":223.7151,"r_jmean_peak":5750,"r_ats_peak":9500,"r_ats_marginal":187.5,"ats_marginal_rate_max":0.14025,"ats_marginal_interval_start":125,"ats_marginal_interval_end":250,"ats_marginal_ats_mean":19.4177}},{"type":"Feature","geometry":{"type":"Polygon","coordinates":[[[-72.327361,-13.1135037],[-72.3221557,-13.1137527],[-72.3170004,-13.1144974],[-72.3119449,-13.1157304],[-72.3070379,-13.11744],[-72.3023267,-13.1196097],[-72.2978565,-13.1222186],[-72.2936704,-13.1252416],[-72.2898089,-13.1286495],[-72.2863089,-13.1324096],[-72.2832044,-13.1364856],[-72.280525,-13.1408383],[-72.2782968,-13.1454258],[-72.276541,-13.1502038],[-72.2752747,-13.1551264],[-72.27451,-13.1601462],[-72.2742542,-13.1652147],[-72.27451,-13.1702833],[-72.2752747,-13.175303],[-72.276541,-13.1802256],[-72.2782968,-13.1850037],[-72.280525,-13.1895911],[-72.2832044,-13.1939438],[-72.2863089,-13.1980198],[-72.2898089,-13.2017799],[-72.2936704,-13.2051879],[-72.2978565,-13.2082108],[-72.3023267,-13.2108198],[-72.3070379,-13.2129895],[-72.3119449,-13.2146991],[-72.3170004,-13.2159321],[-72.3221557,-13.2166767],[-72.327361,-13.2169257],[-72.3325664,-13.2166767],[-72.3377216,-13.2159321],[-72.3427771,-13.2146991],[-72.3476841,-13.2129895],[-72.3523954,-13.2108198],[-72.3568656,-13.2082108],[-72.3610516,-13.2051879],[-72.3649132,-13.2017799],[-72.3684131,-13.1980198],[-72.3715177,-13.1939438],[-72.374197,-13.1895911],[-72.3764253,-13.1850037],[-72.378181,-13.1802256],[-72.3794474,-13.175303],[-72.3802121,-13.1702833],[-72.3804678,-13.1652147],[-72.3802121,-13.1601462],[-72.3794474,-13.1551264],[-72.378181,-13.1502038],[-72.3764253,-13.1454258],[-72.374197,-13.1408383],[-72.3715177,-13.1364856],[-72.3684131,-13.1324096],[-72.3649132,-13.1286495],[-72.3610516,-13.1252416],[-72.3568656,-13.1222186],[-72.3523954,-13.1196097],[-72.3476841,-13.11744],[-72.3427771,-13.1157304],[-72.3377216,-13.1144974],[-72.3325664,-13.1137527],[-72.327361,-13.1135037]]]},"properties":{"name":"Nevado Verónica","local_name":"Nevado Verónica","english_name":"Nevado Verónica","search_name":"Nevado Verónica Nevado Verónica Nevado Verónica Nevado Verónica Nevado Verónica Nevado Verónica","peak_elev":5853,"radius_m":5750,"layer":"平均突起响应半径","rank_pct":0.4907,"center_lon":-72.32736102747701,"center_lat":-13.165214730649442,"max_mean_jut":718.4336,"max_ats":409.8749,"r_jmean_peak":5750,"r_ats_peak":5500,"r_ats_marginal":562.5,"ats_marginal_rate_max":0.202483,"ats_marginal_interval_start":500,"ats_marginal_interval_end":625,"ats_marginal_ats_mean":96.8868}},{"type":"Feature","geometry":{"type":"Polygon","coordinates":[[[-72.1486861,-15.6883474],[-72.1436491,-15.6885855],[-72.1386606,-15.6892978],[-72.1337686,-15.6904772],[-72.1290204,-15.6921125],[-72.1244615,-15.6941878],[-72.1201359,-15.6966833],[-72.1160852,-15.6995749],[-72.1123485,-15.7028346],[-72.1089618,-15.7064312],[-72.1059576,-15.71033],[-72.103365,-15.7144935],[-72.1012088,-15.7188815],[-72.0995098,-15.7234518],[-72.0982844,-15.7281603],[-72.0975445,-15.7329619],[-72.097297,-15.73781],[-72.0975445,-15.7426582],[-72.0982844,-15.7474597],[-72.0995098,-15.7521683],[-72.1012088,-15.7567386],[-72.103365,-15.7611266],[-72.1059576,-15.76529],[-72.1089618,-15.7691888],[-72.1123485,-15.7727854],[-72.1160852,-15.7760452],[-72.1201359,-15.7789368],[-72.1244615,-15.7814322],[-72.1290204,-15.7835076],[-72.1337686,-15.7851429],[-72.1386606,-15.7863223],[-72.1436491,-15.7870346],[-72.1486861,-15.7872727],[-72.1537231,-15.7870346],[-72.1587116,-15.7863223],[-72.1636036,-15.7851429],[-72.1683519,-15.7835076],[-72.1729108,-15.7814322],[-72.1772364,-15.7789368],[-72.181287,-15.7760452],[-72.1850237,-15.7727854],[-72.1884104,-15.7691888],[-72.1914146,-15.76529],[-72.1940073,-15.7611266],[-72.1961635,-15.7567386],[-72.1978624,-15.7521683],[-72.1990878,-15.7474597],[-72.1998278,-15.7426582],[-72.2000752,-15.73781],[-72.1998278,-15.7329619],[-72.1990878,-15.7281603],[-72.1978624,-15.7234518],[-72.1961635,-15.7188815],[-72.1940073,-15.7144935],[-72.1914146,-15.71033],[-72.1884104,-15.7064312],[-72.1850237,-15.7028346],[-72.181287,-15.6995749],[-72.1772364,-15.6966833],[-72.1729108,-15.6941878],[-72.1683519,-15.6921125],[-72.1636036,-15.6904772],[-72.1587116,-15.6892978],[-72.1537231,-15.6885855],[-72.1486861,-15.6883474]]]},"properties":{"name":"Cerro Ajo Orjo","local_name":"Cerro Ajo Orjo","english_name":"Cerro Ajo Orjo","search_name":"Cerro Ajo Orjo Cerro Ajo Orjo Cerro Ajo Orjo Cerro Ajo Orjo Cerro Ajo Orjo Cerro Ajo Orjo","peak_elev":4419,"radius_m":5500,"layer":"平均突起响应半径","rank_pct":0.5173,"center_lon":-72.14868611746564,"center_lat":-15.737810041310928,"max_mean_jut":258.0829,"max_ats":88.509,"r_jmean_peak":5500,"r_ats_peak":5750,"r_ats_marginal":2125.0,"ats_marginal_rate_max":0.028656,"ats_marginal_interval_start":2000,"ats_marginal_interval_end":2250,"ats_marginal_ats_mean":33.1691}},{"type":"Feature","geometry":{"type":"Polygon","coordinates":[[[-76.9861139,-10.8953862],[-76.9811759,-10.8956243],[-76.9762855,-10.8963366],[-76.9714897,-10.897516],[-76.9668347,-10.8991513],[-76.9623654,-10.9012266],[-76.9581248,-10.9037221],[-76.9541538,-10.9066137],[-76.9504905,-10.9098734],[-76.9471704,-10.91347],[-76.9442253,-10.9173688],[-76.9416836,-10.9215323],[-76.9395697,-10.9259203],[-76.9379042,-10.9304906],[-76.9367029,-10.9351992],[-76.9359774,-10.9400007],[-76.9357349,-10.9448488],[-76.9359774,-10.949697],[-76.9367029,-10.9544985],[-76.9379042,-10.9592071],[-76.9395697,-10.9637774],[-76.9416836,-10.9681654],[-76.9442253,-10.9723288],[-76.9471704,-10.9762276],[-76.9504905,-10.9798242],[-76.9541538,-10.983084],[-76.9581248,-10.9859756],[-76.9623654,-10.988471],[-76.9668347,-10.9905464],[-76.9714897,-10.9921817],[-76.9762855,-10.9933611],[-76.9811759,-10.9940734],[-76.9861139,-10.9943115],[-76.9910519,-10.9940734],[-76.9959424,-10.9933611],[-77.0007382,-10.9921817],[-77.0053932,-10.9905464],[-77.0098624,-10.988471],[-77.014103,-10.9859756],[-77.0180741,-10.983084],[-77.0217373,-10.9798242],[-77.0250575,-10.9762276],[-77.0280026,-10.9723288],[-77.0305443,-10.9681654],[-77.0326581,-10.9637774],[-77.0343237,-10.9592071],[-77.035525,-10.9544985],[-77.0362504,-10.949697],[-77.036493,-10.9448488],[-77.0362504,-10.9400007],[-77.035525,-10.9351992],[-77.0343237,-10.9304906],[-77.0326581,-10.9259203],[-77.0305443,-10.9215323],[-77.0280026,-10.9173688],[-77.0250575,-10.91347],[-77.0217373,-10.9098734],[-77.0180741,-10.9066137],[-77.014103,-10.9037221],[-77.0098624,-10.9012266],[-77.0053932,-10.8991513],[-77.0007382,-10.897516],[-76.9959424,-10.8963366],[-76.9910519,-10.8956243],[-76.9861139,-10.8953862]]]},"properties":{"name":"Cerro Condor Pozo","local_name":"Cerro Condor Pozo","english_name":"Cerro Condor Pozo","search_name":"Cerro Condor Pozo Cerro Condor Pozo Cerro Condor Pozo Cerro Condor Pozo Cerro Condor Pozo Cerro Condor Pozo","peak_elev":3845,"radius_m":5500,"layer":"平均突起响应半径","rank_pct":0.5173,"center_lon":-76.98611392244926,"center_lat":-10.94484884289122,"max_mean_jut":411.7519,"max_ats":186.1952,"r_jmean_peak":5500,"r_ats_peak":5750,"r_ats_marginal":4125.0,"ats_marginal_rate_max":0.055714,"ats_marginal_interval_start":4000,"ats_marginal_interval_end":4250,"ats_marginal_ats_mean":136.4439}},{"type":"Feature","geometry":{"type":"Polygon","coordinates":[[[-73.100541,-50.9541393],[-73.0928365,-50.9543775],[-73.0852063,-50.9550897],[-73.0777237,-50.9562691],[-73.0704609,-50.9579044],[-73.0634878,-50.9599798],[-73.0568715,-50.9624752],[-73.0506757,-50.9653668],[-73.0449602,-50.9686266],[-73.03978,-50.9722232],[-73.0351849,-50.976122],[-73.0312193,-50.9802854],[-73.0279212,-50.9846734],[-73.0253225,-50.9892437],[-73.0234482,-50.9939523],[-73.0223164,-50.9987538],[-73.0219379,-51.003602],[-73.0223164,-51.0084502],[-73.0234482,-51.0132517],[-73.0253225,-51.0179602],[-73.0279212,-51.0225305],[-73.0312193,-51.0269185],[-73.0351849,-51.031082],[-73.03978,-51.0349808],[-73.0449602,-51.0385774],[-73.0506757,-51.0418371],[-73.0568715,-51.0447287],[-73.0634878,-51.0472242],[-73.0704609,-51.0492995],[-73.0777237,-51.0509348],[-73.0852063,-51.0521142],[-73.0928365,-51.0528265],[-73.100541,-51.0530647],[-73.1082454,-51.0528265],[-73.1158757,-51.0521142],[-73.1233583,-51.0509348],[-73.1306211,-51.0492995],[-73.1375942,-51.0472242],[-73.1442105,-51.0447287],[-73.1504063,-51.0418371],[-73.1561218,-51.0385774],[-73.161302,-51.0349808],[-73.1658971,-51.031082],[-73.1698627,-51.0269185],[-73.1731608,-51.0225305],[-73.1757595,-51.0179602],[-73.1776337,-51.0132517],[-73.1787656,-51.0084502],[-73.1791441,-51.003602],[-73.1787656,-50.9987538],[-73.1776337,-50.9939523],[-73.1757595,-50.9892437],[-73.1731608,-50.9846734],[-73.1698627,-50.9802854],[-73.1658971,-50.976122],[-73.161302,-50.9722232],[-73.1561218,-50.9686266],[-73.1504063,-50.9653668],[-73.1442105,-50.9624752],[-73.1375942,-50.9599798],[-73.1306211,-50.9579044],[-73.1233583,-50.9562691],[-73.1158757,-50.9550897],[-73.1082454,-50.9543775],[-73.100541,-50.9541393]]]},"properties":{"name":"Cerro Paine Grande","local_name":"Cerro Paine Grande","english_name":"Cerro Paine Grande","search_name":"Cerro Paine Grande Cerro Paine Grande Cerro Paine Grande Cerro Paine Grande Cerro Paine Grande Cerro Paine Grande","peak_elev":2353,"radius_m":5500,"layer":"平均突起响应半径","rank_pct":0.5173,"center_lon":-73.10054099251869,"center_lat":-51.00360197068987,"max_mean_jut":498.9279,"max_ats":307.3777,"r_jmean_peak":5500,"r_ats_peak":7500,"r_ats_marginal":937.5,"ats_marginal_rate_max":0.156858,"ats_marginal_interval_start":875,"ats_marginal_interval_end":1000,"ats_marginal_ats_mean":55.266}},{"type":"Feature","geometry":{"type":"Polygon","coordinates":[[[-75.2837166,-11.5047134],[-75.2787682,-11.5049516],[-75.2738673,-11.5056638],[-75.2690614,-11.5068433],[-75.2643966,-11.5084785],[-75.2599178,-11.5105539],[-75.2556683,-11.5130494],[-75.2516888,-11.5159409],[-75.2480178,-11.5192007],[-75.2446906,-11.5227973],[-75.2417393,-11.5266961],[-75.2391922,-11.5308596],[-75.2370739,-11.5352475],[-75.2354048,-11.5398178],[-75.234201,-11.5445264],[-75.233474,-11.5493279],[-75.2332309,-11.5541761],[-75.233474,-11.5590243],[-75.234201,-11.5638258],[-75.2354048,-11.5685344],[-75.2370739,-11.5731047],[-75.2391922,-11.5774926],[-75.2417393,-11.5816561],[-75.2446906,-11.5855549],[-75.2480178,-11.5891515],[-75.2516888,-11.5924113],[-75.2556683,-11.5953028],[-75.2599178,-11.5977983],[-75.2643966,-11.5998737],[-75.2690614,-11.6015089],[-75.2738673,-11.6026884],[-75.2787682,-11.6034006],[-75.2837166,-11.6036388],[-75.2886651,-11.6034006],[-75.2935659,-11.6026884],[-75.2983719,-11.6015089],[-75.3030367,-11.5998737],[-75.3075154,-11.5977983],[-75.311765,-11.5953028],[-75.3157444,-11.5924113],[-75.3194154,-11.5891515],[-75.3227426,-11.5855549],[-75.325694,-11.5816561],[-75.3282411,-11.5774926],[-75.3303594,-11.5731047],[-75.3320285,-11.5685344],[-75.3332323,-11.5638258],[-75.3339593,-11.5590243],[-75.3342024,-11.5541761],[-75.3339593,-11.5493279],[-75.3332323,-11.5445264],[-75.3320285,-11.5398178],[-75.3303594,-11.5352475],[-75.3282411,-11.5308596],[-75.325694,-11.5266961],[-75.3227426,-11.5227973],[-75.3194154,-11.5192007],[-75.3157444,-11.5159409],[-75.311765,-11.5130494],[-75.3075154,-11.5105539],[-75.3030367,-11.5084785],[-75.2983719,-11.5068433],[-75.2935659,-11.5056638],[-75.2886651,-11.5049516],[-75.2837166,-11.5047134]]]},"properties":{"name":"Cerro Pan de Azúcar","local_name":"Cerro Pan de Azúcar","english_name":"Cerro Pan de Azúcar","search_name":"Cerro Pan de Azúcar Cerro Pan de Azúcar Cerro Pan de Azúcar Cerro Pan de Azúcar Cerro Pan de Azúcar Cerro Pan de Azúcar","peak_elev":4733,"radius_m":5500,"layer":"平均突起响应半径","rank_pct":0.5173,"center_lon":-75.28371662751437,"center_lat":-11.554176100109492,"max_mean_jut":310.8701,"max_ats":135.4448,"r_jmean_peak":5500,"r_ats_peak":5250,"r_ats_marginal":187.5,"ats_marginal_rate_max":0.15668,"ats_marginal_interval_start":125,"ats_marginal_interval_end":250,"ats_marginal_ats_mean":17.1837}},{"type":"Feature","geometry":{"type":"Polygon","coordinates":[[[-77.1429598,-10.1434963],[-77.1380338,-10.1437344],[-77.1331553,-10.1444467],[-77.1283713,-10.1456261],[-77.1237277,-10.1472614],[-77.1192693,-10.1493368],[-77.1150391,-10.1518322],[-77.1110778,-10.1547238],[-77.1074235,-10.1579835],[-77.1041115,-10.1615802],[-77.1011736,-10.165479],[-77.0986381,-10.1696424],[-77.0965294,-10.1740304],[-77.0948679,-10.1786007],[-77.0936696,-10.1833093],[-77.0929459,-10.1881108],[-77.0927039,-10.192959],[-77.0929459,-10.1978071],[-77.0936696,-10.2026086],[-77.0948679,-10.2073172],[-77.0965294,-10.2118875],[-77.0986381,-10.2162755],[-77.1011736,-10.2204389],[-77.1041115,-10.2243377],[-77.1074235,-10.2279344],[-77.1110778,-10.2311941],[-77.1150391,-10.2340857],[-77.1192693,-10.2365811],[-77.1237277,-10.2386565],[-77.1283713,-10.2402918],[-77.1331553,-10.2414712],[-77.1380338,-10.2421835],[-77.1429598,-10.2424216],[-77.1478857,-10.2421835],[-77.1527642,-10.2414712],[-77.1575483,-10.2402918],[-77.1621919,-10.2386565],[-77.1666502,-10.2365811],[-77.1708804,-10.2340857],[-77.1748418,-10.2311941],[-77.178496,-10.2279344],[-77.1818081,-10.2243377],[-77.184746,-10.2204389],[-77.1872815,-10.2162755],[-77.1893901,-10.2118875],[-77.1910516,-10.2073172],[-77.19225,-10.2026086],[-77.1929736,-10.1978071],[-77.1932156,-10.192959],[-77.1929736,-10.1881108],[-77.19225,-10.1833093],[-77.1910516,-10.1786007],[-77.1893901,-10.1740304],[-77.1872815,-10.1696424],[-77.184746,-10.165479],[-77.1818081,-10.1615802],[-77.178496,-10.1579835],[-77.1748418,-10.1547238],[-77.1708804,-10.1518322],[-77.1666502,-10.1493368],[-77.1621919,-10.1472614],[-77.1575483,-10.1456261],[-77.1527642,-10.1444467],[-77.1478857,-10.1437344],[-77.1429598,-10.1434963]]]},"properties":{"name":"Cerro Pasamarca","local_name":"Cerro Pasamarca","english_name":"Cerro Pasamarca","search_name":"Cerro Pasamarca Cerro Pasamarca Cerro Pasamarca Cerro Pasamarca Cerro Pasamarca Cerro Pasamarca","peak_elev":4542,"radius_m":5500,"layer":"平均突起响应半径","rank_pct":0.5173,"center_lon":-77.14295977105654,"center_lat":-10.19295895008318,"max_mean_jut":259.712,"max_ats":109.2218,"r_jmean_peak":5500,"r_ats_peak":6000,"r_ats_marginal":312.5,"ats_marginal_rate_max":0.050515,"ats_marginal_interval_start":250,"ats_marginal_interval_end":375,"ats_marginal_ats_mean":8.5402}},{"type":"Feature","geometry":{"type":"Polygon","coordinates":[[[-75.9876365,-12.7422325],[-75.9826649,-12.7424707],[-75.9777412,-12.743183],[-75.9729128,-12.7443624],[-75.9682262,-12.7459977],[-75.9637265,-12.748073],[-75.9594571,-12.7505685],[-75.9554591,-12.7534601],[-75.951771,-12.7567198],[-75.9484282,-12.7603164],[-75.9454631,-12.7642152],[-75.9429041,-12.7683787],[-75.9407759,-12.7727667],[-75.939099,-12.777337],[-75.9378896,-12.7820455],[-75.9371592,-12.786847],[-75.936915,-12.7916952],[-75.9371592,-12.7965434],[-75.9378896,-12.8013449],[-75.939099,-12.8060535],[-75.9407759,-12.8106238],[-75.9429041,-12.8150118],[-75.9454631,-12.8191752],[-75.9484282,-12.823074],[-75.951771,-12.8266706],[-75.9554591,-12.8299304],[-75.9594571,-12.832822],[-75.9637265,-12.8353174],[-75.9682262,-12.8373928],[-75.9729128,-12.8390281],[-75.9777412,-12.8402075],[-75.9826649,-12.8409197],[-75.9876365,-12.8411579],[-75.9926081,-12.8409197],[-75.9975318,-12.8402075],[-76.0023602,-12.8390281],[-76.0070468,-12.8373928],[-76.0115464,-12.8353174],[-76.0158159,-12.832822],[-76.0198139,-12.8299304],[-76.023502,-12.8266706],[-76.0268448,-12.823074],[-76.0298099,-12.8191752],[-76.0323689,-12.8150118],[-76.0344971,-12.8106238],[-76.036174,-12.8060535],[-76.0373834,-12.8013449],[-76.0381138,-12.7965434],[-76.038358,-12.7916952],[-76.0381138,-12.786847],[-76.0373834,-12.7820455],[-76.036174,-12.777337],[-76.0344971,-12.7727667],[-76.0323689,-12.7683787],[-76.0298099,-12.7642152],[-76.0268448,-12.7603164],[-76.023502,-12.7567198],[-76.0198139,-12.7534601],[-76.0158159,-12.7505685],[-76.0115464,-12.748073],[-76.0070468,-12.7459977],[-76.0023602,-12.7443624],[-75.9975318,-12.743183],[-75.9926081,-12.7424707],[-75.9876365,-12.7422325]]]},"properties":{"name":"Cerro San Juan [-75.98777,-12.79178]","local_name":"Cerro San Juan","english_name":"Cerro San Juan","search_name":"Cerro San Juan Cerro San Juan Cerro San Juan Cerro San Juan Cerro San Juan Cerro San Juan [-75.98777,-12.79178]","peak_elev":3752,"radius_m":5500,"layer":"平均突起响应半径","rank_pct":0.5173,"center_lon":-75.98763648415041,"center_lat":-12.791695235512544,"max_mean_jut":612.6017,"max_ats":322.7412,"r_jmean_peak":5500,"r_ats_peak":7500,"r_ats_marginal":687.5,"ats_marginal_rate_max":0.168564,"ats_marginal_interval_start":625,"ats_marginal_interval_end":750,"ats_marginal_ats_mean":75.8152}},{"type":"Feature","geometry":{"type":"Polygon","coordinates":[[[-73.1544399,-50.618349],[-73.1467907,-50.6185872],[-73.1392151,-50.6192994],[-73.1317862,-50.6204789],[-73.1245755,-50.6221142],[-73.1176523,-50.6241895],[-73.1110834,-50.626685],[-73.1049321,-50.6295765],[-73.0992576,-50.6328363],[-73.0941145,-50.6364329],[-73.0895524,-50.6403317],[-73.0856152,-50.6444952],[-73.0823408,-50.6488832],[-73.0797607,-50.6534535],[-73.0778999,-50.658162],[-73.0767761,-50.6629635],[-73.0764003,-50.6678117],[-73.0767761,-50.6726599],[-73.0778999,-50.6774614],[-73.0797607,-50.68217],[-73.0823408,-50.6867403],[-73.0856152,-50.6911283],[-73.0895524,-50.6952917],[-73.0941145,-50.6991905],[-73.0992576,-50.7027871],[-73.1049321,-50.7060469],[-73.1110834,-50.7089384],[-73.1176523,-50.7114339],[-73.1245755,-50.7135093],[-73.1317862,-50.7151446],[-73.1392151,-50.716324],[-73.1467907,-50.7170362],[-73.1544399,-50.7172744],[-73.1620891,-50.7170362],[-73.1696647,-50.716324],[-73.1770936,-50.7151446],[-73.1843044,-50.7135093],[-73.1912275,-50.7114339],[-73.1977964,-50.7089384],[-73.2039477,-50.7060469],[-73.2096222,-50.7027871],[-73.2147653,-50.6991905],[-73.2193274,-50.6952917],[-73.2232647,-50.6911283],[-73.2265391,-50.6867403],[-73.2291191,-50.68217],[-73.23098,-50.6774614],[-73.2321037,-50.6726599],[-73.2324795,-50.6678117],[-73.2321037,-50.6629635],[-73.23098,-50.658162],[-73.2291191,-50.6534535],[-73.2265391,-50.6488832],[-73.2232647,-50.6444952],[-73.2193274,-50.6403317],[-73.2147653,-50.6364329],[-73.2096222,-50.6328363],[-73.2039477,-50.6295765],[-73.1977964,-50.626685],[-73.1912275,-50.6241895],[-73.1843044,-50.6221142],[-73.1770936,-50.6204789],[-73.1696647,-50.6192994],[-73.1620891,-50.6185872],[-73.1544399,-50.618349]]]},"properties":{"name":"Cerro Tilman","local_name":"Cerro Tilman","english_name":"Cerro Tilman","search_name":"Cerro Tilman Cerro Tilman Cerro Tilman Cerro Tilman Cerro Tilman Cerro Tilman","peak_elev":2686,"radius_m":5500,"layer":"平均突起响应半径","rank_pct":0.5173,"center_lon":-73.15443990956585,"center_lat":-50.667811717486,"max_mean_jut":316.792,"max_ats":146.4147,"r_jmean_peak":5500,"r_ats_peak":11000,"r_ats_marginal":812.5,"ats_marginal_rate_max":0.116174,"ats_marginal_interval_start":750,"ats_marginal_interval_end":875,"ats_marginal_ats_mean":34.8273}},{"type":"Feature","geometry":{"type":"Polygon","coordinates":[[[-77.7838179,-9.4329314],[-77.779126,-9.4331587],[-77.7744793,-9.4338386],[-77.7699225,-9.4349644],[-77.7654996,-9.4365254],[-77.761253,-9.4385064],[-77.7572238,-9.4408884],[-77.7534507,-9.4436486],[-77.74997,-9.4467602],[-77.7468153,-9.4501933],[-77.744017,-9.4539149],[-77.741602,-9.4578891],[-77.7395935,-9.4620776],[-77.7380109,-9.4664402],[-77.7368695,-9.4709347],[-77.7361803,-9.475518],[-77.7359498,-9.4801458],[-77.7361803,-9.4847736],[-77.7368695,-9.4893568],[-77.7380109,-9.4938514],[-77.7395935,-9.4982139],[-77.741602,-9.5024025],[-77.744017,-9.5063767],[-77.7468153,-9.5100983],[-77.74997,-9.5135314],[-77.7534507,-9.516643],[-77.7572238,-9.5194031],[-77.761253,-9.5217851],[-77.7654996,-9.5237662],[-77.7699225,-9.5253271],[-77.7744793,-9.5264529],[-77.779126,-9.5271328],[-77.7838179,-9.5273602],[-77.7885098,-9.5271328],[-77.7931565,-9.5264529],[-77.7977133,-9.5253271],[-77.8021362,-9.5237662],[-77.8063828,-9.5217851],[-77.810412,-9.5194031],[-77.8141851,-9.516643],[-77.8176658,-9.5135314],[-77.8208205,-9.5100983],[-77.8236188,-9.5063767],[-77.8260338,-9.5024025],[-77.8280423,-9.4982139],[-77.8296248,-9.4938514],[-77.8307663,-9.4893568],[-77.8314555,-9.4847736],[-77.831686,-9.4801458],[-77.8314555,-9.475518],[-77.8307663,-9.4709347],[-77.8296248,-9.4664402],[-77.8280423,-9.4620776],[-77.8260338,-9.4578891],[-77.8236188,-9.4539149],[-77.8208205,-9.4501933],[-77.8176658,-9.4467602],[-77.8141851,-9.4436486],[-77.810412,-9.4408884],[-77.8063828,-9.4385064],[-77.8021362,-9.4365254],[-77.7977133,-9.4349644],[-77.7931565,-9.4338386],[-77.7885098,-9.4331587],[-77.7838179,-9.4329314]]]},"properties":{"name":"Cerro Chacacas","local_name":"Cerro Chacacas","english_name":"Cerro Chacacas","search_name":"Cerro Chacacas Cerro Chacacas Cerro Chacacas Cerro Chacacas Cerro Chacacas Cerro Chacacas","peak_elev":4522,"radius_m":5250,"layer":"平均突起响应半径","rank_pct":0.536,"center_lon":-77.7838178947474,"center_lat":-9.48014577213434,"max_mean_jut":273.6672,"max_ats":112.7083,"r_jmean_peak":5250,"r_ats_peak":5000,"r_ats_marginal":187.5,"ats_marginal_rate_max":0.043563,"ats_marginal_interval_start":125,"ats_marginal_interval_end":250,"ats_marginal_ats_mean":7.4045}},{"type":"Feature","geometry":{"type":"Polygon","coordinates":[[[-75.8008767,-12.3299982],[-75.7961388,-12.3302255],[-75.7914465,-12.3309054],[-75.786845,-12.3320312],[-75.7823786,-12.3335922],[-75.7780904,-12.3355732],[-75.7740217,-12.3379552],[-75.7702115,-12.3407154],[-75.7666967,-12.343827],[-75.7635111,-12.3472601],[-75.7606853,-12.3509817],[-75.7582465,-12.3549559],[-75.7562184,-12.3591444],[-75.7546203,-12.363507],[-75.7534677,-12.3680015],[-75.7527716,-12.3725847],[-75.7525389,-12.3772126],[-75.7527716,-12.3818404],[-75.7534677,-12.3864236],[-75.7546203,-12.3909182],[-75.7562184,-12.3952807],[-75.7582465,-12.3994693],[-75.7606853,-12.4034435],[-75.7635111,-12.4071651],[-75.7666967,-12.4105982],[-75.7702115,-12.4137098],[-75.7740217,-12.4164699],[-75.7780904,-12.4188519],[-75.7823786,-12.420833],[-75.786845,-12.4223939],[-75.7914465,-12.4235197],[-75.7961388,-12.4241996],[-75.8008767,-12.4244269],[-75.8056147,-12.4241996],[-75.810307,-12.4235197],[-75.8149085,-12.4223939],[-75.8193748,-12.420833],[-75.8236631,-12.4188519],[-75.8277318,-12.4164699],[-75.831542,-12.4137098],[-75.8350568,-12.4105982],[-75.8382424,-12.4071651],[-75.8410682,-12.4034435],[-75.8435069,-12.3994693],[-75.8455351,-12.3952807],[-75.8471332,-12.3909182],[-75.8482858,-12.3864236],[-75.8489818,-12.3818404],[-75.8492146,-12.3772126],[-75.8489818,-12.3725847],[-75.8482858,-12.3680015],[-75.8471332,-12.363507],[-75.8455351,-12.3591444],[-75.8435069,-12.3549559],[-75.8410682,-12.3509817],[-75.8382424,-12.3472601],[-75.8350568,-12.343827],[-75.831542,-12.3407154],[-75.8277318,-12.3379552],[-75.8236631,-12.3355732],[-75.8193748,-12.3335922],[-75.8149085,-12.3320312],[-75.810307,-12.3309054],[-75.8056147,-12.3302255],[-75.8008767,-12.3299982]]]},"properties":{"name":"Cerro Eslabón","local_name":"Cerro Eslabón","english_name":"Cerro Eslabón","search_name":"Cerro Eslabón Cerro Eslabón Cerro Eslabón Cerro Eslabón Cerro Eslabón Cerro Eslabón","peak_elev":4894,"radius_m":5250,"layer":"平均突起响应半径","rank_pct":0.536,"center_lon":-75.80087673658197,"center_lat":-12.377212563419798,"max_mean_jut":228.8496,"max_ats":84.6854,"r_jmean_peak":5250,"r_ats_peak":5500,"r_ats_marginal":187.5,"ats_marginal_rate_max":0.154793,"ats_marginal_interval_start":125,"ats_marginal_interval_end":250,"ats_marginal_ats_mean":20.2289}},{"type":"Feature","geometry":{"type":"Polygon","coordinates":[[[-72.1249706,-15.6304984],[-72.120164,-15.6307257],[-72.1154036,-15.6314056],[-72.1107354,-15.6325314],[-72.1062043,-15.6340923],[-72.1018539,-15.6360734],[-72.0977261,-15.6384554],[-72.0938607,-15.6412155],[-72.0902949,-15.6443271],[-72.0870631,-15.6477603],[-72.0841963,-15.6514818],[-72.0817223,-15.655456],[-72.0796647,-15.6596446],[-72.0780434,-15.6640071],[-72.0768741,-15.6685017],[-72.076168,-15.6730849],[-72.0759318,-15.6777127],[-72.076168,-15.6823406],[-72.0768741,-15.6869238],[-72.0780434,-15.6914184],[-72.0796647,-15.6957809],[-72.0817223,-15.6999695],[-72.0841963,-15.7039437],[-72.0870631,-15.7076652],[-72.0902949,-15.7110984],[-72.0938607,-15.71421],[-72.0977261,-15.7169701],[-72.1018539,-15.7193521],[-72.1062043,-15.7213332],[-72.1107354,-15.7228941],[-72.1154036,-15.7240199],[-72.120164,-15.7246998],[-72.1249706,-15.7249271],[-72.1297772,-15.7246998],[-72.1345376,-15.7240199],[-72.1392058,-15.7228941],[-72.1437369,-15.7213332],[-72.1480873,-15.7193521],[-72.1522151,-15.7169701],[-72.1560805,-15.71421],[-72.1596462,-15.7110984],[-72.1628781,-15.7076652],[-72.1657448,-15.7039437],[-72.1682189,-15.6999695],[-72.1702765,-15.6957809],[-72.1718978,-15.6914184],[-72.1730671,-15.6869238],[-72.1737732,-15.6823406],[-72.1740094,-15.6777127],[-72.1737732,-15.6730849],[-72.1730671,-15.6685017],[-72.1718978,-15.6640071],[-72.1702765,-15.6596446],[-72.1682189,-15.655456],[-72.1657448,-15.6514818],[-72.1628781,-15.6477603],[-72.1596462,-15.6443271],[-72.1560805,-15.6412155],[-72.1522151,-15.6384554],[-72.1480873,-15.6360734],[-72.1437369,-15.6340923],[-72.1392058,-15.6325314],[-72.1345376,-15.6314056],[-72.1297772,-15.6307257],[-72.1249706,-15.6304984]]]},"properties":{"name":"Cerro Marca","local_name":"Cerro Marca","english_name":"Cerro Marca","search_name":"Cerro Marca Cerro Marca Cerro Marca Cerro Marca Cerro Marca Cerro Marca","peak_elev":3638,"radius_m":5250,"layer":"平均突起响应半径","rank_pct":0.536,"center_lon":-72.12497059396489,"center_lat":-15.677712748803332,"max_mean_jut":138.4845,"max_ats":48.2869,"r_jmean_peak":5250,"r_ats_peak":1875,"r_ats_marginal":187.5,"ats_marginal_rate_max":0.073515,"ats_marginal_interval_start":125,"ats_marginal_interval_end":250,"ats_marginal_ats_mean":14.496}},{"type":"Feature","geometry":{"type":"Polygon","coordinates":[[[-75.3168645,-11.4377016],[-75.3121421,-11.437929],[-75.3074652,-11.4386088],[-75.3028788,-11.4397346],[-75.2984271,-11.4412956],[-75.294153,-11.4432766],[-75.2900976,-11.4456587],[-75.2863,-11.4484188],[-75.2827967,-11.4515304],[-75.2796215,-11.4549635],[-75.276805,-11.4586851],[-75.2743743,-11.4626593],[-75.2723528,-11.4668478],[-75.27076,-11.4712104],[-75.2696111,-11.4757049],[-75.2689174,-11.4802882],[-75.2686854,-11.484916],[-75.2689174,-11.4895438],[-75.2696111,-11.4941271],[-75.27076,-11.4986216],[-75.2723528,-11.5029842],[-75.2743743,-11.5071727],[-75.276805,-11.5111469],[-75.2796215,-11.5148685],[-75.2827967,-11.5183016],[-75.2863,-11.5214132],[-75.2900976,-11.5241733],[-75.294153,-11.5265554],[-75.2984271,-11.5285364],[-75.3028788,-11.5300973],[-75.3074652,-11.5312232],[-75.3121421,-11.531903],[-75.3168645,-11.5321304],[-75.3215868,-11.531903],[-75.3262637,-11.5312232],[-75.3308501,-11.5300973],[-75.3353018,-11.5285364],[-75.3395759,-11.5265554],[-75.3436313,-11.5241733],[-75.3474289,-11.5214132],[-75.3509322,-11.5183016],[-75.3541074,-11.5148685],[-75.3569239,-11.5111469],[-75.3593546,-11.5071727],[-75.3613761,-11.5029842],[-75.362969,-11.4986216],[-75.3641178,-11.4941271],[-75.3648115,-11.4895438],[-75.3650435,-11.484916],[-75.3648115,-11.4802882],[-75.3641178,-11.4757049],[-75.362969,-11.4712104],[-75.3613761,-11.4668478],[-75.3593546,-11.4626593],[-75.3569239,-11.4586851],[-75.3541074,-11.4549635],[-75.3509322,-11.4515304],[-75.3474289,-11.4484188],[-75.3436313,-11.4456587],[-75.3395759,-11.4432766],[-75.3353018,-11.4412956],[-75.3308501,-11.4397346],[-75.3262637,-11.4386088],[-75.3215868,-11.437929],[-75.3168645,-11.4377016]]]},"properties":{"name":"Cerro Punapunatasha","local_name":"Cerro Punapunatasha","english_name":"Cerro Punapunatasha","search_name":"Cerro Punapunatasha Cerro Punapunatasha Cerro Punapunatasha Cerro Punapunatasha Cerro Punapunatasha Cerro Punapunatasha","peak_elev":4092,"radius_m":5250,"layer":"平均突起响应半径","rank_pct":0.536,"center_lon":-75.31686446149837,"center_lat":-11.484915991703875,"max_mean_jut":206.8316,"max_ats":70.6425,"r_jmean_peak":5250,"r_ats_peak":8750,"r_ats_marginal":187.5,"ats_marginal_rate_max":0.093456,"ats_marginal_interval_start":125,"ats_marginal_interval_end":250,"ats_marginal_ats_mean":11.6713}},{"type":"Feature","geometry":{"type":"Polygon","coordinates":[[[-72.7035755,-12.7202263],[-72.6988303,-12.7204537],[-72.6941309,-12.7211335],[-72.6895224,-12.7222594],[-72.6850492,-12.7238203],[-72.6807545,-12.7258014],[-72.6766796,-12.7281834],[-72.6728636,-12.7309435],[-72.6693435,-12.7340551],[-72.666153,-12.7374882],[-72.6633229,-12.7412098],[-72.6608805,-12.745184],[-72.6588492,-12.7493726],[-72.6572487,-12.7537351],[-72.6560943,-12.7582297],[-72.6553972,-12.7628129],[-72.6551641,-12.7674407],[-72.6553972,-12.7720685],[-72.6560943,-12.7766518],[-72.6572487,-12.7811463],[-72.6588492,-12.7855089],[-72.6608805,-12.7896974],[-72.6633229,-12.7936716],[-72.666153,-12.7973932],[-72.6693435,-12.8008263],[-72.6728636,-12.8039379],[-72.6766796,-12.806698],[-72.6807545,-12.8090801],[-72.6850492,-12.8110611],[-72.6895224,-12.8126221],[-72.6941309,-12.8137479],[-72.6988303,-12.8144278],[-72.7035755,-12.8146551],[-72.7083206,-12.8144278],[-72.7130201,-12.8137479],[-72.7176285,-12.8126221],[-72.7221017,-12.8110611],[-72.7263964,-12.8090801],[-72.7304714,-12.806698],[-72.7342873,-12.8039379],[-72.7378075,-12.8008263],[-72.7409979,-12.7973932],[-72.743828,-12.7936716],[-72.7462705,-12.7896974],[-72.7483017,-12.7855089],[-72.7499022,-12.7811463],[-72.7510566,-12.7766518],[-72.7517537,-12.7720685],[-72.7519868,-12.7674407],[-72.7517537,-12.7628129],[-72.7510566,-12.7582297],[-72.7499022,-12.7537351],[-72.7483017,-12.7493726],[-72.7462705,-12.745184],[-72.743828,-12.7412098],[-72.7409979,-12.7374882],[-72.7378075,-12.7340551],[-72.7342873,-12.7309435],[-72.7304714,-12.7281834],[-72.7263964,-12.7258014],[-72.7221017,-12.7238203],[-72.7176285,-12.7222594],[-72.7130201,-12.7211335],[-72.7083206,-12.7204537],[-72.7035755,-12.7202263]]]},"properties":{"name":"Cerro San Jacinto","local_name":"Cerro San Jacinto","english_name":"Cerro San Jacinto","search_name":"Cerro San Jacinto Cerro San Jacinto Cerro San Jacinto Cerro San Jacinto Cerro San Jacinto Cerro San Jacinto","peak_elev":3227,"radius_m":5250,"layer":"平均突起响应半径","rank_pct":0.536,"center_lon":-72.70357546846627,"center_lat":-12.767440722841318,"max_mean_jut":341.931,"max_ats":162.8729,"r_jmean_peak":5250,"r_ats_peak":7000,"r_ats_marginal":937.5,"ats_marginal_rate_max":0.056023,"ats_marginal_interval_start":875,"ats_marginal_interval_end":1000,"ats_marginal_ats_mean":39.8907}},{"type":"Feature","geometry":{"type":"Polygon","coordinates":[[[-72.3688632,-13.2080115],[-72.3641087,-13.2082389],[-72.3594,-13.2089187],[-72.3547824,-13.2100446],[-72.3503005,-13.2116055],[-72.3459973,-13.2135866],[-72.3419143,-13.2159686],[-72.3380909,-13.2187287],[-72.3345638,-13.2218403],[-72.331367,-13.2252734],[-72.3285314,-13.228995],[-72.3260841,-13.2329692],[-72.3240489,-13.2371578],[-72.3224452,-13.2415203],[-72.3212886,-13.2460149],[-72.3205901,-13.2505981],[-72.3203565,-13.2552259],[-72.3205901,-13.2598537],[-72.3212886,-13.264437],[-72.3224452,-13.2689315],[-72.3240489,-13.2732941],[-72.3260841,-13.2774826],[-72.3285314,-13.2814568],[-72.331367,-13.2851784],[-72.3345638,-13.2886115],[-72.3380909,-13.2917231],[-72.3419143,-13.2944832],[-72.3459973,-13.2968653],[-72.3503005,-13.2988463],[-72.3547824,-13.3004073],[-72.3594,-13.3015331],[-72.3641087,-13.302213],[-72.3688632,-13.3024403],[-72.3736177,-13.302213],[-72.3783264,-13.3015331],[-72.3829439,-13.3004073],[-72.3874259,-13.2988463],[-72.3917291,-13.2968653],[-72.3958121,-13.2944832],[-72.3996355,-13.2917231],[-72.4031626,-13.2886115],[-72.4063594,-13.2851784],[-72.409195,-13.2814568],[-72.4116423,-13.2774826],[-72.4136775,-13.2732941],[-72.4152812,-13.2689315],[-72.4164378,-13.264437],[-72.4171363,-13.2598537],[-72.4173699,-13.2552259],[-72.4171363,-13.2505981],[-72.4164378,-13.2460149],[-72.4152812,-13.2415203],[-72.4136775,-13.2371578],[-72.4116423,-13.2329692],[-72.409195,-13.228995],[-72.4063594,-13.2252734],[-72.4031626,-13.2218403],[-72.3996355,-13.2187287],[-72.3958121,-13.2159686],[-72.3917291,-13.2135866],[-72.3874259,-13.2116055],[-72.3829439,-13.2100446],[-72.3783264,-13.2089187],[-72.3736177,-13.2082389],[-72.3688632,-13.2080115]]]},"properties":{"name":"Nevado Esquina","local_name":"Nevado Esquina","english_name":"Nevado Esquina","search_name":"Nevado Esquina Nevado Esquina Nevado Esquina Nevado Esquina Nevado Esquina Nevado Esquina","peak_elev":5012,"radius_m":5250,"layer":"平均突起响应半径","rank_pct":0.536,"center_lon":-72.36886319360333,"center_lat":-13.25522592211822,"max_mean_jut":447.2529,"max_ats":217.2774,"r_jmean_peak":5250,"r_ats_peak":5500,"r_ats_marginal":187.5,"ats_marginal_rate_max":0.139927,"ats_marginal_interval_start":125,"ats_marginal_interval_end":250,"ats_marginal_ats_mean":18.4794}},{"type":"Feature","geometry":{"type":"Polygon","coordinates":[[[-72.351346,-13.1115325],[-72.3465934,-13.1117598],[-72.3418866,-13.1124397],[-72.3372709,-13.1135655],[-72.3327907,-13.1151265],[-72.3284892,-13.1171075],[-72.3244078,-13.1194895],[-72.3205859,-13.1222496],[-72.3170602,-13.1253612],[-72.3138647,-13.1287944],[-72.3110301,-13.132516],[-72.3085839,-13.1364902],[-72.3065494,-13.1406787],[-72.3049464,-13.1450412],[-72.3037902,-13.1495358],[-72.303092,-13.154119],[-72.3028585,-13.1587469],[-72.303092,-13.1633747],[-72.3037902,-13.1679579],[-72.3049464,-13.1724525],[-72.3065494,-13.176815],[-72.3085839,-13.1810036],[-72.3110301,-13.1849778],[-72.3138647,-13.1886993],[-72.3170602,-13.1921325],[-72.3205859,-13.1952441],[-72.3244078,-13.1980042],[-72.3284892,-13.2003862],[-72.3327907,-13.2023673],[-72.3372709,-13.2039282],[-72.3418866,-13.205054],[-72.3465934,-13.2057339],[-72.351346,-13.2059612],[-72.3560987,-13.2057339],[-72.3608055,-13.205054],[-72.3654212,-13.2039282],[-72.3699014,-13.2023673],[-72.3742029,-13.2003862],[-72.3782843,-13.1980042],[-72.3821062,-13.1952441],[-72.3856319,-13.1921325],[-72.3888274,-13.1886993],[-72.3916619,-13.1849778],[-72.3941082,-13.1810036],[-72.3961427,-13.176815],[-72.3977457,-13.1724525],[-72.3989019,-13.1679579],[-72.3996001,-13.1633747],[-72.3998336,-13.1587469],[-72.3996001,-13.154119],[-72.3989019,-13.1495358],[-72.3977457,-13.1450412],[-72.3961427,-13.1406787],[-72.3941082,-13.1364902],[-72.3916619,-13.132516],[-72.3888274,-13.1287944],[-72.3856319,-13.1253612],[-72.3821062,-13.1222496],[-72.3782843,-13.1194895],[-72.3742029,-13.1171075],[-72.3699014,-13.1151265],[-72.3654212,-13.1135655],[-72.3608055,-13.1124397],[-72.3560987,-13.1117598],[-72.351346,-13.1115325]]]},"properties":{"name":"Nevado Marconi","local_name":"Nevado Marconi","english_name":"Nevado Marconi","search_name":"Nevado Marconi Nevado Marconi Nevado Marconi Nevado Marconi Nevado Marconi Nevado Marconi","peak_elev":5385,"radius_m":5250,"layer":"平均突起响应半径","rank_pct":0.536,"center_lon":-72.351346045563,"center_lat":-13.158746860603785,"max_mean_jut":422.9404,"max_ats":206.1776,"r_jmean_peak":5250,"r_ats_peak":8250,"r_ats_marginal":187.5,"ats_marginal_rate_max":0.184739,"ats_marginal_interval_start":125,"ats_marginal_interval_end":250,"ats_marginal_ats_mean":36.0161}},{"type":"Feature","geometry":{"type":"Polygon","coordinates":[[[-73.6362962,-13.3140153],[-73.6317662,-13.3142318],[-73.6272798,-13.3148793],[-73.6228802,-13.3159515],[-73.6186099,-13.3174381],[-73.6145099,-13.3193248],[-73.6106196,-13.3215934],[-73.6069767,-13.3242221],[-73.6036161,-13.3271855],[-73.6005703,-13.3304552],[-73.5978685,-13.3339995],[-73.5955368,-13.3377845],[-73.5935976,-13.3417736],[-73.5920697,-13.3459284],[-73.5909676,-13.3502089],[-73.5903021,-13.3545739],[-73.5900796,-13.3589813],[-73.5903021,-13.3633888],[-73.5909676,-13.3677538],[-73.5920697,-13.3720343],[-73.5935976,-13.3761891],[-73.5955368,-13.3801782],[-73.5978685,-13.3839632],[-73.6005703,-13.3875075],[-73.6036161,-13.3907772],[-73.6069767,-13.3937406],[-73.6106196,-13.3963693],[-73.6145099,-13.3986379],[-73.6186099,-13.4005246],[-73.6228802,-13.4020112],[-73.6272798,-13.4030834],[-73.6317662,-13.4037309],[-73.6362962,-13.4039474],[-73.6408262,-13.4037309],[-73.6453126,-13.4030834],[-73.6497122,-13.4020112],[-73.6539826,-13.4005246],[-73.6580826,-13.3986379],[-73.6619728,-13.3963693],[-73.6656157,-13.3937406],[-73.6689763,-13.3907772],[-73.6720222,-13.3875075],[-73.674724,-13.3839632],[-73.6770557,-13.3801782],[-73.6789948,-13.3761891],[-73.6805228,-13.3720343],[-73.6816248,-13.3677538],[-73.6822903,-13.3633888],[-73.6825129,-13.3589813],[-73.6822903,-13.3545739],[-73.6816248,-13.3502089],[-73.6805228,-13.3459284],[-73.6789948,-13.3417736],[-73.6770557,-13.3377845],[-73.674724,-13.3339995],[-73.6720222,-13.3304552],[-73.6689763,-13.3271855],[-73.6656157,-13.3242221],[-73.6619728,-13.3215934],[-73.6580826,-13.3193248],[-73.6539826,-13.3174381],[-73.6497122,-13.3159515],[-73.6453126,-13.3148793],[-73.6408262,-13.3142318],[-73.6362962,-13.3140153]]]},"properties":{"name":"Cerro Ayaviri","local_name":"Cerro Ayaviri","english_name":"Cerro Ayaviri","search_name":"Cerro Ayaviri Cerro Ayaviri Cerro Ayaviri Cerro Ayaviri Cerro Ayaviri Cerro Ayaviri","peak_elev":3612,"radius_m":5000,"layer":"平均突起响应半径","rank_pct":0.5547,"center_lon":-73.63629622796756,"center_lat":-13.358981337434024,"max_mean_jut":344.9364,"max_ats":156.1941,"r_jmean_peak":5000,"r_ats_peak":5250,"r_ats_marginal":1687.5,"ats_marginal_rate_max":0.047351,"ats_marginal_interval_start":1625,"ats_marginal_interval_end":1750,"ats_marginal_ats_mean":35.2082}},{"type":"Feature","geometry":{"type":"Polygon","coordinates":[[[-72.4308469,-15.7499768],[-72.4262666,-15.7501933],[-72.4217303,-15.7508408],[-72.4172818,-15.751913],[-72.4129639,-15.7533997],[-72.4088183,-15.7552864],[-72.4048849,-15.757555],[-72.4012014,-15.7601836],[-72.3978035,-15.7631471],[-72.3947238,-15.7664167],[-72.3919919,-15.7699611],[-72.3896343,-15.773746],[-72.3876736,-15.7777351],[-72.3861286,-15.7818899],[-72.3850143,-15.7861704],[-72.3843414,-15.7905354],[-72.3841164,-15.7949429],[-72.3843414,-15.7993503],[-72.3850143,-15.8037153],[-72.3861286,-15.8079959],[-72.3876736,-15.8121507],[-72.3896343,-15.8161398],[-72.3919919,-15.8199247],[-72.3947238,-15.8234691],[-72.3978035,-15.8267387],[-72.4012014,-15.8297021],[-72.4048849,-15.8323308],[-72.4088183,-15.8345994],[-72.4129639,-15.8364861],[-72.4172818,-15.8379727],[-72.4217303,-15.839045],[-72.4262666,-15.8396924],[-72.4308469,-15.839909],[-72.4354273,-15.8396924],[-72.4399636,-15.839045],[-72.4444121,-15.8379727],[-72.4487299,-15.8364861],[-72.4528756,-15.8345994],[-72.456809,-15.8323308],[-72.4604925,-15.8297021],[-72.4638904,-15.8267387],[-72.4669701,-15.8234691],[-72.469702,-15.8199247],[-72.4720596,-15.8161398],[-72.4740203,-15.8121507],[-72.4755653,-15.8079959],[-72.4766796,-15.8037153],[-72.4773525,-15.7993503],[-72.4775775,-15.7949429],[-72.4773525,-15.7905354],[-72.4766796,-15.7861704],[-72.4755653,-15.7818899],[-72.4740203,-15.7777351],[-72.4720596,-15.773746],[-72.469702,-15.7699611],[-72.4669701,-15.7664167],[-72.4638904,-15.7631471],[-72.4604925,-15.7601836],[-72.456809,-15.757555],[-72.4528756,-15.7552864],[-72.4487299,-15.7533997],[-72.4444121,-15.751913],[-72.4399636,-15.7508408],[-72.4354273,-15.7501933],[-72.4308469,-15.7499768]]]},"properties":{"name":"Cerro Paccpaco","local_name":"Cerro Paccpaco","english_name":"Cerro Paccpaco","search_name":"Cerro Paccpaco Cerro Paccpaco Cerro Paccpaco Cerro Paccpaco Cerro Paccpaco Cerro Paccpaco","peak_elev":3286,"radius_m":5000,"layer":"平均突起响应半径","rank_pct":0.5547,"center_lon":-72.43084694820759,"center_lat":-15.794942893380927,"max_mean_jut":320.9258,"max_ats":121.6822,"r_jmean_peak":5000,"r_ats_peak":5000,"r_ats_marginal":1312.5,"ats_marginal_rate_max":0.046758,"ats_marginal_interval_start":1250,"ats_marginal_interval_end":1375,"ats_marginal_ats_mean":47.3686}},{"type":"Feature","geometry":{"type":"Polygon","coordinates":[[[-75.8111175,-12.8162588],[-75.8065967,-12.8164753],[-75.8021193,-12.8171228],[-75.7977287,-12.818195],[-75.7934669,-12.8196816],[-75.7893752,-12.8215683],[-75.7854928,-12.8238369],[-75.7818573,-12.8264656],[-75.7785035,-12.829429],[-75.7754638,-12.8326987],[-75.7727675,-12.836243],[-75.7704405,-12.840028],[-75.7685052,-12.8440171],[-75.7669804,-12.8481719],[-75.7658806,-12.8524524],[-75.7652164,-12.8568174],[-75.7649943,-12.8612248],[-75.7652164,-12.8656323],[-75.7658806,-12.8699973],[-75.7669804,-12.8742778],[-75.7685052,-12.8784326],[-75.7704405,-12.8824217],[-75.7727675,-12.8862067],[-75.7754638,-12.889751],[-75.7785035,-12.8930207],[-75.7818573,-12.8959841],[-75.7854928,-12.8986128],[-75.7893752,-12.9008814],[-75.7934669,-12.9027681],[-75.7977287,-12.9042547],[-75.8021193,-12.9053269],[-75.8065967,-12.9059744],[-75.8111175,-12.9061909],[-75.8156384,-12.9059744],[-75.8201157,-12.9053269],[-75.8245064,-12.9042547],[-75.8287681,-12.9027681],[-75.8328599,-12.9008814],[-75.8367422,-12.8986128],[-75.8403778,-12.8959841],[-75.8437316,-12.8930207],[-75.8467713,-12.889751],[-75.8494676,-12.8862067],[-75.8517946,-12.8824217],[-75.8537298,-12.8784326],[-75.8552547,-12.8742778],[-75.8563545,-12.8699973],[-75.8570187,-12.8656323],[-75.8572407,-12.8612248],[-75.8570187,-12.8568174],[-75.8563545,-12.8524524],[-75.8552547,-12.8481719],[-75.8537298,-12.8440171],[-75.8517946,-12.840028],[-75.8494676,-12.836243],[-75.8467713,-12.8326987],[-75.8437316,-12.829429],[-75.8403778,-12.8264656],[-75.8367422,-12.8238369],[-75.8328599,-12.8215683],[-75.8287681,-12.8196816],[-75.8245064,-12.818195],[-75.8201157,-12.8171228],[-75.8156384,-12.8164753],[-75.8111175,-12.8162588]]]},"properties":{"name":"Cerro Pichacuna","local_name":"Cerro Pichacuna","english_name":"Cerro Pichacuna","search_name":"Cerro Pichacuna Cerro Pichacuna Cerro Pichacuna Cerro Pichacuna Cerro Pichacuna Cerro Pichacuna","peak_elev":3779,"radius_m":5000,"layer":"平均突起响应半径","rank_pct":0.5547,"center_lon":-75.81111753082094,"center_lat":-12.861224838503396,"max_mean_jut":232.5363,"max_ats":73.4358,"r_jmean_peak":5000,"r_ats_peak":5500,"r_ats_marginal":2375.0,"ats_marginal_rate_max":0.023457,"ats_marginal_interval_start":2250,"ats_marginal_interval_end":2500,"ats_marginal_ats_mean":36.0915}},{"type":"Feature","geometry":{"type":"Polygon","coordinates":[[[-72.3586224,-13.5872828],[-72.3540872,-13.5874993],[-72.3495957,-13.5881468],[-72.3451911,-13.589219],[-72.3409158,-13.5907056],[-72.3368111,-13.5925923],[-72.3329164,-13.5948609],[-72.3292693,-13.5974896],[-72.3259049,-13.600453],[-72.3228555,-13.6037227],[-72.3201507,-13.607267],[-72.3178163,-13.611052],[-72.3158749,-13.6150411],[-72.3143452,-13.6191959],[-72.3132419,-13.6234764],[-72.3125756,-13.6278414],[-72.3123528,-13.6322488],[-72.3125756,-13.6366563],[-72.3132419,-13.6410213],[-72.3143452,-13.6453018],[-72.3158749,-13.6494566],[-72.3178163,-13.6534457],[-72.3201507,-13.6572307],[-72.3228555,-13.660775],[-72.3259049,-13.6640447],[-72.3292693,-13.6670081],[-72.3329164,-13.6696368],[-72.3368111,-13.6719054],[-72.3409158,-13.6737921],[-72.3451911,-13.6752787],[-72.3495957,-13.6763509],[-72.3540872,-13.6769984],[-72.3586224,-13.6772149],[-72.3631576,-13.6769984],[-72.3676491,-13.6763509],[-72.3720537,-13.6752787],[-72.376329,-13.6737921],[-72.3804337,-13.6719054],[-72.3843284,-13.6696368],[-72.3879755,-13.6670081],[-72.3913399,-13.6640447],[-72.3943893,-13.660775],[-72.3970941,-13.6572307],[-72.3994285,-13.6534457],[-72.4013699,-13.6494566],[-72.4028996,-13.6453018],[-72.4040029,-13.6410213],[-72.4046692,-13.6366563],[-72.404892,-13.6322488],[-72.4046692,-13.6278414],[-72.4040029,-13.6234764],[-72.4028996,-13.6191959],[-72.4013699,-13.6150411],[-72.3994285,-13.611052],[-72.3970941,-13.607267],[-72.3943893,-13.6037227],[-72.3913399,-13.600453],[-72.3879755,-13.5974896],[-72.3843284,-13.5948609],[-72.3804337,-13.5925923],[-72.376329,-13.5907056],[-72.3720537,-13.589219],[-72.3676491,-13.5881468],[-72.3631576,-13.5874993],[-72.3586224,-13.5872828]]]},"properties":{"name":"Cerro Sevilla","local_name":"Cerro Sevilla","english_name":"Cerro Sevilla","search_name":"Cerro Sevilla Cerro Sevilla Cerro Sevilla Cerro Sevilla Cerro Sevilla Cerro Sevilla","peak_elev":4197,"radius_m":5000,"layer":"平均突起响应半径","rank_pct":0.5547,"center_lon":-72.35862239936438,"center_lat":-13.63224884686318,"max_mean_jut":286.0742,"max_ats":115.6128,"r_jmean_peak":5000,"r_ats_peak":5500,"r_ats_marginal":2875.0,"ats_marginal_rate_max":0.033619,"ats_marginal_interval_start":2750,"ats_marginal_interval_end":3000,"ats_marginal_ats_mean":67.3827}},{"type":"Feature","geometry":{"type":"Polygon","coordinates":[[[-75.8709453,-12.2621779],[-75.8664342,-12.2623944],[-75.8619665,-12.2630419],[-75.8575853,-12.2641141],[-75.8533328,-12.2656007],[-75.8492499,-12.2674874],[-75.8453759,-12.269756],[-75.8417482,-12.2723847],[-75.8384016,-12.2753482],[-75.8353685,-12.2786178],[-75.832678,-12.2821622],[-75.830356,-12.2859471],[-75.8284249,-12.2899362],[-75.8269033,-12.294091],[-75.8258059,-12.2983715],[-75.8251432,-12.3027365],[-75.8249216,-12.307144],[-75.8251432,-12.3115514],[-75.8258059,-12.3159164],[-75.8269033,-12.3201969],[-75.8284249,-12.3243517],[-75.830356,-12.3283408],[-75.832678,-12.3321258],[-75.8353685,-12.3356702],[-75.8384016,-12.3389398],[-75.8417482,-12.3419032],[-75.8453759,-12.3445319],[-75.8492499,-12.3468005],[-75.8533328,-12.3486872],[-75.8575853,-12.3501738],[-75.8619665,-12.351246],[-75.8664342,-12.3518935],[-75.8709453,-12.3521101],[-75.8754564,-12.3518935],[-75.8799241,-12.351246],[-75.8843053,-12.3501738],[-75.8885579,-12.3486872],[-75.8926408,-12.3468005],[-75.8965148,-12.3445319],[-75.9001425,-12.3419032],[-75.903489,-12.3389398],[-75.9065222,-12.3356702],[-75.9092127,-12.3321258],[-75.9115347,-12.3283408],[-75.9134657,-12.3243517],[-75.9149873,-12.3201969],[-75.9160847,-12.3159164],[-75.9167475,-12.3115514],[-75.9169691,-12.307144],[-75.9167475,-12.3027365],[-75.9160847,-12.2983715],[-75.9149873,-12.294091],[-75.9134657,-12.2899362],[-75.9115347,-12.2859471],[-75.9092127,-12.2821622],[-75.9065222,-12.2786178],[-75.903489,-12.2753482],[-75.9001425,-12.2723847],[-75.8965148,-12.269756],[-75.8926408,-12.2674874],[-75.8885579,-12.2656007],[-75.8843053,-12.2641141],[-75.8799241,-12.2630419],[-75.8754564,-12.2623944],[-75.8709453,-12.2621779]]]},"properties":{"name":"Cerro Shitapunta","local_name":"Cerro Shitapunta","english_name":"Cerro Shitapunta","search_name":"Cerro Shitapunta Cerro Shitapunta Cerro Shitapunta Cerro Shitapunta Cerro Shitapunta Cerro Shitapunta","peak_elev":5120,"radius_m":5000,"layer":"平均突起响应半径","rank_pct":0.5547,"center_lon":-75.87094532874329,"center_lat":-12.307143971258476,"max_mean_jut":213.3581,"max_ats":108.1847,"r_jmean_peak":5000,"r_ats_peak":1375,"r_ats_marginal":187.5,"ats_marginal_rate_max":0.179049,"ats_marginal_interval_start":125,"ats_marginal_interval_end":250,"ats_marginal_ats_mean":27.0737}},{"type":"Feature","geometry":{"type":"Polygon","coordinates":[[[-77.4226952,-8.4488295],[-77.4182388,-8.449046],[-77.4138254,-8.4496935],[-77.4094974,-8.4507657],[-77.4052965,-8.4522523],[-77.4012632,-8.454139],[-77.3974363,-8.4564077],[-77.3938526,-8.4590363],[-77.3905467,-8.4619998],[-77.3875504,-8.4652694],[-77.3848926,-8.4688138],[-77.3825988,-8.4725987],[-77.3806912,-8.4765878],[-77.3791881,-8.4807426],[-77.378104,-8.4850231],[-77.3774493,-8.4893881],[-77.3772304,-8.4937956],[-77.3774493,-8.498203],[-77.378104,-8.502568],[-77.3791881,-8.5068486],[-77.3806912,-8.5110034],[-77.3825988,-8.5149925],[-77.3848926,-8.5187774],[-77.3875504,-8.5223218],[-77.3905467,-8.5255914],[-77.3938526,-8.5285548],[-77.3974363,-8.5311835],[-77.4012632,-8.5334521],[-77.4052965,-8.5353388],[-77.4094974,-8.5368254],[-77.4138254,-8.5378977],[-77.4182388,-8.5385451],[-77.4226952,-8.5387617],[-77.4271515,-8.5385451],[-77.4315649,-8.5378977],[-77.4358929,-8.5368254],[-77.4400938,-8.5353388],[-77.4441271,-8.5334521],[-77.447954,-8.5311835],[-77.4515377,-8.5285548],[-77.4548436,-8.5255914],[-77.4578399,-8.5223218],[-77.4604977,-8.5187774],[-77.4627915,-8.5149925],[-77.4646991,-8.5110034],[-77.4662022,-8.5068486],[-77.4672863,-8.502568],[-77.467941,-8.498203],[-77.4681599,-8.4937956],[-77.467941,-8.4893881],[-77.4672863,-8.4850231],[-77.4662022,-8.4807426],[-77.4646991,-8.4765878],[-77.4627915,-8.4725987],[-77.4604977,-8.4688138],[-77.4578399,-8.4652694],[-77.4548436,-8.4619998],[-77.4515377,-8.4590363],[-77.447954,-8.4564077],[-77.4441271,-8.454139],[-77.4400938,-8.4522523],[-77.4358929,-8.4507657],[-77.4315649,-8.4496935],[-77.4271515,-8.449046],[-77.4226952,-8.4488295]]]},"properties":{"name":"Cerro Ullun Grande","local_name":"Cerro Ullun Grande","english_name":"Cerro Ullun Grande","search_name":"Cerro Ullun Grande Cerro Ullun Grande Cerro Ullun Grande Cerro Ullun Grande Cerro Ullun Grande Cerro Ullun Grande","peak_elev":3975,"radius_m":5000,"layer":"平均突起响应半径","rank_pct":0.5547,"center_lon":-77.42269515053135,"center_lat":-8.493795590171107,"max_mean_jut":359.5197,"max_ats":147.2293,"r_jmean_peak":5000,"r_ats_peak":5750,"r_ats_marginal":687.5,"ats_marginal_rate_max":0.094931,"ats_marginal_interval_start":625,"ats_marginal_interval_end":750,"ats_marginal_ats_mean":39.4525}},{"type":"Feature","geometry":{"type":"Polygon","coordinates":[[[-77.6202347,-9.0565398],[-77.615771,-9.0567563],[-77.6113504,-9.0574038],[-77.6070153,-9.058476],[-77.6028075,-9.0599626],[-77.5987675,-9.0618493],[-77.5949343,-9.064118],[-77.5913448,-9.0667466],[-77.5880334,-9.0697101],[-77.5850322,-9.0729797],[-77.58237,-9.0765241],[-77.5800725,-9.080309],[-77.5781617,-9.0842981],[-77.5766562,-9.0884529],[-77.5755703,-9.0927334],[-77.5749145,-9.0970984],[-77.5746952,-9.1015059],[-77.5749145,-9.1059133],[-77.5755703,-9.1102783],[-77.5766562,-9.1145588],[-77.5781617,-9.1187137],[-77.5800725,-9.1227027],[-77.58237,-9.1264877],[-77.5850322,-9.1300321],[-77.5880334,-9.1333017],[-77.5913448,-9.1362651],[-77.5949343,-9.1388938],[-77.5987675,-9.1411624],[-77.6028075,-9.1430491],[-77.6070153,-9.1445357],[-77.6113504,-9.1456079],[-77.615771,-9.1462554],[-77.6202347,-9.146472],[-77.6246983,-9.1462554],[-77.629119,-9.1456079],[-77.6334541,-9.1445357],[-77.6376619,-9.1430491],[-77.6417018,-9.1411624],[-77.645535,-9.1388938],[-77.6491246,-9.1362651],[-77.6524359,-9.1333017],[-77.6554371,-9.1300321],[-77.6580993,-9.1264877],[-77.6603969,-9.1227027],[-77.6623076,-9.1187137],[-77.6638132,-9.1145588],[-77.6648991,-9.1102783],[-77.6655548,-9.1059133],[-77.6657741,-9.1015059],[-77.6655548,-9.0970984],[-77.6648991,-9.0927334],[-77.6638132,-9.0884529],[-77.6623076,-9.0842981],[-77.6603969,-9.080309],[-77.6580993,-9.0765241],[-77.6554371,-9.0729797],[-77.6524359,-9.0697101],[-77.6491246,-9.0667466],[-77.645535,-9.064118],[-77.6417018,-9.0618493],[-77.6376619,-9.0599626],[-77.6334541,-9.058476],[-77.629119,-9.0574038],[-77.6246983,-9.0567563],[-77.6202347,-9.0565398]]]},"properties":{"name":"Huascarán Norte","local_name":"Huascarán Norte","english_name":"Huascarán Norte","search_name":"Huascarán Norte Huascarán Norte Huascarán Norte Huascarán Norte Huascarán Norte Huascarán Norte","peak_elev":6536,"radius_m":5000,"layer":"平均突起响应半径","rank_pct":0.5547,"center_lon":-77.62023468150923,"center_lat":-9.101505879877962,"max_mean_jut":719.793,"max_ats":387.8226,"r_jmean_peak":5000,"r_ats_peak":8750,"r_ats_marginal":1062.5,"ats_marginal_rate_max":0.282038,"ats_marginal_interval_start":1000,"ats_marginal_interval_end":1125,"ats_marginal_ats_mean":151.7772}},{"type":"Feature","geometry":{"type":"Polygon","coordinates":[[[-75.3298002,4.7035842],[-75.3253781,4.7033677],[-75.3209987,4.7027202],[-75.316704,4.701648],[-75.3125354,4.7001614],[-75.3085331,4.6982747],[-75.3047356,4.6960061],[-75.3011795,4.6933774],[-75.297899,4.690414],[-75.2949257,4.6871443],[-75.2922883,4.6836],[-75.2900122,4.679815],[-75.2881193,4.6758259],[-75.2866277,4.6716711],[-75.2855519,4.6673906],[-75.2849023,4.6630256],[-75.2846851,4.6586181],[-75.2849023,4.6542107],[-75.2855519,4.6498457],[-75.2866277,4.6455652],[-75.2881193,4.6414104],[-75.2900122,4.6374213],[-75.2922883,4.6336363],[-75.2949257,4.630092],[-75.297899,4.6268223],[-75.3011795,4.6238589],[-75.3047356,4.6212302],[-75.3085331,4.6189616],[-75.3125354,4.6170749],[-75.316704,4.6155883],[-75.3209987,4.6145161],[-75.3253781,4.6138686],[-75.3298002,4.6136521],[-75.3342223,4.6138686],[-75.3386017,4.6145161],[-75.3428964,4.6155883],[-75.347065,4.6170749],[-75.3510673,4.6189616],[-75.3548648,4.6212302],[-75.3584209,4.6238589],[-75.3617014,4.6268223],[-75.3646747,4.630092],[-75.3673121,4.6336363],[-75.3695882,4.6374213],[-75.3714811,4.6414104],[-75.3729727,4.6455652],[-75.3740485,4.6498457],[-75.3746981,4.6542107],[-75.3749153,4.6586181],[-75.3746981,4.6630256],[-75.3740485,4.6673906],[-75.3729727,4.6716711],[-75.3714811,4.6758259],[-75.3695882,4.679815],[-75.3673121,4.6836],[-75.3646747,4.6871443],[-75.3617014,4.690414],[-75.3584209,4.6933774],[-75.3548648,4.6960061],[-75.3510673,4.6982747],[-75.347065,4.7001614],[-75.3428964,4.701648],[-75.3386017,4.7027202],[-75.3342223,4.7033677],[-75.3298002,4.7035842]]]},"properties":{"name":"Nevado del Tolima","local_name":"Nevado del Tolima","english_name":"Nevado del Tolima","search_name":"Nevado del Tolima Nevado del Tolima Nevado del Tolima Nevado del Tolima Nevado del Tolima Nevado del Tolima","peak_elev":5218,"radius_m":5000,"layer":"平均突起响应半径","rank_pct":0.5547,"center_lon":-75.32980020158969,"center_lat":4.658618147679633,"max_mean_jut":432.0809,"max_ats":221.59,"r_jmean_peak":5000,"r_ats_peak":5000,"r_ats_marginal":1062.5,"ats_marginal_rate_max":0.137804,"ats_marginal_interval_start":1000,"ats_marginal_interval_end":1125,"ats_marginal_ats_mean":75.7652}},{"type":"Feature","geometry":{"type":"Polygon","coordinates":[[[-74.8587237,-11.6939062],[-74.8544472,-11.6941119],[-74.8502119,-11.694727],[-74.8460586,-11.6957456],[-74.8420272,-11.6971579],[-74.8381567,-11.6989502],[-74.8344842,-11.7011054],[-74.8310451,-11.7036026],[-74.8278726,-11.7064179],[-74.8249973,-11.7095241],[-74.8224467,-11.7128912],[-74.8202455,-11.7164869],[-74.8184149,-11.7202765],[-74.8169724,-11.7242236],[-74.8159321,-11.7282901],[-74.8153038,-11.7324369],[-74.8150937,-11.7366239],[-74.8153038,-11.740811],[-74.8159321,-11.7449578],[-74.8169724,-11.7490243],[-74.8184149,-11.7529713],[-74.8202455,-11.756761],[-74.8224467,-11.7603567],[-74.8249973,-11.7637238],[-74.8278726,-11.76683],[-74.8310451,-11.7696452],[-74.8344842,-11.7721425],[-74.8381567,-11.7742976],[-74.8420272,-11.77609],[-74.8460586,-11.7775023],[-74.8502119,-11.7785209],[-74.8544472,-11.779136],[-74.8587237,-11.7793417],[-74.8630001,-11.779136],[-74.8672354,-11.7785209],[-74.8713888,-11.7775023],[-74.8754201,-11.77609],[-74.8792907,-11.7742976],[-74.8829632,-11.7721425],[-74.8864022,-11.7696452],[-74.8895747,-11.76683],[-74.8924501,-11.7637238],[-74.8950006,-11.7603567],[-74.8972018,-11.756761],[-74.8990325,-11.7529713],[-74.9004749,-11.7490243],[-74.9015153,-11.7449578],[-74.9021435,-11.740811],[-74.9023536,-11.7366239],[-74.9021435,-11.7324369],[-74.9015153,-11.7282901],[-74.9004749,-11.7242236],[-74.8990325,-11.7202765],[-74.8972018,-11.7164869],[-74.8950006,-11.7128912],[-74.8924501,-11.7095241],[-74.8895747,-11.7064179],[-74.8864022,-11.7036026],[-74.8829632,-11.7011054],[-74.8792907,-11.6989502],[-74.8754201,-11.6971579],[-74.8713888,-11.6957456],[-74.8672354,-11.694727],[-74.8630001,-11.6941119],[-74.8587237,-11.6939062]]]},"properties":{"name":"Cerro Aplauno","local_name":"Cerro Aplauno","english_name":"Cerro Aplauno","search_name":"Cerro Aplauno Cerro Aplauno Cerro Aplauno Cerro Aplauno Cerro Aplauno Cerro Aplauno","peak_elev":4386,"radius_m":4750,"layer":"平均突起响应半径","rank_pct":0.576,"center_lon":-74.85872366659741,"center_lat":-11.736623934314167,"max_mean_jut":274.4651,"max_ats":104.0841,"r_jmean_peak":4750,"r_ats_peak":5000,"r_ats_marginal":187.5,"ats_marginal_rate_max":0.076061,"ats_marginal_interval_start":125,"ats_marginal_interval_end":250,"ats_marginal_ats_mean":11.5233}},{"type":"Feature","geometry":{"type":"Polygon","coordinates":[[[-75.8968168,-12.3878547],[-75.8925292,-12.3880604],[-75.8882829,-12.3886755],[-75.8841188,-12.3896941],[-75.880077,-12.3911064],[-75.8761964,-12.3928988],[-75.8725144,-12.395054],[-75.8690664,-12.3975512],[-75.8658857,-12.4003665],[-75.8630028,-12.4034726],[-75.8604456,-12.4068398],[-75.8582387,-12.4104355],[-75.8564033,-12.4142251],[-75.8549572,-12.4181722],[-75.8539141,-12.4222387],[-75.8532842,-12.4263854],[-75.8530736,-12.4305725],[-75.8532842,-12.4347596],[-75.8539141,-12.4389063],[-75.8549572,-12.4429728],[-75.8564033,-12.4469199],[-75.8582387,-12.4507095],[-75.8604456,-12.4543052],[-75.8630028,-12.4576724],[-75.8658857,-12.4607785],[-75.8690664,-12.4635938],[-75.8725144,-12.466091],[-75.8761964,-12.4682462],[-75.880077,-12.4700386],[-75.8841188,-12.4714509],[-75.8882829,-12.4724695],[-75.8925292,-12.4730846],[-75.8968168,-12.4732903],[-75.9011044,-12.4730846],[-75.9053507,-12.4724695],[-75.9095148,-12.4714509],[-75.9135566,-12.4700386],[-75.9174372,-12.4682462],[-75.9211192,-12.466091],[-75.9245672,-12.4635938],[-75.9277479,-12.4607785],[-75.9306308,-12.4576724],[-75.933188,-12.4543052],[-75.9353949,-12.4507095],[-75.9372303,-12.4469199],[-75.9386765,-12.4429728],[-75.9397195,-12.4389063],[-75.9403494,-12.4347596],[-75.94056,-12.4305725],[-75.9403494,-12.4263854],[-75.9397195,-12.4222387],[-75.9386765,-12.4181722],[-75.9372303,-12.4142251],[-75.9353949,-12.4104355],[-75.933188,-12.4068398],[-75.9306308,-12.4034726],[-75.9277479,-12.4003665],[-75.9245672,-12.3975512],[-75.9211192,-12.395054],[-75.9174372,-12.3928988],[-75.9135566,-12.3911064],[-75.9095148,-12.3896941],[-75.9053507,-12.3886755],[-75.9011044,-12.3880604],[-75.8968168,-12.3878547]]]},"properties":{"name":"Cerro Chacharda","local_name":"Cerro Chacharda","english_name":"Cerro Chacharda","search_name":"Cerro Chacharda Cerro Chacharda Cerro Chacharda Cerro Chacharda Cerro Chacharda Cerro Chacharda","peak_elev":4228,"radius_m":4750,"layer":"平均突起响应半径","rank_pct":0.576,"center_lon":-75.89681680892593,"center_lat":-12.430572491296498,"max_mean_jut":202.641,"max_ats":59.1399,"r_jmean_peak":4750,"r_ats_peak":5000,"r_ats_marginal":187.5,"ats_marginal_rate_max":0.090721,"ats_marginal_interval_start":125,"ats_marginal_interval_end":250,"ats_marginal_ats_mean":17.0558}},{"type":"Feature","geometry":{"type":"Polygon","coordinates":[[[-72.3173897,-47.5566286],[-72.3111803,-47.5568343],[-72.3050307,-47.5574494],[-72.2990001,-47.558468],[-72.2931466,-47.5598803],[-72.2875266,-47.5616727],[-72.2821942,-47.5638278],[-72.2772007,-47.5663251],[-72.2725943,-47.5691403],[-72.2684193,-47.5722465],[-72.2647159,-47.5756136],[-72.2615198,-47.5792093],[-72.2588617,-47.582999],[-72.2567673,-47.5869461],[-72.2552567,-47.5910125],[-72.2543445,-47.5951593],[-72.2540395,-47.5993464],[-72.2543445,-47.6035334],[-72.2552567,-47.6076802],[-72.2567673,-47.6117467],[-72.2588617,-47.6156938],[-72.2615198,-47.6194834],[-72.2647159,-47.6230791],[-72.2684193,-47.6264462],[-72.2725943,-47.6295524],[-72.2772007,-47.6323677],[-72.2821942,-47.6348649],[-72.2875266,-47.6370201],[-72.2931466,-47.6388124],[-72.2990001,-47.6402247],[-72.3050307,-47.6412433],[-72.3111803,-47.6418584],[-72.3173897,-47.6420641],[-72.3235991,-47.6418584],[-72.3297488,-47.6412433],[-72.3357793,-47.6402247],[-72.3416328,-47.6388124],[-72.3472528,-47.6370201],[-72.3525853,-47.6348649],[-72.3575787,-47.6323677],[-72.3621851,-47.6295524],[-72.3663602,-47.6264462],[-72.3700636,-47.6230791],[-72.3732597,-47.6194834],[-72.3759178,-47.6156938],[-72.3780122,-47.6117467],[-72.3795227,-47.6076802],[-72.380435,-47.6035334],[-72.38074,-47.5993464],[-72.380435,-47.5951593],[-72.3795227,-47.5910125],[-72.3780122,-47.5869461],[-72.3759178,-47.582999],[-72.3732597,-47.5792093],[-72.3700636,-47.5756136],[-72.3663602,-47.5722465],[-72.3621851,-47.5691403],[-72.3575787,-47.5663251],[-72.3525853,-47.5638278],[-72.3472528,-47.5616727],[-72.3416328,-47.5598803],[-72.3357793,-47.558468],[-72.3297488,-47.5574494],[-72.3235991,-47.5568343],[-72.3173897,-47.5566286]]]},"properties":{"name":"Cerro Cochrane","local_name":"Cerro Cochrane","english_name":"Cerro Cochrane","search_name":"Cerro Cochrane Cerro Cochrane Cerro Cochrane Cerro Cochrane Cerro Cochrane Cerro Cochrane","peak_elev":3263,"radius_m":4750,"layer":"平均突起响应半径","rank_pct":0.576,"center_lon":-72.31738972782328,"center_lat":-47.599346369990535,"max_mean_jut":485.1771,"max_ats":273.7664,"r_jmean_peak":4750,"r_ats_peak":6000,"r_ats_marginal":312.5,"ats_marginal_rate_max":0.154666,"ats_marginal_interval_start":250,"ats_marginal_interval_end":375,"ats_marginal_ats_mean":25.9028}},{"type":"Feature","geometry":{"type":"Polygon","coordinates":[[[-76.4535926,-11.8838998],[-76.4493132,-11.8841055],[-76.4450749,-11.8847207],[-76.4409187,-11.8857393],[-76.4368846,-11.8871515],[-76.4330113,-11.8889439],[-76.4293363,-11.8910991],[-76.4258948,-11.8935963],[-76.4227202,-11.8964116],[-76.4198428,-11.8995177],[-76.4172904,-11.9028849],[-76.4150877,-11.9064806],[-76.4132558,-11.9102702],[-76.4118124,-11.9142173],[-76.4107713,-11.9182838],[-76.4101426,-11.9224305],[-76.4099324,-11.9266176],[-76.4101426,-11.9308047],[-76.4107713,-11.9349514],[-76.4118124,-11.9390179],[-76.4132558,-11.942965],[-76.4150877,-11.9467546],[-76.4172904,-11.9503503],[-76.4198428,-11.9537175],[-76.4227202,-11.9568236],[-76.4258948,-11.9596389],[-76.4293363,-11.9621361],[-76.4330113,-11.9642913],[-76.4368846,-11.9660837],[-76.4409187,-11.967496],[-76.4450749,-11.9685146],[-76.4493132,-11.9691297],[-76.4535926,-11.9693354],[-76.4578721,-11.9691297],[-76.4621103,-11.9685146],[-76.4662665,-11.967496],[-76.4703007,-11.9660837],[-76.4741739,-11.9642913],[-76.477849,-11.9621361],[-76.4812904,-11.9596389],[-76.4844651,-11.9568236],[-76.4873425,-11.9537175],[-76.4898948,-11.9503503],[-76.4920975,-11.9467546],[-76.4939294,-11.942965],[-76.4953729,-11.9390179],[-76.496414,-11.9349514],[-76.4970427,-11.9308047],[-76.4972529,-11.9266176],[-76.4970427,-11.9224305],[-76.496414,-11.9182838],[-76.4953729,-11.9142173],[-76.4939294,-11.9102702],[-76.4920975,-11.9064806],[-76.4898948,-11.9028849],[-76.4873425,-11.8995177],[-76.4844651,-11.8964116],[-76.4812904,-11.8935963],[-76.477849,-11.8910991],[-76.4741739,-11.8889439],[-76.4703007,-11.8871515],[-76.4662665,-11.8857393],[-76.4621103,-11.8847207],[-76.4578721,-11.8841055],[-76.4535926,-11.8838998]]]},"properties":{"name":"Cerro Huacre","local_name":"Cerro Huacre","english_name":"Cerro Huacre","search_name":"Cerro Huacre Cerro Huacre Cerro Huacre Cerro Huacre Cerro Huacre Cerro Huacre","peak_elev":4452,"radius_m":4750,"layer":"平均突起响应半径","rank_pct":0.576,"center_lon":-76.45359262202321,"center_lat":-11.926617616905446,"max_mean_jut":466.7345,"max_ats":194.4828,"r_jmean_peak":4750,"r_ats_peak":4750,"r_ats_marginal":437.5,"ats_marginal_rate_max":0.108561,"ats_marginal_interval_start":375,"ats_marginal_interval_end":500,"ats_marginal_ats_mean":34.243}},{"type":"Feature","geometry":{"type":"Polygon","coordinates":[[[-77.428085,-8.2236244],[-77.423854,-8.2238301],[-77.4196637,-8.2244452],[-77.4155545,-8.2254638],[-77.411566,-8.2268761],[-77.4077366,-8.2286684],[-77.4041032,-8.2308236],[-77.4007007,-8.2333209],[-77.3975619,-8.2361361],[-77.3947171,-8.2392423],[-77.3921936,-8.2426094],[-77.3900158,-8.2462051],[-77.3882046,-8.2499948],[-77.3867775,-8.2539418],[-77.3857482,-8.2580083],[-77.3851266,-8.2621551],[-77.3849188,-8.2663422],[-77.3851266,-8.2705292],[-77.3857482,-8.274676],[-77.3867775,-8.2787425],[-77.3882046,-8.2826895],[-77.3900158,-8.2864792],[-77.3921936,-8.2900749],[-77.3947171,-8.293442],[-77.3975619,-8.2965482],[-77.4007007,-8.2993634],[-77.4041032,-8.3018607],[-77.4077366,-8.3040159],[-77.411566,-8.3058082],[-77.4155545,-8.3072205],[-77.4196637,-8.3082391],[-77.423854,-8.3088542],[-77.428085,-8.3090599],[-77.4323161,-8.3088542],[-77.4365064,-8.3082391],[-77.4406155,-8.3072205],[-77.4446041,-8.3058082],[-77.4484335,-8.3040159],[-77.4520669,-8.3018607],[-77.4554694,-8.2993634],[-77.4586082,-8.2965482],[-77.461453,-8.293442],[-77.4639765,-8.2900749],[-77.4661543,-8.2864792],[-77.4679655,-8.2826895],[-77.4693926,-8.2787425],[-77.4704219,-8.274676],[-77.4710434,-8.2705292],[-77.4712513,-8.2663422],[-77.4710434,-8.2621551],[-77.4704219,-8.2580083],[-77.4693926,-8.2539418],[-77.4679655,-8.2499948],[-77.4661543,-8.2462051],[-77.4639765,-8.2426094],[-77.461453,-8.2392423],[-77.4586082,-8.2361361],[-77.4554694,-8.2333209],[-77.4520669,-8.2308236],[-77.4484335,-8.2286684],[-77.4446041,-8.2268761],[-77.4406155,-8.2254638],[-77.4365064,-8.2244452],[-77.4323161,-8.2238301],[-77.428085,-8.2236244]]]},"properties":{"name":"Cerro Huanchí","local_name":"Cerro Huanchí","english_name":"Cerro Huanchí","search_name":"Cerro Huanchí Cerro Huanchí Cerro Huanchí Cerro Huanchí Cerro Huanchí Cerro Huanchí","peak_elev":4022,"radius_m":4750,"layer":"平均突起响应半径","rank_pct":0.576,"center_lon":-77.42808504223606,"center_lat":-8.266342160232044,"max_mean_jut":345.8886,"max_ats":157.2621,"r_jmean_peak":4750,"r_ats_peak":6250,"r_ats_marginal":187.5,"ats_marginal_rate_max":0.083928,"ats_marginal_interval_start":125,"ats_marginal_interval_end":250,"ats_marginal_ats_mean":12.5671}},{"type":"Feature","geometry":{"type":"Polygon","coordinates":[[[-78.000222,-9.2010812],[-77.9959799,-9.2012869],[-77.9917786,-9.2019021],[-77.9876586,-9.2029207],[-77.9836596,-9.2043329],[-77.9798201,-9.2061253],[-77.9761771,-9.2082805],[-77.9727656,-9.2107777],[-77.9696186,-9.213593],[-77.9667663,-9.2166992],[-77.9642362,-9.2200663],[-77.9620527,-9.223662],[-77.9602367,-9.2274516],[-77.9588058,-9.2313987],[-77.9577738,-9.2354652],[-77.9571506,-9.2396119],[-77.9569422,-9.243799],[-77.9571506,-9.2479861],[-77.9577738,-9.2521328],[-77.9588058,-9.2561993],[-77.9602367,-9.2601464],[-77.9620527,-9.263936],[-77.9642362,-9.2675317],[-77.9667663,-9.2708989],[-77.9696186,-9.2740051],[-77.9727656,-9.2768203],[-77.9761771,-9.2793176],[-77.9798201,-9.2814727],[-77.9836596,-9.2832651],[-77.9876586,-9.2846774],[-77.9917786,-9.285696],[-77.9959799,-9.2863111],[-78.000222,-9.2865168],[-78.0044642,-9.2863111],[-78.0086655,-9.285696],[-78.0127855,-9.2846774],[-78.0167845,-9.2832651],[-78.020624,-9.2814727],[-78.024267,-9.2793176],[-78.0276785,-9.2768203],[-78.0308255,-9.2740051],[-78.0336778,-9.2708989],[-78.0362079,-9.2675317],[-78.0383914,-9.263936],[-78.0402074,-9.2601464],[-78.0416383,-9.2561993],[-78.0426703,-9.2521328],[-78.0432935,-9.2479861],[-78.0435019,-9.243799],[-78.0432935,-9.2396119],[-78.0426703,-9.2354652],[-78.0416383,-9.2313987],[-78.0402074,-9.2274516],[-78.0383914,-9.223662],[-78.0362079,-9.2200663],[-78.0336778,-9.2166992],[-78.0308255,-9.213593],[-78.0276785,-9.2107777],[-78.024267,-9.2082805],[-78.020624,-9.2061253],[-78.0167845,-9.2043329],[-78.0127855,-9.2029207],[-78.0086655,-9.2019021],[-78.0044642,-9.2012869],[-78.000222,-9.2010812]]]},"properties":{"name":"Cerro Huanpu","local_name":"Cerro Huanpu","english_name":"Cerro Huanpu","search_name":"Cerro Huanpu Cerro Huanpu Cerro Huanpu Cerro Huanpu Cerro Huanpu Cerro Huanpu","peak_elev":4089,"radius_m":4750,"layer":"平均突起响应半径","rank_pct":0.576,"center_lon":-78.00022204669179,"center_lat":-9.243799020882497,"max_mean_jut":363.2192,"max_ats":162.2579,"r_jmean_peak":4750,"r_ats_peak":4750,"r_ats_marginal":1812.5,"ats_marginal_rate_max":0.072829,"ats_marginal_interval_start":1750,"ats_marginal_interval_end":1875,"ats_marginal_ats_mean":106.8262}},{"type":"Feature","geometry":{"type":"Polygon","coordinates":[[[-76.3802901,-11.8388942],[-76.3760113,-11.8390999],[-76.3717738,-11.8397151],[-76.3676183,-11.8407337],[-76.3635848,-11.8421459],[-76.3597122,-11.8439383],[-76.3560378,-11.8460935],[-76.3525969,-11.8485907],[-76.3494227,-11.851406],[-76.3465458,-11.8545122],[-76.3439939,-11.8578793],[-76.3417916,-11.861475],[-76.3399599,-11.8652646],[-76.3385167,-11.8692117],[-76.3374758,-11.8732782],[-76.3368473,-11.8774249],[-76.3366371,-11.881612],[-76.3368473,-11.8857991],[-76.3374758,-11.8899458],[-76.3385167,-11.8940123],[-76.3399599,-11.8979594],[-76.3417916,-11.901749],[-76.3439939,-11.9053447],[-76.3465458,-11.9087119],[-76.3494227,-11.9118181],[-76.3525969,-11.9146333],[-76.3560378,-11.9171306],[-76.3597122,-11.9192857],[-76.3635848,-11.9210781],[-76.3676183,-11.9224904],[-76.3717738,-11.923509],[-76.3760113,-11.9241241],[-76.3802901,-11.9243298],[-76.3845688,-11.9241241],[-76.3888064,-11.923509],[-76.3929619,-11.9224904],[-76.3969954,-11.9210781],[-76.400868,-11.9192857],[-76.4045424,-11.9171306],[-76.4079833,-11.9146333],[-76.4111575,-11.9118181],[-76.4140343,-11.9087119],[-76.4165863,-11.9053447],[-76.4187886,-11.901749],[-76.4206202,-11.8979594],[-76.4220634,-11.8940123],[-76.4231044,-11.8899458],[-76.4237329,-11.8857991],[-76.4239431,-11.881612],[-76.4237329,-11.8774249],[-76.4231044,-11.8732782],[-76.4220634,-11.8692117],[-76.4206202,-11.8652646],[-76.4187886,-11.861475],[-76.4165863,-11.8578793],[-76.4140343,-11.8545122],[-76.4111575,-11.851406],[-76.4079833,-11.8485907],[-76.4045424,-11.8460935],[-76.400868,-11.8439383],[-76.3969954,-11.8421459],[-76.3929619,-11.8407337],[-76.3888064,-11.8397151],[-76.3845688,-11.8390999],[-76.3802901,-11.8388942]]]},"properties":{"name":"Cerro Jatun Viejo","local_name":"Cerro Jatun Viejo","english_name":"Cerro Jatun Viejo","search_name":"Cerro Jatun Viejo Cerro Jatun Viejo Cerro Jatun Viejo Cerro Jatun Viejo Cerro Jatun Viejo Cerro Jatun Viejo","peak_elev":4253,"radius_m":4750,"layer":"平均突起响应半径","rank_pct":0.576,"center_lon":-76.38029009483905,"center_lat":-11.881612021171058,"max_mean_jut":237.8377,"max_ats":70.3799,"r_jmean_peak":4750,"r_ats_peak":4750,"r_ats_marginal":1562.5,"ats_marginal_rate_max":0.041604,"ats_marginal_interval_start":1500,"ats_marginal_interval_end":1625,"ats_marginal_ats_mean":38.7067}},{"type":"Feature","geometry":{"type":"Polygon","coordinates":[[[-77.3674488,-8.4187385],[-77.3632156,-8.4189442],[-77.3590232,-8.4195593],[-77.354912,-8.4205779],[-77.3509215,-8.4219902],[-77.3470901,-8.4237825],[-77.3434549,-8.4259377],[-77.3400507,-8.428435],[-77.3369103,-8.4312502],[-77.3340641,-8.4343564],[-77.3315394,-8.4377235],[-77.3293605,-8.4413192],[-77.3275484,-8.4451089],[-77.3261205,-8.4490559],[-77.3250907,-8.4531224],[-77.3244688,-8.4572692],[-77.3242609,-8.4614562],[-77.3244688,-8.4656433],[-77.3250907,-8.4697901],[-77.3261205,-8.4738566],[-77.3275484,-8.4778036],[-77.3293605,-8.4815933],[-77.3315394,-8.485189],[-77.3340641,-8.4885561],[-77.3369103,-8.4916623],[-77.3400507,-8.4944775],[-77.3434549,-8.4969748],[-77.3470901,-8.49913],[-77.3509215,-8.5009223],[-77.354912,-8.5023346],[-77.3590232,-8.5033532],[-77.3632156,-8.5039683],[-77.3674488,-8.504174],[-77.3716819,-8.5039683],[-77.3758743,-8.5033532],[-77.3799855,-8.5023346],[-77.383976,-8.5009223],[-77.3878074,-8.49913],[-77.3914427,-8.4969748],[-77.3948469,-8.4944775],[-77.3979872,-8.4916623],[-77.4008334,-8.4885561],[-77.4033582,-8.485189],[-77.4055371,-8.4815933],[-77.4073492,-8.4778036],[-77.408777,-8.4738566],[-77.4098068,-8.4697901],[-77.4104287,-8.4656433],[-77.4106366,-8.4614562],[-77.4104287,-8.4572692],[-77.4098068,-8.4531224],[-77.408777,-8.4490559],[-77.4073492,-8.4451089],[-77.4055371,-8.4413192],[-77.4033582,-8.4377235],[-77.4008334,-8.4343564],[-77.3979872,-8.4312502],[-77.3948469,-8.428435],[-77.3914427,-8.4259377],[-77.3878074,-8.4237825],[-77.383976,-8.4219902],[-77.3799855,-8.4205779],[-77.3758743,-8.4195593],[-77.3716819,-8.4189442],[-77.3674488,-8.4187385]]]},"properties":{"name":"Cerro Llagllan","local_name":"Cerro Llagllan","english_name":"Cerro Llagllan","search_name":"Cerro Llagllan Cerro Llagllan Cerro Llagllan Cerro Llagllan Cerro Llagllan Cerro Llagllan","peak_elev":3850,"radius_m":4750,"layer":"平均突起响应半径","rank_pct":0.576,"center_lon":-77.367448760558,"center_lat":-8.461456239942803,"max_mean_jut":313.5954,"max_ats":133.4647,"r_jmean_peak":4750,"r_ats_peak":5500,"r_ats_marginal":437.5,"ats_marginal_rate_max":0.078728,"ats_marginal_interval_start":375,"ats_marginal_interval_end":500,"ats_marginal_ats_mean":12.7469}},{"type":"Feature","geometry":{"type":"Polygon","coordinates":[[[-77.2256946,-10.4280901],[-77.2214366,-10.4282958],[-77.2172197,-10.4289109],[-77.2130843,-10.4299295],[-77.2090704,-10.4313418],[-77.2052166,-10.4331342],[-77.20156,-10.4352893],[-77.1981358,-10.4377866],[-77.1949771,-10.4406018],[-77.1921141,-10.443708],[-77.1895746,-10.4470751],[-77.1873829,-10.4506708],[-77.1855602,-10.4544605],[-77.184124,-10.4584076],[-77.1830881,-10.462474],[-77.1824626,-10.4666208],[-77.1822534,-10.4708079],[-77.1824626,-10.4749949],[-77.1830881,-10.4791417],[-77.184124,-10.4832082],[-77.1855602,-10.4871553],[-77.1873829,-10.4909449],[-77.1895746,-10.4945406],[-77.1921141,-10.4979077],[-77.1949771,-10.5010139],[-77.1981358,-10.5038292],[-77.20156,-10.5063264],[-77.2052166,-10.5084816],[-77.2090704,-10.5102739],[-77.2130843,-10.5116862],[-77.2172197,-10.5127048],[-77.2214366,-10.5133199],[-77.2256946,-10.5135256],[-77.2299526,-10.5133199],[-77.2341696,-10.5127048],[-77.2383049,-10.5116862],[-77.2423188,-10.5102739],[-77.2461726,-10.5084816],[-77.2498292,-10.5063264],[-77.2532534,-10.5038292],[-77.2564122,-10.5010139],[-77.2592751,-10.4979077],[-77.2618146,-10.4945406],[-77.2640063,-10.4909449],[-77.265829,-10.4871553],[-77.2672652,-10.4832082],[-77.2683011,-10.4791417],[-77.2689266,-10.4749949],[-77.2691358,-10.4708079],[-77.2689266,-10.4666208],[-77.2683011,-10.462474],[-77.2672652,-10.4584076],[-77.265829,-10.4544605],[-77.2640063,-10.4506708],[-77.2618146,-10.4470751],[-77.2592751,-10.443708],[-77.2564122,-10.4406018],[-77.2532534,-10.4377866],[-77.2498292,-10.4352893],[-77.2461726,-10.4331342],[-77.2423188,-10.4313418],[-77.2383049,-10.4299295],[-77.2341696,-10.4289109],[-77.2299526,-10.4282958],[-77.2256946,-10.4280901]]]},"properties":{"name":"Cerro Orcopampa","local_name":"Cerro Orcopampa","english_name":"Cerro Orcopampa","search_name":"Cerro Orcopampa Cerro Orcopampa Cerro Orcopampa Cerro Orcopampa Cerro Orcopampa Cerro Orcopampa","peak_elev":4033,"radius_m":4750,"layer":"平均突起响应半径","rank_pct":0.576,"center_lon":-77.22569460872394,"center_lat":-10.47080786746135,"max_mean_jut":371.2801,"max_ats":142.7323,"r_jmean_peak":4750,"r_ats_peak":8000,"r_ats_marginal":187.5,"ats_marginal_rate_max":0.117235,"ats_marginal_interval_start":125,"ats_marginal_interval_end":250,"ats_marginal_ats_mean":15.7134}},{"type":"Feature","geometry":{"type":"Polygon","coordinates":[[[-72.2672637,-13.1761264],[-72.2629627,-13.1763321],[-72.2587031,-13.1769472],[-72.2545259,-13.1779658],[-72.2504714,-13.1793781],[-72.2465786,-13.1811704],[-72.2428851,-13.1833256],[-72.2394263,-13.1858229],[-72.2362356,-13.1886381],[-72.2333437,-13.1917443],[-72.2307785,-13.1951114],[-72.2285646,-13.1987071],[-72.2267235,-13.2024968],[-72.2252728,-13.2064438],[-72.2242264,-13.2105103],[-72.2235946,-13.2146571],[-72.2233833,-13.2188442],[-72.2235946,-13.2230312],[-72.2242264,-13.227178],[-72.2252728,-13.2312445],[-72.2267235,-13.2351915],[-72.2285646,-13.2389812],[-72.2307785,-13.2425769],[-72.2333437,-13.245944],[-72.2362356,-13.2490502],[-72.2394263,-13.2518654],[-72.2428851,-13.2543627],[-72.2465786,-13.2565179],[-72.2504714,-13.2583102],[-72.2545259,-13.2597225],[-72.2587031,-13.2607411],[-72.2629627,-13.2613562],[-72.2672637,-13.2615619],[-72.2715648,-13.2613562],[-72.2758244,-13.2607411],[-72.2800016,-13.2597225],[-72.2840561,-13.2583102],[-72.2879488,-13.2565179],[-72.2916424,-13.2543627],[-72.2951012,-13.2518654],[-72.2982919,-13.2490502],[-72.3011838,-13.245944],[-72.303749,-13.2425769],[-72.3059628,-13.2389812],[-72.307804,-13.2351915],[-72.3092547,-13.2312445],[-72.310301,-13.227178],[-72.3109329,-13.2230312],[-72.3111442,-13.2188442],[-72.3109329,-13.2146571],[-72.310301,-13.2105103],[-72.3092547,-13.2064438],[-72.307804,-13.2024968],[-72.3059628,-13.1987071],[-72.303749,-13.1951114],[-72.3011838,-13.1917443],[-72.2982919,-13.1886381],[-72.2951012,-13.1858229],[-72.2916424,-13.1833256],[-72.2879488,-13.1811704],[-72.2840561,-13.1793781],[-72.2800016,-13.1779658],[-72.2758244,-13.1769472],[-72.2715648,-13.1763321],[-72.2672637,-13.1761264]]]},"properties":{"name":"Cerro Quellorjo","local_name":"Cerro Quellorjo","english_name":"Cerro Quellorjo","search_name":"Cerro Quellorjo Cerro Quellorjo Cerro Quellorjo Cerro Quellorjo Cerro Quellorjo Cerro Quellorjo","peak_elev":4780,"radius_m":4750,"layer":"平均突起响应半径","rank_pct":0.576,"center_lon":-72.26726373496942,"center_lat":-13.21884415311138,"max_mean_jut":375.1829,"max_ats":190.0223,"r_jmean_peak":4750,"r_ats_peak":5000,"r_ats_marginal":3625.0,"ats_marginal_rate_max":0.067485,"ats_marginal_interval_start":3500,"ats_marginal_interval_end":3750,"ats_marginal_ats_mean":130.1768}},{"type":"Feature","geometry":{"type":"Polygon","coordinates":[[[-77.950635,-9.0959784],[-77.9463941,-9.0961841],[-77.9421941,-9.0967992],[-77.9380753,-9.0978178],[-77.9340775,-9.0992301],[-77.9302391,-9.1010224],[-77.9265972,-9.1031776],[-77.9231868,-9.1056748],[-77.9200407,-9.1084901],[-77.9171892,-9.1115963],[-77.9146599,-9.1149634],[-77.912477,-9.1185591],[-77.9106616,-9.1223487],[-77.9092311,-9.1262958],[-77.9081994,-9.1303623],[-77.9075764,-9.1345091],[-77.9073681,-9.1386961],[-77.9075764,-9.1428832],[-77.9081994,-9.14703],[-77.9092311,-9.1510964],[-77.9106616,-9.1550435],[-77.912477,-9.1588332],[-77.9146599,-9.1624289],[-77.9171892,-9.165796],[-77.9200407,-9.1689022],[-77.9231868,-9.1717174],[-77.9265972,-9.1742147],[-77.9302391,-9.1763698],[-77.9340775,-9.1781622],[-77.9380753,-9.1795745],[-77.9421941,-9.1805931],[-77.9463941,-9.1812082],[-77.950635,-9.1814139],[-77.9548759,-9.1812082],[-77.959076,-9.1805931],[-77.9631948,-9.1795745],[-77.9671926,-9.1781622],[-77.971031,-9.1763698],[-77.9746729,-9.1742147],[-77.9780833,-9.1717174],[-77.9812294,-9.1689022],[-77.9840809,-9.165796],[-77.9866102,-9.1624289],[-77.9887931,-9.1588332],[-77.9906085,-9.1550435],[-77.992039,-9.1510964],[-77.9930707,-9.14703],[-77.9936937,-9.1428832],[-77.993902,-9.1386961],[-77.9936937,-9.1345091],[-77.9930707,-9.1303623],[-77.992039,-9.1262958],[-77.9906085,-9.1223487],[-77.9887931,-9.1185591],[-77.9866102,-9.1149634],[-77.9840809,-9.1115963],[-77.9812294,-9.1084901],[-77.9780833,-9.1056748],[-77.9746729,-9.1031776],[-77.971031,-9.1010224],[-77.9671926,-9.0992301],[-77.9631948,-9.0978178],[-77.959076,-9.0967992],[-77.9548759,-9.0961841],[-77.950635,-9.0959784]]]},"properties":{"name":"Cerro Saguancancha","local_name":"Cerro Saguancancha","english_name":"Cerro Saguancancha","search_name":"Cerro Saguancancha Cerro Saguancancha Cerro Saguancancha Cerro Saguancancha Cerro Saguancancha Cerro Saguancancha","peak_elev":4378,"radius_m":4750,"layer":"平均突起响应半径","rank_pct":0.576,"center_lon":-77.95063504300839,"center_lat":-9.138696132640511,"max_mean_jut":196.6169,"max_ats":69.1307,"r_jmean_peak":4750,"r_ats_peak":26000,"r_ats_marginal":312.5,"ats_marginal_rate_max":0.045671,"ats_marginal_interval_start":250,"ats_marginal_interval_end":375,"ats_marginal_ats_mean":9.2555}},{"type":"Feature","geometry":{"type":"Polygon","coordinates":[[[-76.7675538,-11.1872563],[-76.763285,-11.187462],[-76.7590573,-11.1880771],[-76.7549114,-11.1890958],[-76.7508873,-11.190508],[-76.7470237,-11.1923004],[-76.7433578,-11.1944556],[-76.7399249,-11.1969528],[-76.7367582,-11.1997681],[-76.7338879,-11.2028742],[-76.7313419,-11.2062414],[-76.7291447,-11.2098371],[-76.7273173,-11.2136267],[-76.7258775,-11.2175738],[-76.724839,-11.2216403],[-76.7242119,-11.225787],[-76.7240022,-11.2299741],[-76.7242119,-11.2341612],[-76.724839,-11.2383079],[-76.7258775,-11.2423744],[-76.7273173,-11.2463215],[-76.7291447,-11.2501111],[-76.7313419,-11.2537068],[-76.7338879,-11.257074],[-76.7367582,-11.2601801],[-76.7399249,-11.2629954],[-76.7433578,-11.2654926],[-76.7470237,-11.2676478],[-76.7508873,-11.2694402],[-76.7549114,-11.2708525],[-76.7590573,-11.2718711],[-76.763285,-11.2724862],[-76.7675538,-11.2726919],[-76.7718226,-11.2724862],[-76.7760503,-11.2718711],[-76.7801962,-11.2708525],[-76.7842203,-11.2694402],[-76.7880839,-11.2676478],[-76.7917498,-11.2654926],[-76.7951827,-11.2629954],[-76.7983495,-11.2601801],[-76.8012197,-11.257074],[-76.8037657,-11.2537068],[-76.8059629,-11.2501111],[-76.8077903,-11.2463215],[-76.8092301,-11.2423744],[-76.8102686,-11.2383079],[-76.8108957,-11.2341612],[-76.8111055,-11.2299741],[-76.8108957,-11.225787],[-76.8102686,-11.2216403],[-76.8092301,-11.2175738],[-76.8077903,-11.2136267],[-76.8059629,-11.2098371],[-76.8037657,-11.2062414],[-76.8012197,-11.2028742],[-76.7983495,-11.1997681],[-76.7951827,-11.1969528],[-76.7917498,-11.1944556],[-76.7880839,-11.1923004],[-76.7842203,-11.190508],[-76.7801962,-11.1890958],[-76.7760503,-11.1880771],[-76.7718226,-11.187462],[-76.7675538,-11.1872563]]]},"properties":{"name":"Cerro San Cristobal","local_name":"Cerro San Cristobal","english_name":"Cerro San Cristobal","search_name":"Cerro San Cristobal Cerro San Cristobal Cerro San Cristobal Cerro San Cristobal Cerro San Cristobal Cerro San Cristobal","peak_elev":4061,"radius_m":4750,"layer":"平均突起响应半径","rank_pct":0.576,"center_lon":-76.76755381382299,"center_lat":-11.229974114070757,"max_mean_jut":414.9959,"max_ats":174.9381,"r_jmean_peak":4750,"r_ats_peak":5000,"r_ats_marginal":687.5,"ats_marginal_rate_max":0.079036,"ats_marginal_interval_start":625,"ats_marginal_interval_end":750,"ats_marginal_ats_mean":38.9458}},{"type":"Feature","geometry":{"type":"Polygon","coordinates":[[[-69.814863,-33.426758],[-69.8098436,-33.4269637],[-69.8048726,-33.4275788],[-69.7999977,-33.4285974],[-69.7952661,-33.4300097],[-69.7907231,-33.4318021],[-69.7864126,-33.4339572],[-69.7823762,-33.4364545],[-69.7786526,-33.4392697],[-69.7752777,-33.4423759],[-69.772284,-33.445743],[-69.7697004,-33.4493388],[-69.7675518,-33.4531284],[-69.7658587,-33.4570755],[-69.7646377,-33.4611419],[-69.7639003,-33.4652887],[-69.7636537,-33.4694758],[-69.7639003,-33.4736628],[-69.7646377,-33.4778096],[-69.7658587,-33.4818761],[-69.7675518,-33.4858232],[-69.7697004,-33.4896128],[-69.772284,-33.4932085],[-69.7752777,-33.4965756],[-69.7786526,-33.4996818],[-69.7823762,-33.5024971],[-69.7864126,-33.5049943],[-69.7907231,-33.5071495],[-69.7952661,-33.5089419],[-69.7999977,-33.5103541],[-69.8048726,-33.5113727],[-69.8098436,-33.5119879],[-69.814863,-33.5121935],[-69.8198824,-33.5119879],[-69.8248535,-33.5113727],[-69.8297283,-33.5103541],[-69.83446,-33.5089419],[-69.8390029,-33.5071495],[-69.8433134,-33.5049943],[-69.8473499,-33.5024971],[-69.8510735,-33.4996818],[-69.8544483,-33.4965756],[-69.857442,-33.4932085],[-69.8600256,-33.4896128],[-69.8621743,-33.4858232],[-69.8638673,-33.4818761],[-69.8650884,-33.4778096],[-69.8658257,-33.4736628],[-69.8660723,-33.4694758],[-69.8658257,-33.4652887],[-69.8650884,-33.4611419],[-69.8638673,-33.4570755],[-69.8621743,-33.4531284],[-69.8600256,-33.4493388],[-69.857442,-33.445743],[-69.8544483,-33.4423759],[-69.8510735,-33.4392697],[-69.8473499,-33.4364545],[-69.8433134,-33.4339572],[-69.8390029,-33.4318021],[-69.83446,-33.4300097],[-69.8297283,-33.4285974],[-69.8248535,-33.4275788],[-69.8198824,-33.4269637],[-69.814863,-33.426758]]]},"properties":{"name":"Cerro San Juan [-69.81499,-33.46875]","local_name":"Cerro San Juan","english_name":"Cerro San Juan","search_name":"Cerro San Juan Cerro San Juan Cerro San Juan Cerro San Juan Cerro San Juan Cerro San Juan [-69.81499,-33.46875]","peak_elev":6141,"radius_m":4750,"layer":"平均突起响应半径","rank_pct":0.576,"center_lon":-69.81486300932312,"center_lat":-33.46947577148934,"max_mean_jut":547.9901,"max_ats":321.9901,"r_jmean_peak":4750,"r_ats_peak":4750,"r_ats_marginal":312.5,"ats_marginal_rate_max":0.111901,"ats_marginal_interval_start":250,"ats_marginal_interval_end":375,"ats_marginal_ats_mean":26.2875}},{"type":"Feature","geometry":{"type":"Polygon","coordinates":[[[-72.7871188,-15.135891],[-72.7827804,-15.1360967],[-72.7784837,-15.1367118],[-72.7742702,-15.1377304],[-72.7701805,-15.1391427],[-72.7662539,-15.1409351],[-72.7625282,-15.1430902],[-72.7590393,-15.1455875],[-72.7558209,-15.1484027],[-72.7529039,-15.1515089],[-72.7503164,-15.1548761],[-72.7480833,-15.1584718],[-72.7462261,-15.1622614],[-72.7447628,-15.1662085],[-72.7437074,-15.170275],[-72.74307,-15.1744217],[-72.7428569,-15.1786088],[-72.74307,-15.1827959],[-72.7437074,-15.1869426],[-72.7447628,-15.1910091],[-72.7462261,-15.1949562],[-72.7480833,-15.1987458],[-72.7503164,-15.2023415],[-72.7529039,-15.2057086],[-72.7558209,-15.2088148],[-72.7590393,-15.2116301],[-72.7625282,-15.2141273],[-72.7662539,-15.2162825],[-72.7701805,-15.2180749],[-72.7742702,-15.2194871],[-72.7784837,-15.2205057],[-72.7827804,-15.2211209],[-72.7871188,-15.2213266],[-72.7914572,-15.2211209],[-72.7957539,-15.2205057],[-72.7999673,-15.2194871],[-72.8040571,-15.2180749],[-72.8079837,-15.2162825],[-72.8117094,-15.2141273],[-72.8151982,-15.2116301],[-72.8184167,-15.2088148],[-72.8213337,-15.2057086],[-72.8239212,-15.2023415],[-72.8261543,-15.1987458],[-72.8280114,-15.1949562],[-72.8294748,-15.1910091],[-72.8305302,-15.1869426],[-72.8311675,-15.1827959],[-72.8313807,-15.1786088],[-72.8311675,-15.1744217],[-72.8305302,-15.170275],[-72.8294748,-15.1662085],[-72.8280114,-15.1622614],[-72.8261543,-15.1584718],[-72.8239212,-15.1548761],[-72.8213337,-15.1515089],[-72.8184167,-15.1484027],[-72.8151982,-15.1455875],[-72.8117094,-15.1430902],[-72.8079837,-15.1409351],[-72.8040571,-15.1391427],[-72.7999673,-15.1377304],[-72.7957539,-15.1367118],[-72.7914572,-15.1360967],[-72.7871188,-15.135891]]]},"properties":{"name":"Cerro Santa Rosa","local_name":"Cerro Santa Rosa","english_name":"Cerro Santa Rosa","search_name":"Cerro Santa Rosa Cerro Santa Rosa Cerro Santa Rosa Cerro Santa Rosa Cerro Santa Rosa Cerro Santa Rosa","peak_elev":4614,"radius_m":4750,"layer":"平均突起响应半径","rank_pct":0.576,"center_lon":-72.78711878988939,"center_lat":-15.178608776946524,"max_mean_jut":310.2675,"max_ats":132.8867,"r_jmean_peak":4750,"r_ats_peak":5000,"r_ats_marginal":187.5,"ats_marginal_rate_max":0.138967,"ats_marginal_interval_start":125,"ats_marginal_interval_end":250,"ats_marginal_ats_mean":16.0768}},{"type":"Feature","geometry":{"type":"Polygon","coordinates":[[[-72.1088009,-15.6007692],[-72.1044528,-15.6009749],[-72.1001465,-15.60159],[-72.0959236,-15.6026086],[-72.0918247,-15.6040209],[-72.0878893,-15.6058132],[-72.0841553,-15.6079684],[-72.0806586,-15.6104656],[-72.077433,-15.6132809],[-72.0745094,-15.6163871],[-72.0719161,-15.6197542],[-72.069678,-15.6233499],[-72.0678167,-15.6271396],[-72.0663501,-15.6310866],[-72.0652923,-15.6351531],[-72.0646535,-15.6392999],[-72.0644399,-15.6434869],[-72.0646535,-15.647674],[-72.0652923,-15.6518208],[-72.0663501,-15.6558873],[-72.0678167,-15.6598343],[-72.069678,-15.663624],[-72.0719161,-15.6672197],[-72.0745094,-15.6705868],[-72.077433,-15.673693],[-72.0806586,-15.6765082],[-72.0841553,-15.6790055],[-72.0878893,-15.6811607],[-72.0918247,-15.682953],[-72.0959236,-15.6843653],[-72.1001465,-15.6853839],[-72.1044528,-15.685999],[-72.1088009,-15.6862047],[-72.1131491,-15.685999],[-72.1174553,-15.6853839],[-72.1216782,-15.6843653],[-72.1257771,-15.682953],[-72.1297125,-15.6811607],[-72.1334466,-15.6790055],[-72.1369432,-15.6765082],[-72.1401689,-15.673693],[-72.1430924,-15.6705868],[-72.1456857,-15.6672197],[-72.1479238,-15.663624],[-72.1497851,-15.6598343],[-72.1512517,-15.6558873],[-72.1523095,-15.6518208],[-72.1529483,-15.647674],[-72.1531619,-15.6434869],[-72.1529483,-15.6392999],[-72.1523095,-15.6351531],[-72.1512517,-15.6310866],[-72.1497851,-15.6271396],[-72.1479238,-15.6233499],[-72.1456857,-15.6197542],[-72.1430924,-15.6163871],[-72.1401689,-15.6132809],[-72.1369432,-15.6104656],[-72.1334466,-15.6079684],[-72.1297125,-15.6058132],[-72.1257771,-15.6040209],[-72.1216782,-15.6026086],[-72.1174553,-15.60159],[-72.1131491,-15.6009749],[-72.1088009,-15.6007692]]]},"properties":{"name":"Cerro Unca","local_name":"Cerro Unca","english_name":"Cerro Unca","search_name":"Cerro Unca Cerro Unca Cerro Unca Cerro Unca Cerro Unca Cerro Unca","peak_elev":3470,"radius_m":4750,"layer":"平均突起响应半径","rank_pct":0.576,"center_lon":-72.10880091885073,"center_lat":-15.64348693647838,"max_mean_jut":140.1872,"max_ats":31.0709,"r_jmean_peak":4750,"r_ats_peak":5000,"r_ats_marginal":3375.0,"ats_marginal_rate_max":0.019702,"ats_marginal_interval_start":3250,"ats_marginal_interval_end":3500,"ats_marginal_ats_mean":14.637}},{"type":"Feature","geometry":{"type":"Polygon","coordinates":[[[-76.9912343,-10.3537096],[-76.9869774,-10.3539153],[-76.9827614,-10.3545304],[-76.978627,-10.355549],[-76.9746141,-10.3569613],[-76.9707612,-10.3587536],[-76.9671055,-10.3609088],[-76.9636821,-10.3634061],[-76.9605241,-10.3662213],[-76.9576619,-10.3693275],[-76.9551229,-10.3726946],[-76.9529318,-10.3762903],[-76.9511095,-10.38008],[-76.9496736,-10.384027],[-76.948638,-10.3880935],[-76.9480127,-10.3922403],[-76.9478035,-10.3964274],[-76.9480127,-10.4006144],[-76.948638,-10.4047612],[-76.9496736,-10.4088277],[-76.9511095,-10.4127747],[-76.9529318,-10.4165644],[-76.9551229,-10.4201601],[-76.9576619,-10.4235272],[-76.9605241,-10.4266334],[-76.9636821,-10.4294486],[-76.9671055,-10.4319459],[-76.9707612,-10.4341011],[-76.9746141,-10.4358934],[-76.978627,-10.4373057],[-76.9827614,-10.4383243],[-76.9869774,-10.4389394],[-76.9912343,-10.4391451],[-76.9954913,-10.4389394],[-76.9997072,-10.4383243],[-77.0038416,-10.4373057],[-77.0078546,-10.4358934],[-77.0117075,-10.4341011],[-77.0153632,-10.4319459],[-77.0187865,-10.4294486],[-77.0219445,-10.4266334],[-77.0248068,-10.4235272],[-77.0273457,-10.4201601],[-77.0295369,-10.4165644],[-77.0313591,-10.4127747],[-77.032795,-10.4088277],[-77.0338306,-10.4047612],[-77.034456,-10.4006144],[-77.0346651,-10.3964274],[-77.034456,-10.3922403],[-77.0338306,-10.3880935],[-77.032795,-10.384027],[-77.0313591,-10.38008],[-77.0295369,-10.3762903],[-77.0273457,-10.3726946],[-77.0248068,-10.3693275],[-77.0219445,-10.3662213],[-77.0187865,-10.3634061],[-77.0153632,-10.3609088],[-77.0117075,-10.3587536],[-77.0078546,-10.3569613],[-77.0038416,-10.355549],[-76.9997072,-10.3545304],[-76.9954913,-10.3539153],[-76.9912343,-10.3537096]]]},"properties":{"name":"Cerro Yanacushman","local_name":"Cerro Yanacushman","english_name":"Cerro Yanacushman","search_name":"Cerro Yanacushman Cerro Yanacushman Cerro Yanacushman Cerro Yanacushman Cerro Yanacushman Cerro Yanacushman","peak_elev":4829,"radius_m":4750,"layer":"平均突起响应半径","rank_pct":0.576,"center_lon":-76.99123431956875,"center_lat":-10.396427361936253,"max_mean_jut":180.1471,"max_ats":47.8491,"r_jmean_peak":4750,"r_ats_peak":4750,"r_ats_marginal":312.5,"ats_marginal_rate_max":0.113478,"ats_marginal_interval_start":250,"ats_marginal_interval_end":375,"ats_marginal_ats_mean":29.7166}},{"type":"Feature","geometry":{"type":"Polygon","coordinates":[[[-78.2419587,-6.4357973],[-78.2377447,-6.436003],[-78.2335713,-6.4366181],[-78.2294787,-6.4376367],[-78.2255062,-6.439049],[-78.2216923,-6.4408414],[-78.2180734,-6.4429965],[-78.2146847,-6.4454938],[-78.2115585,-6.4483091],[-78.2087252,-6.4514152],[-78.2062119,-6.4547824],[-78.2040429,-6.4583781],[-78.202239,-6.4621677],[-78.2008176,-6.4661148],[-78.1997925,-6.4701813],[-78.1991734,-6.474328],[-78.1989664,-6.4785151],[-78.1991734,-6.4827022],[-78.1997925,-6.4868489],[-78.2008176,-6.4909154],[-78.202239,-6.4948625],[-78.2040429,-6.4986521],[-78.2062119,-6.5022478],[-78.2087252,-6.505615],[-78.2115585,-6.5087211],[-78.2146847,-6.5115364],[-78.2180734,-6.5140336],[-78.2216923,-6.5161888],[-78.2255062,-6.5179812],[-78.2294787,-6.5193934],[-78.2335713,-6.520412],[-78.2377447,-6.5210272],[-78.2419587,-6.5212329],[-78.2461727,-6.5210272],[-78.2503461,-6.520412],[-78.2544387,-6.5193934],[-78.2584111,-6.5179812],[-78.2622251,-6.5161888],[-78.2658439,-6.5140336],[-78.2692327,-6.5115364],[-78.2723588,-6.5087211],[-78.2751922,-6.505615],[-78.2777055,-6.5022478],[-78.2798745,-6.4986521],[-78.2816784,-6.4948625],[-78.2830998,-6.4909154],[-78.2841249,-6.4868489],[-78.284744,-6.4827022],[-78.284951,-6.4785151],[-78.284744,-6.474328],[-78.2841249,-6.4701813],[-78.2830998,-6.4661148],[-78.2816784,-6.4621677],[-78.2798745,-6.4583781],[-78.2777055,-6.4547824],[-78.2751922,-6.4514152],[-78.2723588,-6.4483091],[-78.2692327,-6.4454938],[-78.2658439,-6.4429965],[-78.2622251,-6.4408414],[-78.2584111,-6.439049],[-78.2544387,-6.4376367],[-78.2503461,-6.4366181],[-78.2461727,-6.436003],[-78.2419587,-6.4357973]]]},"properties":{"name":"Cerro Yayén","local_name":"Cerro Yayén","english_name":"Cerro Yayén","search_name":"Cerro Yayén Cerro Yayén Cerro Yayén Cerro Yayén Cerro Yayén Cerro Yayén","peak_elev":2753,"radius_m":4750,"layer":"平均突起响应半径","rank_pct":0.576,"center_lon":-78.24195868964836,"center_lat":-6.478515081777371,"max_mean_jut":332.5994,"max_ats":157.8575,"r_jmean_peak":4750,"r_ats_peak":5250,"r_ats_marginal":312.5,"ats_marginal_rate_max":0.088171,"ats_marginal_interval_start":250,"ats_marginal_interval_end":375,"ats_marginal_ats_mean":19.6079}},{"type":"Feature","geometry":{"type":"Polygon","coordinates":[[[-75.9431699,-12.7611971],[-75.9391021,-12.7613919],[-75.9350734,-12.7619747],[-75.9311228,-12.7629397],[-75.9272881,-12.7642776],[-75.9236064,-12.7659756],[-75.9201131,-12.7680174],[-75.9168419,-12.7703832],[-75.9138242,-12.7730503],[-75.9110891,-12.775993],[-75.908663,-12.7791829],[-75.9065692,-12.7825894],[-75.9048279,-12.7861795],[-75.9034558,-12.7899189],[-75.9024662,-12.7937713],[-75.9018686,-12.7976998],[-75.9016688,-12.8016665],[-75.9018686,-12.8056332],[-75.9024662,-12.8095617],[-75.9034558,-12.8134142],[-75.9048279,-12.8171535],[-75.9065692,-12.8207437],[-75.908663,-12.8241502],[-75.9110891,-12.8273401],[-75.9138242,-12.8302828],[-75.9168419,-12.8329499],[-75.9201131,-12.8353157],[-75.9236064,-12.8373574],[-75.9272881,-12.8390555],[-75.9311228,-12.8403934],[-75.9350734,-12.8413584],[-75.9391021,-12.8419411],[-75.9431699,-12.842136],[-75.9472377,-12.8419411],[-75.9512663,-12.8413584],[-75.955217,-12.8403934],[-75.9590516,-12.8390555],[-75.9627333,-12.8373574],[-75.9662266,-12.8353157],[-75.9694979,-12.8329499],[-75.9725156,-12.8302828],[-75.9752506,-12.8273401],[-75.9776768,-12.8241502],[-75.9797706,-12.8207437],[-75.9815119,-12.8171535],[-75.9828839,-12.8134142],[-75.9838735,-12.8095617],[-75.9844711,-12.8056332],[-75.9846709,-12.8016665],[-75.9844711,-12.7976998],[-75.9838735,-12.7937713],[-75.9828839,-12.7899189],[-75.9815119,-12.7861795],[-75.9797706,-12.7825894],[-75.9776768,-12.7791829],[-75.9752506,-12.775993],[-75.9725156,-12.7730503],[-75.9694979,-12.7703832],[-75.9662266,-12.7680174],[-75.9627333,-12.7659756],[-75.9590516,-12.7642776],[-75.955217,-12.7629397],[-75.9512663,-12.7619747],[-75.9472377,-12.7613919],[-75.9431699,-12.7611971]]]},"properties":{"name":"Cerro Airaya","local_name":"Cerro Airaya","english_name":"Cerro Airaya","search_name":"Cerro Airaya Cerro Airaya Cerro Airaya Cerro Airaya Cerro Airaya Cerro Airaya","peak_elev":3324,"radius_m":4500,"layer":"平均突起响应半径","rank_pct":0.6213,"center_lon":-75.9431698775865,"center_lat":-12.801666535166271,"max_mean_jut":598.8675,"max_ats":340.7872,"r_jmean_peak":4500,"r_ats_peak":5250,"r_ats_marginal":1062.5,"ats_marginal_rate_max":0.125684,"ats_marginal_interval_start":1000,"ats_marginal_interval_end":1125,"ats_marginal_ats_mean":91.8107}},{"type":"Feature","geometry":{"type":"Polygon","coordinates":[[[-73.0304724,-13.5669859],[-73.0263911,-13.5671807],[-73.0223492,-13.5677635],[-73.0183855,-13.5687285],[-73.0145381,-13.5700664],[-73.0108443,-13.5717645],[-73.0073394,-13.5738062],[-73.0040574,-13.576172],[-73.0010297,-13.5788391],[-72.9982856,-13.5817818],[-72.9958515,-13.5849717],[-72.9937508,-13.5883782],[-72.9920037,-13.5919683],[-72.9906271,-13.5957077],[-72.9896342,-13.5995601],[-72.9890347,-13.6034886],[-72.9888342,-13.6074553],[-72.9890347,-13.611422],[-72.9896342,-13.6153505],[-72.9906271,-13.619203],[-72.9920037,-13.6229423],[-72.9937508,-13.6265325],[-72.9958515,-13.629939],[-72.9982856,-13.6331289],[-73.0010297,-13.6360716],[-73.0040574,-13.6387387],[-73.0073394,-13.6411045],[-73.0108443,-13.6431462],[-73.0145381,-13.6448443],[-73.0183855,-13.6461822],[-73.0223492,-13.6471472],[-73.0263911,-13.6477299],[-73.0304724,-13.6479248],[-73.0345537,-13.6477299],[-73.0385956,-13.6471472],[-73.0425593,-13.6461822],[-73.0464067,-13.6448443],[-73.0501005,-13.6431462],[-73.0536054,-13.6411045],[-73.0568874,-13.6387387],[-73.0599151,-13.6360716],[-73.0626592,-13.6331289],[-73.0650933,-13.629939],[-73.0671941,-13.6265325],[-73.0689411,-13.6229423],[-73.0703177,-13.619203],[-73.0713106,-13.6153505],[-73.0719101,-13.611422],[-73.0721106,-13.6074553],[-73.0719101,-13.6034886],[-73.0713106,-13.5995601],[-73.0703177,-13.5957077],[-73.0689411,-13.5919683],[-73.0671941,-13.5883782],[-73.0650933,-13.5849717],[-73.0626592,-13.5817818],[-73.0599151,-13.5788391],[-73.0568874,-13.576172],[-73.0536054,-13.5738062],[-73.0501005,-13.5717645],[-73.0464067,-13.5700664],[-73.0425593,-13.5687285],[-73.0385956,-13.5677635],[-73.0345537,-13.5671807],[-73.0304724,-13.5669859]]]},"properties":{"name":"Cerro Apu Llulluchayo","local_name":"Cerro Apu Llulluchayo","english_name":"Cerro Apu Llulluchayo","search_name":"Cerro Apu Llulluchayo Cerro Apu Llulluchayo Cerro Apu Llulluchayo Cerro Apu Llulluchayo Cerro Apu Llulluchayo Cerro Apu Llulluchayo","peak_elev":3822,"radius_m":4500,"layer":"平均突起响应半径","rank_pct":0.6213,"center_lon":-73.03047240035737,"center_lat":-13.607455345021483,"max_mean_jut":399.111,"max_ats":171.0031,"r_jmean_peak":4500,"r_ats_peak":4750,"r_ats_marginal":437.5,"ats_marginal_rate_max":0.092176,"ats_marginal_interval_start":375,"ats_marginal_interval_end":500,"ats_marginal_ats_mean":28.6346}},{"type":"Feature","geometry":{"type":"Polygon","coordinates":[[[-76.9782986,-11.0205315],[-76.9742568,-11.0207264],[-76.9702539,-11.0213091],[-76.9663286,-11.0222741],[-76.9625184,-11.0236121],[-76.9588603,-11.0253101],[-76.9553894,-11.0273519],[-76.9521391,-11.0297177],[-76.9491407,-11.0323848],[-76.9464231,-11.0353274],[-76.9440125,-11.0385174],[-76.9419321,-11.0419238],[-76.940202,-11.045514],[-76.9388387,-11.0492533],[-76.9378554,-11.0531058],[-76.9372617,-11.0570343],[-76.9370631,-11.061001],[-76.9372617,-11.0649677],[-76.9378554,-11.0688962],[-76.9388387,-11.0727487],[-76.940202,-11.076488],[-76.9419321,-11.0800782],[-76.9440125,-11.0834846],[-76.9464231,-11.0866746],[-76.9491407,-11.0896172],[-76.9521391,-11.0922843],[-76.9553894,-11.0946501],[-76.9588603,-11.0966919],[-76.9625184,-11.0983899],[-76.9663286,-11.0997279],[-76.9702539,-11.1006929],[-76.9742568,-11.1012756],[-76.9782986,-11.1014705],[-76.9823404,-11.1012756],[-76.9863432,-11.1006929],[-76.9902686,-11.0997279],[-76.9940787,-11.0983899],[-76.9977369,-11.0966919],[-77.0012078,-11.0946501],[-77.0044581,-11.0922843],[-77.0074565,-11.0896172],[-77.010174,-11.0866746],[-77.0125846,-11.0834846],[-77.014665,-11.0800782],[-77.0163952,-11.076488],[-77.0177585,-11.0727487],[-77.0187417,-11.0688962],[-77.0193355,-11.0649677],[-77.0195341,-11.061001],[-77.0193355,-11.0570343],[-77.0187417,-11.0531058],[-77.0177585,-11.0492533],[-77.0163952,-11.045514],[-77.014665,-11.0419238],[-77.0125846,-11.0385174],[-77.010174,-11.0353274],[-77.0074565,-11.0323848],[-77.0044581,-11.0297177],[-77.0012078,-11.0273519],[-76.9977369,-11.0253101],[-76.9940787,-11.0236121],[-76.9902686,-11.0222741],[-76.9863432,-11.0213091],[-76.9823404,-11.0207264],[-76.9782986,-11.0205315]]]},"properties":{"name":"Cerro Carhuashana","local_name":"Cerro Carhuashana","english_name":"Cerro Carhuashana","search_name":"Cerro Carhuashana Cerro Carhuashana Cerro Carhuashana Cerro Carhuashana Cerro Carhuashana Cerro Carhuashana","peak_elev":4218,"radius_m":4500,"layer":"平均突起响应半径","rank_pct":0.6213,"center_lon":-76.97829857947742,"center_lat":-11.061001009127876,"max_mean_jut":324.9932,"max_ats":143.8353,"r_jmean_peak":4500,"r_ats_peak":4500,"r_ats_marginal":1062.5,"ats_marginal_rate_max":0.077023,"ats_marginal_interval_start":1000,"ats_marginal_interval_end":1125,"ats_marginal_ats_mean":53.5397}},{"type":"Feature","geometry":{"type":"Polygon","coordinates":[[[-76.8648414,-9.0432498],[-76.8608243,-9.0434446],[-76.8568459,-9.0440274],[-76.8529445,-9.0449924],[-76.8491577,-9.0463303],[-76.8455219,-9.0480283],[-76.8420722,-9.0500701],[-76.8388417,-9.0524359],[-76.8358617,-9.055103],[-76.8331607,-9.0580457],[-76.8307649,-9.0612356],[-76.8286972,-9.0646421],[-76.8269776,-9.0682322],[-76.8256226,-9.0719716],[-76.8246454,-9.075824],[-76.8240552,-9.0797525],[-76.8238579,-9.0837192],[-76.8240552,-9.0876859],[-76.8246454,-9.0916144],[-76.8256226,-9.0954669],[-76.8269776,-9.0992062],[-76.8286972,-9.1027964],[-76.8307649,-9.1062029],[-76.8331607,-9.1093928],[-76.8358617,-9.1123355],[-76.8388417,-9.1150026],[-76.8420722,-9.1173684],[-76.8455219,-9.1194101],[-76.8491577,-9.1211082],[-76.8529445,-9.1224461],[-76.8568459,-9.1234111],[-76.8608243,-9.1239938],[-76.8648414,-9.1241887],[-76.8688584,-9.1239938],[-76.8728368,-9.1234111],[-76.8767382,-9.1224461],[-76.880525,-9.1211082],[-76.8841608,-9.1194101],[-76.8876105,-9.1173684],[-76.890841,-9.1150026],[-76.893821,-9.1123355],[-76.896522,-9.1093928],[-76.8989179,-9.1062029],[-76.9009855,-9.1027964],[-76.9027051,-9.0992062],[-76.9040601,-9.0954669],[-76.9050373,-9.0916144],[-76.9056275,-9.0876859],[-76.9058248,-9.0837192],[-76.9056275,-9.0797525],[-76.9050373,-9.075824],[-76.9040601,-9.0719716],[-76.9027051,-9.0682322],[-76.9009855,-9.0646421],[-76.8989179,-9.0612356],[-76.896522,-9.0580457],[-76.893821,-9.055103],[-76.890841,-9.0524359],[-76.8876105,-9.0500701],[-76.8841608,-9.0480283],[-76.880525,-9.0463303],[-76.8767382,-9.0449924],[-76.8728368,-9.0440274],[-76.8688584,-9.0434446],[-76.8648414,-9.0432498]]]},"properties":{"name":"Cerro Jatun Jirca","local_name":"Cerro Jatun Jirca","english_name":"Cerro Jatun Jirca","search_name":"Cerro Jatun Jirca Cerro Jatun Jirca Cerro Jatun Jirca Cerro Jatun Jirca Cerro Jatun Jirca Cerro Jatun Jirca","peak_elev":4188,"radius_m":4500,"layer":"平均突起响应半径","rank_pct":0.6213,"center_lon":-76.86484135909313,"center_lat":-9.083719237252396,"max_mean_jut":250.1639,"max_ats":92.8932,"r_jmean_peak":4500,"r_ats_peak":4750,"r_ats_marginal":3375.0,"ats_marginal_rate_max":0.045061,"ats_marginal_interval_start":3250,"ats_marginal_interval_end":3500,"ats_marginal_ats_mean":65.5252}},{"type":"Feature","geometry":{"type":"Polygon","coordinates":[[[-77.3407688,-10.451898],[-77.3367346,-10.4520928],[-77.3327393,-10.4526756],[-77.3288214,-10.4536406],[-77.3250184,-10.4549785],[-77.3213672,-10.4566765],[-77.3179028,-10.4587183],[-77.3146587,-10.4610841],[-77.3116659,-10.4637512],[-77.3089535,-10.4666939],[-77.3065475,-10.4698838],[-77.304471,-10.4732903],[-77.3027441,-10.4768804],[-77.3013834,-10.4806198],[-77.300402,-10.4844722],[-77.2998093,-10.4884007],[-77.2996111,-10.4923674],[-77.2998093,-10.4963341],[-77.300402,-10.5002626],[-77.3013834,-10.5041151],[-77.3027441,-10.5078544],[-77.304471,-10.5114446],[-77.3065475,-10.5148511],[-77.3089535,-10.518041],[-77.3116659,-10.5209837],[-77.3146587,-10.5236508],[-77.3179028,-10.5260166],[-77.3213672,-10.5280583],[-77.3250184,-10.5297564],[-77.3288214,-10.5310943],[-77.3327393,-10.5320593],[-77.3367346,-10.532642],[-77.3407688,-10.5328369],[-77.344803,-10.532642],[-77.3487983,-10.5320593],[-77.3527162,-10.5310943],[-77.3565192,-10.5297564],[-77.3601704,-10.5280583],[-77.3636348,-10.5260166],[-77.3668789,-10.5236508],[-77.3698717,-10.5209837],[-77.3725841,-10.518041],[-77.3749901,-10.5148511],[-77.3770666,-10.5114446],[-77.3787935,-10.5078544],[-77.3801542,-10.5041151],[-77.3811356,-10.5002626],[-77.3817283,-10.4963341],[-77.3819265,-10.4923674],[-77.3817283,-10.4884007],[-77.3811356,-10.4844722],[-77.3801542,-10.4806198],[-77.3787935,-10.4768804],[-77.3770666,-10.4732903],[-77.3749901,-10.4698838],[-77.3725841,-10.4666939],[-77.3698717,-10.4637512],[-77.3668789,-10.4610841],[-77.3636348,-10.4587183],[-77.3601704,-10.4566765],[-77.3565192,-10.4549785],[-77.3527162,-10.4536406],[-77.3487983,-10.4526756],[-77.344803,-10.4520928],[-77.3407688,-10.451898]]]},"properties":{"name":"Cerro Maraypampa","local_name":"Cerro Maraypampa","english_name":"Cerro Maraypampa","search_name":"Cerro Maraypampa Cerro Maraypampa Cerro Maraypampa Cerro Maraypampa Cerro Maraypampa Cerro Maraypampa","peak_elev":3794,"radius_m":4500,"layer":"平均突起响应半径","rank_pct":0.6213,"center_lon":-77.34076879661966,"center_lat":-10.49236743428022,"max_mean_jut":285.5956,"max_ats":108.4236,"r_jmean_peak":4500,"r_ats_peak":4500,"r_ats_marginal":2375.0,"ats_marginal_rate_max":0.044475,"ats_marginal_interval_start":2250,"ats_marginal_interval_end":2500,"ats_marginal_ats_mean":60.5097}},{"type":"Feature","geometry":{"type":"Polygon","coordinates":[[[-73.4123462,-47.2823755],[-73.4064945,-47.2825703],[-73.4006991,-47.2831531],[-73.3950159,-47.2841181],[-73.3894996,-47.285456],[-73.3842033,-47.287154],[-73.379178,-47.2891958],[-73.3744722,-47.2915616],[-73.3701311,-47.2942287],[-73.3661965,-47.2971714],[-73.3627065,-47.3003613],[-73.3596944,-47.3037677],[-73.3571895,-47.3073579],[-73.3552157,-47.3110973],[-73.3537921,-47.3149497],[-73.3529325,-47.3188782],[-73.352645,-47.3228449],[-73.3529325,-47.3268116],[-73.3537921,-47.3307401],[-73.3552157,-47.3345926],[-73.3571895,-47.3383319],[-73.3596944,-47.3419221],[-73.3627065,-47.3453286],[-73.3661965,-47.3485185],[-73.3701311,-47.3514612],[-73.3744722,-47.3541283],[-73.379178,-47.3564941],[-73.3842033,-47.3585358],[-73.3894996,-47.3602338],[-73.3950159,-47.3615718],[-73.4006991,-47.3625368],[-73.4064945,-47.3631195],[-73.4123462,-47.3633144],[-73.418198,-47.3631195],[-73.4239934,-47.3625368],[-73.4296766,-47.3615718],[-73.4351929,-47.3602338],[-73.4404892,-47.3585358],[-73.4455145,-47.3564941],[-73.4502203,-47.3541283],[-73.4545614,-47.3514612],[-73.4584959,-47.3485185],[-73.461986,-47.3453286],[-73.464998,-47.3419221],[-73.467503,-47.3383319],[-73.4694767,-47.3345926],[-73.4709003,-47.3307401],[-73.47176,-47.3268116],[-73.4720475,-47.3228449],[-73.47176,-47.3188782],[-73.4709003,-47.3149497],[-73.4694767,-47.3110973],[-73.467503,-47.3073579],[-73.464998,-47.3037677],[-73.461986,-47.3003613],[-73.4584959,-47.2971714],[-73.4545614,-47.2942287],[-73.4502203,-47.2915616],[-73.4455145,-47.2891958],[-73.4404892,-47.287154],[-73.4351929,-47.285456],[-73.4296766,-47.2841181],[-73.4239934,-47.2831531],[-73.418198,-47.2825703],[-73.4123462,-47.2823755]]]},"properties":{"name":"Cerro Pared Norte","local_name":"Cerro Pared Norte","english_name":"Cerro Pared Norte","search_name":"Cerro Pared Norte Cerro Pared Norte Cerro Pared Norte Cerro Pared Norte Cerro Pared Norte Cerro Pared Norte","peak_elev":3038,"radius_m":4500,"layer":"平均突起响应半径","rank_pct":0.6213,"center_lon":-73.41234622763658,"center_lat":-47.32284492553854,"max_mean_jut":406.659,"max_ats":237.2829,"r_jmean_peak":4500,"r_ats_peak":7000,"r_ats_marginal":562.5,"ats_marginal_rate_max":0.191012,"ats_marginal_interval_start":500,"ats_marginal_interval_end":625,"ats_marginal_ats_mean":57.7317}},{"type":"Feature","geometry":{"type":"Polygon","coordinates":[[[-72.0662208,-13.6928398],[-72.0621373,-13.6930347],[-72.0580932,-13.6936175],[-72.0541274,-13.6945824],[-72.050278,-13.6959204],[-72.0465822,-13.6976184],[-72.0430754,-13.6996602],[-72.0397916,-13.702026],[-72.0367624,-13.7046931],[-72.0340168,-13.7076358],[-72.0315813,-13.7108257],[-72.0294795,-13.7142321],[-72.0277315,-13.7178223],[-72.0263542,-13.7215616],[-72.0253608,-13.7254141],[-72.0247609,-13.7293426],[-72.0245603,-13.7333093],[-72.0247609,-13.737276],[-72.0253608,-13.7412045],[-72.0263542,-13.745057],[-72.0277315,-13.7487963],[-72.0294795,-13.7523865],[-72.0315813,-13.755793],[-72.0340168,-13.7589829],[-72.0367624,-13.7619256],[-72.0397916,-13.7645926],[-72.0430754,-13.7669585],[-72.0465822,-13.7690002],[-72.050278,-13.7706982],[-72.0541274,-13.7720362],[-72.0580932,-13.7730012],[-72.0621373,-13.7735839],[-72.0662208,-13.7737788],[-72.0703042,-13.7735839],[-72.0743483,-13.7730012],[-72.0783142,-13.7720362],[-72.0821636,-13.7706982],[-72.0858594,-13.7690002],[-72.0893661,-13.7669585],[-72.0926499,-13.7645926],[-72.0956792,-13.7619256],[-72.0984248,-13.7589829],[-72.1008602,-13.755793],[-72.102962,-13.7523865],[-72.1047101,-13.7487963],[-72.1060874,-13.745057],[-72.1070808,-13.7412045],[-72.1076807,-13.737276],[-72.1078813,-13.7333093],[-72.1076807,-13.7293426],[-72.1070808,-13.7254141],[-72.1060874,-13.7215616],[-72.1047101,-13.7178223],[-72.102962,-13.7142321],[-72.1008602,-13.7108257],[-72.0984248,-13.7076358],[-72.0956792,-13.7046931],[-72.0926499,-13.702026],[-72.0893661,-13.6996602],[-72.0858594,-13.6976184],[-72.0821636,-13.6959204],[-72.0783142,-13.6945824],[-72.0743483,-13.6936175],[-72.0703042,-13.6930347],[-72.0662208,-13.6928398]]]},"properties":{"name":"Cerro Rachaycho","local_name":"Cerro Rachaycho","english_name":"Cerro Rachaycho","search_name":"Cerro Rachaycho Cerro Rachaycho Cerro Rachaycho Cerro Rachaycho Cerro Rachaycho Cerro Rachaycho","peak_elev":4298,"radius_m":4500,"layer":"平均突起响应半径","rank_pct":0.6213,"center_lon":-72.06622077438347,"center_lat":-13.733309316326627,"max_mean_jut":212.4342,"max_ats":68.8759,"r_jmean_peak":4500,"r_ats_peak":4750,"r_ats_marginal":312.5,"ats_marginal_rate_max":0.054148,"ats_marginal_interval_start":250,"ats_marginal_interval_end":375,"ats_marginal_ats_mean":12.1446}},{"type":"Feature","geometry":{"type":"Polygon","coordinates":[[[-76.9052655,-10.1969561],[-76.9012347,-10.197151],[-76.8972426,-10.1977337],[-76.8933278,-10.1986987],[-76.889528,-10.2000366],[-76.8858797,-10.2017347],[-76.8824182,-10.2037764],[-76.8791766,-10.2061422],[-76.8761864,-10.2088093],[-76.8734761,-10.211752],[-76.871072,-10.2149419],[-76.8689973,-10.2183484],[-76.8672718,-10.2219386],[-76.8659122,-10.2256779],[-76.8649316,-10.2295304],[-76.8643394,-10.2334589],[-76.8641414,-10.2374256],[-76.8643394,-10.2413923],[-76.8649316,-10.2453208],[-76.8659122,-10.2491732],[-76.8672718,-10.2529126],[-76.8689973,-10.2565027],[-76.871072,-10.2599092],[-76.8734761,-10.2630991],[-76.8761864,-10.2660418],[-76.8791766,-10.2687089],[-76.8824182,-10.2710747],[-76.8858797,-10.2731164],[-76.889528,-10.2748145],[-76.8933278,-10.2761524],[-76.8972426,-10.2771174],[-76.9012347,-10.2777002],[-76.9052655,-10.277895],[-76.9092964,-10.2777002],[-76.9132885,-10.2771174],[-76.9172033,-10.2761524],[-76.9210031,-10.2748145],[-76.9246514,-10.2731164],[-76.9281129,-10.2710747],[-76.9313545,-10.2687089],[-76.9343447,-10.2660418],[-76.937055,-10.2630991],[-76.9394591,-10.2599092],[-76.9415338,-10.2565027],[-76.9432593,-10.2529126],[-76.9446189,-10.2491732],[-76.9455995,-10.2453208],[-76.9461917,-10.2413923],[-76.9463897,-10.2374256],[-76.9461917,-10.2334589],[-76.9455995,-10.2295304],[-76.9446189,-10.2256779],[-76.9432593,-10.2219386],[-76.9415338,-10.2183484],[-76.9394591,-10.2149419],[-76.937055,-10.211752],[-76.9343447,-10.2088093],[-76.9313545,-10.2061422],[-76.9281129,-10.2037764],[-76.9246514,-10.2017347],[-76.9210031,-10.2000366],[-76.9172033,-10.1986987],[-76.9132885,-10.1977337],[-76.9092964,-10.197151],[-76.9052655,-10.1969561]]]},"properties":{"name":"Nevado Jirishanca","local_name":"Nevado Jirishanca","english_name":"Nevado Jirishanca","search_name":"Nevado Jirishanca Nevado Jirishanca Nevado Jirishanca Nevado Jirishanca Nevado Jirishanca Nevado Jirishanca","peak_elev":5583,"radius_m":4500,"layer":"平均突起响应半径","rank_pct":0.6213,"center_lon":-76.90526554687851,"center_lat":-10.237425556647098,"max_mean_jut":219.0667,"max_ats":105.0834,"r_jmean_peak":4500,"r_ats_peak":5000,"r_ats_marginal":687.5,"ats_marginal_rate_max":0.092764,"ats_marginal_interval_start":625,"ats_marginal_interval_end":750,"ats_marginal_ats_mean":24.5963}},{"type":"Feature","geometry":{"type":"Polygon","coordinates":[[[-70.066032,-33.0630327],[-70.0612967,-33.0632275],[-70.0566069,-33.0638103],[-70.052008,-33.0647753],[-70.0475441,-33.0661132],[-70.0432583,-33.0678112],[-70.0391918,-33.069853],[-70.0353837,-33.0722188],[-70.0318709,-33.0748859],[-70.028687,-33.0778286],[-70.0258628,-33.0810185],[-70.0234254,-33.0844249],[-70.0213984,-33.0880151],[-70.0198012,-33.0917545],[-70.0186492,-33.0956069],[-70.0179535,-33.0995354],[-70.0177209,-33.1035021],[-70.0179535,-33.1074688],[-70.0186492,-33.1113973],[-70.0198012,-33.1152498],[-70.0213984,-33.1189891],[-70.0234254,-33.1225793],[-70.0258628,-33.1259858],[-70.028687,-33.1291757],[-70.0318709,-33.1321184],[-70.0353837,-33.1347854],[-70.0391918,-33.1371513],[-70.0432583,-33.139193],[-70.0475441,-33.140891],[-70.052008,-33.142229],[-70.0566069,-33.143194],[-70.0612967,-33.1437767],[-70.066032,-33.1439716],[-70.0707673,-33.1437767],[-70.075457,-33.143194],[-70.0800559,-33.142229],[-70.0845198,-33.140891],[-70.0888056,-33.139193],[-70.0928722,-33.1371513],[-70.0966802,-33.1347854],[-70.100193,-33.1321184],[-70.1033769,-33.1291757],[-70.1062011,-33.1259858],[-70.1086385,-33.1225793],[-70.1106656,-33.1189891],[-70.1122628,-33.1152498],[-70.1134147,-33.1113973],[-70.1141104,-33.1074688],[-70.114343,-33.1035021],[-70.1141104,-33.0995354],[-70.1134147,-33.0956069],[-70.1122628,-33.0917545],[-70.1106656,-33.0880151],[-70.1086385,-33.0844249],[-70.1062011,-33.0810185],[-70.1033769,-33.0778286],[-70.100193,-33.0748859],[-70.0966802,-33.0722188],[-70.0928722,-33.069853],[-70.0888056,-33.0678112],[-70.0845198,-33.0661132],[-70.0800559,-33.0647753],[-70.075457,-33.0638103],[-70.0707673,-33.0632275],[-70.066032,-33.0630327]]]},"properties":{"name":"Nevado el Plomo","local_name":"Nevado el Plomo","english_name":"Nevado el Plomo","search_name":"Nevado el Plomo Nevado el Plomo Nevado el Plomo Nevado el Plomo Nevado el Plomo Nevado el Plomo","peak_elev":6052,"radius_m":4500,"layer":"平均突起响应半径","rank_pct":0.6213,"center_lon":-70.06603196276295,"center_lat":-33.103502124739045,"max_mean_jut":621.3297,"max_ats":362.7035,"r_jmean_peak":4500,"r_ats_peak":4500,"r_ats_marginal":1312.5,"ats_marginal_rate_max":0.161213,"ats_marginal_interval_start":1250,"ats_marginal_interval_end":1375,"ats_marginal_ats_mean":138.9666}},{"type":"Feature","geometry":{"type":"Polygon","coordinates":[[[-67.8825868,-22.7944805],[-67.8782828,-22.7946753],[-67.8740202,-22.7952581],[-67.8698402,-22.7962231],[-67.8657829,-22.797561],[-67.8618874,-22.7992591],[-67.8581912,-22.8013008],[-67.85473,-22.8036666],[-67.8515371,-22.8063337],[-67.8486432,-22.8092764],[-67.8460762,-22.8124663],[-67.8438609,-22.8158728],[-67.8420184,-22.8194629],[-67.8405667,-22.8232023],[-67.8395196,-22.8270547],[-67.8388874,-22.8309832],[-67.8386759,-22.8349499],[-67.8388874,-22.8389166],[-67.8395196,-22.8428451],[-67.8405667,-22.8466976],[-67.8420184,-22.8504369],[-67.8438609,-22.8540271],[-67.8460762,-22.8574336],[-67.8486432,-22.8606235],[-67.8515371,-22.8635662],[-67.85473,-22.8662333],[-67.8581912,-22.8685991],[-67.8618874,-22.8706408],[-67.8657829,-22.8723389],[-67.8698402,-22.8736768],[-67.8740202,-22.8746418],[-67.8782828,-22.8752245],[-67.8825868,-22.8754194],[-67.8868909,-22.8752245],[-67.8911534,-22.8746418],[-67.8953335,-22.8736768],[-67.8993908,-22.8723389],[-67.9032863,-22.8706408],[-67.9069824,-22.8685991],[-67.9104436,-22.8662333],[-67.9136365,-22.8635662],[-67.9165304,-22.8606235],[-67.9190974,-22.8574336],[-67.9213128,-22.8540271],[-67.9231552,-22.8504369],[-67.924607,-22.8466976],[-67.925654,-22.8428451],[-67.9262863,-22.8389166],[-67.9264978,-22.8349499],[-67.9262863,-22.8309832],[-67.925654,-22.8270547],[-67.924607,-22.8232023],[-67.9231552,-22.8194629],[-67.9213128,-22.8158728],[-67.9190974,-22.8124663],[-67.9165304,-22.8092764],[-67.9136365,-22.8063337],[-67.9104436,-22.8036666],[-67.9069824,-22.8013008],[-67.9032863,-22.7992591],[-67.8993908,-22.797561],[-67.8953335,-22.7962231],[-67.8911534,-22.7952581],[-67.8868909,-22.7946753],[-67.8825868,-22.7944805]]]},"properties":{"name":"Volcán Licancábur","local_name":"Volcán Licancábur","english_name":"Volcán Licancábur","search_name":"Volcán Licancábur Volcán Licancábur Volcán Licancábur Volcán Licancábur Volcán Licancábur Volcán Licancábur","peak_elev":5924,"radius_m":4500,"layer":"平均突起响应半径","rank_pct":0.6213,"center_lon":-67.88258683318203,"center_lat":-22.834949943497207,"max_mean_jut":547.1511,"max_ats":354.6347,"r_jmean_peak":4500,"r_ats_peak":4250,"r_ats_marginal":1187.5,"ats_marginal_rate_max":0.153535,"ats_marginal_interval_start":1125,"ats_marginal_interval_end":1250,"ats_marginal_ats_mean":104.3307}},{"type":"Feature","geometry":{"type":"Polygon","coordinates":[[[-73.4514229,-49.9224368],[-73.4455995,-49.9226208],[-73.439832,-49.9231712],[-73.4341763,-49.9240825],[-73.4286866,-49.9253462],[-73.4234159,-49.9269499],[-73.4184149,-49.9288782],[-73.4137317,-49.9311126],[-73.4094116,-49.9336315],[-73.4054961,-49.9364107],[-73.4020229,-49.9394234],[-73.3990254,-49.9426406],[-73.3965325,-49.9460313],[-73.3945683,-49.9495629],[-73.3931516,-49.9532013],[-73.3922961,-49.9569116],[-73.39201,-49.9606579],[-73.3922961,-49.9644043],[-73.3931516,-49.9681145],[-73.3945683,-49.9717529],[-73.3965325,-49.9752845],[-73.3990254,-49.9786753],[-73.4020229,-49.9818925],[-73.4054961,-49.9849052],[-73.4094116,-49.9876844],[-73.4137317,-49.9902033],[-73.4184149,-49.9924377],[-73.4234159,-49.994366],[-73.4286866,-49.9959697],[-73.4341763,-49.9972333],[-73.439832,-49.9981447],[-73.4455995,-49.998695],[-73.4514229,-49.9988791],[-73.4572464,-49.998695],[-73.4630138,-49.9981447],[-73.4686696,-49.9972333],[-73.4741593,-49.9959697],[-73.47943,-49.994366],[-73.484431,-49.9924377],[-73.4891141,-49.9902033],[-73.4934343,-49.9876844],[-73.4973498,-49.9849052],[-73.500823,-49.9818925],[-73.5038205,-49.9786753],[-73.5063134,-49.9752845],[-73.5082776,-49.9717529],[-73.5096943,-49.9681145],[-73.5105498,-49.9644043],[-73.5108359,-49.9606579],[-73.5105498,-49.9569116],[-73.5096943,-49.9532013],[-73.5082776,-49.9495629],[-73.5063134,-49.9460313],[-73.5038205,-49.9426406],[-73.500823,-49.9394234],[-73.4973498,-49.9364107],[-73.4934343,-49.9336315],[-73.4891141,-49.9311126],[-73.484431,-49.9288782],[-73.47943,-49.9269499],[-73.4741593,-49.9253462],[-73.4686696,-49.9240825],[-73.4630138,-49.9231712],[-73.4572464,-49.9226208],[-73.4514229,-49.9224368]]]},"properties":{"name":"Cerro Agassiz","local_name":"Cerro Agassiz","english_name":"Cerro Agassiz","search_name":"Cerro Agassiz Cerro Agassiz Cerro Agassiz Cerro Agassiz Cerro Agassiz Cerro Agassiz","peak_elev":3184,"radius_m":4250,"layer":"平均突起响应半径","rank_pct":0.648,"center_lon":-73.45142294249577,"center_lat":-49.96065792582711,"max_mean_jut":435.4137,"max_ats":204.1294,"r_jmean_peak":4250,"r_ats_peak":4750,"r_ats_marginal":1312.5,"ats_marginal_rate_max":0.098067,"ats_marginal_interval_start":1250,"ats_marginal_interval_end":1375,"ats_marginal_ats_mean":79.3216}},{"type":"Feature","geometry":{"type":"Polygon","coordinates":[[[-72.1783305,-15.593947],[-72.1744403,-15.594131],[-72.1705875,-15.5946814],[-72.1668094,-15.5955928],[-72.1631421,-15.5968564],[-72.1596212,-15.5984601],[-72.1562804,-15.6003884],[-72.153152,-15.6026228],[-72.150266,-15.6051417],[-72.1476503,-15.6079209],[-72.1453301,-15.6109336],[-72.1433278,-15.6141508],[-72.1416625,-15.6175416],[-72.1403503,-15.6210731],[-72.1394039,-15.6247116],[-72.1388324,-15.6284218],[-72.1386413,-15.6321682],[-72.1388324,-15.6359145],[-72.1394039,-15.6396247],[-72.1403503,-15.6432632],[-72.1416625,-15.6467948],[-72.1433278,-15.6501855],[-72.1453301,-15.6534027],[-72.1476503,-15.6564154],[-72.150266,-15.6591946],[-72.153152,-15.6617135],[-72.1562804,-15.6639479],[-72.1596212,-15.6658762],[-72.1631421,-15.6674799],[-72.1668094,-15.6687435],[-72.1705875,-15.6696549],[-72.1744403,-15.6702053],[-72.1783305,-15.6703893],[-72.1822207,-15.6702053],[-72.1860735,-15.6696549],[-72.1898517,-15.6687435],[-72.1935189,-15.6674799],[-72.1970399,-15.6658762],[-72.2003807,-15.6639479],[-72.2035091,-15.6617135],[-72.206395,-15.6591946],[-72.2090107,-15.6564154],[-72.2113309,-15.6534027],[-72.2133333,-15.6501855],[-72.2149986,-15.6467948],[-72.2163107,-15.6432632],[-72.2172571,-15.6396247],[-72.2178286,-15.6359145],[-72.2180197,-15.6321682],[-72.2178286,-15.6284218],[-72.2172571,-15.6247116],[-72.2163107,-15.6210731],[-72.2149986,-15.6175416],[-72.2133333,-15.6141508],[-72.2113309,-15.6109336],[-72.2090107,-15.6079209],[-72.206395,-15.6051417],[-72.2035091,-15.6026228],[-72.2003807,-15.6003884],[-72.1970399,-15.5984601],[-72.1935189,-15.5968564],[-72.1898517,-15.5955928],[-72.1860735,-15.5946814],[-72.1822207,-15.594131],[-72.1783305,-15.593947]]]},"properties":{"name":"Cerro Aquehuina","local_name":"Cerro Aquehuina","english_name":"Cerro Aquehuina","search_name":"Cerro Aquehuina Cerro Aquehuina Cerro Aquehuina Cerro Aquehuina Cerro Aquehuina Cerro Aquehuina","peak_elev":4096,"radius_m":4250,"layer":"平均突起响应半径","rank_pct":0.648,"center_lon":-72.17833052184159,"center_lat":-15.632168163898472,"max_mean_jut":409.6956,"max_ats":133.9205,"r_jmean_peak":4250,"r_ats_peak":4250,"r_ats_marginal":437.5,"ats_marginal_rate_max":0.055752,"ats_marginal_interval_start":375,"ats_marginal_interval_end":500,"ats_marginal_ats_mean":18.1956}},{"type":"Feature","geometry":{"type":"Polygon","coordinates":[[[-76.3395964,-11.8070091],[-76.3357686,-11.8071931],[-76.3319776,-11.8077435],[-76.32826,-11.8086549],[-76.3246516,-11.8099185],[-76.3211871,-11.8115222],[-76.3178999,-11.8134505],[-76.3148216,-11.8156849],[-76.3119819,-11.8182038],[-76.3094082,-11.820983],[-76.3071252,-11.8239957],[-76.3051549,-11.8272129],[-76.3035164,-11.8306036],[-76.3022252,-11.8341352],[-76.301294,-11.8377737],[-76.3007317,-11.8414839],[-76.3005436,-11.8452303],[-76.3007317,-11.8489766],[-76.301294,-11.8526868],[-76.3022252,-11.8563253],[-76.3035164,-11.8598569],[-76.3051549,-11.8632476],[-76.3071252,-11.8664648],[-76.3094082,-11.8694775],[-76.3119819,-11.8722567],[-76.3148216,-11.8747756],[-76.3178999,-11.87701],[-76.3211871,-11.8789383],[-76.3246516,-11.880542],[-76.32826,-11.8818056],[-76.3319776,-11.882717],[-76.3357686,-11.8832674],[-76.3395964,-11.8834514],[-76.3434243,-11.8832674],[-76.3472152,-11.882717],[-76.3509328,-11.8818056],[-76.3545413,-11.880542],[-76.3580058,-11.8789383],[-76.361293,-11.87701],[-76.3643712,-11.8747756],[-76.3672109,-11.8722567],[-76.3697846,-11.8694775],[-76.3720676,-11.8664648],[-76.3740379,-11.8632476],[-76.3756765,-11.8598569],[-76.3769676,-11.8563253],[-76.3778988,-11.8526868],[-76.3784611,-11.8489766],[-76.3786492,-11.8452303],[-76.3784611,-11.8414839],[-76.3778988,-11.8377737],[-76.3769676,-11.8341352],[-76.3756765,-11.8306036],[-76.3740379,-11.8272129],[-76.3720676,-11.8239957],[-76.3697846,-11.820983],[-76.3672109,-11.8182038],[-76.3643712,-11.8156849],[-76.361293,-11.8134505],[-76.3580058,-11.8115222],[-76.3545413,-11.8099185],[-76.3509328,-11.8086549],[-76.3472152,-11.8077435],[-76.3434243,-11.8071931],[-76.3395964,-11.8070091]]]},"properties":{"name":"Cerro Caurac","local_name":"Cerro Caurac","english_name":"Cerro Caurac","search_name":"Cerro Caurac Cerro Caurac Cerro Caurac Cerro Caurac Cerro Caurac Cerro Caurac","peak_elev":4566,"radius_m":4250,"layer":"平均突起响应半径","rank_pct":0.648,"center_lon":-76.33959641246844,"center_lat":-11.845230252164216,"max_mean_jut":326.7841,"max_ats":121.6403,"r_jmean_peak":4250,"r_ats_peak":2000,"r_ats_marginal":812.5,"ats_marginal_rate_max":0.103797,"ats_marginal_interval_start":750,"ats_marginal_interval_end":875,"ats_marginal_ats_mean":63.9896}},{"type":"Feature","geometry":{"type":"Polygon","coordinates":[[[-72.0349594,-13.7508735],[-72.0311019,-13.7510576],[-72.0272815,-13.7516079],[-72.0235351,-13.7525193],[-72.0198987,-13.7537829],[-72.0164074,-13.7553866],[-72.0130947,-13.757315],[-72.0099926,-13.7595493],[-72.0071309,-13.7620682],[-72.0045373,-13.7648474],[-72.0022366,-13.7678602],[-72.000251,-13.7710774],[-71.9985998,-13.7744681],[-71.9972986,-13.7779997],[-71.9963602,-13.7816381],[-71.9957935,-13.7853484],[-71.995604,-13.7890947],[-71.9957935,-13.792841],[-71.9963602,-13.7965513],[-71.9972986,-13.8001897],[-71.9985998,-13.8037213],[-72.000251,-13.807112],[-72.0022366,-13.8103292],[-72.0045373,-13.8133419],[-72.0071309,-13.8161211],[-72.0099926,-13.8186401],[-72.0130947,-13.8208744],[-72.0164074,-13.8228028],[-72.0198987,-13.8244065],[-72.0235351,-13.8256701],[-72.0272815,-13.8265815],[-72.0311019,-13.8271318],[-72.0349594,-13.8273159],[-72.0388169,-13.8271318],[-72.0426373,-13.8265815],[-72.0463837,-13.8256701],[-72.0500201,-13.8244065],[-72.0535114,-13.8228028],[-72.0568241,-13.8208744],[-72.0599262,-13.8186401],[-72.0627879,-13.8161211],[-72.0653815,-13.8133419],[-72.0676822,-13.8103292],[-72.0696678,-13.807112],[-72.0713191,-13.8037213],[-72.0726202,-13.8001897],[-72.0735586,-13.7965513],[-72.0741253,-13.792841],[-72.0743148,-13.7890947],[-72.0741253,-13.7853484],[-72.0735586,-13.7816381],[-72.0726202,-13.7779997],[-72.0713191,-13.7744681],[-72.0696678,-13.7710774],[-72.0676822,-13.7678602],[-72.0653815,-13.7648474],[-72.0627879,-13.7620682],[-72.0599262,-13.7595493],[-72.0568241,-13.757315],[-72.0535114,-13.7553866],[-72.0500201,-13.7537829],[-72.0463837,-13.7525193],[-72.0426373,-13.7516079],[-72.0388169,-13.7510576],[-72.0349594,-13.7508735]]]},"properties":{"name":"Cerro Jomo","local_name":"Cerro Jomo","english_name":"Cerro Jomo","search_name":"Cerro Jomo Cerro Jomo Cerro Jomo Cerro Jomo Cerro Jomo Cerro Jomo","peak_elev":4386,"radius_m":4250,"layer":"平均突起响应半径","rank_pct":0.648,"center_lon":-72.03495940249611,"center_lat":-13.78909469547045,"max_mean_jut":377.6362,"max_ats":171.9996,"r_jmean_peak":4250,"r_ats_peak":4500,"r_ats_marginal":3125.0,"ats_marginal_rate_max":0.067313,"ats_marginal_interval_start":3000,"ats_marginal_interval_end":3250,"ats_marginal_ats_mean":119.6199}},{"type":"Feature","geometry":{"type":"Polygon","coordinates":[[[-76.635771,-11.3844416],[-76.6319489,-11.3846256],[-76.6281637,-11.385176],[-76.6244517,-11.3860874],[-76.6208488,-11.387351],[-76.6173895,-11.3889547],[-76.6141073,-11.390883],[-76.6110337,-11.3931174],[-76.6081984,-11.3956363],[-76.6056286,-11.3984155],[-76.603349,-11.4014282],[-76.6013818,-11.4046454],[-76.5997457,-11.4080361],[-76.5984565,-11.4115677],[-76.5975267,-11.4152062],[-76.5969652,-11.4189164],[-76.5967774,-11.4226627],[-76.5969652,-11.4264091],[-76.5975267,-11.4301193],[-76.5984565,-11.4337578],[-76.5997457,-11.4372894],[-76.6013818,-11.4406801],[-76.603349,-11.4438973],[-76.6056286,-11.44691],[-76.6081984,-11.4496892],[-76.6110337,-11.4522081],[-76.6141073,-11.4544425],[-76.6173895,-11.4563708],[-76.6208488,-11.4579745],[-76.6244517,-11.4592381],[-76.6281637,-11.4601495],[-76.6319489,-11.4606999],[-76.635771,-11.4608839],[-76.639593,-11.4606999],[-76.6433782,-11.4601495],[-76.6470902,-11.4592381],[-76.6506931,-11.4579745],[-76.6541524,-11.4563708],[-76.6574346,-11.4544425],[-76.6605082,-11.4522081],[-76.6633435,-11.4496892],[-76.6659134,-11.44691],[-76.6681929,-11.4438973],[-76.6701602,-11.4406801],[-76.6717963,-11.4372894],[-76.6730854,-11.4337578],[-76.6740152,-11.4301193],[-76.6745767,-11.4264091],[-76.6747645,-11.4226627],[-76.6745767,-11.4189164],[-76.6740152,-11.4152062],[-76.6730854,-11.4115677],[-76.6717963,-11.4080361],[-76.6701602,-11.4046454],[-76.6681929,-11.4014282],[-76.6659134,-11.3984155],[-76.6633435,-11.3956363],[-76.6605082,-11.3931174],[-76.6574346,-11.390883],[-76.6541524,-11.3889547],[-76.6506931,-11.387351],[-76.6470902,-11.3860874],[-76.6433782,-11.385176],[-76.639593,-11.3846256],[-76.635771,-11.3844416]]]},"properties":{"name":"Cerro Muere Gente","local_name":"Cerro Muere Gente","english_name":"Cerro Muere Gente","search_name":"Cerro Muere Gente Cerro Muere Gente Cerro Muere Gente Cerro Muere Gente Cerro Muere Gente Cerro Muere Gente","peak_elev":4577,"radius_m":4250,"layer":"平均突起响应半径","rank_pct":0.648,"center_lon":-76.63577096164265,"center_lat":-11.422662742514394,"max_mean_jut":239.5083,"max_ats":81.6575,"r_jmean_peak":4250,"r_ats_peak":4000,"r_ats_marginal":562.5,"ats_marginal_rate_max":0.038398,"ats_marginal_interval_start":500,"ats_marginal_interval_end":625,"ats_marginal_ats_mean":16.9134}},{"type":"Feature","geometry":{"type":"Polygon","coordinates":[[[-75.839684,-12.6817885],[-75.8358434,-12.6819726],[-75.8320398,-12.6825229],[-75.8283098,-12.6834343],[-75.8246893,-12.6846979],[-75.8212133,-12.6863016],[-75.8179152,-12.6882299],[-75.8148266,-12.6904643],[-75.8119775,-12.6929832],[-75.8093952,-12.6957624],[-75.8071046,-12.6987751],[-75.8051278,-12.7019923],[-75.8034838,-12.7053831],[-75.8021884,-12.7089147],[-75.801254,-12.7125531],[-75.8006898,-12.7162633],[-75.8005012,-12.7200097],[-75.8006898,-12.723756],[-75.801254,-12.7274663],[-75.8021884,-12.7311047],[-75.8034838,-12.7346363],[-75.8051278,-12.738027],[-75.8071046,-12.7412442],[-75.8093952,-12.7442569],[-75.8119775,-12.7470361],[-75.8148266,-12.749555],[-75.8179152,-12.7517894],[-75.8212133,-12.7537177],[-75.8246893,-12.7553214],[-75.8283098,-12.7565851],[-75.8320398,-12.7574964],[-75.8358434,-12.7580468],[-75.839684,-12.7582308],[-75.8435245,-12.7580468],[-75.8473281,-12.7574964],[-75.8510581,-12.7565851],[-75.8546786,-12.7553214],[-75.8581546,-12.7537177],[-75.8614528,-12.7517894],[-75.8645413,-12.749555],[-75.8673904,-12.7470361],[-75.8699727,-12.7442569],[-75.8722633,-12.7412442],[-75.8742401,-12.738027],[-75.8758841,-12.7346363],[-75.8771796,-12.7311047],[-75.8781139,-12.7274663],[-75.8786781,-12.723756],[-75.8788668,-12.7200097],[-75.8786781,-12.7162633],[-75.8781139,-12.7125531],[-75.8771796,-12.7089147],[-75.8758841,-12.7053831],[-75.8742401,-12.7019923],[-75.8722633,-12.6987751],[-75.8699727,-12.6957624],[-75.8673904,-12.6929832],[-75.8645413,-12.6904643],[-75.8614528,-12.6882299],[-75.8581546,-12.6863016],[-75.8546786,-12.6846979],[-75.8510581,-12.6834343],[-75.8473281,-12.6825229],[-75.8435245,-12.6819726],[-75.839684,-12.6817885]]]},"properties":{"name":"Cerro Nupejajnicure","local_name":"Cerro Nupejajnicure","english_name":"Cerro Nupejajnicure","search_name":"Cerro Nupejajnicure Cerro Nupejajnicure Cerro Nupejajnicure Cerro Nupejajnicure Cerro Nupejajnicure Cerro Nupejajnicure","peak_elev":4559,"radius_m":4250,"layer":"平均突起响应半径","rank_pct":0.648,"center_lon":-75.83968395685594,"center_lat":-12.720009675839808,"max_mean_jut":326.959,"max_ats":110.0572,"r_jmean_peak":4250,"r_ats_peak":4000,"r_ats_marginal":2125.0,"ats_marginal_rate_max":0.044805,"ats_marginal_interval_start":2000,"ats_marginal_interval_end":2250,"ats_marginal_ats_mean":58.8866}},{"type":"Feature","geometry":{"type":"Polygon","coordinates":[[[-79.3064623,-6.2319746],[-79.3026934,-6.2321586],[-79.2989608,-6.232709],[-79.2953005,-6.2336204],[-79.2917477,-6.234884],[-79.2883365,-6.2364877],[-79.2851,-6.238416],[-79.2820691,-6.2406504],[-79.2792732,-6.2431693],[-79.2767391,-6.2459485],[-79.2744913,-6.2489612],[-79.2725514,-6.2521784],[-79.270938,-6.2555692],[-79.2696668,-6.2591007],[-79.2687499,-6.2627392],[-79.2681963,-6.2664494],[-79.2680111,-6.2701958],[-79.2681963,-6.2739421],[-79.2687499,-6.2776523],[-79.2696668,-6.2812908],[-79.270938,-6.2848224],[-79.2725514,-6.2882131],[-79.2744913,-6.2914303],[-79.2767391,-6.294443],[-79.2792732,-6.2972222],[-79.2820691,-6.2997411],[-79.2851,-6.3019755],[-79.2883365,-6.3039038],[-79.2917477,-6.3055075],[-79.2953005,-6.3067711],[-79.2989608,-6.3076825],[-79.3026934,-6.3082329],[-79.3064623,-6.3084169],[-79.3102312,-6.3082329],[-79.3139638,-6.3076825],[-79.3176241,-6.3067711],[-79.3211769,-6.3055075],[-79.3245881,-6.3039038],[-79.3278246,-6.3019755],[-79.3308555,-6.2997411],[-79.3336514,-6.2972222],[-79.3361855,-6.294443],[-79.3384333,-6.2914303],[-79.3403732,-6.2882131],[-79.3419866,-6.2848224],[-79.3432578,-6.2812908],[-79.3441747,-6.2776523],[-79.3447283,-6.2739421],[-79.3449135,-6.2701958],[-79.3447283,-6.2664494],[-79.3441747,-6.2627392],[-79.3432578,-6.2591007],[-79.3419866,-6.2555692],[-79.3403732,-6.2521784],[-79.3384333,-6.2489612],[-79.3361855,-6.2459485],[-79.3336514,-6.2431693],[-79.3308555,-6.2406504],[-79.3278246,-6.238416],[-79.3245881,-6.2364877],[-79.3211769,-6.234884],[-79.3176241,-6.2336204],[-79.3139638,-6.232709],[-79.3102312,-6.2321586],[-79.3064623,-6.2319746]]]},"properties":{"name":"Cerro Paquican","local_name":"Cerro Paquican","english_name":"Cerro Paquican","search_name":"Cerro Paquican Cerro Paquican Cerro Paquican Cerro Paquican Cerro Paquican Cerro Paquican","peak_elev":3781,"radius_m":4250,"layer":"平均突起响应半径","rank_pct":0.648,"center_lon":-79.30646230132999,"center_lat":-6.270195767390055,"max_mean_jut":303.3901,"max_ats":135.4554,"r_jmean_peak":4250,"r_ats_peak":4250,"r_ats_marginal":687.5,"ats_marginal_rate_max":0.06558,"ats_marginal_interval_start":625,"ats_marginal_interval_end":750,"ats_marginal_ats_mean":22.6718}},{"type":"Feature","geometry":{"type":"Polygon","coordinates":[[[-73.3056264,-13.4463446],[-73.3017738,-13.4465287],[-73.2979584,-13.4470791],[-73.2942168,-13.4479904],[-73.2905851,-13.4492541],[-73.2870983,-13.4508578],[-73.2837899,-13.4527861],[-73.2806917,-13.4550205],[-73.2778338,-13.4575394],[-73.2752434,-13.4603186],[-73.2729457,-13.4633313],[-73.2709627,-13.4665485],[-73.2693136,-13.4699392],[-73.2680141,-13.4734708],[-73.2670769,-13.4771092],[-73.2665109,-13.4808195],[-73.2663217,-13.4845658],[-73.2665109,-13.4883121],[-73.2670769,-13.4920224],[-73.2680141,-13.4956608],[-73.2693136,-13.4991924],[-73.2709627,-13.5025831],[-73.2729457,-13.5058004],[-73.2752434,-13.5088131],[-73.2778338,-13.5115923],[-73.2806917,-13.5141112],[-73.2837899,-13.5163456],[-73.2870983,-13.5182739],[-73.2905851,-13.5198776],[-73.2942168,-13.5211412],[-73.2979584,-13.5220526],[-73.3017738,-13.5226029],[-73.3056264,-13.522787],[-73.3094789,-13.5226029],[-73.3132943,-13.5220526],[-73.3170359,-13.5211412],[-73.3206676,-13.5198776],[-73.3241545,-13.5182739],[-73.3274629,-13.5163456],[-73.330561,-13.5141112],[-73.333419,-13.5115923],[-73.3360093,-13.5088131],[-73.338307,-13.5058004],[-73.34029,-13.5025831],[-73.3419392,-13.4991924],[-73.3432386,-13.4956608],[-73.3441758,-13.4920224],[-73.3447418,-13.4883121],[-73.3449311,-13.4845658],[-73.3447418,-13.4808195],[-73.3441758,-13.4771092],[-73.3432386,-13.4734708],[-73.3419392,-13.4699392],[-73.34029,-13.4665485],[-73.338307,-13.4633313],[-73.3360093,-13.4603186],[-73.333419,-13.4575394],[-73.330561,-13.4550205],[-73.3274629,-13.4527861],[-73.3241545,-13.4508578],[-73.3206676,-13.4492541],[-73.3170359,-13.4479904],[-73.3132943,-13.4470791],[-73.3094789,-13.4465287],[-73.3056264,-13.4463446]]]},"properties":{"name":"Cerro Peluche","local_name":"Cerro Peluche","english_name":"Cerro Peluche","search_name":"Cerro Peluche Cerro Peluche Cerro Peluche Cerro Peluche Cerro Peluche Cerro Peluche","peak_elev":3222,"radius_m":4250,"layer":"平均突起响应半径","rank_pct":0.648,"center_lon":-73.30562637188318,"center_lat":-13.484565814153932,"max_mean_jut":297.5774,"max_ats":99.3895,"r_jmean_peak":4250,"r_ats_peak":4500,"r_ats_marginal":187.5,"ats_marginal_rate_max":0.080516,"ats_marginal_interval_start":125,"ats_marginal_interval_end":250,"ats_marginal_ats_mean":12.697}},{"type":"Feature","geometry":{"type":"Polygon","coordinates":[[[-74.5110757,-15.1837762],[-74.5071931,-15.1839603],[-74.503348,-15.1845106],[-74.4995772,-15.185422],[-74.4959172,-15.1866857],[-74.4924032,-15.1882893],[-74.489069,-15.1902177],[-74.4859468,-15.192452],[-74.4830665,-15.194971],[-74.480456,-15.1977502],[-74.4781404,-15.2007629],[-74.476142,-15.2039801],[-74.47448,-15.2073708],[-74.4731704,-15.2109024],[-74.4722259,-15.2145408],[-74.4716555,-15.2182511],[-74.4714648,-15.2219974],[-74.4716555,-15.2257437],[-74.4722259,-15.229454],[-74.4731704,-15.2330924],[-74.47448,-15.236624],[-74.476142,-15.2400147],[-74.4781404,-15.2432319],[-74.480456,-15.2462447],[-74.4830665,-15.2490239],[-74.4859468,-15.2515428],[-74.489069,-15.2537771],[-74.4924032,-15.2557055],[-74.4959172,-15.2573092],[-74.4995772,-15.2585728],[-74.503348,-15.2594842],[-74.5071931,-15.2600345],[-74.5110757,-15.2602186],[-74.5149582,-15.2600345],[-74.5188034,-15.2594842],[-74.5225741,-15.2585728],[-74.5262341,-15.2573092],[-74.5297481,-15.2557055],[-74.5330823,-15.2537771],[-74.5362045,-15.2515428],[-74.5390848,-15.2490239],[-74.5416953,-15.2462447],[-74.5440109,-15.2432319],[-74.5460093,-15.2400147],[-74.5476713,-15.236624],[-74.5489809,-15.2330924],[-74.5499254,-15.229454],[-74.5504958,-15.2257437],[-74.5506865,-15.2219974],[-74.5504958,-15.2182511],[-74.5499254,-15.2145408],[-74.5489809,-15.2109024],[-74.5476713,-15.2073708],[-74.5460093,-15.2039801],[-74.5440109,-15.2007629],[-74.5416953,-15.1977502],[-74.5390848,-15.194971],[-74.5362045,-15.192452],[-74.5330823,-15.1902177],[-74.5297481,-15.1882893],[-74.5262341,-15.1866857],[-74.5225741,-15.185422],[-74.5188034,-15.1845106],[-74.5149582,-15.1839603],[-74.5110757,-15.1837762]]]},"properties":{"name":"Cerro Pico Blanco","local_name":"Cerro Pico Blanco","english_name":"Cerro Pico Blanco","search_name":"Cerro Pico Blanco Cerro Pico Blanco Cerro Pico Blanco Cerro Pico Blanco Cerro Pico Blanco Cerro Pico Blanco","peak_elev":2132,"radius_m":4250,"layer":"平均突起响应半径","rank_pct":0.648,"center_lon":-74.51107565164315,"center_lat":-15.2219974051695,"max_mean_jut":192.7724,"max_ats":71.2464,"r_jmean_peak":4250,"r_ats_peak":4750,"r_ats_marginal":3125.0,"ats_marginal_rate_max":0.026212,"ats_marginal_interval_start":3000,"ats_marginal_interval_end":3250,"ats_marginal_ats_mean":48.0197}},{"type":"Feature","geometry":{"type":"Polygon","coordinates":[[[-75.8981643,-12.8116849],[-75.8943217,-12.8118689],[-75.8905162,-12.8124193],[-75.8867843,-12.8133307],[-75.883162,-12.8145943],[-75.8796841,-12.816198],[-75.8763843,-12.8181263],[-75.8732942,-12.8203607],[-75.8704436,-12.8228796],[-75.86786,-12.8256588],[-75.8655682,-12.8286715],[-75.8635904,-12.8318887],[-75.8619455,-12.8352795],[-75.8606494,-12.838811],[-75.8597146,-12.8424495],[-75.8591501,-12.8461597],[-75.8589613,-12.8499061],[-75.8591501,-12.8536524],[-75.8597146,-12.8573626],[-75.8606494,-12.8610011],[-75.8619455,-12.8645327],[-75.8635904,-12.8679234],[-75.8655682,-12.8711406],[-75.86786,-12.8741533],[-75.8704436,-12.8769325],[-75.8732942,-12.8794514],[-75.8763843,-12.8816858],[-75.8796841,-12.8836141],[-75.883162,-12.8852178],[-75.8867843,-12.8864814],[-75.8905162,-12.8873928],[-75.8943217,-12.8879432],[-75.8981643,-12.8881272],[-75.9020068,-12.8879432],[-75.9058124,-12.8873928],[-75.9095443,-12.8864814],[-75.9131666,-12.8852178],[-75.9166444,-12.8836141],[-75.9199443,-12.8816858],[-75.9230344,-12.8794514],[-75.925885,-12.8769325],[-75.9284686,-12.8741533],[-75.9307604,-12.8711406],[-75.9327382,-12.8679234],[-75.9343831,-12.8645327],[-75.9356792,-12.8610011],[-75.936614,-12.8573626],[-75.9371785,-12.8536524],[-75.9373672,-12.8499061],[-75.9371785,-12.8461597],[-75.936614,-12.8424495],[-75.9356792,-12.838811],[-75.9343831,-12.8352795],[-75.9327382,-12.8318887],[-75.9307604,-12.8286715],[-75.9284686,-12.8256588],[-75.925885,-12.8228796],[-75.9230344,-12.8203607],[-75.9199443,-12.8181263],[-75.9166444,-12.816198],[-75.9131666,-12.8145943],[-75.9095443,-12.8133307],[-75.9058124,-12.8124193],[-75.9020068,-12.8118689],[-75.8981643,-12.8116849]]]},"properties":{"name":"Cerro Pishcullay","local_name":"Cerro Pishcullay","english_name":"Cerro Pishcullay","search_name":"Cerro Pishcullay Cerro Pishcullay Cerro Pishcullay Cerro Pishcullay Cerro Pishcullay Cerro Pishcullay","peak_elev":2890,"radius_m":4250,"layer":"平均突起响应半径","rank_pct":0.648,"center_lon":-75.89816428185212,"center_lat":-12.84990606592349,"max_mean_jut":330.175,"max_ats":158.4765,"r_jmean_peak":4250,"r_ats_peak":5000,"r_ats_marginal":2625.0,"ats_marginal_rate_max":0.062127,"ats_marginal_interval_start":2500,"ats_marginal_interval_end":2750,"ats_marginal_ats_mean":104.4882}},{"type":"Feature","geometry":{"type":"Polygon","coordinates":[[[-73.7721215,-13.5646528],[-73.768267,-13.5648368],[-73.7644497,-13.5653872],[-73.7607063,-13.5662986],[-73.7570728,-13.5675622],[-73.7535842,-13.5691659],[-73.7502741,-13.5710942],[-73.7471745,-13.5733286],[-73.7443151,-13.5758475],[-73.7417234,-13.5786267],[-73.7394246,-13.5816394],[-73.7374406,-13.5848566],[-73.7357906,-13.5882473],[-73.7344905,-13.5917789],[-73.7335529,-13.5954174],[-73.7329866,-13.5991276],[-73.7327973,-13.6028739],[-73.7329866,-13.6066203],[-73.7335529,-13.6103305],[-73.7344905,-13.613969],[-73.7357906,-13.6175005],[-73.7374406,-13.6208913],[-73.7394246,-13.6241085],[-73.7417234,-13.6271212],[-73.7443151,-13.6299004],[-73.7471745,-13.6324193],[-73.7502741,-13.6346537],[-73.7535842,-13.636582],[-73.7570728,-13.6381857],[-73.7607063,-13.6394493],[-73.7644497,-13.6403607],[-73.768267,-13.6409111],[-73.7721215,-13.6410951],[-73.7759759,-13.6409111],[-73.7797933,-13.6403607],[-73.7835367,-13.6394493],[-73.7871702,-13.6381857],[-73.7906588,-13.636582],[-73.7939689,-13.6346537],[-73.7970685,-13.6324193],[-73.7999279,-13.6299004],[-73.8025196,-13.6271212],[-73.8048184,-13.6241085],[-73.8068024,-13.6208913],[-73.8084524,-13.6175005],[-73.8097525,-13.613969],[-73.8106901,-13.6103305],[-73.8112564,-13.6066203],[-73.8114457,-13.6028739],[-73.8112564,-13.5991276],[-73.8106901,-13.5954174],[-73.8097525,-13.5917789],[-73.8084524,-13.5882473],[-73.8068024,-13.5848566],[-73.8048184,-13.5816394],[-73.8025196,-13.5786267],[-73.7999279,-13.5758475],[-73.7970685,-13.5733286],[-73.7939689,-13.5710942],[-73.7906588,-13.5691659],[-73.7871702,-13.5675622],[-73.7835367,-13.5662986],[-73.7797933,-13.5653872],[-73.7759759,-13.5648368],[-73.7721215,-13.5646528]]]},"properties":{"name":"Cerro Puntillay","local_name":"Cerro Puntillay","english_name":"Cerro Puntillay","search_name":"Cerro Puntillay Cerro Puntillay Cerro Puntillay Cerro Puntillay Cerro Puntillay Cerro Puntillay","peak_elev":3742,"radius_m":4250,"layer":"平均突起响应半径","rank_pct":0.648,"center_lon":-73.77212149892644,"center_lat":-13.602873937072474,"max_mean_jut":310.3375,"max_ats":154.4116,"r_jmean_peak":4250,"r_ats_peak":5000,"r_ats_marginal":937.5,"ats_marginal_rate_max":0.090229,"ats_marginal_interval_start":875,"ats_marginal_interval_end":1000,"ats_marginal_ats_mean":63.9209}},{"type":"Feature","geometry":{"type":"Polygon","coordinates":[[[-74.7997044,-11.8196753],[-74.7958763,-11.8198594],[-74.7920852,-11.8204097],[-74.7883674,-11.8213211],[-74.7847588,-11.8225847],[-74.7812941,-11.8241884],[-74.7780068,-11.8261168],[-74.7749284,-11.8283511],[-74.7720886,-11.8308701],[-74.7695148,-11.8336492],[-74.7672317,-11.836662],[-74.7652613,-11.8398792],[-74.7636226,-11.8432699],[-74.7623314,-11.8468015],[-74.7614002,-11.8504399],[-74.7608378,-11.8541502],[-74.7606498,-11.8578965],[-74.7608378,-11.8616428],[-74.7614002,-11.8653531],[-74.7623314,-11.8689915],[-74.7636226,-11.8725231],[-74.7652613,-11.8759138],[-74.7672317,-11.879131],[-74.7695148,-11.8821438],[-74.7720886,-11.8849229],[-74.7749284,-11.8874419],[-74.7780068,-11.8896762],[-74.7812941,-11.8916046],[-74.7847588,-11.8932083],[-74.7883674,-11.8944719],[-74.7920852,-11.8953833],[-74.7958763,-11.8959336],[-74.7997044,-11.8961177],[-74.8035324,-11.8959336],[-74.8073235,-11.8953833],[-74.8110413,-11.8944719],[-74.8146499,-11.8932083],[-74.8181146,-11.8916046],[-74.8214019,-11.8896762],[-74.8244803,-11.8874419],[-74.8273201,-11.8849229],[-74.829894,-11.8821438],[-74.8321771,-11.879131],[-74.8341474,-11.8759138],[-74.8357861,-11.8725231],[-74.8370773,-11.8689915],[-74.8380085,-11.8653531],[-74.8385709,-11.8616428],[-74.8387589,-11.8578965],[-74.8385709,-11.8541502],[-74.8380085,-11.8504399],[-74.8370773,-11.8468015],[-74.8357861,-11.8432699],[-74.8341474,-11.8398792],[-74.8321771,-11.836662],[-74.829894,-11.8336492],[-74.8273201,-11.8308701],[-74.8244803,-11.8283511],[-74.8214019,-11.8261168],[-74.8181146,-11.8241884],[-74.8146499,-11.8225847],[-74.8110413,-11.8213211],[-74.8073235,-11.8204097],[-74.8035324,-11.8198594],[-74.7997044,-11.8196753]]]},"properties":{"name":"Cerro Shimayulo","local_name":"Cerro Shimayulo","english_name":"Cerro Shimayulo","search_name":"Cerro Shimayulo Cerro Shimayulo Cerro Shimayulo Cerro Shimayulo Cerro Shimayulo Cerro Shimayulo","peak_elev":4341,"radius_m":4250,"layer":"平均突起响应半径","rank_pct":0.648,"center_lon":-74.79970435243077,"center_lat":-11.857896497670303,"max_mean_jut":297.9114,"max_ats":121.9409,"r_jmean_peak":4250,"r_ats_peak":4000,"r_ats_marginal":1062.5,"ats_marginal_rate_max":0.082172,"ats_marginal_interval_start":1000,"ats_marginal_interval_end":1125,"ats_marginal_ats_mean":52.5215}},{"type":"Feature","geometry":{"type":"Polygon","coordinates":[[[-77.3162448,-8.128947],[-77.3124601,-8.129131],[-77.3087118,-8.1296814],[-77.3050361,-8.1305928],[-77.3014683,-8.1318564],[-77.2980428,-8.1334601],[-77.2947927,-8.1353884],[-77.2917491,-8.1376228],[-77.2889414,-8.1401417],[-77.2863967,-8.1429209],[-77.2841394,-8.1459336],[-77.2821914,-8.1491508],[-77.2805712,-8.1525415],[-77.2792947,-8.1560731],[-77.2783739,-8.1597116],[-77.2778179,-8.1634218],[-77.277632,-8.1671682],[-77.2778179,-8.1709145],[-77.2783739,-8.1746247],[-77.2792947,-8.1782632],[-77.2805712,-8.1817948],[-77.2821914,-8.1851855],[-77.2841394,-8.1884027],[-77.2863967,-8.1914154],[-77.2889414,-8.1941946],[-77.2917491,-8.1967135],[-77.2947927,-8.1989479],[-77.2980428,-8.2008762],[-77.3014683,-8.2024799],[-77.3050361,-8.2037435],[-77.3087118,-8.2046549],[-77.3124601,-8.2052053],[-77.3162448,-8.2053893],[-77.3200295,-8.2052053],[-77.3237778,-8.2046549],[-77.3274535,-8.2037435],[-77.3310213,-8.2024799],[-77.3344467,-8.2008762],[-77.3376969,-8.1989479],[-77.3407405,-8.1967135],[-77.3435482,-8.1941946],[-77.3460929,-8.1914154],[-77.3483501,-8.1884027],[-77.3502982,-8.1851855],[-77.3519184,-8.1817948],[-77.3531949,-8.1782632],[-77.3541156,-8.1746247],[-77.3546716,-8.1709145],[-77.3548576,-8.1671682],[-77.3546716,-8.1634218],[-77.3541156,-8.1597116],[-77.3531949,-8.1560731],[-77.3519184,-8.1525415],[-77.3502982,-8.1491508],[-77.3483501,-8.1459336],[-77.3460929,-8.1429209],[-77.3435482,-8.1401417],[-77.3407405,-8.1376228],[-77.3376969,-8.1353884],[-77.3344467,-8.1334601],[-77.3310213,-8.1318564],[-77.3274535,-8.1305928],[-77.3237778,-8.1296814],[-77.3200295,-8.129131],[-77.3162448,-8.128947]]]},"properties":{"name":"Cerro Ventanas","local_name":"Cerro Ventanas","english_name":"Cerro Ventanas","search_name":"Cerro Ventanas Cerro Ventanas Cerro Ventanas Cerro Ventanas Cerro Ventanas Cerro Ventanas","peak_elev":4156,"radius_m":4250,"layer":"平均突起响应半径","rank_pct":0.648,"center_lon":-77.31624478936318,"center_lat":-8.167168152865248,"max_mean_jut":209.104,"max_ats":75.1656,"r_jmean_peak":4250,"r_ats_peak":4500,"r_ats_marginal":812.5,"ats_marginal_rate_max":0.070135,"ats_marginal_interval_start":750,"ats_marginal_interval_end":875,"ats_marginal_ats_mean":36.7847}},{"type":"Feature","geometry":{"type":"Polygon","coordinates":[[[-72.3729056,-13.204069],[-72.3690569,-13.2042531],[-72.3652453,-13.2048034],[-72.3615075,-13.2057148],[-72.3578795,-13.2069784],[-72.3543961,-13.2085821],[-72.351091,-13.2105104],[-72.347996,-13.2127448],[-72.3451409,-13.2152637],[-72.3425532,-13.2180429],[-72.3402578,-13.2210556],[-72.3382768,-13.2242728],[-72.3366293,-13.2276636],[-72.3353311,-13.2311952],[-72.3343949,-13.2348336],[-72.3338295,-13.2385439],[-72.3336404,-13.2422902],[-72.3338295,-13.2460365],[-72.3343949,-13.2497468],[-72.3353311,-13.2533852],[-72.3366293,-13.2569168],[-72.3382768,-13.2603075],[-72.3402578,-13.2635247],[-72.3425532,-13.2665374],[-72.3451409,-13.2693166],[-72.347996,-13.2718355],[-72.351091,-13.2740699],[-72.3543961,-13.2759982],[-72.3578795,-13.2776019],[-72.3615075,-13.2788656],[-72.3652453,-13.2797769],[-72.3690569,-13.2803273],[-72.3729056,-13.2805114],[-72.3767543,-13.2803273],[-72.3805659,-13.2797769],[-72.3843037,-13.2788656],[-72.3879318,-13.2776019],[-72.3914151,-13.2759982],[-72.3947202,-13.2740699],[-72.3978152,-13.2718355],[-72.4006703,-13.2693166],[-72.403258,-13.2665374],[-72.4055535,-13.2635247],[-72.4075345,-13.2603075],[-72.409182,-13.2569168],[-72.4104801,-13.2533852],[-72.4114164,-13.2497468],[-72.4119818,-13.2460365],[-72.4121708,-13.2422902],[-72.4119818,-13.2385439],[-72.4114164,-13.2348336],[-72.4104801,-13.2311952],[-72.409182,-13.2276636],[-72.4075345,-13.2242728],[-72.4055535,-13.2210556],[-72.403258,-13.2180429],[-72.4006703,-13.2152637],[-72.3978152,-13.2127448],[-72.3947202,-13.2105104],[-72.3914151,-13.2085821],[-72.3879318,-13.2069784],[-72.3843037,-13.2057148],[-72.3805659,-13.2048034],[-72.3767543,-13.2042531],[-72.3729056,-13.204069]]]},"properties":{"name":"Cerro Ñaupaderrumbe","local_name":"Cerro Ñaupaderrumbe","english_name":"Cerro Ñaupaderrumbe","search_name":"Cerro Ñaupaderrumbe Cerro Ñaupaderrumbe Cerro Ñaupaderrumbe Cerro Ñaupaderrumbe Cerro Ñaupaderrumbe Cerro Ñaupaderrumbe","peak_elev":4494,"radius_m":4250,"layer":"平均突起响应半径","rank_pct":0.648,"center_lon":-72.37290561238187,"center_lat":-13.242290182026895,"max_mean_jut":321.1072,"max_ats":138.0995,"r_jmean_peak":4250,"r_ats_peak":4750,"r_ats_marginal":2875.0,"ats_marginal_rate_max":0.058792,"ats_marginal_interval_start":2750,"ats_marginal_interval_end":3000,"ats_marginal_ats_mean":77.4543}},{"type":"Feature","geometry":{"type":"Polygon","coordinates":[[[-76.9049961,-10.2296573],[-76.9011887,-10.2298413],[-76.8974181,-10.2303917],[-76.8937205,-10.2313031],[-76.8901314,-10.2325667],[-76.8866855,-10.2341704],[-76.8834159,-10.2360987],[-76.8803542,-10.2383331],[-76.8775297,-10.240852],[-76.8749698,-10.2436312],[-76.8726991,-10.2466439],[-76.8707394,-10.2498611],[-76.8691096,-10.2532518],[-76.8678254,-10.2567834],[-76.8668992,-10.2604219],[-76.8663399,-10.2641321],[-76.8661528,-10.2678784],[-76.8663399,-10.2716248],[-76.8668992,-10.275335],[-76.8678254,-10.2789735],[-76.8691096,-10.2825051],[-76.8707394,-10.2858958],[-76.8726991,-10.289113],[-76.8749698,-10.2921257],[-76.8775297,-10.2949049],[-76.8803542,-10.2974238],[-76.8834159,-10.2996582],[-76.8866855,-10.3015865],[-76.8901314,-10.3031902],[-76.8937205,-10.3044538],[-76.8974181,-10.3053652],[-76.9011887,-10.3059156],[-76.9049961,-10.3060996],[-76.9088034,-10.3059156],[-76.912574,-10.3053652],[-76.9162716,-10.3044538],[-76.9198607,-10.3031902],[-76.9233066,-10.3015865],[-76.9265762,-10.2996582],[-76.9296379,-10.2974238],[-76.9324624,-10.2949049],[-76.9350223,-10.2921257],[-76.937293,-10.289113],[-76.9392527,-10.2858958],[-76.9408825,-10.2825051],[-76.9421667,-10.2789735],[-76.9430929,-10.275335],[-76.9436522,-10.2716248],[-76.9438393,-10.2678784],[-76.9436522,-10.2641321],[-76.9430929,-10.2604219],[-76.9421667,-10.2567834],[-76.9408825,-10.2532518],[-76.9392527,-10.2498611],[-76.937293,-10.2466439],[-76.9350223,-10.2436312],[-76.9324624,-10.240852],[-76.9296379,-10.2383331],[-76.9265762,-10.2360987],[-76.9233066,-10.2341704],[-76.9198607,-10.2325667],[-76.9162716,-10.2313031],[-76.912574,-10.2303917],[-76.9088034,-10.2298413],[-76.9049961,-10.2296573]]]},"properties":{"name":"Nevado Yerupajá","local_name":"Nevado Yerupajá","english_name":"Nevado Yerupajá","search_name":"Nevado Yerupajá Nevado Yerupajá Nevado Yerupajá Nevado Yerupajá Nevado Yerupajá Nevado Yerupajá","peak_elev":6373,"radius_m":4250,"layer":"平均突起响应半径","rank_pct":0.648,"center_lon":-76.90499605229327,"center_lat":-10.26787844477875,"max_mean_jut":558.3737,"max_ats":328.8478,"r_jmean_peak":4250,"r_ats_peak":4750,"r_ats_marginal":937.5,"ats_marginal_rate_max":0.275562,"ats_marginal_interval_start":875,"ats_marginal_interval_end":1000,"ats_marginal_ats_mean":136.2685}},{"type":"Feature","geometry":{"type":"Polygon","coordinates":[[[-75.8701368,-12.7285034],[-75.8665215,-12.7286766],[-75.8629411,-12.7291946],[-75.8594299,-12.7300524],[-75.8560218,-12.7312417],[-75.8527497,-12.732751],[-75.849645,-12.7345659],[-75.8467376,-12.7366689],[-75.8440556,-12.7390396],[-75.8416248,-12.7416553],[-75.8394686,-12.7444908],[-75.8376077,-12.7475188],[-75.8360601,-12.7507101],[-75.8348407,-12.7540339],[-75.8339612,-12.7574583],[-75.83343,-12.7609503],[-75.8332524,-12.7644763],[-75.83343,-12.7680022],[-75.8339612,-12.7714942],[-75.8348407,-12.7749187],[-75.8360601,-12.7782425],[-75.8376077,-12.7814338],[-75.8394686,-12.7844617],[-75.8416248,-12.7872972],[-75.8440556,-12.7899129],[-75.8467376,-12.7922837],[-75.849645,-12.7943866],[-75.8527497,-12.7962015],[-75.8560218,-12.7977109],[-75.8594299,-12.7989002],[-75.8629411,-12.7997579],[-75.8665215,-12.8002759],[-75.8701368,-12.8004491],[-75.8737521,-12.8002759],[-75.8773326,-12.7997579],[-75.8808438,-12.7989002],[-75.8842519,-12.7977109],[-75.887524,-12.7962015],[-75.8906287,-12.7943866],[-75.8935361,-12.7922837],[-75.8962181,-12.7899129],[-75.8986489,-12.7872972],[-75.9008051,-12.7844617],[-75.902666,-12.7814338],[-75.9042136,-12.7782425],[-75.905433,-12.7749187],[-75.9063125,-12.7714942],[-75.9068436,-12.7680022],[-75.9070213,-12.7644763],[-75.9068436,-12.7609503],[-75.9063125,-12.7574583],[-75.905433,-12.7540339],[-75.9042136,-12.7507101],[-75.902666,-12.7475188],[-75.9008051,-12.7444908],[-75.8986489,-12.7416553],[-75.8962181,-12.7390396],[-75.8935361,-12.7366689],[-75.8906287,-12.7345659],[-75.887524,-12.732751],[-75.8842519,-12.7312417],[-75.8808438,-12.7300524],[-75.8773326,-12.7291946],[-75.8737521,-12.7286766],[-75.8701368,-12.7285034]]]},"properties":{"name":"Cerro Caipan","local_name":"Cerro Caipan","english_name":"Cerro Caipan","search_name":"Cerro Caipan Cerro Caipan Cerro Caipan Cerro Caipan Cerro Caipan Cerro Caipan","peak_elev":3205,"radius_m":4000,"layer":"平均突起响应半径","rank_pct":0.688,"center_lon":-75.87013684498758,"center_lat":-12.764476282403724,"max_mean_jut":335.784,"max_ats":135.6092,"r_jmean_peak":4000,"r_ats_peak":4250,"r_ats_marginal":562.5,"ats_marginal_rate_max":0.06538,"ats_marginal_interval_start":500,"ats_marginal_interval_end":625,"ats_marginal_ats_mean":16.8441}},{"type":"Feature","geometry":{"type":"Polygon","coordinates":[[[-77.5248336,-7.8099577],[-77.5212743,-7.810131],[-77.5177493,-7.810649],[-77.5142925,-7.8115067],[-77.5109373,-7.812696],[-77.5077159,-7.8142054],[-77.5046593,-7.8160203],[-77.501797,-7.8181232],[-77.4991566,-7.820494],[-77.4967634,-7.8231097],[-77.4946406,-7.8259452],[-77.4928086,-7.8289731],[-77.4912849,-7.8321644],[-77.4900844,-7.8354882],[-77.4892185,-7.8389126],[-77.4886957,-7.8424046],[-77.4885208,-7.8459306],[-77.4886957,-7.8494566],[-77.4892185,-7.8529486],[-77.4900844,-7.856373],[-77.4912849,-7.8596968],[-77.4928086,-7.8628881],[-77.4946406,-7.8659161],[-77.4967634,-7.8687516],[-77.4991566,-7.8713673],[-77.501797,-7.873738],[-77.5046593,-7.875841],[-77.5077159,-7.8776558],[-77.5109373,-7.8791652],[-77.5142925,-7.8803545],[-77.5177493,-7.8812123],[-77.5212743,-7.8817303],[-77.5248336,-7.8819035],[-77.5283929,-7.8817303],[-77.5319179,-7.8812123],[-77.5353746,-7.8803545],[-77.5387299,-7.8791652],[-77.5419513,-7.8776558],[-77.5450079,-7.875841],[-77.5478702,-7.873738],[-77.5505106,-7.8713673],[-77.5529038,-7.8687516],[-77.5550266,-7.8659161],[-77.5568586,-7.8628881],[-77.5583822,-7.8596968],[-77.5595828,-7.856373],[-77.5604487,-7.8529486],[-77.5609715,-7.8494566],[-77.5611464,-7.8459306],[-77.5609715,-7.8424046],[-77.5604487,-7.8389126],[-77.5595828,-7.8354882],[-77.5583822,-7.8321644],[-77.5568586,-7.8289731],[-77.5550266,-7.8259452],[-77.5529038,-7.8231097],[-77.5505106,-7.820494],[-77.5478702,-7.8181232],[-77.5450079,-7.8160203],[-77.5419513,-7.8142054],[-77.5387299,-7.812696],[-77.5353746,-7.8115067],[-77.5319179,-7.810649],[-77.5283929,-7.810131],[-77.5248336,-7.8099577]]]},"properties":{"name":"Cerro Calvario","local_name":"Cerro Calvario","english_name":"Cerro Calvario","search_name":"Cerro Calvario Cerro Calvario Cerro Calvario Cerro Calvario Cerro Calvario Cerro Calvario","peak_elev":4277,"radius_m":4000,"layer":"平均突起响应半径","rank_pct":0.688,"center_lon":-77.52483359833575,"center_lat":-7.8459306072641075,"max_mean_jut":269.5909,"max_ats":105.0842,"r_jmean_peak":4000,"r_ats_peak":4000,"r_ats_marginal":187.5,"ats_marginal_rate_max":0.10094,"ats_marginal_interval_start":125,"ats_marginal_interval_end":250,"ats_marginal_ats_mean":12.7955}},{"type":"Feature","geometry":{"type":"Polygon","coordinates":[[[-72.9215966,-15.4851635],[-72.9179372,-15.4853367],[-72.914313,-15.4858547],[-72.910759,-15.4867125],[-72.9073093,-15.4879018],[-72.9039973,-15.4894112],[-72.9008547,-15.4912261],[-72.8979119,-15.493329],[-72.8951972,-15.4956997],[-72.8927367,-15.4983155],[-72.8905542,-15.5011509],[-72.8886706,-15.5041789],[-72.8871041,-15.5073702],[-72.8858698,-15.510694],[-72.8849796,-15.5141184],[-72.884442,-15.5176104],[-72.8842622,-15.5211364],[-72.884442,-15.5246624],[-72.8849796,-15.5281544],[-72.8858698,-15.5315788],[-72.8871041,-15.5349026],[-72.8886706,-15.5380939],[-72.8905542,-15.5411218],[-72.8927367,-15.5439573],[-72.8951972,-15.5465731],[-72.8979119,-15.5489438],[-72.9008547,-15.5510467],[-72.9039973,-15.5528616],[-72.9073093,-15.554371],[-72.910759,-15.5555603],[-72.914313,-15.5564181],[-72.9179372,-15.556936],[-72.9215966,-15.5571093],[-72.925256,-15.556936],[-72.9288802,-15.5564181],[-72.9324342,-15.5555603],[-72.9358838,-15.554371],[-72.9391959,-15.5528616],[-72.9423385,-15.5510467],[-72.9452813,-15.5489438],[-72.947996,-15.5465731],[-72.9504565,-15.5439573],[-72.952639,-15.5411218],[-72.9545226,-15.5380939],[-72.9560891,-15.5349026],[-72.9573234,-15.5315788],[-72.9582136,-15.5281544],[-72.9587512,-15.5246624],[-72.958931,-15.5211364],[-72.9587512,-15.5176104],[-72.9582136,-15.5141184],[-72.9573234,-15.510694],[-72.9560891,-15.5073702],[-72.9545226,-15.5041789],[-72.952639,-15.5011509],[-72.9504565,-15.4983155],[-72.947996,-15.4956997],[-72.9452813,-15.493329],[-72.9423385,-15.4912261],[-72.9391959,-15.4894112],[-72.9358838,-15.4879018],[-72.9324342,-15.4867125],[-72.9288802,-15.4858547],[-72.925256,-15.4853367],[-72.9215966,-15.4851635]]]},"properties":{"name":"Cerro Chachane","local_name":"Cerro Chachane","english_name":"Cerro Chachane","search_name":"Cerro Chachane Cerro Chachane Cerro Chachane Cerro Chachane Cerro Chachane Cerro Chachane","peak_elev":3843,"radius_m":4000,"layer":"平均突起响应半径","rank_pct":0.688,"center_lon":-72.92159658792208,"center_lat":-15.5211363947813,"max_mean_jut":297.3906,"max_ats":128.7748,"r_jmean_peak":4000,"r_ats_peak":4000,"r_ats_marginal":1312.5,"ats_marginal_rate_max":0.064251,"ats_marginal_interval_start":1250,"ats_marginal_interval_end":1375,"ats_marginal_ats_mean":43.1944}},{"type":"Feature","geometry":{"type":"Polygon","coordinates":[[[-72.9226746,-15.1235018],[-72.9190215,-15.123675],[-72.9154036,-15.124193],[-72.9118557,-15.1250508],[-72.908412,-15.1262401],[-72.9051057,-15.1277494],[-72.9019686,-15.1295643],[-72.8990309,-15.1316673],[-72.8963208,-15.134038],[-72.8938646,-15.1366537],[-72.8916859,-15.1394892],[-72.8898055,-15.1425172],[-72.8882418,-15.1457084],[-72.8870096,-15.1490323],[-72.8861209,-15.1524567],[-72.8855842,-15.1559487],[-72.8854048,-15.1594747],[-72.8855842,-15.1630006],[-72.8861209,-15.1664926],[-72.8870096,-15.169917],[-72.8882418,-15.1732409],[-72.8898055,-15.1764322],[-72.8916859,-15.1794601],[-72.8938646,-15.1822956],[-72.8963208,-15.1849113],[-72.8990309,-15.1872821],[-72.9019686,-15.189385],[-72.9051057,-15.1911999],[-72.908412,-15.1927093],[-72.9118557,-15.1938985],[-72.9154036,-15.1947563],[-72.9190215,-15.1952743],[-72.9226746,-15.1954475],[-72.9263276,-15.1952743],[-72.9299455,-15.1947563],[-72.9334934,-15.1938985],[-72.9369371,-15.1927093],[-72.9402434,-15.1911999],[-72.9433806,-15.189385],[-72.9463183,-15.1872821],[-72.9490283,-15.1849113],[-72.9514845,-15.1822956],[-72.9536633,-15.1794601],[-72.9555436,-15.1764322],[-72.9571074,-15.1732409],[-72.9583395,-15.169917],[-72.9592282,-15.1664926],[-72.9597649,-15.1630006],[-72.9599444,-15.1594747],[-72.9597649,-15.1559487],[-72.9592282,-15.1524567],[-72.9583395,-15.1490323],[-72.9571074,-15.1457084],[-72.9555436,-15.1425172],[-72.9536633,-15.1394892],[-72.9514845,-15.1366537],[-72.9490283,-15.134038],[-72.9463183,-15.1316673],[-72.9433806,-15.1295643],[-72.9402434,-15.1277494],[-72.9369371,-15.1262401],[-72.9334934,-15.1250508],[-72.9299455,-15.124193],[-72.9263276,-15.123675],[-72.9226746,-15.1235018]]]},"properties":{"name":"Cerro Chapi","local_name":"Cerro Chapi","english_name":"Cerro Chapi","search_name":"Cerro Chapi Cerro Chapi Cerro Chapi Cerro Chapi Cerro Chapi Cerro Chapi","peak_elev":4273,"radius_m":4000,"layer":"平均突起响应半径","rank_pct":0.688,"center_lon":-72.92267456626303,"center_lat":-15.15947466139478,"max_mean_jut":242.24,"max_ats":79.0414,"r_jmean_peak":4000,"r_ats_peak":4250,"r_ats_marginal":1312.5,"ats_marginal_rate_max":0.03434,"ats_marginal_interval_start":1250,"ats_marginal_interval_end":1375,"ats_marginal_ats_mean":22.5107}},{"type":"Feature","geometry":{"type":"Polygon","coordinates":[[[-72.6310814,-12.872683],[-72.627464,-12.8728562],[-72.6238815,-12.8733742],[-72.6203683,-12.874232],[-72.6169583,-12.8754213],[-72.6136843,-12.8769307],[-72.6105778,-12.8787455],[-72.6076688,-12.8808485],[-72.6049853,-12.8832192],[-72.602553,-12.8858349],[-72.6003956,-12.8886704],[-72.5985336,-12.8916984],[-72.5969851,-12.8948897],[-72.595765,-12.8982135],[-72.594885,-12.9016379],[-72.5943536,-12.9051299],[-72.5941759,-12.9086559],[-72.5943536,-12.9121818],[-72.594885,-12.9156738],[-72.595765,-12.9190983],[-72.5969851,-12.9224221],[-72.5985336,-12.9256134],[-72.6003956,-12.9286413],[-72.602553,-12.9314768],[-72.6049853,-12.9340925],[-72.6076688,-12.9364633],[-72.6105778,-12.9385662],[-72.6136843,-12.9403811],[-72.6169583,-12.9418905],[-72.6203683,-12.9430798],[-72.6238815,-12.9439375],[-72.627464,-12.9444555],[-72.6310814,-12.9446287],[-72.6346988,-12.9444555],[-72.6382813,-12.9439375],[-72.6417945,-12.9430798],[-72.6452046,-12.9418905],[-72.6484786,-12.9403811],[-72.6515851,-12.9385662],[-72.6544941,-12.9364633],[-72.6571776,-12.9340925],[-72.6596098,-12.9314768],[-72.6617673,-12.9286413],[-72.6636292,-12.9256134],[-72.6651777,-12.9224221],[-72.6663978,-12.9190983],[-72.6672779,-12.9156738],[-72.6678093,-12.9121818],[-72.667987,-12.9086559],[-72.6678093,-12.9051299],[-72.6672779,-12.9016379],[-72.6663978,-12.8982135],[-72.6651777,-12.8948897],[-72.6636292,-12.8916984],[-72.6617673,-12.8886704],[-72.6596098,-12.8858349],[-72.6571776,-12.8832192],[-72.6544941,-12.8808485],[-72.6515851,-12.8787455],[-72.6484786,-12.8769307],[-72.6452046,-12.8754213],[-72.6417945,-12.874232],[-72.6382813,-12.8733742],[-72.6346988,-12.8728562],[-72.6310814,-12.872683]]]},"properties":{"name":"Cerro Collpanipata","local_name":"Cerro Collpanipata","english_name":"Cerro Collpanipata","search_name":"Cerro Collpanipata Cerro Collpanipata Cerro Collpanipata Cerro Collpanipata Cerro Collpanipata Cerro Collpanipata","peak_elev":2967,"radius_m":4000,"layer":"平均突起响应半径","rank_pct":0.688,"center_lon":-72.63108142503782,"center_lat":-12.908655885504906,"max_mean_jut":293.5059,"max_ats":111.2932,"r_jmean_peak":4000,"r_ats_peak":4250,"r_ats_marginal":187.5,"ats_marginal_rate_max":0.066781,"ats_marginal_interval_start":125,"ats_marginal_interval_end":250,"ats_marginal_ats_mean":7.2435}},{"type":"Feature","geometry":{"type":"Polygon","coordinates":[[[-77.1033441,-10.2251682],[-77.0997608,-10.2253414],[-77.096212,-10.2258594],[-77.092732,-10.2267172],[-77.0893541,-10.2279065],[-77.086111,-10.2294158],[-77.0830338,-10.2312307],[-77.0801522,-10.2333337],[-77.077494,-10.2357044],[-77.0750847,-10.2383201],[-77.0729476,-10.2411556],[-77.0711032,-10.2441836],[-77.0695693,-10.2473749],[-77.0683607,-10.2506987],[-77.0674889,-10.2541231],[-77.0669625,-10.2576151],[-77.0667865,-10.2611411],[-77.0669625,-10.264667],[-77.0674889,-10.268159],[-77.0683607,-10.2715835],[-77.0695693,-10.2749073],[-77.0711032,-10.2780986],[-77.0729476,-10.2811265],[-77.0750847,-10.283962],[-77.077494,-10.2865777],[-77.0801522,-10.2889485],[-77.0830338,-10.2910514],[-77.086111,-10.2928663],[-77.0893541,-10.2943757],[-77.092732,-10.295565],[-77.096212,-10.2964227],[-77.0997608,-10.2969407],[-77.1033441,-10.2971139],[-77.1069273,-10.2969407],[-77.1104761,-10.2964227],[-77.1139562,-10.295565],[-77.117334,-10.2943757],[-77.1205772,-10.2928663],[-77.1236544,-10.2910514],[-77.1265359,-10.2889485],[-77.1291942,-10.2865777],[-77.1316034,-10.283962],[-77.1337406,-10.2811265],[-77.135585,-10.2780986],[-77.1371189,-10.2749073],[-77.1383275,-10.2715835],[-77.1391992,-10.268159],[-77.1397256,-10.264667],[-77.1399016,-10.2611411],[-77.1397256,-10.2576151],[-77.1391992,-10.2541231],[-77.1383275,-10.2506987],[-77.1371189,-10.2473749],[-77.135585,-10.2441836],[-77.1337406,-10.2411556],[-77.1316034,-10.2383201],[-77.1291942,-10.2357044],[-77.1265359,-10.2333337],[-77.1236544,-10.2312307],[-77.1205772,-10.2294158],[-77.117334,-10.2279065],[-77.1139562,-10.2267172],[-77.1104761,-10.2258594],[-77.1069273,-10.2253414],[-77.1033441,-10.2251682]]]},"properties":{"name":"Cerro Cutash","local_name":"Cerro Cutash","english_name":"Cerro Cutash","search_name":"Cerro Cutash Cerro Cutash Cerro Cutash Cerro Cutash Cerro Cutash Cerro Cutash","peak_elev":4191,"radius_m":4000,"layer":"平均突起响应半径","rank_pct":0.688,"center_lon":-77.10334406702687,"center_lat":-10.261141080147851,"max_mean_jut":295.2596,"max_ats":107.9985,"r_jmean_peak":4000,"r_ats_peak":4000,"r_ats_marginal":437.5,"ats_marginal_rate_max":0.065551,"ats_marginal_interval_start":375,"ats_marginal_interval_end":500,"ats_marginal_ats_mean":22.3261}},{"type":"Feature","geometry":{"type":"Polygon","coordinates":[[[-70.0043177,-32.8457352],[-70.0001191,-32.8459084],[-69.9959609,-32.8464264],[-69.9918832,-32.8472842],[-69.9879253,-32.8484735],[-69.9841252,-32.8499828],[-69.9805196,-32.8517977],[-69.9771432,-32.8539007],[-69.9740285,-32.8562714],[-69.9712055,-32.8588871],[-69.9687014,-32.8617226],[-69.9665403,-32.8647506],[-69.964743,-32.8679419],[-69.9633268,-32.8712657],[-69.9623054,-32.8746901],[-69.9616886,-32.8781821],[-69.9614823,-32.8817081],[-69.9616886,-32.885234],[-69.9623054,-32.888726],[-69.9633268,-32.8921505],[-69.964743,-32.8954743],[-69.9665403,-32.8986656],[-69.9687014,-32.9016935],[-69.9712055,-32.904529],[-69.9740285,-32.9071447],[-69.9771432,-32.9095155],[-69.9805196,-32.9116184],[-69.9841252,-32.9134333],[-69.9879253,-32.9149427],[-69.9918832,-32.916132],[-69.9959609,-32.9169897],[-70.0001191,-32.9175077],[-70.0043177,-32.9176809],[-70.0085163,-32.9175077],[-70.0126745,-32.9169897],[-70.0167522,-32.916132],[-70.0207101,-32.9149427],[-70.0245102,-32.9134333],[-70.0281158,-32.9116184],[-70.0314922,-32.9095155],[-70.0346069,-32.9071447],[-70.0374299,-32.904529],[-70.039934,-32.9016935],[-70.0420951,-32.8986656],[-70.0438924,-32.8954743],[-70.0453086,-32.8921505],[-70.04633,-32.888726],[-70.0469468,-32.885234],[-70.0471531,-32.8817081],[-70.0469468,-32.8781821],[-70.04633,-32.8746901],[-70.0453086,-32.8712657],[-70.0438924,-32.8679419],[-70.0420951,-32.8647506],[-70.039934,-32.8617226],[-70.0374299,-32.8588871],[-70.0346069,-32.8562714],[-70.0314922,-32.8539007],[-70.0281158,-32.8517977],[-70.0245102,-32.8499828],[-70.0207101,-32.8484735],[-70.0167522,-32.8472842],[-70.0126745,-32.8464264],[-70.0085163,-32.8459084],[-70.0043177,-32.8457352]]]},"properties":{"name":"Cerro Gemelos","local_name":"Cerro Gemelos","english_name":"Cerro Gemelos","search_name":"Cerro Gemelos Cerro Gemelos Cerro Gemelos Cerro Gemelos Cerro Gemelos Cerro Gemelos","peak_elev":5222,"radius_m":4000,"layer":"平均突起响应半径","rank_pct":0.688,"center_lon":-70.00431770274393,"center_lat":-32.88170808108994,"max_mean_jut":445.9602,"max_ats":249.3613,"r_jmean_peak":4000,"r_ats_peak":4000,"r_ats_marginal":687.5,"ats_marginal_rate_max":0.150041,"ats_marginal_interval_start":625,"ats_marginal_interval_end":750,"ats_marginal_ats_mean":75.6085}},{"type":"Feature","geometry":{"type":"Polygon","coordinates":[[[-74.6361211,-11.9000771],[-74.6325173,-11.9002503],[-74.6289481,-11.9007683],[-74.625448,-11.901626],[-74.6220507,-11.9028153],[-74.6187889,-11.9043247],[-74.615694,-11.9061396],[-74.6127959,-11.9082425],[-74.6101224,-11.9106133],[-74.6076992,-11.913229],[-74.6055498,-11.9160645],[-74.6036948,-11.9190924],[-74.6021521,-11.9222837],[-74.6009365,-11.9256076],[-74.6000598,-11.929032],[-74.5995304,-11.932524],[-74.5993533,-11.9360499],[-74.5995304,-11.9395759],[-74.6000598,-11.9430679],[-74.6009365,-11.9464923],[-74.6021521,-11.9498161],[-74.6036948,-11.9530074],[-74.6055498,-11.9560354],[-74.6076992,-11.9588709],[-74.6101224,-11.9614866],[-74.6127959,-11.9638573],[-74.615694,-11.9659603],[-74.6187889,-11.9677752],[-74.6220507,-11.9692845],[-74.625448,-11.9704738],[-74.6289481,-11.9713316],[-74.6325173,-11.9718496],[-74.6361211,-11.9720228],[-74.639725,-11.9718496],[-74.6432942,-11.9713316],[-74.6467943,-11.9704738],[-74.6501916,-11.9692845],[-74.6534534,-11.9677752],[-74.6565482,-11.9659603],[-74.6594464,-11.9638573],[-74.6621199,-11.9614866],[-74.664543,-11.9588709],[-74.6666925,-11.9560354],[-74.6685475,-11.9530074],[-74.6700902,-11.9498161],[-74.6713057,-11.9464923],[-74.6721825,-11.9430679],[-74.6727119,-11.9395759],[-74.672889,-11.9360499],[-74.6727119,-11.932524],[-74.6721825,-11.929032],[-74.6713057,-11.9256076],[-74.6700902,-11.9222837],[-74.6685475,-11.9190924],[-74.6666925,-11.9160645],[-74.664543,-11.913229],[-74.6621199,-11.9106133],[-74.6594464,-11.9082425],[-74.6565482,-11.9061396],[-74.6534534,-11.9043247],[-74.6501916,-11.9028153],[-74.6467943,-11.901626],[-74.6432942,-11.9007683],[-74.639725,-11.9002503],[-74.6361211,-11.9000771]]]},"properties":{"name":"Cerro Huamancayo","local_name":"Cerro Huamancayo","english_name":"Cerro Huamancayo","search_name":"Cerro Huamancayo Cerro Huamancayo Cerro Huamancayo Cerro Huamancayo Cerro Huamancayo Cerro Huamancayo","peak_elev":3312,"radius_m":4000,"layer":"平均突起响应半径","rank_pct":0.688,"center_lon":-74.6361211391926,"center_lat":-11.936049927388702,"max_mean_jut":447.9786,"max_ats":208.9557,"r_jmean_peak":4000,"r_ats_peak":4500,"r_ats_marginal":687.5,"ats_marginal_rate_max":0.124856,"ats_marginal_interval_start":625,"ats_marginal_interval_end":750,"ats_marginal_ats_mean":56.3899}},{"type":"Feature","geometry":{"type":"Polygon","coordinates":[[[-77.1478107,-10.1901339],[-77.1442278,-10.1903071],[-77.1406794,-10.1908251],[-77.1371997,-10.1916829],[-77.1338222,-10.1928722],[-77.1305795,-10.1943816],[-77.1275026,-10.1961964],[-77.1246214,-10.1982994],[-77.1219634,-10.2006701],[-77.1195544,-10.2032858],[-77.1174175,-10.2061213],[-77.1155733,-10.2091493],[-77.1140396,-10.2123406],[-77.1128311,-10.2156644],[-77.1119595,-10.2190888],[-77.1114332,-10.2225808],[-77.1112571,-10.2261068],[-77.1114332,-10.2296327],[-77.1119595,-10.2331247],[-77.1128311,-10.2365492],[-77.1140396,-10.239873],[-77.1155733,-10.2430643],[-77.1174175,-10.2460922],[-77.1195544,-10.2489277],[-77.1219634,-10.2515434],[-77.1246214,-10.2539142],[-77.1275026,-10.2560171],[-77.1305795,-10.257832],[-77.1338222,-10.2593414],[-77.1371997,-10.2605307],[-77.1406794,-10.2613884],[-77.1442278,-10.2619064],[-77.1478107,-10.2620796],[-77.1513935,-10.2619064],[-77.1549419,-10.2613884],[-77.1584216,-10.2605307],[-77.1617991,-10.2593414],[-77.1650419,-10.257832],[-77.1681187,-10.2560171],[-77.171,-10.2539142],[-77.1736579,-10.2515434],[-77.1760669,-10.2489277],[-77.1782038,-10.2460922],[-77.180048,-10.2430643],[-77.1815817,-10.239873],[-77.1827902,-10.2365492],[-77.1836618,-10.2331247],[-77.1841882,-10.2296327],[-77.1843642,-10.2261068],[-77.1841882,-10.2225808],[-77.1836618,-10.2190888],[-77.1827902,-10.2156644],[-77.1815817,-10.2123406],[-77.180048,-10.2091493],[-77.1782038,-10.2061213],[-77.1760669,-10.2032858],[-77.1736579,-10.2006701],[-77.171,-10.1982994],[-77.1681187,-10.1961964],[-77.1650419,-10.1943816],[-77.1617991,-10.1928722],[-77.1584216,-10.1916829],[-77.1549419,-10.1908251],[-77.1513935,-10.1903071],[-77.1478107,-10.1901339]]]},"properties":{"name":"Cerro Huiquispunta","local_name":"Cerro Huiquispunta","english_name":"Cerro Huiquispunta","search_name":"Cerro Huiquispunta Cerro Huiquispunta Cerro Huiquispunta Cerro Huiquispunta Cerro Huiquispunta Cerro Huiquispunta","peak_elev":4232,"radius_m":4000,"layer":"平均突起响应半径","rank_pct":0.688,"center_lon":-77.14781067359078,"center_lat":-10.226106784067191,"max_mean_jut":274.0378,"max_ats":105.2121,"r_jmean_peak":4000,"r_ats_peak":4250,"r_ats_marginal":437.5,"ats_marginal_rate_max":0.074521,"ats_marginal_interval_start":375,"ats_marginal_interval_end":500,"ats_marginal_ats_mean":21.1755}},{"type":"Feature","geometry":{"type":"Polygon","coordinates":[[[-73.6098858,-13.2154801],[-73.6062633,-13.2156534],[-73.6026758,-13.2161713],[-73.5991577,-13.2170291],[-73.595743,-13.2182184],[-73.5924644,-13.2197278],[-73.5893536,-13.2215427],[-73.5864406,-13.2236456],[-73.5837533,-13.2260163],[-73.5813177,-13.2286321],[-73.5791572,-13.2314675],[-73.5772927,-13.2344955],[-73.575742,-13.2376868],[-73.5745202,-13.2410106],[-73.573639,-13.244435],[-73.5731068,-13.247927],[-73.5729289,-13.251453],[-73.5731068,-13.254979],[-73.573639,-13.258471],[-73.5745202,-13.2618954],[-73.575742,-13.2652192],[-73.5772927,-13.2684105],[-73.5791572,-13.2714385],[-73.5813177,-13.2742739],[-73.5837533,-13.2768897],[-73.5864406,-13.2792604],[-73.5893536,-13.2813633],[-73.5924644,-13.2831782],[-73.595743,-13.2846876],[-73.5991577,-13.2858769],[-73.6026758,-13.2867347],[-73.6062633,-13.2872526],[-73.6098858,-13.2874259],[-73.6135082,-13.2872526],[-73.6170957,-13.2867347],[-73.6206138,-13.2858769],[-73.6240286,-13.2846876],[-73.6273071,-13.2831782],[-73.6304179,-13.2813633],[-73.633331,-13.2792604],[-73.6360182,-13.2768897],[-73.6384538,-13.2742739],[-73.6406143,-13.2714385],[-73.6424788,-13.2684105],[-73.6440295,-13.2652192],[-73.6452513,-13.2618954],[-73.6461325,-13.258471],[-73.6466647,-13.254979],[-73.6468427,-13.251453],[-73.6466647,-13.247927],[-73.6461325,-13.244435],[-73.6452513,-13.2410106],[-73.6440295,-13.2376868],[-73.6424788,-13.2344955],[-73.6406143,-13.2314675],[-73.6384538,-13.2286321],[-73.6360182,-13.2260163],[-73.633331,-13.2236456],[-73.6304179,-13.2215427],[-73.6273071,-13.2197278],[-73.6240286,-13.2182184],[-73.6206138,-13.2170291],[-73.6170957,-13.2161713],[-73.6135082,-13.2156534],[-73.6098858,-13.2154801]]]},"properties":{"name":"Cerro Jotopuquio","local_name":"Cerro Jotopuquio","english_name":"Cerro Jotopuquio","search_name":"Cerro Jotopuquio Cerro Jotopuquio Cerro Jotopuquio Cerro Jotopuquio Cerro Jotopuquio Cerro Jotopuquio","peak_elev":4079,"radius_m":4000,"layer":"平均突起响应半径","rank_pct":0.688,"center_lon":-73.60988575861445,"center_lat":-13.251452997924916,"max_mean_jut":258.9926,"max_ats":89.4825,"r_jmean_peak":4000,"r_ats_peak":3750,"r_ats_marginal":1312.5,"ats_marginal_rate_max":0.056947,"ats_marginal_interval_start":1250,"ats_marginal_interval_end":1375,"ats_marginal_ats_mean":43.671}},{"type":"Feature","geometry":{"type":"Polygon","coordinates":[[[-74.7202034,-11.7189767],[-74.716602,-11.7191499],[-74.7130352,-11.7196679],[-74.7095374,-11.7205257],[-74.7061423,-11.721715],[-74.7028827,-11.7232243],[-74.6997899,-11.7250392],[-74.6968937,-11.7271422],[-74.6942219,-11.7295129],[-74.6918004,-11.7321286],[-74.6896524,-11.7349641],[-74.6877986,-11.7379921],[-74.6862569,-11.7411833],[-74.6850422,-11.7445072],[-74.684166,-11.7479316],[-74.6836369,-11.7514236],[-74.68346,-11.7549496],[-74.6836369,-11.7584755],[-74.684166,-11.7619675],[-74.6850422,-11.7653919],[-74.6862569,-11.7687158],[-74.6877986,-11.7719071],[-74.6896524,-11.774935],[-74.6918004,-11.7777705],[-74.6942219,-11.7803862],[-74.6968937,-11.782757],[-74.6997899,-11.7848599],[-74.7028827,-11.7866748],[-74.7061423,-11.7881842],[-74.7095374,-11.7893735],[-74.7130352,-11.7902312],[-74.716602,-11.7907492],[-74.7202034,-11.7909224],[-74.7238049,-11.7907492],[-74.7273717,-11.7902312],[-74.7308695,-11.7893735],[-74.7342646,-11.7881842],[-74.7375242,-11.7866748],[-74.740617,-11.7848599],[-74.7435132,-11.782757],[-74.746185,-11.7803862],[-74.7486065,-11.7777705],[-74.7507545,-11.774935],[-74.7526083,-11.7719071],[-74.75415,-11.7687158],[-74.7553647,-11.7653919],[-74.7562409,-11.7619675],[-74.75677,-11.7584755],[-74.7569469,-11.7549496],[-74.75677,-11.7514236],[-74.7562409,-11.7479316],[-74.7553647,-11.7445072],[-74.75415,-11.7411833],[-74.7526083,-11.7379921],[-74.7507545,-11.7349641],[-74.7486065,-11.7321286],[-74.746185,-11.7295129],[-74.7435132,-11.7271422],[-74.740617,-11.7250392],[-74.7375242,-11.7232243],[-74.7342646,-11.721715],[-74.7308695,-11.7205257],[-74.7273717,-11.7196679],[-74.7238049,-11.7191499],[-74.7202034,-11.7189767]]]},"properties":{"name":"Cerro Muña","local_name":"Cerro Muña","english_name":"Cerro Muña","search_name":"Cerro Muña Cerro Muña Cerro Muña Cerro Muña Cerro Muña Cerro Muña","peak_elev":3811,"radius_m":4000,"layer":"平均突起响应半径","rank_pct":0.688,"center_lon":-74.72020344978618,"center_lat":-11.754949566110206,"max_mean_jut":282.7023,"max_ats":98.3308,"r_jmean_peak":4000,"r_ats_peak":4000,"r_ats_marginal":437.5,"ats_marginal_rate_max":0.08075,"ats_marginal_interval_start":375,"ats_marginal_interval_end":500,"ats_marginal_ats_mean":28.0291}},{"type":"Feature","geometry":{"type":"Polygon","coordinates":[[[-77.3941287,-8.1287698],[-77.3905667,-8.1289431],[-77.3870389,-8.129461],[-77.3835794,-8.1303188],[-77.3802215,-8.1315081],[-77.3769976,-8.1330175],[-77.3739386,-8.1348324],[-77.3710741,-8.1369353],[-77.3684316,-8.139306],[-77.3660366,-8.1419218],[-77.3639121,-8.1447572],[-77.3620786,-8.1477852],[-77.3605538,-8.1509765],[-77.3593523,-8.1543003],[-77.3584858,-8.1577247],[-77.3579625,-8.1612167],[-77.3577875,-8.1647427],[-77.3579625,-8.1682687],[-77.3584858,-8.1717607],[-77.3593523,-8.1751851],[-77.3605538,-8.1785089],[-77.3620786,-8.1817002],[-77.3639121,-8.1847282],[-77.3660366,-8.1875636],[-77.3684316,-8.1901794],[-77.3710741,-8.1925501],[-77.3739386,-8.194653],[-77.3769976,-8.1964679],[-77.3802215,-8.1979773],[-77.3835794,-8.1991666],[-77.3870389,-8.2000244],[-77.3905667,-8.2005423],[-77.3941287,-8.2007156],[-77.3976908,-8.2005423],[-77.4012185,-8.2000244],[-77.404678,-8.1991666],[-77.4080359,-8.1979773],[-77.4112599,-8.1964679],[-77.4143188,-8.194653],[-77.4171834,-8.1925501],[-77.4198259,-8.1901794],[-77.4222209,-8.1875636],[-77.4243453,-8.1847282],[-77.4261788,-8.1817002],[-77.4277036,-8.1785089],[-77.4289051,-8.1751851],[-77.4297717,-8.1717607],[-77.430295,-8.1682687],[-77.43047,-8.1647427],[-77.430295,-8.1612167],[-77.4297717,-8.1577247],[-77.4289051,-8.1543003],[-77.4277036,-8.1509765],[-77.4261788,-8.1477852],[-77.4243453,-8.1447572],[-77.4222209,-8.1419218],[-77.4198259,-8.139306],[-77.4171834,-8.1369353],[-77.4143188,-8.1348324],[-77.4112599,-8.1330175],[-77.4080359,-8.1315081],[-77.404678,-8.1303188],[-77.4012185,-8.129461],[-77.3976908,-8.1289431],[-77.3941287,-8.1287698]]]},"properties":{"name":"Cerros Tampash","local_name":"Cerros Tampash","english_name":"Cerros Tampash","search_name":"Cerros Tampash Cerros Tampash Cerros Tampash Cerros Tampash Cerros Tampash Cerros Tampash","peak_elev":4080,"radius_m":4000,"layer":"平均突起响应半径","rank_pct":0.688,"center_lon":-77.39412872449635,"center_lat":-8.164742701598126,"max_mean_jut":363.0643,"max_ats":189.0137,"r_jmean_peak":4000,"r_ats_peak":4250,"r_ats_marginal":812.5,"ats_marginal_rate_max":0.108011,"ats_marginal_interval_start":750,"ats_marginal_interval_end":875,"ats_marginal_ats_mean":51.685}},{"type":"Feature","geometry":{"type":"Polygon","coordinates":[[[-77.5186352,-9.166863],[-77.5150633,-9.1670362],[-77.5115258,-9.1675542],[-77.5080567,-9.168412],[-77.5046895,-9.1696013],[-77.5014566,-9.1711106],[-77.4983892,-9.1729255],[-77.4955167,-9.1750284],[-77.4928669,-9.1773992],[-77.4904652,-9.1800149],[-77.4883349,-9.1828504],[-77.4864963,-9.1858784],[-77.4849673,-9.1890696],[-77.4837625,-9.1923935],[-77.4828935,-9.1958179],[-77.4823688,-9.1993099],[-77.4821933,-9.2028358],[-77.4823688,-9.2063618],[-77.4828935,-9.2098538],[-77.4837625,-9.2132782],[-77.4849673,-9.2166021],[-77.4864963,-9.2197933],[-77.4883349,-9.2228213],[-77.4904652,-9.2256568],[-77.4928669,-9.2282725],[-77.4955167,-9.2306432],[-77.4983892,-9.2327462],[-77.5014566,-9.2345611],[-77.5046895,-9.2360704],[-77.5080567,-9.2372597],[-77.5115258,-9.2381175],[-77.5150633,-9.2386355],[-77.5186352,-9.2388087],[-77.5222072,-9.2386355],[-77.5257447,-9.2381175],[-77.5292138,-9.2372597],[-77.5325809,-9.2360704],[-77.5358138,-9.2345611],[-77.5388813,-9.2327462],[-77.5417537,-9.2306432],[-77.5444036,-9.2282725],[-77.5468052,-9.2256568],[-77.5489356,-9.2228213],[-77.5507741,-9.2197933],[-77.5523032,-9.2166021],[-77.553508,-9.2132782],[-77.5543769,-9.2098538],[-77.5549017,-9.2063618],[-77.5550772,-9.2028358],[-77.5549017,-9.1993099],[-77.5543769,-9.1958179],[-77.553508,-9.1923935],[-77.5523032,-9.1890696],[-77.5507741,-9.1858784],[-77.5489356,-9.1828504],[-77.5468052,-9.1800149],[-77.5444036,-9.1773992],[-77.5417537,-9.1750284],[-77.5388813,-9.1729255],[-77.5358138,-9.1711106],[-77.5325809,-9.1696013],[-77.5292138,-9.168412],[-77.5257447,-9.1675542],[-77.5222072,-9.1670362],[-77.5186352,-9.166863]]]},"properties":{"name":"Nevado Hualcán","local_name":"Nevado Hualcán","english_name":"Nevado Hualcán","search_name":"Nevado Hualcán Nevado Hualcán Nevado Hualcán Nevado Hualcán Nevado Hualcán Nevado Hualcán","peak_elev":6066,"radius_m":4000,"layer":"平均突起响应半径","rank_pct":0.688,"center_lon":-77.51863522287532,"center_lat":-9.202835843926644,"max_mean_jut":492.8709,"max_ats":275.3978,"r_jmean_peak":4000,"r_ats_peak":4500,"r_ats_marginal":687.5,"ats_marginal_rate_max":0.193705,"ats_marginal_interval_start":625,"ats_marginal_interval_end":750,"ats_marginal_ats_mean":75.4801}},{"type":"Feature","geometry":{"type":"Polygon","coordinates":[[[-68.1539679,-16.2265431],[-68.150295,-16.2267164],[-68.1466574,-16.2272343],[-68.1430903,-16.2280921],[-68.1396279,-16.2292814],[-68.1363036,-16.2307908],[-68.1331495,-16.2326057],[-68.1301958,-16.2347086],[-68.1274711,-16.2370793],[-68.1250015,-16.2396951],[-68.1228109,-16.2425305],[-68.1209204,-16.2455585],[-68.1193481,-16.2487498],[-68.1181092,-16.2520736],[-68.1172157,-16.255498],[-68.1166761,-16.25899],[-68.1164957,-16.262516],[-68.1166761,-16.266042],[-68.1172157,-16.269534],[-68.1181092,-16.2729584],[-68.1193481,-16.2762822],[-68.1209204,-16.2794735],[-68.1228109,-16.2825015],[-68.1250015,-16.2853369],[-68.1274711,-16.2879527],[-68.1301958,-16.2903234],[-68.1331495,-16.2924263],[-68.1363036,-16.2942412],[-68.1396279,-16.2957506],[-68.1430903,-16.2969399],[-68.1466574,-16.2977977],[-68.150295,-16.2983156],[-68.1539679,-16.2984889],[-68.1576408,-16.2983156],[-68.1612783,-16.2977977],[-68.1648455,-16.2969399],[-68.1683079,-16.2957506],[-68.1716321,-16.2942412],[-68.1747863,-16.2924263],[-68.17774,-16.2903234],[-68.1804647,-16.2879527],[-68.1829343,-16.2853369],[-68.1851249,-16.2825015],[-68.1870154,-16.2794735],[-68.1885877,-16.2762822],[-68.1898265,-16.2729584],[-68.19072,-16.269534],[-68.1912596,-16.266042],[-68.1914401,-16.262516],[-68.1912596,-16.25899],[-68.19072,-16.255498],[-68.1898265,-16.2520736],[-68.1885877,-16.2487498],[-68.1870154,-16.2455585],[-68.1851249,-16.2425305],[-68.1829343,-16.2396951],[-68.1804647,-16.2370793],[-68.17774,-16.2347086],[-68.1747863,-16.2326057],[-68.1716321,-16.2307908],[-68.1683079,-16.2292814],[-68.1648455,-16.2280921],[-68.1612783,-16.2272343],[-68.1576408,-16.2267164],[-68.1539679,-16.2265431]]]},"properties":{"name":"Nevado Huayna Potosí","local_name":"Nevado Huayna Potosí","english_name":"Nevado Huayna Potosí","search_name":"Nevado Huayna Potosí Nevado Huayna Potosí Nevado Huayna Potosí Nevado Huayna Potosí Nevado Huayna Potosí Nevado Huayna Potosí","peak_elev":6059,"radius_m":4000,"layer":"平均突起响应半径","rank_pct":0.688,"center_lon":-68.15396788051454,"center_lat":-16.262515998765142,"max_mean_jut":429.1007,"max_ats":239.551,"r_jmean_peak":4000,"r_ats_peak":4000,"r_ats_marginal":687.5,"ats_marginal_rate_max":0.152617,"ats_marginal_interval_start":625,"ats_marginal_interval_end":750,"ats_marginal_ats_mean":70.004}},{"type":"Feature","geometry":{"type":"Polygon","coordinates":[[[-72.5453821,-13.2968675],[-72.5417585,-13.2970407],[-72.5381698,-13.2975587],[-72.5346505,-13.2984165],[-72.5312346,-13.2996058],[-72.5279549,-13.3011151],[-72.5248431,-13.30293],[-72.5219291,-13.305033],[-72.5192409,-13.3074037],[-72.5168045,-13.3100194],[-72.5146433,-13.3128549],[-72.5127781,-13.3158829],[-72.511227,-13.3190741],[-72.5100047,-13.322398],[-72.5091232,-13.3258224],[-72.5085909,-13.3293144],[-72.5084128,-13.3328404],[-72.5085909,-13.3363663],[-72.5091232,-13.3398583],[-72.5100047,-13.3432827],[-72.511227,-13.3466066],[-72.5127781,-13.3497979],[-72.5146433,-13.3528258],[-72.5168045,-13.3556613],[-72.5192409,-13.358277],[-72.5219291,-13.3606478],[-72.5248431,-13.3627507],[-72.5279549,-13.3645656],[-72.5312346,-13.366075],[-72.5346505,-13.3672642],[-72.5381698,-13.368122],[-72.5417585,-13.36864],[-72.5453821,-13.3688132],[-72.5490058,-13.36864],[-72.5525945,-13.368122],[-72.5561138,-13.3672642],[-72.5595297,-13.366075],[-72.5628094,-13.3645656],[-72.5659212,-13.3627507],[-72.5688352,-13.3606478],[-72.5715234,-13.358277],[-72.5739598,-13.3556613],[-72.576121,-13.3528258],[-72.5779862,-13.3497979],[-72.5795373,-13.3466066],[-72.5807596,-13.3432827],[-72.5816411,-13.3398583],[-72.5821734,-13.3363663],[-72.5823515,-13.3328404],[-72.5821734,-13.3293144],[-72.5816411,-13.3258224],[-72.5807596,-13.322398],[-72.5795373,-13.3190741],[-72.5779862,-13.3158829],[-72.576121,-13.3128549],[-72.5739598,-13.3100194],[-72.5715234,-13.3074037],[-72.5688352,-13.305033],[-72.5659212,-13.30293],[-72.5628094,-13.3011151],[-72.5595297,-13.2996058],[-72.5561138,-13.2984165],[-72.5525945,-13.2975587],[-72.5490058,-13.2970407],[-72.5453821,-13.2968675]]]},"properties":{"name":"Nevado Salcantay","local_name":"Nevado Salcantay","english_name":"Nevado Salcantay","search_name":"Nevado Salcantay Nevado Salcantay Nevado Salcantay Nevado Salcantay Nevado Salcantay Nevado Salcantay","peak_elev":6198,"radius_m":4000,"layer":"平均突起响应半径","rank_pct":0.688,"center_lon":-72.54538214693282,"center_lat":-13.332840362666143,"max_mean_jut":750.7272,"max_ats":426.5039,"r_jmean_peak":4000,"r_ats_peak":2750,"r_ats_marginal":1937.5,"ats_marginal_rate_max":0.284765,"ats_marginal_interval_start":1875,"ats_marginal_interval_end":2000,"ats_marginal_ats_mean":322.9143}},{"type":"Feature","geometry":{"type":"Polygon","coordinates":[[[-70.0129415,-33.7241104],[-70.0089656,-33.7242728],[-70.0050279,-33.7247584],[-70.0011665,-33.7255626],[-69.9974184,-33.7266775],[-69.9938198,-33.7280926],[-69.9904054,-33.729794],[-69.9872081,-33.7317655],[-69.9842585,-33.7339881],[-69.9815852,-33.7364403],[-69.9792139,-33.7390986],[-69.9771674,-33.7419373],[-69.9754654,-33.7449291],[-69.9741243,-33.7480453],[-69.9731571,-33.7512556],[-69.972573,-33.7545294],[-69.9723776,-33.757835],[-69.972573,-33.7611406],[-69.9731571,-33.7644143],[-69.9741243,-33.7676247],[-69.9754654,-33.7707408],[-69.9771674,-33.7737326],[-69.9792139,-33.7765713],[-69.9815852,-33.7792296],[-69.9842585,-33.7816818],[-69.9872081,-33.7839044],[-69.9904054,-33.7858759],[-69.9938198,-33.7875774],[-69.9974184,-33.7889924],[-70.0011665,-33.7901074],[-70.0050279,-33.7909115],[-70.0089656,-33.7913971],[-70.0129415,-33.7915595],[-70.0169175,-33.7913971],[-70.0208552,-33.7909115],[-70.0247166,-33.7901074],[-70.0284647,-33.7889924],[-70.0320632,-33.7875774],[-70.0354776,-33.7858759],[-70.038675,-33.7839044],[-70.0416245,-33.7816818],[-70.0442978,-33.7792296],[-70.0466692,-33.7765713],[-70.0487157,-33.7737326],[-70.0504177,-33.7707408],[-70.0517588,-33.7676247],[-70.052726,-33.7644143],[-70.0533101,-33.7611406],[-70.0535054,-33.757835],[-70.0533101,-33.7545294],[-70.052726,-33.7512556],[-70.0517588,-33.7480453],[-70.0504177,-33.7449291],[-70.0487157,-33.7419373],[-70.0466692,-33.7390986],[-70.0442978,-33.7364403],[-70.0416245,-33.7339881],[-70.038675,-33.7317655],[-70.0354776,-33.729794],[-70.0320632,-33.7280926],[-70.0284647,-33.7266775],[-70.0247166,-33.7255626],[-70.0208552,-33.7247584],[-70.0169175,-33.7242728],[-70.0129415,-33.7241104]]]},"properties":{"name":"Cerro Arenas","local_name":"Cerro Arenas","english_name":"Cerro Arenas","search_name":"Cerro Arenas Cerro Arenas Cerro Arenas Cerro Arenas Cerro Arenas Cerro Arenas","peak_elev":4390,"radius_m":3750,"layer":"平均突起响应半径","rank_pct":0.728,"center_lon":-70.01294152947148,"center_lat":-33.75783497769171,"max_mean_jut":370.0553,"max_ats":170.2776,"r_jmean_peak":3750,"r_ats_peak":4000,"r_ats_marginal":562.5,"ats_marginal_rate_max":0.140522,"ats_marginal_interval_start":500,"ats_marginal_interval_end":625,"ats_marginal_ats_mean":56.9999}},{"type":"Feature","geometry":{"type":"Polygon","coordinates":[[[-77.656347,-7.4747988],[-77.6530128,-7.4749612],[-77.6497107,-7.4754468],[-77.6464726,-7.476251],[-77.6433295,-7.477366],[-77.6403118,-7.478781],[-77.6374485,-7.4804824],[-77.6347673,-7.4824539],[-77.6322938,-7.4846765],[-77.6300521,-7.4871288],[-77.6280635,-7.489787],[-77.6263473,-7.4926257],[-77.6249201,-7.4956176],[-77.6237954,-7.4987337],[-77.6229843,-7.5019441],[-77.6224945,-7.5052178],[-77.6223307,-7.5085234],[-77.6224945,-7.511829],[-77.6229843,-7.5151027],[-77.6237954,-7.5183131],[-77.6249201,-7.5214292],[-77.6263473,-7.524421],[-77.6280635,-7.5272597],[-77.6300521,-7.529918],[-77.6322938,-7.5323703],[-77.6347673,-7.5345928],[-77.6374485,-7.5365643],[-77.6403118,-7.5382658],[-77.6433295,-7.5396808],[-77.6464726,-7.5407958],[-77.6497107,-7.5415999],[-77.6530128,-7.5420856],[-77.656347,-7.5422479],[-77.6596811,-7.5420856],[-77.6629832,-7.5415999],[-77.6662213,-7.5407958],[-77.6693644,-7.5396808],[-77.6723821,-7.5382658],[-77.6752454,-7.5365643],[-77.6779266,-7.5345928],[-77.6804001,-7.5323703],[-77.6826419,-7.529918],[-77.6846304,-7.5272597],[-77.6863466,-7.524421],[-77.6877739,-7.5214292],[-77.6888985,-7.5183131],[-77.6897096,-7.5151027],[-77.6901994,-7.511829],[-77.6903632,-7.5085234],[-77.6901994,-7.5052178],[-77.6897096,-7.5019441],[-77.6888985,-7.4987337],[-77.6877739,-7.4956176],[-77.6863466,-7.4926257],[-77.6846304,-7.489787],[-77.6826419,-7.4871288],[-77.6804001,-7.4846765],[-77.6779266,-7.4824539],[-77.6752454,-7.4804824],[-77.6723821,-7.478781],[-77.6693644,-7.477366],[-77.6662213,-7.476251],[-77.6629832,-7.4754468],[-77.6596811,-7.4749612],[-77.656347,-7.4747988]]]},"properties":{"name":"Cerro Campanario","local_name":"Cerro Campanario","english_name":"Cerro Campanario","search_name":"Cerro Campanario Cerro Campanario Cerro Campanario Cerro Campanario Cerro Campanario Cerro Campanario","peak_elev":3493,"radius_m":3750,"layer":"平均突起响应半径","rank_pct":0.728,"center_lon":-77.65634695593084,"center_lat":-7.508523386548815,"max_mean_jut":317.2789,"max_ats":115.6069,"r_jmean_peak":3750,"r_ats_peak":4000,"r_ats_marginal":687.5,"ats_marginal_rate_max":0.063722,"ats_marginal_interval_start":625,"ats_marginal_interval_end":750,"ats_marginal_ats_mean":32.6351}},{"type":"Feature","geometry":{"type":"Polygon","coordinates":[[[-73.0706271,-13.5222573],[-73.0672268,-13.5224197],[-73.0638592,-13.5229053],[-73.0605568,-13.5237095],[-73.0573514,-13.5248244],[-73.0542739,-13.5262395],[-73.0513538,-13.5279409],[-73.0486194,-13.5299124],[-73.0460968,-13.532135],[-73.0438106,-13.5345872],[-73.0417826,-13.5372455],[-73.0400324,-13.5400842],[-73.0385768,-13.543076],[-73.0374299,-13.5461922],[-73.0366027,-13.5494025],[-73.0361031,-13.5526763],[-73.0359361,-13.5559819],[-73.0361031,-13.5592875],[-73.0366027,-13.5625612],[-73.0374299,-13.5657716],[-73.0385768,-13.5688877],[-73.0400324,-13.5718795],[-73.0417826,-13.5747182],[-73.0438106,-13.5773765],[-73.0460968,-13.5798287],[-73.0486194,-13.5820513],[-73.0513538,-13.5840228],[-73.0542739,-13.5857243],[-73.0573514,-13.5871393],[-73.0605568,-13.5882543],[-73.0638592,-13.5890584],[-73.0672268,-13.589544],[-73.0706271,-13.5897064],[-73.0740274,-13.589544],[-73.077395,-13.5890584],[-73.0806974,-13.5882543],[-73.0839028,-13.5871393],[-73.0869803,-13.5857243],[-73.0899004,-13.5840228],[-73.0926348,-13.5820513],[-73.0951573,-13.5798287],[-73.0974436,-13.5773765],[-73.0994716,-13.5747182],[-73.1012218,-13.5718795],[-73.1026774,-13.5688877],[-73.1038243,-13.5657716],[-73.1046515,-13.5625612],[-73.1051511,-13.5592875],[-73.1053181,-13.5559819],[-73.1051511,-13.5526763],[-73.1046515,-13.5494025],[-73.1038243,-13.5461922],[-73.1026774,-13.543076],[-73.1012218,-13.5400842],[-73.0994716,-13.5372455],[-73.0974436,-13.5345872],[-73.0951573,-13.532135],[-73.0926348,-13.5299124],[-73.0899004,-13.5279409],[-73.0869803,-13.5262395],[-73.0839028,-13.5248244],[-73.0806974,-13.5237095],[-73.077395,-13.5229053],[-73.0740274,-13.5224197],[-73.0706271,-13.5222573]]]},"properties":{"name":"Cerro Campanayoc [-73.07076,-13.55580]","local_name":"Cerro Campanayoc","english_name":"Cerro Campanayoc","search_name":"Cerro Campanayoc Cerro Campanayoc Cerro Campanayoc Cerro Campanayoc Cerro Campanayoc Cerro Campanayoc [-73.07076,-13.55580]","peak_elev":3791,"radius_m":3750,"layer":"平均突起响应半径","rank_pct":0.728,"center_lon":-73.0706270935575,"center_lat":-13.555981879241434,"max_mean_jut":530.6622,"max_ats":247.5278,"r_jmean_peak":3750,"r_ats_peak":3750,"r_ats_marginal":687.5,"ats_marginal_rate_max":0.123315,"ats_marginal_interval_start":625,"ats_marginal_interval_end":750,"ats_marginal_ats_mean":65.1621}},{"type":"Feature","geometry":{"type":"Polygon","coordinates":[[[-73.1242565,-12.9449999],[-73.1208643,-12.9451623],[-73.1175047,-12.9456479],[-73.1142101,-12.9464521],[-73.1110123,-12.947567],[-73.1079421,-12.9489821],[-73.105029,-12.9506835],[-73.102301,-12.952655],[-73.0997845,-12.9548776],[-73.0975036,-12.9573298],[-73.0954804,-12.9599881],[-73.0937344,-12.9628268],[-73.0922823,-12.9658186],[-73.0911381,-12.9689348],[-73.0903128,-12.9721451],[-73.0898145,-12.9754189],[-73.0896478,-12.9787245],[-73.0898145,-12.9820301],[-73.0903128,-12.9853038],[-73.0911381,-12.9885142],[-73.0922823,-12.9916303],[-73.0937344,-12.9946221],[-73.0954804,-12.9974608],[-73.0975036,-13.0001191],[-73.0997845,-13.0025713],[-73.102301,-13.0047939],[-73.105029,-13.0067654],[-73.1079421,-13.0084669],[-73.1110123,-13.0098819],[-73.1142101,-13.0109969],[-73.1175047,-13.011801],[-73.1208643,-13.0122866],[-73.1242565,-13.012449],[-73.1276488,-13.0122866],[-73.1310083,-13.011801],[-73.1343029,-13.0109969],[-73.1375007,-13.0098819],[-73.1405709,-13.0084669],[-73.1434841,-13.0067654],[-73.146212,-13.0047939],[-73.1487286,-13.0025713],[-73.1510094,-13.0001191],[-73.1530326,-12.9974608],[-73.1547787,-12.9946221],[-73.1562308,-12.9916303],[-73.157375,-12.9885142],[-73.1582002,-12.9853038],[-73.1586986,-12.9820301],[-73.1588652,-12.9787245],[-73.1586986,-12.9754189],[-73.1582002,-12.9721451],[-73.157375,-12.9689348],[-73.1562308,-12.9658186],[-73.1547787,-12.9628268],[-73.1530326,-12.9599881],[-73.1510094,-12.9573298],[-73.1487286,-12.9548776],[-73.146212,-12.952655],[-73.1434841,-12.9506835],[-73.1405709,-12.9489821],[-73.1375007,-12.947567],[-73.1343029,-12.9464521],[-73.1310083,-12.9456479],[-73.1276488,-12.9451623],[-73.1242565,-12.9449999]]]},"properties":{"name":"Cerro Capillayoc","local_name":"Cerro Capillayoc","english_name":"Cerro Capillayoc","search_name":"Cerro Capillayoc Cerro Capillayoc Cerro Capillayoc Cerro Capillayoc Cerro Capillayoc Cerro Capillayoc","peak_elev":3641,"radius_m":3750,"layer":"平均突起响应半径","rank_pct":0.728,"center_lon":-73.12425651601944,"center_lat":-12.97872447766623,"max_mean_jut":285.4757,"max_ats":121.0122,"r_jmean_peak":3750,"r_ats_peak":4250,"r_ats_marginal":187.5,"ats_marginal_rate_max":0.081621,"ats_marginal_interval_start":125,"ats_marginal_interval_end":250,"ats_marginal_ats_mean":12.0806}},{"type":"Feature","geometry":{"type":"Polygon","coordinates":[[[-75.7316166,-12.7620131],[-75.7282269,-12.7621755],[-75.7248697,-12.7626611],[-75.7215776,-12.7634653],[-75.7183821,-12.7645802],[-75.7153141,-12.7659952],[-75.7124031,-12.7676967],[-75.7096771,-12.7696682],[-75.7071625,-12.7718908],[-75.7048833,-12.774343],[-75.7028616,-12.7770013],[-75.7011168,-12.77984],[-75.6996657,-12.7828318],[-75.6985224,-12.7859479],[-75.6976977,-12.7891583],[-75.6971997,-12.7924321],[-75.6970332,-12.7957377],[-75.6971997,-12.7990432],[-75.6976977,-12.802317],[-75.6985224,-12.8055274],[-75.6996657,-12.8086435],[-75.7011168,-12.8116353],[-75.7028616,-12.814474],[-75.7048833,-12.8171323],[-75.7071625,-12.8195845],[-75.7096771,-12.8218071],[-75.7124031,-12.8237786],[-75.7153141,-12.8254801],[-75.7183821,-12.8268951],[-75.7215776,-12.82801],[-75.7248697,-12.8288142],[-75.7282269,-12.8292998],[-75.7316166,-12.8294622],[-75.7350064,-12.8292998],[-75.7383635,-12.8288142],[-75.7416557,-12.82801],[-75.7448511,-12.8268951],[-75.7479191,-12.8254801],[-75.7508301,-12.8237786],[-75.7535561,-12.8218071],[-75.7560708,-12.8195845],[-75.75835,-12.8171323],[-75.7603717,-12.814474],[-75.7621165,-12.8116353],[-75.7635675,-12.8086435],[-75.7647109,-12.8055274],[-75.7655355,-12.802317],[-75.7660335,-12.7990432],[-75.7662,-12.7957377],[-75.7660335,-12.7924321],[-75.7655355,-12.7891583],[-75.7647109,-12.7859479],[-75.7635675,-12.7828318],[-75.7621165,-12.77984],[-75.7603717,-12.7770013],[-75.75835,-12.774343],[-75.7560708,-12.7718908],[-75.7535561,-12.7696682],[-75.7508301,-12.7676967],[-75.7479191,-12.7659952],[-75.7448511,-12.7645802],[-75.7416557,-12.7634653],[-75.7383635,-12.7626611],[-75.7350064,-12.7621755],[-75.7316166,-12.7620131]]]},"properties":{"name":"Cerro Huayllapucro","local_name":"Cerro Huayllapucro","english_name":"Cerro Huayllapucro","search_name":"Cerro Huayllapucro Cerro Huayllapucro Cerro Huayllapucro Cerro Huayllapucro Cerro Huayllapucro Cerro Huayllapucro","peak_elev":4453,"radius_m":3750,"layer":"平均突起响应半径","rank_pct":0.728,"center_lon":-75.73161662817635,"center_lat":-12.795737654291084,"max_mean_jut":207.1973,"max_ats":79.611,"r_jmean_peak":3750,"r_ats_peak":1500,"r_ats_marginal":312.5,"ats_marginal_rate_max":0.097593,"ats_marginal_interval_start":250,"ats_marginal_interval_end":375,"ats_marginal_ats_mean":22.0248}},{"type":"Feature","geometry":{"type":"Polygon","coordinates":[[[-76.7540791,-9.1920183],[-76.7507302,-9.1921807],[-76.7474135,-9.1926663],[-76.7441611,-9.1934705],[-76.7410041,-9.1945855],[-76.7379731,-9.1960005],[-76.7350972,-9.1977019],[-76.7324041,-9.1996734],[-76.7299197,-9.201896],[-76.727668,-9.2043482],[-76.7256707,-9.2070065],[-76.7239469,-9.2098452],[-76.7225133,-9.2128371],[-76.7213838,-9.2159532],[-76.7205691,-9.2191635],[-76.7200771,-9.2224373],[-76.7199126,-9.2257429],[-76.7200771,-9.2290485],[-76.7205691,-9.2323222],[-76.7213838,-9.2355326],[-76.7225133,-9.2386487],[-76.7239469,-9.2416405],[-76.7256707,-9.2444792],[-76.727668,-9.2471375],[-76.7299197,-9.2495897],[-76.7324041,-9.2518123],[-76.7350972,-9.2537838],[-76.7379731,-9.2554853],[-76.7410041,-9.2569003],[-76.7441611,-9.2580153],[-76.7474135,-9.2588194],[-76.7507302,-9.2593051],[-76.7540791,-9.2594674],[-76.757428,-9.2593051],[-76.7607446,-9.2588194],[-76.7639971,-9.2580153],[-76.767154,-9.2569003],[-76.7701851,-9.2554853],[-76.773061,-9.2537838],[-76.7757541,-9.2518123],[-76.7782385,-9.2495897],[-76.7804902,-9.2471375],[-76.7824875,-9.2444792],[-76.7842113,-9.2416405],[-76.7856448,-9.2386487],[-76.7867744,-9.2355326],[-76.7875891,-9.2323222],[-76.7880811,-9.2290485],[-76.7882456,-9.2257429],[-76.7880811,-9.2224373],[-76.7875891,-9.2191635],[-76.7867744,-9.2159532],[-76.7856448,-9.2128371],[-76.7842113,-9.2098452],[-76.7824875,-9.2070065],[-76.7804902,-9.2043482],[-76.7782385,-9.201896],[-76.7757541,-9.1996734],[-76.773061,-9.1977019],[-76.7701851,-9.1960005],[-76.767154,-9.1945855],[-76.7639971,-9.1934705],[-76.7607446,-9.1926663],[-76.757428,-9.1921807],[-76.7540791,-9.1920183]]]},"properties":{"name":"Cerro Huecna","local_name":"Cerro Huecna","english_name":"Cerro Huecna","search_name":"Cerro Huecna Cerro Huecna Cerro Huecna Cerro Huecna Cerro Huecna Cerro Huecna","peak_elev":4087,"radius_m":3750,"layer":"平均突起响应半径","rank_pct":0.728,"center_lon":-76.7540790845612,"center_lat":-9.225742883671693,"max_mean_jut":259.7267,"max_ats":108.6055,"r_jmean_peak":3750,"r_ats_peak":4000,"r_ats_marginal":2625.0,"ats_marginal_rate_max":0.050937,"ats_marginal_interval_start":2500,"ats_marginal_interval_end":2750,"ats_marginal_ats_mean":68.0409}},{"type":"Feature","geometry":{"type":"Polygon","coordinates":[[[-77.7345004,-8.7707983],[-77.7311554,-8.7709607],[-77.7278426,-8.7714463],[-77.7245939,-8.7722505],[-77.7214407,-8.7733654],[-77.7184132,-8.7747804],[-77.7155406,-8.7764819],[-77.7128506,-8.7784534],[-77.7103692,-8.780676],[-77.7081201,-8.7831282],[-77.7061251,-8.7857865],[-77.7044033,-8.7886252],[-77.7029714,-8.791617],[-77.7018432,-8.7947331],[-77.7010294,-8.7979435],[-77.700538,-8.8012173],[-77.7003737,-8.8045228],[-77.700538,-8.8078284],[-77.7010294,-8.8111022],[-77.7018432,-8.8143126],[-77.7029714,-8.8174287],[-77.7044033,-8.8204205],[-77.7061251,-8.8232592],[-77.7081201,-8.8259175],[-77.7103692,-8.8283697],[-77.7128506,-8.8305923],[-77.7155406,-8.8325638],[-77.7184132,-8.8342653],[-77.7214407,-8.8356803],[-77.7245939,-8.8367952],[-77.7278426,-8.8375994],[-77.7311554,-8.838085],[-77.7345004,-8.8382474],[-77.7378454,-8.838085],[-77.7411582,-8.8375994],[-77.7444068,-8.8367952],[-77.7475601,-8.8356803],[-77.7505876,-8.8342653],[-77.7534602,-8.8325638],[-77.7561501,-8.8305923],[-77.7586316,-8.8283697],[-77.7608807,-8.8259175],[-77.7628757,-8.8232592],[-77.7645974,-8.8204205],[-77.7660293,-8.8174287],[-77.7671576,-8.8143126],[-77.7679713,-8.8111022],[-77.7684628,-8.8078284],[-77.7686271,-8.8045228],[-77.7684628,-8.8012173],[-77.7679713,-8.7979435],[-77.7671576,-8.7947331],[-77.7660293,-8.791617],[-77.7645974,-8.7886252],[-77.7628757,-8.7857865],[-77.7608807,-8.7831282],[-77.7586316,-8.780676],[-77.7561501,-8.7784534],[-77.7534602,-8.7764819],[-77.7505876,-8.7747804],[-77.7475601,-8.7733654],[-77.7444068,-8.7722505],[-77.7411582,-8.7714463],[-77.7378454,-8.7709607],[-77.7345004,-8.7707983]]]},"properties":{"name":"Cerro Milluacocha","local_name":"Cerro Milluacocha","english_name":"Cerro Milluacocha","search_name":"Cerro Milluacocha Cerro Milluacocha Cerro Milluacocha Cerro Milluacocha Cerro Milluacocha Cerro Milluacocha","peak_elev":5363,"radius_m":3750,"layer":"平均突起响应半径","rank_pct":0.728,"center_lon":-77.73450038564924,"center_lat":-8.804522846948048,"max_mean_jut":330.005,"max_ats":133.7376,"r_jmean_peak":3750,"r_ats_peak":3750,"r_ats_marginal":437.5,"ats_marginal_rate_max":0.075074,"ats_marginal_interval_start":375,"ats_marginal_interval_end":500,"ats_marginal_ats_mean":14.1482}},{"type":"Feature","geometry":{"type":"Polygon","coordinates":[[[-72.6407832,-12.6507118],[-72.637395,-12.6508742],[-72.6340393,-12.6513598],[-72.6307486,-12.652164],[-72.6275545,-12.653279],[-72.6244879,-12.654694],[-72.6215782,-12.6563954],[-72.6188534,-12.658367],[-72.6163398,-12.6605895],[-72.6140616,-12.6630418],[-72.6120408,-12.6657],[-72.6102968,-12.6685387],[-72.6088464,-12.6715306],[-72.6077035,-12.6746467],[-72.6068792,-12.6778571],[-72.6063815,-12.6811308],[-72.606215,-12.6844364],[-72.6063815,-12.687742],[-72.6068792,-12.6910157],[-72.6077035,-12.6942261],[-72.6088464,-12.6973422],[-72.6102968,-12.700334],[-72.6120408,-12.7031728],[-72.6140616,-12.705831],[-72.6163398,-12.7082833],[-72.6188534,-12.7105058],[-72.6215782,-12.7124773],[-72.6244879,-12.7141788],[-72.6275545,-12.7155938],[-72.6307486,-12.7167088],[-72.6340393,-12.7175129],[-72.637395,-12.7179986],[-72.6407832,-12.718161],[-72.6441715,-12.7179986],[-72.6475272,-12.7175129],[-72.6508179,-12.7167088],[-72.6540119,-12.7155938],[-72.6570786,-12.7141788],[-72.6599883,-12.7124773],[-72.6627131,-12.7105058],[-72.6652267,-12.7082833],[-72.6675048,-12.705831],[-72.6695257,-12.7031728],[-72.6712697,-12.700334],[-72.6727201,-12.6973422],[-72.673863,-12.6942261],[-72.6746872,-12.6910157],[-72.675185,-12.687742],[-72.6753515,-12.6844364],[-72.675185,-12.6811308],[-72.6746872,-12.6778571],[-72.673863,-12.6746467],[-72.6727201,-12.6715306],[-72.6712697,-12.6685387],[-72.6695257,-12.6657],[-72.6675048,-12.6630418],[-72.6652267,-12.6605895],[-72.6627131,-12.658367],[-72.6599883,-12.6563954],[-72.6570786,-12.654694],[-72.6540119,-12.653279],[-72.6508179,-12.652164],[-72.6475272,-12.6513598],[-72.6441715,-12.6508742],[-72.6407832,-12.6507118]]]},"properties":{"name":"Cerro Palmayoc","local_name":"Cerro Palmayoc","english_name":"Cerro Palmayoc","search_name":"Cerro Palmayoc Cerro Palmayoc Cerro Palmayoc Cerro Palmayoc Cerro Palmayoc Cerro Palmayoc","peak_elev":2415,"radius_m":3750,"layer":"平均突起响应半径","rank_pct":0.728,"center_lon":-72.64078323010631,"center_lat":-12.684436390588674,"max_mean_jut":175.2568,"max_ats":55.8856,"r_jmean_peak":3750,"r_ats_peak":13000,"r_ats_marginal":1062.5,"ats_marginal_rate_max":0.028899,"ats_marginal_interval_start":1000,"ats_marginal_interval_end":1125,"ats_marginal_ats_mean":17.1384}},{"type":"Feature","geometry":{"type":"Polygon","coordinates":[[[-76.7044921,-9.2319035],[-76.7011428,-9.2320659],[-76.6978258,-9.2325515],[-76.6945729,-9.2333557],[-76.6914156,-9.2344707],[-76.6883843,-9.2358857],[-76.685508,-9.2375871],[-76.6828146,-9.2395586],[-76.68033,-9.2417812],[-76.678078,-9.2442334],[-76.6760804,-9.2468917],[-76.6743565,-9.2497304],[-76.6729227,-9.2527223],[-76.671793,-9.2558384],[-76.6709783,-9.2590487],[-76.6704862,-9.2623225],[-76.6703217,-9.2656281],[-76.6704862,-9.2689337],[-76.6709783,-9.2722074],[-76.671793,-9.2754178],[-76.6729227,-9.2785339],[-76.6743565,-9.2815257],[-76.6760804,-9.2843644],[-76.678078,-9.2870227],[-76.68033,-9.2894749],[-76.6828146,-9.2916975],[-76.685508,-9.293669],[-76.6883843,-9.2953705],[-76.6914156,-9.2967855],[-76.6945729,-9.2979005],[-76.6978258,-9.2987046],[-76.7011428,-9.2991902],[-76.7044921,-9.2993526],[-76.7078414,-9.2991902],[-76.7111584,-9.2987046],[-76.7144112,-9.2979005],[-76.7175685,-9.2967855],[-76.7205999,-9.2953705],[-76.7234761,-9.293669],[-76.7261696,-9.2916975],[-76.7286542,-9.2894749],[-76.7309062,-9.2870227],[-76.7329037,-9.2843644],[-76.7346277,-9.2815257],[-76.7360614,-9.2785339],[-76.7371911,-9.2754178],[-76.7380059,-9.2722074],[-76.7384979,-9.2689337],[-76.7386625,-9.2656281],[-76.7384979,-9.2623225],[-76.7380059,-9.2590487],[-76.7371911,-9.2558384],[-76.7360614,-9.2527223],[-76.7346277,-9.2497304],[-76.7329037,-9.2468917],[-76.7309062,-9.2442334],[-76.7286542,-9.2417812],[-76.7261696,-9.2395586],[-76.7234761,-9.2375871],[-76.7205999,-9.2358857],[-76.7175685,-9.2344707],[-76.7144112,-9.2333557],[-76.7111584,-9.2325515],[-76.7078414,-9.2320659],[-76.7044921,-9.2319035]]]},"properties":{"name":"Cerro Rayo Magashan","local_name":"Cerro Rayo Magashan","english_name":"Cerro Rayo Magashan","search_name":"Cerro Rayo Magashan Cerro Rayo Magashan Cerro Rayo Magashan Cerro Rayo Magashan Cerro Rayo Magashan Cerro Rayo Magashan","peak_elev":4029,"radius_m":3750,"layer":"平均突起响应半径","rank_pct":0.728,"center_lon":-76.7044920808778,"center_lat":-9.2656280822866,"max_mean_jut":145.6003,"max_ats":47.9951,"r_jmean_peak":3750,"r_ats_peak":4000,"r_ats_marginal":187.5,"ats_marginal_rate_max":0.064997,"ats_marginal_interval_start":125,"ats_marginal_interval_end":250,"ats_marginal_ats_mean":7.3069}},{"type":"Feature","geometry":{"type":"Polygon","coordinates":[[[-75.8701368,-12.7086532],[-75.8667478,-12.7088156],[-75.8633914,-12.7093012],[-75.8600999,-12.7101053],[-75.8569051,-12.7112203],[-75.8538378,-12.7126353],[-75.8509274,-12.7143368],[-75.848202,-12.7163083],[-75.8456878,-12.7185309],[-75.8434091,-12.7209831],[-75.8413879,-12.7236414],[-75.8396434,-12.7264801],[-75.8381927,-12.7294719],[-75.8370496,-12.732588],[-75.8362251,-12.7357984],[-75.8357272,-12.7390721],[-75.8355607,-12.7423777],[-75.8357272,-12.7456833],[-75.8362251,-12.7489571],[-75.8370496,-12.7521674],[-75.8381927,-12.7552836],[-75.8396434,-12.7582754],[-75.8413879,-12.7611141],[-75.8434091,-12.7637724],[-75.8456878,-12.7662246],[-75.848202,-12.7684472],[-75.8509274,-12.7704187],[-75.8538378,-12.7721201],[-75.8569051,-12.7735352],[-75.8600999,-12.7746501],[-75.8633914,-12.7754543],[-75.8667478,-12.7759399],[-75.8701368,-12.7761023],[-75.8735259,-12.7759399],[-75.8768823,-12.7754543],[-75.8801738,-12.7746501],[-75.8833686,-12.7735352],[-75.8864359,-12.7721201],[-75.8893463,-12.7704187],[-75.8920717,-12.7684472],[-75.8945858,-12.7662246],[-75.8968645,-12.7637724],[-75.8988858,-12.7611141],[-75.9006303,-12.7582754],[-75.902081,-12.7552836],[-75.9032241,-12.7521674],[-75.9040486,-12.7489571],[-75.9045465,-12.7456833],[-75.904713,-12.7423777],[-75.9045465,-12.7390721],[-75.9040486,-12.7357984],[-75.9032241,-12.732588],[-75.902081,-12.7294719],[-75.9006303,-12.7264801],[-75.8988858,-12.7236414],[-75.8968645,-12.7209831],[-75.8945858,-12.7185309],[-75.8920717,-12.7163083],[-75.8893463,-12.7143368],[-75.8864359,-12.7126353],[-75.8833686,-12.7112203],[-75.8801738,-12.7101053],[-75.8768823,-12.7093012],[-75.8735259,-12.7088156],[-75.8701368,-12.7086532]]]},"properties":{"name":"Cerro Titanco","local_name":"Cerro Titanco","english_name":"Cerro Titanco","search_name":"Cerro Titanco Cerro Titanco Cerro Titanco Cerro Titanco Cerro Titanco Cerro Titanco","peak_elev":3778,"radius_m":3750,"layer":"平均突起响应半径","rank_pct":0.728,"center_lon":-75.87013684498758,"center_lat":-12.742377726414384,"max_mean_jut":358.1001,"max_ats":145.5292,"r_jmean_peak":3750,"r_ats_peak":3500,"r_ats_marginal":1687.5,"ats_marginal_rate_max":0.094275,"ats_marginal_interval_start":1625,"ats_marginal_interval_end":1750,"ats_marginal_ats_mean":100.1972}},{"type":"Feature","geometry":{"type":"Polygon","coordinates":[[[-75.4537677,-13.5152505],[-75.4503675,-13.5154129],[-75.447,-13.5158985],[-75.4436977,-13.5167026],[-75.4404924,-13.5178176],[-75.437415,-13.5192326],[-75.434495,-13.5209341],[-75.4317606,-13.5229056],[-75.4292382,-13.5251282],[-75.426952,-13.5275804],[-75.424924,-13.5302387],[-75.4231739,-13.5330774],[-75.4217183,-13.5360692],[-75.4205715,-13.5391853],[-75.4197443,-13.5423957],[-75.4192448,-13.5456694],[-75.4190777,-13.548975],[-75.4192448,-13.5522806],[-75.4197443,-13.5555544],[-75.4205715,-13.5587647],[-75.4217183,-13.5618809],[-75.4231739,-13.5648727],[-75.424924,-13.5677114],[-75.426952,-13.5703697],[-75.4292382,-13.5728219],[-75.4317606,-13.5750445],[-75.434495,-13.577016],[-75.437415,-13.5787174],[-75.4404924,-13.5801325],[-75.4436977,-13.5812474],[-75.447,-13.5820516],[-75.4503675,-13.5825372],[-75.4537677,-13.5826996],[-75.4571679,-13.5825372],[-75.4605354,-13.5820516],[-75.4638377,-13.5812474],[-75.467043,-13.5801325],[-75.4701205,-13.5787174],[-75.4730404,-13.577016],[-75.4757748,-13.5750445],[-75.4782972,-13.5728219],[-75.4805834,-13.5703697],[-75.4826114,-13.5677114],[-75.4843615,-13.5648727],[-75.4858171,-13.5618809],[-75.486964,-13.5587647],[-75.4877911,-13.5555544],[-75.4882907,-13.5522806],[-75.4884577,-13.548975],[-75.4882907,-13.5456694],[-75.4877911,-13.5423957],[-75.486964,-13.5391853],[-75.4858171,-13.5360692],[-75.4843615,-13.5330774],[-75.4826114,-13.5302387],[-75.4805834,-13.5275804],[-75.4782972,-13.5251282],[-75.4757748,-13.5229056],[-75.4730404,-13.5209341],[-75.4701205,-13.5192326],[-75.467043,-13.5178176],[-75.4638377,-13.5167026],[-75.4605354,-13.5158985],[-75.4571679,-13.5154129],[-75.4537677,-13.5152505]]]},"properties":{"name":"Cerro Tocllano","local_name":"Cerro Tocllano","english_name":"Cerro Tocllano","search_name":"Cerro Tocllano Cerro Tocllano Cerro Tocllano Cerro Tocllano Cerro Tocllano Cerro Tocllano","peak_elev":3507,"radius_m":3750,"layer":"平均突起响应半径","rank_pct":0.728,"center_lon":-75.45376771079819,"center_lat":-13.548975020025305,"max_mean_jut":241.9723,"max_ats":92.2086,"r_jmean_peak":3750,"r_ats_peak":3250,"r_ats_marginal":187.5,"ats_marginal_rate_max":0.07473,"ats_marginal_interval_start":125,"ats_marginal_interval_end":250,"ats_marginal_ats_mean":9.1398}},{"type":"Feature","geometry":{"type":"Polygon","coordinates":[[[-78.0357953,-8.883986],[-78.0324493,-8.8841484],[-78.0291355,-8.884634],[-78.0258858,-8.8854382],[-78.0227316,-8.8865531],[-78.0197032,-8.8879682],[-78.0168297,-8.8896696],[-78.0141389,-8.8916411],[-78.0116567,-8.8938637],[-78.0094069,-8.8963159],[-78.0074113,-8.8989742],[-78.005689,-8.9018129],[-78.0042567,-8.9048047],[-78.0031281,-8.9079208],[-78.0023141,-8.9111312],[-78.0018225,-8.914405],[-78.0016581,-8.9177106],[-78.0018225,-8.9210162],[-78.0023141,-8.9242899],[-78.0031281,-8.9275003],[-78.0042567,-8.9306164],[-78.005689,-8.9336082],[-78.0074113,-8.9364469],[-78.0094069,-8.9391052],[-78.0116567,-8.9415574],[-78.0141389,-8.94378],[-78.0168297,-8.9457515],[-78.0197032,-8.947453],[-78.0227316,-8.948868],[-78.0258858,-8.949983],[-78.0291355,-8.9507871],[-78.0324493,-8.9512727],[-78.0357953,-8.9514351],[-78.0391414,-8.9512727],[-78.0424552,-8.9507871],[-78.0457048,-8.949983],[-78.0488591,-8.948868],[-78.0518875,-8.947453],[-78.054761,-8.9457515],[-78.0574517,-8.94378],[-78.059934,-8.9415574],[-78.0621838,-8.9391052],[-78.0641794,-8.9364469],[-78.0659017,-8.9336082],[-78.067334,-8.9306164],[-78.0684626,-8.9275003],[-78.0692766,-8.9242899],[-78.0697682,-8.9210162],[-78.0699325,-8.9177106],[-78.0697682,-8.914405],[-78.0692766,-8.9111312],[-78.0684626,-8.9079208],[-78.067334,-8.9048047],[-78.0659017,-8.9018129],[-78.0641794,-8.8989742],[-78.0621838,-8.8963159],[-78.059934,-8.8938637],[-78.0574517,-8.8916411],[-78.054761,-8.8896696],[-78.0518875,-8.8879682],[-78.0488591,-8.8865531],[-78.0457048,-8.8854382],[-78.0424552,-8.884634],[-78.0391414,-8.8841484],[-78.0357953,-8.883986]]]},"properties":{"name":"Cerro Torre [-78.03566,-8.91753]","local_name":"Cerro Torre","english_name":"Cerro Torre","search_name":"Cerro Torre Cerro Torre Cerro Torre Cerro Torre Cerro Torre Cerro Torre [-78.03566,-8.91753]","peak_elev":4430,"radius_m":3750,"layer":"平均突起响应半径","rank_pct":0.728,"center_lon":-78.03579533194292,"center_lat":-8.917710572747108,"max_mean_jut":294.9252,"max_ats":115.6494,"r_jmean_peak":3750,"r_ats_peak":3750,"r_ats_marginal":1937.5,"ats_marginal_rate_max":0.044955,"ats_marginal_interval_start":1875,"ats_marginal_interval_end":2000,"ats_marginal_ats_mean":56.2855}},{"type":"Feature","geometry":{"type":"Polygon","coordinates":[[[-79.0808953,-6.3987069],[-79.0775688,-6.3988693],[-79.0742743,-6.399355],[-79.0710436,-6.4001591],[-79.0679077,-6.4012741],[-79.064897,-6.4026891],[-79.0620403,-6.4043906],[-79.0593652,-6.4063621],[-79.0568974,-6.4085846],[-79.0546607,-6.4110369],[-79.0526767,-6.4136951],[-79.0509645,-6.4165339],[-79.0495405,-6.4195257],[-79.0484185,-6.4226418],[-79.0476092,-6.4258522],[-79.0471205,-6.4291259],[-79.0469571,-6.4324315],[-79.0471205,-6.4357371],[-79.0476092,-6.4390108],[-79.0484185,-6.4422212],[-79.0495405,-6.4453373],[-79.0509645,-6.4483292],[-79.0526767,-6.4511679],[-79.0546607,-6.4538261],[-79.0568974,-6.4562784],[-79.0593652,-6.4585009],[-79.0620403,-6.4604725],[-79.064897,-6.4621739],[-79.0679077,-6.4635889],[-79.0710436,-6.4647039],[-79.0742743,-6.4655081],[-79.0775688,-6.4659937],[-79.0808953,-6.4661561],[-79.0842219,-6.4659937],[-79.0875164,-6.4655081],[-79.0907471,-6.4647039],[-79.0938829,-6.4635889],[-79.0968937,-6.4621739],[-79.0997504,-6.4604725],[-79.1024255,-6.4585009],[-79.1048933,-6.4562784],[-79.1071299,-6.4538261],[-79.1091139,-6.4511679],[-79.1108262,-6.4483292],[-79.1122502,-6.4453373],[-79.1133722,-6.4422212],[-79.1141814,-6.4390108],[-79.1146701,-6.4357371],[-79.1148335,-6.4324315],[-79.1146701,-6.4291259],[-79.1141814,-6.4258522],[-79.1133722,-6.4226418],[-79.1122502,-6.4195257],[-79.1108262,-6.4165339],[-79.1091139,-6.4136951],[-79.1071299,-6.4110369],[-79.1048933,-6.4085846],[-79.1024255,-6.4063621],[-79.0997504,-6.4043906],[-79.0968937,-6.4026891],[-79.0938829,-6.4012741],[-79.0907471,-6.4001591],[-79.0875164,-6.399355],[-79.0842219,-6.3988693],[-79.0808953,-6.3987069]]]},"properties":{"name":"Cerro Ucchahuilca","local_name":"Cerro Ucchahuilca","english_name":"Cerro Ucchahuilca","search_name":"Cerro Ucchahuilca Cerro Ucchahuilca Cerro Ucchahuilca Cerro Ucchahuilca Cerro Ucchahuilca Cerro Ucchahuilca","peak_elev":3710,"radius_m":3750,"layer":"平均突起响应半径","rank_pct":0.728,"center_lon":-79.08089533348758,"center_lat":-6.432431507702041,"max_mean_jut":264.4768,"max_ats":118.4869,"r_jmean_peak":3750,"r_ats_peak":8750,"r_ats_marginal":562.5,"ats_marginal_rate_max":0.079725,"ats_marginal_interval_start":500,"ats_marginal_interval_end":625,"ats_marginal_ats_mean":26.1399}},{"type":"Feature","geometry":{"type":"Polygon","coordinates":[[[-73.4328278,-13.5195624],[-73.4294275,-13.5197248],[-73.42606,-13.5202104],[-73.4227577,-13.5210145],[-73.4195523,-13.5221295],[-73.4164748,-13.5235445],[-73.4135547,-13.525246],[-73.4108203,-13.5272175],[-73.4082978,-13.5294401],[-73.4060116,-13.5318923],[-73.4039836,-13.5345506],[-73.4022334,-13.5373893],[-73.4007779,-13.5403811],[-73.399631,-13.5434972],[-73.3988038,-13.5467076],[-73.3983042,-13.5499813],[-73.3981372,-13.5532869],[-73.3983042,-13.5565925],[-73.3988038,-13.5598663],[-73.399631,-13.5630767],[-73.4007779,-13.5661928],[-73.4022334,-13.5691846],[-73.4039836,-13.5720233],[-73.4060116,-13.5746816],[-73.4082978,-13.5771338],[-73.4108203,-13.5793564],[-73.4135547,-13.5813279],[-73.4164748,-13.5830293],[-73.4195523,-13.5844444],[-73.4227577,-13.5855593],[-73.42606,-13.5863635],[-73.4294275,-13.5868491],[-73.4328278,-13.5870115],[-73.4362281,-13.5868491],[-73.4395956,-13.5863635],[-73.442898,-13.5855593],[-73.4461033,-13.5844444],[-73.4491809,-13.5830293],[-73.4521009,-13.5813279],[-73.4548353,-13.5793564],[-73.4573578,-13.5771338],[-73.459644,-13.5746816],[-73.461672,-13.5720233],[-73.4634222,-13.5691846],[-73.4648778,-13.5661928],[-73.4660247,-13.5630767],[-73.4668519,-13.5598663],[-73.4673514,-13.5565925],[-73.4675184,-13.5532869],[-73.4673514,-13.5499813],[-73.4668519,-13.5467076],[-73.4660247,-13.5434972],[-73.4648778,-13.5403811],[-73.4634222,-13.5373893],[-73.461672,-13.5345506],[-73.459644,-13.5318923],[-73.4573578,-13.5294401],[-73.4548353,-13.5272175],[-73.4521009,-13.525246],[-73.4491809,-13.5235445],[-73.4461033,-13.5221295],[-73.442898,-13.5210145],[-73.4395956,-13.5202104],[-73.4362281,-13.5197248],[-73.4328278,-13.5195624]]]},"properties":{"name":"Cerros Achanchi","local_name":"Cerros Achanchi","english_name":"Cerros Achanchi","search_name":"Cerros Achanchi Cerros Achanchi Cerros Achanchi Cerros Achanchi Cerros Achanchi Cerros Achanchi","peak_elev":4027,"radius_m":3750,"layer":"平均突起响应半径","rank_pct":0.728,"center_lon":-73.4328278161145,"center_lat":-13.553286933389076,"max_mean_jut":418.4155,"max_ats":222.7297,"r_jmean_peak":3750,"r_ats_peak":4250,"r_ats_marginal":687.5,"ats_marginal_rate_max":0.095723,"ats_marginal_interval_start":625,"ats_marginal_interval_end":750,"ats_marginal_ats_mean":51.9636}},{"type":"Feature","geometry":{"type":"Polygon","coordinates":[[[-71.2297096,-13.7548311],[-71.2263059,-13.7549935],[-71.222935,-13.7554792],[-71.2196294,-13.7562833],[-71.2164208,-13.7573983],[-71.2133402,-13.7588133],[-71.2104173,-13.7605148],[-71.2076801,-13.7624863],[-71.2051551,-13.7647088],[-71.2028666,-13.7671611],[-71.2008366,-13.7698193],[-71.1990846,-13.7726581],[-71.1976276,-13.7756499],[-71.1964796,-13.778766],[-71.1956515,-13.7819764],[-71.1951515,-13.7852501],[-71.1949843,-13.7885557],[-71.1951515,-13.7918613],[-71.1956515,-13.795135],[-71.1964796,-13.7983454],[-71.1976276,-13.8014615],[-71.1990846,-13.8044534],[-71.2008366,-13.8072921],[-71.2028666,-13.8099503],[-71.2051551,-13.8124026],[-71.2076801,-13.8146251],[-71.2104173,-13.8165967],[-71.2133402,-13.8182981],[-71.2164208,-13.8197131],[-71.2196294,-13.8208281],[-71.222935,-13.8216323],[-71.2263059,-13.8221179],[-71.2297096,-13.8222803],[-71.2331133,-13.8221179],[-71.2364841,-13.8216323],[-71.2397898,-13.8208281],[-71.2429984,-13.8197131],[-71.246079,-13.8182981],[-71.2490019,-13.8165967],[-71.2517391,-13.8146251],[-71.2542641,-13.8124026],[-71.2565526,-13.8099503],[-71.2585826,-13.8072921],[-71.2603345,-13.8044534],[-71.2617916,-13.8014615],[-71.2629396,-13.7983454],[-71.2637676,-13.795135],[-71.2642676,-13.7918613],[-71.2644349,-13.7885557],[-71.2642676,-13.7852501],[-71.2637676,-13.7819764],[-71.2629396,-13.778766],[-71.2617916,-13.7756499],[-71.2603345,-13.7726581],[-71.2585826,-13.7698193],[-71.2565526,-13.7671611],[-71.2542641,-13.7647088],[-71.2517391,-13.7624863],[-71.2490019,-13.7605148],[-71.246079,-13.7588133],[-71.2429984,-13.7573983],[-71.2397898,-13.7562833],[-71.2364841,-13.7554792],[-71.2331133,-13.7549935],[-71.2297096,-13.7548311]]]},"properties":{"name":"Nevado Auzangate","local_name":"Nevado Auzangate","english_name":"Nevado Auzangate","search_name":"Nevado Auzangate Nevado Auzangate Nevado Auzangate Nevado Auzangate Nevado Auzangate Nevado Auzangate","peak_elev":6314,"radius_m":3750,"layer":"平均突起响应半径","rank_pct":0.728,"center_lon":-71.22970958181136,"center_lat":-13.78855570629998,"max_mean_jut":517.8906,"max_ats":356.5486,"r_jmean_peak":3750,"r_ats_peak":4500,"r_ats_marginal":937.5,"ats_marginal_rate_max":0.168113,"ats_marginal_interval_start":875,"ats_marginal_interval_end":1000,"ats_marginal_ats_mean":106.5748}},{"type":"Feature","geometry":{"type":"Polygon","coordinates":[[[-76.88155,-10.2745781],[-76.8781902,-10.2747405],[-76.8748627,-10.2752261],[-76.8715997,-10.2760302],[-76.8684325,-10.2771452],[-76.8653916,-10.2785602],[-76.8625063,-10.2802617],[-76.8598044,-10.2822332],[-76.8573119,-10.2844558],[-76.8550529,-10.286908],[-76.853049,-10.2895663],[-76.8513197,-10.292405],[-76.8498814,-10.2953968],[-76.8487482,-10.2985129],[-76.8479308,-10.3017233],[-76.8474372,-10.304997],[-76.8472722,-10.3083026],[-76.8474372,-10.3116082],[-76.8479308,-10.314882],[-76.8487482,-10.3180924],[-76.8498814,-10.3212085],[-76.8513197,-10.3242003],[-76.853049,-10.327039],[-76.8550529,-10.3296973],[-76.8573119,-10.3321495],[-76.8598044,-10.3343721],[-76.8625063,-10.3363436],[-76.8653916,-10.338045],[-76.8684325,-10.3394601],[-76.8715997,-10.340575],[-76.8748627,-10.3413792],[-76.8781902,-10.3418648],[-76.88155,-10.3420272],[-76.8849098,-10.3418648],[-76.8882373,-10.3413792],[-76.8915004,-10.340575],[-76.8946676,-10.3394601],[-76.8977085,-10.338045],[-76.9005938,-10.3363436],[-76.9032957,-10.3343721],[-76.9057881,-10.3321495],[-76.9080471,-10.3296973],[-76.910051,-10.327039],[-76.9117804,-10.3242003],[-76.9132186,-10.3212085],[-76.9143519,-10.3180924],[-76.9151692,-10.314882],[-76.9156628,-10.3116082],[-76.9158279,-10.3083026],[-76.9156628,-10.304997],[-76.9151692,-10.3017233],[-76.9143519,-10.2985129],[-76.9132186,-10.2953968],[-76.9117804,-10.292405],[-76.910051,-10.2895663],[-76.9080471,-10.286908],[-76.9057881,-10.2844558],[-76.9032957,-10.2822332],[-76.9005938,-10.2802617],[-76.8977085,-10.2785602],[-76.8946676,-10.2771452],[-76.8915004,-10.2760302],[-76.8882373,-10.2752261],[-76.8849098,-10.2747405],[-76.88155,-10.2745781]]]},"properties":{"name":"Nevado Carnicero","local_name":"Nevado Carnicero","english_name":"Nevado Carnicero","search_name":"Nevado Carnicero Nevado Carnicero Nevado Carnicero Nevado Carnicero Nevado Carnicero Nevado Carnicero","peak_elev":5913,"radius_m":3750,"layer":"平均突起响应半径","rank_pct":0.728,"center_lon":-76.88155002337776,"center_lat":-10.308302632564128,"max_mean_jut":365.1669,"max_ats":206.882,"r_jmean_peak":3750,"r_ats_peak":4000,"r_ats_marginal":437.5,"ats_marginal_rate_max":0.279858,"ats_marginal_interval_start":375,"ats_marginal_interval_end":500,"ats_marginal_ats_mean":81.533}},{"type":"Feature","geometry":{"type":"Polygon","coordinates":[[[-72.0581359,-13.1977858],[-72.0547402,-13.1979482],[-72.0513772,-13.1984338],[-72.0480792,-13.199238],[-72.0448782,-13.200353],[-72.0418047,-13.201768],[-72.0388886,-13.2034695],[-72.0361579,-13.205441],[-72.0336387,-13.2076635],[-72.0313556,-13.2101158],[-72.0293303,-13.212774],[-72.0275824,-13.2156128],[-72.0261288,-13.2186046],[-72.0249835,-13.2217207],[-72.0241574,-13.2249311],[-72.0236585,-13.2282048],[-72.0234917,-13.2315104],[-72.0236585,-13.234816],[-72.0241574,-13.2380897],[-72.0249835,-13.2413001],[-72.0261288,-13.2444162],[-72.0275824,-13.247408],[-72.0293303,-13.2502468],[-72.0313556,-13.252905],[-72.0336387,-13.2553573],[-72.0361579,-13.2575798],[-72.0388886,-13.2595513],[-72.0418047,-13.2612528],[-72.0448782,-13.2626678],[-72.0480792,-13.2637828],[-72.0513772,-13.264587],[-72.0547402,-13.2650726],[-72.0581359,-13.265235],[-72.0615317,-13.2650726],[-72.0648947,-13.264587],[-72.0681926,-13.2637828],[-72.0713937,-13.2626678],[-72.0744671,-13.2612528],[-72.0773833,-13.2595513],[-72.080114,-13.2575798],[-72.0826331,-13.2553573],[-72.0849163,-13.252905],[-72.0869416,-13.2502468],[-72.0886894,-13.247408],[-72.0901431,-13.2444162],[-72.0912884,-13.2413001],[-72.0921145,-13.2380897],[-72.0926134,-13.234816],[-72.0927802,-13.2315104],[-72.0926134,-13.2282048],[-72.0921145,-13.2249311],[-72.0912884,-13.2217207],[-72.0901431,-13.2186046],[-72.0886894,-13.2156128],[-72.0869416,-13.212774],[-72.0849163,-13.2101158],[-72.0826331,-13.2076635],[-72.080114,-13.205441],[-72.0773833,-13.2034695],[-72.0744671,-13.201768],[-72.0713937,-13.200353],[-72.0681926,-13.199238],[-72.0648947,-13.1984338],[-72.0615317,-13.1979482],[-72.0581359,-13.1977858]]]},"properties":{"name":"Nevado Chicon","local_name":"Nevado Chicon","english_name":"Nevado Chicon","search_name":"Nevado Chicon Nevado Chicon Nevado Chicon Nevado Chicon Nevado Chicon Nevado Chicon","peak_elev":5508,"radius_m":3750,"layer":"平均突起响应半径","rank_pct":0.728,"center_lon":-72.05813593682639,"center_lat":-13.231510398617464,"max_mean_jut":336.8264,"max_ats":159.0698,"r_jmean_peak":3750,"r_ats_peak":3250,"r_ats_marginal":187.5,"ats_marginal_rate_max":0.237868,"ats_marginal_interval_start":125,"ats_marginal_interval_end":250,"ats_marginal_ats_mean":34.095}},{"type":"Feature","geometry":{"type":"Polygon","coordinates":[[[-71.9886063,-13.1799992],[-71.9852109,-13.1801616],[-71.9818481,-13.1806472],[-71.9785504,-13.1814514],[-71.9753495,-13.1825663],[-71.9722763,-13.1839813],[-71.9693604,-13.1856828],[-71.9666299,-13.1876543],[-71.9641109,-13.1898769],[-71.9618279,-13.1923291],[-71.9598028,-13.1949874],[-71.9580551,-13.1978261],[-71.9566015,-13.2008179],[-71.9554563,-13.203934],[-71.9546302,-13.2071444],[-71.9541314,-13.2104182],[-71.9539646,-13.2137238],[-71.9541314,-13.2170293],[-71.9546302,-13.2203031],[-71.9554563,-13.2235135],[-71.9566015,-13.2266296],[-71.9580551,-13.2296214],[-71.9598028,-13.2324601],[-71.9618279,-13.2351184],[-71.9641109,-13.2375706],[-71.9666299,-13.2397932],[-71.9693604,-13.2417647],[-71.9722763,-13.2434662],[-71.9753495,-13.2448812],[-71.9785504,-13.2459961],[-71.9818481,-13.2468003],[-71.9852109,-13.2472859],[-71.9886063,-13.2474483],[-71.9920018,-13.2472859],[-71.9953646,-13.2468003],[-71.9986623,-13.2459961],[-72.0018631,-13.2448812],[-72.0049363,-13.2434662],[-72.0078522,-13.2417647],[-72.0105828,-13.2397932],[-72.0131017,-13.2375706],[-72.0153848,-13.2351184],[-72.0174099,-13.2324601],[-72.0191576,-13.2296214],[-72.0206111,-13.2266296],[-72.0217564,-13.2235135],[-72.0225824,-13.2203031],[-72.0230813,-13.2170293],[-72.0232481,-13.2137238],[-72.0230813,-13.2104182],[-72.0225824,-13.2071444],[-72.0217564,-13.203934],[-72.0206111,-13.2008179],[-72.0191576,-13.1978261],[-72.0174099,-13.1949874],[-72.0153848,-13.1923291],[-72.0131017,-13.1898769],[-72.0105828,-13.1876543],[-72.0078522,-13.1856828],[-72.0049363,-13.1839813],[-72.0018631,-13.1825663],[-71.9986623,-13.1814514],[-71.9953646,-13.1806472],[-71.9920018,-13.1801616],[-71.9886063,-13.1799992]]]},"properties":{"name":"Nevado Pitusiray","local_name":"Nevado Pitusiray","english_name":"Nevado Pitusiray","search_name":"Nevado Pitusiray Nevado Pitusiray Nevado Pitusiray Nevado Pitusiray Nevado Pitusiray Nevado Pitusiray","peak_elev":5706,"radius_m":3750,"layer":"平均突起响应半径","rank_pct":0.728,"center_lon":-71.98860633383555,"center_lat":-13.213723755991897,"max_mean_jut":403.5506,"max_ats":229.9667,"r_jmean_peak":3750,"r_ats_peak":4000,"r_ats_marginal":937.5,"ats_marginal_rate_max":0.140835,"ats_marginal_interval_start":875,"ats_marginal_interval_end":1000,"ats_marginal_ats_mean":90.5878}},{"type":"Feature","geometry":{"type":"Polygon","coordinates":[[[-74.6428585,-11.8506748],[-74.6397057,-11.8508263],[-74.6365833,-11.8512796],[-74.6335214,-11.8520301],[-74.6305493,-11.8530707],[-74.6276958,-11.8543914],[-74.6249883,-11.8559795],[-74.622453,-11.8578195],[-74.6201141,-11.8598939],[-74.6179943,-11.8621827],[-74.6161139,-11.8646637],[-74.6144911,-11.8673132],[-74.6131415,-11.8701056],[-74.6120781,-11.8730139],[-74.6113111,-11.8760103],[-74.6108479,-11.8790658],[-74.610693,-11.882151],[-74.6108479,-11.8852362],[-74.6113111,-11.8882917],[-74.6120781,-11.8912881],[-74.6131415,-11.8941965],[-74.6144911,-11.8969888],[-74.6161139,-11.8996383],[-74.6179943,-11.9021193],[-74.6201141,-11.9044081],[-74.622453,-11.9064825],[-74.6249883,-11.9083226],[-74.6276958,-11.9099106],[-74.6305493,-11.9112313],[-74.6335214,-11.9122719],[-74.6365833,-11.9130225],[-74.6397057,-11.9134757],[-74.6428585,-11.9136273],[-74.6460113,-11.9134757],[-74.6491337,-11.9130225],[-74.6521956,-11.9122719],[-74.6551677,-11.9112313],[-74.6580212,-11.9099106],[-74.6607287,-11.9083226],[-74.6632641,-11.9064825],[-74.6656029,-11.9044081],[-74.6677227,-11.9021193],[-74.6696031,-11.8996383],[-74.6712259,-11.8969888],[-74.6725755,-11.8941965],[-74.6736389,-11.8912881],[-74.6744059,-11.8882917],[-74.6748691,-11.8852362],[-74.675024,-11.882151],[-74.6748691,-11.8790658],[-74.6744059,-11.8760103],[-74.6736389,-11.8730139],[-74.6725755,-11.8701056],[-74.6712259,-11.8673132],[-74.6696031,-11.8646637],[-74.6677227,-11.8621827],[-74.6656029,-11.8598939],[-74.6632641,-11.8578195],[-74.6607287,-11.8559795],[-74.6580212,-11.8543914],[-74.6551677,-11.8530707],[-74.6521956,-11.8520301],[-74.6491337,-11.8512796],[-74.6460113,-11.8508263],[-74.6428585,-11.8506748]]]},"properties":{"name":"Cerro Balcón","local_name":"Cerro Balcón","english_name":"Cerro Balcón","search_name":"Cerro Balcón Cerro Balcón Cerro Balcón Cerro Balcón Cerro Balcón Cerro Balcón","peak_elev":3398,"radius_m":3500,"layer":"平均突起响应半径","rank_pct":0.776,"center_lon":-74.64285850382349,"center_lat":-11.88215101034153,"max_mean_jut":276.4399,"max_ats":101.5932,"r_jmean_peak":3500,"r_ats_peak":2250,"r_ats_marginal":312.5,"ats_marginal_rate_max":0.101635,"ats_marginal_interval_start":250,"ats_marginal_interval_end":375,"ats_marginal_ats_mean":21.1618}},{"type":"Feature","geometry":{"type":"Polygon","coordinates":[[[-75.9520632,-12.5174044],[-75.9489025,-12.5175559],[-75.9457722,-12.5180092],[-75.9427025,-12.5187597],[-75.939723,-12.5198003],[-75.9368623,-12.521121],[-75.934148,-12.5227091],[-75.9316062,-12.5245491],[-75.9292614,-12.5266235],[-75.9271362,-12.5289123],[-75.9252511,-12.5313933],[-75.9236242,-12.5340428],[-75.9222712,-12.5368352],[-75.9212051,-12.5397435],[-75.9204362,-12.5427399],[-75.9199719,-12.5457954],[-75.9198166,-12.5488806],[-75.9199719,-12.5519658],[-75.9204362,-12.5550213],[-75.9212051,-12.5580177],[-75.9222712,-12.5609261],[-75.9236242,-12.5637184],[-75.9252511,-12.5663679],[-75.9271362,-12.5688489],[-75.9292614,-12.5711377],[-75.9316062,-12.5732121],[-75.934148,-12.5750522],[-75.9368623,-12.5766402],[-75.939723,-12.5779609],[-75.9427025,-12.5790015],[-75.9457722,-12.5797521],[-75.9489025,-12.5802053],[-75.9520632,-12.5803569],[-75.9552239,-12.5802053],[-75.9583542,-12.5797521],[-75.9614239,-12.5790015],[-75.9644034,-12.5779609],[-75.9672641,-12.5766402],[-75.9699784,-12.5750522],[-75.9725202,-12.5732121],[-75.974865,-12.5711377],[-75.9769902,-12.5688489],[-75.9788753,-12.5663679],[-75.9805022,-12.5637184],[-75.9818552,-12.5609261],[-75.9829213,-12.5580177],[-75.9836902,-12.5550213],[-75.9841545,-12.5519658],[-75.9843098,-12.5488806],[-75.9841545,-12.5457954],[-75.9836902,-12.5427399],[-75.9829213,-12.5397435],[-75.9818552,-12.5368352],[-75.9805022,-12.5340428],[-75.9788753,-12.5313933],[-75.9769902,-12.5289123],[-75.974865,-12.5266235],[-75.9725202,-12.5245491],[-75.9699784,-12.5227091],[-75.9672641,-12.521121],[-75.9644034,-12.5198003],[-75.9614239,-12.5187597],[-75.9583542,-12.5180092],[-75.9552239,-12.5175559],[-75.9520632,-12.5174044]]]},"properties":{"name":"Cerro Tambilla","local_name":"Cerro Tambilla","english_name":"Cerro Tambilla","search_name":"Cerro Tambilla Cerro Tambilla Cerro Tambilla Cerro Tambilla Cerro Tambilla Cerro Tambilla","peak_elev":3793,"radius_m":3500,"layer":"平均突起响应半径","rank_pct":0.776,"center_lon":-75.95206319889928,"center_lat":-12.548880614215038,"max_mean_jut":228.3661,"max_ats":67.9541,"r_jmean_peak":3500,"r_ats_peak":2750,"r_ats_marginal":187.5,"ats_marginal_rate_max":0.056198,"ats_marginal_interval_start":125,"ats_marginal_interval_end":250,"ats_marginal_ats_mean":7.721}},{"type":"Feature","geometry":{"type":"Polygon","coordinates":[[[-72.7550489,-15.0299024],[-72.751854,-15.0300539],[-72.7486898,-15.0305072],[-72.7455868,-15.0312577],[-72.742575,-15.0322984],[-72.7396833,-15.0336191],[-72.7369396,-15.0352071],[-72.7343703,-15.0370472],[-72.7320001,-15.0391216],[-72.7298519,-15.0414103],[-72.7279464,-15.0438914],[-72.7263018,-15.0465408],[-72.7249342,-15.0493332],[-72.7238565,-15.0522416],[-72.7230793,-15.0552379],[-72.7226099,-15.0582934],[-72.7224529,-15.0613786],[-72.7226099,-15.0644638],[-72.7230793,-15.0675193],[-72.7238565,-15.0705157],[-72.7249342,-15.0734241],[-72.7263018,-15.0762164],[-72.7279464,-15.0788659],[-72.7298519,-15.081347],[-72.7320001,-15.0836357],[-72.7343703,-15.0857101],[-72.7369396,-15.0875502],[-72.7396833,-15.0891382],[-72.742575,-15.0904589],[-72.7455868,-15.0914995],[-72.7486898,-15.0922501],[-72.751854,-15.0927033],[-72.7550489,-15.0928549],[-72.7582439,-15.0927033],[-72.7614081,-15.0922501],[-72.7645111,-15.0914995],[-72.7675229,-15.0904589],[-72.7704146,-15.0891382],[-72.7731583,-15.0875502],[-72.7757276,-15.0857101],[-72.7780978,-15.0836357],[-72.780246,-15.081347],[-72.7821515,-15.0788659],[-72.783796,-15.0762164],[-72.7851637,-15.0734241],[-72.7862414,-15.0705157],[-72.7870186,-15.0675193],[-72.787488,-15.0644638],[-72.7876449,-15.0613786],[-72.787488,-15.0582934],[-72.7870186,-15.0552379],[-72.7862414,-15.0522416],[-72.7851637,-15.0493332],[-72.783796,-15.0465408],[-72.7821515,-15.0438914],[-72.780246,-15.0414103],[-72.7780978,-15.0391216],[-72.7757276,-15.0370472],[-72.7731583,-15.0352071],[-72.7704146,-15.0336191],[-72.7675229,-15.0322984],[-72.7645111,-15.0312577],[-72.7614081,-15.0305072],[-72.7582439,-15.0300539],[-72.7550489,-15.0299024]]]},"properties":{"name":"Cerro Tarhuara","local_name":"Cerro Tarhuara","english_name":"Cerro Tarhuara","search_name":"Cerro Tarhuara Cerro Tarhuara Cerro Tarhuara Cerro Tarhuara Cerro Tarhuara Cerro Tarhuara","peak_elev":4562,"radius_m":3500,"layer":"平均突起响应半径","rank_pct":0.776,"center_lon":-72.75504893424632,"center_lat":-15.061378632368928,"max_mean_jut":173.3791,"max_ats":38.2144,"r_jmean_peak":3500,"r_ats_peak":3750,"r_ats_marginal":312.5,"ats_marginal_rate_max":0.032548,"ats_marginal_interval_start":250,"ats_marginal_interval_end":375,"ats_marginal_ats_mean":5.7715}},{"type":"Feature","geometry":{"type":"Polygon","coordinates":[[[-70.2967193,-34.5795786],[-70.2929707,-34.5797301],[-70.2892582,-34.5801834],[-70.2856175,-34.5809339],[-70.2820838,-34.5819746],[-70.278691,-34.5832953],[-70.2754718,-34.5848833],[-70.2724573,-34.5867234],[-70.2696764,-34.5887978],[-70.2671559,-34.5910865],[-70.2649202,-34.5935676],[-70.2629907,-34.596217],[-70.261386,-34.5990094],[-70.2601216,-34.6019178],[-70.2592097,-34.6049141],[-70.258659,-34.6079696],[-70.2584748,-34.6110548],[-70.258659,-34.61414],[-70.2592097,-34.6171955],[-70.2601216,-34.6201919],[-70.261386,-34.6231003],[-70.2629907,-34.6258926],[-70.2649202,-34.6285421],[-70.2671559,-34.6310232],[-70.2696764,-34.6333119],[-70.2724573,-34.6353863],[-70.2754718,-34.6372264],[-70.278691,-34.6388144],[-70.2820838,-34.6401351],[-70.2856175,-34.6411757],[-70.2892582,-34.6419263],[-70.2929707,-34.6423795],[-70.2967193,-34.6425311],[-70.3004679,-34.6423795],[-70.3041805,-34.6419263],[-70.3078211,-34.6411757],[-70.3113549,-34.6401351],[-70.3147477,-34.6388144],[-70.3179668,-34.6372264],[-70.3209814,-34.6353863],[-70.3237623,-34.6333119],[-70.3262827,-34.6310232],[-70.3285185,-34.6285421],[-70.330448,-34.6258926],[-70.3320526,-34.6231003],[-70.333317,-34.6201919],[-70.334229,-34.6171955],[-70.3347797,-34.61414],[-70.3349638,-34.6110548],[-70.3347797,-34.6079696],[-70.334229,-34.6049141],[-70.333317,-34.6019178],[-70.3320526,-34.5990094],[-70.330448,-34.596217],[-70.3285185,-34.5935676],[-70.3262827,-34.5910865],[-70.3237623,-34.5887978],[-70.3209814,-34.5867234],[-70.3179668,-34.5848833],[-70.3147477,-34.5832953],[-70.3113549,-34.5819746],[-70.3078211,-34.5809339],[-70.3041805,-34.5801834],[-70.3004679,-34.5797301],[-70.2967193,-34.5795786]]]},"properties":{"name":"Cerro del Palomo","local_name":"Cerro del Palomo","english_name":"Cerro del Palomo","search_name":"Cerro del Palomo Cerro del Palomo Cerro del Palomo Cerro del Palomo Cerro del Palomo Cerro del Palomo","peak_elev":4858,"radius_m":3500,"layer":"平均突起响应半径","rank_pct":0.776,"center_lon":-70.29671932772483,"center_lat":-34.611054834548426,"max_mean_jut":437.5523,"max_ats":230.4621,"r_jmean_peak":3500,"r_ats_peak":3000,"r_ats_marginal":1312.5,"ats_marginal_rate_max":0.157856,"ats_marginal_interval_start":1250,"ats_marginal_interval_end":1375,"ats_marginal_ats_mean":142.2589}},{"type":"Feature","geometry":{"type":"Polygon","coordinates":[[[-70.8311271,-54.4184225],[-70.8258207,-54.418574],[-70.8205654,-54.4190273],[-70.8154118,-54.4197778],[-70.8104096,-54.4208185],[-70.8056069,-54.4221391],[-70.80105,-54.4237272],[-70.7967827,-54.4255673],[-70.7928462,-54.4276417],[-70.7892783,-54.4299304],[-70.7861135,-54.4324115],[-70.7833822,-54.4350609],[-70.7811107,-54.4378533],[-70.7793209,-54.4407617],[-70.77803,-54.443758],[-70.7772504,-54.4468135],[-70.7769897,-54.4498987],[-70.7772504,-54.4529839],[-70.77803,-54.4560394],[-70.7793209,-54.4590358],[-70.7811107,-54.4619442],[-70.7833822,-54.4647365],[-70.7861135,-54.467386],[-70.7892783,-54.4698671],[-70.7928462,-54.4721558],[-70.7967827,-54.4742302],[-70.80105,-54.4760703],[-70.8056069,-54.4776583],[-70.8104096,-54.478979],[-70.8154118,-54.4800196],[-70.8205654,-54.4807702],[-70.8258207,-54.4812234],[-70.8311271,-54.481375],[-70.8364335,-54.4812234],[-70.8416888,-54.4807702],[-70.8468423,-54.4800196],[-70.8518446,-54.478979],[-70.8566473,-54.4776583],[-70.8612042,-54.4760703],[-70.8654715,-54.4742302],[-70.869408,-54.4721558],[-70.8729758,-54.4698671],[-70.8761407,-54.467386],[-70.878872,-54.4647365],[-70.8811435,-54.4619442],[-70.8829333,-54.4590358],[-70.8842242,-54.4560394],[-70.8850038,-54.4529839],[-70.8852645,-54.4498987],[-70.8850038,-54.4468135],[-70.8842242,-54.443758],[-70.8829333,-54.4407617],[-70.8811435,-54.4378533],[-70.878872,-54.4350609],[-70.8761407,-54.4324115],[-70.8729758,-54.4299304],[-70.869408,-54.4276417],[-70.8654715,-54.4255673],[-70.8612042,-54.4237272],[-70.8566473,-54.4221391],[-70.8518446,-54.4208185],[-70.8468423,-54.4197778],[-70.8416888,-54.4190273],[-70.8364335,-54.418574],[-70.8311271,-54.4184225]]]},"properties":{"name":"Monte Sarmiento","local_name":"Monte Sarmiento","english_name":"Monte Sarmiento","search_name":"Monte Sarmiento Monte Sarmiento Monte Sarmiento Monte Sarmiento Monte Sarmiento Monte Sarmiento","peak_elev":2180,"radius_m":3500,"layer":"平均突起响应半径","rank_pct":0.776,"center_lon":-70.83112709024753,"center_lat":-54.449898726686,"max_mean_jut":639.4913,"max_ats":408.3958,"r_jmean_peak":3500,"r_ats_peak":5000,"r_ats_marginal":187.5,"ats_marginal_rate_max":0.410641,"ats_marginal_interval_start":125,"ats_marginal_interval_end":250,"ats_marginal_ats_mean":37.6861}},{"type":"Feature","geometry":{"type":"Polygon","coordinates":[[[-76.8920603,-10.2622737],[-76.8889246,-10.2624252],[-76.8858191,-10.2628785],[-76.8827738,-10.263629],[-76.8798178,-10.2646697],[-76.8769798,-10.2659903],[-76.874287,-10.2675784],[-76.8717653,-10.2694184],[-76.8694391,-10.2714929],[-76.8673308,-10.2737816],[-76.8654606,-10.2762627],[-76.8638466,-10.2789121],[-76.8625043,-10.2817045],[-76.8614467,-10.2846129],[-76.8606838,-10.2876092],[-76.8602232,-10.2906647],[-76.8600691,-10.2937499],[-76.8602232,-10.2968351],[-76.8606838,-10.2998906],[-76.8614467,-10.302887],[-76.8625043,-10.3057954],[-76.8638466,-10.3085877],[-76.8654606,-10.3112372],[-76.8673308,-10.3137183],[-76.8694391,-10.316007],[-76.8717653,-10.3180814],[-76.874287,-10.3199215],[-76.8769798,-10.3215095],[-76.8798178,-10.3228302],[-76.8827738,-10.3238708],[-76.8858191,-10.3246214],[-76.8889246,-10.3250746],[-76.8920603,-10.3252262],[-76.895196,-10.3250746],[-76.8983015,-10.3246214],[-76.9013469,-10.3238708],[-76.9043028,-10.3228302],[-76.9071408,-10.3215095],[-76.9098337,-10.3199215],[-76.9123553,-10.3180814],[-76.9146815,-10.316007],[-76.9167898,-10.3137183],[-76.91866,-10.3112372],[-76.920274,-10.3085877],[-76.9216163,-10.3057954],[-76.922674,-10.302887],[-76.9234368,-10.2998906],[-76.9238974,-10.2968351],[-76.9240515,-10.2937499],[-76.9238974,-10.2906647],[-76.9234368,-10.2876092],[-76.922674,-10.2846129],[-76.9216163,-10.2817045],[-76.920274,-10.2789121],[-76.91866,-10.2762627],[-76.9167898,-10.2737816],[-76.9146815,-10.2714929],[-76.9123553,-10.2694184],[-76.9098337,-10.2675784],[-76.9071408,-10.2659903],[-76.9043028,-10.2646697],[-76.9013469,-10.263629],[-76.8983015,-10.2628785],[-76.895196,-10.2624252],[-76.8920603,-10.2622737]]]},"properties":{"name":"Nevado Siula Grande","local_name":"Nevado Siula Grande","english_name":"Nevado Siula Grande","search_name":"Nevado Siula Grande Nevado Siula Grande Nevado Siula Grande Nevado Siula Grande Nevado Siula Grande Nevado Siula Grande","peak_elev":6314,"radius_m":3500,"layer":"平均突起响应半径","rank_pct":0.776,"center_lon":-76.89206031220195,"center_lat":-10.293749924961393,"max_mean_jut":559.6247,"max_ats":324.992,"r_jmean_peak":3500,"r_ats_peak":4750,"r_ats_marginal":687.5,"ats_marginal_rate_max":0.375515,"ats_marginal_interval_start":625,"ats_marginal_interval_end":750,"ats_marginal_ats_mean":155.121}},{"type":"Feature","geometry":{"type":"Polygon","coordinates":[[[-77.5746901,-9.0554769],[-77.5715657,-9.0556285],[-77.5684713,-9.0560817],[-77.5654369,-9.0568323],[-77.5624916,-9.0578729],[-77.5596637,-9.0591936],[-77.5569806,-9.0607816],[-77.554468,-9.0626217],[-77.5521501,-9.0646961],[-77.5500494,-9.0669848],[-77.5481859,-9.0694659],[-77.5465777,-9.0721154],[-77.5452402,-9.0749077],[-77.5441864,-9.0778161],[-77.5434263,-9.0808125],[-77.5429673,-9.083868],[-77.5428138,-9.0869532],[-77.5429673,-9.0900384],[-77.5434263,-9.0930939],[-77.5441864,-9.0960902],[-77.5452402,-9.0989986],[-77.5465777,-9.101791],[-77.5481859,-9.1044404],[-77.5500494,-9.1069215],[-77.5521501,-9.1092102],[-77.554468,-9.1112846],[-77.5569806,-9.1131247],[-77.5596637,-9.1147128],[-77.5624916,-9.1160334],[-77.5654369,-9.1170741],[-77.5684713,-9.1178246],[-77.5715657,-9.1182779],[-77.5746901,-9.1184294],[-77.5778145,-9.1182779],[-77.5809089,-9.1178246],[-77.5839433,-9.1170741],[-77.5868886,-9.1160334],[-77.5897165,-9.1147128],[-77.5923996,-9.1131247],[-77.5949122,-9.1112846],[-77.5972301,-9.1092102],[-77.5993308,-9.1069215],[-77.6011943,-9.1044404],[-77.6028025,-9.101791],[-77.60414,-9.0989986],[-77.6051938,-9.0960902],[-77.6059539,-9.0930939],[-77.6064129,-9.0900384],[-77.6065664,-9.0869532],[-77.6064129,-9.083868],[-77.6059539,-9.0808125],[-77.6051938,-9.0778161],[-77.60414,-9.0749077],[-77.6028025,-9.0721154],[-77.6011943,-9.0694659],[-77.5993308,-9.0669848],[-77.5972301,-9.0646961],[-77.5949122,-9.0626217],[-77.5923996,-9.0607816],[-77.5897165,-9.0591936],[-77.5868886,-9.0578729],[-77.5839433,-9.0568323],[-77.5809089,-9.0560817],[-77.5778145,-9.0556285],[-77.5746901,-9.0554769]]]},"properties":{"name":"Nevados Chopicallqui","local_name":"Nevados Chopicallqui","english_name":"Nevados Chopicallqui","search_name":"Nevados Chopicallqui Nevados Chopicallqui Nevados Chopicallqui Nevados Chopicallqui Nevados Chopicallqui Nevados Chopicallqui","peak_elev":6089,"radius_m":3500,"layer":"平均突起响应半径","rank_pct":0.776,"center_lon":-77.57469009660437,"center_lat":-9.086953172275226,"max_mean_jut":475.8754,"max_ats":285.7689,"r_jmean_peak":3500,"r_ats_peak":3500,"r_ats_marginal":687.5,"ats_marginal_rate_max":0.197712,"ats_marginal_interval_start":625,"ats_marginal_interval_end":750,"ats_marginal_ats_mean":60.8093}},{"type":"Feature","geometry":{"type":"Polygon","coordinates":[[[-74.5878816,-11.9283815],[-74.5849532,-11.9285223],[-74.582053,-11.9289431],[-74.579209,-11.9296401],[-74.5764485,-11.9306064],[-74.5737981,-11.9318327],[-74.5712833,-11.9333073],[-74.5689283,-11.935016],[-74.5667559,-11.9369422],[-74.564787,-11.9390675],[-74.5630404,-11.9413713],[-74.5615331,-11.9438315],[-74.5602796,-11.9464244],[-74.5592918,-11.9491251],[-74.5585794,-11.9519074],[-74.5581492,-11.9547447],[-74.5580054,-11.9576095],[-74.5581492,-11.9604743],[-74.5585794,-11.9633116],[-74.5592918,-11.9660939],[-74.5602796,-11.9687945],[-74.5615331,-11.9713875],[-74.5630404,-11.9738477],[-74.564787,-11.9761515],[-74.5667559,-11.9782768],[-74.5689283,-11.980203],[-74.5712833,-11.9819116],[-74.5737981,-11.9833862],[-74.5764485,-11.9846126],[-74.579209,-11.9855789],[-74.582053,-11.9862758],[-74.5849532,-11.9866967],[-74.5878816,-11.9868374],[-74.59081,-11.9866967],[-74.5937102,-11.9862758],[-74.5965542,-11.9855789],[-74.5993147,-11.9846126],[-74.6019652,-11.9833862],[-74.60448,-11.9819116],[-74.6068349,-11.980203],[-74.6090073,-11.9782768],[-74.6109762,-11.9761515],[-74.6127228,-11.9738477],[-74.6142301,-11.9713875],[-74.6154836,-11.9687945],[-74.6164714,-11.9660939],[-74.6171838,-11.9633116],[-74.617614,-11.9604743],[-74.6177578,-11.9576095],[-74.617614,-11.9547447],[-74.6171838,-11.9519074],[-74.6164714,-11.9491251],[-74.6154836,-11.9464244],[-74.6142301,-11.9438315],[-74.6127228,-11.9413713],[-74.6109762,-11.9390675],[-74.6090073,-11.9369422],[-74.6068349,-11.935016],[-74.60448,-11.9333073],[-74.6019652,-11.9318327],[-74.5993147,-11.9306064],[-74.5965542,-11.9296401],[-74.5937102,-11.9289431],[-74.59081,-11.9285223],[-74.5878816,-11.9283815]]]},"properties":{"name":"Cerro Antopata","local_name":"Cerro Antopata","english_name":"Cerro Antopata","search_name":"Cerro Antopata Cerro Antopata Cerro Antopata Cerro Antopata Cerro Antopata Cerro Antopata","peak_elev":3007,"radius_m":3250,"layer":"平均突起响应半径","rank_pct":0.7947,"center_lon":-74.58788160843538,"center_lat":-11.957609494207569,"max_mean_jut":366.6849,"max_ats":173.7113,"r_jmean_peak":3250,"r_ats_peak":2500,"r_ats_marginal":1687.5,"ats_marginal_rate_max":0.119119,"ats_marginal_interval_start":1625,"ats_marginal_interval_end":1750,"ats_marginal_ats_mean":126.4766}},{"type":"Feature","geometry":{"type":"Polygon","coordinates":[[[-71.9767486,-15.5398785],[-71.9737746,-15.5400192],[-71.9708293,-15.5404401],[-71.967941,-15.541137],[-71.9651375,-15.5421033],[-71.9624458,-15.5433297],[-71.9598919,-15.5448043],[-71.9575003,-15.5465129],[-71.9552941,-15.5484391],[-71.9532945,-15.5505644],[-71.9515207,-15.5528683],[-71.94999,-15.5553285],[-71.9487169,-15.5579214],[-71.9477138,-15.560622],[-71.9469903,-15.5634043],[-71.9465534,-15.5662416],[-71.9464073,-15.5691064],[-71.9465534,-15.5719713],[-71.9469903,-15.5748085],[-71.9477138,-15.5775909],[-71.9487169,-15.5802915],[-71.94999,-15.5828844],[-71.9515207,-15.5853446],[-71.9532945,-15.5876484],[-71.9552941,-15.5897737],[-71.9575003,-15.5916999],[-71.9598919,-15.5934086],[-71.9624458,-15.5948832],[-71.9651375,-15.5961095],[-71.967941,-15.5970758],[-71.9708293,-15.5977728],[-71.9737746,-15.5981936],[-71.9767486,-15.5983344],[-71.9797225,-15.5981936],[-71.9826679,-15.5977728],[-71.9855562,-15.5970758],[-71.9883597,-15.5961095],[-71.9910513,-15.5948832],[-71.9936053,-15.5934086],[-71.9959969,-15.5916999],[-71.9982031,-15.5897737],[-72.0002027,-15.5876484],[-72.0019764,-15.5853446],[-72.0035072,-15.5828844],[-72.0047802,-15.5802915],[-72.0057833,-15.5775909],[-72.0065068,-15.5748085],[-72.0069437,-15.5719713],[-72.0070898,-15.5691064],[-72.0069437,-15.5662416],[-72.0065068,-15.5634043],[-72.0057833,-15.560622],[-72.0047802,-15.5579214],[-72.0035072,-15.5553285],[-72.0019764,-15.5528683],[-72.0002027,-15.5505644],[-71.9982031,-15.5484391],[-71.9959969,-15.5465129],[-71.9936053,-15.5448043],[-71.9910513,-15.5433297],[-71.9883597,-15.5421033],[-71.9855562,-15.541137],[-71.9826679,-15.5404401],[-71.9797225,-15.5400192],[-71.9767486,-15.5398785]]]},"properties":{"name":"Cerro Apacheta","local_name":"Cerro Apacheta","english_name":"Cerro Apacheta","search_name":"Cerro Apacheta Cerro Apacheta Cerro Apacheta Cerro Apacheta Cerro Apacheta Cerro Apacheta","peak_elev":4014,"radius_m":3250,"layer":"平均突起响应半径","rank_pct":0.7947,"center_lon":-71.97674857208517,"center_lat":-15.569106430953282,"max_mean_jut":359.6548,"max_ats":140.9522,"r_jmean_peak":3250,"r_ats_peak":3500,"r_ats_marginal":687.5,"ats_marginal_rate_max":0.081656,"ats_marginal_interval_start":625,"ats_marginal_interval_end":750,"ats_marginal_ats_mean":45.4188}},{"type":"Feature","geometry":{"type":"Polygon","coordinates":[[[-74.8336607,-11.5214447],[-74.8307366,-11.5215855],[-74.8278407,-11.5220063],[-74.8250009,-11.5227033],[-74.8222444,-11.5236696],[-74.8195979,-11.5248959],[-74.8170868,-11.5263705],[-74.8147354,-11.5280792],[-74.8125662,-11.5300054],[-74.8106001,-11.5321307],[-74.8088562,-11.5344345],[-74.8073511,-11.5368947],[-74.8060994,-11.5394876],[-74.8051131,-11.5421882],[-74.8044018,-11.5449706],[-74.8039722,-11.5478078],[-74.8038286,-11.5506727],[-74.8039722,-11.5535375],[-74.8044018,-11.5563748],[-74.8051131,-11.5591571],[-74.8060994,-11.5618577],[-74.8073511,-11.5644506],[-74.8088562,-11.5669109],[-74.8106001,-11.5692147],[-74.8125662,-11.57134],[-74.8147354,-11.5732662],[-74.8170868,-11.5749748],[-74.8195979,-11.5764494],[-74.8222444,-11.5776758],[-74.8250009,-11.5786421],[-74.8278407,-11.579339],[-74.8307366,-11.5797599],[-74.8336607,-11.5799006],[-74.8365847,-11.5797599],[-74.8394806,-11.579339],[-74.8423205,-11.5786421],[-74.8450769,-11.5776758],[-74.8477234,-11.5764494],[-74.8502345,-11.5749748],[-74.852586,-11.5732662],[-74.8547552,-11.57134],[-74.8567212,-11.5692147],[-74.8584652,-11.5669109],[-74.8599702,-11.5644506],[-74.8612219,-11.5618577],[-74.8622082,-11.5591571],[-74.8629196,-11.5563748],[-74.8633491,-11.5535375],[-74.8634928,-11.5506727],[-74.8633491,-11.5478078],[-74.8629196,-11.5449706],[-74.8622082,-11.5421882],[-74.8612219,-11.5394876],[-74.8599702,-11.5368947],[-74.8584652,-11.5344345],[-74.8567212,-11.5321307],[-74.8547552,-11.5300054],[-74.852586,-11.5280792],[-74.8502345,-11.5263705],[-74.8477234,-11.5248959],[-74.8450769,-11.5236696],[-74.8423205,-11.5227033],[-74.8394806,-11.5220063],[-74.8365847,-11.5215855],[-74.8336607,-11.5214447]]]},"properties":{"name":"Cerro Chaupiloma","local_name":"Cerro Chaupiloma","english_name":"Cerro Chaupiloma","search_name":"Cerro Chaupiloma Cerro Chaupiloma Cerro Chaupiloma Cerro Chaupiloma Cerro Chaupiloma Cerro Chaupiloma","peak_elev":4198,"radius_m":3250,"layer":"平均突起响应半径","rank_pct":0.7947,"center_lon":-74.83366067017047,"center_lat":-11.550672670501426,"max_mean_jut":171.9897,"max_ats":48.7818,"r_jmean_peak":3250,"r_ats_peak":1125,"r_ats_marginal":437.5,"ats_marginal_rate_max":0.059842,"ats_marginal_interval_start":375,"ats_marginal_interval_end":500,"ats_marginal_ats_mean":22.5609}},{"type":"Feature","geometry":{"type":"Polygon","coordinates":[[[-77.2852529,-8.1899527],[-77.2823583,-8.1900934],[-77.2794916,-8.1905143],[-77.2766804,-8.1912112],[-77.2739518,-8.1921775],[-77.271332,-8.1934039],[-77.2688462,-8.1948785],[-77.2665185,-8.1965871],[-77.2643711,-8.1985133],[-77.2624249,-8.2006386],[-77.2606985,-8.2029424],[-77.2592086,-8.2054026],[-77.2579696,-8.2079956],[-77.2569932,-8.2106962],[-77.2562891,-8.2134785],[-77.2558638,-8.2163158],[-77.2557216,-8.2191806],[-77.2558638,-8.2220454],[-77.2562891,-8.2248827],[-77.2569932,-8.227665],[-77.2579696,-8.2303657],[-77.2592086,-8.2329586],[-77.2606985,-8.2354188],[-77.2624249,-8.2377226],[-77.2643711,-8.2398479],[-77.2665185,-8.2417741],[-77.2688462,-8.2434828],[-77.271332,-8.2449574],[-77.2739518,-8.2461837],[-77.2766804,-8.24715],[-77.2794916,-8.247847],[-77.2823583,-8.2482678],[-77.2852529,-8.2484086],[-77.2881475,-8.2482678],[-77.2910142,-8.247847],[-77.2938254,-8.24715],[-77.296554,-8.2461837],[-77.2991739,-8.2449574],[-77.3016596,-8.2434828],[-77.3039874,-8.2417741],[-77.3061347,-8.2398479],[-77.3080809,-8.2377226],[-77.3098073,-8.2354188],[-77.3112972,-8.2329586],[-77.3125363,-8.2303657],[-77.3135126,-8.227665],[-77.3142168,-8.2248827],[-77.314642,-8.2220454],[-77.3147842,-8.2191806],[-77.314642,-8.2163158],[-77.3142168,-8.2134785],[-77.3135126,-8.2106962],[-77.3125363,-8.2079956],[-77.3112972,-8.2054026],[-77.3098073,-8.2029424],[-77.3080809,-8.2006386],[-77.3061347,-8.1985133],[-77.3039874,-8.1965871],[-77.3016596,-8.1948785],[-77.2991739,-8.1934039],[-77.296554,-8.1921775],[-77.2938254,-8.1912112],[-77.2910142,-8.1905143],[-77.2881475,-8.1900934],[-77.2852529,-8.1899527]]]},"properties":{"name":"Cerro Corral Falso","local_name":"Cerro Corral Falso","english_name":"Cerro Corral Falso","search_name":"Cerro Corral Falso Cerro Corral Falso Cerro Corral Falso Cerro Corral Falso Cerro Corral Falso Cerro Corral Falso","peak_elev":4149,"radius_m":3250,"layer":"平均突起响应半径","rank_pct":0.7947,"center_lon":-77.28525291206107,"center_lat":-8.219180607815769,"max_mean_jut":260.0078,"max_ats":111.4304,"r_jmean_peak":3250,"r_ats_peak":3500,"r_ats_marginal":687.5,"ats_marginal_rate_max":0.080811,"ats_marginal_interval_start":625,"ats_marginal_interval_end":750,"ats_marginal_ats_mean":28.2192}},{"type":"Feature","geometry":{"type":"Polygon","coordinates":[[[-73.0439471,-49.2426018],[-73.0395564,-49.2427426],[-73.0352079,-49.2431634],[-73.0309436,-49.2438604],[-73.0268045,-49.2448267],[-73.0228305,-49.246053],[-73.0190599,-49.2475276],[-73.015529,-49.2492363],[-73.0122717,-49.2511625],[-73.0093195,-49.2532877],[-73.0067008,-49.2555916],[-73.0044408,-49.2580518],[-73.0025612,-49.2606447],[-73.0010802,-49.2633453],[-73.0000121,-49.2661277],[-72.9993671,-49.2689649],[-72.9991513,-49.2718298],[-72.9993671,-49.2746946],[-73.0000121,-49.2775319],[-73.0010802,-49.2803142],[-73.0025612,-49.2830148],[-73.0044408,-49.2856077],[-73.0067008,-49.2880679],[-73.0093195,-49.2903718],[-73.0122717,-49.292497],[-73.015529,-49.2944233],[-73.0190599,-49.2961319],[-73.0228305,-49.2976065],[-73.0268045,-49.2988329],[-73.0309436,-49.2997992],[-73.0352079,-49.3004961],[-73.0395564,-49.300917],[-73.0439471,-49.3010577],[-73.0483379,-49.300917],[-73.0526864,-49.3004961],[-73.0569507,-49.2997992],[-73.0610897,-49.2988329],[-73.0650637,-49.2976065],[-73.0688343,-49.2961319],[-73.0723653,-49.2944233],[-73.0756225,-49.292497],[-73.0785747,-49.2903718],[-73.0811935,-49.2880679],[-73.0834535,-49.2856077],[-73.085333,-49.2830148],[-73.086814,-49.2803142],[-73.0878822,-49.2775319],[-73.0885272,-49.2746946],[-73.0887429,-49.2718298],[-73.0885272,-49.2689649],[-73.0878822,-49.2661277],[-73.086814,-49.2633453],[-73.085333,-49.2606447],[-73.0834535,-49.2580518],[-73.0811935,-49.2555916],[-73.0785747,-49.2532877],[-73.0756225,-49.2511625],[-73.0723653,-49.2492363],[-73.0688343,-49.2475276],[-73.0650637,-49.246053],[-73.0610897,-49.2448267],[-73.0569507,-49.2438604],[-73.0526864,-49.2431634],[-73.0483379,-49.2427426],[-73.0439471,-49.2426018]]]},"properties":{"name":"Cerro Fitzroy","local_name":"Cerro Fitzroy","english_name":"Cerro Fitzroy","search_name":"Cerro Fitzroy Cerro Fitzroy Cerro Fitzroy Cerro Fitzroy Cerro Fitzroy Cerro Fitzroy","peak_elev":2544,"radius_m":3250,"layer":"平均突起响应半径","rank_pct":0.7947,"center_lon":-73.04394712961916,"center_lat":-49.271829765964256,"max_mean_jut":367.6414,"max_ats":201.8926,"r_jmean_peak":3250,"r_ats_peak":3750,"r_ats_marginal":1312.5,"ats_marginal_rate_max":0.127634,"ats_marginal_interval_start":1250,"ats_marginal_interval_end":1375,"ats_marginal_ats_mean":71.6301}},{"type":"Feature","geometry":{"type":"Polygon","coordinates":[[[-72.9197101,-15.4361231],[-72.9167377,-15.4362638],[-72.9137938,-15.4366847],[-72.910907,-15.4373816],[-72.9081049,-15.4383479],[-72.9054145,-15.4395743],[-72.9028619,-15.4410489],[-72.9004715,-15.4427575],[-72.8982664,-15.4446837],[-72.8962678,-15.446809],[-72.894495,-15.4491128],[-72.892965,-15.4515731],[-72.8916926,-15.454166],[-72.89069,-15.4568666],[-72.8899668,-15.4596489],[-72.8895302,-15.4624862],[-72.8893841,-15.465351],[-72.8895302,-15.4682159],[-72.8899668,-15.4710531],[-72.89069,-15.4738354],[-72.8916926,-15.4765361],[-72.892965,-15.479129],[-72.894495,-15.4815892],[-72.8962678,-15.483893],[-72.8982664,-15.4860183],[-72.9004715,-15.4879445],[-72.9028619,-15.4896532],[-72.9054145,-15.4911278],[-72.9081049,-15.4923541],[-72.910907,-15.4933204],[-72.9137938,-15.4940174],[-72.9167377,-15.4944382],[-72.9197101,-15.494579],[-72.9226826,-15.4944382],[-72.9256264,-15.4940174],[-72.9285133,-15.4933204],[-72.9313154,-15.4923541],[-72.9340057,-15.4911278],[-72.9365583,-15.4896532],[-72.9389487,-15.4879445],[-72.9411538,-15.4860183],[-72.9431524,-15.483893],[-72.9449253,-15.4815892],[-72.9464553,-15.479129],[-72.9477277,-15.4765361],[-72.9487303,-15.4738354],[-72.9494534,-15.4710531],[-72.9498901,-15.4682159],[-72.9500361,-15.465351],[-72.9498901,-15.4624862],[-72.9494534,-15.4596489],[-72.9487303,-15.4568666],[-72.9477277,-15.454166],[-72.9464553,-15.4515731],[-72.9449253,-15.4491128],[-72.9431524,-15.446809],[-72.9411538,-15.4446837],[-72.9389487,-15.4427575],[-72.9365583,-15.4410489],[-72.9340057,-15.4395743],[-72.9313154,-15.4383479],[-72.9285133,-15.4373816],[-72.9256264,-15.4366847],[-72.9226826,-15.4362638],[-72.9197101,-15.4361231]]]},"properties":{"name":"Cerro Inca","local_name":"Cerro Inca","english_name":"Cerro Inca","search_name":"Cerro Inca Cerro Inca Cerro Inca Cerro Inca Cerro Inca Cerro Inca","peak_elev":4556,"radius_m":3250,"layer":"平均突起响应半径","rank_pct":0.7947,"center_lon":-72.91971012582543,"center_lat":-15.465351015637475,"max_mean_jut":291.1454,"max_ats":105.9842,"r_jmean_peak":3250,"r_ats_peak":2500,"r_ats_marginal":687.5,"ats_marginal_rate_max":0.084207,"ats_marginal_interval_start":625,"ats_marginal_interval_end":750,"ats_marginal_ats_mean":49.4055}},{"type":"Feature","geometry":{"type":"Polygon","coordinates":[[[-78.3354733,-6.3988916],[-78.3325903,-6.3990324],[-78.3297351,-6.3994532],[-78.3269352,-6.4001502],[-78.3242175,-6.4011165],[-78.3216082,-6.4023428],[-78.3191324,-6.4038174],[-78.316814,-6.4055261],[-78.3146753,-6.4074523],[-78.3127369,-6.4095776],[-78.3110174,-6.4118814],[-78.3095335,-6.4143416],[-78.3082994,-6.4169345],[-78.307327,-6.4196352],[-78.3066256,-6.4224175],[-78.3062021,-6.4252548],[-78.3060604,-6.4281196],[-78.3062021,-6.4309844],[-78.3066256,-6.4338217],[-78.307327,-6.436604],[-78.3082994,-6.4393046],[-78.3095335,-6.4418976],[-78.3110174,-6.4443578],[-78.3127369,-6.4466616],[-78.3146753,-6.4487869],[-78.316814,-6.4507131],[-78.3191324,-6.4524217],[-78.3216082,-6.4538963],[-78.3242175,-6.4551227],[-78.3269352,-6.456089],[-78.3297351,-6.4567859],[-78.3325903,-6.4572068],[-78.3354733,-6.4573475],[-78.3383563,-6.4572068],[-78.3412115,-6.4567859],[-78.3440114,-6.456089],[-78.3467291,-6.4551227],[-78.3493384,-6.4538963],[-78.3518142,-6.4524217],[-78.3541326,-6.4507131],[-78.3562713,-6.4487869],[-78.3582098,-6.4466616],[-78.3599292,-6.4443578],[-78.3614131,-6.4418976],[-78.3626473,-6.4393046],[-78.3636197,-6.436604],[-78.364321,-6.4338217],[-78.3647445,-6.4309844],[-78.3648862,-6.4281196],[-78.3647445,-6.4252548],[-78.364321,-6.4224175],[-78.3636197,-6.4196352],[-78.3626473,-6.4169345],[-78.3614131,-6.4143416],[-78.3599292,-6.4118814],[-78.3582098,-6.4095776],[-78.3562713,-6.4074523],[-78.3541326,-6.4055261],[-78.3518142,-6.4038174],[-78.3493384,-6.4023428],[-78.3467291,-6.4011165],[-78.3440114,-6.4001502],[-78.3412115,-6.3994532],[-78.3383563,-6.3990324],[-78.3354733,-6.3988916]]]},"properties":{"name":"Cerro La Fila","local_name":"Cerro La Fila","english_name":"Cerro La Fila","search_name":"Cerro La Fila Cerro La Fila Cerro La Fila Cerro La Fila Cerro La Fila Cerro La Fila","peak_elev":2943,"radius_m":3250,"layer":"平均突起响应半径","rank_pct":0.7947,"center_lon":-78.33547331072519,"center_lat":-6.428119594338266,"max_mean_jut":292.5287,"max_ats":112.1273,"r_jmean_peak":3250,"r_ats_peak":3000,"r_ats_marginal":187.5,"ats_marginal_rate_max":0.117503,"ats_marginal_interval_start":125,"ats_marginal_interval_end":250,"ats_marginal_ats_mean":12.5897}},{"type":"Feature","geometry":{"type":"Polygon","coordinates":[[[-73.2212746,-13.5555898],[-73.2183273,-13.5557306],[-73.2154084,-13.5561515],[-73.2125459,-13.5568484],[-73.2097676,-13.5578147],[-73.2071,-13.559041],[-73.204569,-13.5605156],[-73.2021989,-13.5622243],[-73.2000124,-13.5641505],[-73.1980308,-13.5662758],[-73.1962729,-13.5685796],[-73.1947559,-13.5710398],[-73.1934943,-13.5736327],[-73.1925001,-13.5763334],[-73.1917831,-13.5791157],[-73.1913502,-13.581953],[-73.1912054,-13.5848178],[-73.1913502,-13.5876826],[-73.1917831,-13.5905199],[-73.1925001,-13.5933022],[-73.1934943,-13.5960029],[-73.1947559,-13.5985958],[-73.1962729,-13.601056],[-73.1980308,-13.6033598],[-73.2000124,-13.6054851],[-73.2021989,-13.6074113],[-73.204569,-13.60912],[-73.2071,-13.6105946],[-73.2097676,-13.6118209],[-73.2125459,-13.6127872],[-73.2154084,-13.6134841],[-73.2183273,-13.613905],[-73.2212746,-13.6140458],[-73.2242219,-13.613905],[-73.2271408,-13.6134841],[-73.2300032,-13.6127872],[-73.2327815,-13.6118209],[-73.2354491,-13.6105946],[-73.2379801,-13.60912],[-73.2403503,-13.6074113],[-73.2425367,-13.6054851],[-73.2445184,-13.6033598],[-73.2462762,-13.601056],[-73.2477932,-13.5985958],[-73.2490549,-13.5960029],[-73.250049,-13.5933022],[-73.250766,-13.5905199],[-73.251199,-13.5876826],[-73.2513438,-13.5848178],[-73.251199,-13.581953],[-73.250766,-13.5791157],[-73.250049,-13.5763334],[-73.2490549,-13.5736327],[-73.2477932,-13.5710398],[-73.2462762,-13.5685796],[-73.2445184,-13.5662758],[-73.2425367,-13.5641505],[-73.2403503,-13.5622243],[-73.2379801,-13.5605156],[-73.2354491,-13.559041],[-73.2327815,-13.5578147],[-73.2300032,-13.5568484],[-73.2271408,-13.5561515],[-73.2242219,-13.5557306],[-73.2212746,-13.5555898]]]},"properties":{"name":"Cerro Landa","local_name":"Cerro Landa","english_name":"Cerro Landa","search_name":"Cerro Landa Cerro Landa Cerro Landa Cerro Landa Cerro Landa Cerro Landa","peak_elev":3572,"radius_m":3250,"layer":"平均突起响应半径","rank_pct":0.7947,"center_lon":-73.22127456670435,"center_lat":-13.584817799861671,"max_mean_jut":415.0871,"max_ats":204.8425,"r_jmean_peak":3250,"r_ats_peak":3500,"r_ats_marginal":437.5,"ats_marginal_rate_max":0.146511,"ats_marginal_interval_start":375,"ats_marginal_interval_end":500,"ats_marginal_ats_mean":45.2487}},{"type":"Feature","geometry":{"type":"Polygon","coordinates":[[[-79.0819733,-6.4468617],[-79.0790901,-6.4470024],[-79.0762346,-6.4474233],[-79.0734344,-6.4481202],[-79.0707164,-6.4490865],[-79.0681069,-6.4503129],[-79.0656309,-6.4517875],[-79.0633122,-6.4534961],[-79.0611733,-6.4554223],[-79.0592347,-6.4575476],[-79.0575151,-6.4598515],[-79.056031,-6.4623117],[-79.0547968,-6.4649046],[-79.0538243,-6.4676052],[-79.0531229,-6.4703875],[-79.0526993,-6.4732248],[-79.0525577,-6.4760896],[-79.0526993,-6.4789545],[-79.0531229,-6.4817917],[-79.0538243,-6.4845741],[-79.0547968,-6.4872747],[-79.056031,-6.4898676],[-79.0575151,-6.4923278],[-79.0592347,-6.4946316],[-79.0611733,-6.4967569],[-79.0633122,-6.4986831],[-79.0656309,-6.5003918],[-79.0681069,-6.5018664],[-79.0707164,-6.5030927],[-79.0734344,-6.504059],[-79.0762346,-6.504756],[-79.0790901,-6.5051768],[-79.0819733,-6.5053176],[-79.0848566,-6.5051768],[-79.087712,-6.504756],[-79.0905122,-6.504059],[-79.0932302,-6.5030927],[-79.0958398,-6.5018664],[-79.0983158,-6.5003918],[-79.1006344,-6.4986831],[-79.1027733,-6.4967569],[-79.1047119,-6.4946316],[-79.1064315,-6.4923278],[-79.1079156,-6.4898676],[-79.1091498,-6.4872747],[-79.1101223,-6.4845741],[-79.1108238,-6.4817917],[-79.1112473,-6.4789545],[-79.111389,-6.4760896],[-79.1112473,-6.4732248],[-79.1108238,-6.4703875],[-79.1101223,-6.4676052],[-79.1091498,-6.4649046],[-79.1079156,-6.4623117],[-79.1064315,-6.4598515],[-79.1047119,-6.4575476],[-79.1027733,-6.4554223],[-79.1006344,-6.4534961],[-79.0983158,-6.4517875],[-79.0958398,-6.4503129],[-79.0932302,-6.4490865],[-79.0905122,-6.4481202],[-79.087712,-6.4474233],[-79.0848566,-6.4470024],[-79.0819733,-6.4468617]]]},"properties":{"name":"Cerro Lauque","local_name":"Cerro Lauque","english_name":"Cerro Lauque","search_name":"Cerro Lauque Cerro Lauque Cerro Lauque Cerro Lauque Cerro Lauque Cerro Lauque","peak_elev":3440,"radius_m":3250,"layer":"平均突起响应半径","rank_pct":0.7947,"center_lon":-79.08197331182852,"center_lat":-6.476089630510249,"max_mean_jut":256.7135,"max_ats":100.5192,"r_jmean_peak":3250,"r_ats_peak":3500,"r_ats_marginal":437.5,"ats_marginal_rate_max":0.090581,"ats_marginal_interval_start":375,"ats_marginal_interval_end":500,"ats_marginal_ats_mean":21.1707}},{"type":"Feature","geometry":{"type":"Polygon","coordinates":[[[-77.7630668,-7.77547],[-77.7601752,-7.7756107],[-77.7573114,-7.7760316],[-77.7545031,-7.7767285],[-77.7517772,-7.7776948],[-77.74916,-7.7789212],[-77.7466768,-7.7803958],[-77.7443514,-7.7821044],[-77.7422063,-7.7840307],[-77.7402621,-7.7861559],[-77.7385374,-7.7884598],[-77.737049,-7.79092],[-77.7358112,-7.7935129],[-77.7348359,-7.7962135],[-77.7341324,-7.7989958],[-77.7337076,-7.8018331],[-77.7335656,-7.8046979],[-77.7337076,-7.8075628],[-77.7341324,-7.8104],[-77.7348359,-7.8131824],[-77.7358112,-7.815883],[-77.737049,-7.8184759],[-77.7385374,-7.8209361],[-77.7402621,-7.82324],[-77.7422063,-7.8253652],[-77.7443514,-7.8272914],[-77.7466768,-7.8290001],[-77.74916,-7.8304747],[-77.7517772,-7.831701],[-77.7545031,-7.8326673],[-77.7573114,-7.8333643],[-77.7601752,-7.8337851],[-77.7630668,-7.8339259],[-77.7659584,-7.8337851],[-77.7688222,-7.8333643],[-77.7716306,-7.8326673],[-77.7743564,-7.831701],[-77.7769736,-7.8304747],[-77.7794568,-7.8290001],[-77.7817822,-7.8272914],[-77.7839273,-7.8253652],[-77.7858716,-7.82324],[-77.7875962,-7.8209361],[-77.7890846,-7.8184759],[-77.7903224,-7.815883],[-77.7912977,-7.8131824],[-77.7920012,-7.8104],[-77.792426,-7.8075628],[-77.792568,-7.8046979],[-77.792426,-7.8018331],[-77.7920012,-7.7989958],[-77.7912977,-7.7962135],[-77.7903224,-7.7935129],[-77.7890846,-7.79092],[-77.7875962,-7.7884598],[-77.7858716,-7.7861559],[-77.7839273,-7.7840307],[-77.7817822,-7.7821044],[-77.7794568,-7.7803958],[-77.7769736,-7.7789212],[-77.7743564,-7.7776948],[-77.7716306,-7.7767285],[-77.7688222,-7.7760316],[-77.7659584,-7.7756107],[-77.7630668,-7.77547]]]},"properties":{"name":"Cerro Marco","local_name":"Cerro Marco","english_name":"Cerro Marco","search_name":"Cerro Marco Cerro Marco Cerro Marco Cerro Marco Cerro Marco Cerro Marco","peak_elev":4147,"radius_m":3250,"layer":"平均突起响应半径","rank_pct":0.7947,"center_lon":-77.76306681168424,"center_lat":-7.804697935723022,"max_mean_jut":220.5944,"max_ats":78.1469,"r_jmean_peak":3250,"r_ats_peak":2750,"r_ats_marginal":187.5,"ats_marginal_rate_max":0.09453,"ats_marginal_interval_start":125,"ats_marginal_interval_end":250,"ats_marginal_ats_mean":10.3177}},{"type":"Feature","geometry":{"type":"Polygon","coordinates":[[[-73.0399047,-49.7090969],[-73.0354719,-49.7092377],[-73.0310818,-49.7096585],[-73.0267766,-49.7103555],[-73.0225979,-49.7113218],[-73.0185858,-49.7125481],[-73.0147791,-49.7140227],[-73.0112143,-49.7157314],[-73.0079258,-49.7176576],[-73.0049454,-49.7197829],[-73.0023015,-49.7220867],[-73.0000199,-49.7245469],[-72.9981223,-49.7271398],[-72.9966271,-49.7298405],[-72.9955488,-49.7326228],[-72.9948975,-49.7354601],[-72.9946798,-49.7383249],[-72.9948975,-49.7411897],[-72.9955488,-49.744027],[-72.9966271,-49.7468093],[-72.9981223,-49.7495099],[-73.0000199,-49.7521029],[-73.0023015,-49.7545631],[-73.0049454,-49.7568669],[-73.0079258,-49.7589922],[-73.0112143,-49.7609184],[-73.0147791,-49.762627],[-73.0185858,-49.7641016],[-73.0225979,-49.765328],[-73.0267766,-49.7662943],[-73.0310818,-49.7669912],[-73.0354719,-49.7674121],[-73.0399047,-49.7675528],[-73.0443375,-49.7674121],[-73.0487277,-49.7669912],[-73.0530328,-49.7662943],[-73.0572115,-49.765328],[-73.0612236,-49.7641016],[-73.0650303,-49.762627],[-73.0685951,-49.7609184],[-73.0718836,-49.7589922],[-73.0748641,-49.7568669],[-73.0775079,-49.7545631],[-73.0797895,-49.7521029],[-73.0816871,-49.7495099],[-73.0831823,-49.7468093],[-73.0842607,-49.744027],[-73.0849119,-49.7411897],[-73.0851297,-49.7383249],[-73.0849119,-49.7354601],[-73.0842607,-49.7326228],[-73.0831823,-49.7298405],[-73.0816871,-49.7271398],[-73.0797895,-49.7245469],[-73.0775079,-49.7220867],[-73.0748641,-49.7197829],[-73.0718836,-49.7176576],[-73.0685951,-49.7157314],[-73.0650303,-49.7140227],[-73.0612236,-49.7125481],[-73.0572115,-49.7113218],[-73.0530328,-49.7103555],[-73.0487277,-49.7096585],[-73.0443375,-49.7092377],[-73.0399047,-49.7090969]]]},"properties":{"name":"Cerro Norte","local_name":"Cerro Norte","english_name":"Cerro Norte","search_name":"Cerro Norte Cerro Norte Cerro Norte Cerro Norte Cerro Norte Cerro Norte","peak_elev":2345,"radius_m":3250,"layer":"平均突起响应半径","rank_pct":0.7947,"center_lon":-73.03990471084062,"center_lat":-49.73832489300752,"max_mean_jut":483.5781,"max_ats":260.0825,"r_jmean_peak":3250,"r_ats_peak":1750,"r_ats_marginal":562.5,"ats_marginal_rate_max":0.33806,"ats_marginal_interval_start":500,"ats_marginal_interval_end":625,"ats_marginal_ats_mean":133.4376}},{"type":"Feature","geometry":{"type":"Polygon","coordinates":[[[-73.0808679,-15.5296377],[-73.0778941,-15.5297784],[-73.0749489,-15.5301993],[-73.0720607,-15.5308962],[-73.0692574,-15.5318625],[-73.0665658,-15.5330889],[-73.064012,-15.5345635],[-73.0616206,-15.5362721],[-73.0594145,-15.5381984],[-73.057415,-15.5403236],[-73.0556413,-15.5426275],[-73.0541106,-15.5450877],[-73.0528376,-15.5476806],[-73.0518346,-15.5503812],[-73.0511111,-15.5531635],[-73.0506742,-15.5560008],[-73.0505281,-15.5588656],[-73.0506742,-15.5617305],[-73.0511111,-15.5645677],[-73.0518346,-15.5673501],[-73.0528376,-15.5700507],[-73.0541106,-15.5726436],[-73.0556413,-15.5751038],[-73.057415,-15.5774077],[-73.0594145,-15.5795329],[-73.0616206,-15.5814591],[-73.064012,-15.5831678],[-73.0665658,-15.5846424],[-73.0692574,-15.5858687],[-73.0720607,-15.586835],[-73.0749489,-15.587532],[-73.0778941,-15.5879528],[-73.0808679,-15.5880936],[-73.0838417,-15.5879528],[-73.0867869,-15.587532],[-73.089675,-15.586835],[-73.0924784,-15.5858687],[-73.0951699,-15.5846424],[-73.0977237,-15.5831678],[-73.1001152,-15.5814591],[-73.1023213,-15.5795329],[-73.1043208,-15.5774077],[-73.1060945,-15.5751038],[-73.1076251,-15.5726436],[-73.1088982,-15.5700507],[-73.1099012,-15.5673501],[-73.1106247,-15.5645677],[-73.1110615,-15.5617305],[-73.1112076,-15.5588656],[-73.1110615,-15.5560008],[-73.1106247,-15.5531635],[-73.1099012,-15.5503812],[-73.1088982,-15.5476806],[-73.1076251,-15.5450877],[-73.1060945,-15.5426275],[-73.1043208,-15.5403236],[-73.1023213,-15.5381984],[-73.1001152,-15.5362721],[-73.0977237,-15.5345635],[-73.0951699,-15.5330889],[-73.0924784,-15.5318625],[-73.089675,-15.5308962],[-73.0867869,-15.5301993],[-73.0838417,-15.5297784],[-73.0808679,-15.5296377]]]},"properties":{"name":"Cerro Pagramocco","local_name":"Cerro Pagramocco","english_name":"Cerro Pagramocco","search_name":"Cerro Pagramocco Cerro Pagramocco Cerro Pagramocco Cerro Pagramocco Cerro Pagramocco Cerro Pagramocco","peak_elev":2449,"radius_m":3250,"layer":"平均突起响应半径","rank_pct":0.7947,"center_lon":-73.08086788779647,"center_lat":-15.55886563671432,"max_mean_jut":339.5054,"max_ats":182.2791,"r_jmean_peak":3250,"r_ats_peak":3750,"r_ats_marginal":1812.5,"ats_marginal_rate_max":0.084113,"ats_marginal_interval_start":1750,"ats_marginal_interval_end":1875,"ats_marginal_ats_mean":100.6013}},{"type":"Feature","geometry":{"type":"Polygon","coordinates":[[[-75.7865935,-12.2232086],[-75.7836619,-12.2233494],[-75.7807585,-12.2237702],[-75.7779113,-12.2244672],[-75.7751478,-12.2254335],[-75.7724944,-12.2266598],[-75.7699769,-12.2281344],[-75.7676193,-12.2298431],[-75.7654445,-12.2317693],[-75.7634734,-12.2338946],[-75.7617249,-12.2361984],[-75.7602159,-12.2386586],[-75.758961,-12.2412515],[-75.7579722,-12.2439521],[-75.757259,-12.2467345],[-75.7568283,-12.2495717],[-75.7566843,-12.2524366],[-75.7568283,-12.2553014],[-75.757259,-12.2581387],[-75.7579722,-12.260921],[-75.758961,-12.2636216],[-75.7602159,-12.2662145],[-75.7617249,-12.2686748],[-75.7634734,-12.2709786],[-75.7654445,-12.2731039],[-75.7676193,-12.2750301],[-75.7699769,-12.2767387],[-75.7724944,-12.2782133],[-75.7751478,-12.2794397],[-75.7779113,-12.280406],[-75.7807585,-12.2811029],[-75.7836619,-12.2815238],[-75.7865935,-12.2816645],[-75.7895251,-12.2815238],[-75.7924285,-12.2811029],[-75.7952757,-12.280406],[-75.7980393,-12.2794397],[-75.8006926,-12.2782133],[-75.8032102,-12.2767387],[-75.8055677,-12.2750301],[-75.8077425,-12.2731039],[-75.8097137,-12.2709786],[-75.8114621,-12.2686748],[-75.8129711,-12.2662145],[-75.814226,-12.2636216],[-75.8152149,-12.260921],[-75.815928,-12.2581387],[-75.8163587,-12.2553014],[-75.8165027,-12.2524366],[-75.8163587,-12.2495717],[-75.815928,-12.2467345],[-75.8152149,-12.2439521],[-75.814226,-12.2412515],[-75.8129711,-12.2386586],[-75.8114621,-12.2361984],[-75.8097137,-12.2338946],[-75.8077425,-12.2317693],[-75.8055677,-12.2298431],[-75.8032102,-12.2281344],[-75.8006926,-12.2266598],[-75.7980393,-12.2254335],[-75.7952757,-12.2244672],[-75.7924285,-12.2237702],[-75.7895251,-12.2233494],[-75.7865935,-12.2232086]]]},"properties":{"name":"Cerro Pucapuca [-75.78646,-12.25252]","local_name":"Cerro Pucapuca","english_name":"Cerro Pucapuca","search_name":"Cerro Pucapuca Cerro Pucapuca Cerro Pucapuca Cerro Pucapuca Cerro Pucapuca Cerro Pucapuca [-75.78646,-12.25252]","peak_elev":4823,"radius_m":3250,"layer":"平均突起响应半径","rank_pct":0.7947,"center_lon":-75.78659352356446,"center_lat":-12.252436570455597,"max_mean_jut":280.0159,"max_ats":125.238,"r_jmean_peak":3250,"r_ats_peak":3500,"r_ats_marginal":437.5,"ats_marginal_rate_max":0.126758,"ats_marginal_interval_start":375,"ats_marginal_interval_end":500,"ats_marginal_ats_mean":42.8215}},{"type":"Feature","geometry":{"type":"Polygon","coordinates":[[[-76.8893654,-9.0410166],[-76.8864642,-9.0411573],[-76.8835911,-9.0415782],[-76.8807735,-9.0422751],[-76.8780387,-9.0432414],[-76.8754129,-9.0444678],[-76.8729216,-9.0459424],[-76.8705886,-9.047651],[-76.8684364,-9.0495772],[-76.8664858,-9.0517025],[-76.8647555,-9.0540063],[-76.8632622,-9.0564665],[-76.8620203,-9.0590595],[-76.8610418,-9.0617601],[-76.860336,-9.0645424],[-76.8599098,-9.0673797],[-76.8597673,-9.0702445],[-76.8599098,-9.0731093],[-76.860336,-9.0759466],[-76.8610418,-9.0787289],[-76.8620203,-9.0814296],[-76.8632622,-9.0840225],[-76.8647555,-9.0864827],[-76.8664858,-9.0887865],[-76.8684364,-9.0909118],[-76.8705886,-9.092838],[-76.8729216,-9.0945467],[-76.8754129,-9.0960213],[-76.8780387,-9.0972476],[-76.8807735,-9.0982139],[-76.8835911,-9.0989109],[-76.8864642,-9.0993317],[-76.8893654,-9.0994725],[-76.8922665,-9.0993317],[-76.8951397,-9.0989109],[-76.8979572,-9.0982139],[-76.9006921,-9.0972476],[-76.9033178,-9.0960213],[-76.9058092,-9.0945467],[-76.9081422,-9.092838],[-76.9102943,-9.0909118],[-76.912245,-9.0887865],[-76.9139752,-9.0864827],[-76.9154685,-9.0840225],[-76.9167104,-9.0814296],[-76.9176889,-9.0787289],[-76.9183947,-9.0759466],[-76.9188209,-9.0731093],[-76.9189634,-9.0702445],[-76.9188209,-9.0673797],[-76.9183947,-9.0645424],[-76.9176889,-9.0617601],[-76.9167104,-9.0590595],[-76.9154685,-9.0564665],[-76.9139752,-9.0540063],[-76.912245,-9.0517025],[-76.9102943,-9.0495772],[-76.9081422,-9.047651],[-76.9058092,-9.0459424],[-76.9033178,-9.0444678],[-76.9006921,-9.0432414],[-76.8979572,-9.0422751],[-76.8951397,-9.0415782],[-76.8922665,-9.0411573],[-76.8893654,-9.0410166]]]},"properties":{"name":"Cerro Pushcayoc","local_name":"Cerro Pushcayoc","english_name":"Cerro Pushcayoc","search_name":"Cerro Pushcayoc Cerro Pushcayoc Cerro Pushcayoc Cerro Pushcayoc Cerro Pushcayoc Cerro Pushcayoc","peak_elev":3873,"radius_m":3250,"layer":"平均突起响应半径","rank_pct":0.7947,"center_lon":-76.8893653663496,"center_lat":-9.070244507990605,"max_mean_jut":182.8211,"max_ats":68.8945,"r_jmean_peak":3250,"r_ats_peak":1250,"r_ats_marginal":187.5,"ats_marginal_rate_max":0.129227,"ats_marginal_interval_start":125,"ats_marginal_interval_end":250,"ats_marginal_ats_mean":13.9761}},{"type":"Feature","geometry":{"type":"Polygon","coordinates":[[[-72.4383928,-13.5483135],[-72.4354456,-13.5484542],[-72.4325268,-13.5488751],[-72.4296644,-13.549572],[-72.4268862,-13.5505383],[-72.4242187,-13.5517647],[-72.4216878,-13.5532393],[-72.4193177,-13.5549479],[-72.4171313,-13.5568742],[-72.4151497,-13.5589994],[-72.4133919,-13.5613033],[-72.411875,-13.5637635],[-72.4106133,-13.5663564],[-72.4096193,-13.569057],[-72.4089023,-13.5718394],[-72.4084693,-13.5746766],[-72.4083245,-13.5775414],[-72.4084693,-13.5804063],[-72.4089023,-13.5832435],[-72.4096193,-13.5860259],[-72.4106133,-13.5887265],[-72.411875,-13.5913194],[-72.4133919,-13.5937796],[-72.4151497,-13.5960835],[-72.4171313,-13.5982087],[-72.4193177,-13.600135],[-72.4216878,-13.6018436],[-72.4242187,-13.6033182],[-72.4268862,-13.6045446],[-72.4296644,-13.6055109],[-72.4325268,-13.6062078],[-72.4354456,-13.6066287],[-72.4383928,-13.6067694],[-72.44134,-13.6066287],[-72.4442588,-13.6062078],[-72.4471212,-13.6055109],[-72.4498994,-13.6045446],[-72.4525669,-13.6033182],[-72.4550978,-13.6018436],[-72.4574679,-13.600135],[-72.4596543,-13.5982087],[-72.4616359,-13.5960835],[-72.4633936,-13.5937796],[-72.4649106,-13.5913194],[-72.4661723,-13.5887265],[-72.4671663,-13.5860259],[-72.4678833,-13.5832435],[-72.4683163,-13.5804063],[-72.4684611,-13.5775414],[-72.4683163,-13.5746766],[-72.4678833,-13.5718394],[-72.4671663,-13.569057],[-72.4661723,-13.5663564],[-72.4649106,-13.5637635],[-72.4633936,-13.5613033],[-72.4616359,-13.5589994],[-72.4596543,-13.5568742],[-72.4574679,-13.5549479],[-72.4550978,-13.5532393],[-72.4525669,-13.5517647],[-72.4498994,-13.5505383],[-72.4471212,-13.549572],[-72.4442588,-13.5488751],[-72.44134,-13.5484542],[-72.4383928,-13.5483135]]]},"properties":{"name":"Cerro Tincoc","local_name":"Cerro Tincoc","english_name":"Cerro Tincoc","search_name":"Cerro Tincoc Cerro Tincoc Cerro Tincoc Cerro Tincoc Cerro Tincoc Cerro Tincoc","peak_elev":3553,"radius_m":3250,"layer":"平均突起响应半径","rank_pct":0.7947,"center_lon":-72.43839279659419,"center_lat":-13.577541446060303,"max_mean_jut":308.4468,"max_ats":147.9553,"r_jmean_peak":3250,"r_ats_peak":3250,"r_ats_marginal":1562.5,"ats_marginal_rate_max":0.074518,"ats_marginal_interval_start":1500,"ats_marginal_interval_end":1625,"ats_marginal_ats_mean":57.4045}},{"type":"Feature","geometry":{"type":"Polygon","coordinates":[[[-72.4774695,-13.5353778],[-72.4745225,-13.5355185],[-72.4716038,-13.5359394],[-72.4687416,-13.5366363],[-72.4659635,-13.5376026],[-72.4632962,-13.538829],[-72.4607654,-13.5403036],[-72.4583954,-13.5420122],[-72.4562092,-13.5439384],[-72.4542277,-13.5460637],[-72.45247,-13.5483675],[-72.4509531,-13.5508277],[-72.4496916,-13.5534207],[-72.4486975,-13.5561213],[-72.4479806,-13.5589036],[-72.4475477,-13.5617409],[-72.4474029,-13.5646057],[-72.4475477,-13.5674705],[-72.4479806,-13.5703078],[-72.4486975,-13.5730901],[-72.4496916,-13.5757908],[-72.4509531,-13.5783837],[-72.45247,-13.5808439],[-72.4542277,-13.5831477],[-72.4562092,-13.585273],[-72.4583954,-13.5871992],[-72.4607654,-13.5889079],[-72.4632962,-13.5903825],[-72.4659635,-13.5916088],[-72.4687416,-13.5925751],[-72.4716038,-13.5932721],[-72.4745225,-13.5936929],[-72.4774695,-13.5938337],[-72.4804166,-13.5936929],[-72.4833352,-13.5932721],[-72.4861974,-13.5925751],[-72.4889755,-13.5916088],[-72.4916428,-13.5903825],[-72.4941736,-13.5889079],[-72.4965436,-13.5871992],[-72.4987298,-13.585273],[-72.5007113,-13.5831477],[-72.502469,-13.5808439],[-72.5039859,-13.5783837],[-72.5052475,-13.5757908],[-72.5062415,-13.5730901],[-72.5069584,-13.5703078],[-72.5073914,-13.5674705],[-72.5075361,-13.5646057],[-72.5073914,-13.5617409],[-72.5069584,-13.5589036],[-72.5062415,-13.5561213],[-72.5052475,-13.5534207],[-72.5039859,-13.5508277],[-72.502469,-13.5483675],[-72.5007113,-13.5460637],[-72.4987298,-13.5439384],[-72.4965436,-13.5420122],[-72.4941736,-13.5403036],[-72.4916428,-13.538829],[-72.4889755,-13.5376026],[-72.4861974,-13.5366363],[-72.4833352,-13.5359394],[-72.4804166,-13.5355185],[-72.4774695,-13.5353778]]]},"properties":{"name":"Cerro Umanchunta","local_name":"Cerro Umanchunta","english_name":"Cerro Umanchunta","search_name":"Cerro Umanchunta Cerro Umanchunta Cerro Umanchunta Cerro Umanchunta Cerro Umanchunta Cerro Umanchunta","peak_elev":3721,"radius_m":3250,"layer":"平均突起响应半径","rank_pct":0.7947,"center_lon":-72.47746951145339,"center_lat":-13.56460570596898,"max_mean_jut":327.8316,"max_ats":145.5747,"r_jmean_peak":3250,"r_ats_peak":3500,"r_ats_marginal":937.5,"ats_marginal_rate_max":0.082662,"ats_marginal_interval_start":875,"ats_marginal_interval_end":1000,"ats_marginal_ats_mean":45.2256}},{"type":"Feature","geometry":{"type":"Polygon","coordinates":[[[-78.3338563,-6.3517301],[-78.3309736,-6.3518708],[-78.3281187,-6.3522917],[-78.325319,-6.3529886],[-78.3226016,-6.3539549],[-78.3199925,-6.3551813],[-78.3175169,-6.3566559],[-78.3151987,-6.3583645],[-78.3130602,-6.3602908],[-78.311122,-6.362416],[-78.3094027,-6.3647199],[-78.3079189,-6.3671801],[-78.3066849,-6.369773],[-78.3057126,-6.3724736],[-78.3050113,-6.375256],[-78.3045878,-6.3780932],[-78.3044462,-6.380958],[-78.3045878,-6.3838229],[-78.3050113,-6.3866601],[-78.3057126,-6.3894425],[-78.3066849,-6.3921431],[-78.3079189,-6.394736],[-78.3094027,-6.3971962],[-78.311122,-6.3995001],[-78.3130602,-6.4016253],[-78.3151987,-6.4035516],[-78.3175169,-6.4052602],[-78.3199925,-6.4067348],[-78.3226016,-6.4079611],[-78.325319,-6.4089274],[-78.3281187,-6.4096244],[-78.3309736,-6.4100453],[-78.3338563,-6.410186],[-78.336739,-6.4100453],[-78.339594,-6.4096244],[-78.3423937,-6.4089274],[-78.3451111,-6.4079611],[-78.3477202,-6.4067348],[-78.3501957,-6.4052602],[-78.3525139,-6.4035516],[-78.3546525,-6.4016253],[-78.3565907,-6.3995001],[-78.35831,-6.3971962],[-78.3597938,-6.394736],[-78.3610278,-6.3921431],[-78.3620001,-6.3894425],[-78.3627014,-6.3866601],[-78.3631249,-6.3838229],[-78.3632665,-6.380958],[-78.3631249,-6.3780932],[-78.3627014,-6.375256],[-78.3620001,-6.3724736],[-78.3610278,-6.369773],[-78.3597938,-6.3671801],[-78.35831,-6.3647199],[-78.3565907,-6.362416],[-78.3546525,-6.3602908],[-78.3525139,-6.3583645],[-78.3501957,-6.3566559],[-78.3477202,-6.3551813],[-78.3451111,-6.3539549],[-78.3423937,-6.3529886],[-78.339594,-6.3522917],[-78.336739,-6.3518708],[-78.3338563,-6.3517301]]]},"properties":{"name":"Cerro Venado","local_name":"Cerro Venado","english_name":"Cerro Venado","search_name":"Cerro Venado Cerro Venado Cerro Venado Cerro Venado Cerro Venado Cerro Venado","peak_elev":2227,"radius_m":3250,"layer":"平均突起响应半径","rank_pct":0.7947,"center_lon":-78.33385634321378,"center_lat":-6.380958041921992,"max_mean_jut":327.1712,"max_ats":164.7968,"r_jmean_peak":3250,"r_ats_peak":3500,"r_ats_marginal":187.5,"ats_marginal_rate_max":0.099102,"ats_marginal_interval_start":125,"ats_marginal_interval_end":250,"ats_marginal_ats_mean":11.3088}},{"type":"Feature","geometry":{"type":"Polygon","coordinates":[[[-72.3063404,-13.2448626],[-72.303397,-13.2450033],[-72.3004818,-13.2454242],[-72.2976231,-13.2461211],[-72.2948484,-13.2470874],[-72.2921843,-13.2483138],[-72.2896565,-13.2497884],[-72.2872894,-13.251497],[-72.2851058,-13.2534233],[-72.2831267,-13.2555485],[-72.2813712,-13.2578524],[-72.2798561,-13.2603126],[-72.2785961,-13.2629055],[-72.2776033,-13.2656061],[-72.2768872,-13.2683885],[-72.2764548,-13.2712257],[-72.2763102,-13.2740905],[-72.2764548,-13.2769554],[-72.2768872,-13.2797926],[-72.2776033,-13.282575],[-72.2785961,-13.2852756],[-72.2798561,-13.2878685],[-72.2813712,-13.2903287],[-72.2831267,-13.2926326],[-72.2851058,-13.2947578],[-72.2872894,-13.2966841],[-72.2896565,-13.2983927],[-72.2921843,-13.2998673],[-72.2948484,-13.3010936],[-72.2976231,-13.3020599],[-72.3004818,-13.3027569],[-72.303397,-13.3031778],[-72.3063404,-13.3033185],[-72.3092839,-13.3031778],[-72.3121991,-13.3027569],[-72.3150578,-13.3020599],[-72.3178325,-13.3010936],[-72.3204966,-13.2998673],[-72.3230244,-13.2983927],[-72.3253915,-13.2966841],[-72.3275751,-13.2947578],[-72.3295542,-13.2926326],[-72.3313097,-13.2903287],[-72.3328248,-13.2878685],[-72.3340848,-13.2852756],[-72.3350776,-13.282575],[-72.3357937,-13.2797926],[-72.3362261,-13.2769554],[-72.3363707,-13.2740905],[-72.3362261,-13.2712257],[-72.3357937,-13.2683885],[-72.3350776,-13.2656061],[-72.3340848,-13.2629055],[-72.3328248,-13.2603126],[-72.3313097,-13.2578524],[-72.3295542,-13.2555485],[-72.3275751,-13.2534233],[-72.3253915,-13.251497],[-72.3230244,-13.2497884],[-72.3204966,-13.2483138],[-72.3178325,-13.2470874],[-72.3150578,-13.2461211],[-72.3121991,-13.2454242],[-72.3092839,-13.2450033],[-72.3063404,-13.2448626]]]},"properties":{"name":"Cerro Yanaorjo [-72.30593,-13.27445]","local_name":"Cerro Yanaorjo","english_name":"Cerro Yanaorjo","search_name":"Cerro Yanaorjo Cerro Yanaorjo Cerro Yanaorjo Cerro Yanaorjo Cerro Yanaorjo Cerro Yanaorjo [-72.30593,-13.27445]","peak_elev":4460,"radius_m":3250,"layer":"平均突起响应半径","rank_pct":0.7947,"center_lon":-72.30634044982861,"center_lat":-13.274090543084728,"max_mean_jut":264.178,"max_ats":104.1915,"r_jmean_peak":3250,"r_ats_peak":3500,"r_ats_marginal":187.5,"ats_marginal_rate_max":0.070662,"ats_marginal_interval_start":125,"ats_marginal_interval_end":250,"ats_marginal_ats_mean":11.9809}},{"type":"Feature","geometry":{"type":"Polygon","coordinates":[[[-70.1347531,-32.9813909],[-70.1315996,-32.9815208],[-70.1284765,-32.9819093],[-70.1254139,-32.9825526],[-70.1224412,-32.9834446],[-70.119587,-32.9845766],[-70.1168789,-32.9859378],[-70.114343,-32.987515],[-70.1120036,-32.989293],[-70.1098833,-32.9912548],[-70.1080025,-32.9933814],[-70.1063794,-32.9956524],[-70.1050295,-32.9980459],[-70.1039658,-33.0005388],[-70.1031987,-33.0031071],[-70.1027354,-33.0057261],[-70.1025805,-33.0083705],[-70.1027354,-33.011015],[-70.1031987,-33.013634],[-70.1039658,-33.0162023],[-70.1050295,-33.0186952],[-70.1063794,-33.0210887],[-70.1080025,-33.0233596],[-70.1098833,-33.0254862],[-70.1120036,-33.027448],[-70.114343,-33.0292261],[-70.1168789,-33.0308033],[-70.119587,-33.0321645],[-70.1224412,-33.0332965],[-70.1254139,-33.0341884],[-70.1284765,-33.0348318],[-70.1315996,-33.0352203],[-70.1347531,-33.0353502],[-70.1379065,-33.0352203],[-70.1410296,-33.0348318],[-70.1440923,-33.0341884],[-70.147065,-33.0332965],[-70.1499191,-33.0321645],[-70.1526272,-33.0308033],[-70.1551632,-33.0292261],[-70.1575025,-33.027448],[-70.1596228,-33.0254862],[-70.1615036,-33.0233596],[-70.1631268,-33.0210887],[-70.1644767,-33.0186952],[-70.1655403,-33.0162023],[-70.1663075,-33.013634],[-70.1667708,-33.011015],[-70.1669257,-33.0083705],[-70.1667708,-33.0057261],[-70.1663075,-33.0031071],[-70.1655403,-33.0005388],[-70.1644767,-32.9980459],[-70.1631268,-32.9956524],[-70.1615036,-32.9933814],[-70.1596228,-32.9912548],[-70.1575025,-32.989293],[-70.1551632,-32.987515],[-70.1526272,-32.9859378],[-70.1499191,-32.9845766],[-70.147065,-32.9834446],[-70.1440923,-32.9825526],[-70.1410296,-32.9819093],[-70.1379065,-32.9815208],[-70.1347531,-32.9813909]]]},"properties":{"name":"Alto de los Leones","local_name":"Alto de los Leones","english_name":"Alto de los Leones","search_name":"Alto de los Leones Alto de los Leones Alto de los Leones Alto de los Leones Alto de los Leones Alto de los Leones","peak_elev":5399,"radius_m":3000,"layer":"平均突起响应半径","rank_pct":0.8427,"center_lon":-70.13475308199808,"center_lat":-33.00837053615079,"max_mean_jut":913.7874,"max_ats":487.0907,"r_jmean_peak":3000,"r_ats_peak":3250,"r_ats_marginal":1062.5,"ats_marginal_rate_max":0.414606,"ats_marginal_interval_start":1000,"ats_marginal_interval_end":1125,"ats_marginal_ats_mean":225.2296}},{"type":"Feature","geometry":{"type":"Polygon","coordinates":[[[-72.2190242,-13.2255513],[-72.2163074,-13.2256812],[-72.2136167,-13.2260697],[-72.2109782,-13.2267131],[-72.2084171,-13.227605],[-72.2059581,-13.2287371],[-72.203625,-13.2300982],[-72.2014402,-13.2316754],[-72.1994248,-13.2334535],[-72.1975981,-13.2354153],[-72.1959777,-13.2375419],[-72.1945793,-13.2398129],[-72.1934163,-13.2422063],[-72.1924999,-13.2446992],[-72.191839,-13.2472675],[-72.1914399,-13.2498865],[-72.1913064,-13.252531],[-72.1914399,-13.2551754],[-72.191839,-13.2577944],[-72.1924999,-13.2603628],[-72.1934163,-13.2628556],[-72.1945793,-13.2652491],[-72.1959777,-13.2675201],[-72.1975981,-13.2696467],[-72.1994248,-13.2716085],[-72.2014402,-13.2733865],[-72.203625,-13.2749637],[-72.2059581,-13.2763249],[-72.2084171,-13.2774569],[-72.2109782,-13.2783489],[-72.2136167,-13.2789922],[-72.2163074,-13.2793807],[-72.2190242,-13.2795106],[-72.221741,-13.2793807],[-72.2244317,-13.2789922],[-72.2270703,-13.2783489],[-72.2296313,-13.2774569],[-72.2320903,-13.2763249],[-72.2344234,-13.2749637],[-72.2366082,-13.2733865],[-72.2386236,-13.2716085],[-72.2404504,-13.2696467],[-72.2420707,-13.2675201],[-72.2434691,-13.2652491],[-72.2446321,-13.2628556],[-72.2455485,-13.2603628],[-72.2462094,-13.2577944],[-72.2466085,-13.2551754],[-72.246742,-13.252531],[-72.2466085,-13.2498865],[-72.2462094,-13.2472675],[-72.2455485,-13.2446992],[-72.2446321,-13.2422063],[-72.2434691,-13.2398129],[-72.2420707,-13.2375419],[-72.2404504,-13.2354153],[-72.2386236,-13.2334535],[-72.2366082,-13.2316754],[-72.2344234,-13.2300982],[-72.2320903,-13.2287371],[-72.2296313,-13.227605],[-72.2270703,-13.2267131],[-72.2244317,-13.2260697],[-72.221741,-13.2256812],[-72.2190242,-13.2255513]]]},"properties":{"name":"Cerro Ajojasa","local_name":"Cerro Ajojasa","english_name":"Cerro Ajojasa","search_name":"Cerro Ajojasa Cerro Ajojasa Cerro Ajojasa Cerro Ajojasa Cerro Ajojasa Cerro Ajojasa","peak_elev":4176,"radius_m":3000,"layer":"平均突起响应半径","rank_pct":0.8427,"center_lon":-72.2190242042122,"center_lat":-13.25253097626586,"max_mean_jut":271.1477,"max_ats":143.4416,"r_jmean_peak":3000,"r_ats_peak":3250,"r_ats_marginal":1937.5,"ats_marginal_rate_max":0.09144,"ats_marginal_interval_start":1875,"ats_marginal_interval_end":2000,"ats_marginal_ats_mean":81.6425}},{"type":"Feature","geometry":{"type":"Polygon","coordinates":[[[-75.8466908,-10.0096724],[-75.8440052,-10.0098024],[-75.8413455,-10.0101908],[-75.8387373,-10.0108342],[-75.8362057,-10.0117261],[-75.833775,-10.0128582],[-75.8314688,-10.0142193],[-75.8293091,-10.0157965],[-75.8273168,-10.0175746],[-75.8255111,-10.0195364],[-75.8239094,-10.021663],[-75.8225271,-10.023934],[-75.8213775,-10.0263274],[-75.8204717,-10.0288203],[-75.8198183,-10.0313886],[-75.8194238,-10.0340076],[-75.8192919,-10.0366521],[-75.8194238,-10.0392966],[-75.8198183,-10.0419156],[-75.8204717,-10.0444839],[-75.8213775,-10.0469768],[-75.8225271,-10.0493702],[-75.8239094,-10.0516412],[-75.8255111,-10.0537678],[-75.8273168,-10.0557296],[-75.8293091,-10.0575076],[-75.8314688,-10.0590848],[-75.833775,-10.060446],[-75.8362057,-10.061578],[-75.8387373,-10.06247],[-75.8413455,-10.0631133],[-75.8440052,-10.0635018],[-75.8466908,-10.0636317],[-75.8493764,-10.0635018],[-75.8520361,-10.0631133],[-75.8546443,-10.06247],[-75.8571759,-10.061578],[-75.8596066,-10.060446],[-75.8619129,-10.0590848],[-75.8640725,-10.0575076],[-75.8660648,-10.0557296],[-75.8678705,-10.0537678],[-75.8694722,-10.0516412],[-75.8708545,-10.0493702],[-75.8720041,-10.0469768],[-75.87291,-10.0444839],[-75.8735633,-10.0419156],[-75.8739578,-10.0392966],[-75.8740898,-10.0366521],[-75.8739578,-10.0340076],[-75.8735633,-10.0313886],[-75.87291,-10.0288203],[-75.8720041,-10.0263274],[-75.8708545,-10.023934],[-75.8694722,-10.021663],[-75.8678705,-10.0195364],[-75.8660648,-10.0175746],[-75.8640725,-10.0157965],[-75.8619129,-10.0142193],[-75.8596066,-10.0128582],[-75.8571759,-10.0117261],[-75.8546443,-10.0108342],[-75.8520361,-10.0101908],[-75.8493764,-10.0098024],[-75.8466908,-10.0096724]]]},"properties":{"name":"Cerro Hualín Punta","local_name":"Cerro Hualín Punta","english_name":"Cerro Hualín Punta","search_name":"Cerro Hualín Punta Cerro Hualín Punta Cerro Hualín Punta Cerro Hualín Punta Cerro Hualín Punta Cerro Hualín Punta","peak_elev":3600,"radius_m":3000,"layer":"平均突起响应半径","rank_pct":0.8427,"center_lon":-75.84669081607207,"center_lat":-10.036652090646385,"max_mean_jut":278.6346,"max_ats":104.0204,"r_jmean_peak":3000,"r_ats_peak":3000,"r_ats_marginal":437.5,"ats_marginal_rate_max":0.083509,"ats_marginal_interval_start":375,"ats_marginal_interval_end":500,"ats_marginal_ats_mean":20.8413}},{"type":"Feature","geometry":{"type":"Polygon","coordinates":[[[-72.1489556,-15.506823],[-72.1462109,-15.5069529],[-72.1434926,-15.5073414],[-72.1408269,-15.5079847],[-72.1382395,-15.5088767],[-72.1357553,-15.5100087],[-72.1333983,-15.5113699],[-72.131191,-15.5129471],[-72.1291548,-15.5147251],[-72.1273094,-15.5166869],[-72.1256724,-15.5188136],[-72.1242596,-15.5210845],[-72.1230847,-15.523478],[-72.1221589,-15.5259709],[-72.1214912,-15.5285392],[-72.1210879,-15.5311582],[-72.1209531,-15.5338026],[-72.1210879,-15.5364471],[-72.1214912,-15.5390661],[-72.1221589,-15.5416344],[-72.1230847,-15.5441273],[-72.1242596,-15.5465208],[-72.1256724,-15.5487917],[-72.1273094,-15.5509183],[-72.1291548,-15.5528801],[-72.131191,-15.5546582],[-72.1333983,-15.5562354],[-72.1357553,-15.5575966],[-72.1382395,-15.5587286],[-72.1408269,-15.5596206],[-72.1434926,-15.5602639],[-72.1462109,-15.5606524],[-72.1489556,-15.5607823],[-72.1517003,-15.5606524],[-72.1544186,-15.5602639],[-72.1570843,-15.5596206],[-72.1596717,-15.5587286],[-72.1621559,-15.5575966],[-72.164513,-15.5562354],[-72.1667202,-15.5546582],[-72.1687564,-15.5528801],[-72.1706018,-15.5509183],[-72.1722388,-15.5487917],[-72.1736516,-15.5465208],[-72.1748266,-15.5441273],[-72.1757523,-15.5416344],[-72.1764201,-15.5390661],[-72.1768233,-15.5364471],[-72.1769581,-15.5338026],[-72.1768233,-15.5311582],[-72.1764201,-15.5285392],[-72.1757523,-15.5259709],[-72.1748266,-15.523478],[-72.1736516,-15.5210845],[-72.1722388,-15.5188136],[-72.1706018,-15.5166869],[-72.1687564,-15.5147251],[-72.1667202,-15.5129471],[-72.164513,-15.5113699],[-72.1621559,-15.5100087],[-72.1596717,-15.5088767],[-72.1570843,-15.5079847],[-72.1544186,-15.5073414],[-72.1517003,-15.5069529],[-72.1489556,-15.506823]]]},"properties":{"name":"Cerro Huarana","local_name":"Cerro Huarana","english_name":"Cerro Huarana","search_name":"Cerro Huarana Cerro Huarana Cerro Huarana Cerro Huarana Cerro Huarana Cerro Huarana","peak_elev":4573,"radius_m":3000,"layer":"平均突起响应半径","rank_pct":0.8427,"center_lon":-72.14895561205088,"center_lat":-15.533802640287384,"max_mean_jut":248.8999,"max_ats":85.2674,"r_jmean_peak":3000,"r_ats_peak":3000,"r_ats_marginal":812.5,"ats_marginal_rate_max":0.062087,"ats_marginal_interval_start":750,"ats_marginal_interval_end":875,"ats_marginal_ats_mean":26.1384}},{"type":"Feature","geometry":{"type":"Polygon","coordinates":[[[-74.5536558,-11.9279349],[-74.5509527,-11.9280648],[-74.5482756,-11.9284533],[-74.5456504,-11.9290966],[-74.5431022,-11.9299886],[-74.5406557,-11.9311206],[-74.5383344,-11.9324818],[-74.5361606,-11.934059],[-74.5341554,-11.9358371],[-74.5323379,-11.9377988],[-74.5307257,-11.9399255],[-74.5293344,-11.9421964],[-74.5281772,-11.9445899],[-74.5272655,-11.9470828],[-74.5266079,-11.9496511],[-74.5262108,-11.9522701],[-74.526078,-11.9549145],[-74.5262108,-11.957559],[-74.5266079,-11.960178],[-74.5272655,-11.9627463],[-74.5281772,-11.9652392],[-74.5293344,-11.9676327],[-74.5307257,-11.9699036],[-74.5323379,-11.9720303],[-74.5341554,-11.973992],[-74.5361606,-11.9757701],[-74.5383344,-11.9773473],[-74.5406557,-11.9787085],[-74.5431022,-11.9798405],[-74.5456504,-11.9807325],[-74.5482756,-11.9813758],[-74.5509527,-11.9817643],[-74.5536558,-11.9818942],[-74.5563589,-11.9817643],[-74.559036,-11.9813758],[-74.5616612,-11.9807325],[-74.5642094,-11.9798405],[-74.5666559,-11.9787085],[-74.5689772,-11.9773473],[-74.571151,-11.9757701],[-74.5731562,-11.973992],[-74.5749737,-11.9720303],[-74.5765859,-11.9699036],[-74.5779772,-11.9676327],[-74.5791343,-11.9652392],[-74.5800461,-11.9627463],[-74.5807037,-11.960178],[-74.5811008,-11.957559],[-74.5812336,-11.9549145],[-74.5811008,-11.9522701],[-74.5807037,-11.9496511],[-74.5800461,-11.9470828],[-74.5791343,-11.9445899],[-74.5779772,-11.9421964],[-74.5765859,-11.9399255],[-74.5749737,-11.9377988],[-74.5731562,-11.9358371],[-74.571151,-11.934059],[-74.5689772,-11.9324818],[-74.5666559,-11.9311206],[-74.5642094,-11.9299886],[-74.5616612,-11.9290966],[-74.559036,-11.9284533],[-74.5563589,-11.9280648],[-74.5536558,-11.9279349]]]},"properties":{"name":"Cerro Mariposa","local_name":"Cerro Mariposa","english_name":"Cerro Mariposa","search_name":"Cerro Mariposa Cerro Mariposa Cerro Mariposa Cerro Mariposa Cerro Mariposa Cerro Mariposa","peak_elev":3311,"radius_m":3000,"layer":"平均突起响应半径","rank_pct":0.8427,"center_lon":-74.55365579611042,"center_lat":-11.95491454835521,"max_mean_jut":480.0252,"max_ats":223.4534,"r_jmean_peak":3000,"r_ats_peak":2750,"r_ats_marginal":187.5,"ats_marginal_rate_max":0.141168,"ats_marginal_interval_start":125,"ats_marginal_interval_end":250,"ats_marginal_ats_mean":13.1174}},{"type":"Feature","geometry":{"type":"Polygon","coordinates":[[[-70.0641455,-33.7028279],[-70.0609658,-33.7029578],[-70.0578167,-33.7033463],[-70.0547285,-33.7039896],[-70.0517311,-33.7048816],[-70.0488532,-33.7060136],[-70.0461225,-33.7073748],[-70.0435655,-33.708952],[-70.0412066,-33.71073],[-70.0390686,-33.7126918],[-70.0371722,-33.7148185],[-70.0355355,-33.7170894],[-70.0341744,-33.7194829],[-70.0331019,-33.7219758],[-70.0323283,-33.7245441],[-70.0318612,-33.7271631],[-70.031705,-33.7298075],[-70.0318612,-33.732452],[-70.0323283,-33.735071],[-70.0331019,-33.7376393],[-70.0341744,-33.7401322],[-70.0355355,-33.7425257],[-70.0371722,-33.7447966],[-70.0390686,-33.7469232],[-70.0412066,-33.748885],[-70.0435655,-33.7506631],[-70.0461225,-33.7522403],[-70.0488532,-33.7536015],[-70.0517311,-33.7547335],[-70.0547285,-33.7556255],[-70.0578167,-33.7562688],[-70.0609658,-33.7566573],[-70.0641455,-33.7567872],[-70.0673252,-33.7566573],[-70.0704743,-33.7562688],[-70.0735625,-33.7556255],[-70.0765599,-33.7547335],[-70.0794379,-33.7536015],[-70.0821685,-33.7522403],[-70.0847255,-33.7506631],[-70.0870844,-33.748885],[-70.0892224,-33.7469232],[-70.0911188,-33.7447966],[-70.0927555,-33.7425257],[-70.0941166,-33.7401322],[-70.0951891,-33.7376393],[-70.0959627,-33.735071],[-70.0964298,-33.732452],[-70.096586,-33.7298075],[-70.0964298,-33.7271631],[-70.0959627,-33.7245441],[-70.0951891,-33.7219758],[-70.0941166,-33.7194829],[-70.0927555,-33.7170894],[-70.0911188,-33.7148185],[-70.0892224,-33.7126918],[-70.0870844,-33.71073],[-70.0847255,-33.708952],[-70.0821685,-33.7073748],[-70.0794379,-33.7060136],[-70.0765599,-33.7048816],[-70.0735625,-33.7039896],[-70.0704743,-33.7033463],[-70.0673252,-33.7029578],[-70.0641455,-33.7028279]]]},"properties":{"name":"Cerro Morado","local_name":"Cerro Morado","english_name":"Cerro Morado","search_name":"Cerro Morado Cerro Morado Cerro Morado Cerro Morado Cerro Morado Cerro Morado","peak_elev":4656,"radius_m":3000,"layer":"平均突起响应半径","rank_pct":0.8427,"center_lon":-70.06414550066629,"center_lat":-33.72980754082718,"max_mean_jut":519.233,"max_ats":283.6691,"r_jmean_peak":3000,"r_ats_peak":2750,"r_ats_marginal":437.5,"ats_marginal_rate_max":0.189676,"ats_marginal_interval_start":375,"ats_marginal_interval_end":500,"ats_marginal_ats_mean":63.8085}},{"type":"Feature","geometry":{"type":"Polygon","coordinates":[[[-78.0142358,-9.3688143],[-78.0115553,-9.3689442],[-78.0089007,-9.3693327],[-78.0062975,-9.3699761],[-78.0037707,-9.370868],[-78.0013447,-9.372],[-77.9990428,-9.3733612],[-77.9968873,-9.3749384],[-77.9948989,-9.3767165],[-77.9930966,-9.3786783],[-77.991498,-9.3808049],[-77.9901183,-9.3830758],[-77.9889709,-9.3854693],[-77.9880668,-9.3879622],[-77.9874147,-9.3905305],[-77.9870209,-9.3931495],[-77.9868892,-9.395794],[-77.9870209,-9.3984384],[-77.9874147,-9.4010574],[-77.9880668,-9.4036257],[-77.9889709,-9.4061186],[-77.9901183,-9.4085121],[-77.991498,-9.4107831],[-77.9930966,-9.4129097],[-77.9948989,-9.4148715],[-77.9968873,-9.4166495],[-77.9990428,-9.4182267],[-78.0013447,-9.4195879],[-78.0037707,-9.4207199],[-78.0062975,-9.4216119],[-78.0089007,-9.4222552],[-78.0115553,-9.4226437],[-78.0142358,-9.4227736],[-78.0169162,-9.4226437],[-78.0195708,-9.4222552],[-78.022174,-9.4216119],[-78.0247008,-9.4207199],[-78.0271268,-9.4195879],[-78.0294287,-9.4182267],[-78.0315842,-9.4166495],[-78.0335727,-9.4148715],[-78.0353749,-9.4129097],[-78.0369736,-9.4107831],[-78.0383532,-9.4085121],[-78.0395007,-9.4061186],[-78.0404048,-9.4036257],[-78.0410568,-9.4010574],[-78.0414506,-9.3984384],[-78.0415823,-9.395794],[-78.0414506,-9.3931495],[-78.0410568,-9.3905305],[-78.0404048,-9.3879622],[-78.0395007,-9.3854693],[-78.0383532,-9.3830758],[-78.0369736,-9.3808049],[-78.0353749,-9.3786783],[-78.0335727,-9.3767165],[-78.0315842,-9.3749384],[-78.0294287,-9.3733612],[-78.0271268,-9.372],[-78.0247008,-9.370868],[-78.022174,-9.3699761],[-78.0195708,-9.3693327],[-78.0169162,-9.3689442],[-78.0142358,-9.3688143]]]},"properties":{"name":"Cerro Perque","local_name":"Cerro Perque","english_name":"Cerro Perque","search_name":"Cerro Perque Cerro Perque Cerro Perque Cerro Perque Cerro Perque Cerro Perque","peak_elev":3339,"radius_m":3000,"layer":"平均突起响应半径","rank_pct":0.8427,"center_lon":-78.01423576512406,"center_lat":-9.395793966955518,"max_mean_jut":370.2743,"max_ats":184.785,"r_jmean_peak":3000,"r_ats_peak":5500,"r_ats_marginal":687.5,"ats_marginal_rate_max":0.129667,"ats_marginal_interval_start":625,"ats_marginal_interval_end":750,"ats_marginal_ats_mean":55.0664}},{"type":"Feature","geometry":{"type":"Polygon","coordinates":[[[-73.1671062,-13.5462499],[-73.1643857,-13.5463798],[-73.1616915,-13.5467683],[-73.1590494,-13.5474116],[-73.1564848,-13.5483036],[-73.1540226,-13.5494356],[-73.1516864,-13.5507968],[-73.1494987,-13.552374],[-73.1474805,-13.554152],[-73.1456514,-13.5561138],[-73.1440289,-13.5582404],[-73.1426286,-13.5605114],[-73.141464,-13.5629049],[-73.1405464,-13.5653978],[-73.1398846,-13.5679661],[-73.139485,-13.5705851],[-73.1393513,-13.5732295],[-73.139485,-13.575874],[-73.1398846,-13.578493],[-73.1405464,-13.5810613],[-73.141464,-13.5835542],[-73.1426286,-13.5859477],[-73.1440289,-13.5882186],[-73.1456514,-13.5903452],[-73.1474805,-13.592307],[-73.1494987,-13.5940851],[-73.1516864,-13.5956623],[-73.1540226,-13.5970235],[-73.1564848,-13.5981555],[-73.1590494,-13.5990474],[-73.1616915,-13.5996908],[-73.1643857,-13.6000793],[-73.1671062,-13.6002092],[-73.1698266,-13.6000793],[-73.1725209,-13.5996908],[-73.175163,-13.5990474],[-73.1777275,-13.5981555],[-73.1801897,-13.5970235],[-73.1825259,-13.5956623],[-73.1847136,-13.5940851],[-73.1867318,-13.592307],[-73.1885609,-13.5903452],[-73.1901834,-13.5882186],[-73.1915837,-13.5859477],[-73.1927483,-13.5835542],[-73.1936659,-13.5810613],[-73.1943277,-13.578493],[-73.1947273,-13.575874],[-73.194861,-13.5732295],[-73.1947273,-13.5705851],[-73.1943277,-13.5679661],[-73.1936659,-13.5653978],[-73.1927483,-13.5629049],[-73.1915837,-13.5605114],[-73.1901834,-13.5582404],[-73.1885609,-13.5561138],[-73.1867318,-13.554152],[-73.1847136,-13.552374],[-73.1825259,-13.5507968],[-73.1801897,-13.5494356],[-73.1777275,-13.5483036],[-73.175163,-13.5474116],[-73.1725209,-13.5467683],[-73.1698266,-13.5463798],[-73.1671062,-13.5462499]]]},"properties":{"name":"Cerro Pillucay","local_name":"Cerro Pillucay","english_name":"Cerro Pillucay","search_name":"Cerro Pillucay Cerro Pillucay Cerro Pillucay Cerro Pillucay Cerro Pillucay Cerro Pillucay","peak_elev":3648,"radius_m":3000,"layer":"平均突起响应半径","rank_pct":0.8427,"center_lon":-73.16710615507195,"center_lat":-13.57322953269653,"max_mean_jut":211.717,"max_ats":80.4035,"r_jmean_peak":3000,"r_ats_peak":1625,"r_ats_marginal":187.5,"ats_marginal_rate_max":0.110652,"ats_marginal_interval_start":125,"ats_marginal_interval_end":250,"ats_marginal_ats_mean":15.4226}},{"type":"Feature","geometry":{"type":"Polygon","coordinates":[[[-77.1510446,-10.4246941],[-77.1483555,-10.424824],[-77.1456923,-10.4252125],[-77.1430807,-10.4258558],[-77.1405457,-10.4267478],[-77.1381119,-10.4278798],[-77.1358026,-10.429241],[-77.1336401,-10.4308182],[-77.1316452,-10.4325963],[-77.1298372,-10.434558],[-77.1282334,-10.4366847],[-77.1268492,-10.4389556],[-77.1256981,-10.4413491],[-77.1247911,-10.443842],[-77.1241369,-10.4464103],[-77.1237419,-10.4490293],[-77.1236098,-10.4516738],[-77.1237419,-10.4543182],[-77.1241369,-10.4569372],[-77.1247911,-10.4595055],[-77.1256981,-10.4619984],[-77.1268492,-10.4643919],[-77.1282334,-10.4666628],[-77.1298372,-10.4687895],[-77.1316452,-10.4707512],[-77.1336401,-10.4725293],[-77.1358026,-10.4741065],[-77.1381119,-10.4754677],[-77.1405457,-10.4765997],[-77.1430807,-10.4774917],[-77.1456923,-10.478135],[-77.1483555,-10.4785235],[-77.1510446,-10.4786534],[-77.1537337,-10.4785235],[-77.1563969,-10.478135],[-77.1590085,-10.4774917],[-77.1615435,-10.4765997],[-77.1639773,-10.4754677],[-77.1662866,-10.4741065],[-77.1684491,-10.4725293],[-77.170444,-10.4707512],[-77.172252,-10.4687895],[-77.1738558,-10.4666628],[-77.17524,-10.4643919],[-77.1763911,-10.4619984],[-77.1772981,-10.4595055],[-77.1779523,-10.4569372],[-77.1783473,-10.4543182],[-77.1784794,-10.4516738],[-77.1783473,-10.4490293],[-77.1779523,-10.4464103],[-77.1772981,-10.443842],[-77.1763911,-10.4413491],[-77.17524,-10.4389556],[-77.1738558,-10.4366847],[-77.172252,-10.434558],[-77.170444,-10.4325963],[-77.1684491,-10.4308182],[-77.1662866,-10.429241],[-77.1639773,-10.4278798],[-77.1615435,-10.4267478],[-77.1590085,-10.4258558],[-77.1563969,-10.4252125],[-77.1537337,-10.424824],[-77.1510446,-10.4246941]]]},"properties":{"name":"Cerro Quita Barretapunta","local_name":"Cerro Quita Barretapunta","english_name":"Cerro Quita Barretapunta","search_name":"Cerro Quita Barretapunta Cerro Quita Barretapunta Cerro Quita Barretapunta Cerro Quita Barretapunta Cerro Quita Barretapunta Cerro Quita Barretapunta","peak_elev":3232,"radius_m":3000,"layer":"平均突起响应半径","rank_pct":0.8427,"center_lon":-77.1510446086136,"center_lat":-10.451673751909604,"max_mean_jut":366.8008,"max_ats":161.0184,"r_jmean_peak":3000,"r_ats_peak":3250,"r_ats_marginal":312.5,"ats_marginal_rate_max":0.099183,"ats_marginal_interval_start":250,"ats_marginal_interval_end":375,"ats_marginal_ats_mean":18.8269}},{"type":"Feature","geometry":{"type":"Polygon","coordinates":[[[-67.9407977,-16.3654327],[-67.9380411,-16.3655627],[-67.9353112,-16.3659511],[-67.932634,-16.3665945],[-67.9300355,-16.3674864],[-67.9275407,-16.3686185],[-67.9251735,-16.3699796],[-67.9229567,-16.3715568],[-67.9209118,-16.3733349],[-67.9190584,-16.3752967],[-67.9174144,-16.3774233],[-67.9159956,-16.3796943],[-67.9148156,-16.3820877],[-67.9138858,-16.3845806],[-67.9132152,-16.3871489],[-67.9128103,-16.3897679],[-67.9126749,-16.3924124],[-67.9128103,-16.3950569],[-67.9132152,-16.3976759],[-67.9138858,-16.4002442],[-67.9148156,-16.4027371],[-67.9159956,-16.4051305],[-67.9174144,-16.4074015],[-67.9190584,-16.4095281],[-67.9209118,-16.4114899],[-67.9229567,-16.4132679],[-67.9251735,-16.4148451],[-67.9275407,-16.4162063],[-67.9300355,-16.4173383],[-67.932634,-16.4182303],[-67.9353112,-16.4188736],[-67.9380411,-16.4192621],[-67.9407977,-16.419392],[-67.9435542,-16.4192621],[-67.9462842,-16.4188736],[-67.9489613,-16.4182303],[-67.9515598,-16.4173383],[-67.9540547,-16.4162063],[-67.9564219,-16.4148451],[-67.9586386,-16.4132679],[-67.9606835,-16.4114899],[-67.9625369,-16.4095281],[-67.9641809,-16.4074015],[-67.9655998,-16.4051305],[-67.9667797,-16.4027371],[-67.9677095,-16.4002442],[-67.9683801,-16.3976759],[-67.968785,-16.3950569],[-67.9689205,-16.3924124],[-67.968785,-16.3897679],[-67.9683801,-16.3871489],[-67.9677095,-16.3845806],[-67.9667797,-16.3820877],[-67.9655998,-16.3796943],[-67.9641809,-16.3774233],[-67.9625369,-16.3752967],[-67.9606835,-16.3733349],[-67.9586386,-16.3715568],[-67.9564219,-16.3699796],[-67.9540547,-16.3686185],[-67.9515598,-16.3674864],[-67.9489613,-16.3665945],[-67.9462842,-16.3659511],[-67.9435542,-16.3655627],[-67.9407977,-16.3654327]]]},"properties":{"name":"Cerro Serkhe Kkollu","local_name":"Cerro Serkhe Kkollu","english_name":"Cerro Serkhe Kkollu","search_name":"Cerro Serkhe Kkollu Cerro Serkhe Kkollu Cerro Serkhe Kkollu Cerro Serkhe Kkollu Cerro Serkhe Kkollu Cerro Serkhe Kkollu","peak_elev":5535,"radius_m":3000,"layer":"平均突起响应半径","rank_pct":0.8427,"center_lon":-67.94079766359297,"center_lat":-16.392412388848825,"max_mean_jut":231.7186,"max_ats":92.8138,"r_jmean_peak":3000,"r_ats_peak":1125,"r_ats_marginal":437.5,"ats_marginal_rate_max":0.140483,"ats_marginal_interval_start":375,"ats_marginal_interval_end":500,"ats_marginal_ats_mean":45.2621}},{"type":"Feature","geometry":{"type":"Polygon","coordinates":[[[-75.9181069,-12.4057488],[-75.9153989,-12.4058787],[-75.912717,-12.4062672],[-75.910087,-12.4069105],[-75.9075343,-12.4078025],[-75.9050834,-12.4089345],[-75.9027578,-12.4102957],[-75.9005802,-12.4118729],[-75.8985713,-12.413651],[-75.8967505,-12.4156127],[-75.8951354,-12.4177394],[-75.8937416,-12.4200103],[-75.8925824,-12.4224038],[-75.891669,-12.4248967],[-75.8910102,-12.427465],[-75.8906124,-12.430084],[-75.8904794,-12.4327284],[-75.8906124,-12.4353729],[-75.8910102,-12.4379919],[-75.891669,-12.4405602],[-75.8925824,-12.4430531],[-75.8937416,-12.4454466],[-75.8951354,-12.4477175],[-75.8967505,-12.4498442],[-75.8985713,-12.4518059],[-75.9005802,-12.453584],[-75.9027578,-12.4551612],[-75.9050834,-12.4565224],[-75.9075343,-12.4576544],[-75.910087,-12.4585464],[-75.912717,-12.4591897],[-75.9153989,-12.4595782],[-75.9181069,-12.4597081],[-75.9208149,-12.4595782],[-75.9234967,-12.4591897],[-75.9261267,-12.4585464],[-75.9286795,-12.4576544],[-75.9311304,-12.4565224],[-75.9334559,-12.4551612],[-75.9356336,-12.453584],[-75.9376425,-12.4518059],[-75.9394632,-12.4498442],[-75.9410783,-12.4477175],[-75.9424722,-12.4454466],[-75.9436314,-12.4430531],[-75.9445448,-12.4405602],[-75.9452036,-12.4379919],[-75.9456014,-12.4353729],[-75.9457344,-12.4327284],[-75.9456014,-12.430084],[-75.9452036,-12.427465],[-75.9445448,-12.4248967],[-75.9436314,-12.4224038],[-75.9424722,-12.4200103],[-75.9410783,-12.4177394],[-75.9394632,-12.4156127],[-75.9376425,-12.413651],[-75.9356336,-12.4118729],[-75.9334559,-12.4102957],[-75.9311304,-12.4089345],[-75.9286795,-12.4078025],[-75.9261267,-12.4069105],[-75.9234967,-12.4062672],[-75.9208149,-12.4058787],[-75.9181069,-12.4057488]]]},"properties":{"name":"Cerro Shashaco","local_name":"Cerro Shashaco","english_name":"Cerro Shashaco","search_name":"Cerro Shashaco Cerro Shashaco Cerro Shashaco Cerro Shashaco Cerro Shashaco Cerro Shashaco","peak_elev":4409,"radius_m":3000,"layer":"平均突起响应半径","rank_pct":0.8427,"center_lon":-75.91810688115956,"center_lat":-12.432728447978384,"max_mean_jut":212.4216,"max_ats":67.2564,"r_jmean_peak":3000,"r_ats_peak":2750,"r_ats_marginal":187.5,"ats_marginal_rate_max":0.064543,"ats_marginal_interval_start":125,"ats_marginal_interval_end":250,"ats_marginal_ats_mean":10.3398}},{"type":"Feature","geometry":{"type":"Polygon","coordinates":[[[-77.879219,-9.3688143],[-77.8765385,-9.3689442],[-77.8738839,-9.3693327],[-77.8712807,-9.3699761],[-77.8687539,-9.370868],[-77.8663279,-9.372],[-77.8640261,-9.3733612],[-77.8618705,-9.3749384],[-77.8598821,-9.3767165],[-77.8580798,-9.3786783],[-77.8564812,-9.3808049],[-77.8551015,-9.3830758],[-77.8539541,-9.3854693],[-77.85305,-9.3879622],[-77.8523979,-9.3905305],[-77.8520041,-9.3931495],[-77.8518725,-9.395794],[-77.8520041,-9.3984384],[-77.8523979,-9.4010574],[-77.85305,-9.4036257],[-77.8539541,-9.4061186],[-77.8551015,-9.4085121],[-77.8564812,-9.4107831],[-77.8580798,-9.4129097],[-77.8598821,-9.4148715],[-77.8618705,-9.4166495],[-77.8640261,-9.4182267],[-77.8663279,-9.4195879],[-77.8687539,-9.4207199],[-77.8712807,-9.4216119],[-77.8738839,-9.4222552],[-77.8765385,-9.4226437],[-77.879219,-9.4227736],[-77.8818994,-9.4226437],[-77.884554,-9.4222552],[-77.8871573,-9.4216119],[-77.889684,-9.4207199],[-77.89211,-9.4195879],[-77.8944119,-9.4182267],[-77.8965674,-9.4166495],[-77.8985559,-9.4148715],[-77.9003581,-9.4129097],[-77.9019568,-9.4107831],[-77.9033365,-9.4085121],[-77.9044839,-9.4061186],[-77.905388,-9.4036257],[-77.90604,-9.4010574],[-77.9064338,-9.3984384],[-77.9065655,-9.395794],[-77.9064338,-9.3931495],[-77.90604,-9.3905305],[-77.905388,-9.3879622],[-77.9044839,-9.3854693],[-77.9033365,-9.3830758],[-77.9019568,-9.3808049],[-77.9003581,-9.3786783],[-77.8985559,-9.3767165],[-77.8965674,-9.3749384],[-77.8944119,-9.3733612],[-77.89211,-9.372],[-77.889684,-9.370868],[-77.8871573,-9.3699761],[-77.884554,-9.3693327],[-77.8818994,-9.3689442],[-77.879219,-9.3688143]]]},"properties":{"name":"Cerro Shuras","local_name":"Cerro Shuras","english_name":"Cerro Shuras","search_name":"Cerro Shuras Cerro Shuras Cerro Shuras Cerro Shuras Cerro Shuras Cerro Shuras","peak_elev":4066,"radius_m":3000,"layer":"平均突起响应半径","rank_pct":0.8427,"center_lon":-77.8792189779209,"center_lat":-9.395793966955518,"max_mean_jut":255.0878,"max_ats":95.2066,"r_jmean_peak":3000,"r_ats_peak":2750,"r_ats_marginal":687.5,"ats_marginal_rate_max":0.06176,"ats_marginal_interval_start":625,"ats_marginal_interval_end":750,"ats_marginal_ats_mean":34.6113}},{"type":"Feature","geometry":{"type":"Polygon","coordinates":[[[-72.3995856,-13.2648975],[-72.3968683,-13.2650275],[-72.3941772,-13.2654159],[-72.3915382,-13.2660593],[-72.3889767,-13.2669512],[-72.3865174,-13.2680833],[-72.3841839,-13.2694444],[-72.3819987,-13.2710216],[-72.379983,-13.2727997],[-72.378156,-13.2747615],[-72.3765353,-13.2768881],[-72.3751367,-13.2791591],[-72.3739735,-13.2815525],[-72.373057,-13.2840454],[-72.372396,-13.2866137],[-72.3719968,-13.2892327],[-72.3718633,-13.2918772],[-72.3719968,-13.2945217],[-72.372396,-13.2971407],[-72.373057,-13.299709],[-72.3739735,-13.3022019],[-72.3751367,-13.3045953],[-72.3765353,-13.3068663],[-72.378156,-13.3089929],[-72.379983,-13.3109547],[-72.3819987,-13.3127327],[-72.3841839,-13.3143099],[-72.3865174,-13.3156711],[-72.3889767,-13.3168031],[-72.3915382,-13.3176951],[-72.3941772,-13.3183384],[-72.3968683,-13.3187269],[-72.3995856,-13.3188568],[-72.4023028,-13.3187269],[-72.4049939,-13.3183384],[-72.4076329,-13.3176951],[-72.4101944,-13.3168031],[-72.4126538,-13.3156711],[-72.4149873,-13.3143099],[-72.4171724,-13.3127327],[-72.4191882,-13.3109547],[-72.4210152,-13.3089929],[-72.4226358,-13.3068663],[-72.4240345,-13.3045953],[-72.4251976,-13.3022019],[-72.4261142,-13.299709],[-72.4267752,-13.2971407],[-72.4271744,-13.2945217],[-72.4273079,-13.2918772],[-72.4271744,-13.2892327],[-72.4267752,-13.2866137],[-72.4261142,-13.2840454],[-72.4251976,-13.2815525],[-72.4240345,-13.2791591],[-72.4226358,-13.2768881],[-72.4210152,-13.2747615],[-72.4191882,-13.2727997],[-72.4171724,-13.2710216],[-72.4149873,-13.2694444],[-72.4126538,-13.2680833],[-72.4101944,-13.2669512],[-72.4076329,-13.2660593],[-72.4049939,-13.2654159],[-72.4023028,-13.2650275],[-72.3995856,-13.2648975]]]},"properties":{"name":"Nevado Huayanay","local_name":"Nevado Huayanay","english_name":"Nevado Huayanay","search_name":"Nevado Huayanay Nevado Huayanay Nevado Huayanay Nevado Huayanay Nevado Huayanay Nevado Huayanay","peak_elev":5285,"radius_m":3000,"layer":"平均突起响应半径","rank_pct":0.8427,"center_lon":-72.39958557632022,"center_lat":-13.291877185710296,"max_mean_jut":430.64,"max_ats":221.6151,"r_jmean_peak":3000,"r_ats_peak":3000,"r_ats_marginal":562.5,"ats_marginal_rate_max":0.145647,"ats_marginal_interval_start":500,"ats_marginal_interval_end":625,"ats_marginal_ats_mean":81.1131}},{"type":"Feature","geometry":{"type":"Polygon","coordinates":[[[-77.5218692,-9.1216878],[-77.5191906,-9.1218177],[-77.5165379,-9.1222062],[-77.5139365,-9.1228495],[-77.5114115,-9.1237415],[-77.5089872,-9.1248735],[-77.5066869,-9.1262347],[-77.5045329,-9.1278119],[-77.5025459,-9.1295899],[-77.5007449,-9.1315517],[-77.4991474,-9.1336783],[-77.4977687,-9.1359493],[-77.496622,-9.1383428],[-77.4957186,-9.1408357],[-77.495067,-9.143404],[-77.4946735,-9.146023],[-77.4945419,-9.1486674],[-77.4946735,-9.1513119],[-77.495067,-9.1539309],[-77.4957186,-9.1564992],[-77.496622,-9.1589921],[-77.4977687,-9.1613856],[-77.4991474,-9.1636565],[-77.5007449,-9.1657831],[-77.5025459,-9.1677449],[-77.5045329,-9.169523],[-77.5066869,-9.1711002],[-77.5089872,-9.1724614],[-77.5114115,-9.1735934],[-77.5139365,-9.1744853],[-77.5165379,-9.1751287],[-77.5191906,-9.1755172],[-77.5218692,-9.1756471],[-77.5245477,-9.1755172],[-77.5272004,-9.1751287],[-77.5298018,-9.1744853],[-77.5323269,-9.1735934],[-77.5347511,-9.1724614],[-77.5370514,-9.1711002],[-77.5392054,-9.169523],[-77.5411925,-9.1677449],[-77.5429934,-9.1657831],[-77.544591,-9.1636565],[-77.5459697,-9.1613856],[-77.5471163,-9.1589921],[-77.5480197,-9.1564992],[-77.5486713,-9.1539309],[-77.5490648,-9.1513119],[-77.5491964,-9.1486674],[-77.5490648,-9.146023],[-77.5486713,-9.143404],[-77.5480197,-9.1408357],[-77.5471163,-9.1383428],[-77.5459697,-9.1359493],[-77.544591,-9.1336783],[-77.5429934,-9.1315517],[-77.5411925,-9.1295899],[-77.5392054,-9.1278119],[-77.5370514,-9.1262347],[-77.5347511,-9.1248735],[-77.5323269,-9.1237415],[-77.5298018,-9.1228495],[-77.5272004,-9.1222062],[-77.5245477,-9.1218177],[-77.5218692,-9.1216878]]]},"properties":{"name":"Nevado Poroquingua","local_name":"Nevado Poroquingua","english_name":"Nevado Poroquingua","search_name":"Nevado Poroquingua Nevado Poroquingua Nevado Poroquingua Nevado Poroquingua Nevado Poroquingua Nevado Poroquingua","peak_elev":5673,"radius_m":3000,"layer":"平均突起响应半径","rank_pct":0.8427,"center_lon":-77.52186915789815,"center_lat":-9.148667432294236,"max_mean_jut":445.518,"max_ats":240.556,"r_jmean_peak":3000,"r_ats_peak":3750,"r_ats_marginal":687.5,"ats_marginal_rate_max":0.218295,"ats_marginal_interval_start":625,"ats_marginal_interval_end":750,"ats_marginal_ats_mean":94.8874}},{"type":"Feature","geometry":{"type":"Polygon","coordinates":[[[-77.5286065,-9.1311201],[-77.5259279,-9.13125],[-77.5232751,-9.1316385],[-77.5206736,-9.1322818],[-77.5181485,-9.1331738],[-77.5157242,-9.1343058],[-77.5134239,-9.135667],[-77.5112698,-9.1372442],[-77.5092827,-9.1390223],[-77.5074817,-9.140984],[-77.5058841,-9.1431107],[-77.5045054,-9.1453816],[-77.5033587,-9.1477751],[-77.5024553,-9.150268],[-77.5018036,-9.1528363],[-77.5014101,-9.1554553],[-77.5012785,-9.1580997],[-77.5014101,-9.1607442],[-77.5018036,-9.1633632],[-77.5024553,-9.1659315],[-77.5033587,-9.1684244],[-77.5045054,-9.1708179],[-77.5058841,-9.1730888],[-77.5074817,-9.1752155],[-77.5092827,-9.1771772],[-77.5112698,-9.1789553],[-77.5134239,-9.1805325],[-77.5157242,-9.1818937],[-77.5181485,-9.1830257],[-77.5206736,-9.1839177],[-77.5232751,-9.184561],[-77.5259279,-9.1849495],[-77.5286065,-9.1850794],[-77.5312851,-9.1849495],[-77.533938,-9.184561],[-77.5365394,-9.1839177],[-77.5390645,-9.1830257],[-77.5414889,-9.1818937],[-77.5437891,-9.1805325],[-77.5459432,-9.1789553],[-77.5479303,-9.1771772],[-77.5497314,-9.1752155],[-77.5513289,-9.1730888],[-77.5527077,-9.1708179],[-77.5538543,-9.1684244],[-77.5547578,-9.1659315],[-77.5554094,-9.1633632],[-77.5558029,-9.1607442],[-77.5559345,-9.1580997],[-77.5558029,-9.1554553],[-77.5554094,-9.1528363],[-77.5547578,-9.150268],[-77.5538543,-9.1477751],[-77.5527077,-9.1453816],[-77.5513289,-9.1431107],[-77.5497314,-9.140984],[-77.5479303,-9.1390223],[-77.5459432,-9.1372442],[-77.5437891,-9.135667],[-77.5414889,-9.1343058],[-77.5390645,-9.1331738],[-77.5365394,-9.1322818],[-77.533938,-9.1316385],[-77.5312851,-9.13125],[-77.5286065,-9.1311201]]]},"properties":{"name":"Nevado Ulta","local_name":"Nevado Ulta","english_name":"Nevado Ulta","search_name":"Nevado Ulta Nevado Ulta Nevado Ulta Nevado Ulta Nevado Ulta Nevado Ulta","peak_elev":5457,"radius_m":3000,"layer":"平均突起响应半径","rank_pct":0.8427,"center_lon":-77.52860652252905,"center_lat":-9.158099742777493,"max_mean_jut":292.1436,"max_ats":134.5321,"r_jmean_peak":3000,"r_ats_peak":3500,"r_ats_marginal":312.5,"ats_marginal_rate_max":0.179937,"ats_marginal_interval_start":250,"ats_marginal_interval_end":375,"ats_marginal_ats_mean":32.2459}},{"type":"Feature","geometry":{"type":"Polygon","coordinates":[[[-66.006096,0.8318252],[-66.0034513,0.8316953],[-66.000832,0.8313068],[-65.9982635,0.8306635],[-65.9957704,0.8297715],[-65.9933767,0.8286395],[-65.9911055,0.8272783],[-65.9889786,0.8257011],[-65.9870167,0.8239231],[-65.9852384,0.8219613],[-65.9836611,0.8198347],[-65.9822998,0.8175637],[-65.9811676,0.8151702],[-65.9802756,0.8126774],[-65.9796322,0.810109],[-65.9792437,0.80749],[-65.9791137,0.8048456],[-65.9792437,0.8022011],[-65.9796322,0.7995821],[-65.9802756,0.7970138],[-65.9811676,0.7945209],[-65.9822998,0.7921275],[-65.9836611,0.7898565],[-65.9852384,0.7877299],[-65.9870167,0.7857681],[-65.9889786,0.78399],[-65.9911055,0.7824128],[-65.9933767,0.7810517],[-65.9957704,0.7799196],[-65.9982635,0.7790277],[-66.000832,0.7783843],[-66.0034513,0.7779958],[-66.006096,0.7778659],[-66.0087408,0.7779958],[-66.01136,0.7783843],[-66.0139286,0.7790277],[-66.0164217,0.7799196],[-66.0188154,0.7810517],[-66.0210866,0.7824128],[-66.0232134,0.78399],[-66.0251754,0.7857681],[-66.0269536,0.7877299],[-66.028531,0.7898565],[-66.0298923,0.7921275],[-66.0310244,0.7945209],[-66.0319165,0.7970138],[-66.0325599,0.7995821],[-66.0329484,0.8022011],[-66.0330783,0.8048456],[-66.0329484,0.80749],[-66.0325599,0.810109],[-66.0319165,0.8126774],[-66.0310244,0.8151702],[-66.0298923,0.8175637],[-66.028531,0.8198347],[-66.0269536,0.8219613],[-66.0251754,0.8239231],[-66.0232134,0.8257011],[-66.0210866,0.8272783],[-66.0188154,0.8286395],[-66.0164217,0.8297715],[-66.0139286,0.8306635],[-66.01136,0.8313068],[-66.0087408,0.8316953],[-66.006096,0.8318252]]]},"properties":{"name":"Pico 31 de Março","local_name":"Pico 31 de Março","english_name":"Pico 31 de Março","search_name":"Pico 31 de Março Pico 31 de Março Pico 31 de Março Pico 31 de Março Pico 31 de Março Pico 31 de Março","peak_elev":2674,"radius_m":3000,"layer":"平均突起响应半径","rank_pct":0.8427,"center_lon":-66.00609603618476,"center_lat":0.8048455788068853,"max_mean_jut":257.3898,"max_ats":184.0966,"r_jmean_peak":3000,"r_ats_peak":30000,"r_ats_marginal":562.5,"ats_marginal_rate_max":0.083713,"ats_marginal_interval_start":500,"ats_marginal_interval_end":625,"ats_marginal_ats_mean":18.0908}},{"type":"Feature","geometry":{"type":"Polygon","coordinates":[[[-66.006635,0.8320947],[-66.0039903,0.8319648],[-66.001371,0.8315763],[-65.9988025,0.830933],[-65.9963093,0.830041],[-65.9939157,0.828909],[-65.9916445,0.8275478],[-65.9895176,0.8259706],[-65.9875556,0.8241926],[-65.9857774,0.8222308],[-65.9842001,0.8201042],[-65.9828388,0.8178332],[-65.9817066,0.8154397],[-65.9808146,0.8129469],[-65.9801712,0.8103785],[-65.9797826,0.8077595],[-65.9796527,0.8051151],[-65.9797826,0.8024706],[-65.9801712,0.7998516],[-65.9808146,0.7972833],[-65.9817066,0.7947904],[-65.9828388,0.792397],[-65.9842001,0.790126],[-65.9857774,0.7879994],[-65.9875556,0.7860376],[-65.9895176,0.7842595],[-65.9916445,0.7826823],[-65.9939157,0.7813211],[-65.9963093,0.7801891],[-65.9988025,0.7792972],[-66.001371,0.7786538],[-66.0039903,0.7782653],[-66.006635,0.7781354],[-66.0092798,0.7782653],[-66.011899,0.7786538],[-66.0144676,0.7792972],[-66.0169607,0.7801891],[-66.0193544,0.7813211],[-66.0216256,0.7826823],[-66.0237524,0.7842595],[-66.0257144,0.7860376],[-66.0274926,0.7879994],[-66.02907,0.790126],[-66.0304313,0.792397],[-66.0315634,0.7947904],[-66.0324555,0.7972833],[-66.0330989,0.7998516],[-66.0334874,0.8024706],[-66.0336173,0.8051151],[-66.0334874,0.8077595],[-66.0330989,0.8103785],[-66.0324555,0.8129469],[-66.0315634,0.8154397],[-66.0304313,0.8178332],[-66.02907,0.8201042],[-66.0274926,0.8222308],[-66.0257144,0.8241926],[-66.0237524,0.8259706],[-66.0216256,0.8275478],[-66.0193544,0.828909],[-66.0169607,0.830041],[-66.0144676,0.830933],[-66.011899,0.8315763],[-66.0092798,0.8319648],[-66.006635,0.8320947]]]},"properties":{"name":"Pico da Neblina","local_name":"Pico da Neblina","english_name":"Pico da Neblina","search_name":"Pico da Neblina Pico da Neblina Pico da Neblina Pico da Neblina Pico da Neblina Pico da Neblina","peak_elev":2691,"radius_m":3000,"layer":"平均突起响应半径","rank_pct":0.8427,"center_lon":-66.00663502535524,"center_lat":0.8051150733921212,"max_mean_jut":264.6977,"max_ats":187.4696,"r_jmean_peak":3000,"r_ats_peak":30000,"r_ats_marginal":562.5,"ats_marginal_rate_max":0.079883,"ats_marginal_interval_start":500,"ats_marginal_interval_end":625,"ats_marginal_ats_mean":25.3864}},{"type":"Feature","geometry":{"type":"Polygon","coordinates":[[[-69.7978849,-33.3974905],[-69.7947164,-33.3976204],[-69.7915784,-33.3980089],[-69.7885011,-33.3986523],[-69.7855142,-33.3995442],[-69.7826465,-33.4006763],[-69.7799255,-33.4020374],[-69.7773775,-33.4036146],[-69.775027,-33.4053927],[-69.7728966,-33.4073545],[-69.7710068,-33.4094811],[-69.7693759,-33.4117521],[-69.7680196,-33.4141455],[-69.7669508,-33.4166384],[-69.76618,-33.4192067],[-69.7657146,-33.4218257],[-69.7655589,-33.4244702],[-69.7657146,-33.4271146],[-69.76618,-33.4297336],[-69.7669508,-33.432302],[-69.7680196,-33.4347948],[-69.7693759,-33.4371883],[-69.7710068,-33.4394593],[-69.7728966,-33.4415859],[-69.775027,-33.4435477],[-69.7773775,-33.4453257],[-69.7799255,-33.4469029],[-69.7826465,-33.4482641],[-69.7855142,-33.4493961],[-69.7885011,-33.4502881],[-69.7915784,-33.4509314],[-69.7947164,-33.4513199],[-69.7978849,-33.4514498],[-69.8010533,-33.4513199],[-69.8041913,-33.4509314],[-69.8072686,-33.4502881],[-69.8102555,-33.4493961],[-69.8131232,-33.4482641],[-69.8158442,-33.4469029],[-69.8183922,-33.4453257],[-69.8207427,-33.4435477],[-69.8228731,-33.4415859],[-69.8247629,-33.4394593],[-69.8263938,-33.4371883],[-69.8277501,-33.4347948],[-69.8288189,-33.432302],[-69.8295897,-33.4297336],[-69.8300551,-33.4271146],[-69.8302108,-33.4244702],[-69.8300551,-33.4218257],[-69.8295897,-33.4192067],[-69.8288189,-33.4166384],[-69.8277501,-33.4141455],[-69.8263938,-33.4117521],[-69.8247629,-33.4094811],[-69.8228731,-33.4073545],[-69.8207427,-33.4053927],[-69.8183922,-33.4036146],[-69.8158442,-33.4020374],[-69.8131232,-33.4006763],[-69.8102555,-33.3995442],[-69.8072686,-33.3986523],[-69.8041913,-33.3980089],[-69.8010533,-33.3976204],[-69.7978849,-33.3974905]]]},"properties":{"name":"Volcán Tupungatito","local_name":"Volcán Tupungatito","english_name":"Volcán Tupungatito","search_name":"Volcán Tupungatito Volcán Tupungatito Volcán Tupungatito Volcán Tupungatito Volcán Tupungatito Volcán Tupungatito","peak_elev":5936,"radius_m":3000,"layer":"平均突起响应半径","rank_pct":0.8427,"center_lon":-69.79788485045326,"center_lat":-33.424470175754955,"max_mean_jut":302.2071,"max_ats":134.8594,"r_jmean_peak":3000,"r_ats_peak":4000,"r_ats_marginal":687.5,"ats_marginal_rate_max":0.092293,"ats_marginal_interval_start":625,"ats_marginal_interval_end":750,"ats_marginal_ats_mean":51.2735}},{"type":"Feature","geometry":{"type":"Polygon","coordinates":[[[-75.7957563,-12.4120395],[-75.793274,-12.4121586],[-75.7908156,-12.4125147],[-75.7884047,-12.4131044],[-75.7860646,-12.4139221],[-75.7838179,-12.4149598],[-75.7816862,-12.4162075],[-75.7796899,-12.4176533],[-75.7778484,-12.4192832],[-75.7761794,-12.4210815],[-75.7746988,-12.4230309],[-75.7734211,-12.4251126],[-75.7723585,-12.4273066],[-75.7715212,-12.4295917],[-75.7709173,-12.431946],[-75.7705527,-12.4343468],[-75.7704307,-12.4367709],[-75.7705527,-12.439195],[-75.7709173,-12.4415957],[-75.7715212,-12.44395],[-75.7723585,-12.4462351],[-75.7734211,-12.4484291],[-75.7746988,-12.4505109],[-75.7761794,-12.4524603],[-75.7778484,-12.4542586],[-75.7796899,-12.4558885],[-75.7816862,-12.4573342],[-75.7838179,-12.458582],[-75.7860646,-12.4596196],[-75.7884047,-12.4604373],[-75.7908156,-12.461027],[-75.793274,-12.4613831],[-75.7957563,-12.4615022],[-75.7982387,-12.4613831],[-75.8006971,-12.461027],[-75.803108,-12.4604373],[-75.805448,-12.4596196],[-75.8076948,-12.458582],[-75.8098265,-12.4573342],[-75.8118227,-12.4558885],[-75.8136643,-12.4542586],[-75.8153333,-12.4524603],[-75.8168138,-12.4505109],[-75.8180915,-12.4484291],[-75.8191542,-12.4462351],[-75.8199915,-12.44395],[-75.8205953,-12.4415957],[-75.82096,-12.439195],[-75.821082,-12.4367709],[-75.82096,-12.4343468],[-75.8205953,-12.431946],[-75.8199915,-12.4295917],[-75.8191542,-12.4273066],[-75.8180915,-12.4251126],[-75.8168138,-12.4230309],[-75.8153333,-12.4210815],[-75.8136643,-12.4192832],[-75.8118227,-12.4176533],[-75.8098265,-12.4162075],[-75.8076948,-12.4149598],[-75.805448,-12.4139221],[-75.803108,-12.4131044],[-75.8006971,-12.4125147],[-75.7982387,-12.4121586],[-75.7957563,-12.4120395]]]},"properties":{"name":"Cerro Acmancha Punta","local_name":"Cerro Acmancha Punta","english_name":"Cerro Acmancha Punta","search_name":"Cerro Acmancha Punta Cerro Acmancha Punta Cerro Acmancha Punta Cerro Acmancha Punta Cerro Acmancha Punta Cerro Acmancha Punta","peak_elev":4857,"radius_m":2750,"layer":"平均突起响应半径","rank_pct":0.8907,"center_lon":-75.79575633946249,"center_lat":-12.436770866756923,"max_mean_jut":307.4047,"max_ats":117.8245,"r_jmean_peak":2750,"r_ats_peak":2750,"r_ats_marginal":312.5,"ats_marginal_rate_max":0.145056,"ats_marginal_interval_start":250,"ats_marginal_interval_end":375,"ats_marginal_ats_mean":40.0059}},{"type":"Feature","geometry":{"type":"Polygon","coordinates":[[[-72.7566659,-12.9294691],[-72.7541785,-12.9295882],[-72.7517151,-12.9299443],[-72.7492993,-12.930534],[-72.7469545,-12.9313517],[-72.7447032,-12.9323894],[-72.7425671,-12.9336371],[-72.7405668,-12.9350829],[-72.7387215,-12.9367128],[-72.7370491,-12.9385111],[-72.7355655,-12.9404605],[-72.7342852,-12.9425422],[-72.7332204,-12.9447362],[-72.7323814,-12.9470213],[-72.7317763,-12.9493756],[-72.7314109,-12.9517764],[-72.7312887,-12.9542005],[-72.7314109,-12.9566246],[-72.7317763,-12.9590253],[-72.7323814,-12.9613796],[-72.7332204,-12.9636647],[-72.7342852,-12.9658587],[-72.7355655,-12.9679405],[-72.7370491,-12.9698899],[-72.7387215,-12.9716882],[-72.7405668,-12.9733181],[-72.7425671,-12.9747638],[-72.7447032,-12.9760116],[-72.7469545,-12.9770493],[-72.7492993,-12.9778669],[-72.7517151,-12.9784566],[-72.7541785,-12.9788127],[-72.7566659,-12.9789318],[-72.7591533,-12.9788127],[-72.7616167,-12.9784566],[-72.7640325,-12.9778669],[-72.7663773,-12.9770493],[-72.7686286,-12.9760116],[-72.7707647,-12.9747638],[-72.772765,-12.9733181],[-72.7746103,-12.9716882],[-72.7762827,-12.9698899],[-72.7777663,-12.9679405],[-72.7790466,-12.9658587],[-72.7801114,-12.9636647],[-72.7809504,-12.9613796],[-72.7815555,-12.9590253],[-72.7819209,-12.9566246],[-72.7820431,-12.9542005],[-72.7819209,-12.9517764],[-72.7815555,-12.9493756],[-72.7809504,-12.9470213],[-72.7801114,-12.9447362],[-72.7790466,-12.9425422],[-72.7777663,-12.9404605],[-72.7762827,-12.9385111],[-72.7746103,-12.9367128],[-72.772765,-12.9350829],[-72.7707647,-12.9336371],[-72.7686286,-12.9323894],[-72.7663773,-12.9313517],[-72.7640325,-12.930534],[-72.7616167,-12.9299443],[-72.7591533,-12.9295882],[-72.7566659,-12.9294691]]]},"properties":{"name":"Cerro Garabito","local_name":"Cerro Garabito","english_name":"Cerro Garabito","search_name":"Cerro Garabito Cerro Garabito Cerro Garabito Cerro Garabito Cerro Garabito Cerro Garabito","peak_elev":3668,"radius_m":2750,"layer":"平均突起响应半径","rank_pct":0.8907,"center_lon":-72.75666590175773,"center_lat":-12.954200470409766,"max_mean_jut":428.0595,"max_ats":233.3683,"r_jmean_peak":2750,"r_ats_peak":2750,"r_ats_marginal":187.5,"ats_marginal_rate_max":0.327385,"ats_marginal_interval_start":125,"ats_marginal_interval_end":250,"ats_marginal_ats_mean":33.6246}},{"type":"Feature","geometry":{"type":"Polygon","coordinates":[[[-77.6253551,-7.9718467],[-77.6229072,-7.9719658],[-77.6204829,-7.9723219],[-77.6181055,-7.9729117],[-77.6157979,-7.9737293],[-77.6135823,-7.974767],[-77.6114802,-7.9760147],[-77.6095116,-7.9774605],[-77.6076957,-7.9790904],[-77.6060498,-7.9808887],[-77.6045898,-7.9828381],[-77.6033298,-7.9849198],[-77.6022819,-7.9871138],[-77.6014563,-7.989399],[-77.6008608,-7.9917532],[-77.6005012,-7.994154],[-77.6003809,-7.9965781],[-77.6005012,-7.9990022],[-77.6008608,-8.0014029],[-77.6014563,-8.0037572],[-77.6022819,-8.0060424],[-77.6033298,-8.0082364],[-77.6045898,-8.0103181],[-77.6060498,-8.0122675],[-77.6076957,-8.0140658],[-77.6095116,-8.0156957],[-77.6114802,-8.0171414],[-77.6135823,-8.0183892],[-77.6157979,-8.0194269],[-77.6181055,-8.0202445],[-77.6204829,-8.0208342],[-77.6229072,-8.0211903],[-77.6253551,-8.0213094],[-77.627803,-8.0211903],[-77.6302273,-8.0208342],[-77.6326047,-8.0202445],[-77.6349123,-8.0194269],[-77.6371278,-8.0183892],[-77.63923,-8.0171414],[-77.6411985,-8.0156957],[-77.6430145,-8.0140658],[-77.6446604,-8.0122675],[-77.6461204,-8.0103181],[-77.6473803,-8.0082364],[-77.6484282,-8.0060424],[-77.6492539,-8.0037572],[-77.6498494,-8.0014029],[-77.650209,-7.9990022],[-77.6503293,-7.9965781],[-77.650209,-7.994154],[-77.6498494,-7.9917532],[-77.6492539,-7.989399],[-77.6484282,-7.9871138],[-77.6473803,-7.9849198],[-77.6461204,-7.9828381],[-77.6446604,-7.9808887],[-77.6430145,-7.9790904],[-77.6411985,-7.9774605],[-77.63923,-7.9760147],[-77.6371278,-7.974767],[-77.6349123,-7.9737293],[-77.6326047,-7.9729117],[-77.6302273,-7.9723219],[-77.627803,-7.9719658],[-77.6253551,-7.9718467]]]},"properties":{"name":"Cerro Potrero","local_name":"Cerro Potrero","english_name":"Cerro Potrero","search_name":"Cerro Potrero Cerro Potrero Cerro Potrero Cerro Potrero Cerro Potrero Cerro Potrero","peak_elev":2818,"radius_m":2750,"layer":"平均突起响应半径","rank_pct":0.8907,"center_lon":-77.62535507862871,"center_lat":-7.996578080410951,"max_mean_jut":281.8594,"max_ats":120.8036,"r_jmean_peak":2750,"r_ats_peak":3000,"r_ats_marginal":1937.5,"ats_marginal_rate_max":0.077348,"ats_marginal_interval_start":1875,"ats_marginal_interval_end":2000,"ats_marginal_ats_mean":78.1372}},{"type":"Feature","geometry":{"type":"Polygon","coordinates":[[[-75.6836466,-12.8055016],[-75.6811604,-12.8056207],[-75.6786982,-12.8059768],[-75.6762836,-12.8065665],[-75.67394,-12.8073842],[-75.6716898,-12.8084219],[-75.6695548,-12.8096696],[-75.6675554,-12.8111154],[-75.6657111,-12.8127453],[-75.6640395,-12.8145436],[-75.6625567,-12.816493],[-75.661277,-12.8185747],[-75.6602127,-12.8207687],[-75.6593741,-12.8230538],[-75.6587693,-12.8254081],[-75.6584041,-12.8278089],[-75.658282,-12.830233],[-75.6584041,-12.8326571],[-75.6587693,-12.8350578],[-75.6593741,-12.8374121],[-75.6602127,-12.8396972],[-75.661277,-12.8418912],[-75.6625567,-12.843973],[-75.6640395,-12.8459224],[-75.6657111,-12.8477207],[-75.6675554,-12.8493505],[-75.6695548,-12.8507963],[-75.6716898,-12.8520441],[-75.67394,-12.8530817],[-75.6762836,-12.8538994],[-75.6786982,-12.8544891],[-75.6811604,-12.8548452],[-75.6836466,-12.8549643],[-75.6861328,-12.8548452],[-75.688595,-12.8544891],[-75.6910096,-12.8538994],[-75.6933532,-12.8530817],[-75.6956034,-12.8520441],[-75.6977384,-12.8507963],[-75.6997377,-12.8493505],[-75.7015821,-12.8477207],[-75.7032537,-12.8459224],[-75.7047365,-12.843973],[-75.7060162,-12.8418912],[-75.7070805,-12.8396972],[-75.707919,-12.8374121],[-75.7085239,-12.8350578],[-75.7088891,-12.8326571],[-75.7090112,-12.830233],[-75.7088891,-12.8278089],[-75.7085239,-12.8254081],[-75.707919,-12.8230538],[-75.7070805,-12.8207687],[-75.7060162,-12.8185747],[-75.7047365,-12.816493],[-75.7032537,-12.8145436],[-75.7015821,-12.8127453],[-75.6997377,-12.8111154],[-75.6977384,-12.8096696],[-75.6956034,-12.8084219],[-75.6933532,-12.8073842],[-75.6910096,-12.8065665],[-75.688595,-12.8059768],[-75.6861328,-12.8056207],[-75.6836466,-12.8055016]]]},"properties":{"name":"Cerro Sasayo","local_name":"Cerro Sasayo","english_name":"Cerro Sasayo","search_name":"Cerro Sasayo Cerro Sasayo Cerro Sasayo Cerro Sasayo Cerro Sasayo Cerro Sasayo","peak_elev":4767,"radius_m":2750,"layer":"平均突起响应半径","rank_pct":0.8907,"center_lon":-75.68364659200437,"center_lat":-12.830232961201272,"max_mean_jut":258.2844,"max_ats":88.2945,"r_jmean_peak":2750,"r_ats_peak":3000,"r_ats_marginal":562.5,"ats_marginal_rate_max":0.092434,"ats_marginal_interval_start":500,"ats_marginal_interval_end":625,"ats_marginal_ats_mean":28.9388}},{"type":"Feature","geometry":{"type":"Polygon","coordinates":[[[-73.100002,-49.268119],[-73.0962852,-49.2682381],[-73.0926041,-49.2685942],[-73.0889943,-49.2691839],[-73.0854905,-49.2700016],[-73.0821265,-49.2710392],[-73.0789346,-49.272287],[-73.0759456,-49.2737328],[-73.0731883,-49.2753626],[-73.0706892,-49.2771609],[-73.0684724,-49.2791103],[-73.0665593,-49.2811921],[-73.0649682,-49.2833861],[-73.0637146,-49.2856712],[-73.0628103,-49.2880255],[-73.0622643,-49.2904262],[-73.0620817,-49.2928503],[-73.0622643,-49.2952744],[-73.0628103,-49.2976752],[-73.0637146,-49.3000295],[-73.0649682,-49.3023146],[-73.0665593,-49.3045086],[-73.0684724,-49.3065903],[-73.0706892,-49.3085397],[-73.0731883,-49.310338],[-73.0759456,-49.3119679],[-73.0789346,-49.3134137],[-73.0821265,-49.3146614],[-73.0854905,-49.3156991],[-73.0889943,-49.3165168],[-73.0926041,-49.3171065],[-73.0962852,-49.3174626],[-73.100002,-49.3175817],[-73.1037188,-49.3174626],[-73.1073999,-49.3171065],[-73.1110097,-49.3165168],[-73.1145135,-49.3156991],[-73.1178775,-49.3146614],[-73.1210694,-49.3134137],[-73.1240584,-49.3119679],[-73.1268157,-49.310338],[-73.1293148,-49.3085397],[-73.1315316,-49.3065903],[-73.1334447,-49.3045086],[-73.1350358,-49.3023146],[-73.1362895,-49.3000295],[-73.1371937,-49.2976752],[-73.1377397,-49.2952744],[-73.1379223,-49.2928503],[-73.1377397,-49.2904262],[-73.1371937,-49.2880255],[-73.1362895,-49.2856712],[-73.1350358,-49.2833861],[-73.1334447,-49.2811921],[-73.1315316,-49.2791103],[-73.1293148,-49.2771609],[-73.1268157,-49.2753626],[-73.1240584,-49.2737328],[-73.1210694,-49.272287],[-73.1178775,-49.2710392],[-73.1145135,-49.2700016],[-73.1110097,-49.2691839],[-73.1073999,-49.2685942],[-73.1037188,-49.2682381],[-73.100002,-49.268119]]]},"properties":{"name":"Cerro Torre [-73.09946,-49.29204]","local_name":"Cerro Torre","english_name":"Cerro Torre","search_name":"Cerro Torre Cerro Torre Cerro Torre Cerro Torre Cerro Torre Cerro Torre [-73.09946,-49.29204]","peak_elev":2505,"radius_m":2750,"layer":"平均突起响应半径","rank_pct":0.8907,"center_lon":-73.10000200334821,"center_lat":-49.292850343612656,"max_mean_jut":347.5147,"max_ats":175.1094,"r_jmean_peak":2750,"r_ats_peak":3000,"r_ats_marginal":562.5,"ats_marginal_rate_max":0.144657,"ats_marginal_interval_start":500,"ats_marginal_interval_end":625,"ats_marginal_ats_mean":53.4656}},{"type":"Feature","geometry":{"type":"Polygon","coordinates":[[[-77.5582509,-9.1481906],[-77.5557954,-9.1483097],[-77.5533636,-9.1486658],[-77.5509788,-9.1492555],[-77.5486641,-9.1500732],[-77.5464416,-9.1511108],[-77.5443329,-9.1523586],[-77.5423583,-9.1538044],[-77.5405367,-9.1554342],[-77.5388857,-9.1572325],[-77.5374212,-9.1591819],[-77.5361573,-9.1612637],[-77.5351062,-9.1634577],[-77.5342779,-9.1657428],[-77.5336806,-9.1680971],[-77.5333198,-9.1704978],[-77.5331992,-9.1729219],[-77.5333198,-9.175346],[-77.5336806,-9.1777468],[-77.5342779,-9.1801011],[-77.5351062,-9.1823862],[-77.5361573,-9.1845802],[-77.5374212,-9.1866619],[-77.5388857,-9.1886113],[-77.5405367,-9.1904096],[-77.5423583,-9.1920395],[-77.5443329,-9.1934853],[-77.5464416,-9.194733],[-77.5486641,-9.1957707],[-77.5509788,-9.1965884],[-77.5533636,-9.1971781],[-77.5557954,-9.1975342],[-77.5582509,-9.1976533],[-77.5607064,-9.1975342],[-77.5631383,-9.1971781],[-77.5655231,-9.1965884],[-77.5678378,-9.1957707],[-77.5700602,-9.194733],[-77.5721689,-9.1934853],[-77.5741436,-9.1920395],[-77.5759652,-9.1904096],[-77.5776162,-9.1886113],[-77.5790807,-9.1866619],[-77.5803446,-9.1845802],[-77.5813957,-9.1823862],[-77.5822239,-9.1801011],[-77.5828213,-9.1777468],[-77.583182,-9.175346],[-77.5833026,-9.1729219],[-77.583182,-9.1704978],[-77.5828213,-9.1680971],[-77.5822239,-9.1657428],[-77.5813957,-9.1634577],[-77.5803446,-9.1612637],[-77.5790807,-9.1591819],[-77.5776162,-9.1572325],[-77.5759652,-9.1554342],[-77.5741436,-9.1538044],[-77.5721689,-9.1523586],[-77.5700602,-9.1511108],[-77.5678378,-9.1500732],[-77.5655231,-9.1492555],[-77.5631383,-9.1486658],[-77.5607064,-9.1483097],[-77.5582509,-9.1481906]]]},"properties":{"name":"Nevado Chequiarajo","local_name":"Nevado Chequiarajo","english_name":"Nevado Chequiarajo","search_name":"Nevado Chequiarajo Nevado Chequiarajo Nevado Chequiarajo Nevado Chequiarajo Nevado Chequiarajo Nevado Chequiarajo","peak_elev":5253,"radius_m":2750,"layer":"平均突起响应半径","rank_pct":0.8907,"center_lon":-77.55825092690499,"center_lat":-9.172921944965465,"max_mean_jut":333.7683,"max_ats":163.9827,"r_jmean_peak":2750,"r_ats_peak":2750,"r_ats_marginal":312.5,"ats_marginal_rate_max":0.13105,"ats_marginal_interval_start":250,"ats_marginal_interval_end":375,"ats_marginal_ats_mean":27.2801}},{"type":"Feature","geometry":{"type":"Polygon","coordinates":[[[-76.8947553,-10.2792594],[-76.8922914,-10.2793785],[-76.8898513,-10.2797346],[-76.8874584,-10.2803243],[-76.8851358,-10.2811419],[-76.8829059,-10.2821796],[-76.88079,-10.2834274],[-76.8788087,-10.2848731],[-76.8769809,-10.286503],[-76.8753243,-10.2883013],[-76.8738548,-10.2902507],[-76.8725866,-10.2923324],[-76.8715319,-10.2945264],[-76.8707009,-10.2968116],[-76.8701015,-10.2991659],[-76.8697396,-10.3015666],[-76.8696185,-10.3039907],[-76.8697396,-10.3064148],[-76.8701015,-10.3088156],[-76.8707009,-10.3111698],[-76.8715319,-10.313455],[-76.8725866,-10.315649],[-76.8738548,-10.3177307],[-76.8753243,-10.3196801],[-76.8769809,-10.3214784],[-76.8788087,-10.3231083],[-76.88079,-10.3245541],[-76.8829059,-10.3258018],[-76.8851358,-10.3268395],[-76.8874584,-10.3276571],[-76.8898513,-10.3282469],[-76.8922914,-10.328603],[-76.8947553,-10.3287221],[-76.8972191,-10.328603],[-76.8996592,-10.3282469],[-76.9020521,-10.3276571],[-76.9043747,-10.3268395],[-76.9066046,-10.3258018],[-76.9087205,-10.3245541],[-76.9107018,-10.3231083],[-76.9125296,-10.3214784],[-76.9141862,-10.3196801],[-76.9156557,-10.3177307],[-76.9169239,-10.315649],[-76.9179786,-10.313455],[-76.9188096,-10.3111698],[-76.919409,-10.3088156],[-76.919771,-10.3064148],[-76.919892,-10.3039907],[-76.919771,-10.3015666],[-76.919409,-10.2991659],[-76.9188096,-10.2968116],[-76.9179786,-10.2945264],[-76.9169239,-10.2923324],[-76.9156557,-10.2902507],[-76.9141862,-10.2883013],[-76.9125296,-10.286503],[-76.9107018,-10.2848731],[-76.9087205,-10.2834274],[-76.9066046,-10.2821796],[-76.9043747,-10.2811419],[-76.9020521,-10.2803243],[-76.8996592,-10.2797346],[-76.8972191,-10.2793785],[-76.8947553,-10.2792594]]]},"properties":{"name":"Nevado Sarapo","local_name":"Nevado Sarapo","english_name":"Nevado Sarapo","search_name":"Nevado Sarapo Nevado Sarapo Nevado Sarapo Nevado Sarapo Nevado Sarapo Nevado Sarapo","peak_elev":6053,"radius_m":2750,"layer":"平均突起响应半径","rank_pct":0.8907,"center_lon":-76.8947552580543,"center_lat":-10.303990719200357,"max_mean_jut":428.4849,"max_ats":231.4736,"r_jmean_peak":2750,"r_ats_peak":3250,"r_ats_marginal":562.5,"ats_marginal_rate_max":0.243418,"ats_marginal_interval_start":500,"ats_marginal_interval_end":625,"ats_marginal_ats_mean":97.6206}},{"type":"Feature","geometry":{"type":"Polygon","coordinates":[[[-73.0991935,-49.267041],[-73.0954768,-49.2671601],[-73.0917958,-49.2675162],[-73.0881861,-49.2681059],[-73.0846824,-49.2689236],[-73.0813184,-49.2699613],[-73.0781266,-49.271209],[-73.0751377,-49.2726548],[-73.0723804,-49.2742847],[-73.0698814,-49.276083],[-73.0676646,-49.2780324],[-73.0657515,-49.2801141],[-73.0641605,-49.2823081],[-73.0629069,-49.2845932],[-73.0620027,-49.2869475],[-73.0614567,-49.2893483],[-73.0612741,-49.2917724],[-73.0614567,-49.2941965],[-73.0620027,-49.2965972],[-73.0629069,-49.2989515],[-73.0641605,-49.3012366],[-73.0657515,-49.3034306],[-73.0676646,-49.3055124],[-73.0698814,-49.3074618],[-73.0723804,-49.3092601],[-73.0751377,-49.31089],[-73.0781266,-49.3123357],[-73.0813184,-49.3135835],[-73.0846824,-49.3146211],[-73.0881861,-49.3154388],[-73.0917958,-49.3160285],[-73.0954768,-49.3163846],[-73.0991935,-49.3165037],[-73.1029103,-49.3163846],[-73.1065912,-49.3160285],[-73.110201,-49.3154388],[-73.1137047,-49.3146211],[-73.1170686,-49.3135835],[-73.1202604,-49.3123357],[-73.1232494,-49.31089],[-73.1260066,-49.3092601],[-73.1285057,-49.3074618],[-73.1307224,-49.3055124],[-73.1326355,-49.3034306],[-73.1342265,-49.3012366],[-73.1354802,-49.2989515],[-73.1363844,-49.2965972],[-73.1369304,-49.2941965],[-73.137113,-49.2917724],[-73.1369304,-49.2893483],[-73.1363844,-49.2869475],[-73.1354802,-49.2845932],[-73.1342265,-49.2823081],[-73.1326355,-49.2801141],[-73.1307224,-49.2780324],[-73.1285057,-49.276083],[-73.1260066,-49.2742847],[-73.1232494,-49.2726548],[-73.1202604,-49.271209],[-73.1170686,-49.2699613],[-73.1137047,-49.2689236],[-73.110201,-49.2681059],[-73.1065912,-49.2675162],[-73.1029103,-49.2671601],[-73.0991935,-49.267041]]]},"properties":{"name":"Torre Egger","local_name":"Torre Egger","english_name":"Torre Egger","search_name":"Torre Egger Torre Egger Torre Egger Torre Egger Torre Egger Torre Egger","peak_elev":2495,"radius_m":2750,"layer":"平均突起响应半径","rank_pct":0.8907,"center_lon":-73.0991935195925,"center_lat":-49.29177236527171,"max_mean_jut":350.6076,"max_ats":175.2592,"r_jmean_peak":2750,"r_ats_peak":3000,"r_ats_marginal":687.5,"ats_marginal_rate_max":0.159796,"ats_marginal_interval_start":625,"ats_marginal_interval_end":750,"ats_marginal_ats_mean":80.0967}},{"type":"Feature","geometry":{"type":"Polygon","coordinates":[[[-77.8967361,-7.5871008],[-77.8945128,-7.5872091],[-77.8923109,-7.5875328],[-77.8901517,-7.5880689],[-77.8880558,-7.5888122],[-77.8860435,-7.5897556],[-77.8841342,-7.5908899],[-77.8823463,-7.5922042],[-77.880697,-7.5936859],[-77.8792021,-7.5953208],[-77.8778761,-7.5970929],[-77.8767317,-7.5989854],[-77.87578,-7.60098],[-77.87503,-7.6030574],[-77.8744892,-7.6051976],[-77.8741626,-7.6073801],[-77.8740533,-7.6095839],[-77.8741626,-7.6117876],[-77.8744892,-7.6139701],[-77.87503,-7.6161103],[-77.87578,-7.6181877],[-77.8767317,-7.6201823],[-77.8778761,-7.6220748],[-77.8792021,-7.6238469],[-77.880697,-7.6254818],[-77.8823463,-7.6269635],[-77.8841342,-7.6282778],[-77.8860435,-7.6294121],[-77.8880558,-7.6303555],[-77.8901517,-7.6310988],[-77.8923109,-7.6316349],[-77.8945128,-7.6319586],[-77.8967361,-7.6320669],[-77.8989594,-7.6319586],[-77.9011613,-7.6316349],[-77.9033206,-7.6310988],[-77.9054165,-7.6303555],[-77.9074287,-7.6294121],[-77.909338,-7.6282778],[-77.9111259,-7.6269635],[-77.9127753,-7.6254818],[-77.9142702,-7.6238469],[-77.9155962,-7.6220748],[-77.9167406,-7.6201823],[-77.9176923,-7.6181877],[-77.9184422,-7.6161103],[-77.9189831,-7.6139701],[-77.9193097,-7.6117876],[-77.9194189,-7.6095839],[-77.9193097,-7.6073801],[-77.9189831,-7.6051976],[-77.9184422,-7.6030574],[-77.9176923,-7.60098],[-77.9167406,-7.5989854],[-77.9155962,-7.5970929],[-77.9142702,-7.5953208],[-77.9127753,-7.5936859],[-77.9111259,-7.5922042],[-77.909338,-7.5908899],[-77.9074287,-7.5897556],[-77.9054165,-7.5888122],[-77.9033206,-7.5880689],[-77.9011613,-7.5875328],[-77.8989594,-7.5872091],[-77.8967361,-7.5871008]]]},"properties":{"name":"Cerro Amangay","local_name":"Cerro Amangay","english_name":"Cerro Amangay","search_name":"Cerro Amangay Cerro Amangay Cerro Amangay Cerro Amangay Cerro Amangay Cerro Amangay","peak_elev":3387,"radius_m":2500,"layer":"平均突起响应半径","rank_pct":0.912,"center_lon":-77.89673612596123,"center_lat":-7.609583856012261,"max_mean_jut":272.5497,"max_ats":88.4768,"r_jmean_peak":2500,"r_ats_peak":2000,"r_ats_marginal":1187.5,"ats_marginal_rate_max":0.070498,"ats_marginal_interval_start":1125,"ats_marginal_interval_end":1250,"ats_marginal_ats_mean":55.6849}},{"type":"Feature","geometry":{"type":"Polygon","coordinates":[[[-72.2338464,-15.7258373],[-72.2315567,-15.7259456],[-72.2292891,-15.7262693],[-72.2270654,-15.7268054],[-72.224907,-15.7275487],[-72.2228346,-15.7284921],[-72.2208683,-15.7296264],[-72.219027,-15.7309407],[-72.2173285,-15.7324224],[-72.215789,-15.7340572],[-72.2144234,-15.7358294],[-72.2132448,-15.7377219],[-72.2122647,-15.7397164],[-72.2114924,-15.7417938],[-72.2109354,-15.7439341],[-72.210599,-15.7461166],[-72.2104865,-15.7483203],[-72.210599,-15.7505241],[-72.2109354,-15.7527066],[-72.2114924,-15.7548468],[-72.2122647,-15.7569242],[-72.2132448,-15.7589188],[-72.2144234,-15.7608112],[-72.215789,-15.7625834],[-72.2173285,-15.7642182],[-72.219027,-15.7657],[-72.2208683,-15.7670143],[-72.2228346,-15.7681486],[-72.224907,-15.769092],[-72.2270654,-15.7698353],[-72.2292891,-15.7703714],[-72.2315567,-15.7706951],[-72.2338464,-15.7708034],[-72.2361361,-15.7706951],[-72.2384037,-15.7703714],[-72.2406274,-15.7698353],[-72.2427859,-15.769092],[-72.2448582,-15.7681486],[-72.2468245,-15.7670143],[-72.2486658,-15.7657],[-72.2503643,-15.7642182],[-72.2519039,-15.7625834],[-72.2532695,-15.7608112],[-72.254448,-15.7589188],[-72.2554281,-15.7569242],[-72.2562004,-15.7548468],[-72.2567574,-15.7527066],[-72.2570938,-15.7505241],[-72.2572063,-15.7483203],[-72.2570938,-15.7461166],[-72.2567574,-15.7439341],[-72.2562004,-15.7417938],[-72.2554281,-15.7397164],[-72.254448,-15.7377219],[-72.2532695,-15.7358294],[-72.2519039,-15.7340572],[-72.2503643,-15.7324224],[-72.2486658,-15.7309407],[-72.2468245,-15.7296264],[-72.2448582,-15.7284921],[-72.2427859,-15.7275487],[-72.2406274,-15.7268054],[-72.2384037,-15.7262693],[-72.2361361,-15.7259456],[-72.2338464,-15.7258373]]]},"properties":{"name":"Cerro Filayoc","local_name":"Cerro Filayoc","english_name":"Cerro Filayoc","search_name":"Cerro Filayoc Cerro Filayoc Cerro Filayoc Cerro Filayoc Cerro Filayoc Cerro Filayoc","peak_elev":2876,"radius_m":2500,"layer":"平均突起响应半径","rank_pct":0.912,"center_lon":-72.23384640640018,"center_lat":-15.748320330135126,"max_mean_jut":271.8382,"max_ats":86.7137,"r_jmean_peak":2500,"r_ats_peak":2750,"r_ats_marginal":312.5,"ats_marginal_rate_max":0.086791,"ats_marginal_interval_start":250,"ats_marginal_interval_end":375,"ats_marginal_ats_mean":19.5123}},{"type":"Feature","geometry":{"type":"Polygon","coordinates":[[[-74.8708509,-11.8478102],[-74.868599,-11.8479185],[-74.8663689,-11.8482422],[-74.8641818,-11.8487783],[-74.862059,-11.8495216],[-74.8600209,-11.850465],[-74.8580871,-11.8515993],[-74.8562762,-11.8529136],[-74.8546056,-11.8543953],[-74.8530915,-11.8560302],[-74.8517485,-11.8578023],[-74.8505894,-11.8596948],[-74.8496254,-11.8616894],[-74.8488659,-11.8637668],[-74.848318,-11.865907],[-74.8479872,-11.8680895],[-74.8478766,-11.8702932],[-74.8479872,-11.872497],[-74.848318,-11.8746795],[-74.8488659,-11.8768197],[-74.8496254,-11.8788971],[-74.8505894,-11.8808917],[-74.8517485,-11.8827842],[-74.8530915,-11.8845563],[-74.8546056,-11.8861912],[-74.8562762,-11.8876729],[-74.8580871,-11.8889872],[-74.8600209,-11.8901215],[-74.862059,-11.8910649],[-74.8641818,-11.8918082],[-74.8663689,-11.8923443],[-74.868599,-11.892668],[-74.8708509,-11.8927763],[-74.8731028,-11.892668],[-74.875333,-11.8923443],[-74.87752,-11.8918082],[-74.8796428,-11.8910649],[-74.8816809,-11.8901215],[-74.8836148,-11.8889872],[-74.8854257,-11.8876729],[-74.8870962,-11.8861912],[-74.8886103,-11.8845563],[-74.8899534,-11.8827842],[-74.8911125,-11.8808917],[-74.8920764,-11.8788971],[-74.892836,-11.8768197],[-74.8933838,-11.8746795],[-74.8937146,-11.872497],[-74.8938253,-11.8702932],[-74.8937146,-11.8680895],[-74.8933838,-11.865907],[-74.892836,-11.8637668],[-74.8920764,-11.8616894],[-74.8911125,-11.8596948],[-74.8899534,-11.8578023],[-74.8886103,-11.8560302],[-74.8870962,-11.8543953],[-74.8854257,-11.8529136],[-74.8836148,-11.8515993],[-74.8816809,-11.850465],[-74.8796428,-11.8495216],[-74.87752,-11.8487783],[-74.875333,-11.8482422],[-74.8731028,-11.8479185],[-74.8708509,-11.8478102]]]},"properties":{"name":"Cerro Huarmipunta","local_name":"Cerro Huarmipunta","english_name":"Cerro Huarmipunta","search_name":"Cerro Huarmipunta Cerro Huarmipunta Cerro Huarmipunta Cerro Huarmipunta Cerro Huarmipunta Cerro Huarmipunta","peak_elev":5234,"radius_m":2500,"layer":"平均突起响应半径","rank_pct":0.912,"center_lon":-74.87085092293303,"center_lat":-11.870293248591151,"max_mean_jut":284.4639,"max_ats":146.3561,"r_jmean_peak":2500,"r_ats_peak":2750,"r_ats_marginal":687.5,"ats_marginal_rate_max":0.122894,"ats_marginal_interval_start":625,"ats_marginal_interval_end":750,"ats_marginal_ats_mean":54.6558}},{"type":"Feature","geometry":{"type":"Polygon","coordinates":[[[-72.9067744,-15.4186135],[-72.9044881,-15.4187217],[-72.9022239,-15.4190455],[-72.9000035,-15.4195816],[-72.8978483,-15.4203249],[-72.8957791,-15.4212682],[-72.8938157,-15.4224025],[-72.8919772,-15.4237169],[-72.8902811,-15.4251986],[-72.8887439,-15.4268334],[-72.8873804,-15.4286056],[-72.8862036,-15.4304981],[-72.8852249,-15.4324926],[-72.8844538,-15.43457],[-72.8838976,-15.4367103],[-72.8835617,-15.4388928],[-72.8834494,-15.4410965],[-72.8835617,-15.4433002],[-72.8838976,-15.4454827],[-72.8844538,-15.447623],[-72.8852249,-15.4497004],[-72.8862036,-15.4516949],[-72.8873804,-15.4535874],[-72.8887439,-15.4553596],[-72.8902811,-15.4569944],[-72.8919772,-15.4584761],[-72.8938157,-15.4597905],[-72.8957791,-15.4609248],[-72.8978483,-15.4618681],[-72.9000035,-15.4626114],[-72.9022239,-15.4631475],[-72.9044881,-15.4634713],[-72.9067744,-15.4635795],[-72.9090606,-15.4634713],[-72.9113249,-15.4631475],[-72.9135453,-15.4626114],[-72.9157005,-15.4618681],[-72.9177697,-15.4609248],[-72.919733,-15.4597905],[-72.9215716,-15.4584761],[-72.9232676,-15.4569944],[-72.9248048,-15.4553596],[-72.9261684,-15.4535874],[-72.9273452,-15.4516949],[-72.9283238,-15.4497004],[-72.929095,-15.447623],[-72.9296512,-15.4454827],[-72.929987,-15.4433002],[-72.9300993,-15.4410965],[-72.929987,-15.4388928],[-72.9296512,-15.4367103],[-72.929095,-15.43457],[-72.9283238,-15.4324926],[-72.9273452,-15.4304981],[-72.9261684,-15.4286056],[-72.9248048,-15.4268334],[-72.9232676,-15.4251986],[-72.9215716,-15.4237169],[-72.919733,-15.4224025],[-72.9177697,-15.4212682],[-72.9157005,-15.4203249],[-72.9135453,-15.4195816],[-72.9113249,-15.4190455],[-72.9090606,-15.4187217],[-72.9067744,-15.4186135]]]},"properties":{"name":"Cerro Sapatagra","local_name":"Cerro Sapatagra","english_name":"Cerro Sapatagra","search_name":"Cerro Sapatagra Cerro Sapatagra Cerro Sapatagra Cerro Sapatagra Cerro Sapatagra Cerro Sapatagra","peak_elev":5246,"radius_m":2500,"layer":"平均突起响应半径","rank_pct":0.912,"center_lon":-72.90677438573411,"center_lat":-15.44109650296625,"max_mean_jut":278.9024,"max_ats":96.6044,"r_jmean_peak":2500,"r_ats_peak":2250,"r_ats_marginal":562.5,"ats_marginal_rate_max":0.076962,"ats_marginal_interval_start":500,"ats_marginal_interval_end":625,"ats_marginal_ats_mean":36.0708}},{"type":"Feature","geometry":{"type":"Polygon","coordinates":[[[-74.8500998,-11.8744902],[-74.8478477,-11.8745984],[-74.8456173,-11.8749222],[-74.8434301,-11.8754583],[-74.8413071,-11.8762016],[-74.8392688,-11.8771449],[-74.8373347,-11.8782792],[-74.8355237,-11.8795936],[-74.8338529,-11.8810753],[-74.8323387,-11.8827101],[-74.8309955,-11.8844823],[-74.8298363,-11.8863748],[-74.8288722,-11.8883693],[-74.8281126,-11.8904467],[-74.8275647,-11.892587],[-74.8272339,-11.8947695],[-74.8271233,-11.8969732],[-74.8272339,-11.8991769],[-74.8275647,-11.9013594],[-74.8281126,-11.9034997],[-74.8288722,-11.9055771],[-74.8298363,-11.9075716],[-74.8309955,-11.9094641],[-74.8323387,-11.9112363],[-74.8338529,-11.9128711],[-74.8355237,-11.9143528],[-74.8373347,-11.9156672],[-74.8392688,-11.9168015],[-74.8413071,-11.9177448],[-74.8434301,-11.9184881],[-74.8456173,-11.9190242],[-74.8478477,-11.919348],[-74.8500998,-11.9194563],[-74.8523519,-11.919348],[-74.8545823,-11.9190242],[-74.8567696,-11.9184881],[-74.8588926,-11.9177448],[-74.8609309,-11.9168015],[-74.8628649,-11.9156672],[-74.864676,-11.9143528],[-74.8663467,-11.9128711],[-74.867861,-11.9112363],[-74.8692042,-11.9094641],[-74.8703634,-11.9075716],[-74.8713274,-11.9055771],[-74.8720871,-11.9034997],[-74.8726349,-11.9013594],[-74.8729658,-11.8991769],[-74.8730764,-11.8969732],[-74.8729658,-11.8947695],[-74.8726349,-11.892587],[-74.8720871,-11.8904467],[-74.8713274,-11.8883693],[-74.8703634,-11.8863748],[-74.8692042,-11.8844823],[-74.867861,-11.8827101],[-74.8663467,-11.8810753],[-74.864676,-11.8795936],[-74.8628649,-11.8782792],[-74.8609309,-11.8771449],[-74.8588926,-11.8762016],[-74.8567696,-11.8754583],[-74.8545823,-11.8749222],[-74.8523519,-11.8745984],[-74.8500998,-11.8744902]]]},"properties":{"name":"Nevado Lalaccotuna","local_name":"Nevado Lalaccotuna","english_name":"Nevado Lalaccotuna","search_name":"Nevado Lalaccotuna Nevado Lalaccotuna Nevado Lalaccotuna Nevado Lalaccotuna Nevado Lalaccotuna Nevado Lalaccotuna","peak_elev":5223,"radius_m":2500,"layer":"平均突起响应半径","rank_pct":0.912,"center_lon":-74.85009983986987,"center_lat":-11.896973212529502,"max_mean_jut":319.7739,"max_ats":157.2361,"r_jmean_peak":2500,"r_ats_peak":2500,"r_ats_marginal":812.5,"ats_marginal_rate_max":0.142435,"ats_marginal_interval_start":750,"ats_marginal_interval_end":875,"ats_marginal_ats_mean":88.7204}},{"type":"Feature","geometry":{"type":"Polygon","coordinates":[[[-77.7129408,-8.9801183],[-77.7107096,-8.9802266],[-77.7084999,-8.9805503],[-77.7063329,-8.9810864],[-77.7042296,-8.9818297],[-77.7022102,-8.9827731],[-77.7002941,-8.9839074],[-77.6984998,-8.9852217],[-77.6968446,-8.9867035],[-77.6953444,-8.9883383],[-77.6940137,-8.9901105],[-77.6928652,-8.9920029],[-77.6919101,-8.9939975],[-77.6911575,-8.9960749],[-77.6906148,-8.9982151],[-77.690287,-9.0003976],[-77.6901774,-9.0026014],[-77.690287,-9.0048051],[-77.6906148,-9.0069876],[-77.6911575,-9.0091278],[-77.6919101,-9.0112053],[-77.6928652,-9.0131998],[-77.6940137,-9.0150923],[-77.6953444,-9.0168645],[-77.6968446,-9.0184993],[-77.6984998,-9.019981],[-77.7002941,-9.0212953],[-77.7022102,-9.0224296],[-77.7042296,-9.023373],[-77.7063329,-9.0241163],[-77.7084999,-9.0246524],[-77.7107096,-9.0249761],[-77.7129408,-9.0250844],[-77.715172,-9.0249761],[-77.7173817,-9.0246524],[-77.7195487,-9.0241163],[-77.721652,-9.023373],[-77.7236714,-9.0224296],[-77.7255875,-9.0212953],[-77.7273818,-9.019981],[-77.729037,-9.0184993],[-77.7305372,-9.0168645],[-77.7318679,-9.0150923],[-77.7330164,-9.0131998],[-77.7339715,-9.0112053],[-77.7347241,-9.0091278],[-77.7352669,-9.0069876],[-77.7355947,-9.0048051],[-77.7357043,-9.0026014],[-77.7355947,-9.0003976],[-77.7352669,-8.9982151],[-77.7347241,-8.9960749],[-77.7339715,-8.9939975],[-77.7330164,-8.9920029],[-77.7318679,-8.9901105],[-77.7305372,-8.9883383],[-77.729037,-8.9867035],[-77.7273818,-8.9852217],[-77.7255875,-8.9839074],[-77.7236714,-8.9827731],[-77.721652,-8.9818297],[-77.7195487,-8.9810864],[-77.7173817,-8.9805503],[-77.715172,-8.9802266],[-77.7129408,-8.9801183]]]},"properties":{"name":"Nevado Putaca","local_name":"Nevado Putaca","english_name":"Nevado Putaca","search_name":"Nevado Putaca Nevado Putaca Nevado Putaca Nevado Putaca Nevado Putaca Nevado Putaca","peak_elev":5324,"radius_m":2500,"layer":"平均突起响应半径","rank_pct":0.912,"center_lon":-77.71294081883038,"center_lat":-9.002601367096403,"max_mean_jut":354.8113,"max_ats":160.0633,"r_jmean_peak":2500,"r_ats_peak":2500,"r_ats_marginal":187.5,"ats_marginal_rate_max":0.421172,"ats_marginal_interval_start":125,"ats_marginal_interval_end":250,"ats_marginal_ats_mean":48.3646}},{"type":"Feature","geometry":{"type":"Polygon","coordinates":[[[-75.9593396,-12.2369604],[-75.9570844,-12.2370687],[-75.954851,-12.2373924],[-75.9526608,-12.2379285],[-75.9505349,-12.2386718],[-75.9484938,-12.2396152],[-75.9465572,-12.2407495],[-75.9447436,-12.2420638],[-75.9430706,-12.2435455],[-75.9415544,-12.2451803],[-75.9402093,-12.2469525],[-75.9390486,-12.248845],[-75.9380832,-12.2508395],[-75.9373226,-12.2529169],[-75.9367739,-12.2550572],[-75.9364426,-12.2572397],[-75.9363318,-12.2594434],[-75.9364426,-12.2616472],[-75.9367739,-12.2638297],[-75.9373226,-12.2659699],[-75.9380832,-12.2680473],[-75.9390486,-12.2700419],[-75.9402093,-12.2719343],[-75.9415544,-12.2737065],[-75.9430706,-12.2753413],[-75.9447436,-12.2768231],[-75.9465572,-12.2781374],[-75.9484938,-12.2792717],[-75.9505349,-12.2802151],[-75.9526608,-12.2809584],[-75.954851,-12.2814945],[-75.9570844,-12.2818182],[-75.9593396,-12.2819265],[-75.9615947,-12.2818182],[-75.9638281,-12.2814945],[-75.9660183,-12.2809584],[-75.9681442,-12.2802151],[-75.9701853,-12.2792717],[-75.9721219,-12.2781374],[-75.9739355,-12.2768231],[-75.9756085,-12.2753413],[-75.9771247,-12.2737065],[-75.9784698,-12.2719343],[-75.9796305,-12.2700419],[-75.9805959,-12.2680473],[-75.9813566,-12.2659699],[-75.9819052,-12.2638297],[-75.9822365,-12.2616472],[-75.9823473,-12.2594434],[-75.9822365,-12.2572397],[-75.9819052,-12.2550572],[-75.9813566,-12.2529169],[-75.9805959,-12.2508395],[-75.9796305,-12.248845],[-75.9784698,-12.2469525],[-75.9771247,-12.2451803],[-75.9756085,-12.2435455],[-75.9739355,-12.2420638],[-75.9721219,-12.2407495],[-75.9701853,-12.2396152],[-75.9681442,-12.2386718],[-75.9660183,-12.2379285],[-75.9638281,-12.2373924],[-75.9615947,-12.2370687],[-75.9593396,-12.2369604]]]},"properties":{"name":"Nevado Ticlla","local_name":"Nevado Ticlla","english_name":"Nevado Ticlla","search_name":"Nevado Ticlla Nevado Ticlla Nevado Ticlla Nevado Ticlla Nevado Ticlla Nevado Ticlla","peak_elev":5868,"radius_m":2500,"layer":"平均突起响应半径","rank_pct":0.912,"center_lon":-75.95933955270065,"center_lat":-12.259443429671729,"max_mean_jut":365.1731,"max_ats":198.5816,"r_jmean_peak":2500,"r_ats_peak":3000,"r_ats_marginal":437.5,"ats_marginal_rate_max":0.155202,"ats_marginal_interval_start":375,"ats_marginal_interval_end":500,"ats_marginal_ats_mean":50.3706}},{"type":"Feature","geometry":{"type":"Polygon","coordinates":[[[-73.0474506,-49.254829],[-73.0444106,-49.2549264],[-73.0413999,-49.2552178],[-73.0384475,-49.2557003],[-73.0355818,-49.2563692],[-73.0328304,-49.2572183],[-73.0302198,-49.2582391],[-73.0277752,-49.259422],[-73.02552,-49.2607556],[-73.023476,-49.2622269],[-73.0216629,-49.2638219],[-73.0200982,-49.2655251],[-73.0187969,-49.2673202],[-73.0177715,-49.2691899],[-73.017032,-49.2711161],[-73.0165854,-49.2730804],[-73.0164361,-49.2750637],[-73.0165854,-49.2770471],[-73.017032,-49.2790113],[-73.0177715,-49.2809375],[-73.0187969,-49.2828072],[-73.0200982,-49.2846023],[-73.0216629,-49.2863055],[-73.023476,-49.2879005],[-73.02552,-49.2893718],[-73.0277752,-49.2907054],[-73.0302198,-49.2918883],[-73.0328304,-49.2929091],[-73.0355818,-49.2937582],[-73.0384475,-49.2944271],[-73.0413999,-49.2949096],[-73.0444106,-49.295201],[-73.0474506,-49.2952984],[-73.0504905,-49.295201],[-73.0535012,-49.2949096],[-73.0564536,-49.2944271],[-73.0593193,-49.2937582],[-73.0620707,-49.2929091],[-73.0646813,-49.2918883],[-73.0671259,-49.2907054],[-73.0693811,-49.2893718],[-73.0714251,-49.2879005],[-73.0732382,-49.2863055],[-73.0748029,-49.2846023],[-73.0761042,-49.2828072],[-73.0771296,-49.2809375],[-73.0778691,-49.2790113],[-73.0783157,-49.2770471],[-73.0784651,-49.2750637],[-73.0783157,-49.2730804],[-73.0778691,-49.2711161],[-73.0771296,-49.2691899],[-73.0761042,-49.2673202],[-73.0748029,-49.2655251],[-73.0732382,-49.2638219],[-73.0714251,-49.2622269],[-73.0693811,-49.2607556],[-73.0671259,-49.259422],[-73.0646813,-49.2582391],[-73.0620707,-49.2572183],[-73.0593193,-49.2563692],[-73.0564536,-49.2557003],[-73.0535012,-49.2552178],[-73.0504905,-49.2549264],[-73.0474506,-49.254829]]]},"properties":{"name":"Aguja de la Silla","local_name":"Aguja de la Silla","english_name":"Aguja de la Silla","search_name":"Aguja de la Silla Aguja de la Silla Aguja de la Silla Aguja de la Silla Aguja de la Silla Aguja de la Silla","peak_elev":2775,"radius_m":2250,"layer":"平均突起响应半径","rank_pct":0.9307,"center_lon":-73.04745055922722,"center_lat":-49.27506370098709,"max_mean_jut":587.4252,"max_ats":341.6575,"r_jmean_peak":2250,"r_ats_peak":2750,"r_ats_marginal":1187.5,"ats_marginal_rate_max":0.208866,"ats_marginal_interval_start":1125,"ats_marginal_interval_end":1250,"ats_marginal_ats_mean":202.2466}},{"type":"Feature","geometry":{"type":"Polygon","coordinates":[[[-72.9887007,-15.1804726],[-72.9866455,-15.18057],[-72.98461,-15.1808614],[-72.9826139,-15.1813439],[-72.9806765,-15.1820129],[-72.9788163,-15.1828619],[-72.9770513,-15.1838828],[-72.9753986,-15.1850657],[-72.9738739,-15.1863992],[-72.972492,-15.1878706],[-72.9712662,-15.1894655],[-72.9702083,-15.1911687],[-72.9693285,-15.1929638],[-72.9686353,-15.1948335],[-72.9681353,-15.1967597],[-72.9678334,-15.198724],[-72.9677324,-15.2007073],[-72.9678334,-15.2026907],[-72.9681353,-15.2046549],[-72.9686353,-15.2065812],[-72.9693285,-15.2084508],[-72.9702083,-15.2102459],[-72.9712662,-15.2119492],[-72.972492,-15.2135441],[-72.9738739,-15.2150155],[-72.9753986,-15.216349],[-72.9770513,-15.2175319],[-72.9788163,-15.2185528],[-72.9806765,-15.2194018],[-72.9826139,-15.2200708],[-72.98461,-15.2205533],[-72.9866455,-15.2208446],[-72.9887007,-15.2209421],[-72.990756,-15.2208446],[-72.9927915,-15.2205533],[-72.9947875,-15.2200708],[-72.996725,-15.2194018],[-72.9985852,-15.2185528],[-73.0003501,-15.2175319],[-73.0020029,-15.216349],[-73.0035276,-15.2150155],[-73.0049095,-15.2135441],[-73.0061353,-15.2119492],[-73.0071932,-15.2102459],[-73.008073,-15.2084508],[-73.0087662,-15.2065812],[-73.0092662,-15.2046549],[-73.0095681,-15.2026907],[-73.0096691,-15.2007073],[-73.0095681,-15.198724],[-73.0092662,-15.1967597],[-73.0087662,-15.1948335],[-73.008073,-15.1929638],[-73.0071932,-15.1911687],[-73.0061353,-15.1894655],[-73.0049095,-15.1878706],[-73.0035276,-15.1863992],[-73.0020029,-15.1850657],[-73.0003501,-15.1838828],[-72.9985852,-15.1828619],[-72.996725,-15.1820129],[-72.9947875,-15.1813439],[-72.9927915,-15.1808614],[-72.990756,-15.18057],[-72.9887007,-15.1804726]]]},"properties":{"name":"Cerro Eccera","local_name":"Cerro Eccera","english_name":"Cerro Eccera","search_name":"Cerro Eccera Cerro Eccera Cerro Eccera Cerro Eccera Cerro Eccera Cerro Eccera","peak_elev":4015,"radius_m":2250,"layer":"平均突起响应半径","rank_pct":0.9307,"center_lon":-72.98870073964581,"center_lat":-15.200707332935869,"max_mean_jut":259.9395,"max_ats":98.21,"r_jmean_peak":2250,"r_ats_peak":2250,"r_ats_marginal":812.5,"ats_marginal_rate_max":0.0987,"ats_marginal_interval_start":750,"ats_marginal_interval_end":875,"ats_marginal_ats_mean":42.2535}},{"type":"Feature","geometry":{"type":"Polygon","coordinates":[[[-72.477739,-13.5869511],[-72.4756984,-13.5870486],[-72.4736774,-13.5873399],[-72.4716955,-13.5878224],[-72.4697719,-13.5884914],[-72.467925,-13.5893404],[-72.4661725,-13.5903613],[-72.4645315,-13.5915442],[-72.4630177,-13.5928777],[-72.4616456,-13.5943491],[-72.4604286,-13.595944],[-72.4593782,-13.5976473],[-72.4585047,-13.5994424],[-72.4578164,-13.601312],[-72.4573199,-13.6032382],[-72.4570202,-13.6052025],[-72.4569199,-13.6071859],[-72.4570202,-13.6091692],[-72.4573199,-13.6111335],[-72.4578164,-13.6130597],[-72.4585047,-13.6149293],[-72.4593782,-13.6167244],[-72.4604286,-13.6184277],[-72.4616456,-13.6200226],[-72.4630177,-13.621494],[-72.4645315,-13.6228275],[-72.4661725,-13.6240104],[-72.467925,-13.6250313],[-72.4697719,-13.6258803],[-72.4716955,-13.6265493],[-72.4736774,-13.6270318],[-72.4756984,-13.6273232],[-72.477739,-13.6274206],[-72.4797796,-13.6273232],[-72.4818006,-13.6270318],[-72.4837825,-13.6265493],[-72.4857061,-13.6258803],[-72.4875531,-13.6250313],[-72.4893055,-13.6240104],[-72.4909465,-13.6228275],[-72.4924603,-13.621494],[-72.4938324,-13.6200226],[-72.4950495,-13.6184277],[-72.4960998,-13.6167244],[-72.4969733,-13.6149293],[-72.4976616,-13.6130597],[-72.4981581,-13.6111335],[-72.4984579,-13.6091692],[-72.4985581,-13.6071859],[-72.4984579,-13.6052025],[-72.4981581,-13.6032382],[-72.4976616,-13.601312],[-72.4969733,-13.5994424],[-72.4960998,-13.5976473],[-72.4950495,-13.595944],[-72.4938324,-13.5943491],[-72.4924603,-13.5928777],[-72.4909465,-13.5915442],[-72.4893055,-13.5903613],[-72.4875531,-13.5893404],[-72.4857061,-13.5884914],[-72.4837825,-13.5878224],[-72.4818006,-13.5873399],[-72.4797796,-13.5870486],[-72.477739,-13.5869511]]]},"properties":{"name":"Cerro Fillucho","local_name":"Cerro Fillucho","english_name":"Cerro Fillucho","search_name":"Cerro Fillucho Cerro Fillucho Cerro Fillucho Cerro Fillucho Cerro Fillucho Cerro Fillucho","peak_elev":3481,"radius_m":2250,"layer":"平均突起响应半径","rank_pct":0.9307,"center_lon":-72.47773900603862,"center_lat":-13.607185850436249,"max_mean_jut":289.2079,"max_ats":104.5818,"r_jmean_peak":2250,"r_ats_peak":2250,"r_ats_marginal":437.5,"ats_marginal_rate_max":0.092102,"ats_marginal_interval_start":375,"ats_marginal_interval_end":500,"ats_marginal_ats_mean":23.1768}},{"type":"Feature","geometry":{"type":"Polygon","coordinates":[[[-72.0131303,-13.2371471],[-72.0110927,-13.2372446],[-72.0090747,-13.2375359],[-72.0070957,-13.2380184],[-72.0051748,-13.2386874],[-72.0033306,-13.2395364],[-72.0015807,-13.2405573],[-71.9999421,-13.2417402],[-71.9984305,-13.2430738],[-71.9970604,-13.2445451],[-71.9958451,-13.2461401],[-71.9947963,-13.2478433],[-71.993924,-13.2496384],[-71.9932367,-13.251508],[-71.992741,-13.2534343],[-71.9924417,-13.2553985],[-71.9923416,-13.2573819],[-71.9924417,-13.2593652],[-71.992741,-13.2613295],[-71.9932367,-13.2632557],[-71.993924,-13.2651254],[-71.9947963,-13.2669205],[-71.9958451,-13.2686237],[-71.9970604,-13.2702187],[-71.9984305,-13.27169],[-71.9999421,-13.2730235],[-72.0015807,-13.2742064],[-72.0033306,-13.2752273],[-72.0051748,-13.2760763],[-72.0070957,-13.2767453],[-72.0090747,-13.2772278],[-72.0110927,-13.2775192],[-72.0131303,-13.2776166],[-72.015168,-13.2775192],[-72.017186,-13.2772278],[-72.019165,-13.2767453],[-72.0210859,-13.2760763],[-72.0229301,-13.2752273],[-72.02468,-13.2742064],[-72.0263186,-13.2730235],[-72.0278302,-13.27169],[-72.0292003,-13.2702187],[-72.0304156,-13.2686237],[-72.0314644,-13.2669205],[-72.0323367,-13.2651254],[-72.0330239,-13.2632557],[-72.0335197,-13.2613295],[-72.033819,-13.2593652],[-72.0339191,-13.2573819],[-72.033819,-13.2553985],[-72.0335197,-13.2534343],[-72.0330239,-13.251508],[-72.0323367,-13.2496384],[-72.0314644,-13.2478433],[-72.0304156,-13.2461401],[-72.0292003,-13.2445451],[-72.0278302,-13.2430738],[-72.0263186,-13.2417402],[-72.02468,-13.2405573],[-72.0229301,-13.2395364],[-72.0210859,-13.2386874],[-72.019165,-13.2380184],[-72.017186,-13.2375359],[-72.015168,-13.2372446],[-72.0131303,-13.2371471]]]},"properties":{"name":"Cerro Huamanchoque","local_name":"Cerro Huamanchoque","english_name":"Cerro Huamanchoque","search_name":"Cerro Huamanchoque Cerro Huamanchoque Cerro Huamanchoque Cerro Huamanchoque Cerro Huamanchoque Cerro Huamanchoque","peak_elev":5154,"radius_m":2250,"layer":"平均突起响应半径","rank_pct":0.9307,"center_lon":-72.01313034109201,"center_lat":-13.257381878800103,"max_mean_jut":360.3933,"max_ats":161.1698,"r_jmean_peak":2250,"r_ats_peak":2250,"r_ats_marginal":312.5,"ats_marginal_rate_max":0.176859,"ats_marginal_interval_start":250,"ats_marginal_interval_end":375,"ats_marginal_ats_mean":40.7225}},{"type":"Feature","geometry":{"type":"Polygon","coordinates":[[[-77.3825405,-8.4590081],[-77.3805352,-8.4591056],[-77.3785492,-8.459397],[-77.3766017,-8.4598794],[-77.3747114,-8.4605484],[-77.3728965,-8.4613974],[-77.3711744,-8.4624183],[-77.3695618,-8.4636012],[-77.3680742,-8.4649348],[-77.3667259,-8.4664061],[-77.36553,-8.4680011],[-77.3644978,-8.4697043],[-77.3636394,-8.4714994],[-77.362963,-8.473369],[-77.3624752,-8.4752953],[-77.3621806,-8.4772595],[-77.3620821,-8.4792429],[-77.3621806,-8.4812262],[-77.3624752,-8.4831905],[-77.362963,-8.4851167],[-77.3636394,-8.4869864],[-77.3644978,-8.4887815],[-77.36553,-8.4904847],[-77.3667259,-8.4920797],[-77.3680742,-8.493551],[-77.3695618,-8.4948845],[-77.3711744,-8.4960675],[-77.3728965,-8.4970883],[-77.3747114,-8.4979373],[-77.3766017,-8.4986063],[-77.3785492,-8.4990888],[-77.3805352,-8.4993802],[-77.3825405,-8.4994776],[-77.3845457,-8.4993802],[-77.3865317,-8.4990888],[-77.3884792,-8.4986063],[-77.3903695,-8.4979373],[-77.3921845,-8.4970883],[-77.3939065,-8.4960675],[-77.3955191,-8.4948845],[-77.3970067,-8.493551],[-77.398355,-8.4920797],[-77.399551,-8.4904847],[-77.4005831,-8.4887815],[-77.4014415,-8.4869864],[-77.4021179,-8.4851167],[-77.4026057,-8.4831905],[-77.4029003,-8.4812262],[-77.4029988,-8.4792429],[-77.4029003,-8.4772595],[-77.4026057,-8.4752953],[-77.4021179,-8.473369],[-77.4014415,-8.4714994],[-77.4005831,-8.4697043],[-77.399551,-8.4680011],[-77.398355,-8.4664061],[-77.3970067,-8.4649348],[-77.3955191,-8.4636012],[-77.3939065,-8.4624183],[-77.3921845,-8.4613974],[-77.3903695,-8.4605484],[-77.3884792,-8.4598794],[-77.3865317,-8.459397],[-77.3845457,-8.4591056],[-77.3825405,-8.4590081]]]},"properties":{"name":"Cerro Huaro","local_name":"Cerro Huaro","english_name":"Cerro Huaro","search_name":"Cerro Huaro Cerro Huaro Cerro Huaro Cerro Huaro Cerro Huaro Cerro Huaro","peak_elev":3128,"radius_m":2250,"layer":"平均突起响应半径","rank_pct":0.9307,"center_lon":-77.3825404573312,"center_lat":-8.47924288256837,"max_mean_jut":318.6518,"max_ats":137.8742,"r_jmean_peak":2250,"r_ats_peak":2250,"r_ats_marginal":1687.5,"ats_marginal_rate_max":0.12538,"ats_marginal_interval_start":1625,"ats_marginal_interval_end":1750,"ats_marginal_ats_mean":95.4452}},{"type":"Feature","geometry":{"type":"Polygon","coordinates":[[[-73.4843013,-50.3012764],[-73.4811949,-50.3013739],[-73.4781185,-50.3016652],[-73.4751016,-50.3021477],[-73.4721732,-50.3028167],[-73.4693617,-50.3036657],[-73.4666941,-50.3046866],[-73.464196,-50.3058695],[-73.4618916,-50.3072031],[-73.459803,-50.3086744],[-73.4579503,-50.3102694],[-73.4563513,-50.3119726],[-73.4550216,-50.3137677],[-73.4539738,-50.3156373],[-73.4532181,-50.3175636],[-73.4527618,-50.3195278],[-73.4526092,-50.3215112],[-73.4527618,-50.3234945],[-73.4532181,-50.3254588],[-73.4539738,-50.327385],[-73.4550216,-50.3292547],[-73.4563513,-50.3310498],[-73.4579503,-50.332753],[-73.459803,-50.334348],[-73.4618916,-50.3358193],[-73.464196,-50.3371528],[-73.4666941,-50.3383357],[-73.4693617,-50.3393566],[-73.4721732,-50.3402056],[-73.4751016,-50.3408746],[-73.4781185,-50.3413571],[-73.4811949,-50.3416485],[-73.4843013,-50.3417459],[-73.4874077,-50.3416485],[-73.4904841,-50.3413571],[-73.493501,-50.3408746],[-73.4964293,-50.3402056],[-73.4992408,-50.3393566],[-73.5019085,-50.3383357],[-73.5044065,-50.3371528],[-73.506711,-50.3358193],[-73.5087996,-50.334348],[-73.5106523,-50.332753],[-73.5122512,-50.3310498],[-73.513581,-50.3292547],[-73.5146287,-50.327385],[-73.5153844,-50.3254588],[-73.5158408,-50.3234945],[-73.5159934,-50.3215112],[-73.5158408,-50.3195278],[-73.5153844,-50.3175636],[-73.5146287,-50.3156373],[-73.513581,-50.3137677],[-73.5122512,-50.3119726],[-73.5106523,-50.3102694],[-73.5087996,-50.3086744],[-73.506711,-50.3072031],[-73.5044065,-50.3058695],[-73.5019085,-50.3046866],[-73.4992408,-50.3036657],[-73.4964293,-50.3028167],[-73.493501,-50.3021477],[-73.4904841,-50.3016652],[-73.4874077,-50.3013739],[-73.4843013,-50.3012764]]]},"properties":{"name":"Cerro Inmaculado","local_name":"Cerro Inmaculado","english_name":"Cerro Inmaculado","search_name":"Cerro Inmaculado Cerro Inmaculado Cerro Inmaculado Cerro Inmaculado Cerro Inmaculado Cerro Inmaculado","peak_elev":2281,"radius_m":2250,"layer":"平均突起响应半径","rank_pct":0.9307,"center_lon":-73.48430128189455,"center_lat":-50.32151117545792,"max_mean_jut":205.3162,"max_ats":72.5653,"r_jmean_peak":2250,"r_ats_peak":12500,"r_ats_marginal":812.5,"ats_marginal_rate_max":0.072176,"ats_marginal_interval_start":750,"ats_marginal_interval_end":875,"ats_marginal_ats_mean":34.5935}},{"type":"Feature","geometry":{"type":"Polygon","coordinates":[[[-77.2909123,-10.4500341],[-77.2888954,-10.4501316],[-77.2868979,-10.4504229],[-77.284939,-10.4509054],[-77.2830377,-10.4515744],[-77.2812122,-10.4524234],[-77.2794801,-10.4534443],[-77.2778582,-10.4546272],[-77.2763619,-10.4559608],[-77.2750058,-10.4574321],[-77.2738028,-10.4590271],[-77.2727647,-10.4607303],[-77.2719013,-10.4625254],[-77.271221,-10.464395],[-77.2707303,-10.4663213],[-77.270434,-10.4682855],[-77.2703349,-10.4702689],[-77.270434,-10.4722522],[-77.2707303,-10.4742165],[-77.271221,-10.4761427],[-77.2719013,-10.4780124],[-77.2727647,-10.4798075],[-77.2738028,-10.4815107],[-77.2750058,-10.4831057],[-77.2763619,-10.484577],[-77.2778582,-10.4859105],[-77.2794801,-10.4870934],[-77.2812122,-10.4881143],[-77.2830377,-10.4889633],[-77.284939,-10.4896323],[-77.2868979,-10.4901148],[-77.2888954,-10.4904062],[-77.2909123,-10.4905036],[-77.2929292,-10.4904062],[-77.2949267,-10.4901148],[-77.2968856,-10.4896323],[-77.2987869,-10.4889633],[-77.3006124,-10.4881143],[-77.3023445,-10.4870934],[-77.3039664,-10.4859105],[-77.3054627,-10.484577],[-77.3068188,-10.4831057],[-77.3080218,-10.4815107],[-77.3090599,-10.4798075],[-77.3099233,-10.4780124],[-77.3106036,-10.4761427],[-77.3110943,-10.4742165],[-77.3113906,-10.4722522],[-77.3114897,-10.4702689],[-77.3113906,-10.4682855],[-77.3110943,-10.4663213],[-77.3106036,-10.464395],[-77.3099233,-10.4625254],[-77.3090599,-10.4607303],[-77.3080218,-10.4590271],[-77.3068188,-10.4574321],[-77.3054627,-10.4559608],[-77.3039664,-10.4546272],[-77.3023445,-10.4534443],[-77.3006124,-10.4524234],[-77.2987869,-10.4515744],[-77.2968856,-10.4509054],[-77.2949267,-10.4504229],[-77.2929292,-10.4501316],[-77.2909123,-10.4500341]]]},"properties":{"name":"Cerro Shipico","local_name":"Cerro Shipico","english_name":"Cerro Shipico","search_name":"Cerro Shipico Cerro Shipico Cerro Shipico Cerro Shipico Cerro Shipico Cerro Shipico","peak_elev":3650,"radius_m":2250,"layer":"平均突起响应半径","rank_pct":0.9307,"center_lon":-77.29091229835102,"center_lat":-10.470268878290875,"max_mean_jut":314.8454,"max_ats":128.9759,"r_jmean_peak":2250,"r_ats_peak":1875,"r_ats_marginal":187.5,"ats_marginal_rate_max":0.136901,"ats_marginal_interval_start":125,"ats_marginal_interval_end":250,"ats_marginal_ats_mean":13.8527}},{"type":"Feature","geometry":{"type":"Polygon","coordinates":[[[-73.0285859,-49.3224721],[-73.0255418,-49.3225695],[-73.022527,-49.3228609],[-73.0195705,-49.3233434],[-73.0167009,-49.3240124],[-73.0139457,-49.3248614],[-73.0113315,-49.3258823],[-73.0088835,-49.3270652],[-73.0066252,-49.3283987],[-73.0045785,-49.3298701],[-73.0027629,-49.331465],[-73.001196,-49.3331683],[-72.9998929,-49.3349633],[-72.9988661,-49.336833],[-72.9981256,-49.3387592],[-72.9976784,-49.3407235],[-72.9975288,-49.3427068],[-72.9976784,-49.3446902],[-72.9981256,-49.3466544],[-72.9988661,-49.3485807],[-72.9998929,-49.3504503],[-73.001196,-49.3522454],[-73.0027629,-49.3539487],[-73.0045785,-49.3555436],[-73.0066252,-49.357015],[-73.0088835,-49.3583485],[-73.0113315,-49.3595314],[-73.0139457,-49.3605523],[-73.0167009,-49.3614013],[-73.0195705,-49.3620703],[-73.022527,-49.3625528],[-73.0255418,-49.3628441],[-73.0285859,-49.3629416],[-73.0316301,-49.3628441],[-73.0346449,-49.3625528],[-73.0376013,-49.3620703],[-73.040471,-49.3614013],[-73.0432262,-49.3605523],[-73.0458403,-49.3595314],[-73.0482884,-49.3583485],[-73.0505466,-49.357015],[-73.0525934,-49.3555436],[-73.054409,-49.3539487],[-73.0559759,-49.3522454],[-73.057279,-49.3504503],[-73.0583057,-49.3485807],[-73.0590463,-49.3466544],[-73.0594935,-49.3446902],[-73.059643,-49.3427068],[-73.0594935,-49.3407235],[-73.0590463,-49.3387592],[-73.0583057,-49.336833],[-73.057279,-49.3349633],[-73.0559759,-49.3331683],[-73.054409,-49.331465],[-73.0525934,-49.3298701],[-73.0505466,-49.3283987],[-73.0482884,-49.3270652],[-73.0458403,-49.3258823],[-73.0432262,-49.3248614],[-73.040471,-49.3240124],[-73.0376013,-49.3233434],[-73.0346449,-49.3228609],[-73.0316301,-49.3225695],[-73.0285859,-49.3224721]]]},"properties":{"name":"Cerro Solo","local_name":"Cerro Solo","english_name":"Cerro Solo","search_name":"Cerro Solo Cerro Solo Cerro Solo Cerro Solo Cerro Solo Cerro Solo","peak_elev":2177,"radius_m":2250,"layer":"平均突起响应半径","rank_pct":0.9307,"center_lon":-73.02858593826072,"center_lat":-49.34270684188129,"max_mean_jut":460.727,"max_ats":271.6241,"r_jmean_peak":2250,"r_ats_peak":2750,"r_ats_marginal":312.5,"ats_marginal_rate_max":0.277972,"ats_marginal_interval_start":250,"ats_marginal_interval_end":375,"ats_marginal_ats_mean":40.0155}},{"type":"Feature","geometry":{"type":"Polygon","coordinates":[[[-73.0967681,-49.2669562],[-73.0937274,-49.2670537],[-73.090716,-49.267345],[-73.0877628,-49.2678275],[-73.0848964,-49.2684965],[-73.0821443,-49.2693455],[-73.0795331,-49.2703664],[-73.0770878,-49.2715493],[-73.0748321,-49.2728828],[-73.0727876,-49.2743542],[-73.0709741,-49.2759491],[-73.069409,-49.2776524],[-73.0681074,-49.2794475],[-73.0670817,-49.2813171],[-73.066342,-49.2832434],[-73.0658953,-49.2852076],[-73.0657459,-49.287191],[-73.0658953,-49.2891743],[-73.066342,-49.2911386],[-73.0670817,-49.2930648],[-73.0681074,-49.2949345],[-73.069409,-49.2967295],[-73.0709741,-49.2984328],[-73.0727876,-49.3000277],[-73.0748321,-49.3014991],[-73.0770878,-49.3028326],[-73.0795331,-49.3040155],[-73.0821443,-49.3050364],[-73.0848964,-49.3058854],[-73.0877628,-49.3065544],[-73.090716,-49.3070369],[-73.0937274,-49.3073283],[-73.0967681,-49.3074257],[-73.0998088,-49.3073283],[-73.1028202,-49.3070369],[-73.1057733,-49.3065544],[-73.1086397,-49.3058854],[-73.1113918,-49.3050364],[-73.114003,-49.3040155],[-73.1164483,-49.3028326],[-73.118704,-49.3014991],[-73.1207485,-49.3000277],[-73.122562,-49.2984328],[-73.1241271,-49.2967295],[-73.1254288,-49.2949345],[-73.1264544,-49.2930648],[-73.1271941,-49.2911386],[-73.1276408,-49.2891743],[-73.1277902,-49.287191],[-73.1276408,-49.2852076],[-73.1271941,-49.2832434],[-73.1264544,-49.2813171],[-73.1254288,-49.2794475],[-73.1241271,-49.2776524],[-73.122562,-49.2759491],[-73.1207485,-49.2743542],[-73.118704,-49.2728828],[-73.1164483,-49.2715493],[-73.114003,-49.2703664],[-73.1113918,-49.2693455],[-73.1086397,-49.2684965],[-73.1057733,-49.2678275],[-73.1028202,-49.267345],[-73.0998088,-49.2670537],[-73.0967681,-49.2669562]]]},"properties":{"name":"Cerro Standhardt","local_name":"Cerro Standhardt","english_name":"Cerro Standhardt","search_name":"Cerro Standhardt Cerro Standhardt Cerro Standhardt Cerro Standhardt Cerro Standhardt Cerro Standhardt","peak_elev":2242,"radius_m":2250,"layer":"平均突起响应半径","rank_pct":0.9307,"center_lon":-73.09676806832539,"center_lat":-49.2871909573227,"max_mean_jut":225.9435,"max_ats":94.3222,"r_jmean_peak":2250,"r_ats_peak":2000,"r_ats_marginal":437.5,"ats_marginal_rate_max":0.098397,"ats_marginal_interval_start":375,"ats_marginal_interval_end":500,"ats_marginal_ats_mean":27.8047}},{"type":"Feature","geometry":{"type":"Polygon","coordinates":[[[-76.757852,-9.2588681],[-76.7558424,-9.2589655],[-76.7538521,-9.2592569],[-76.7519003,-9.2597394],[-76.7500058,-9.2604084],[-76.7481869,-9.2612574],[-76.7464611,-9.2622782],[-76.744845,-9.2634611],[-76.7433542,-9.2647947],[-76.742003,-9.266266],[-76.7408044,-9.267861],[-76.73977,-9.2695642],[-76.7389097,-9.2713593],[-76.7382318,-9.273229],[-76.7377429,-9.2751552],[-76.7374477,-9.2771195],[-76.737349,-9.2791028],[-76.7374477,-9.2810862],[-76.7377429,-9.2830504],[-76.7382318,-9.2849766],[-76.7389097,-9.2868463],[-76.73977,-9.2886414],[-76.7408044,-9.2903446],[-76.742003,-9.2919396],[-76.7433542,-9.2934109],[-76.744845,-9.2947445],[-76.7464611,-9.2959274],[-76.7481869,-9.2969483],[-76.7500058,-9.2977973],[-76.7519003,-9.2984662],[-76.7538521,-9.2989487],[-76.7558424,-9.2992401],[-76.757852,-9.2993375],[-76.7598617,-9.2992401],[-76.761852,-9.2989487],[-76.7638037,-9.2984662],[-76.7656982,-9.2977973],[-76.7675171,-9.2969483],[-76.7692429,-9.2959274],[-76.770859,-9.2947445],[-76.7723498,-9.2934109],[-76.7737011,-9.2919396],[-76.7748997,-9.2903446],[-76.7759341,-9.2886414],[-76.7767943,-9.2868463],[-76.7774722,-9.2849766],[-76.7779611,-9.2830504],[-76.7782563,-9.2810862],[-76.778355,-9.2791028],[-76.7782563,-9.2771195],[-76.7779611,-9.2751552],[-76.7774722,-9.273229],[-76.7767943,-9.2713593],[-76.7759341,-9.2695642],[-76.7748997,-9.267861],[-76.7737011,-9.266266],[-76.7723498,-9.2647947],[-76.770859,-9.2634611],[-76.7692429,-9.2622782],[-76.7675171,-9.2612574],[-76.7656982,-9.2604084],[-76.7638037,-9.2597394],[-76.761852,-9.2592569],[-76.7598617,-9.2589655],[-76.757852,-9.2588681]]]},"properties":{"name":"Cerro Uchuc Marca","local_name":"Cerro Uchuc Marca","english_name":"Cerro Uchuc Marca","search_name":"Cerro Uchuc Marca Cerro Uchuc Marca Cerro Uchuc Marca Cerro Uchuc Marca Cerro Uchuc Marca Cerro Uchuc Marca","peak_elev":4080,"radius_m":2250,"layer":"平均突起响应半径","rank_pct":0.9307,"center_lon":-76.7578520087545,"center_lat":-9.279102811548391,"max_mean_jut":242.9383,"max_ats":80.5213,"r_jmean_peak":2250,"r_ats_peak":875,"r_ats_marginal":437.5,"ats_marginal_rate_max":0.149527,"ats_marginal_interval_start":375,"ats_marginal_interval_end":500,"ats_marginal_ats_mean":48.4383}},{"type":"Feature","geometry":{"type":"Polygon","coordinates":[[[-77.3116634,-9.4957538],[-77.3096524,-9.4958513],[-77.3076607,-9.4961426],[-77.3057076,-9.4966251],[-77.3038118,-9.4972941],[-77.3019917,-9.4981431],[-77.3002647,-9.499164],[-77.2986475,-9.5003469],[-77.2971556,-9.5016804],[-77.2958035,-9.5031518],[-77.2946041,-9.5047467],[-77.2935689,-9.50645],[-77.2927081,-9.5082451],[-77.2920298,-9.5101147],[-77.2915405,-9.512041],[-77.2912451,-9.5140052],[-77.2911463,-9.5159886],[-77.2912451,-9.5179719],[-77.2915405,-9.5199362],[-77.2920298,-9.5218624],[-77.2927081,-9.5237321],[-77.2935689,-9.5255271],[-77.2946041,-9.5272304],[-77.2958035,-9.5288253],[-77.2971556,-9.5302967],[-77.2986475,-9.5316302],[-77.3002647,-9.5328131],[-77.3019917,-9.533834],[-77.3038118,-9.534683],[-77.3057076,-9.535352],[-77.3076607,-9.5358345],[-77.3096524,-9.5361259],[-77.3116634,-9.5362233],[-77.3136744,-9.5361259],[-77.3156661,-9.5358345],[-77.3176192,-9.535352],[-77.3195149,-9.534683],[-77.3213351,-9.533834],[-77.323062,-9.5328131],[-77.3246793,-9.5316302],[-77.3261711,-9.5302967],[-77.3275233,-9.5288253],[-77.3287227,-9.5272304],[-77.3297578,-9.5255271],[-77.3306187,-9.5237321],[-77.331297,-9.5218624],[-77.3317862,-9.5199362],[-77.3320816,-9.5179719],[-77.3321804,-9.5159886],[-77.3320816,-9.5140052],[-77.3317862,-9.512041],[-77.331297,-9.5101147],[-77.3306187,-9.5082451],[-77.3297578,-9.50645],[-77.3287227,-9.5047467],[-77.3275233,-9.5031518],[-77.3261711,-9.5016804],[-77.3246793,-9.5003469],[-77.323062,-9.499164],[-77.3213351,-9.4981431],[-77.3195149,-9.4972941],[-77.3176192,-9.4966251],[-77.3156661,-9.4961426],[-77.3136744,-9.4958513],[-77.3116634,-9.4957538]]]},"properties":{"name":"Huantsán","local_name":"Huantsán","english_name":"Huantsán","search_name":"Huantsán Huantsán Huantsán Huantsán Huantsán Huantsán","peak_elev":6312,"radius_m":2250,"layer":"平均突起响应半径","rank_pct":0.9307,"center_lon":-77.31166338141418,"center_lat":-9.51598855197071,"max_mean_jut":628.944,"max_ats":398.4037,"r_jmean_peak":2250,"r_ats_peak":4250,"r_ats_marginal":687.5,"ats_marginal_rate_max":0.342288,"ats_marginal_interval_start":625,"ats_marginal_interval_end":750,"ats_marginal_ats_mean":142.0252}},{"type":"Feature","geometry":{"type":"Polygon","coordinates":[[[-75.9323901,-10.5104009],[-75.9303728,-10.5104984],[-75.9283749,-10.5107897],[-75.9264156,-10.5112722],[-75.9245139,-10.5119412],[-75.9226881,-10.5127902],[-75.9209557,-10.5138111],[-75.9193334,-10.514994],[-75.9178369,-10.5163275],[-75.9164805,-10.5177989],[-75.9152773,-10.5193938],[-75.9142389,-10.5210971],[-75.9133754,-10.5228922],[-75.9126949,-10.5247618],[-75.9122042,-10.5266881],[-75.9119078,-10.5286523],[-75.9118087,-10.5306357],[-75.9119078,-10.532619],[-75.9122042,-10.5345833],[-75.9126949,-10.5365095],[-75.9133754,-10.5383792],[-75.9142389,-10.5401743],[-75.9152773,-10.5418775],[-75.9164805,-10.5434724],[-75.9178369,-10.5449438],[-75.9193334,-10.5462773],[-75.9209557,-10.5474602],[-75.9226881,-10.5484811],[-75.9245139,-10.5493301],[-75.9264156,-10.5499991],[-75.9283749,-10.5504816],[-75.9303728,-10.550773],[-75.9323901,-10.5508704],[-75.9344074,-10.550773],[-75.9364053,-10.5504816],[-75.9383646,-10.5499991],[-75.9402662,-10.5493301],[-75.9420921,-10.5484811],[-75.9438245,-10.5474602],[-75.9454468,-10.5462773],[-75.9469433,-10.5449438],[-75.9482997,-10.5434724],[-75.9495029,-10.5418775],[-75.9505413,-10.5401743],[-75.9514048,-10.5383792],[-75.9520852,-10.5365095],[-75.952576,-10.5345833],[-75.9528724,-10.532619],[-75.9529715,-10.5306357],[-75.9528724,-10.5286523],[-75.952576,-10.5266881],[-75.9520852,-10.5247618],[-75.9514048,-10.5228922],[-75.9505413,-10.5210971],[-75.9495029,-10.5193938],[-75.9482997,-10.5177989],[-75.9469433,-10.5163275],[-75.9454468,-10.514994],[-75.9438245,-10.5138111],[-75.9420921,-10.5127902],[-75.9402662,-10.5119412],[-75.9383646,-10.5112722],[-75.9364053,-10.5107897],[-75.9344074,-10.5104984],[-75.9323901,-10.5104009]]]},"properties":{"name":"Nevado Huaguruncho","local_name":"Nevado Huaguruncho","english_name":"Nevado Huaguruncho","search_name":"Nevado Huaguruncho Nevado Huaguruncho Nevado Huaguruncho Nevado Huaguruncho Nevado Huaguruncho Nevado Huaguruncho","peak_elev":5588,"radius_m":2250,"layer":"平均突起响应半径","rank_pct":0.9307,"center_lon":-75.93239009417707,"center_lat":-10.53063566538371,"max_mean_jut":411.8274,"max_ats":257.9969,"r_jmean_peak":2250,"r_ats_peak":4000,"r_ats_marginal":562.5,"ats_marginal_rate_max":0.298628,"ats_marginal_interval_start":500,"ats_marginal_interval_end":625,"ats_marginal_ats_mean":106.6842}},{"type":"Feature","geometry":{"type":"Polygon","coordinates":[[[-72.5998201,-13.3457535],[-72.5977815,-13.3458509],[-72.5957625,-13.3461423],[-72.5937827,-13.3466248],[-72.591861,-13.3472937],[-72.5900159,-13.3481428],[-72.5882653,-13.3491636],[-72.5866259,-13.3503465],[-72.5851136,-13.3516801],[-72.5837429,-13.3531514],[-72.5825271,-13.3547464],[-72.5814778,-13.3564496],[-72.5806051,-13.3582447],[-72.5799175,-13.3601144],[-72.5794216,-13.3620406],[-72.5791221,-13.3640048],[-72.579022,-13.3659882],[-72.5791221,-13.3679715],[-72.5794216,-13.3699358],[-72.5799175,-13.371862],[-72.5806051,-13.3737317],[-72.5814778,-13.3755268],[-72.5825271,-13.37723],[-72.5837429,-13.378825],[-72.5851136,-13.3802963],[-72.5866259,-13.3816299],[-72.5882653,-13.3828128],[-72.5900159,-13.3838336],[-72.591861,-13.3846827],[-72.5937827,-13.3853516],[-72.5957625,-13.3858341],[-72.5977815,-13.3861255],[-72.5998201,-13.3862229],[-72.6018586,-13.3861255],[-72.6038776,-13.3858341],[-72.6058574,-13.3853516],[-72.6077791,-13.3846827],[-72.6096242,-13.3838336],[-72.6113749,-13.3828128],[-72.6130142,-13.3816299],[-72.6145265,-13.3802963],[-72.6158972,-13.378825],[-72.617113,-13.37723],[-72.6181623,-13.3755268],[-72.619035,-13.3737317],[-72.6197226,-13.371862],[-72.6202185,-13.3699358],[-72.620518,-13.3679715],[-72.6206181,-13.3659882],[-72.620518,-13.3640048],[-72.6202185,-13.3620406],[-72.6197226,-13.3601144],[-72.619035,-13.3582447],[-72.6181623,-13.3564496],[-72.617113,-13.3547464],[-72.6158972,-13.3531514],[-72.6145265,-13.3516801],[-72.6130142,-13.3503465],[-72.6113749,-13.3491636],[-72.6096242,-13.3481428],[-72.6077791,-13.3472937],[-72.6058574,-13.3466248],[-72.6038776,-13.3461423],[-72.6018586,-13.3458509],[-72.5998201,-13.3457535]]]},"properties":{"name":"Nevado Humantay","local_name":"Nevado Humantay","english_name":"Nevado Humantay","search_name":"Nevado Humantay Nevado Humantay Nevado Humantay Nevado Humantay Nevado Humantay Nevado Humantay","peak_elev":5426,"radius_m":2250,"layer":"平均突起响应半径","rank_pct":0.9307,"center_lon":-72.59982005315047,"center_lat":-13.365988196650155,"max_mean_jut":308.2639,"max_ats":140.7481,"r_jmean_peak":2250,"r_ats_peak":2250,"r_ats_marginal":1062.5,"ats_marginal_rate_max":0.105776,"ats_marginal_interval_start":1000,"ats_marginal_interval_end":1125,"ats_marginal_ats_mean":82.9863}},{"type":"Feature","geometry":{"type":"Polygon","coordinates":[[[-76.9157758,-10.2061415],[-76.9137605,-10.206239],[-76.9117645,-10.2065303],[-76.9098072,-10.2070128],[-76.9079073,-10.2076818],[-76.9060833,-10.2085308],[-76.9043525,-10.2095517],[-76.9027318,-10.2107346],[-76.9012367,-10.2120682],[-76.8998817,-10.2135395],[-76.8986797,-10.2151345],[-76.8976423,-10.2168377],[-76.8967796,-10.2186328],[-76.8960998,-10.2205024],[-76.8956095,-10.2224287],[-76.8953135,-10.2243929],[-76.8952145,-10.2263763],[-76.8953135,-10.2283596],[-76.8956095,-10.2303239],[-76.8960998,-10.2322501],[-76.8967796,-10.2341198],[-76.8976423,-10.2359149],[-76.8986797,-10.2376181],[-76.8998817,-10.2392131],[-76.9012367,-10.2406844],[-76.9027318,-10.2420179],[-76.9043525,-10.2432008],[-76.9060833,-10.2442217],[-76.9079073,-10.2450707],[-76.9098072,-10.2457397],[-76.9117645,-10.2462222],[-76.9137605,-10.2465136],[-76.9157758,-10.246611],[-76.9177912,-10.2465136],[-76.9197872,-10.2462222],[-76.9217445,-10.2457397],[-76.9236443,-10.2450707],[-76.9254684,-10.2442217],[-76.9271991,-10.2432008],[-76.9288198,-10.2420179],[-76.9303149,-10.2406844],[-76.93167,-10.2392131],[-76.932872,-10.2376181],[-76.9339093,-10.2359149],[-76.9347721,-10.2341198],[-76.9354518,-10.2322501],[-76.9359421,-10.2303239],[-76.9362382,-10.2283596],[-76.9363372,-10.2263763],[-76.9362382,-10.2243929],[-76.9359421,-10.2224287],[-76.9354518,-10.2205024],[-76.9347721,-10.2186328],[-76.9339093,-10.2168377],[-76.932872,-10.2151345],[-76.93167,-10.2135395],[-76.9303149,-10.2120682],[-76.9288198,-10.2107346],[-76.9271991,-10.2095517],[-76.9254684,-10.2085308],[-76.9236443,-10.2076818],[-76.9217445,-10.2070128],[-76.9197872,-10.2065303],[-76.9177912,-10.206239],[-76.9157758,-10.2061415]]]},"properties":{"name":"Nevado Rondoy","local_name":"Nevado Rondoy","english_name":"Nevado Rondoy","search_name":"Nevado Rondoy Nevado Rondoy Nevado Rondoy Nevado Rondoy Nevado Rondoy Nevado Rondoy","peak_elev":5779,"radius_m":2250,"layer":"平均突起响应半径","rank_pct":0.9307,"center_lon":-76.9157758357027,"center_lat":-10.226376278652427,"max_mean_jut":442.7763,"max_ats":232.795,"r_jmean_peak":2250,"r_ats_peak":2750,"r_ats_marginal":187.5,"ats_marginal_rate_max":0.253684,"ats_marginal_interval_start":125,"ats_marginal_interval_end":250,"ats_marginal_ats_mean":32.2834}},{"type":"Feature","geometry":{"type":"Polygon","coordinates":[[[-77.7097069,-8.8742993],[-77.7076994,-8.8743967],[-77.7057112,-8.8746881],[-77.7037616,-8.8751706],[-77.7018691,-8.8758396],[-77.7000522,-8.8766886],[-77.6983282,-8.8777095],[-77.6967139,-8.8788924],[-77.6952246,-8.8802259],[-77.6938748,-8.8816973],[-77.6926775,-8.8832922],[-77.6916442,-8.8849954],[-77.6907849,-8.8867905],[-77.6901078,-8.8886602],[-77.6896194,-8.8905864],[-77.6893245,-8.8925507],[-77.6892259,-8.894534],[-77.6893245,-8.8965174],[-77.6896194,-8.8984816],[-77.6901078,-8.9004079],[-77.6907849,-8.9022775],[-77.6916442,-8.9040726],[-77.6926775,-8.9057759],[-77.6938748,-8.9073708],[-77.6952246,-8.9088422],[-77.6967139,-8.9101757],[-77.6983282,-8.9113586],[-77.7000522,-8.9123795],[-77.7018691,-8.9132285],[-77.7037616,-8.9138975],[-77.7057112,-8.91438],[-77.7076994,-8.9146713],[-77.7097069,-8.9147688],[-77.7117144,-8.9146713],[-77.7137025,-8.91438],[-77.7156522,-8.9138975],[-77.7175446,-8.9132285],[-77.7193616,-8.9123795],[-77.7210855,-8.9113586],[-77.7226999,-8.9101757],[-77.7241892,-8.9088422],[-77.7255389,-8.9073708],[-77.7267362,-8.9057759],[-77.7277695,-8.9040726],[-77.7286289,-8.9022775],[-77.729306,-8.9004079],[-77.7297944,-8.8984816],[-77.7300893,-8.8965174],[-77.7301879,-8.894534],[-77.7300893,-8.8925507],[-77.7297944,-8.8905864],[-77.729306,-8.8886602],[-77.7286289,-8.8867905],[-77.7277695,-8.8849954],[-77.7267362,-8.8832922],[-77.7255389,-8.8816973],[-77.7241892,-8.8802259],[-77.7226999,-8.8788924],[-77.7210855,-8.8777095],[-77.7193616,-8.8766886],[-77.7175446,-8.8758396],[-77.7156522,-8.8751706],[-77.7137025,-8.8746881],[-77.7117144,-8.8743967],[-77.7097069,-8.8742993]]]},"properties":{"name":"Santa Cruz","local_name":"Santa Cruz","english_name":"Santa Cruz","search_name":"Santa Cruz Santa Cruz Santa Cruz Santa Cruz Santa Cruz Santa Cruz","peak_elev":6094,"radius_m":2250,"layer":"平均突起响应半径","rank_pct":0.9307,"center_lon":-77.70970688380754,"center_lat":-8.894534038416825,"max_mean_jut":536.112,"max_ats":328.6138,"r_jmean_peak":2250,"r_ats_peak":2250,"r_ats_marginal":812.5,"ats_marginal_rate_max":0.33332,"ats_marginal_interval_start":750,"ats_marginal_interval_end":875,"ats_marginal_ats_mean":163.9604}},{"type":"Feature","geometry":{"type":"Polygon","coordinates":[[[-73.3541354,-50.4493213],[-73.3513657,-50.4494079],[-73.3486226,-50.4496669],[-73.3459327,-50.4500958],[-73.3433217,-50.4506904],[-73.3408149,-50.4514451],[-73.3384364,-50.4523526],[-73.336209,-50.453404],[-73.3341543,-50.4545894],[-73.332292,-50.4558973],[-73.3306401,-50.457315],[-73.3292145,-50.458829],[-73.3280289,-50.4604246],[-73.3270946,-50.4620866],[-73.3264208,-50.4637988],[-73.3260139,-50.4655448],[-73.3258779,-50.4673077],[-73.3260139,-50.4690707],[-73.3264208,-50.4708167],[-73.3270946,-50.4725289],[-73.3280289,-50.4741909],[-73.3292145,-50.4757865],[-73.3306401,-50.4773005],[-73.332292,-50.4787182],[-73.3341543,-50.4800261],[-73.336209,-50.4812114],[-73.3384364,-50.4822629],[-73.3408149,-50.4831704],[-73.3433217,-50.483925],[-73.3459327,-50.4845197],[-73.3486226,-50.4849486],[-73.3513657,-50.4852076],[-73.3541354,-50.4852942],[-73.3569051,-50.4852076],[-73.3596482,-50.4849486],[-73.3623381,-50.4845197],[-73.3649491,-50.483925],[-73.3674559,-50.4831704],[-73.3698344,-50.4822629],[-73.3720618,-50.4812114],[-73.3741165,-50.4800261],[-73.3759788,-50.4787182],[-73.3776307,-50.4773005],[-73.3790563,-50.4757865],[-73.3802419,-50.4741909],[-73.3811762,-50.4725289],[-73.38185,-50.4708167],[-73.3822569,-50.4690707],[-73.3823929,-50.4673077],[-73.3822569,-50.4655448],[-73.38185,-50.4637988],[-73.3811762,-50.4620866],[-73.3802419,-50.4604246],[-73.3790563,-50.458829],[-73.3776307,-50.457315],[-73.3759788,-50.4558973],[-73.3741165,-50.4545894],[-73.3720618,-50.453404],[-73.3698344,-50.4523526],[-73.3674559,-50.4514451],[-73.3649491,-50.4506904],[-73.3623381,-50.4500958],[-73.3596482,-50.4496669],[-73.3569051,-50.4494079],[-73.3541354,-50.4493213]]]},"properties":{"name":"Cerro Cuerno Blanco","local_name":"Cerro Cuerno Blanco","english_name":"Cerro Cuerno Blanco","search_name":"Cerro Cuerno Blanco Cerro Cuerno Blanco Cerro Cuerno Blanco Cerro Cuerno Blanco Cerro Cuerno Blanco Cerro Cuerno Blanco","peak_elev":2500,"radius_m":2000,"layer":"平均突起响应半径","rank_pct":0.9707,"center_lon":-73.35413539722563,"center_lat":-50.46730774607052,"max_mean_jut":417.038,"max_ats":217.5803,"r_jmean_peak":2000,"r_ats_peak":3500,"r_ats_marginal":437.5,"ats_marginal_rate_max":0.300103,"ats_marginal_interval_start":375,"ats_marginal_interval_end":500,"ats_marginal_ats_mean":64.8627}},{"type":"Feature","geometry":{"type":"Polygon","coordinates":[[[-72.1470691,-15.7597088],[-72.1452371,-15.7597954],[-72.1434228,-15.7600544],[-72.1416435,-15.7604833],[-72.1399166,-15.7610779],[-72.1382585,-15.7618326],[-72.1366852,-15.7627401],[-72.1352119,-15.7637915],[-72.1338529,-15.7649769],[-72.1326211,-15.7662848],[-72.1315285,-15.7677025],[-72.1305855,-15.7692165],[-72.1298013,-15.7708121],[-72.1291833,-15.7724741],[-72.1287377,-15.7741863],[-72.1284685,-15.7759323],[-72.1283785,-15.7776952],[-72.1284685,-15.7794582],[-72.1287377,-15.7812042],[-72.1291833,-15.7829164],[-72.1298013,-15.7845783],[-72.1305855,-15.786174],[-72.1315285,-15.787688],[-72.1326211,-15.7891057],[-72.1338529,-15.7904136],[-72.1352119,-15.7915989],[-72.1366852,-15.7926504],[-72.1382585,-15.7935579],[-72.1399166,-15.7943125],[-72.1416435,-15.7949072],[-72.1434228,-15.7953361],[-72.1452371,-15.7955951],[-72.1470691,-15.7956817],[-72.1489012,-15.7955951],[-72.1507155,-15.7953361],[-72.1524948,-15.7949072],[-72.1542217,-15.7943125],[-72.1558798,-15.7935579],[-72.1574531,-15.7926504],[-72.1589264,-15.7915989],[-72.1602854,-15.7904136],[-72.1615172,-15.7891057],[-72.1626098,-15.787688],[-72.1635528,-15.786174],[-72.164337,-15.7845783],[-72.164955,-15.7829164],[-72.1654006,-15.7812042],[-72.1656698,-15.7794582],[-72.1657598,-15.7776952],[-72.1656698,-15.7759323],[-72.1654006,-15.7741863],[-72.164955,-15.7724741],[-72.164337,-15.7708121],[-72.1635528,-15.7692165],[-72.1626098,-15.7677025],[-72.1615172,-15.7662848],[-72.1602854,-15.7649769],[-72.1589264,-15.7637915],[-72.1574531,-15.7627401],[-72.1558798,-15.7618326],[-72.1542217,-15.7610779],[-72.1524948,-15.7604833],[-72.1507155,-15.7600544],[-72.1489012,-15.7597954],[-72.1470691,-15.7597088]]]},"properties":{"name":"Cerro Sucna [-72.14666,-15.77751]","local_name":"Cerro Sucna","english_name":"Cerro Sucna","search_name":"Cerro Sucna Cerro Sucna Cerro Sucna Cerro Sucna Cerro Sucna Cerro Sucna [-72.14666,-15.77751]","peak_elev":4587,"radius_m":2000,"layer":"平均突起响应半径","rank_pct":0.9707,"center_lon":-72.14706914995422,"center_lat":-15.777695239925835,"max_mean_jut":189.8949,"max_ats":85.409,"r_jmean_peak":2000,"r_ats_peak":2000,"r_ats_marginal":812.5,"ats_marginal_rate_max":0.070695,"ats_marginal_interval_start":750,"ats_marginal_interval_end":875,"ats_marginal_ats_mean":49.2095}},{"type":"Feature","geometry":{"type":"Polygon","coordinates":[[[-71.9856419,-15.4953346],[-71.9838123,-15.4954212],[-71.9820002,-15.4956802],[-71.9802233,-15.4961091],[-71.9784985,-15.4967038],[-71.9768426,-15.4974584],[-71.9752714,-15.4983659],[-71.9738,-15.4994174],[-71.9724427,-15.5006027],[-71.9712125,-15.5019106],[-71.9701213,-15.5033283],[-71.9691795,-15.5048423],[-71.9683963,-15.5064379],[-71.9677792,-15.5080999],[-71.9673341,-15.5098121],[-71.9670653,-15.5115581],[-71.9669754,-15.5133211],[-71.9670653,-15.515084],[-71.9673341,-15.51683],[-71.9677792,-15.5185422],[-71.9683963,-15.5202042],[-71.9691795,-15.5217998],[-71.9701213,-15.5233138],[-71.9712125,-15.5247315],[-71.9724427,-15.5260394],[-71.9738,-15.5272248],[-71.9752714,-15.5282762],[-71.9768426,-15.5291837],[-71.9784985,-15.5299383],[-71.9802233,-15.530533],[-71.9820002,-15.5309619],[-71.9838123,-15.5312209],[-71.9856419,-15.5313075],[-71.9874715,-15.5312209],[-71.9892835,-15.5309619],[-71.9910605,-15.530533],[-71.9927852,-15.5299383],[-71.9944412,-15.5291837],[-71.9960124,-15.5282762],[-71.9974838,-15.5272248],[-71.9988411,-15.5260394],[-72.0000713,-15.5247315],[-72.0011625,-15.5233138],[-72.0021043,-15.5217998],[-72.0028875,-15.5202042],[-72.0035046,-15.5185422],[-72.0039497,-15.51683],[-72.0042185,-15.515084],[-72.0043084,-15.5133211],[-72.0042185,-15.5115581],[-72.0039497,-15.5098121],[-72.0035046,-15.5080999],[-72.0028875,-15.5064379],[-72.0021043,-15.5048423],[-72.0011625,-15.5033283],[-72.0000713,-15.5019106],[-71.9988411,-15.5006027],[-71.9974838,-15.4994174],[-71.9960124,-15.4983659],[-71.9944412,-15.4974584],[-71.9927852,-15.4967038],[-71.9910605,-15.4961091],[-71.9892835,-15.4956802],[-71.9874715,-15.4954212],[-71.9856419,-15.4953346]]]},"properties":{"name":"Cerro Toyoñihua","local_name":"Cerro Toyoñihua","english_name":"Cerro Toyoñihua","search_name":"Cerro Toyoñihua Cerro Toyoñihua Cerro Toyoñihua Cerro Toyoñihua Cerro Toyoñihua Cerro Toyoñihua","peak_elev":4711,"radius_m":2000,"layer":"平均突起响应半径","rank_pct":0.9707,"center_lon":-71.98564189339795,"center_lat":-15.51332105180946,"max_mean_jut":163.7353,"max_ats":55.4652,"r_jmean_peak":2000,"r_ats_peak":1750,"r_ats_marginal":312.5,"ats_marginal_rate_max":0.072029,"ats_marginal_interval_start":250,"ats_marginal_interval_end":375,"ats_marginal_ats_mean":13.5408}},{"type":"Feature","geometry":{"type":"Polygon","coordinates":[[[-76.9146979,-10.1949151],[-76.9129065,-10.1950017],[-76.9111324,-10.1952607],[-76.9093926,-10.1956896],[-76.9077039,-10.1962843],[-76.9060826,-10.1970389],[-76.9045443,-10.1979464],[-76.9031037,-10.1989978],[-76.9017748,-10.2001832],[-76.9005703,-10.2014911],[-76.8995019,-10.2029088],[-76.8985799,-10.2044228],[-76.897813,-10.2060184],[-76.8972088,-10.2076804],[-76.896773,-10.2093926],[-76.8965099,-10.2111386],[-76.8964219,-10.2129015],[-76.8965099,-10.2146645],[-76.896773,-10.2164105],[-76.8972088,-10.2181227],[-76.897813,-10.2197847],[-76.8985799,-10.2213803],[-76.8995019,-10.2228943],[-76.9005703,-10.224312],[-76.9017748,-10.2256199],[-76.9031037,-10.2268052],[-76.9045443,-10.2278567],[-76.9060826,-10.2287642],[-76.9077039,-10.2295188],[-76.9093926,-10.2301135],[-76.9111324,-10.2305424],[-76.9129065,-10.2308014],[-76.9146979,-10.230888],[-76.9164892,-10.2308014],[-76.9182633,-10.2305424],[-76.9200031,-10.2301135],[-76.9216918,-10.2295188],[-76.9233131,-10.2287642],[-76.9248515,-10.2278567],[-76.926292,-10.2268052],[-76.9276209,-10.2256199],[-76.9288254,-10.224312],[-76.9298938,-10.2228943],[-76.9308159,-10.2213803],[-76.9315827,-10.2197847],[-76.9321869,-10.2181227],[-76.9326227,-10.2164105],[-76.9328859,-10.2146645],[-76.9329739,-10.2129015],[-76.9328859,-10.2111386],[-76.9326227,-10.2093926],[-76.9321869,-10.2076804],[-76.9315827,-10.2060184],[-76.9308159,-10.2044228],[-76.9298938,-10.2029088],[-76.9288254,-10.2014911],[-76.9276209,-10.2001832],[-76.926292,-10.1989978],[-76.9248515,-10.1979464],[-76.9233131,-10.1970389],[-76.9216918,-10.1962843],[-76.9200031,-10.1956896],[-76.9182633,-10.1952607],[-76.9164892,-10.1950017],[-76.9146979,-10.1949151]]]},"properties":{"name":"Nevado Ninashanca","local_name":"Nevado Ninashanca","english_name":"Nevado Ninashanca","search_name":"Nevado Ninashanca Nevado Ninashanca Nevado Ninashanca Nevado Ninashanca Nevado Ninashanca Nevado Ninashanca","peak_elev":5542,"radius_m":2000,"layer":"平均突起响应半径","rank_pct":0.9707,"center_lon":-76.91469785736176,"center_lat":-10.212901549390637,"max_mean_jut":389.1312,"max_ats":213.9564,"r_jmean_peak":2000,"r_ats_peak":2250,"r_ats_marginal":312.5,"ats_marginal_rate_max":0.198031,"ats_marginal_interval_start":250,"ats_marginal_interval_end":375,"ats_marginal_ats_mean":29.673}},{"type":"Feature","geometry":{"type":"Polygon","coordinates":[[[-78.37455,-6.3921232],[-78.3728868,-6.3922044],[-78.3712397,-6.3924472],[-78.3696244,-6.3928493],[-78.3680565,-6.3934068],[-78.3665512,-6.3941143],[-78.3651229,-6.394965],[-78.3637854,-6.3959508],[-78.3625516,-6.397062],[-78.3614333,-6.3982882],[-78.3604414,-6.3996173],[-78.3595853,-6.4010367],[-78.3588733,-6.4025326],[-78.3583124,-6.4040906],[-78.3579077,-6.4056958],[-78.3576634,-6.4073327],[-78.3575817,-6.4089855],[-78.3576634,-6.4106383],[-78.3579077,-6.4122751],[-78.3583124,-6.4138803],[-78.3588733,-6.4154384],[-78.3595853,-6.4169343],[-78.3604414,-6.4183537],[-78.3614333,-6.4196828],[-78.3625516,-6.4209089],[-78.3637854,-6.4220202],[-78.3651229,-6.423006],[-78.3665512,-6.4238567],[-78.3680565,-6.4245642],[-78.3696244,-6.4251217],[-78.3712397,-6.4255238],[-78.3728868,-6.4257666],[-78.37455,-6.4258478],[-78.3762132,-6.4257666],[-78.3778604,-6.4255238],[-78.3794757,-6.4251217],[-78.3810435,-6.4245642],[-78.3825488,-6.4238567],[-78.3839771,-6.423006],[-78.3853146,-6.4220202],[-78.3865484,-6.4209089],[-78.3876667,-6.4196828],[-78.3886587,-6.4183537],[-78.3895148,-6.4169343],[-78.3902267,-6.4154384],[-78.3907877,-6.4138803],[-78.3911923,-6.4122751],[-78.3914366,-6.4106383],[-78.3915184,-6.4089855],[-78.3914366,-6.4073327],[-78.3911923,-6.4056958],[-78.3907877,-6.4040906],[-78.3902267,-6.4025326],[-78.3895148,-6.4010367],[-78.3886587,-6.3996173],[-78.3876667,-6.3982882],[-78.3865484,-6.397062],[-78.3853146,-6.3959508],[-78.3839771,-6.394965],[-78.3825488,-6.3941143],[-78.3810435,-6.3934068],[-78.3794757,-6.3928493],[-78.3778604,-6.3924472],[-78.3762132,-6.3922044],[-78.37455,-6.3921232]]]},"properties":{"name":"Cerro Pintarrume","local_name":"Cerro Pintarrume","english_name":"Cerro Pintarrume","search_name":"Cerro Pintarrume Cerro Pintarrume Cerro Pintarrume Cerro Pintarrume Cerro Pintarrume Cerro Pintarrume","peak_elev":3006,"radius_m":1875,"layer":"平均突起响应半径","rank_pct":0.9813,"center_lon":-78.3745500255844,"center_lat":-6.408985478786521,"max_mean_jut":292.4042,"max_ats":122.9416,"r_jmean_peak":1875,"r_ats_peak":1875,"r_ats_marginal":687.5,"ats_marginal_rate_max":0.143186,"ats_marginal_interval_start":625,"ats_marginal_interval_end":750,"ats_marginal_ats_mean":64.3194}},{"type":"Feature","geometry":{"type":"Polygon","coordinates":[[[-76.9211657,-10.2591472],[-76.919598,-10.259223],[-76.9180453,-10.2594496],[-76.9165227,-10.2598249],[-76.9150448,-10.2603452],[-76.9136259,-10.2610055],[-76.9122796,-10.2617995],[-76.9110188,-10.2627196],[-76.9098558,-10.2637568],[-76.9088017,-10.2649011],[-76.9078667,-10.2661417],[-76.9070597,-10.2674664],[-76.9063886,-10.2688626],[-76.9058598,-10.2703168],[-76.9054784,-10.2718149],[-76.9052481,-10.2733427],[-76.9051711,-10.2748853],[-76.9052481,-10.2764279],[-76.9054784,-10.2779557],[-76.9058598,-10.2794538],[-76.9063886,-10.280908],[-76.9070597,-10.2823042],[-76.9078667,-10.2836289],[-76.9088017,-10.2848695],[-76.9098558,-10.2860138],[-76.9110188,-10.287051],[-76.9122796,-10.2879711],[-76.9136259,-10.2887651],[-76.9150448,-10.2894254],[-76.9165227,-10.2899458],[-76.9180453,-10.290321],[-76.919598,-10.2905476],[-76.9211657,-10.2906234],[-76.9227335,-10.2905476],[-76.9242861,-10.290321],[-76.9258087,-10.2899458],[-76.9272866,-10.2894254],[-76.9287055,-10.2887651],[-76.9300519,-10.2879711],[-76.9313126,-10.287051],[-76.9324756,-10.2860138],[-76.9335297,-10.2848695],[-76.9344648,-10.2836289],[-76.9352717,-10.2823042],[-76.9359428,-10.280908],[-76.9364716,-10.2794538],[-76.936853,-10.2779557],[-76.9370833,-10.2764279],[-76.9371604,-10.2748853],[-76.9370833,-10.2733427],[-76.936853,-10.2718149],[-76.9364716,-10.2703168],[-76.9359428,-10.2688626],[-76.9352717,-10.2674664],[-76.9344648,-10.2661417],[-76.9335297,-10.2649011],[-76.9324756,-10.2637568],[-76.9313126,-10.2627196],[-76.9300519,-10.2617995],[-76.9287055,-10.2610055],[-76.9272866,-10.2603452],[-76.9258087,-10.2598249],[-76.9242861,-10.2594496],[-76.9227335,-10.259223],[-76.9211657,-10.2591472]]]},"properties":{"name":"Nevado Rasac","local_name":"Nevado Rasac","english_name":"Nevado Rasac","search_name":"Nevado Rasac Nevado Rasac Nevado Rasac Nevado Rasac Nevado Rasac Nevado Rasac","peak_elev":5996,"radius_m":1750,"layer":"平均突起响应半径","rank_pct":0.984,"center_lon":-76.92116572740743,"center_lat":-10.274885303994882,"max_mean_jut":332.3288,"max_ats":159.7217,"r_jmean_peak":1750,"r_ats_peak":8750,"r_ats_marginal":187.5,"ats_marginal_rate_max":0.245477,"ats_marginal_interval_start":125,"ats_marginal_interval_end":250,"ats_marginal_ats_mean":38.7496}},{"type":"Feature","geometry":{"type":"Polygon","coordinates":[[[-73.500471,-50.045218],[-73.4982397,-50.0452883],[-73.49603,-50.0454988],[-73.493863,-50.0458472],[-73.4917597,-50.0463304],[-73.4897402,-50.0469436],[-73.4878241,-50.0476809],[-73.4860298,-50.0485352],[-73.4843746,-50.0494983],[-73.4828744,-50.0505609],[-73.4815437,-50.0517128],[-73.4803952,-50.052943],[-73.4794401,-50.0542394],[-73.4786875,-50.0555897],[-73.4781447,-50.0569809],[-73.4778169,-50.0583995],[-73.4777073,-50.0598319],[-73.4778169,-50.0612644],[-73.4781447,-50.062683],[-73.4786875,-50.0640741],[-73.4794401,-50.0654245],[-73.4803952,-50.0667209],[-73.4815437,-50.067951],[-73.4828744,-50.0691029],[-73.4843746,-50.0701656],[-73.4860298,-50.0711287],[-73.4878241,-50.071983],[-73.4897402,-50.0727203],[-73.4917597,-50.0733335],[-73.493863,-50.0738166],[-73.49603,-50.0741651],[-73.4982397,-50.0743755],[-73.500471,-50.0744459],[-73.5027022,-50.0743755],[-73.5049119,-50.0741651],[-73.5070789,-50.0738166],[-73.5091822,-50.0733335],[-73.5112017,-50.0727203],[-73.5131178,-50.071983],[-73.5149121,-50.0711287],[-73.5165673,-50.0701656],[-73.5180675,-50.0691029],[-73.5193982,-50.067951],[-73.5205467,-50.0667209],[-73.5215018,-50.0654245],[-73.5222544,-50.0640741],[-73.5227972,-50.062683],[-73.523125,-50.0612644],[-73.5232346,-50.0598319],[-73.523125,-50.0583995],[-73.5227972,-50.0569809],[-73.5222544,-50.0555897],[-73.5215018,-50.0542394],[-73.5205467,-50.052943],[-73.5193982,-50.0517128],[-73.5180675,-50.0505609],[-73.5165673,-50.0494983],[-73.5149121,-50.0485352],[-73.5131178,-50.0476809],[-73.5112017,-50.0469436],[-73.5091822,-50.0463304],[-73.5070789,-50.0458472],[-73.5049119,-50.0454988],[-73.5027022,-50.0452883],[-73.500471,-50.045218]]]},"properties":{"name":"Cerro Masters","local_name":"Cerro Masters","english_name":"Cerro Masters","search_name":"Cerro Masters Cerro Masters Cerro Masters Cerro Masters Cerro Masters Cerro Masters","peak_elev":2924,"radius_m":1625,"layer":"平均突起响应半径","rank_pct":0.9867,"center_lon":-73.5004709570087,"center_lat":-50.0598319331939,"max_mean_jut":245.2566,"max_ats":131.4192,"r_jmean_peak":1625,"r_ats_peak":1500,"r_ats_marginal":562.5,"ats_marginal_rate_max":0.165065,"ats_marginal_interval_start":500,"ats_marginal_interval_end":625,"ats_marginal_ats_mean":67.5072}},{"type":"Feature","geometry":{"type":"Polygon","coordinates":[[[-76.9031096,-10.2370948],[-76.9016539,-10.2371652],[-76.9002123,-10.2373756],[-76.8987986,-10.2377241],[-76.8974263,-10.2382072],[-76.8961088,-10.2388204],[-76.8948588,-10.2395577],[-76.8936882,-10.240412],[-76.8926083,-10.2413751],[-76.8916296,-10.2424378],[-76.8907614,-10.2435897],[-76.8900121,-10.2448198],[-76.889389,-10.2461162],[-76.888898,-10.2474666],[-76.8885439,-10.2488577],[-76.88833,-10.2502763],[-76.8882585,-10.2517088],[-76.88833,-10.2531412],[-76.8885439,-10.2545598],[-76.888898,-10.255951],[-76.889389,-10.2573013],[-76.8900121,-10.2585978],[-76.8907614,-10.2598279],[-76.8916296,-10.2609798],[-76.8926083,-10.2620424],[-76.8936882,-10.2630055],[-76.8948588,-10.2638598],[-76.8961088,-10.2645971],[-76.8974263,-10.2652103],[-76.8987986,-10.2656935],[-76.9002123,-10.2660419],[-76.9016539,-10.2662524],[-76.9031096,-10.2663227],[-76.9045652,-10.2662524],[-76.9060069,-10.2660419],[-76.9074206,-10.2656935],[-76.9087928,-10.2652103],[-76.9101103,-10.2645971],[-76.9113604,-10.2638598],[-76.912531,-10.2630055],[-76.9136109,-10.2620424],[-76.9145896,-10.2609798],[-76.9154578,-10.2598279],[-76.9162071,-10.2585978],[-76.9168302,-10.2573013],[-76.9173212,-10.255951],[-76.9176753,-10.2545598],[-76.9178891,-10.2531412],[-76.9179607,-10.2517088],[-76.9178891,-10.2502763],[-76.9176753,-10.2488577],[-76.9173212,-10.2474666],[-76.9168302,-10.2461162],[-76.9162071,-10.2448198],[-76.9154578,-10.2435897],[-76.9145896,-10.2424378],[-76.9136109,-10.2413751],[-76.912531,-10.240412],[-76.9113604,-10.2395577],[-76.9101103,-10.2388204],[-76.9087928,-10.2382072],[-76.9074206,-10.2377241],[-76.9060069,-10.2373756],[-76.9045652,-10.2371652],[-76.9031096,-10.2370948]]]},"properties":{"name":"Nevado Yerupajá Chico","local_name":"Nevado Yerupajá Chico","english_name":"Nevado Yerupajá Chico","search_name":"Nevado Yerupajá Chico Nevado Yerupajá Chico Nevado Yerupajá Chico Nevado Yerupajá Chico Nevado Yerupajá Chico Nevado Yerupajá Chico","peak_elev":6027,"radius_m":1625,"layer":"平均突起响应半径","rank_pct":0.9867,"center_lon":-76.90310959019662,"center_lat":-10.251708769664598,"max_mean_jut":458.5339,"max_ats":223.3279,"r_jmean_peak":1625,"r_ats_peak":4750,"r_ats_marginal":562.5,"ats_marginal_rate_max":0.314097,"ats_marginal_interval_start":500,"ats_marginal_interval_end":625,"ats_marginal_ats_mean":107.2039}},{"type":"Feature","geometry":{"type":"Polygon","coordinates":[[[-73.3616812,-50.4314499],[-73.3596049,-50.4315148],[-73.3575486,-50.4317091],[-73.3555321,-50.4320307],[-73.3535748,-50.4324767],[-73.3516956,-50.4330427],[-73.3499125,-50.4337233],[-73.3482428,-50.4345119],[-73.3467025,-50.4354009],[-73.3453065,-50.4363818],[-73.3440681,-50.4374452],[-73.3429994,-50.4385806],[-73.3421106,-50.4397774],[-73.3414103,-50.4410238],[-73.3409052,-50.442308],[-73.3406001,-50.4436175],[-73.3404981,-50.4449397],[-73.3406001,-50.4462619],[-73.3409052,-50.4475714],[-73.3414103,-50.4488556],[-73.3421106,-50.450102],[-73.3429994,-50.4512988],[-73.3440681,-50.4524342],[-73.3453065,-50.4534975],[-73.3467025,-50.4544784],[-73.3482428,-50.4553675],[-73.3499125,-50.4561561],[-73.3516956,-50.4568367],[-73.3535748,-50.4574027],[-73.3555321,-50.4578487],[-73.3575486,-50.4581703],[-73.3596049,-50.4583646],[-73.3616812,-50.4584295],[-73.3637576,-50.4583646],[-73.3658139,-50.4581703],[-73.3678304,-50.4578487],[-73.3697877,-50.4574027],[-73.3716669,-50.4568367],[-73.37345,-50.4561561],[-73.3751197,-50.4553675],[-73.37666,-50.4544784],[-73.378056,-50.4534975],[-73.3792944,-50.4524342],[-73.3803631,-50.4512988],[-73.3812519,-50.450102],[-73.3819522,-50.4488556],[-73.3824573,-50.4475714],[-73.3827624,-50.4462619],[-73.3828644,-50.4449397],[-73.3827624,-50.4436175],[-73.3824573,-50.442308],[-73.3819522,-50.4410238],[-73.3812519,-50.4397774],[-73.3803631,-50.4385806],[-73.3792944,-50.4374452],[-73.378056,-50.4363818],[-73.37666,-50.4354009],[-73.3751197,-50.4345119],[-73.37345,-50.4337233],[-73.3716669,-50.4330427],[-73.3697877,-50.4324767],[-73.3678304,-50.4320307],[-73.3658139,-50.4317091],[-73.3637576,-50.4315148],[-73.3616812,-50.4314499]]]},"properties":{"name":"Cerro Cuerno","local_name":"Cerro Cuerno","english_name":"Cerro Cuerno","search_name":"Cerro Cuerno Cerro Cuerno Cerro Cuerno Cerro Cuerno Cerro Cuerno Cerro Cuerno","peak_elev":2209,"radius_m":1500,"layer":"平均突起响应半径","rank_pct":0.992,"center_lon":-73.36168124561223,"center_lat":-50.44493969549594,"max_mean_jut":516.9351,"max_ats":283.6645,"r_jmean_peak":1500,"r_ats_peak":1625,"r_ats_marginal":437.5,"ats_marginal_rate_max":0.369712,"ats_marginal_interval_start":375,"ats_marginal_interval_end":500,"ats_marginal_ats_mean":86.3394}},{"type":"Feature","geometry":{"type":"Polygon","coordinates":[[[-77.5897818,-9.1505388],[-77.5884425,-9.1506038],[-77.587116,-9.150798],[-77.5858153,-9.1511197],[-77.5845527,-9.1515657],[-77.5833405,-9.1521317],[-77.5821904,-9.1528122],[-77.5811133,-9.1536008],[-77.5801197,-9.1544899],[-77.5792192,-9.1554708],[-77.5784204,-9.1565341],[-77.577731,-9.1576696],[-77.5771577,-9.1588663],[-77.5767059,-9.1601127],[-77.5763801,-9.1613969],[-77.5761834,-9.1627064],[-77.5761176,-9.1640286],[-77.5761834,-9.1653509],[-77.5763801,-9.1666604],[-77.5767059,-9.1679445],[-77.5771577,-9.169191],[-77.577731,-9.1703877],[-77.5784204,-9.1715232],[-77.5792192,-9.1725865],[-77.5801197,-9.1735674],[-77.5811133,-9.1744564],[-77.5821904,-9.175245],[-77.5833405,-9.1759256],[-77.5845527,-9.1764916],[-77.5858153,-9.1769376],[-77.587116,-9.1772592],[-77.5884425,-9.1774535],[-77.5897818,-9.1775184],[-77.5911211,-9.1774535],[-77.5924476,-9.1772592],[-77.5937483,-9.1769376],[-77.5950109,-9.1764916],[-77.5962231,-9.1759256],[-77.5973732,-9.175245],[-77.5984503,-9.1744564],[-77.5994439,-9.1735674],[-77.6003444,-9.1725865],[-77.6011432,-9.1715232],[-77.6018326,-9.1703877],[-77.6024059,-9.169191],[-77.6028576,-9.1679445],[-77.6031835,-9.1666604],[-77.6033802,-9.1653509],[-77.603446,-9.1640286],[-77.6033802,-9.1627064],[-77.6031835,-9.1613969],[-77.6028576,-9.1601127],[-77.6024059,-9.1588663],[-77.6018326,-9.1576696],[-77.6011432,-9.1565341],[-77.6003444,-9.1554708],[-77.5994439,-9.1544899],[-77.5984503,-9.1536008],[-77.5973732,-9.1528122],[-77.5962231,-9.1521317],[-77.5950109,-9.1515657],[-77.5937483,-9.1511197],[-77.5924476,-9.150798],[-77.5911211,-9.1506038],[-77.5897818,-9.1505388]]]},"properties":{"name":"Cerro Jatun Quecga","local_name":"Cerro Jatun Quecga","english_name":"Cerro Jatun Quecga","search_name":"Cerro Jatun Quecga Cerro Jatun Quecga Cerro Jatun Quecga Cerro Jatun Quecga Cerro Jatun Quecga Cerro Jatun Quecga","peak_elev":4781,"radius_m":1500,"layer":"平均突起响应半径","rank_pct":0.992,"center_lon":-77.58978179337758,"center_lat":-9.164028623652682,"max_mean_jut":228.9361,"max_ats":84.8342,"r_jmean_peak":1500,"r_ats_peak":1625,"r_ats_marginal":437.5,"ats_marginal_rate_max":0.081957,"ats_marginal_interval_start":375,"ats_marginal_interval_end":500,"ats_marginal_ats_mean":32.3924}},{"type":"Feature","geometry":{"type":"Polygon","coordinates":[[[-72.5421482,-13.1611572],[-72.5407902,-13.1612222],[-72.5394453,-13.1614164],[-72.5381265,-13.1617381],[-72.5368463,-13.1621841],[-72.5356173,-13.1627501],[-72.5344511,-13.1634307],[-72.533359,-13.1642193],[-72.5323516,-13.1651083],[-72.5314386,-13.1660892],[-72.5306286,-13.1671525],[-72.5299297,-13.168288],[-72.5293483,-13.1694847],[-72.5288903,-13.1707312],[-72.5285599,-13.1720153],[-72.5283604,-13.1733248],[-72.5282937,-13.174647],[-72.5283604,-13.1759693],[-72.5285599,-13.1772788],[-72.5288903,-13.1785629],[-72.5293483,-13.1798094],[-72.5299297,-13.1810061],[-72.5306286,-13.1821416],[-72.5314386,-13.1832049],[-72.5323516,-13.1841858],[-72.533359,-13.1850748],[-72.5344511,-13.1858634],[-72.5356173,-13.186544],[-72.5368463,-13.18711],[-72.5381265,-13.187556],[-72.5394453,-13.1878777],[-72.5407902,-13.1880719],[-72.5421482,-13.1881369],[-72.5435062,-13.1880719],[-72.5448511,-13.1878777],[-72.54617,-13.187556],[-72.5474501,-13.18711],[-72.5486792,-13.186544],[-72.5498453,-13.1858634],[-72.5509374,-13.1850748],[-72.5519448,-13.1841858],[-72.5528579,-13.1832049],[-72.5536678,-13.1821416],[-72.5543668,-13.1810061],[-72.5549481,-13.1798094],[-72.5554061,-13.1785629],[-72.5557365,-13.1772788],[-72.555936,-13.1759693],[-72.5560027,-13.174647],[-72.555936,-13.1733248],[-72.5557365,-13.1720153],[-72.5554061,-13.1707312],[-72.5549481,-13.1694847],[-72.5543668,-13.168288],[-72.5536678,-13.1671525],[-72.5528579,-13.1660892],[-72.5519448,-13.1651083],[-72.5509374,-13.1642193],[-72.5498453,-13.1634307],[-72.5486792,-13.1627501],[-72.5474501,-13.1621841],[-72.54617,-13.1617381],[-72.5448511,-13.1614164],[-72.5435062,-13.1612222],[-72.5421482,-13.1611572]]]},"properties":{"name":"Montaña Machu Picchu","local_name":"Montaña Machu Picchu","english_name":"Montaña Machu Picchu","search_name":"Montaña Machu Picchu Montaña Machu Picchu Montaña Machu Picchu Montaña Machu Picchu Montaña Machu Picchu Montaña Machu Picchu","peak_elev":3057,"radius_m":1500,"layer":"平均突起响应半径","rank_pct":0.992,"center_lon":-72.54214821190999,"center_lat":-13.174647041132696,"max_mean_jut":371.4198,"max_ats":188.3517,"r_jmean_peak":1500,"r_ats_peak":1750,"r_ats_marginal":437.5,"ats_marginal_rate_max":0.236997,"ats_marginal_interval_start":375,"ats_marginal_interval_end":500,"ats_marginal_ats_mean":60.8385}},{"type":"Feature","geometry":{"type":"Polygon","coordinates":[[[-72.1710542,-15.4506061],[-72.1699109,-15.4506602],[-72.1687787,-15.4508221],[-72.1676684,-15.4510901],[-72.1665907,-15.4514618],[-72.165556,-15.4519335],[-72.1645742,-15.4525006],[-72.1636548,-15.4531578],[-72.1628067,-15.4538986],[-72.162038,-15.454716],[-72.1613562,-15.4556021],[-72.1607677,-15.4565484],[-72.1602784,-15.4575456],[-72.1598928,-15.4585843],[-72.1596146,-15.4596545],[-72.1594467,-15.4607457],[-72.1593905,-15.4618476],[-72.1594467,-15.4629494],[-72.1596146,-15.4640407],[-72.1598928,-15.4651108],[-72.1602784,-15.4661495],[-72.1607677,-15.4671468],[-72.1613562,-15.468093],[-72.162038,-15.4689791],[-72.1628067,-15.4697965],[-72.1636548,-15.4705374],[-72.1645742,-15.4711946],[-72.165556,-15.4717617],[-72.1665907,-15.4722334],[-72.1676684,-15.4726051],[-72.1687787,-15.4728731],[-72.1699109,-15.473035],[-72.1710542,-15.4730891],[-72.1721974,-15.473035],[-72.1733296,-15.4728731],[-72.1744399,-15.4726051],[-72.1755177,-15.4722334],[-72.1765524,-15.4717617],[-72.1775341,-15.4711946],[-72.1784535,-15.4705374],[-72.1793016,-15.4697965],[-72.1800703,-15.4689791],[-72.1807521,-15.468093],[-72.1813406,-15.4671468],[-72.18183,-15.4661495],[-72.1822156,-15.4651108],[-72.1824937,-15.4640407],[-72.1826617,-15.4629494],[-72.1827178,-15.4618476],[-72.1826617,-15.4607457],[-72.1824937,-15.4596545],[-72.1822156,-15.4585843],[-72.18183,-15.4575456],[-72.1813406,-15.4565484],[-72.1807521,-15.4556021],[-72.1800703,-15.454716],[-72.1793016,-15.4538986],[-72.1784535,-15.4531578],[-72.1775341,-15.4525006],[-72.1765524,-15.4519335],[-72.1755177,-15.4514618],[-72.1744399,-15.4510901],[-72.1733296,-15.4508221],[-72.1721974,-15.4506602],[-72.1710542,-15.4506061]]]},"properties":{"name":"Cerro Casiri","local_name":"Cerro Casiri","english_name":"Cerro Casiri","search_name":"Cerro Casiri Cerro Casiri Cerro Casiri Cerro Casiri Cerro Casiri Cerro Casiri","peak_elev":5615,"radius_m":1250,"layer":"平均突起响应半径","rank_pct":1.0,"center_lon":-72.17105416804021,"center_lat":-15.46184758602941,"max_mean_jut":217.9782,"max_ats":124.4761,"r_jmean_peak":1250,"r_ats_peak":1750,"r_ats_marginal":312.5,"ats_marginal_rate_max":0.187947,"ats_marginal_interval_start":250,"ats_marginal_interval_end":375,"ats_marginal_ats_mean":42.2115}}]}