{"type":"FeatureCollection","features":[{"type":"Feature","geometry":{"type":"Polygon","coordinates":[[[109.435957,40.8886731],[109.4580544,40.8878503],[109.4799389,40.8853899],[109.5013999,40.8813155],[109.5222307,40.8756663],[109.5422305,40.8684969],[109.5612069,40.8598761],[109.5789771,40.8498872],[109.5953699,40.8386261],[109.6102275,40.8262015],[109.6234068,40.8127329],[109.6347808,40.7983501],[109.64424,40.7831915],[109.6516934,40.7674033],[109.6570691,40.7511373],[109.6603154,40.7345503],[109.6614009,40.717802],[109.6603154,40.7010537],[109.6570691,40.6844667],[109.6516934,40.6682007],[109.64424,40.6524125],[109.6347808,40.6372539],[109.6234068,40.6228711],[109.6102275,40.6094025],[109.5953699,40.5969779],[109.5789771,40.5857168],[109.5612069,40.5757279],[109.5422305,40.5671071],[109.5222307,40.5599377],[109.5013999,40.5542885],[109.4799389,40.5502141],[109.4580544,40.5477537],[109.435957,40.5469309],[109.4138596,40.5477537],[109.3919751,40.5502141],[109.3705141,40.5542885],[109.3496833,40.5599377],[109.3296835,40.5671071],[109.3107071,40.5757279],[109.2929369,40.5857168],[109.2765441,40.5969779],[109.2616865,40.6094025],[109.2485072,40.6228711],[109.2371332,40.6372539],[109.227674,40.6524125],[109.2202206,40.6682007],[109.2148449,40.6844667],[109.2115986,40.7010537],[109.2105131,40.717802],[109.2115986,40.7345503],[109.2148449,40.7511373],[109.2202206,40.7674033],[109.227674,40.7831915],[109.2371332,40.7983501],[109.2485072,40.8127329],[109.2616865,40.8262015],[109.2765441,40.8386261],[109.2929369,40.8498872],[109.3107071,40.8598761],[109.3296835,40.8684969],[109.3496833,40.8756663],[109.3705141,40.8813155],[109.3919751,40.8853899],[109.4138596,40.8878503],[109.435957,40.8886731]]]},"properties":{"name":"2255","peak_elev":2263,"radius_m":19000,"layer":"ATS峰值响应半径","rank_pct":0.0,"center_lon":109.435957,"center_lat":40.717802,"max_mean_jut":79.3972,"max_ats":50.586,"r_jmean_peak":3000,"r_ats_peak":19000,"r_ats_marginal":187.5,"ats_marginal_rate_max":0.03029663660952084,"ats_marginal_interval_start":125.0,"ats_marginal_interval_end":250.0,"is_expanded":true}},{"type":"Feature","geometry":{"type":"Polygon","coordinates":[[[109.4292221,40.883014],[109.4513176,40.8821913],[109.4732003,40.8797308],[109.4946595,40.8756564],[109.5154884,40.8700073],[109.5354866,40.8628378],[109.5544614,40.8542171],[109.5722301,40.8442281],[109.5886215,40.8329671],[109.6034778,40.8205424],[109.616656,40.8070738],[109.628029,40.792691],[109.6374874,40.7775325],[109.6449402,40.7617442],[109.6503154,40.7454782],[109.6535614,40.7288912],[109.6546469,40.7121429],[109.6535614,40.6953946],[109.6503154,40.6788076],[109.6449402,40.6625417],[109.6374874,40.6467534],[109.628029,40.6315949],[109.616656,40.617212],[109.6034778,40.6037435],[109.5886215,40.5913188],[109.5722301,40.5800578],[109.5544614,40.5700688],[109.5354866,40.5614481],[109.5154884,40.5542786],[109.4946595,40.5486295],[109.4732003,40.5445551],[109.4513176,40.5420946],[109.4292221,40.5412718],[109.4071266,40.5420946],[109.3852439,40.5445551],[109.3637847,40.5486295],[109.3429558,40.5542786],[109.3229576,40.5614481],[109.3039828,40.5700688],[109.2862141,40.5800578],[109.2698227,40.5913188],[109.2549664,40.6037435],[109.2417883,40.617212],[109.2304152,40.6315949],[109.2209568,40.6467534],[109.213504,40.6625417],[109.2081288,40.6788076],[109.2048828,40.6953946],[109.2037973,40.7121429],[109.2048828,40.7288912],[109.2081288,40.7454782],[109.213504,40.7617442],[109.2209568,40.7775325],[109.2304152,40.792691],[109.2417883,40.8070738],[109.2549664,40.8205424],[109.2698227,40.8329671],[109.2862141,40.8442281],[109.3039828,40.8542171],[109.3229576,40.8628378],[109.3429558,40.8700073],[109.3637847,40.8756564],[109.3852439,40.8797308],[109.4071266,40.8821913],[109.4292221,40.883014]]]},"properties":{"name":"2260无名峰","peak_elev":2260,"radius_m":19000,"layer":"ATS峰值响应半径","rank_pct":0.0,"center_lon":109.4292221069336,"center_lat":40.71214294433594,"max_mean_jut":75.4726,"max_ats":51.2363,"r_jmean_peak":13000,"r_ats_peak":19000,"r_ats_marginal":187.5,"ats_marginal_rate_max":0.017297721743038504,"ats_marginal_interval_start":125.0,"ats_marginal_interval_end":250.0,"is_expanded":true}},{"type":"Feature","geometry":{"type":"Polygon","coordinates":[[[109.0026093,40.8748289],[109.0235421,40.8740494],[109.0442733,40.8717185],[109.0646033,40.8678585],[109.0843362,40.8625067],[109.1032821,40.8557146],[109.1212584,40.8475475],[109.1380921,40.8380843],[109.153621,40.827416],[109.1676956,40.8156452],[109.1801803,40.8028855],[109.1909549,40.7892597],[109.1999157,40.774899],[109.2069762,40.7599417],[109.2120686,40.7445318],[109.2151438,40.7288178],[109.2161722,40.712951],[109.2151438,40.6970842],[109.2120686,40.6813702],[109.2069762,40.6659603],[109.1999157,40.651003],[109.1909549,40.6366423],[109.1801803,40.6230165],[109.1676956,40.6102568],[109.153621,40.598486],[109.1380921,40.5878177],[109.1212584,40.5783545],[109.1032821,40.5701874],[109.0843362,40.5633953],[109.0646033,40.5580435],[109.0442733,40.5541835],[109.0235421,40.5518526],[109.0026093,40.5510731],[108.9816764,40.5518526],[108.9609452,40.5541835],[108.9406152,40.5580435],[108.9208823,40.5633953],[108.9019364,40.5701874],[108.8839601,40.5783545],[108.8671264,40.5878177],[108.8515975,40.598486],[108.8375229,40.6102568],[108.8250382,40.6230165],[108.8142636,40.6366423],[108.8053029,40.651003],[108.7982423,40.6659603],[108.7931499,40.6813702],[108.7900747,40.6970842],[108.7890463,40.712951],[108.7900747,40.7288178],[108.7931499,40.7445318],[108.7982423,40.7599417],[108.8053029,40.774899],[108.8142636,40.7892597],[108.8250382,40.8028855],[108.8375229,40.8156452],[108.8515975,40.827416],[108.8671264,40.8380843],[108.8839601,40.8475475],[108.9019364,40.8557146],[108.9208823,40.8625067],[108.9406152,40.8678585],[108.9609452,40.8717185],[108.9816764,40.8740494],[109.0026093,40.8748289]]]},"properties":{"name":"2124无名峰","peak_elev":2124,"radius_m":18000,"layer":"ATS峰值响应半径","rank_pct":0.0101,"center_lon":109.00260925292967,"center_lat":40.712951,"max_mean_jut":74.4427,"max_ats":50.8077,"r_jmean_peak":11000,"r_ats_peak":18000,"r_ats_marginal":312.5,"ats_marginal_rate_max":0.0594883039305664,"ats_marginal_interval_start":250.0,"ats_marginal_interval_end":375.0,"is_expanded":true}},{"type":"Feature","geometry":{"type":"Polygon","coordinates":[[[108.991291,40.8609003],[109.0116395,40.8601424],[109.031792,40.8578762],[109.0515544,40.8541235],[109.0707365,40.8489203],[109.0891535,40.8423169],[109.106628,40.8343768],[109.1229918,40.8251764],[109.1380872,40.8148044],[109.1517689,40.8033606],[109.1639051,40.7909554],[109.1743789,40.777708],[109.1830895,40.7637462],[109.189953,40.7492044],[109.1949032,40.7342226],[109.1978925,40.7189451],[109.1988922,40.703519],[109.1978925,40.6880929],[109.1949032,40.6728154],[109.189953,40.6578336],[109.1830895,40.6432918],[109.1743789,40.62933],[109.1639051,40.6160826],[109.1517689,40.6036774],[109.1380872,40.5922336],[109.1229918,40.5818616],[109.106628,40.5726612],[109.0891535,40.5647211],[109.0707365,40.5581177],[109.0515544,40.5529145],[109.031792,40.5491618],[109.0116395,40.5468956],[108.991291,40.5461377],[108.9709425,40.5468956],[108.95079,40.5491618],[108.9310276,40.5529145],[108.9118455,40.5581177],[108.8934285,40.5647211],[108.875954,40.5726612],[108.8595902,40.5818616],[108.8444948,40.5922336],[108.8308131,40.6036774],[108.8186769,40.6160826],[108.8082031,40.62933],[108.7994925,40.6432918],[108.792629,40.6578336],[108.7876788,40.6728154],[108.7846895,40.6880929],[108.7836898,40.703519],[108.7846895,40.7189451],[108.7876788,40.7342226],[108.792629,40.7492044],[108.7994925,40.7637462],[108.8082031,40.777708],[108.8186769,40.7909554],[108.8308131,40.8033606],[108.8444948,40.8148044],[108.8595902,40.8251764],[108.875954,40.8343768],[108.8934285,40.8423169],[108.9118455,40.8489203],[108.9310276,40.8541235],[108.95079,40.8578762],[108.9709425,40.8601424],[108.991291,40.8609003]]]},"properties":{"name":"2084无名峰","peak_elev":2084,"radius_m":17500,"layer":"ATS峰值响应半径","rank_pct":0.0151,"center_lon":108.991291,"center_lat":40.703519,"max_mean_jut":68.6486,"max_ats":46.9069,"r_jmean_peak":11500,"r_ats_peak":17500,"r_ats_marginal":187.5,"ats_marginal_rate_max":0.03270466325819049,"ats_marginal_interval_start":125.0,"ats_marginal_interval_end":250.0,"is_expanded":true}},{"type":"Feature","geometry":{"type":"Polygon","coordinates":[[[109.041956,40.8500201],[109.0611412,40.8493055],[109.0801416,40.8471688],[109.0987742,40.8436305],[109.1168597,40.8387247],[109.1342238,40.8324986],[109.1506993,40.8250122],[109.1661275,40.8163375],[109.1803599,40.8065582],[109.1932594,40.7957684],[109.2047018,40.784072],[109.2145769,40.7715816],[109.2227895,40.7584177],[109.2292605,40.7447068],[109.2339278,40.7305811],[109.2367462,40.7161766],[109.2376887,40.701632],[109.2367462,40.6870874],[109.2339278,40.6726829],[109.2292605,40.6585572],[109.2227895,40.6448463],[109.2145769,40.6316824],[109.2047018,40.619192],[109.1932594,40.6074956],[109.1803599,40.5967058],[109.1661275,40.5869265],[109.1506993,40.5782518],[109.1342238,40.5707654],[109.1168597,40.5645393],[109.0987742,40.5596335],[109.0801416,40.5560952],[109.0611412,40.5539585],[109.041956,40.5532439],[109.0227708,40.5539585],[109.0037704,40.5560952],[108.9851378,40.5596335],[108.9670523,40.5645393],[108.9496882,40.5707654],[108.9332127,40.5782518],[108.9177845,40.5869265],[108.9035521,40.5967058],[108.8906526,40.6074956],[108.8792102,40.619192],[108.8693351,40.6316824],[108.8611225,40.6448463],[108.8546515,40.6585572],[108.8499842,40.6726829],[108.8471658,40.6870874],[108.8462233,40.701632],[108.8471658,40.7161766],[108.8499842,40.7305811],[108.8546515,40.7447068],[108.8611225,40.7584177],[108.8693351,40.7715816],[108.8792102,40.784072],[108.8906526,40.7957684],[108.9035521,40.8065582],[108.9177845,40.8163375],[108.9332127,40.8250122],[108.9496882,40.8324986],[108.9670523,40.8387247],[108.9851378,40.8436305],[109.0037704,40.8471688],[109.0227708,40.8493055],[109.041956,40.8500201]]]},"properties":{"name":"2129无名峰","peak_elev":2129,"radius_m":16500,"layer":"ATS峰值响应半径","rank_pct":0.0201,"center_lon":109.041956,"center_lat":40.701632,"max_mean_jut":90.4349,"max_ats":51.8765,"r_jmean_peak":2750,"r_ats_peak":16500,"r_ats_marginal":187.5,"ats_marginal_rate_max":0.05224563120667816,"ats_marginal_interval_start":125.0,"ats_marginal_interval_end":250.0,"is_expanded":true}},{"type":"Feature","geometry":{"type":"Polygon","coordinates":[[[109.405774,40.8451701],[109.4249578,40.8444555],[109.4439568,40.8423188],[109.4625881,40.8387805],[109.4806722,40.8338747],[109.4980351,40.8276486],[109.5145094,40.8201622],[109.5299365,40.8114875],[109.5441679,40.8017082],[109.5570664,40.7909184],[109.568508,40.779222],[109.5783823,40.7667316],[109.5865943,40.7535677],[109.5930649,40.7398568],[109.5977318,40.7257311],[109.60055,40.7113266],[109.6014925,40.696782],[109.60055,40.6822374],[109.5977318,40.6678329],[109.5930649,40.6537072],[109.5865943,40.6399963],[109.5783823,40.6268324],[109.568508,40.614342],[109.5570664,40.6026456],[109.5441679,40.5918558],[109.5299365,40.5820765],[109.5145094,40.5734018],[109.4980351,40.5659154],[109.4806722,40.5596893],[109.4625881,40.5547835],[109.4439568,40.5512452],[109.4249578,40.5491085],[109.405774,40.5483939],[109.3865902,40.5491085],[109.3675912,40.5512452],[109.3489599,40.5547835],[109.3308758,40.5596893],[109.3135129,40.5659154],[109.2970386,40.5734018],[109.2816115,40.5820765],[109.2673801,40.5918558],[109.2544816,40.6026456],[109.24304,40.614342],[109.2331657,40.6268324],[109.2249537,40.6399963],[109.2184831,40.6537072],[109.2138162,40.6678329],[109.210998,40.6822374],[109.2100555,40.696782],[109.210998,40.7113266],[109.2138162,40.7257311],[109.2184831,40.7398568],[109.2249537,40.7535677],[109.2331657,40.7667316],[109.24304,40.779222],[109.2544816,40.7909184],[109.2673801,40.8017082],[109.2816115,40.8114875],[109.2970386,40.8201622],[109.3135129,40.8276486],[109.3308758,40.8338747],[109.3489599,40.8387805],[109.3675912,40.8423188],[109.3865902,40.8444555],[109.405774,40.8451701]]]},"properties":{"name":"2344无名峰","peak_elev":2344,"radius_m":16500,"layer":"ATS峰值响应半径","rank_pct":0.0201,"center_lon":109.405774,"center_lat":40.696782,"max_mean_jut":109.1986,"max_ats":67.574,"r_jmean_peak":8250,"r_ats_peak":16500,"r_ats_marginal":187.5,"ats_marginal_rate_max":0.11178016893690855,"ats_marginal_interval_start":125.0,"ats_marginal_interval_end":250.0,"is_expanded":true}},{"type":"Feature","geometry":{"type":"Polygon","coordinates":[[[108.977816,40.8295241],[108.9952552,40.8288745],[109.0125265,40.8269321],[109.0294635,40.8237154],[109.0459031,40.8192556],[109.061687,40.8135955],[109.0766631,40.8067896],[109.0906873,40.7989036],[109.1036245,40.7900133],[109.1153501,40.7802044],[109.1257512,40.7695713],[109.1347275,40.7582164],[109.1421928,40.7462492],[109.1480749,40.7337847],[109.1523174,40.7209432],[109.1548794,40.7078482],[109.1557361,40.6946259],[109.1548794,40.6814035],[109.1523174,40.6683085],[109.1480749,40.655467],[109.1421928,40.6430025],[109.1347275,40.6310353],[109.1257512,40.6196804],[109.1153501,40.6090473],[109.1036245,40.5992384],[109.0906873,40.5903481],[109.0766631,40.5824621],[109.061687,40.5756562],[109.0459031,40.5699961],[109.0294635,40.5655363],[109.0125265,40.5623196],[108.9952552,40.5603772],[108.977816,40.5597276],[108.9603768,40.5603772],[108.9431055,40.5623196],[108.9261685,40.5655363],[108.9097289,40.5699961],[108.893945,40.5756562],[108.8789689,40.5824621],[108.8649447,40.5903481],[108.8520075,40.5992384],[108.8402819,40.6090473],[108.8298808,40.6196804],[108.8209045,40.6310353],[108.8134392,40.6430025],[108.8075571,40.655467],[108.8033146,40.6683085],[108.8007526,40.6814035],[108.7998959,40.6946259],[108.8007526,40.7078482],[108.8033146,40.7209432],[108.8075571,40.7337847],[108.8134392,40.7462492],[108.8209045,40.7582164],[108.8298808,40.7695713],[108.8402819,40.7802044],[108.8520075,40.7900133],[108.8649447,40.7989036],[108.8789689,40.8067896],[108.893945,40.8135955],[108.9097289,40.8192556],[108.9261685,40.8237154],[108.9431055,40.8269321],[108.9603768,40.8288745],[108.977816,40.8295241]]]},"properties":{"name":"2107无名峰","peak_elev":2107,"radius_m":15000,"layer":"ATS峰值响应半径","rank_pct":0.0302,"center_lon":108.977816,"center_lat":40.69462585449219,"max_mean_jut":79.4781,"max_ats":52.4547,"r_jmean_peak":9250,"r_ats_peak":15000,"r_ats_marginal":187.5,"ats_marginal_rate_max":0.07325013801381343,"ats_marginal_interval_start":125.0,"ats_marginal_interval_end":250.0,"is_expanded":true}},{"type":"Feature","geometry":{"type":"Polygon","coordinates":[[[109.142208,40.8529702],[109.1596534,40.8523207],[109.1769307,40.8503782],[109.1938737,40.8471616],[109.2103191,40.8427017],[109.2261085,40.8370416],[109.2410899,40.8302358],[109.2551191,40.8223498],[109.2680608,40.8134595],[109.2797905,40.8036505],[109.2901953,40.7930174],[109.2991748,40.7816626],[109.3066426,40.7696953],[109.3125269,40.7572309],[109.3167709,40.7443893],[109.3193337,40.7312943],[109.3201908,40.718072],[109.3193337,40.7048497],[109.3167709,40.6917547],[109.3125269,40.6789131],[109.3066426,40.6664487],[109.2991748,40.6544814],[109.2901953,40.6431266],[109.2797905,40.6324935],[109.2680608,40.6226845],[109.2551191,40.6137942],[109.2410899,40.6059082],[109.2261085,40.5991024],[109.2103191,40.5934423],[109.1938737,40.5889824],[109.1769307,40.5857658],[109.1596534,40.5838233],[109.142208,40.5831738],[109.1247626,40.5838233],[109.1074853,40.5857658],[109.0905423,40.5889824],[109.0740969,40.5934423],[109.0583075,40.5991024],[109.0433261,40.6059082],[109.0292969,40.6137942],[109.0163552,40.6226845],[109.0046255,40.6324935],[108.9942207,40.6431266],[108.9852412,40.6544814],[108.9777734,40.6664487],[108.9718891,40.6789131],[108.9676451,40.6917547],[108.9650823,40.7048497],[108.9642252,40.718072],[108.9650823,40.7312943],[108.9676451,40.7443893],[108.9718891,40.7572309],[108.9777734,40.7696953],[108.9852412,40.7816626],[108.9942207,40.7930174],[109.0046255,40.8036505],[109.0163552,40.8134595],[109.0292969,40.8223498],[109.0433261,40.8302358],[109.0583075,40.8370416],[109.0740969,40.8427017],[109.0905423,40.8471616],[109.1074853,40.8503782],[109.1247626,40.8523207],[109.142208,40.8529702]]]},"properties":{"name":"2164无名峰","peak_elev":2164,"radius_m":15000,"layer":"ATS峰值响应半径","rank_pct":0.0302,"center_lon":109.142208,"center_lat":40.718072,"max_mean_jut":77.3482,"max_ats":51.0849,"r_jmean_peak":11000,"r_ats_peak":15000,"r_ats_marginal":312.5,"ats_marginal_rate_max":0.049022742980584295,"ats_marginal_interval_start":250.0,"ats_marginal_interval_end":375.0,"is_expanded":true}},{"type":"Feature","geometry":{"type":"Polygon","coordinates":[[[109.133045,40.8521612],[109.1504902,40.8515117],[109.1677673,40.8495692],[109.18471,40.8463526],[109.2011552,40.8418927],[109.2169445,40.8362326],[109.2319257,40.8294268],[109.2459547,40.8215408],[109.2588963,40.8126505],[109.2706259,40.8028415],[109.2810305,40.7922084],[109.2900099,40.7808536],[109.2974776,40.7688863],[109.3033618,40.7564219],[109.3076058,40.7435803],[109.3101686,40.7304853],[109.3110256,40.717263],[109.3101686,40.7040407],[109.3076058,40.6909457],[109.3033618,40.6781041],[109.2974776,40.6656397],[109.2900099,40.6536724],[109.2810305,40.6423176],[109.2706259,40.6316845],[109.2588963,40.6218755],[109.2459547,40.6129852],[109.2319257,40.6050992],[109.2169445,40.5982934],[109.2011552,40.5926333],[109.18471,40.5881734],[109.1677673,40.5849568],[109.1504902,40.5830143],[109.133045,40.5823648],[109.1155998,40.5830143],[109.0983227,40.5849568],[109.08138,40.5881734],[109.0649348,40.5926333],[109.0491455,40.5982934],[109.0341643,40.6050992],[109.0201353,40.6129852],[109.0071937,40.6218755],[108.9954641,40.6316845],[108.9850595,40.6423176],[108.9760801,40.6536724],[108.9686124,40.6656397],[108.9627282,40.6781041],[108.9584842,40.6909457],[108.9559214,40.7040407],[108.9550644,40.717263],[108.9559214,40.7304853],[108.9584842,40.7435803],[108.9627282,40.7564219],[108.9686124,40.7688863],[108.9760801,40.7808536],[108.9850595,40.7922084],[108.9954641,40.8028415],[109.0071937,40.8126505],[109.0201353,40.8215408],[109.0341643,40.8294268],[109.0491455,40.8362326],[109.0649348,40.8418927],[109.08138,40.8463526],[109.0983227,40.8495692],[109.1155998,40.8515117],[109.133045,40.8521612]]]},"properties":{"name":"2245无名峰","peak_elev":2245,"radius_m":15000,"layer":"ATS峰值响应半径","rank_pct":0.0302,"center_lon":109.133045,"center_lat":40.717263,"max_mean_jut":95.2435,"max_ats":63.4214,"r_jmean_peak":10500,"r_ats_peak":15000,"r_ats_marginal":187.5,"ats_marginal_rate_max":0.05340931854358382,"ats_marginal_interval_start":125.0,"ats_marginal_interval_end":250.0,"is_expanded":true}},{"type":"Feature","geometry":{"type":"Polygon","coordinates":[[[109.114585,40.8261056],[109.1314432,40.8254777],[109.148139,40.8236],[109.1645117,40.8204906],[109.1804036,40.8161794],[109.1956616,40.810708],[109.2101388,40.804129],[109.2236957,40.7965058],[109.2362019,40.7879119],[109.2475368,40.7784299],[109.2575913,40.7681513],[109.2662686,40.7571749],[109.2734851,40.7456065],[109.2791713,40.7335576],[109.2832725,40.7211441],[109.2857491,40.7084856],[109.2865772,40.695704],[109.2857491,40.6829224],[109.2832725,40.6702639],[109.2791713,40.6578504],[109.2734851,40.6458015],[109.2662686,40.6342331],[109.2575913,40.6232567],[109.2475368,40.6129781],[109.2362019,40.6034961],[109.2236957,40.5949022],[109.2101388,40.587279],[109.1956616,40.5807],[109.1804036,40.5752286],[109.1645117,40.5709174],[109.148139,40.567808],[109.1314432,40.5659303],[109.114585,40.5653024],[109.0977268,40.5659303],[109.081031,40.567808],[109.0646583,40.5709174],[109.0487664,40.5752286],[109.0335084,40.5807],[109.0190312,40.587279],[109.0054743,40.5949022],[108.9929681,40.6034961],[108.9816332,40.6129781],[108.9715787,40.6232567],[108.9629014,40.6342331],[108.9556849,40.6458015],[108.9499987,40.6578504],[108.9458975,40.6702639],[108.9434209,40.6829224],[108.9425928,40.695704],[108.9434209,40.7084856],[108.9458975,40.7211441],[108.9499987,40.7335576],[108.9556849,40.7456065],[108.9629014,40.7571749],[108.9715787,40.7681513],[108.9816332,40.7784299],[108.9929681,40.7879119],[109.0054743,40.7965058],[109.0190312,40.804129],[109.0335084,40.810708],[109.0487664,40.8161794],[109.0646583,40.8204906],[109.081031,40.8236],[109.0977268,40.8254777],[109.114585,40.8261056]]]},"properties":{"name":"2064无名峰","peak_elev":2064,"radius_m":14500,"layer":"ATS峰值响应半径","rank_pct":0.0452,"center_lon":109.114585,"center_lat":40.695704,"max_mean_jut":86.8237,"max_ats":43.797,"r_jmean_peak":1750,"r_ats_peak":14500,"r_ats_marginal":187.5,"ats_marginal_rate_max":0.08934253204674188,"ats_marginal_interval_start":125.0,"ats_marginal_interval_end":250.0,"is_expanded":true}},{"type":"Feature","geometry":{"type":"Polygon","coordinates":[[[110.659462,40.785496],[110.6757301,40.7848898],[110.6918414,40.7830768],[110.707641,40.7800746],[110.7229766,40.7759121],[110.7377004,40.7706293],[110.7516708,40.7642772],[110.7647532,40.7569169],[110.7768216,40.7486193],[110.7877597,40.7394643],[110.7974623,40.7295401],[110.8058358,40.7189422],[110.8127997,40.7077728],[110.8182869,40.6961393],[110.8222444,40.6841539],[110.8246343,40.6719319],[110.8254335,40.659591],[110.8246343,40.6472501],[110.8222444,40.6350281],[110.8182869,40.6230427],[110.8127997,40.6114092],[110.8058358,40.6002398],[110.7974623,40.5896419],[110.7877597,40.5797177],[110.7768216,40.5705627],[110.7647532,40.5622651],[110.7516708,40.5549048],[110.7377004,40.5485527],[110.7229766,40.5432699],[110.707641,40.5391074],[110.6918414,40.5361052],[110.6757301,40.5342922],[110.659462,40.533686],[110.6431939,40.5342922],[110.6270826,40.5361052],[110.611283,40.5391074],[110.5959474,40.5432699],[110.5812236,40.5485527],[110.5672532,40.5549048],[110.5541708,40.5622651],[110.5421024,40.5705627],[110.5311643,40.5797177],[110.5214617,40.5896419],[110.5130882,40.6002398],[110.5061243,40.6114092],[110.5006371,40.6230427],[110.4966796,40.6350281],[110.4942897,40.6472501],[110.4934905,40.659591],[110.4942897,40.6719319],[110.4966796,40.6841539],[110.5006371,40.6961393],[110.5061243,40.7077728],[110.5130882,40.7189422],[110.5214617,40.7295401],[110.5311643,40.7394643],[110.5421024,40.7486193],[110.5541708,40.7569169],[110.5672532,40.7642772],[110.5812236,40.7706293],[110.5959474,40.7759121],[110.611283,40.7800746],[110.6270826,40.7830768],[110.6431939,40.7848898],[110.659462,40.785496]]]},"properties":{"name":"2026无名峰","peak_elev":2026,"radius_m":14000,"layer":"ATS峰值响应半径","rank_pct":0.0503,"center_lon":110.659462,"center_lat":40.659591,"max_mean_jut":66.2388,"max_ats":30.8897,"r_jmean_peak":3500,"r_ats_peak":14000,"r_ats_marginal":187.5,"ats_marginal_rate_max":0.053242267243851595,"ats_marginal_interval_start":125.0,"ats_marginal_interval_end":250.0,"is_expanded":true}},{"type":"Feature","geometry":{"type":"Polygon","coordinates":[[[109.164576,40.8434381],[109.1808582,40.8428319],[109.1969836,40.8410189],[109.2127969,40.8380167],[109.2281458,40.8338542],[109.2428825,40.8285714],[109.2568651,40.8222193],[109.2699588,40.814859],[109.2820377,40.8065614],[109.2929853,40.7974064],[109.3026963,40.7874822],[109.3110772,40.7768843],[109.3180471,40.7657149],[109.323539,40.7540814],[109.3275,40.742096],[109.329892,40.729874],[109.3306919,40.7175331],[109.329892,40.7051923],[109.3275,40.6929703],[109.323539,40.6809848],[109.3180471,40.6693513],[109.3110772,40.6581819],[109.3026963,40.647584],[109.2929853,40.6376598],[109.2820377,40.6285048],[109.2699588,40.6202072],[109.2568651,40.6128469],[109.2428825,40.6064948],[109.2281458,40.601212],[109.2127969,40.5970495],[109.1969836,40.5940473],[109.1808582,40.5922344],[109.164576,40.5916281],[109.1482938,40.5922344],[109.1321684,40.5940473],[109.1163551,40.5970495],[109.1010062,40.601212],[109.0862695,40.6064948],[109.0722869,40.6128469],[109.0591932,40.6202072],[109.0471143,40.6285048],[109.0361667,40.6376598],[109.0264557,40.647584],[109.0180748,40.6581819],[109.0111049,40.6693513],[109.005613,40.6809848],[109.001652,40.6929703],[108.99926,40.7051923],[108.9984601,40.7175331],[108.99926,40.729874],[109.001652,40.742096],[109.005613,40.7540814],[109.0111049,40.7657149],[109.0180748,40.7768843],[109.0264557,40.7874822],[109.0361667,40.7974064],[109.0471143,40.8065614],[109.0591932,40.814859],[109.0722869,40.8222193],[109.0862695,40.8285714],[109.1010062,40.8338542],[109.1163551,40.8380167],[109.1321684,40.8410189],[109.1482938,40.8428319],[109.164576,40.8434381]]]},"properties":{"name":"2184无名峰","peak_elev":2184,"radius_m":14000,"layer":"ATS峰值响应半径","rank_pct":0.0503,"center_lon":109.164576,"center_lat":40.717533111572266,"max_mean_jut":80.9185,"max_ats":53.2971,"r_jmean_peak":11500,"r_ats_peak":14000,"r_ats_marginal":187.5,"ats_marginal_rate_max":0.03353156903359747,"ats_marginal_interval_start":125.0,"ats_marginal_interval_end":250.0,"is_expanded":true}},{"type":"Feature","geometry":{"type":"Polygon","coordinates":[[[109.1729279,40.843977],[109.1892102,40.8433708],[109.2053357,40.8415578],[109.2211492,40.8385556],[109.2364982,40.8343931],[109.251235,40.8291103],[109.2652177,40.8227582],[109.2783115,40.8153979],[109.2903905,40.8071003],[109.3013382,40.7979453],[109.3110493,40.7880211],[109.3194302,40.7774232],[109.3264002,40.7662538],[109.3318922,40.7546203],[109.3358532,40.7426349],[109.3382452,40.7304129],[109.3390451,40.718072],[109.3382452,40.7057311],[109.3358532,40.6935091],[109.3318922,40.6815237],[109.3264002,40.6698902],[109.3194302,40.6587208],[109.3110493,40.6481229],[109.3013382,40.6381987],[109.2903905,40.6290437],[109.2783115,40.6207461],[109.2652177,40.6133858],[109.251235,40.6070337],[109.2364982,40.6017509],[109.2211492,40.5975884],[109.2053357,40.5945862],[109.1892102,40.5927732],[109.1729279,40.592167],[109.1566455,40.5927732],[109.14052,40.5945862],[109.1247066,40.5975884],[109.1093575,40.6017509],[109.0946207,40.6070337],[109.0806381,40.6133858],[109.0675442,40.6207461],[109.0554652,40.6290437],[109.0445175,40.6381987],[109.0348064,40.6481229],[109.0264255,40.6587208],[109.0194555,40.6698902],[109.0139636,40.6815237],[109.0100025,40.6935091],[109.0076105,40.7057311],[109.0068106,40.718072],[109.0076105,40.7304129],[109.0100025,40.7426349],[109.0139636,40.7546203],[109.0194555,40.7662538],[109.0264255,40.7774232],[109.0348064,40.7880211],[109.0445175,40.7979453],[109.0554652,40.8071003],[109.0675442,40.8153979],[109.0806381,40.8227582],[109.0946207,40.8291103],[109.1093575,40.8343931],[109.1247066,40.8385556],[109.14052,40.8415578],[109.1566455,40.8433708],[109.1729279,40.843977]]]},"properties":{"name":"2197无名峰","peak_elev":2197,"radius_m":14000,"layer":"ATS峰值响应半径","rank_pct":0.0503,"center_lon":109.17292785644533,"center_lat":40.718072,"max_mean_jut":83.6435,"max_ats":54.8482,"r_jmean_peak":11000,"r_ats_peak":14000,"r_ats_marginal":312.5,"ats_marginal_rate_max":0.04111687860529905,"ats_marginal_interval_start":250.0,"ats_marginal_interval_end":375.0,"is_expanded":true}},{"type":"Feature","geometry":{"type":"Polygon","coordinates":[[[109.158647,40.843168],[109.1749291,40.8425618],[109.1910545,40.8407488],[109.2068677,40.8377466],[109.2222166,40.8335841],[109.2369532,40.8283013],[109.2509357,40.8219492],[109.2640294,40.8145889],[109.2761082,40.8062913],[109.2870558,40.7971363],[109.2967668,40.7872121],[109.3051476,40.7766142],[109.3121175,40.7654448],[109.3176094,40.7538113],[109.3215704,40.7418259],[109.3239624,40.7296039],[109.3247622,40.717263],[109.3239624,40.7049221],[109.3215704,40.6927001],[109.3176094,40.6807147],[109.3121175,40.6690812],[109.3051476,40.6579118],[109.2967668,40.6473139],[109.2870558,40.6373897],[109.2761082,40.6282347],[109.2640294,40.6199371],[109.2509357,40.6125768],[109.2369532,40.6062247],[109.2222166,40.6009419],[109.2068677,40.5967794],[109.1910545,40.5937772],[109.1749291,40.5919642],[109.158647,40.591358],[109.1423649,40.5919642],[109.1262395,40.5937772],[109.1104263,40.5967794],[109.0950774,40.6009419],[109.0803408,40.6062247],[109.0663583,40.6125768],[109.0532646,40.6199371],[109.0411858,40.6282347],[109.0302382,40.6373897],[109.0205272,40.6473139],[109.0121464,40.6579118],[109.0051765,40.6690812],[108.9996846,40.6807147],[108.9957236,40.6927001],[108.9933316,40.7049221],[108.9925318,40.717263],[108.9933316,40.7296039],[108.9957236,40.7418259],[108.9996846,40.7538113],[109.0051765,40.7654448],[109.0121464,40.7766142],[109.0205272,40.7872121],[109.0302382,40.7971363],[109.0411858,40.8062913],[109.0532646,40.8145889],[109.0663583,40.8219492],[109.0803408,40.8283013],[109.0950774,40.8335841],[109.1104263,40.8377466],[109.1262395,40.8407488],[109.1423649,40.8425618],[109.158647,40.843168]]]},"properties":{"name":"2219无名峰","peak_elev":2219,"radius_m":14000,"layer":"ATS峰值响应半径","rank_pct":0.0503,"center_lon":109.158647,"center_lat":40.717263,"max_mean_jut":88.4132,"max_ats":58.8009,"r_jmean_peak":11000,"r_ats_peak":14000,"r_ats_marginal":187.5,"ats_marginal_rate_max":0.036800836682624384,"ats_marginal_interval_start":125.0,"ats_marginal_interval_end":250.0,"is_expanded":true}},{"type":"Feature","geometry":{"type":"Polygon","coordinates":[[[109.003418,40.8272676],[109.0196963,40.8266614],[109.0358177,40.8248484],[109.0516272,40.8218462],[109.0669724,40.8176837],[109.0817055,40.8124009],[109.0956846,40.8060488],[109.1087752,40.7986885],[109.1208512,40.7903909],[109.1317962,40.7812359],[109.1415048,40.7713117],[109.1498836,40.7607138],[109.1568518,40.7495444],[109.1623424,40.7379109],[109.1663025,40.7259255],[109.1686939,40.7137035],[109.1694936,40.7013626],[109.1686939,40.6890218],[109.1663025,40.6767998],[109.1623424,40.6648143],[109.1568518,40.6531808],[109.1498836,40.6420114],[109.1415048,40.6314135],[109.1317962,40.6214893],[109.1208512,40.6123343],[109.1087752,40.6040367],[109.0956846,40.5966764],[109.0817055,40.5903243],[109.0669724,40.5850415],[109.0516272,40.580879],[109.0358177,40.5778768],[109.0196963,40.5760639],[109.003418,40.5754576],[108.9871397,40.5760639],[108.9710183,40.5778768],[108.9552088,40.580879],[108.9398636,40.5850415],[108.9251305,40.5903243],[108.9111514,40.5966764],[108.8980608,40.6040367],[108.8859848,40.6123343],[108.8750398,40.6214893],[108.8653312,40.6314135],[108.8569524,40.6420114],[108.8499842,40.6531808],[108.8444936,40.6648143],[108.8405335,40.6767998],[108.8381421,40.6890218],[108.8373424,40.7013626],[108.8381421,40.7137035],[108.8405335,40.7259255],[108.8444936,40.7379109],[108.8499842,40.7495444],[108.8569524,40.7607138],[108.8653312,40.7713117],[108.8750398,40.7812359],[108.8859848,40.7903909],[108.8980608,40.7986885],[108.9111514,40.8060488],[108.9251305,40.8124009],[108.9398636,40.8176837],[108.9552088,40.8218462],[108.9710183,40.8248484],[108.9871397,40.8266614],[109.003418,40.8272676]]]},"properties":{"name":"2227无名峰","peak_elev":2227,"radius_m":14000,"layer":"ATS峰值响应半径","rank_pct":0.0503,"center_lon":109.003418,"center_lat":40.70136260986328,"max_mean_jut":103.267,"max_ats":67.6505,"r_jmean_peak":7250,"r_ats_peak":14000,"r_ats_marginal":312.5,"ats_marginal_rate_max":0.08276758999013899,"ats_marginal_interval_start":250.0,"ats_marginal_interval_end":375.0,"is_expanded":true}},{"type":"Feature","geometry":{"type":"Polygon","coordinates":[[[109.019588,40.83158],[109.0358673,40.8309738],[109.0519898,40.8291608],[109.0678003,40.8261586],[109.0831465,40.8219961],[109.0978806,40.8167133],[109.1118606,40.8103612],[109.1249521,40.8030009],[109.1370288,40.7947033],[109.1479745,40.7855483],[109.1576837,40.7756241],[109.1660631,40.7650262],[109.1730318,40.7538568],[109.1785227,40.7422233],[109.182483,40.7302379],[109.1848746,40.7180159],[109.1856743,40.705675],[109.1848746,40.6933341],[109.182483,40.6811121],[109.1785227,40.6691267],[109.1730318,40.6574932],[109.1660631,40.6463238],[109.1576837,40.6357259],[109.1479745,40.6258017],[109.1370288,40.6166467],[109.1249521,40.6083491],[109.1118606,40.6009888],[109.0978806,40.5946367],[109.0831465,40.5893539],[109.0678003,40.5851914],[109.0519898,40.5821892],[109.0358673,40.5803762],[109.019588,40.57977],[109.0033087,40.5803762],[108.9871862,40.5821892],[108.9713757,40.5851914],[108.9560295,40.5893539],[108.9412954,40.5946367],[108.9273154,40.6009888],[108.9142239,40.6083491],[108.9021472,40.6166467],[108.8912015,40.6258017],[108.8814923,40.6357259],[108.8731129,40.6463238],[108.8661442,40.6574932],[108.8606533,40.6691267],[108.856693,40.6811121],[108.8543014,40.6933341],[108.8535017,40.705675],[108.8543014,40.7180159],[108.856693,40.7302379],[108.8606533,40.7422233],[108.8661442,40.7538568],[108.8731129,40.7650262],[108.8814923,40.7756241],[108.8912015,40.7855483],[108.9021472,40.7947033],[108.9142239,40.8030009],[108.9273154,40.8103612],[108.9412954,40.8167133],[108.9560295,40.8219961],[108.9713757,40.8261586],[108.9871862,40.8291608],[109.0033087,40.8309738],[109.019588,40.83158]]]},"properties":{"name":"2249无名峰(1)","peak_elev":2249,"radius_m":14000,"layer":"ATS峰值响应半径","rank_pct":0.0503,"center_lon":109.019588,"center_lat":40.705675,"max_mean_jut":107.4726,"max_ats":69.7797,"r_jmean_peak":6250,"r_ats_peak":14000,"r_ats_marginal":312.5,"ats_marginal_rate_max":0.07581374338832671,"ats_marginal_interval_start":250.0,"ats_marginal_interval_end":375.0,"is_expanded":true}},{"type":"Feature","geometry":{"type":"Polygon","coordinates":[[[110.819812,40.8268134],[110.8355098,40.8262288],[110.8510565,40.8244806],[110.8663023,40.8215856],[110.8811003,40.8175718],[110.8953081,40.8124777],[110.9087888,40.8063524],[110.9214126,40.799255],[110.933058,40.7912537],[110.9436127,40.7824257],[110.9529752,40.7728559],[110.9610552,40.7626365],[110.967775,40.751866],[110.9730699,40.740648],[110.9768887,40.7290906],[110.9791948,40.7173051],[110.979966,40.705405],[110.9791948,40.6935049],[110.9768887,40.6817194],[110.9730699,40.670162],[110.967775,40.658944],[110.9610552,40.6481735],[110.9529752,40.6379541],[110.9436127,40.6283843],[110.933058,40.6195563],[110.9214126,40.611555],[110.9087888,40.6044576],[110.8953081,40.5983323],[110.8811003,40.5932382],[110.8663023,40.5892244],[110.8510565,40.5863294],[110.8355098,40.5845812],[110.819812,40.5839966],[110.8041142,40.5845812],[110.7885675,40.5863294],[110.7733217,40.5892244],[110.7585237,40.5932382],[110.7443159,40.5983323],[110.7308352,40.6044576],[110.7182114,40.611555],[110.706566,40.6195563],[110.6960113,40.6283843],[110.6866488,40.6379541],[110.6785688,40.6481735],[110.671849,40.658944],[110.6665541,40.670162],[110.6627353,40.6817194],[110.6604292,40.6935049],[110.659658,40.705405],[110.6604292,40.7173051],[110.6627353,40.7290906],[110.6665541,40.740648],[110.671849,40.751866],[110.6785688,40.7626365],[110.6866488,40.7728559],[110.6960113,40.7824257],[110.706566,40.7912537],[110.7182114,40.799255],[110.7308352,40.8063524],[110.7443159,40.8124777],[110.7585237,40.8175718],[110.7733217,40.8215856],[110.7885675,40.8244806],[110.8041142,40.8262288],[110.819812,40.8268134]]]},"properties":{"name":"2159无名峰","peak_elev":2159,"radius_m":13500,"layer":"ATS峰值响应半径","rank_pct":0.0804,"center_lon":110.819812,"center_lat":40.705405,"max_mean_jut":64.9254,"max_ats":34.234,"r_jmean_peak":4000,"r_ats_peak":13500,"r_ats_marginal":187.5,"ats_marginal_rate_max":0.06517137721219093,"ats_marginal_interval_start":125.0,"ats_marginal_interval_end":250.0,"is_expanded":true}},{"type":"Feature","geometry":{"type":"Polygon","coordinates":[[[110.814691,40.8278914],[110.8303891,40.8273068],[110.845936,40.8255586],[110.861182,40.8226636],[110.8759803,40.8186498],[110.8901883,40.8135557],[110.9036693,40.8074304],[110.9162933,40.800333],[110.9279388,40.7923317],[110.9384937,40.7835037],[110.9478564,40.7739339],[110.9559365,40.7637145],[110.9626564,40.752944],[110.9679513,40.741726],[110.9717703,40.7301686],[110.9740764,40.7183831],[110.9748476,40.706483],[110.9740764,40.6945829],[110.9717703,40.6827974],[110.9679513,40.67124],[110.9626564,40.660022],[110.9559365,40.6492515],[110.9478564,40.6390321],[110.9384937,40.6294623],[110.9279388,40.6206343],[110.9162933,40.612633],[110.9036693,40.6055356],[110.8901883,40.5994103],[110.8759803,40.5943162],[110.861182,40.5903024],[110.845936,40.5874074],[110.8303891,40.5856592],[110.814691,40.5850746],[110.7989929,40.5856592],[110.783446,40.5874074],[110.7682,40.5903024],[110.7534017,40.5943162],[110.7391937,40.5994103],[110.7257127,40.6055356],[110.7130887,40.612633],[110.7014432,40.6206343],[110.6908883,40.6294623],[110.6815256,40.6390321],[110.6734455,40.6492515],[110.6667256,40.660022],[110.6614307,40.67124],[110.6576117,40.6827974],[110.6553056,40.6945829],[110.6545344,40.706483],[110.6553056,40.7183831],[110.6576117,40.7301686],[110.6614307,40.741726],[110.6667256,40.752944],[110.6734455,40.7637145],[110.6815256,40.7739339],[110.6908883,40.7835037],[110.7014432,40.7923317],[110.7130887,40.800333],[110.7257127,40.8074304],[110.7391937,40.8135557],[110.7534017,40.8186498],[110.7682,40.8226636],[110.783446,40.8255586],[110.7989929,40.8273068],[110.814691,40.8278914]]]},"properties":{"name":"2180无名峰","peak_elev":2180,"radius_m":13500,"layer":"ATS峰值响应半径","rank_pct":0.0804,"center_lon":110.814691,"center_lat":40.706483,"max_mean_jut":65.0683,"max_ats":35.0371,"r_jmean_peak":4500,"r_ats_peak":13500,"r_ats_marginal":187.5,"ats_marginal_rate_max":0.05385710835387996,"ats_marginal_interval_start":125.0,"ats_marginal_interval_end":250.0,"is_expanded":true}},{"type":"Feature","geometry":{"type":"Polygon","coordinates":[[[109.155413,40.8265444],[109.1711108,40.8259598],[109.1866574,40.8242116],[109.2019031,40.8213166],[109.216701,40.8173028],[109.2309088,40.8122087],[109.2443895,40.8060834],[109.2570132,40.798986],[109.2686585,40.7909847],[109.2792132,40.7821567],[109.2885757,40.7725869],[109.2966557,40.7623675],[109.3033754,40.751597],[109.3086702,40.740379],[109.3124891,40.7288216],[109.3147952,40.7170361],[109.3155664,40.705136],[109.3147952,40.6932359],[109.3124891,40.6814504],[109.3086702,40.669893],[109.3033754,40.658675],[109.2966557,40.6479045],[109.2885757,40.6376851],[109.2792132,40.6281153],[109.2686585,40.6192873],[109.2570132,40.611286],[109.2443895,40.6041886],[109.2309088,40.5980633],[109.216701,40.5929692],[109.2019031,40.5889554],[109.1866574,40.5860604],[109.1711108,40.5843122],[109.155413,40.5837276],[109.1397152,40.5843122],[109.1241686,40.5860604],[109.1089229,40.5889554],[109.094125,40.5929692],[109.0799172,40.5980633],[109.0664365,40.6041886],[109.0538128,40.611286],[109.0421675,40.6192873],[109.0316128,40.6281153],[109.0222503,40.6376851],[109.0141703,40.6479045],[109.0074506,40.658675],[109.0021558,40.669893],[108.9983369,40.6814504],[108.9960308,40.6932359],[108.9952596,40.705136],[108.9960308,40.7170361],[108.9983369,40.7288216],[109.0021558,40.740379],[109.0074506,40.751597],[109.0141703,40.7623675],[109.0222503,40.7725869],[109.0316128,40.7821567],[109.0421675,40.7909847],[109.0538128,40.798986],[109.0664365,40.8060834],[109.0799172,40.8122087],[109.094125,40.8173028],[109.1089229,40.8213166],[109.1241686,40.8242116],[109.1397152,40.8259598],[109.155413,40.8265444]]]},"properties":{"name":"2223无名峰","peak_elev":2223,"radius_m":13500,"layer":"ATS峰值响应半径","rank_pct":0.0804,"center_lon":109.155413,"center_lat":40.705136,"max_mean_jut":107.8109,"max_ats":63.2994,"r_jmean_peak":1375,"r_ats_peak":13500,"r_ats_marginal":312.5,"ats_marginal_rate_max":0.06022479373055454,"ats_marginal_interval_start":250.0,"ats_marginal_interval_end":375.0,"is_expanded":true}},{"type":"Feature","geometry":{"type":"Polygon","coordinates":[[[110.830591,40.801566],[110.8457027,40.8010031],[110.8606689,40.7993196],[110.8753455,40.7965319],[110.889591,40.7926667],[110.9032683,40.7877612],[110.9162457,40.7818629],[110.9283982,40.7750283],[110.9396087,40.7673234],[110.9497694,40.7588223],[110.9587823,40.749607],[110.9665607,40.7397661],[110.9730295,40.7293944],[110.9781267,40.7185919],[110.981803,40.7074626],[110.984023,40.6961136],[110.9847654,40.6846542],[110.984023,40.6731949],[110.981803,40.6618459],[110.9781267,40.6507165],[110.9730295,40.639914],[110.9665607,40.6295424],[110.9587823,40.6197015],[110.9497694,40.6104862],[110.9396087,40.6019851],[110.9283982,40.5942802],[110.9162457,40.5874456],[110.9032683,40.5815472],[110.889591,40.5766418],[110.8753455,40.5727766],[110.8606689,40.5699889],[110.8457027,40.5683054],[110.830591,40.5677424],[110.8154793,40.5683054],[110.8005131,40.5699889],[110.7858365,40.5727766],[110.771591,40.5766418],[110.7579137,40.5815472],[110.7449363,40.5874456],[110.7327838,40.5942802],[110.7215733,40.6019851],[110.7114126,40.6104862],[110.7023997,40.6197015],[110.6946213,40.6295424],[110.6881525,40.639914],[110.6830553,40.6507165],[110.679379,40.6618459],[110.677159,40.6731949],[110.6764166,40.6846542],[110.677159,40.6961136],[110.679379,40.7074626],[110.6830553,40.7185919],[110.6881525,40.7293944],[110.6946213,40.7397661],[110.7023997,40.749607],[110.7114126,40.7588223],[110.7215733,40.7673234],[110.7327838,40.7750283],[110.7449363,40.7818629],[110.7579137,40.7877612],[110.771591,40.7926667],[110.7858365,40.7965319],[110.8005131,40.7993196],[110.8154793,40.8010031],[110.830591,40.801566]]]},"properties":{"name":"2051无名峰(1)","peak_elev":2051,"radius_m":13000,"layer":"ATS峰值响应半径","rank_pct":0.0955,"center_lon":110.830591,"center_lat":40.68465423583984,"max_mean_jut":79.2577,"max_ats":36.2993,"r_jmean_peak":1125,"r_ats_peak":13000,"r_ats_marginal":187.5,"ats_marginal_rate_max":0.04079010601543112,"ats_marginal_interval_start":125.0,"ats_marginal_interval_end":250.0,"is_expanded":true}},{"type":"Feature","geometry":{"type":"Polygon","coordinates":[[[109.154335,40.8171968],[109.1694503,40.8166338],[109.18442,40.8149504],[109.1991,40.8121626],[109.2133488,40.8082974],[109.2270294,40.803392],[109.2400098,40.7974936],[109.2521652,40.7906591],[109.2633783,40.7829541],[109.2735414,40.7744531],[109.2825564,40.7652377],[109.2903366,40.7553968],[109.296807,40.7450252],[109.3019053,40.7342227],[109.3055825,40.7230934],[109.307803,40.7117444],[109.3085456,40.700285],[109.307803,40.6888256],[109.3055825,40.6774766],[109.3019053,40.6663473],[109.296807,40.6555448],[109.2903366,40.6451732],[109.2825564,40.6353323],[109.2735414,40.6261169],[109.2633783,40.6176159],[109.2521652,40.6099109],[109.2400098,40.6030764],[109.2270294,40.597178],[109.2133488,40.5922726],[109.1991,40.5884074],[109.18442,40.5856196],[109.1694503,40.5839362],[109.154335,40.5833732],[109.1392197,40.5839362],[109.12425,40.5856196],[109.1095701,40.5884074],[109.0953212,40.5922726],[109.0816407,40.597178],[109.0686602,40.6030764],[109.0565049,40.6099109],[109.0452917,40.6176159],[109.0351287,40.6261169],[109.0261136,40.6353323],[109.0183335,40.6451732],[109.0118631,40.6555448],[109.0067647,40.6663473],[109.0030876,40.6774766],[109.000867,40.6888256],[109.0001245,40.700285],[109.000867,40.7117444],[109.0030876,40.7230934],[109.0067647,40.7342227],[109.0118631,40.7450252],[109.0183335,40.7553968],[109.0261136,40.7652377],[109.0351287,40.7744531],[109.0452917,40.7829541],[109.0565049,40.7906591],[109.0686602,40.7974936],[109.0816407,40.803392],[109.0953212,40.8082974],[109.1095701,40.8121626],[109.12425,40.8149504],[109.1392197,40.8166338],[109.154335,40.8171968]]]},"properties":{"name":"2200无名峰","peak_elev":2200,"radius_m":13000,"layer":"ATS峰值响应半径","rank_pct":0.0955,"center_lon":109.15433502197266,"center_lat":40.700285,"max_mean_jut":124.1451,"max_ats":61.8976,"r_jmean_peak":1625,"r_ats_peak":13000,"r_ats_marginal":187.5,"ats_marginal_rate_max":0.0991773165668192,"ats_marginal_interval_start":125.0,"ats_marginal_interval_end":250.0,"is_expanded":true}},{"type":"Feature","geometry":{"type":"Polygon","coordinates":[[[109.186944,40.8258208],[109.2020612,40.8252578],[109.2170329,40.8235744],[109.2317148,40.8207866],[109.2459655,40.8169214],[109.2596478,40.812016],[109.2726299,40.8061176],[109.2847868,40.7992831],[109.2960014,40.7915781],[109.3061658,40.7830771],[109.315182,40.7738617],[109.3229632,40.7640208],[109.3294344,40.7536492],[109.3345334,40.7428467],[109.338211,40.7317174],[109.3404319,40.7203684],[109.3411745,40.708909],[109.3404319,40.6974496],[109.338211,40.6861006],[109.3345334,40.6749713],[109.3294344,40.6641688],[109.3229632,40.6537972],[109.315182,40.6439563],[109.3061658,40.6347409],[109.2960014,40.6262399],[109.2847868,40.6185349],[109.2726299,40.6117004],[109.2596478,40.605802],[109.2459655,40.6008966],[109.2317148,40.5970314],[109.2170329,40.5942436],[109.2020612,40.5925602],[109.186944,40.5919972],[109.1718268,40.5925602],[109.1568551,40.5942436],[109.1421732,40.5970314],[109.1279225,40.6008966],[109.1142402,40.605802],[109.1012581,40.6117004],[109.0891012,40.6185349],[109.0778866,40.6262399],[109.0677222,40.6347409],[109.058706,40.6439563],[109.0509248,40.6537972],[109.0444536,40.6641688],[109.0393546,40.6749713],[109.035677,40.6861006],[109.0334561,40.6974496],[109.0327135,40.708909],[109.0334561,40.7203684],[109.035677,40.7317174],[109.0393546,40.7428467],[109.0444536,40.7536492],[109.0509248,40.7640208],[109.058706,40.7738617],[109.0677222,40.7830771],[109.0778866,40.7915781],[109.0891012,40.7992831],[109.1012581,40.8061176],[109.1142402,40.812016],[109.1279225,40.8169214],[109.1421732,40.8207866],[109.1568551,40.8235744],[109.1718268,40.8252578],[109.186944,40.8258208]]]},"properties":{"name":"2210无名峰","peak_elev":2210,"radius_m":13000,"layer":"ATS峰值响应半径","rank_pct":0.0955,"center_lon":109.186944,"center_lat":40.708909,"max_mean_jut":93.1035,"max_ats":59.0852,"r_jmean_peak":10000,"r_ats_peak":13000,"r_ats_marginal":312.5,"ats_marginal_rate_max":0.0384223794464585,"ats_marginal_interval_start":250.0,"ats_marginal_interval_end":375.0,"is_expanded":true}},{"type":"Feature","geometry":{"type":"Polygon","coordinates":[[[109.112833,40.8244728],[109.1279499,40.8239098],[109.1429213,40.8222264],[109.1576028,40.8194386],[109.1718533,40.8155734],[109.1855353,40.810668],[109.1985171,40.8047696],[109.2106738,40.7979351],[109.2218882,40.7902301],[109.2320524,40.7817291],[109.2410684,40.7725137],[109.2488494,40.7626728],[109.2553205,40.7523012],[109.2604194,40.7414987],[109.264097,40.7303694],[109.2663177,40.7190204],[109.2670604,40.707561],[109.2663177,40.6961016],[109.264097,40.6847526],[109.2604194,40.6736233],[109.2553205,40.6628208],[109.2488494,40.6524492],[109.2410684,40.6426083],[109.2320524,40.6333929],[109.2218882,40.6248919],[109.2106738,40.6171869],[109.1985171,40.6103524],[109.1855353,40.604454],[109.1718533,40.5995486],[109.1576028,40.5956834],[109.1429213,40.5928956],[109.1279499,40.5912122],[109.112833,40.5906492],[109.0977161,40.5912122],[109.0827447,40.5928956],[109.0680632,40.5956834],[109.0538127,40.5995486],[109.0401307,40.604454],[109.0271489,40.6103524],[109.0149922,40.6171869],[109.0037778,40.6248919],[108.9936136,40.6333929],[108.9845976,40.6426083],[108.9768166,40.6524492],[108.9703455,40.6628208],[108.9652466,40.6736233],[108.961569,40.6847526],[108.9593483,40.6961016],[108.9586056,40.707561],[108.9593483,40.7190204],[108.961569,40.7303694],[108.9652466,40.7414987],[108.9703455,40.7523012],[108.9768166,40.7626728],[108.9845976,40.7725137],[108.9936136,40.7817291],[109.0037778,40.7902301],[109.0149922,40.7979351],[109.0271489,40.8047696],[109.0401307,40.810668],[109.0538127,40.8155734],[109.0680632,40.8194386],[109.0827447,40.8222264],[109.0977161,40.8239098],[109.112833,40.8244728]]]},"properties":{"name":"2319无名峰","peak_elev":2319,"radius_m":13000,"layer":"ATS峰值响应半径","rank_pct":0.0955,"center_lon":109.112833,"center_lat":40.707561,"max_mean_jut":120.812,"max_ats":79.024,"r_jmean_peak":8000,"r_ats_peak":13000,"r_ats_marginal":187.5,"ats_marginal_rate_max":0.06187351007483527,"ats_marginal_interval_start":125.0,"ats_marginal_interval_end":250.0,"is_expanded":true}},{"type":"Feature","geometry":{"type":"Polygon","coordinates":[[[110.6338577,40.7720062],[110.6483828,40.7714649],[110.6627679,40.7698462],[110.6768747,40.7671656],[110.6905672,40.7634491],[110.7037135,40.7587324],[110.7161871,40.7530608],[110.7278678,40.7464891],[110.7386431,40.7390806],[110.7484093,40.7309064],[110.7570723,40.7220455],[110.7645486,40.7125832],[110.7707664,40.7026104],[110.7756656,40.6922234],[110.7791992,40.6815221],[110.781333,40.6706096],[110.7820466,40.659591],[110.781333,40.6485724],[110.7791992,40.6376599],[110.7756656,40.6269586],[110.7707664,40.6165716],[110.7645486,40.6065988],[110.7570723,40.5971365],[110.7484093,40.5882756],[110.7386431,40.5801014],[110.7278678,40.5726929],[110.7161871,40.5661212],[110.7037135,40.5604496],[110.6905672,40.5557329],[110.6768747,40.5520164],[110.6627679,40.5493358],[110.6483828,40.5477171],[110.6338577,40.5471758],[110.6193327,40.5477171],[110.6049475,40.5493358],[110.5908408,40.5520164],[110.5771483,40.5557329],[110.564002,40.5604496],[110.5515284,40.5661212],[110.5398477,40.5726929],[110.5290724,40.5801014],[110.5193062,40.5882756],[110.5106432,40.5971365],[110.5031668,40.6065988],[110.4969491,40.6165716],[110.4920498,40.6269586],[110.4885163,40.6376599],[110.4863824,40.6485724],[110.4856689,40.659591],[110.4863824,40.6706096],[110.4885163,40.6815221],[110.4920498,40.6922234],[110.4969491,40.7026104],[110.5031668,40.7125832],[110.5106432,40.7220455],[110.5193062,40.7309064],[110.5290724,40.7390806],[110.5398477,40.7464891],[110.5515284,40.7530608],[110.564002,40.7587324],[110.5771483,40.7634491],[110.5908408,40.7671656],[110.6049475,40.7698462],[110.6193327,40.7714649],[110.6338577,40.7720062]]]},"properties":{"name":"2145无名峰","peak_elev":2145,"radius_m":12500,"layer":"ATS峰值响应半径","rank_pct":0.1156,"center_lon":110.63385772705078,"center_lat":40.659591,"max_mean_jut":79.0736,"max_ats":45.6809,"r_jmean_peak":8500,"r_ats_peak":12500,"r_ats_marginal":312.5,"ats_marginal_rate_max":0.03895407909050307,"ats_marginal_interval_start":250.0,"ats_marginal_interval_end":375.0,"is_expanded":true}},{"type":"Feature","geometry":{"type":"Polygon","coordinates":[[[109.189504,40.8269832],[109.204041,40.8264419],[109.2184381,40.8248232],[109.2325565,40.8221426],[109.2462602,40.8184261],[109.2594174,40.8137094],[109.2719013,40.8080378],[109.2835916,40.8014661],[109.2943758,40.7940576],[109.3041501,40.7858834],[109.3128202,40.7770225],[109.3203028,40.7675602],[109.3265257,40.7575874],[109.3314289,40.7472004],[109.3349654,40.7364991],[109.337101,40.7255866],[109.3378152,40.714568],[109.337101,40.7035494],[109.3349654,40.6926369],[109.3314289,40.6819356],[109.3265257,40.6715486],[109.3203028,40.6615758],[109.3128202,40.6521135],[109.3041501,40.6432526],[109.2943758,40.6350784],[109.2835916,40.6276699],[109.2719013,40.6210982],[109.2594174,40.6154266],[109.2462602,40.6107099],[109.2325565,40.6069934],[109.2184381,40.6043128],[109.204041,40.6026941],[109.189504,40.6021528],[109.174967,40.6026941],[109.1605699,40.6043128],[109.1464515,40.6069934],[109.1327478,40.6107099],[109.1195906,40.6154266],[109.1071067,40.6210982],[109.0954164,40.6276699],[109.0846322,40.6350784],[109.0748579,40.6432526],[109.0661878,40.6521135],[109.0587052,40.6615758],[109.0524823,40.6715486],[109.0475791,40.6819356],[109.0440426,40.6926369],[109.041907,40.7035494],[109.0411928,40.714568],[109.041907,40.7255866],[109.0440426,40.7364991],[109.0475791,40.7472004],[109.0524823,40.7575874],[109.0587052,40.7675602],[109.0661878,40.7770225],[109.0748579,40.7858834],[109.0846322,40.7940576],[109.0954164,40.8014661],[109.1071067,40.8080378],[109.1195906,40.8137094],[109.1327478,40.8184261],[109.1464515,40.8221426],[109.1605699,40.8248232],[109.174967,40.8264419],[109.189504,40.8269832]]]},"properties":{"name":"2259无名峰","peak_elev":2259,"radius_m":12500,"layer":"ATS峰值响应半径","rank_pct":0.1156,"center_lon":109.189504,"center_lat":40.714568,"max_mean_jut":100.4322,"max_ats":64.9628,"r_jmean_peak":10000,"r_ats_peak":12500,"r_ats_marginal":187.5,"ats_marginal_rate_max":0.032277202901007995,"ats_marginal_interval_start":125.0,"ats_marginal_interval_end":250.0,"is_expanded":true}},{"type":"Feature","geometry":{"type":"Polygon","coordinates":[[[110.626315,40.7707436],[110.6402597,40.7702239],[110.6540702,40.76867],[110.6676133,40.7660967],[110.6807587,40.7625288],[110.6933798,40.7580007],[110.705355,40.752556],[110.716569,40.7462472],[110.7269138,40.739135],[110.7362898,40.7312878],[110.7446067,40.7227814],[110.7517844,40.7136975],[110.7577537,40.7041237],[110.7624572,40.6941521],[110.7658496,40.6838789],[110.7678982,40.6734029],[110.7685832,40.662825],[110.7678982,40.6522471],[110.7658496,40.6417711],[110.7624572,40.6314979],[110.7577537,40.6215263],[110.7517844,40.6119525],[110.7446067,40.6028686],[110.7362898,40.5943622],[110.7269138,40.586515],[110.716569,40.5794028],[110.705355,40.573094],[110.6933798,40.5676493],[110.6807587,40.5631212],[110.6676133,40.5595533],[110.6540702,40.55698],[110.6402597,40.5554261],[110.626315,40.5549064],[110.6123703,40.5554261],[110.5985598,40.55698],[110.5850167,40.5595533],[110.5718713,40.5631212],[110.5592502,40.5676493],[110.547275,40.573094],[110.536061,40.5794028],[110.5257162,40.586515],[110.5163402,40.5943622],[110.5080233,40.6028686],[110.5008456,40.6119525],[110.4948763,40.6215263],[110.4901728,40.6314979],[110.4867804,40.6417711],[110.4847318,40.6522471],[110.4840468,40.662825],[110.4847318,40.6734029],[110.4867804,40.6838789],[110.4901728,40.6941521],[110.4948763,40.7041237],[110.5008456,40.7136975],[110.5080233,40.7227814],[110.5163402,40.7312878],[110.5257162,40.739135],[110.536061,40.7462472],[110.547275,40.752556],[110.5592502,40.7580007],[110.5718713,40.7625288],[110.5850167,40.7660967],[110.5985598,40.76867],[110.6123703,40.7702239],[110.626315,40.7707436]]]},"properties":{"name":"2127无名峰","peak_elev":2127,"radius_m":12000,"layer":"ATS峰值响应半径","rank_pct":0.1256,"center_lon":110.626315,"center_lat":40.662825,"max_mean_jut":72.1877,"max_ats":42.0472,"r_jmean_peak":9000,"r_ats_peak":12000,"r_ats_marginal":187.5,"ats_marginal_rate_max":0.0557598710870361,"ats_marginal_interval_start":125.0,"ats_marginal_interval_end":250.0,"is_expanded":true}},{"type":"Feature","geometry":{"type":"Polygon","coordinates":[[[110.789089,40.7943594],[110.8018779,40.793883],[110.8145437,40.7924586],[110.8269643,40.7900997],[110.8390201,40.7868291],[110.8505951,40.7826784],[110.8615778,40.7776874],[110.8718623,40.7719044],[110.8813497,40.7653848],[110.8899486,40.7581916],[110.8975761,40.750394],[110.9041589,40.7420671],[110.9096334,40.7332911],[110.9139471,40.7241505],[110.9170583,40.7147334],[110.9189371,40.7051304],[110.9195653,40.695434],[110.9189371,40.6857376],[110.9170583,40.6761346],[110.9139471,40.6667175],[110.9096334,40.6575769],[110.9041589,40.6488009],[110.8975761,40.640474],[110.8899486,40.6326764],[110.8813497,40.6254832],[110.8718623,40.6189636],[110.8615778,40.6131806],[110.8505951,40.6081896],[110.8390201,40.6040389],[110.8269643,40.6007683],[110.8145437,40.5984094],[110.8018779,40.596985],[110.789089,40.5965086],[110.7763001,40.596985],[110.7636343,40.5984094],[110.7512137,40.6007683],[110.7391579,40.6040389],[110.7275829,40.6081896],[110.7166002,40.6131806],[110.7063157,40.6189636],[110.6968283,40.6254832],[110.6882294,40.6326764],[110.6806019,40.640474],[110.6740191,40.6488009],[110.6685446,40.6575769],[110.6642309,40.6667175],[110.6611197,40.6761346],[110.6592409,40.6857376],[110.6586127,40.695434],[110.6592409,40.7051304],[110.6611197,40.7147334],[110.6642309,40.7241505],[110.6685446,40.7332911],[110.6740191,40.7420671],[110.6806019,40.750394],[110.6882294,40.7581916],[110.6968283,40.7653848],[110.7063157,40.7719044],[110.7166002,40.7776874],[110.7275829,40.7826784],[110.7391579,40.7868291],[110.7512137,40.7900997],[110.7636343,40.7924586],[110.7763001,40.793883],[110.789089,40.7943594]]]},"properties":{"name":"2258无名峰","peak_elev":2258,"radius_m":11000,"layer":"ATS峰值响应半径","rank_pct":0.1307,"center_lon":110.789089,"center_lat":40.695434,"max_mean_jut":87.009,"max_ats":46.2594,"r_jmean_peak":625,"r_ats_peak":11000,"r_ats_marginal":187.5,"ats_marginal_rate_max":0.10620993343172593,"ats_marginal_interval_start":125.0,"ats_marginal_interval_end":250.0,"is_expanded":true}},{"type":"Feature","geometry":{"type":"Polygon","coordinates":[[[109.409007,40.7767928],[109.4212122,40.7763381],[109.4332999,40.7749783],[109.4451536,40.7727267],[109.4566592,40.7696048],[109.4677059,40.7656427],[109.4781873,40.7608787],[109.4880024,40.7553584],[109.4970568,40.7491352],[109.5052632,40.742269],[109.5125426,40.7348258],[109.5188249,40.7268774],[109.5240496,40.7185003],[109.5281663,40.7097752],[109.5311355,40.7007861],[109.5329286,40.6916196],[109.5335282,40.682364],[109.5329286,40.6731084],[109.5311355,40.6639419],[109.5281663,40.6549528],[109.5240496,40.6462277],[109.5188249,40.6378506],[109.5125426,40.6299022],[109.5052632,40.622459],[109.4970568,40.6155928],[109.4880024,40.6093696],[109.4781873,40.6038493],[109.4677059,40.5990853],[109.4566592,40.5951232],[109.4451536,40.5920013],[109.4332999,40.5897497],[109.4212122,40.5883899],[109.409007,40.5879352],[109.3968018,40.5883899],[109.3847141,40.5897497],[109.3728604,40.5920013],[109.3613548,40.5951232],[109.3503081,40.5990853],[109.3398267,40.6038493],[109.3300116,40.6093696],[109.3209572,40.6155928],[109.3127508,40.622459],[109.3054714,40.6299022],[109.2991891,40.6378506],[109.2939644,40.6462277],[109.2898477,40.6549528],[109.2868785,40.6639419],[109.2850854,40.6731084],[109.2844858,40.682364],[109.2850854,40.6916196],[109.2868785,40.7007861],[109.2898477,40.7097752],[109.2939644,40.7185003],[109.2991891,40.7268774],[109.3054714,40.7348258],[109.3127508,40.742269],[109.3209572,40.7491352],[109.3300116,40.7553584],[109.3398267,40.7608787],[109.3503081,40.7656427],[109.3613548,40.7696048],[109.3728604,40.7727267],[109.3847141,40.7749783],[109.3968018,40.7763381],[109.409007,40.7767928]]]},"properties":{"name":"2112无名峰","peak_elev":2112,"radius_m":10500,"layer":"ATS峰值响应半径","rank_pct":0.1357,"center_lon":109.409007,"center_lat":40.682364,"max_mean_jut":88.8396,"max_ats":43.7408,"r_jmean_peak":4750,"r_ats_peak":10500,"r_ats_marginal":187.5,"ats_marginal_rate_max":0.04915527089616779,"ats_marginal_interval_start":125.0,"ats_marginal_interval_end":250.0,"is_expanded":true}},{"type":"Feature","geometry":{"type":"Polygon","coordinates":[[[110.748126,40.770458],[110.76033,40.7700033],[110.7724166,40.7686436],[110.7842692,40.7663919],[110.7957737,40.76327],[110.8068193,40.7593079],[110.8172997,40.7545439],[110.8271139,40.7490236],[110.8361674,40.7428004],[110.844373,40.7359342],[110.8516517,40.728491],[110.8579334,40.7205426],[110.8631576,40.7121655],[110.867274,40.7034404],[110.8702429,40.6944513],[110.8720358,40.6852848],[110.8726353,40.6760292],[110.8720358,40.6667736],[110.8702429,40.6576071],[110.867274,40.648618],[110.8631576,40.6398929],[110.8579334,40.6315158],[110.8516517,40.6235674],[110.844373,40.6161242],[110.8361674,40.609258],[110.8271139,40.6030348],[110.8172997,40.5975146],[110.8068193,40.5927505],[110.7957737,40.5887884],[110.7842692,40.5856665],[110.7724166,40.5834149],[110.76033,40.5820551],[110.748126,40.5816004],[110.735922,40.5820551],[110.7238354,40.5834149],[110.7119828,40.5856665],[110.7004783,40.5887884],[110.6894327,40.5927505],[110.6789523,40.5975146],[110.6691381,40.6030348],[110.6600846,40.609258],[110.651879,40.6161242],[110.6446003,40.6235674],[110.6383186,40.6315158],[110.6330944,40.6398929],[110.628978,40.648618],[110.6260091,40.6576071],[110.6242162,40.6667736],[110.6236167,40.6760292],[110.6242162,40.6852848],[110.6260091,40.6944513],[110.628978,40.7034404],[110.6330944,40.7121655],[110.6383186,40.7205426],[110.6446003,40.728491],[110.651879,40.7359342],[110.6600846,40.7428004],[110.6691381,40.7490236],[110.6789523,40.7545439],[110.6894327,40.7593079],[110.7004783,40.76327],[110.7119828,40.7663919],[110.7238354,40.7686436],[110.735922,40.7700033],[110.748126,40.770458]]]},"properties":{"name":"2267无名峰","peak_elev":2267,"radius_m":10500,"layer":"ATS峰值响应半径","rank_pct":0.1357,"center_lon":110.748126,"center_lat":40.676029205322266,"max_mean_jut":107.1025,"max_ats":58.5525,"r_jmean_peak":6750,"r_ats_peak":10500,"r_ats_marginal":187.5,"ats_marginal_rate_max":0.06626932970060909,"ats_marginal_interval_start":125.0,"ats_marginal_interval_end":250.0,"is_expanded":true}},{"type":"Feature","geometry":{"type":"Polygon","coordinates":[[[109.400114,40.7654232],[109.4117368,40.7649901],[109.4232477,40.7636951],[109.4345358,40.7615507],[109.4454924,40.7585775],[109.4560119,40.7548041],[109.4659932,40.7502669],[109.47534,40.7450095],[109.4839623,40.7390826],[109.4917771,40.7325434],[109.4987091,40.7254546],[109.5046917,40.7178847],[109.5096671,40.7099065],[109.5135874,40.7015969],[109.5164149,40.6930359],[109.5181224,40.6843059],[109.5186934,40.675491],[109.5181224,40.6666761],[109.5164149,40.6579461],[109.5135874,40.6493851],[109.5096671,40.6410755],[109.5046917,40.6330973],[109.4987091,40.6255274],[109.4917771,40.6184386],[109.4839623,40.6118994],[109.47534,40.6059725],[109.4659932,40.6007151],[109.4560119,40.5961779],[109.4454924,40.5924045],[109.4345358,40.5894313],[109.4232477,40.5872869],[109.4117368,40.5859919],[109.400114,40.5855588],[109.3884912,40.5859919],[109.3769803,40.5872869],[109.3656922,40.5894313],[109.3547356,40.5924045],[109.3442161,40.5961779],[109.3342348,40.6007151],[109.324888,40.6059725],[109.3162657,40.6118994],[109.3084509,40.6184386],[109.3015189,40.6255274],[109.2955363,40.6330973],[109.2905609,40.6410755],[109.2866406,40.6493851],[109.2838131,40.6579461],[109.2821056,40.6666761],[109.2815346,40.675491],[109.2821056,40.6843059],[109.2838131,40.6930359],[109.2866406,40.7015969],[109.2905609,40.7099065],[109.2955363,40.7178847],[109.3015189,40.7254546],[109.3084509,40.7325434],[109.3162657,40.7390826],[109.324888,40.7450095],[109.3342348,40.7502669],[109.3442161,40.7548041],[109.3547356,40.7585775],[109.3656922,40.7615507],[109.3769803,40.7636951],[109.3884912,40.7649901],[109.400114,40.7654232]]]},"properties":{"name":"1954无名峰","peak_elev":1954,"radius_m":10000,"layer":"ATS峰值响应半径","rank_pct":0.1457,"center_lon":109.400114,"center_lat":40.675491,"max_mean_jut":66.9126,"max_ats":30.0762,"r_jmean_peak":4500,"r_ats_peak":10000,"r_ats_marginal":187.5,"ats_marginal_rate_max":0.09053857553404529,"ats_marginal_interval_start":125.0,"ats_marginal_interval_end":250.0,"is_expanded":false}},{"type":"Feature","geometry":{"type":"Polygon","coordinates":[[[108.973504,40.7912948],[108.9851313,40.7908617],[108.9966467,40.7895667],[109.0079391,40.7874223],[109.0189,40.7844491],[109.0294236,40.7806757],[109.0394087,40.7761385],[109.0487592,40.7708811],[109.0573848,40.7649543],[109.0652027,40.758415],[109.0721374,40.7513262],[109.0781223,40.7437563],[109.0830996,40.7357782],[109.0870214,40.7274685],[109.0898501,40.7189075],[109.0915582,40.7101775],[109.0921294,40.7013626],[109.0915582,40.6925477],[109.0898501,40.6838177],[109.0870214,40.6752567],[109.0830996,40.6669471],[109.0781223,40.6589689],[109.0721374,40.651399],[109.0652027,40.6443103],[109.0573848,40.637771],[109.0487592,40.6318441],[109.0394087,40.6265868],[109.0294236,40.6220495],[109.0189,40.6182761],[109.0079391,40.6153029],[108.9966467,40.6131585],[108.9851313,40.6118635],[108.973504,40.6114304],[108.9618767,40.6118635],[108.9503613,40.6131585],[108.9390689,40.6153029],[108.928108,40.6182761],[108.9175844,40.6220495],[108.9075993,40.6265868],[108.8982488,40.6318441],[108.8896232,40.637771],[108.8818053,40.6443103],[108.8748706,40.651399],[108.8688857,40.6589689],[108.8639084,40.6669471],[108.8599866,40.6752567],[108.8571579,40.6838177],[108.8554498,40.6925477],[108.8548786,40.7013626],[108.8554498,40.7101775],[108.8571579,40.7189075],[108.8599866,40.7274685],[108.8639084,40.7357782],[108.8688857,40.7437563],[108.8748706,40.7513262],[108.8818053,40.758415],[108.8896232,40.7649543],[108.8982488,40.7708811],[108.9075993,40.7761385],[108.9175844,40.7806757],[108.928108,40.7844491],[108.9390689,40.7874223],[108.9503613,40.7895667],[108.9618767,40.7908617],[108.973504,40.7912948]]]},"properties":{"name":"2198无名峰(1)","peak_elev":2198,"radius_m":10000,"layer":"ATS峰值响应半径","rank_pct":0.1457,"center_lon":108.973504,"center_lat":40.70136260986328,"max_mean_jut":96.2273,"max_ats":61.8014,"r_jmean_peak":null,"r_ats_peak":10000,"r_ats_marginal":187.5,"ats_marginal_rate_max":0.05801778459576196,"ats_marginal_interval_start":125.0,"ats_marginal_interval_end":250.0,"is_expanded":false}},{"type":"Feature","geometry":{"type":"Polygon","coordinates":[[[110.782352,40.7767417],[110.7939768,40.7763087],[110.8054896,40.7750137],[110.8167796,40.7728693],[110.8277381,40.769896],[110.8382594,40.7661226],[110.8482424,40.7615854],[110.8575907,40.756328],[110.8662145,40.7504012],[110.8740307,40.7438619],[110.8809639,40.7367732],[110.8869474,40.7292033],[110.8919237,40.7212251],[110.8958447,40.7129155],[110.8986727,40.7043544],[110.9003804,40.6956244],[110.9009515,40.6868095],[110.9003804,40.6779946],[110.8986727,40.6692646],[110.8958447,40.6607036],[110.8919237,40.652394],[110.8869474,40.6444158],[110.8809639,40.6368459],[110.8740307,40.6297572],[110.8662145,40.6232179],[110.8575907,40.617291],[110.8482424,40.6120337],[110.8382594,40.6074965],[110.8277381,40.6037231],[110.8167796,40.6007498],[110.8054896,40.5986054],[110.7939768,40.5973104],[110.782352,40.5968774],[110.7707272,40.5973104],[110.7592144,40.5986054],[110.7479244,40.6007498],[110.7369659,40.6037231],[110.7264446,40.6074965],[110.7164616,40.6120337],[110.7071133,40.617291],[110.6984895,40.6232179],[110.6906733,40.6297572],[110.6837401,40.6368459],[110.6777566,40.6444158],[110.6727803,40.652394],[110.6688593,40.6607036],[110.6660313,40.6692646],[110.6643236,40.6779946],[110.6637525,40.6868095],[110.6643236,40.6956244],[110.6660313,40.7043544],[110.6688593,40.7129155],[110.6727803,40.7212251],[110.6777566,40.7292033],[110.6837401,40.7367732],[110.6906733,40.7438619],[110.6984895,40.7504012],[110.7071133,40.756328],[110.7164616,40.7615854],[110.7264446,40.7661226],[110.7369659,40.769896],[110.7479244,40.7728693],[110.7592144,40.7750137],[110.7707272,40.7763087],[110.782352,40.7767417]]]},"properties":{"name":"2234无名峰","peak_elev":2234,"radius_m":10000,"layer":"ATS峰值响应半径","rank_pct":0.1457,"center_lon":110.782352,"center_lat":40.68680953979492,"max_mean_jut":87.1969,"max_ats":48.5602,"r_jmean_peak":9000,"r_ats_peak":10000,"r_ats_marginal":187.5,"ats_marginal_rate_max":0.058093183319085716,"ats_marginal_interval_start":125.0,"ats_marginal_interval_end":250.0,"is_expanded":false}},{"type":"Feature","geometry":{"type":"Polygon","coordinates":[[[110.749474,40.7751252],[110.7610985,40.7746921],[110.7726111,40.7733971],[110.7839008,40.7712527],[110.794859,40.7682795],[110.8053801,40.7645061],[110.8153628,40.7599689],[110.8247109,40.7547115],[110.8333345,40.7487846],[110.8411504,40.7422454],[110.8480835,40.7351566],[110.8540669,40.7275867],[110.859043,40.7196085],[110.8629639,40.7112989],[110.8657918,40.7027379],[110.8674996,40.6940079],[110.8680706,40.685193],[110.8674996,40.6763781],[110.8657918,40.6676481],[110.8629639,40.6590871],[110.859043,40.6507775],[110.8540669,40.6427993],[110.8480835,40.6352294],[110.8411504,40.6281406],[110.8333345,40.6216014],[110.8247109,40.6156745],[110.8153628,40.6104171],[110.8053801,40.6058799],[110.794859,40.6021065],[110.7839008,40.5991333],[110.7726111,40.5969889],[110.7610985,40.5956939],[110.749474,40.5952608],[110.7378495,40.5956939],[110.7263369,40.5969889],[110.7150472,40.5991333],[110.704089,40.6021065],[110.6935679,40.6058799],[110.6835852,40.6104171],[110.6742371,40.6156745],[110.6656135,40.6216014],[110.6577976,40.6281406],[110.6508645,40.6352294],[110.6448811,40.6427993],[110.639905,40.6507775],[110.6359841,40.6590871],[110.6331562,40.6676481],[110.6314484,40.6763781],[110.6308774,40.685193],[110.6314484,40.6940079],[110.6331562,40.7027379],[110.6359841,40.7112989],[110.639905,40.7196085],[110.6448811,40.7275867],[110.6508645,40.7351566],[110.6577976,40.7422454],[110.6656135,40.7487846],[110.6742371,40.7547115],[110.6835852,40.7599689],[110.6935679,40.7645061],[110.704089,40.7682795],[110.7150472,40.7712527],[110.7263369,40.7733971],[110.7378495,40.7746921],[110.749474,40.7751252]]]},"properties":{"name":"2290无名峰","peak_elev":2290,"radius_m":10000,"layer":"ATS峰值响应半径","rank_pct":0.1457,"center_lon":110.749474,"center_lat":40.685193,"max_mean_jut":102.078,"max_ats":55.8574,"r_jmean_peak":7000,"r_ats_peak":10000,"r_ats_marginal":187.5,"ats_marginal_rate_max":0.06675154107114438,"ats_marginal_interval_start":125.0,"ats_marginal_interval_end":250.0,"is_expanded":false}},{"type":"Feature","geometry":{"type":"Polygon","coordinates":[[[110.633456,40.7399989],[110.6447843,40.7395766],[110.6560035,40.738314],[110.6670056,40.7362232],[110.6776845,40.7333243],[110.6879375,40.7296453],[110.6976659,40.7252215],[110.7067758,40.7200955],[110.7151797,40.7143168],[110.7227965,40.707941],[110.7295529,40.7010295],[110.7353838,40.6936489],[110.7402331,40.6858702],[110.7440541,40.6777683],[110.74681,40.6694213],[110.7484742,40.6609095],[110.7490307,40.652315],[110.7484742,40.6437205],[110.74681,40.6352087],[110.7440541,40.6268617],[110.7402331,40.6187598],[110.7353838,40.6109811],[110.7295529,40.6036005],[110.7227965,40.596689],[110.7151797,40.5903132],[110.7067758,40.5845345],[110.6976659,40.5794085],[110.6879375,40.5749847],[110.6776845,40.5713057],[110.6670056,40.5684068],[110.6560035,40.566316],[110.6447843,40.5650534],[110.633456,40.5646311],[110.6221277,40.5650534],[110.6109085,40.566316],[110.5999064,40.5684068],[110.5892275,40.5713057],[110.5789745,40.5749847],[110.5692461,40.5794085],[110.5601362,40.5845345],[110.5517323,40.5903132],[110.5441155,40.596689],[110.5373591,40.6036005],[110.5315282,40.6109811],[110.5266789,40.6187598],[110.5228579,40.6268617],[110.520102,40.6352087],[110.5184378,40.6437205],[110.5178813,40.652315],[110.5184378,40.6609095],[110.520102,40.6694213],[110.5228579,40.6777683],[110.5266789,40.6858702],[110.5315282,40.6936489],[110.5373591,40.7010295],[110.5441155,40.707941],[110.5517323,40.7143168],[110.5601362,40.7200955],[110.5692461,40.7252215],[110.5789745,40.7296453],[110.5892275,40.7333243],[110.5999064,40.7362232],[110.6109085,40.738314],[110.6221277,40.7395766],[110.633456,40.7399989]]]},"properties":{"name":"2055无名峰","peak_elev":2055,"radius_m":9750,"layer":"ATS峰值响应半径","rank_pct":0.1658,"center_lon":110.633456,"center_lat":40.652315,"max_mean_jut":67.0392,"max_ats":37.4839,"r_jmean_peak":8750,"r_ats_peak":9750,"r_ats_marginal":187.5,"ats_marginal_rate_max":0.05145823316733494,"ats_marginal_interval_start":125.0,"ats_marginal_interval_end":250.0,"is_expanded":false}},{"type":"Feature","geometry":{"type":"Polygon","coordinates":[[[110.884221,40.8100679],[110.8955612,40.8096456],[110.9067922,40.808383],[110.9178059,40.8062922],[110.9284961,40.8033933],[110.9387599,40.7997143],[110.9484984,40.7952905],[110.957618,40.7901645],[110.9660306,40.7843858],[110.9736554,40.77801],[110.980419,40.7710985],[110.986256,40.7637179],[110.9911104,40.7559392],[110.9949355,40.7478373],[110.9976942,40.7394903],[110.9993602,40.7309785],[110.9999173,40.722384],[110.9993602,40.7137895],[110.9976942,40.7052777],[110.9949355,40.6969307],[110.9911104,40.6888288],[110.986256,40.6810501],[110.980419,40.6736695],[110.9736554,40.666758],[110.9660306,40.6603822],[110.957618,40.6546035],[110.9484984,40.6494775],[110.9387599,40.6450537],[110.9284961,40.6413747],[110.9178059,40.6384758],[110.9067922,40.636385],[110.8955612,40.6351224],[110.884221,40.6347001],[110.8728808,40.6351224],[110.8616498,40.636385],[110.8506361,40.6384758],[110.8399459,40.6413747],[110.8296821,40.6450537],[110.8199436,40.6494775],[110.810824,40.6546035],[110.8024114,40.6603822],[110.7947866,40.666758],[110.788023,40.6736695],[110.782186,40.6810501],[110.7773316,40.6888288],[110.7735065,40.6969307],[110.7707478,40.7052777],[110.7690818,40.7137895],[110.7685247,40.722384],[110.7690818,40.7309785],[110.7707478,40.7394903],[110.7735065,40.7478373],[110.7773316,40.7559392],[110.782186,40.7637179],[110.788023,40.7710985],[110.7947866,40.77801],[110.8024114,40.7843858],[110.810824,40.7901645],[110.8199436,40.7952905],[110.8296821,40.7997143],[110.8399459,40.8033933],[110.8506361,40.8062922],[110.8616498,40.808383],[110.8728808,40.8096456],[110.884221,40.8100679]]]},"properties":{"name":"2081无名峰","peak_elev":2081,"radius_m":9750,"layer":"ATS峰值响应半径","rank_pct":0.1658,"center_lon":110.884221,"center_lat":40.722384,"max_mean_jut":65.2026,"max_ats":32.5038,"r_jmean_peak":4750,"r_ats_peak":9750,"r_ats_marginal":312.5,"ats_marginal_rate_max":0.029747707691778983,"ats_marginal_interval_start":250.0,"ats_marginal_interval_end":375.0,"is_expanded":false}},{"type":"Feature","geometry":{"type":"Polygon","coordinates":[[[110.768473,40.7642529],[110.7798054,40.7638306],[110.7910287,40.762568],[110.8020348,40.7604772],[110.8127176,40.7575783],[110.8229744,40.7538993],[110.8327062,40.7494755],[110.8418195,40.7443495],[110.8502264,40.7385708],[110.857846,40.732195],[110.8646048,40.7252835],[110.8704379,40.7179029],[110.875289,40.7101242],[110.8791113,40.7020223],[110.8818682,40.6936753],[110.883533,40.6851635],[110.8840898,40.676569],[110.883533,40.6679745],[110.8818682,40.6594627],[110.8791113,40.6511157],[110.875289,40.6430138],[110.8704379,40.6352351],[110.8646048,40.6278545],[110.857846,40.620943],[110.8502264,40.6145672],[110.8418195,40.6087885],[110.8327062,40.6036625],[110.8229744,40.5992387],[110.8127176,40.5955597],[110.8020348,40.5926608],[110.7910287,40.59057],[110.7798054,40.5893074],[110.768473,40.5888851],[110.7571406,40.5893074],[110.7459173,40.59057],[110.7349112,40.5926608],[110.7242284,40.5955597],[110.7139716,40.5992387],[110.7042398,40.6036625],[110.6951265,40.6087885],[110.6867196,40.6145672],[110.6791,40.620943],[110.6723412,40.6278545],[110.6665081,40.6352351],[110.661657,40.6430138],[110.6578347,40.6511157],[110.6550778,40.6594627],[110.653413,40.6679745],[110.6528562,40.676569],[110.653413,40.6851635],[110.6550778,40.6936753],[110.6578347,40.7020223],[110.661657,40.7101242],[110.6665081,40.7179029],[110.6723412,40.7252835],[110.6791,40.732195],[110.6867196,40.7385708],[110.6951265,40.7443495],[110.7042398,40.7494755],[110.7139716,40.7538993],[110.7242284,40.7575783],[110.7349112,40.7604772],[110.7459173,40.762568],[110.7571406,40.7638306],[110.768473,40.7642529]]]},"properties":{"name":"2229无名峰","peak_elev":2229,"radius_m":9750,"layer":"ATS峰值响应半径","rank_pct":0.1658,"center_lon":110.768473,"center_lat":40.676569,"max_mean_jut":96.121,"max_ats":55.4219,"r_jmean_peak":8500,"r_ats_peak":9750,"r_ats_marginal":187.5,"ats_marginal_rate_max":0.11216593414109277,"ats_marginal_interval_start":125.0,"ats_marginal_interval_end":250.0,"is_expanded":false}},{"type":"Feature","geometry":{"type":"Polygon","coordinates":[[[110.760792,40.7798836],[110.7721271,40.7794613],[110.783353,40.7781987],[110.7943616,40.7761079],[110.805047,40.773209],[110.8153061,40.76953],[110.8250403,40.7651062],[110.8341557,40.7599802],[110.8425646,40.7542016],[110.8501859,40.7478258],[110.8569464,40.7409142],[110.8627808,40.7335336],[110.867633,40.7257549],[110.8714563,40.717653],[110.8742138,40.709306],[110.875879,40.7007942],[110.8764359,40.6921997],[110.875879,40.6836052],[110.8742138,40.6750934],[110.8714563,40.6667464],[110.867633,40.6586445],[110.8627808,40.6508658],[110.8569464,40.6434852],[110.8501859,40.6365737],[110.8425646,40.6301979],[110.8341557,40.6244192],[110.8250403,40.6192932],[110.8153061,40.6148694],[110.805047,40.6111904],[110.7943616,40.6082915],[110.783353,40.6062007],[110.7721271,40.6049381],[110.760792,40.6045159],[110.7494569,40.6049381],[110.738231,40.6062007],[110.7272224,40.6082915],[110.716537,40.6111904],[110.7062779,40.6148694],[110.6965437,40.6192932],[110.6874283,40.6244192],[110.6790194,40.6301979],[110.6713981,40.6365737],[110.6646376,40.6434852],[110.6588032,40.6508658],[110.653951,40.6586445],[110.6501277,40.6667464],[110.6473702,40.6750934],[110.645705,40.6836052],[110.6451481,40.6921997],[110.645705,40.7007942],[110.6473702,40.709306],[110.6501277,40.717653],[110.653951,40.7257549],[110.6588032,40.7335336],[110.6646376,40.7409142],[110.6713981,40.7478258],[110.6790194,40.7542016],[110.6874283,40.7599802],[110.6965437,40.7651062],[110.7062779,40.76953],[110.716537,40.773209],[110.7272224,40.7761079],[110.738231,40.7781987],[110.7494569,40.7794613],[110.760792,40.7798836]]]},"properties":{"name":"2287无名峰","peak_elev":2287,"radius_m":9750,"layer":"ATS峰值响应半径","rank_pct":0.1658,"center_lon":110.760792,"center_lat":40.69219970703125,"max_mean_jut":94.3019,"max_ats":52.2281,"r_jmean_peak":8750,"r_ats_peak":9750,"r_ats_marginal":187.5,"ats_marginal_rate_max":0.07641986193582061,"ats_marginal_interval_start":125.0,"ats_marginal_interval_end":250.0,"is_expanded":false}},{"type":"Feature","geometry":{"type":"Polygon","coordinates":[[[110.755941,40.7736859],[110.767275,40.7732636],[110.7784999,40.772001],[110.7895075,40.7699102],[110.8001919,40.7670113],[110.8104501,40.7633323],[110.8201833,40.7589085],[110.8292979,40.7537825],[110.837706,40.7480038],[110.8453266,40.741628],[110.8520864,40.7347165],[110.8579203,40.7273359],[110.8627721,40.7195572],[110.866595,40.7114553],[110.8693523,40.7031083],[110.8710173,40.6945965],[110.8715741,40.686002],[110.8710173,40.6774075],[110.8693523,40.6688957],[110.866595,40.6605487],[110.8627721,40.6524468],[110.8579203,40.6446681],[110.8520864,40.6372875],[110.8453266,40.630376],[110.837706,40.6240002],[110.8292979,40.6182215],[110.8201833,40.6130955],[110.8104501,40.6086717],[110.8001919,40.6049927],[110.7895075,40.6020938],[110.7784999,40.600003],[110.767275,40.5987404],[110.755941,40.5983181],[110.744607,40.5987404],[110.7333821,40.600003],[110.7223745,40.6020938],[110.7116901,40.6049927],[110.7014319,40.6086717],[110.6916987,40.6130955],[110.6825841,40.6182215],[110.674176,40.6240002],[110.6665554,40.630376],[110.6597956,40.6372875],[110.6539617,40.6446681],[110.6491099,40.6524468],[110.645287,40.6605487],[110.6425297,40.6688957],[110.6408647,40.6774075],[110.6403079,40.686002],[110.6408647,40.6945965],[110.6425297,40.7031083],[110.645287,40.7114553],[110.6491099,40.7195572],[110.6539617,40.7273359],[110.6597956,40.7347165],[110.6665554,40.741628],[110.674176,40.7480038],[110.6825841,40.7537825],[110.6916987,40.7589085],[110.7014319,40.7633323],[110.7116901,40.7670113],[110.7223745,40.7699102],[110.7333821,40.772001],[110.744607,40.7732636],[110.755941,40.7736859]]]},"properties":{"name":"2328无名峰","peak_elev":2328,"radius_m":9750,"layer":"ATS峰值响应半径","rank_pct":0.1658,"center_lon":110.755941,"center_lat":40.686002,"max_mean_jut":109.716,"max_ats":62.8806,"r_jmean_peak":8250,"r_ats_peak":9750,"r_ats_marginal":187.5,"ats_marginal_rate_max":0.08775378578182158,"ats_marginal_interval_start":125.0,"ats_marginal_interval_end":250.0,"is_expanded":false}},{"type":"Feature","geometry":{"type":"Polygon","coordinates":[[[110.792727,40.7585016],[110.8037683,40.7580902],[110.8147032,40.7568599],[110.8254265,40.7548227],[110.8358349,40.7519982],[110.8458281,40.7484134],[110.8553099,40.7441031],[110.8641891,40.7391086],[110.87238,40.7334781],[110.8798038,40.7272657],[110.886389,40.7205314],[110.8920722,40.71334],[110.8967986,40.7057608],[110.9005228,40.6978666],[110.9032088,40.6897336],[110.9048309,40.6814401],[110.9053733,40.673066],[110.9048309,40.6646919],[110.9032088,40.6563984],[110.9005228,40.6482654],[110.8967986,40.6403712],[110.8920722,40.632792],[110.886389,40.6256006],[110.8798038,40.6188663],[110.87238,40.6126539],[110.8641891,40.6070234],[110.8553099,40.6020289],[110.8458281,40.5977186],[110.8358349,40.5941338],[110.8254265,40.5913093],[110.8147032,40.5892721],[110.8037683,40.5880418],[110.792727,40.5876304],[110.7816857,40.5880418],[110.7707508,40.5892721],[110.7600275,40.5913093],[110.7496191,40.5941338],[110.7396259,40.5977186],[110.7301441,40.6020289],[110.7212649,40.6070234],[110.713074,40.6126539],[110.7056502,40.6188663],[110.699065,40.6256006],[110.6933818,40.632792],[110.6886554,40.6403712],[110.6849312,40.6482654],[110.6822452,40.6563984],[110.6806231,40.6646919],[110.6800807,40.673066],[110.6806231,40.6814401],[110.6822452,40.6897336],[110.6849312,40.6978666],[110.6886554,40.7057608],[110.6933818,40.71334],[110.699065,40.7205314],[110.7056502,40.7272657],[110.713074,40.7334781],[110.7212649,40.7391086],[110.7301441,40.7441031],[110.7396259,40.7484134],[110.7496191,40.7519982],[110.7600275,40.7548227],[110.7707508,40.7568599],[110.7816857,40.7580902],[110.792727,40.7585016]]]},"properties":{"name":"2195无名峰(2)","peak_elev":2195,"radius_m":9500,"layer":"ATS峰值响应半径","rank_pct":0.191,"center_lon":110.792727,"center_lat":40.673066,"max_mean_jut":116.2218,"max_ats":58.7299,"r_jmean_peak":2250,"r_ats_peak":9500,"r_ats_marginal":187.5,"ats_marginal_rate_max":0.08674459565788402,"ats_marginal_interval_start":125.0,"ats_marginal_interval_end":250.0,"is_expanded":false}},{"type":"Feature","geometry":{"type":"Polygon","coordinates":[[[110.768877,40.7690116],[110.77992,40.7686002],[110.7908567,40.7673699],[110.8015817,40.7653327],[110.8119917,40.7625082],[110.8219865,40.7589234],[110.8314698,40.7546131],[110.8403503,40.7496186],[110.8485425,40.7439881],[110.8559675,40.7377757],[110.8625537,40.7310414],[110.8682378,40.72385],[110.872965,40.7162708],[110.8766898,40.7083766],[110.8793763,40.7002436],[110.8809986,40.6919501],[110.8815411,40.683576],[110.8809986,40.6752019],[110.8793763,40.6669084],[110.8766898,40.6587754],[110.872965,40.6508812],[110.8682378,40.643302],[110.8625537,40.6361106],[110.8559675,40.6293763],[110.8485425,40.6231639],[110.8403503,40.6175334],[110.8314698,40.6125389],[110.8219865,40.6082286],[110.8119917,40.6046438],[110.8015817,40.6018193],[110.7908567,40.5997821],[110.77992,40.5985518],[110.768877,40.5981404],[110.757834,40.5985518],[110.7468973,40.5997821],[110.7361723,40.6018193],[110.7257623,40.6046438],[110.7157675,40.6082286],[110.7062842,40.6125389],[110.6974037,40.6175334],[110.6892115,40.6231639],[110.6817865,40.6293763],[110.6752003,40.6361106],[110.6695162,40.643302],[110.664789,40.6508812],[110.6610642,40.6587754],[110.6583777,40.6669084],[110.6567554,40.6752019],[110.6562129,40.683576],[110.6567554,40.6919501],[110.6583777,40.7002436],[110.6610642,40.7083766],[110.664789,40.7162708],[110.6695162,40.72385],[110.6752003,40.7310414],[110.6817865,40.7377757],[110.6892115,40.7439881],[110.6974037,40.7496186],[110.7062842,40.7546131],[110.7157675,40.7589234],[110.7257623,40.7625082],[110.7361723,40.7653327],[110.7468973,40.7673699],[110.757834,40.7686002],[110.768877,40.7690116]]]},"properties":{"name":"2243无名峰","peak_elev":2243,"radius_m":9500,"layer":"ATS峰值响应半径","rank_pct":0.191,"center_lon":110.768877,"center_lat":40.683576,"max_mean_jut":91.4698,"max_ats":51.638,"r_jmean_peak":8750,"r_ats_peak":9500,"r_ats_marginal":312.5,"ats_marginal_rate_max":0.033507095150671615,"ats_marginal_interval_start":250.0,"ats_marginal_interval_end":375.0,"is_expanded":false}},{"type":"Feature","geometry":{"type":"Polygon","coordinates":[[[110.900121,40.7980252],[110.9108785,40.7976247],[110.9215323,40.7964268],[110.93198,40.7944432],[110.9421208,40.791693],[110.9518571,40.7882026],[110.9610952,40.7840057],[110.9697461,40.7791426],[110.9777265,40.7736603],[110.9849595,40.7676114],[110.9913754,40.7610544],[110.9969125,40.7540522],[111.0015174,40.7466724],[111.0051459,40.738986],[111.0077629,40.731067],[111.0093432,40.7229918],[111.0098717,40.714838],[111.0093432,40.7066842],[111.0077629,40.698609],[111.0051459,40.69069],[111.0015174,40.6830036],[110.9969125,40.6756238],[110.9913754,40.6686216],[110.9849595,40.6620646],[110.9777265,40.6560157],[110.9697461,40.6505334],[110.9610952,40.6456703],[110.9518571,40.6414734],[110.9421208,40.637983],[110.93198,40.6352328],[110.9215323,40.6332492],[110.9108785,40.6320513],[110.900121,40.6316508],[110.8893635,40.6320513],[110.8787097,40.6332492],[110.868262,40.6352328],[110.8581212,40.637983],[110.8483849,40.6414734],[110.8391468,40.6456703],[110.8304959,40.6505334],[110.8225155,40.6560157],[110.8152825,40.6620646],[110.8088666,40.6686216],[110.8033295,40.6756238],[110.7987246,40.6830036],[110.7950961,40.69069],[110.7924791,40.698609],[110.7908988,40.7066842],[110.7903703,40.714838],[110.7908988,40.7229918],[110.7924791,40.731067],[110.7950961,40.738986],[110.7987246,40.7466724],[110.8033295,40.7540522],[110.8088666,40.7610544],[110.8152825,40.7676114],[110.8225155,40.7736603],[110.8304959,40.7791426],[110.8391468,40.7840057],[110.8483849,40.7882026],[110.8581212,40.791693],[110.868262,40.7944432],[110.8787097,40.7964268],[110.8893635,40.7976247],[110.900121,40.7980252]]]},"properties":{"name":"2080无名峰(1)","peak_elev":2080,"radius_m":9250,"layer":"ATS峰值响应半径","rank_pct":0.201,"center_lon":110.900121,"center_lat":40.714838,"max_mean_jut":84.1342,"max_ats":45.5306,"r_jmean_peak":null,"r_ats_peak":9250,"r_ats_marginal":187.5,"ats_marginal_rate_max":0.05041923297687866,"ats_marginal_interval_start":125.0,"ats_marginal_interval_end":250.0,"is_expanded":false}},{"type":"Feature","geometry":{"type":"Polygon","coordinates":[[[110.649222,40.718963],[110.6588064,40.7186058],[110.6682985,40.7175374],[110.6776069,40.7157683],[110.6866419,40.7133153],[110.6953166,40.7102023],[110.7035473,40.7064591],[110.7112548,40.7021218],[110.718365,40.6972321],[110.7248092,40.6918372],[110.7305255,40.685989],[110.7354588,40.6797438],[110.7395617,40.6731618],[110.7427944,40.6663064],[110.7451261,40.6592435],[110.7465341,40.6520413],[110.7470049,40.644769],[110.7465341,40.6374967],[110.7451261,40.6302945],[110.7427944,40.6232316],[110.7395617,40.6163762],[110.7354588,40.6097942],[110.7305255,40.603549],[110.7248092,40.5977008],[110.718365,40.5923059],[110.7112548,40.5874162],[110.7035473,40.5830789],[110.6953166,40.5793357],[110.6866419,40.5762227],[110.6776069,40.5737697],[110.6682985,40.5720006],[110.6588064,40.5709322],[110.649222,40.570575],[110.6396376,40.5709322],[110.6301455,40.5720006],[110.6208371,40.5737697],[110.6118021,40.5762227],[110.6031274,40.5793357],[110.5948967,40.5830789],[110.5871892,40.5874162],[110.580079,40.5923059],[110.5736348,40.5977008],[110.5679185,40.603549],[110.5629852,40.6097942],[110.5588823,40.6163762],[110.5556496,40.6232316],[110.5533179,40.6302945],[110.5519099,40.6374967],[110.5514391,40.644769],[110.5519099,40.6520413],[110.5533179,40.6592435],[110.5556496,40.6663064],[110.5588823,40.6731618],[110.5629852,40.6797438],[110.5679185,40.685989],[110.5736348,40.6918372],[110.580079,40.6972321],[110.5871892,40.7021218],[110.5948967,40.7064591],[110.6031274,40.7102023],[110.6118021,40.7133153],[110.6208371,40.7157683],[110.6301455,40.7175374],[110.6396376,40.7186058],[110.649222,40.718963]]]},"properties":{"name":"2177无名峰(2)","peak_elev":2177,"radius_m":8250,"layer":"ATS峰值响应半径","rank_pct":0.206,"center_lon":110.649222,"center_lat":40.644769,"max_mean_jut":111.2479,"max_ats":65.0077,"r_jmean_peak":6750,"r_ats_peak":8250,"r_ats_marginal":187.5,"ats_marginal_rate_max":0.05489746713274136,"ats_marginal_interval_start":125.0,"ats_marginal_interval_end":250.0,"is_expanded":false}},{"type":"Feature","geometry":{"type":"Polygon","coordinates":[[[110.653803,40.7093464],[110.6628058,40.7090108],[110.671722,40.7080072],[110.6804655,40.7063453],[110.6889523,40.704041],[110.6971006,40.7011166],[110.7048319,40.6976003],[110.7120718,40.6935258],[110.7187505,40.6889325],[110.7248037,40.6838646],[110.7301732,40.6783708],[110.7348072,40.6725041],[110.738661,40.666321],[110.7416976,40.6598811],[110.7438878,40.6532463],[110.7452104,40.6464805],[110.7456527,40.639649],[110.7452104,40.6328175],[110.7438878,40.6260517],[110.7416976,40.6194169],[110.738661,40.612977],[110.7348072,40.6067939],[110.7301732,40.6009272],[110.7248037,40.5954334],[110.7187505,40.5903655],[110.7120718,40.5857722],[110.7048319,40.5816977],[110.6971006,40.5781814],[110.6889523,40.575257],[110.6804655,40.5729527],[110.671722,40.5712908],[110.6628058,40.5702872],[110.653803,40.5699516],[110.6448002,40.5702872],[110.635884,40.5712908],[110.6271405,40.5729527],[110.6186537,40.575257],[110.6105054,40.5781814],[110.6027741,40.5816977],[110.5955342,40.5857722],[110.5888555,40.5903655],[110.5828023,40.5954334],[110.5774328,40.6009272],[110.5727988,40.6067939],[110.568945,40.612977],[110.5659084,40.6194169],[110.5637182,40.6260517],[110.5623956,40.6328175],[110.5619533,40.639649],[110.5623956,40.6464805],[110.5637182,40.6532463],[110.5659084,40.6598811],[110.568945,40.666321],[110.5727988,40.6725041],[110.5774328,40.6783708],[110.5828023,40.6838646],[110.5888555,40.6889325],[110.5955342,40.6935258],[110.6027741,40.6976003],[110.6105054,40.7011166],[110.6186537,40.704041],[110.6271405,40.7063453],[110.635884,40.7080072],[110.6448002,40.7090108],[110.653803,40.7093464]]]},"properties":{"name":"2148无名峰","peak_elev":2148,"radius_m":7750,"layer":"ATS峰值响应半径","rank_pct":0.2111,"center_lon":110.653803,"center_lat":40.639649,"max_mean_jut":135.11,"max_ats":67.1321,"r_jmean_peak":1000,"r_ats_peak":7750,"r_ats_marginal":187.5,"ats_marginal_rate_max":0.13875476569153028,"ats_marginal_interval_start":125.0,"ats_marginal_interval_end":250.0,"is_expanded":false}},{"type":"Feature","geometry":{"type":"Polygon","coordinates":[[[110.7645645,40.7247918],[110.772989,40.7244779],[110.7813324,40.723539],[110.7895144,40.7219843],[110.797456,40.7198287],[110.8050809,40.717093],[110.8123155,40.7138035],[110.8190903,40.7099919],[110.82534,40.7056949],[110.8310044,40.700954],[110.836029,40.6958146],[110.8403652,40.6903265],[110.8439715,40.6845423],[110.8468131,40.6785178],[110.8488626,40.672311],[110.8501002,40.6659818],[110.8505141,40.659591],[110.8501002,40.6532002],[110.8488626,40.646871],[110.8468131,40.6406642],[110.8439715,40.6346397],[110.8403652,40.6288555],[110.836029,40.6233674],[110.8310044,40.618228],[110.82534,40.6134871],[110.8190903,40.6091901],[110.8123155,40.6053785],[110.8050809,40.602089],[110.797456,40.5993533],[110.7895144,40.5971977],[110.7813324,40.595643],[110.772989,40.5947041],[110.7645645,40.5943902],[110.75614,40.5947041],[110.7477966,40.595643],[110.7396147,40.5971977],[110.731673,40.5993533],[110.7240482,40.602089],[110.7168135,40.6053785],[110.7100387,40.6091901],[110.703789,40.6134871],[110.6981246,40.618228],[110.6931001,40.6233674],[110.6887638,40.6288555],[110.6851575,40.6346397],[110.6823159,40.6406642],[110.6802665,40.646871],[110.6790288,40.6532002],[110.678615,40.659591],[110.6790288,40.6659818],[110.6802665,40.672311],[110.6823159,40.6785178],[110.6851575,40.6845423],[110.6887638,40.6903265],[110.6931001,40.6958146],[110.6981246,40.700954],[110.703789,40.7056949],[110.7100387,40.7099919],[110.7168135,40.7138035],[110.7240482,40.717093],[110.731673,40.7198287],[110.7396147,40.7219843],[110.7477966,40.723539],[110.75614,40.7244779],[110.7645645,40.7247918]]]},"properties":{"name":"2295无名峰","peak_elev":2295,"radius_m":7250,"layer":"ATS峰值响应半径","rank_pct":0.2161,"center_lon":110.76456451416016,"center_lat":40.659591,"max_mean_jut":159.3634,"max_ats":90.0779,"r_jmean_peak":1375,"r_ats_peak":7250,"r_ats_marginal":187.5,"ats_marginal_rate_max":0.12241737936589102,"ats_marginal_interval_start":125.0,"ats_marginal_interval_end":250.0,"is_expanded":false}},{"type":"Feature","geometry":{"type":"Polygon","coordinates":[[[110.910901,40.7737475],[110.9190413,40.7734444],[110.9271032,40.7725379],[110.935009,40.7710368],[110.9426827,40.7689555],[110.9500503,40.7663142],[110.9570409,40.7631381],[110.9635871,40.759458],[110.9696259,40.7553091],[110.9750992,40.7507317],[110.9799542,40.7457695],[110.9841442,40.7404706],[110.9876288,40.7348859],[110.9903745,40.7290691],[110.9923548,40.7230764],[110.9935506,40.7169654],[110.9939506,40.710795],[110.9935506,40.7046246],[110.9923548,40.6985136],[110.9903745,40.6925209],[110.9876288,40.6867041],[110.9841442,40.6811194],[110.9799542,40.6758205],[110.9750992,40.6708583],[110.9696259,40.6662809],[110.9635871,40.662132],[110.9570409,40.6584519],[110.9500503,40.6552758],[110.9426827,40.6526345],[110.935009,40.6505532],[110.9271032,40.6490521],[110.9190413,40.6481456],[110.910901,40.6478425],[110.9027607,40.6481456],[110.8946988,40.6490521],[110.886793,40.6505532],[110.8791193,40.6526345],[110.8717517,40.6552758],[110.8647611,40.6584519],[110.8582149,40.662132],[110.8521761,40.6662809],[110.8467028,40.6708583],[110.8418478,40.6758205],[110.8376578,40.6811194],[110.8341732,40.6867041],[110.8314275,40.6925209],[110.8294472,40.6985136],[110.8282514,40.7046246],[110.8278514,40.710795],[110.8282514,40.7169654],[110.8294472,40.7230764],[110.8314275,40.7290691],[110.8341732,40.7348859],[110.8376578,40.7404706],[110.8418478,40.7457695],[110.8467028,40.7507317],[110.8521761,40.7553091],[110.8582149,40.759458],[110.8647611,40.7631381],[110.8717517,40.7663142],[110.8791193,40.7689555],[110.886793,40.7710368],[110.8946988,40.7725379],[110.9027607,40.7734444],[110.910901,40.7737475]]]},"properties":{"name":"2042无名峰","peak_elev":2042,"radius_m":7000,"layer":"ATS峰值响应半径","rank_pct":0.2211,"center_lon":110.910901,"center_lat":40.710795,"max_mean_jut":91.6838,"max_ats":51.1551,"r_jmean_peak":6250,"r_ats_peak":7000,"r_ats_marginal":187.5,"ats_marginal_rate_max":0.07761029901290885,"ats_marginal_interval_start":125.0,"ats_marginal_interval_end":250.0,"is_expanded":false}},{"type":"Feature","geometry":{"type":"Polygon","coordinates":[[[110.758502,40.7209268],[110.7666358,40.7206236],[110.7746913,40.7197171],[110.7825909,40.718216],[110.7902585,40.7161348],[110.7976203,40.7134934],[110.8046053,40.7103173],[110.8111463,40.7066372],[110.8171804,40.7024884],[110.8226493,40.6979109],[110.8275005,40.6929488],[110.8316871,40.6876499],[110.835169,40.6820651],[110.8379125,40.6762484],[110.8398913,40.6702557],[110.8410862,40.6641447],[110.8414858,40.6579742],[110.8410862,40.6518038],[110.8398913,40.6456928],[110.8379125,40.6397001],[110.835169,40.6338834],[110.8316871,40.6282986],[110.8275005,40.6229997],[110.8226493,40.6180376],[110.8171804,40.6134601],[110.8111463,40.6093113],[110.8046053,40.6056311],[110.7976203,40.6024551],[110.7902585,40.5998137],[110.7825909,40.5977324],[110.7746913,40.5962313],[110.7666358,40.5953249],[110.758502,40.5950217],[110.7503682,40.5953249],[110.7423127,40.5962313],[110.7344131,40.5977324],[110.7267455,40.5998137],[110.7193837,40.6024551],[110.7123987,40.6056311],[110.7058577,40.6093113],[110.6998236,40.6134601],[110.6943547,40.6180376],[110.6895035,40.6229997],[110.6853169,40.6282986],[110.681835,40.6338834],[110.6790915,40.6397001],[110.6771127,40.6456928],[110.6759178,40.6518038],[110.6755182,40.6579742],[110.6759178,40.6641447],[110.6771127,40.6702557],[110.6790915,40.6762484],[110.681835,40.6820651],[110.6853169,40.6876499],[110.6895035,40.6929488],[110.6943547,40.6979109],[110.6998236,40.7024884],[110.7058577,40.7066372],[110.7123987,40.7103173],[110.7193837,40.7134934],[110.7267455,40.7161348],[110.7344131,40.718216],[110.7423127,40.7197171],[110.7503682,40.7206236],[110.758502,40.7209268]]]},"properties":{"name":"2205无名峰(1)","peak_elev":2205,"radius_m":7000,"layer":"ATS峰值响应半径","rank_pct":0.2211,"center_lon":110.758502,"center_lat":40.65797424316406,"max_mean_jut":130.16,"max_ats":71.4097,"r_jmean_peak":5750,"r_ats_peak":7000,"r_ats_marginal":312.5,"ats_marginal_rate_max":0.1377951194094076,"ats_marginal_interval_start":250.0,"ats_marginal_interval_end":375.0,"is_expanded":false}},{"type":"Feature","geometry":{"type":"Polygon","coordinates":[[[110.653803,40.6856156],[110.6610622,40.6853449],[110.6682516,40.6845356],[110.6753018,40.6831953],[110.6821449,40.6813371],[110.6887151,40.6789787],[110.6949491,40.6761429],[110.7007868,40.6728571],[110.706172,40.6691528],[110.7110529,40.6650657],[110.7153824,40.6606353],[110.7191189,40.6559041],[110.7222264,40.6509177],[110.7246749,40.6457242],[110.7264409,40.6403736],[110.7275073,40.6349173],[110.7278639,40.629408],[110.7275073,40.6238987],[110.7264409,40.6184424],[110.7246749,40.6130918],[110.7222264,40.6078983],[110.7191189,40.6029119],[110.7153824,40.5981807],[110.7110529,40.5937503],[110.706172,40.5896632],[110.7007868,40.5859589],[110.6949491,40.5826731],[110.6887151,40.5798373],[110.6821449,40.5774789],[110.6753018,40.5756207],[110.6682516,40.5742804],[110.6610622,40.5734711],[110.653803,40.5732004],[110.6465438,40.5734711],[110.6393544,40.5742804],[110.6323042,40.5756207],[110.6254611,40.5774789],[110.6188909,40.5798373],[110.6126569,40.5826731],[110.6068192,40.5859589],[110.601434,40.5896632],[110.5965531,40.5937503],[110.5922236,40.5981807],[110.5884871,40.6029119],[110.5853796,40.6078983],[110.5829311,40.6130918],[110.5811651,40.6184424],[110.5800987,40.6238987],[110.5797421,40.629408],[110.5800987,40.6349173],[110.5811651,40.6403736],[110.5829311,40.6457242],[110.5853796,40.6509177],[110.5884871,40.6559041],[110.5922236,40.6606353],[110.5965531,40.6650657],[110.601434,40.6691528],[110.6068192,40.6728571],[110.6126569,40.6761429],[110.6188909,40.6789787],[110.6254611,40.6813371],[110.6323042,40.6831953],[110.6393544,40.6845356],[110.6465438,40.6853449],[110.653803,40.6856156]]]},"properties":{"name":"2041无名峰(2)","peak_elev":2041,"radius_m":6250,"layer":"ATS峰值响应半径","rank_pct":0.2312,"center_lon":110.653803,"center_lat":40.629408,"max_mean_jut":136.8899,"max_ats":65.4748,"r_jmean_peak":1625,"r_ats_peak":6250,"r_ats_marginal":187.5,"ats_marginal_rate_max":0.12359771050726244,"ats_marginal_interval_start":125.0,"ats_marginal_interval_end":250.0,"is_expanded":false}},{"type":"Feature","geometry":{"type":"Polygon","coordinates":[[[110.618769,41.027689],[110.6254825,41.02744],[110.6321313,41.0266954],[110.6386514,41.0254623],[110.6449801,41.0237527],[110.6510563,41.021583],[110.6568215,41.0189741],[110.6622204,41.0159511],[110.6672007,41.0125432],[110.6717146,41.0087831],[110.6757187,41.0047071],[110.6791742,41.0003544],[110.6820481,40.9957669],[110.6843125,40.9909889],[110.6859457,40.9860663],[110.686932,40.9810466],[110.6872618,40.975978],[110.686932,40.9709094],[110.6859457,40.9658897],[110.6843125,40.9609671],[110.6820481,40.9561891],[110.6791742,40.9516016],[110.6757187,40.9472489],[110.6717146,40.9431729],[110.6672007,40.9394128],[110.6622204,40.9360049],[110.6568215,40.9329819],[110.6510563,40.930373],[110.6449801,40.9282033],[110.6386514,40.9264937],[110.6321313,40.9252606],[110.6254825,40.924516],[110.618769,40.924267],[110.6120555,40.924516],[110.6054067,40.9252606],[110.5988866,40.9264937],[110.5925579,40.9282033],[110.5864817,40.930373],[110.5807165,40.9329819],[110.5753176,40.9360049],[110.5703373,40.9394128],[110.5658234,40.9431729],[110.5618193,40.9472489],[110.5583638,40.9516016],[110.5554899,40.9561891],[110.5532255,40.9609671],[110.5515923,40.9658897],[110.550606,40.9709094],[110.5502762,40.975978],[110.550606,40.9810466],[110.5515923,40.9860663],[110.5532255,40.9909889],[110.5554899,40.9957669],[110.5583638,41.0003544],[110.5618193,41.0047071],[110.5658234,41.0087831],[110.5703373,41.0125432],[110.5753176,41.0159511],[110.5807165,41.0189741],[110.5864817,41.021583],[110.5925579,41.0237527],[110.5988866,41.0254623],[110.6054067,41.0266954],[110.6120555,41.02744],[110.618769,41.027689]]]},"properties":{"name":"2351无名峰","peak_elev":2351,"radius_m":5750,"layer":"ATS峰值响应半径","rank_pct":0.2362,"center_lon":110.618769,"center_lat":40.975978,"max_mean_jut":53.117,"max_ats":30.7559,"r_jmean_peak":5250,"r_ats_peak":5750,"r_ats_marginal":187.5,"ats_marginal_rate_max":0.0219075074953154,"ats_marginal_interval_start":125.0,"ats_marginal_interval_end":250.0,"is_expanded":false}},{"type":"Feature","geometry":{"type":"Polygon","coordinates":[[[110.749743,40.6974653],[110.7561329,40.6972271],[110.7624613,40.6965149],[110.7686672,40.6953355],[110.7746908,40.6937002],[110.7804742,40.6916248],[110.7859616,40.6891293],[110.7911002,40.6862378],[110.7958406,40.682978],[110.8001369,40.6793814],[110.803948,40.6754826],[110.807237,40.6713192],[110.8099724,40.6669312],[110.8121276,40.6623609],[110.8136821,40.6576523],[110.8146209,40.6528508],[110.8149348,40.6480026],[110.8146209,40.6431544],[110.8136821,40.6383529],[110.8121276,40.6336444],[110.8099724,40.6290741],[110.807237,40.6246861],[110.803948,40.6205226],[110.8001369,40.6166238],[110.7958406,40.6130272],[110.7911002,40.6097674],[110.7859616,40.6068759],[110.7804742,40.6043804],[110.7746908,40.6023051],[110.7686672,40.6006698],[110.7624613,40.5994903],[110.7561329,40.5987781],[110.749743,40.5985399],[110.7433531,40.5987781],[110.7370247,40.5994903],[110.7308188,40.6006698],[110.7247952,40.6023051],[110.7190118,40.6043804],[110.7135244,40.6068759],[110.7083858,40.6097674],[110.7036454,40.6130272],[110.6993491,40.6166238],[110.695538,40.6205226],[110.692249,40.6246861],[110.6895136,40.6290741],[110.6873584,40.6336444],[110.6858039,40.6383529],[110.6848651,40.6431544],[110.6845512,40.6480026],[110.6848651,40.6528508],[110.6858039,40.6576523],[110.6873584,40.6623609],[110.6895136,40.6669312],[110.692249,40.6713192],[110.695538,40.6754826],[110.6993491,40.6793814],[110.7036454,40.682978],[110.7083858,40.6862378],[110.7135244,40.6891293],[110.7190118,40.6916248],[110.7247952,40.6937002],[110.7308188,40.6953355],[110.7370247,40.6965149],[110.7433531,40.6972271],[110.749743,40.6974653]]]},"properties":{"name":"2046无名峰","peak_elev":2046,"radius_m":5500,"layer":"ATS峰值响应半径","rank_pct":0.2412,"center_lon":110.749743,"center_lat":40.64800262451172,"max_mean_jut":115.9287,"max_ats":58.1579,"r_jmean_peak":4750,"r_ats_peak":5500,"r_ats_marginal":437.5,"ats_marginal_rate_max":0.05134917297642997,"ats_marginal_interval_start":375.0,"ats_marginal_interval_end":500.0,"is_expanded":false}},{"type":"Feature","geometry":{"type":"Polygon","coordinates":[[[110.893923,40.7695984],[110.9000293,40.769371],[110.9060767,40.7686912],[110.9120072,40.7675653],[110.9177634,40.7660044],[110.9232901,40.7640234],[110.9285339,40.7616413],[110.9334444,40.7588812],[110.9379743,40.7557696],[110.94208,40.7523365],[110.9457219,40.7486149],[110.9488649,40.7446407],[110.9514789,40.7404522],[110.9535385,40.7360896],[110.955024,40.7315951],[110.955921,40.7270118],[110.956221,40.722384],[110.955921,40.7177562],[110.955024,40.7131729],[110.9535385,40.7086784],[110.9514789,40.7043158],[110.9488649,40.7001273],[110.9457219,40.6961531],[110.94208,40.6924315],[110.9379743,40.6889984],[110.9334444,40.6858868],[110.9285339,40.6831267],[110.9232901,40.6807446],[110.9177634,40.6787636],[110.9120072,40.6772027],[110.9060767,40.6760768],[110.9000293,40.675397],[110.893923,40.6751696],[110.8878167,40.675397],[110.8817693,40.6760768],[110.8758388,40.6772027],[110.8700826,40.6787636],[110.8645559,40.6807446],[110.8593121,40.6831267],[110.8544016,40.6858868],[110.8498717,40.6889984],[110.845766,40.6924315],[110.8421241,40.6961531],[110.8389811,40.7001273],[110.8363671,40.7043158],[110.8343075,40.7086784],[110.832822,40.7131729],[110.831925,40.7177562],[110.831625,40.722384],[110.831925,40.7270118],[110.832822,40.7315951],[110.8343075,40.7360896],[110.8363671,40.7404522],[110.8389811,40.7446407],[110.8421241,40.7486149],[110.845766,40.7523365],[110.8498717,40.7557696],[110.8544016,40.7588812],[110.8593121,40.7616413],[110.8645559,40.7640234],[110.8700826,40.7660044],[110.8758388,40.7675653],[110.8817693,40.7686912],[110.8878167,40.769371],[110.893923,40.7695984]]]},"properties":{"name":"2100无名峰","peak_elev":2100,"radius_m":5250,"layer":"ATS峰值响应半径","rank_pct":0.2462,"center_lon":110.893923,"center_lat":40.722384,"max_mean_jut":78.3649,"max_ats":40.7989,"r_jmean_peak":5250,"r_ats_peak":5250,"r_ats_marginal":187.5,"ats_marginal_rate_max":0.050725911894580984,"ats_marginal_interval_start":125.0,"ats_marginal_interval_end":250.0,"is_expanded":false}},{"type":"Feature","geometry":{"type":"Polygon","coordinates":[[[110.943779,40.8673321],[110.9496033,40.8671156],[110.9553714,40.8664681],[110.9610279,40.8653959],[110.9665183,40.8639092],[110.9717898,40.8620225],[110.9767914,40.8597539],[110.9814751,40.8571253],[110.9857958,40.8541618],[110.9897119,40.8508922],[110.9931856,40.8473478],[110.9961835,40.8435629],[110.9986766,40.8395738],[111.0006411,40.835419],[111.002058,40.8311384],[111.0029137,40.8267734],[111.0031998,40.822366],[111.0029137,40.8179586],[111.002058,40.8135936],[111.0006411,40.809313],[110.9986766,40.8051582],[110.9961835,40.8011691],[110.9931856,40.7973842],[110.9897119,40.7938398],[110.9857958,40.7905702],[110.9814751,40.7876067],[110.9767914,40.7849781],[110.9717898,40.7827095],[110.9665183,40.7808228],[110.9610279,40.7793361],[110.9553714,40.7782639],[110.9496033,40.7776164],[110.943779,40.7773999],[110.9379547,40.7776164],[110.9321866,40.7782639],[110.9265301,40.7793361],[110.9210397,40.7808228],[110.9157682,40.7827095],[110.9107666,40.7849781],[110.9060829,40.7876067],[110.9017622,40.7905702],[110.8978461,40.7938398],[110.8943724,40.7973842],[110.8913745,40.8011691],[110.8888814,40.8051582],[110.8869169,40.809313],[110.8855,40.8135936],[110.8846443,40.8179586],[110.8843582,40.822366],[110.8846443,40.8267734],[110.8855,40.8311384],[110.8869169,40.835419],[110.8888814,40.8395738],[110.8913745,40.8435629],[110.8943724,40.8473478],[110.8978461,40.8508922],[110.9017622,40.8541618],[110.9060829,40.8571253],[110.9107666,40.8597539],[110.9157682,40.8620225],[110.9210397,40.8639092],[110.9265301,40.8653959],[110.9321866,40.8664681],[110.9379547,40.8671156],[110.943779,40.8673321]]]},"properties":{"name":"2220无名峰","peak_elev":2220,"radius_m":5000,"layer":"ATS峰值响应半径","rank_pct":0.2513,"center_lon":110.943779,"center_lat":40.822366,"max_mean_jut":112.3758,"max_ats":63.468,"r_jmean_peak":2750,"r_ats_peak":5000,"r_ats_marginal":312.5,"ats_marginal_rate_max":0.07852824236650623,"ats_marginal_interval_start":250.0,"ats_marginal_interval_end":375.0,"is_expanded":false}},{"type":"Feature","geometry":{"type":"Polygon","coordinates":[[[110.906589,40.8733455],[110.9118317,40.8731506],[110.9170238,40.8725679],[110.9221155,40.8716029],[110.9270577,40.8702649],[110.9318027,40.8685669],[110.9363049,40.8665251],[110.9405209,40.8641593],[110.9444101,40.8614922],[110.9479352,40.8585496],[110.951062,40.8553596],[110.9537605,40.8519532],[110.9560047,40.848363],[110.957773,40.8446237],[110.9590484,40.8407712],[110.9598186,40.8368427],[110.9600762,40.832876],[110.9598186,40.8289093],[110.9590484,40.8249808],[110.957773,40.8211283],[110.9560047,40.817389],[110.9537605,40.8137988],[110.951062,40.8103924],[110.9479352,40.8072024],[110.9444101,40.8042598],[110.9405209,40.8015927],[110.9363049,40.7992269],[110.9318027,40.7971851],[110.9270577,40.7954871],[110.9221155,40.7941491],[110.9170238,40.7931841],[110.9118317,40.7926014],[110.906589,40.7924065],[110.9013463,40.7926014],[110.8961542,40.7931841],[110.8910625,40.7941491],[110.8861203,40.7954871],[110.8813753,40.7971851],[110.8768731,40.7992269],[110.8726571,40.8015927],[110.8687679,40.8042598],[110.8652428,40.8072024],[110.862116,40.8103924],[110.8594175,40.8137988],[110.8571733,40.817389],[110.855405,40.8211283],[110.8541296,40.8249808],[110.8533594,40.8289093],[110.8531018,40.832876],[110.8533594,40.8368427],[110.8541296,40.8407712],[110.855405,40.8446237],[110.8571733,40.848363],[110.8594175,40.8519532],[110.862116,40.8553596],[110.8652428,40.8585496],[110.8687679,40.8614922],[110.8726571,40.8641593],[110.8768731,40.8665251],[110.8813753,40.8685669],[110.8861203,40.8702649],[110.8910625,40.8716029],[110.8961542,40.8725679],[110.9013463,40.8731506],[110.906589,40.8733455]]]},"properties":{"name":"2187无名峰(3)","peak_elev":2187,"radius_m":4500,"layer":"ATS峰值响应半径","rank_pct":0.2563,"center_lon":110.906589,"center_lat":40.832876,"max_mean_jut":78.6925,"max_ats":44.363,"r_jmean_peak":4500,"r_ats_peak":4500,"r_ats_marginal":187.5,"ats_marginal_rate_max":0.10586917511820125,"ats_marginal_interval_start":125.0,"ats_marginal_interval_end":250.0,"is_expanded":false}},{"type":"Feature","geometry":{"type":"Polygon","coordinates":[[[110.9879761,40.7749726],[110.9923389,40.7748102],[110.9966598,40.7743246],[111.000897,40.7735204],[111.0050098,40.7724054],[111.0089585,40.7709904],[111.0127052,40.7692889],[111.0162137,40.7673174],[111.0194502,40.7650949],[111.0223837,40.7626426],[111.0249858,40.7599844],[111.0272314,40.7571456],[111.0290991,40.7541538],[111.0305706,40.7510377],[111.031632,40.7478273],[111.0322729,40.7445536],[111.0324873,40.741248],[111.0322729,40.7379424],[111.031632,40.7346687],[111.0305706,40.7314583],[111.0290991,40.7283422],[111.0272314,40.7253504],[111.0249858,40.7225116],[111.0223837,40.7198534],[111.0194502,40.7174011],[111.0162137,40.7151786],[111.0127052,40.7132071],[111.0089585,40.7115056],[111.0050098,40.7100906],[111.000897,40.7089756],[110.9966598,40.7081714],[110.9923389,40.7076858],[110.9879761,40.7075234],[110.9836132,40.7076858],[110.9792924,40.7081714],[110.9750552,40.7089756],[110.9709424,40.7100906],[110.9669936,40.7115056],[110.963247,40.7132071],[110.9597385,40.7151786],[110.9565019,40.7174011],[110.9535685,40.7198534],[110.9509664,40.7225116],[110.9487207,40.7253504],[110.9468531,40.7283422],[110.9453815,40.7314583],[110.9443201,40.7346687],[110.9436792,40.7379424],[110.9434649,40.741248],[110.9436792,40.7445536],[110.9443201,40.7478273],[110.9453815,40.7510377],[110.9468531,40.7541538],[110.9487207,40.7571456],[110.9509664,40.7599844],[110.9535685,40.7626426],[110.9565019,40.7650949],[110.9597385,40.7673174],[110.963247,40.7692889],[110.9669936,40.7709904],[110.9709424,40.7724054],[110.9750552,40.7735204],[110.9792924,40.7743246],[110.9836132,40.7748102],[110.9879761,40.7749726]]]},"properties":{"name":"1667无名峰","peak_elev":1667,"radius_m":3750,"layer":"ATS峰值响应半径","rank_pct":0.2613,"center_lon":110.98797607421876,"center_lat":40.741248,"max_mean_jut":60.7167,"max_ats":32.9975,"r_jmean_peak":1250,"r_ats_peak":3750,"r_ats_marginal":187.5,"ats_marginal_rate_max":0.05449681989826214,"ats_marginal_interval_start":125.0,"ats_marginal_interval_end":250.0,"is_expanded":false}},{"type":"Feature","geometry":{"type":"Polygon","coordinates":[[[108.838487,40.6919686],[108.8428444,40.6918062],[108.8471599,40.6913206],[108.8513918,40.6905164],[108.8554995,40.6894014],[108.8594433,40.6879864],[108.8631853,40.6862849],[108.8666894,40.6843134],[108.869922,40.6820909],[108.8728518,40.6796386],[108.8754506,40.6769804],[108.8776935,40.6741416],[108.8795588,40.6711498],[108.8810285,40.6680337],[108.8820886,40.6648233],[108.8827287,40.6615496],[108.8829428,40.658244],[108.8827287,40.6549384],[108.8820886,40.6516647],[108.8810285,40.6484543],[108.8795588,40.6453382],[108.8776935,40.6423464],[108.8754506,40.6395076],[108.8728518,40.6368494],[108.869922,40.6343971],[108.8666894,40.6321746],[108.8631853,40.6302031],[108.8594433,40.6285016],[108.8554995,40.6270866],[108.8513918,40.6259716],[108.8471599,40.6251674],[108.8428444,40.6246818],[108.838487,40.6245194],[108.8341296,40.6246818],[108.8298141,40.6251674],[108.8255822,40.6259716],[108.8214745,40.6270866],[108.8175307,40.6285016],[108.8137887,40.6302031],[108.8102846,40.6321746],[108.807052,40.6343971],[108.8041222,40.6368494],[108.8015234,40.6395076],[108.7992805,40.6423464],[108.7974152,40.6453382],[108.7959455,40.6484543],[108.7948854,40.6516647],[108.7942453,40.6549384],[108.7940312,40.658244],[108.7942453,40.6615496],[108.7948854,40.6648233],[108.7959455,40.6680337],[108.7974152,40.6711498],[108.7992805,40.6741416],[108.8015234,40.6769804],[108.8041222,40.6796386],[108.807052,40.6820909],[108.8102846,40.6843134],[108.8137887,40.6862849],[108.8175307,40.6879864],[108.8214745,40.6894014],[108.8255822,40.6905164],[108.8298141,40.6913206],[108.8341296,40.6918062],[108.838487,40.6919686]]]},"properties":{"name":"1708无名峰","peak_elev":1708,"radius_m":3750,"layer":"ATS峰值响应半径","rank_pct":0.2613,"center_lon":108.838487,"center_lat":40.658244,"max_mean_jut":93.9835,"max_ats":53.5698,"r_jmean_peak":2500,"r_ats_peak":3750,"r_ats_marginal":187.5,"ats_marginal_rate_max":0.03605282606449543,"ats_marginal_interval_start":125.0,"ats_marginal_interval_end":250.0,"is_expanded":false}},{"type":"Feature","geometry":{"type":"Polygon","coordinates":[[[110.309658,40.8570759],[110.3137352,40.8569244],[110.3177731,40.8564711],[110.3217328,40.8557206],[110.3255763,40.8546799],[110.3292665,40.8533593],[110.3327678,40.8517712],[110.3360466,40.8499311],[110.3390712,40.8478567],[110.3418126,40.845568],[110.3442443,40.8430869],[110.3463429,40.8404375],[110.3480882,40.8376451],[110.3494634,40.8347367],[110.3504553,40.8317404],[110.3510543,40.8286849],[110.3512546,40.8255997],[110.3510543,40.8225145],[110.3504553,40.819459],[110.3494634,40.8164626],[110.3480882,40.8135542],[110.3463429,40.8107619],[110.3442443,40.8081124],[110.3418126,40.8056313],[110.3390712,40.8033426],[110.3360466,40.8012682],[110.3327678,40.7994281],[110.3292665,40.7978401],[110.3255763,40.7965194],[110.3217328,40.7954788],[110.3177731,40.7947282],[110.3137352,40.794275],[110.309658,40.7941234],[110.3055808,40.794275],[110.3015429,40.7947282],[110.2975832,40.7954788],[110.2937397,40.7965194],[110.2900495,40.7978401],[110.2865482,40.7994281],[110.2832694,40.8012682],[110.2802448,40.8033426],[110.2775034,40.8056313],[110.2750717,40.8081124],[110.2729731,40.8107619],[110.2712278,40.8135542],[110.2698526,40.8164626],[110.2688607,40.819459],[110.2682617,40.8225145],[110.2680614,40.8255997],[110.2682617,40.8286849],[110.2688607,40.8317404],[110.2698526,40.8347367],[110.2712278,40.8376451],[110.2729731,40.8404375],[110.2750717,40.8430869],[110.2775034,40.845568],[110.2802448,40.8478567],[110.2832694,40.8499311],[110.2865482,40.8517712],[110.2900495,40.8533593],[110.2937397,40.8546799],[110.2975832,40.8557206],[110.3015429,40.8564711],[110.3055808,40.8569244],[110.309658,40.8570759]]]},"properties":{"name":"2067无名峰","peak_elev":2067,"radius_m":3500,"layer":"ATS峰值响应半径","rank_pct":0.2714,"center_lon":110.309658,"center_lat":40.82559967041016,"max_mean_jut":58.8524,"max_ats":34.6798,"r_jmean_peak":3250,"r_ats_peak":3500,"r_ats_marginal":312.5,"ats_marginal_rate_max":0.048635782666422905,"ats_marginal_interval_start":250.0,"ats_marginal_interval_end":375.0,"is_expanded":false}},{"type":"Feature","geometry":{"type":"Polygon","coordinates":[[[108.764107,40.703103],[108.7678843,40.7029622],[108.7716253,40.7025413],[108.7752938,40.7018444],[108.7788546,40.7008781],[108.7822734,40.6996518],[108.7855172,40.6981772],[108.7885548,40.6964685],[108.791357,40.6945423],[108.7938968,40.692417],[108.7961496,40.6901132],[108.7980939,40.687653],[108.7997109,40.6850601],[108.800985,40.6823594],[108.8019039,40.6795771],[108.8024588,40.6767398],[108.8026444,40.673875],[108.8024588,40.6710102],[108.8019039,40.6681729],[108.800985,40.6653906],[108.7997109,40.6626899],[108.7980939,40.660097],[108.7961496,40.6576368],[108.7938968,40.655333],[108.791357,40.6532077],[108.7885548,40.6512815],[108.7855172,40.6495728],[108.7822734,40.6480982],[108.7788546,40.6468719],[108.7752938,40.6459056],[108.7716253,40.6452087],[108.7678843,40.6447878],[108.764107,40.644647],[108.7603297,40.6447878],[108.7565887,40.6452087],[108.7529202,40.6459056],[108.7493594,40.6468719],[108.7459406,40.6480982],[108.7426968,40.6495728],[108.7396592,40.6512815],[108.736857,40.6532077],[108.7343172,40.655333],[108.7320644,40.6576368],[108.7301201,40.660097],[108.7285031,40.6626899],[108.727229,40.6653906],[108.7263101,40.6681729],[108.7257552,40.6710102],[108.7255696,40.673875],[108.7257552,40.6767398],[108.7263101,40.6795771],[108.727229,40.6823594],[108.7285031,40.6850601],[108.7301201,40.687653],[108.7320644,40.6901132],[108.7343172,40.692417],[108.736857,40.6945423],[108.7396592,40.6964685],[108.7426968,40.6981772],[108.7459406,40.6996518],[108.7493594,40.7008781],[108.7529202,40.7018444],[108.7565887,40.7025413],[108.7603297,40.7029622],[108.764107,40.703103]]]},"properties":{"name":"1556无名峰","peak_elev":1556,"radius_m":3250,"layer":"ATS峰值响应半径","rank_pct":0.2764,"center_lon":108.764107,"center_lat":40.673875,"max_mean_jut":70.2217,"max_ats":40.5725,"r_jmean_peak":2000,"r_ats_peak":3250,"r_ats_marginal":1187.5,"ats_marginal_rate_max":0.025811413607600572,"ats_marginal_interval_start":1125.0,"ats_marginal_interval_end":1250.0,"is_expanded":false}},{"type":"Feature","geometry":{"type":"Polygon","coordinates":[[[108.783645,40.697713],[108.787422,40.6975722],[108.7911627,40.6971513],[108.7948309,40.6964544],[108.7983914,40.6954881],[108.8018099,40.6942618],[108.8050535,40.6927872],[108.8080909,40.6910785],[108.8108928,40.6891523],[108.8134324,40.687027],[108.8156851,40.6847232],[108.8176292,40.682263],[108.819246,40.6796701],[108.82052,40.6769694],[108.8214388,40.6741871],[108.8219937,40.6713498],[108.8221792,40.668485],[108.8219937,40.6656202],[108.8214388,40.6627829],[108.82052,40.6600006],[108.819246,40.6572999],[108.8176292,40.654707],[108.8156851,40.6522468],[108.8134324,40.649943],[108.8108928,40.6478177],[108.8080909,40.6458915],[108.8050535,40.6441828],[108.8018099,40.6427082],[108.7983914,40.6414819],[108.7948309,40.6405156],[108.7911627,40.6398187],[108.787422,40.6393978],[108.783645,40.639257],[108.779868,40.6393978],[108.7761273,40.6398187],[108.7724591,40.6405156],[108.7688986,40.6414819],[108.7654801,40.6427082],[108.7622365,40.6441828],[108.7591991,40.6458915],[108.7563972,40.6478177],[108.7538576,40.649943],[108.7516049,40.6522468],[108.7496608,40.654707],[108.748044,40.6572999],[108.74677,40.6600006],[108.7458512,40.6627829],[108.7452963,40.6656202],[108.7451108,40.668485],[108.7452963,40.6713498],[108.7458512,40.6741871],[108.74677,40.6769694],[108.748044,40.6796701],[108.7496608,40.682263],[108.7516049,40.6847232],[108.7538576,40.687027],[108.7563972,40.6891523],[108.7591991,40.6910785],[108.7622365,40.6927872],[108.7654801,40.6942618],[108.7688986,40.6954881],[108.7724591,40.6964544],[108.7761273,40.6971513],[108.779868,40.6975722],[108.783645,40.697713]]]},"properties":{"name":"1616无名峰","peak_elev":1616,"radius_m":3250,"layer":"ATS峰值响应半径","rank_pct":0.2764,"center_lon":108.783645,"center_lat":40.668485,"max_mean_jut":85.1082,"max_ats":47.1434,"r_jmean_peak":1750,"r_ats_peak":3250,"r_ats_marginal":187.5,"ats_marginal_rate_max":0.0596187529886659,"ats_marginal_interval_start":125.0,"ats_marginal_interval_end":250.0,"is_expanded":false}},{"type":"Feature","geometry":{"type":"Polygon","coordinates":[[[108.831749,40.6880109],[108.8355254,40.6878702],[108.8392655,40.6874493],[108.8429332,40.6867524],[108.8464932,40.6857861],[108.8499112,40.6845597],[108.8531543,40.6830851],[108.8561913,40.6813765],[108.8589928,40.6794502],[108.861532,40.677325],[108.8637844,40.6750211],[108.8657282,40.6725609],[108.8673448,40.669968],[108.8686186,40.6672674],[108.8695373,40.664485],[108.8700921,40.6616478],[108.8702776,40.658783],[108.8700921,40.6559181],[108.8695373,40.6530809],[108.8686186,40.6502985],[108.8673448,40.6475979],[108.8657282,40.645005],[108.8637844,40.6425448],[108.861532,40.6402409],[108.8589928,40.6381157],[108.8561913,40.6361894],[108.8531543,40.6344808],[108.8499112,40.6330062],[108.8464932,40.6317799],[108.8429332,40.6308136],[108.8392655,40.6301166],[108.8355254,40.6296957],[108.831749,40.629555],[108.8279725,40.6296957],[108.8242324,40.6301166],[108.8205647,40.6308136],[108.8170047,40.6317799],[108.8135867,40.6330062],[108.8103436,40.6344808],[108.8073067,40.6361894],[108.8045051,40.6381157],[108.8019659,40.6402409],[108.7997136,40.6425448],[108.7977697,40.645005],[108.7961531,40.6475979],[108.7948794,40.6502985],[108.7939606,40.6530809],[108.7934058,40.6559181],[108.7932203,40.658783],[108.7934058,40.6616478],[108.7939606,40.664485],[108.7948794,40.6672674],[108.7961531,40.669968],[108.7977697,40.6725609],[108.7997136,40.6750211],[108.8019659,40.677325],[108.8045051,40.6794502],[108.8073067,40.6813765],[108.8103436,40.6830851],[108.8135867,40.6845597],[108.8170047,40.6857861],[108.8205647,40.6867524],[108.8242324,40.6874493],[108.8279725,40.6878702],[108.831749,40.6880109]]]},"properties":{"name":"1727无名峰","peak_elev":1727,"radius_m":3250,"layer":"ATS峰值响应半径","rank_pct":0.2764,"center_lon":108.83174896240234,"center_lat":40.658782958984375,"max_mean_jut":110.9143,"max_ats":60.4351,"r_jmean_peak":2000,"r_ats_peak":3250,"r_ats_marginal":937.5,"ats_marginal_rate_max":0.03741293339122816,"ats_marginal_interval_start":875.0,"ats_marginal_interval_end":1000.0,"is_expanded":false}},{"type":"Feature","geometry":{"type":"Polygon","coordinates":[[[110.665256,40.686529],[110.6690324,40.6863882],[110.6727724,40.6859673],[110.67644,40.6852704],[110.6799999,40.6843041],[110.6834179,40.6830778],[110.6866609,40.6816032],[110.6896978,40.6798945],[110.6924993,40.6779683],[110.6950384,40.675843],[110.6972907,40.6735392],[110.6992345,40.671079],[110.700851,40.6684861],[110.7021248,40.6657854],[110.7030435,40.6630031],[110.7035983,40.6601658],[110.7037838,40.657301],[110.7035983,40.6544362],[110.7030435,40.6515989],[110.7021248,40.6488166],[110.700851,40.6461159],[110.6992345,40.643523],[110.6972907,40.6410628],[110.6950384,40.638759],[110.6924993,40.6366337],[110.6896978,40.6347075],[110.6866609,40.6329988],[110.6834179,40.6315242],[110.6799999,40.6302979],[110.67644,40.6293316],[110.6727724,40.6286347],[110.6690324,40.6282138],[110.665256,40.628073],[110.6614796,40.6282138],[110.6577396,40.6286347],[110.654072,40.6293316],[110.6505121,40.6302979],[110.6470941,40.6315242],[110.6438511,40.6329988],[110.6408142,40.6347075],[110.6380127,40.6366337],[110.6354736,40.638759],[110.6332213,40.6410628],[110.6312775,40.643523],[110.629661,40.6461159],[110.6283872,40.6488166],[110.6274685,40.6515989],[110.6269137,40.6544362],[110.6267282,40.657301],[110.6269137,40.6601658],[110.6274685,40.6630031],[110.6283872,40.6657854],[110.629661,40.6684861],[110.6312775,40.671079],[110.6332213,40.6735392],[110.6354736,40.675843],[110.6380127,40.6779683],[110.6408142,40.6798945],[110.6438511,40.6816032],[110.6470941,40.6830778],[110.6505121,40.6843041],[110.654072,40.6852704],[110.6577396,40.6859673],[110.6614796,40.6863882],[110.665256,40.686529]]]},"properties":{"name":"2050无名峰","peak_elev":2041,"radius_m":3250,"layer":"ATS峰值响应半径","rank_pct":0.2764,"center_lon":110.665256,"center_lat":40.657301,"max_mean_jut":87.4899,"max_ats":36.4987,"r_jmean_peak":3000,"r_ats_peak":3250,"r_ats_marginal":187.5,"ats_marginal_rate_max":0.06698628519006787,"ats_marginal_interval_start":125.0,"ats_marginal_interval_end":250.0,"is_expanded":false}},{"type":"Feature","geometry":{"type":"Polygon","coordinates":[[[110.748261,40.853076],[110.7520469,40.8529352],[110.7557962,40.8525143],[110.7594731,40.8518174],[110.7630419,40.8508511],[110.7664684,40.8496248],[110.7697196,40.8481502],[110.772764,40.8464415],[110.7755726,40.8445153],[110.778118,40.84239],[110.780376,40.8400862],[110.7823247,40.837626],[110.7839453,40.8350331],[110.7852222,40.8323324],[110.7861432,40.8295501],[110.7866994,40.8267128],[110.7868854,40.823848],[110.7866994,40.8209832],[110.7861432,40.8181459],[110.7852222,40.8153636],[110.7839453,40.8126629],[110.7823247,40.81007],[110.780376,40.8076098],[110.778118,40.805306],[110.7755726,40.8031807],[110.772764,40.8012545],[110.7697196,40.7995458],[110.7664684,40.7980712],[110.7630419,40.7968449],[110.7594731,40.7958786],[110.7557962,40.7951817],[110.7520469,40.7947608],[110.748261,40.79462],[110.7444751,40.7947608],[110.7407258,40.7951817],[110.7370489,40.7958786],[110.7334801,40.7968449],[110.7300536,40.7980712],[110.7268024,40.7995458],[110.723758,40.8012545],[110.7209494,40.8031807],[110.718404,40.805306],[110.716146,40.8076098],[110.7141973,40.81007],[110.7125767,40.8126629],[110.7112998,40.8153636],[110.7103788,40.8181459],[110.7098226,40.8209832],[110.7096366,40.823848],[110.7098226,40.8267128],[110.7103788,40.8295501],[110.7112998,40.8323324],[110.7125767,40.8350331],[110.7141973,40.837626],[110.716146,40.8400862],[110.718404,40.84239],[110.7209494,40.8445153],[110.723758,40.8464415],[110.7268024,40.8481502],[110.7300536,40.8496248],[110.7334801,40.8508511],[110.7370489,40.8518174],[110.7407258,40.8525143],[110.7444751,40.8529352],[110.748261,40.853076]]]},"properties":{"name":"2264无名峰","peak_elev":2267,"radius_m":3250,"layer":"ATS峰值响应半径","rank_pct":0.2764,"center_lon":110.748261,"center_lat":40.823848,"max_mean_jut":54.9204,"max_ats":28.4704,"r_jmean_peak":2500,"r_ats_peak":3250,"r_ats_marginal":312.5,"ats_marginal_rate_max":0.02242056908643094,"ats_marginal_interval_start":250.0,"ats_marginal_interval_end":375.0,"is_expanded":false}},{"type":"Feature","geometry":{"type":"Polygon","coordinates":[[[110.984877,40.9134856],[110.9883749,40.9133557],[110.9918392,40.9129672],[110.9952364,40.9123239],[110.9985338,40.9114319],[111.0016997,40.9102999],[111.0047036,40.9089388],[111.0075166,40.9073616],[111.0101115,40.9055835],[111.0124634,40.9036217],[111.0145497,40.9014951],[111.0163501,40.8992241],[111.0178475,40.8968307],[111.0190273,40.8943378],[111.0198783,40.8917695],[111.0203922,40.8891505],[111.020564,40.886506],[111.0203922,40.8838615],[111.0198783,40.8812425],[111.0190273,40.8786742],[111.0178475,40.8761813],[111.0163501,40.8737879],[111.0145497,40.8715169],[111.0124634,40.8693903],[111.0101115,40.8674285],[111.0075166,40.8656504],[111.0047036,40.8640732],[111.0016997,40.8627121],[110.9985338,40.8615801],[110.9952364,40.8606881],[110.9918392,40.8600448],[110.9883749,40.8596563],[110.984877,40.8595264],[110.9813791,40.8596563],[110.9779148,40.8600448],[110.9745176,40.8606881],[110.9712202,40.8615801],[110.9680543,40.8627121],[110.9650504,40.8640732],[110.9622374,40.8656504],[110.9596425,40.8674285],[110.9572906,40.8693903],[110.9552043,40.8715169],[110.9534039,40.8737879],[110.9519065,40.8761813],[110.9507267,40.8786742],[110.9498757,40.8812425],[110.9493618,40.8838615],[110.94919,40.886506],[110.9493618,40.8891505],[110.9498757,40.8917695],[110.9507267,40.8943378],[110.9519065,40.8968307],[110.9534039,40.8992241],[110.9552043,40.9014951],[110.9572906,40.9036217],[110.9596425,40.9055835],[110.9622374,40.9073616],[110.9650504,40.9089388],[110.9680543,40.9102999],[110.9712202,40.9114319],[110.9745176,40.9123239],[110.9779148,40.9129672],[110.9813791,40.9133557],[110.984877,40.9134856]]]},"properties":{"name":"1977无名峰","peak_elev":1977,"radius_m":3000,"layer":"ATS峰值响应半径","rank_pct":0.3015,"center_lon":110.984877,"center_lat":40.886506,"max_mean_jut":74.5522,"max_ats":47.692,"r_jmean_peak":3000,"r_ats_peak":3000,"r_ats_marginal":312.5,"ats_marginal_rate_max":0.06905725190482741,"ats_marginal_interval_start":250.0,"ats_marginal_interval_end":375.0,"is_expanded":false}},{"type":"Feature","geometry":{"type":"Polygon","coordinates":[[[110.600713,40.7043576],[110.6041999,40.7042277],[110.6076533,40.7038392],[110.6110398,40.7031959],[110.6143269,40.7023039],[110.6174829,40.7011719],[110.6204773,40.6998108],[110.6232814,40.6982336],[110.6258682,40.6964555],[110.6282127,40.6944937],[110.6302924,40.6923671],[110.6320872,40.6900961],[110.6335798,40.6877027],[110.634756,40.6852098],[110.6356043,40.6826415],[110.6361165,40.6800225],[110.6362878,40.677378],[110.6361165,40.6747335],[110.6356043,40.6721145],[110.634756,40.6695462],[110.6335798,40.6670533],[110.6320872,40.6646599],[110.6302924,40.6623889],[110.6282127,40.6602623],[110.6258682,40.6583005],[110.6232814,40.6565224],[110.6204773,40.6549452],[110.6174829,40.6535841],[110.6143269,40.6524521],[110.6110398,40.6515601],[110.6076533,40.6509168],[110.6041999,40.6505283],[110.600713,40.6503984],[110.5972261,40.6505283],[110.5937727,40.6509168],[110.5903862,40.6515601],[110.5870991,40.6524521],[110.5839431,40.6535841],[110.5809487,40.6549452],[110.5781446,40.6565224],[110.5755578,40.6583005],[110.5732133,40.6602623],[110.5711336,40.6623889],[110.5693388,40.6646599],[110.5678462,40.6670533],[110.56667,40.6695462],[110.5658217,40.6721145],[110.5653095,40.6747335],[110.5651382,40.677378],[110.5653095,40.6800225],[110.5658217,40.6826415],[110.56667,40.6852098],[110.5678462,40.6877027],[110.5693388,40.6900961],[110.5711336,40.6923671],[110.5732133,40.6944937],[110.5755578,40.6964555],[110.5781446,40.6982336],[110.5809487,40.6998108],[110.5839431,40.7011719],[110.5870991,40.7023039],[110.5903862,40.7031959],[110.5937727,40.7038392],[110.5972261,40.7042277],[110.600713,40.7043576]]]},"properties":{"name":"2228无名峰","peak_elev":2228,"radius_m":3000,"layer":"ATS峰值响应半径","rank_pct":0.3015,"center_lon":110.600713,"center_lat":40.677378,"max_mean_jut":110.7659,"max_ats":67.815,"r_jmean_peak":2750,"r_ats_peak":3000,"r_ats_marginal":187.5,"ats_marginal_rate_max":0.06730972871411482,"ats_marginal_interval_start":125.0,"ats_marginal_interval_end":250.0,"is_expanded":false}},{"type":"Feature","geometry":{"type":"Polygon","coordinates":[[[110.554629,40.7021093],[110.5578254,40.7019903],[110.5609909,40.7016341],[110.5640953,40.7010444],[110.5671084,40.7002268],[110.5700014,40.6991891],[110.5727463,40.6979414],[110.5753167,40.6964956],[110.5776879,40.6948657],[110.5798371,40.6930674],[110.5817434,40.691118],[110.5833887,40.6890363],[110.5847569,40.6868423],[110.5858351,40.6845571],[110.5866127,40.6822028],[110.5870822,40.6798021],[110.5872392,40.677378],[110.5870822,40.6749539],[110.5866127,40.6725532],[110.5858351,40.6701989],[110.5847569,40.6679137],[110.5833887,40.6657197],[110.5817434,40.663638],[110.5798371,40.6616886],[110.5776879,40.6598903],[110.5753167,40.6582604],[110.5727463,40.6568146],[110.5700014,40.6555669],[110.5671084,40.6545292],[110.5640953,40.6537116],[110.5609909,40.6531219],[110.5578254,40.6527657],[110.554629,40.6526467],[110.5514326,40.6527657],[110.5482671,40.6531219],[110.5451627,40.6537116],[110.5421496,40.6545292],[110.5392566,40.6555669],[110.5365117,40.6568146],[110.5339413,40.6582604],[110.5315701,40.6598903],[110.5294209,40.6616886],[110.5275146,40.663638],[110.5258693,40.6657197],[110.5245011,40.6679137],[110.5234229,40.6701989],[110.5226453,40.6725532],[110.5221758,40.6749539],[110.5220188,40.677378],[110.5221758,40.6798021],[110.5226453,40.6822028],[110.5234229,40.6845571],[110.5245011,40.6868423],[110.5258693,40.6890363],[110.5275146,40.691118],[110.5294209,40.6930674],[110.5315701,40.6948657],[110.5339413,40.6964956],[110.5365117,40.6979414],[110.5392566,40.6991891],[110.5421496,40.7002268],[110.5451627,40.7010444],[110.5482671,40.7016341],[110.5514326,40.7019903],[110.554629,40.7021093]]]},"properties":{"name":"2012无名峰","peak_elev":2012,"radius_m":2750,"layer":"ATS峰值响应半径","rank_pct":0.3116,"center_lon":110.554629,"center_lat":40.677378,"max_mean_jut":76.2704,"max_ats":42.447,"r_jmean_peak":2750,"r_ats_peak":2750,"r_ats_marginal":187.5,"ats_marginal_rate_max":0.06799393208817411,"ats_marginal_interval_start":125.0,"ats_marginal_interval_end":250.0,"is_expanded":false}},{"type":"Feature","geometry":{"type":"Polygon","coordinates":[[[109.399036,40.6921383],[109.4022319,40.6920193],[109.405397,40.6916631],[109.4085008,40.6910734],[109.4115135,40.6902558],[109.4144061,40.6892181],[109.4171506,40.6879704],[109.4197206,40.6865246],[109.4220915,40.6848947],[109.4242403,40.6830964],[109.4261464,40.681147],[109.4277914,40.6790653],[109.4291594,40.6768713],[109.4302374,40.6745861],[109.4310149,40.6722318],[109.4314844,40.6698311],[109.4316414,40.667407],[109.4314844,40.6649829],[109.4310149,40.6625822],[109.4302374,40.6602279],[109.4291594,40.6579427],[109.4277914,40.6557487],[109.4261464,40.653667],[109.4242403,40.6517176],[109.4220915,40.6499193],[109.4197206,40.6482894],[109.4171506,40.6468436],[109.4144061,40.6455959],[109.4115135,40.6445582],[109.4085008,40.6437406],[109.405397,40.6431509],[109.4022319,40.6427947],[109.399036,40.6426757],[109.3958401,40.6427947],[109.392675,40.6431509],[109.3895712,40.6437406],[109.3865585,40.6445582],[109.3836659,40.6455959],[109.3809214,40.6468436],[109.3783514,40.6482894],[109.3759805,40.6499193],[109.3738317,40.6517176],[109.3719256,40.653667],[109.3702806,40.6557487],[109.3689126,40.6579427],[109.3678346,40.6602279],[109.3670571,40.6625822],[109.3665876,40.6649829],[109.3664306,40.667407],[109.3665876,40.6698311],[109.3670571,40.6722318],[109.3678346,40.6745861],[109.3689126,40.6768713],[109.3702806,40.6790653],[109.3719256,40.681147],[109.3738317,40.6830964],[109.3759805,40.6848947],[109.3783514,40.6865246],[109.3809214,40.6879704],[109.3836659,40.6892181],[109.3865585,40.6902558],[109.3895712,40.6910734],[109.392675,40.6916631],[109.3958401,40.6920193],[109.399036,40.6921383]]]},"properties":{"name":"2029无名峰","peak_elev":2029,"radius_m":2750,"layer":"ATS峰值响应半径","rank_pct":0.3116,"center_lon":109.399036,"center_lat":40.667407,"max_mean_jut":136.9703,"max_ats":68.6814,"r_jmean_peak":3000,"r_ats_peak":2750,"r_ats_marginal":187.5,"ats_marginal_rate_max":0.11555891292118871,"ats_marginal_interval_start":125.0,"ats_marginal_interval_end":250.0,"is_expanded":false}},{"type":"Feature","geometry":{"type":"Polygon","coordinates":[[[110.610684,40.6988753],[110.6138802,40.6987563],[110.6170456,40.6984001],[110.6201498,40.6978104],[110.6231628,40.6969928],[110.6260556,40.6959551],[110.6288004,40.6947074],[110.6313707,40.6932616],[110.6337418,40.6916317],[110.6358908,40.6898334],[110.6377971,40.687884],[110.6394423,40.6858023],[110.6408105,40.6836083],[110.6418885,40.6813231],[110.6426661,40.6789688],[110.6431356,40.6765681],[110.6432927,40.674144],[110.6431356,40.6717199],[110.6426661,40.6693192],[110.6418885,40.6669649],[110.6408105,40.6646797],[110.6394423,40.6624857],[110.6377971,40.660404],[110.6358908,40.6584546],[110.6337418,40.6566563],[110.6313707,40.6550264],[110.6288004,40.6535806],[110.6260556,40.6523329],[110.6231628,40.6512952],[110.6201498,40.6504776],[110.6170456,40.6498879],[110.6138802,40.6495317],[110.610684,40.6494127],[110.6074878,40.6495317],[110.6043224,40.6498879],[110.6012182,40.6504776],[110.5982052,40.6512952],[110.5953124,40.6523329],[110.5925676,40.6535806],[110.5899973,40.6550264],[110.5876262,40.6566563],[110.5854772,40.6584546],[110.5835709,40.660404],[110.5819257,40.6624857],[110.5805575,40.6646797],[110.5794795,40.6669649],[110.5787019,40.6693192],[110.5782324,40.6717199],[110.5780753,40.674144],[110.5782324,40.6765681],[110.5787019,40.6789688],[110.5794795,40.6813231],[110.5805575,40.6836083],[110.5819257,40.6858023],[110.5835709,40.687884],[110.5854772,40.6898334],[110.5876262,40.6916317],[110.5899973,40.6932616],[110.5925676,40.6947074],[110.5953124,40.6959551],[110.5982052,40.6969928],[110.6012182,40.6978104],[110.6043224,40.6984001],[110.6074878,40.6987563],[110.610684,40.6988753]]]},"properties":{"name":"2253无名峰","peak_elev":2253,"radius_m":2750,"layer":"ATS峰值响应半径","rank_pct":0.3116,"center_lon":110.610684,"center_lat":40.674144,"max_mean_jut":112.8095,"max_ats":66.5581,"r_jmean_peak":2500,"r_ats_peak":2750,"r_ats_marginal":437.5,"ats_marginal_rate_max":0.047651966434912256,"ats_marginal_interval_start":375.0,"ats_marginal_interval_end":500.0,"is_expanded":false}},{"type":"Feature","geometry":{"type":"Polygon","coordinates":[[[110.701234,40.6440765],[110.7041374,40.6439683],[110.7070128,40.6436445],[110.7098325,40.6431084],[110.7125694,40.6423651],[110.7151972,40.6414217],[110.7176905,40.6402874],[110.7200253,40.6389731],[110.7221791,40.6374914],[110.7241313,40.6358566],[110.7258629,40.6340844],[110.7273573,40.6321919],[110.7286002,40.6301974],[110.7295794,40.62812],[110.7302858,40.6259797],[110.7307123,40.6237972],[110.7308549,40.6215935],[110.7307123,40.6193898],[110.7302858,40.6172073],[110.7295794,40.615067],[110.7286002,40.6129896],[110.7273573,40.610995],[110.7258629,40.6091026],[110.7241313,40.6073304],[110.7221791,40.6056956],[110.7200253,40.6042139],[110.7176905,40.6028995],[110.7151972,40.6017652],[110.7125694,40.6008219],[110.7098325,40.6000785],[110.7070128,40.5995424],[110.7041374,40.5992187],[110.701234,40.5991104],[110.6983306,40.5992187],[110.6954552,40.5995424],[110.6926355,40.6000785],[110.6898986,40.6008219],[110.6872708,40.6017652],[110.6847775,40.6028995],[110.6824427,40.6042139],[110.6802889,40.6056956],[110.6783367,40.6073304],[110.6766051,40.6091026],[110.6751107,40.610995],[110.6738678,40.6129896],[110.6728886,40.615067],[110.6721822,40.6172073],[110.6717557,40.6193898],[110.6716131,40.6215935],[110.6717557,40.6237972],[110.6721822,40.6259797],[110.6728886,40.62812],[110.6738678,40.6301974],[110.6751107,40.6321919],[110.6766051,40.6340844],[110.6783367,40.6358566],[110.6802889,40.6374914],[110.6824427,40.6389731],[110.6847775,40.6402874],[110.6872708,40.6414217],[110.6898986,40.6423651],[110.6926355,40.6431084],[110.6954552,40.6436445],[110.6983306,40.6439683],[110.701234,40.6440765]]]},"properties":{"name":"1670无名峰(2)","peak_elev":1670,"radius_m":2500,"layer":"ATS峰值响应半径","rank_pct":0.3266,"center_lon":110.701234,"center_lat":40.6215934753418,"max_mean_jut":112.0908,"max_ats":50.3659,"r_jmean_peak":875,"r_ats_peak":2500,"r_ats_marginal":187.5,"ats_marginal_rate_max":0.10350971222907074,"ats_marginal_interval_start":125.0,"ats_marginal_interval_end":250.0,"is_expanded":false}},{"type":"Feature","geometry":{"type":"Polygon","coordinates":[[[110.525793,40.6637489],[110.5286972,40.6636406],[110.5315735,40.6633169],[110.534394,40.6627808],[110.5371318,40.6620375],[110.5397603,40.6610941],[110.5422543,40.6599598],[110.5445898,40.6586455],[110.5467443,40.6571638],[110.548697,40.655529],[110.5504291,40.6537568],[110.551924,40.6518643],[110.5531672,40.6498698],[110.5541468,40.6477924],[110.5548533,40.6456521],[110.55528,40.6434696],[110.5554226,40.6412659],[110.55528,40.6390621],[110.5548533,40.6368796],[110.5541468,40.6347394],[110.5531672,40.632662],[110.551924,40.6306674],[110.5504291,40.628775],[110.548697,40.6270028],[110.5467443,40.625368],[110.5445898,40.6238862],[110.5422543,40.6225719],[110.5397603,40.6214376],[110.5371318,40.6204942],[110.534394,40.6197509],[110.5315735,40.6192148],[110.5286972,40.6188911],[110.525793,40.6187828],[110.5228888,40.6188911],[110.5200125,40.6192148],[110.517192,40.6197509],[110.5144542,40.6204942],[110.5118257,40.6214376],[110.5093317,40.6225719],[110.5069962,40.6238862],[110.5048417,40.625368],[110.502889,40.6270028],[110.5011569,40.628775],[110.499662,40.6306674],[110.4984188,40.632662],[110.4974392,40.6347394],[110.4967327,40.6368796],[110.496306,40.6390621],[110.4961634,40.6412659],[110.496306,40.6434696],[110.4967327,40.6456521],[110.4974392,40.6477924],[110.4984188,40.6498698],[110.499662,40.6518643],[110.5011569,40.6537568],[110.502889,40.655529],[110.5048417,40.6571638],[110.5069962,40.6586455],[110.5093317,40.6599598],[110.5118257,40.6610941],[110.5144542,40.6620375],[110.517192,40.6627808],[110.5200125,40.6633169],[110.5228888,40.6636406],[110.525793,40.6637489]]]},"properties":{"name":"1755无名峰","peak_elev":1755,"radius_m":2500,"layer":"ATS峰值响应半径","rank_pct":0.3266,"center_lon":110.525793,"center_lat":40.64126586914063,"max_mean_jut":102.4033,"max_ats":55.3233,"r_jmean_peak":1875,"r_ats_peak":2500,"r_ats_marginal":312.5,"ats_marginal_rate_max":0.1224726082163941,"ats_marginal_interval_start":250.0,"ats_marginal_interval_end":375.0,"is_expanded":false}},{"type":"Feature","geometry":{"type":"Polygon","coordinates":[[[110.5594788,40.702286],[110.5623847,40.7021778],[110.5652626,40.701854],[110.5680848,40.7013179],[110.5708241,40.7005746],[110.5734541,40.6996313],[110.5759496,40.698497],[110.5782865,40.6971826],[110.5804422,40.6957009],[110.582396,40.6940661],[110.5841291,40.6922939],[110.5856249,40.6904014],[110.5868688,40.6884069],[110.5878489,40.6863295],[110.5885559,40.6841892],[110.5889828,40.6820067],[110.5891255,40.679803],[110.5889828,40.6775993],[110.5885559,40.6754168],[110.5878489,40.6732765],[110.5868688,40.6711991],[110.5856249,40.6692046],[110.5841291,40.6673121],[110.582396,40.6655399],[110.5804422,40.6639051],[110.5782865,40.6624234],[110.5759496,40.661109],[110.5734541,40.6599747],[110.5708241,40.6590314],[110.5680848,40.6582881],[110.5652626,40.657752],[110.5623847,40.6574282],[110.5594788,40.65732],[110.5565729,40.6574282],[110.553695,40.657752],[110.5508728,40.6582881],[110.5481334,40.6590314],[110.5455034,40.6599747],[110.5430079,40.661109],[110.5406711,40.6624234],[110.5385153,40.6639051],[110.5365615,40.6655399],[110.5348284,40.6673121],[110.5333327,40.6692046],[110.5320887,40.6711991],[110.5311086,40.6732765],[110.5304017,40.6754168],[110.5299748,40.6775993],[110.529832,40.679803],[110.5299748,40.6820067],[110.5304017,40.6841892],[110.5311086,40.6863295],[110.5320887,40.6884069],[110.5333327,40.6904014],[110.5348284,40.6922939],[110.5365615,40.6940661],[110.5385153,40.6957009],[110.5406711,40.6971826],[110.5430079,40.698497],[110.5455034,40.6996313],[110.5481334,40.7005746],[110.5508728,40.7013179],[110.553695,40.701854],[110.5565729,40.7021778],[110.5594788,40.702286]]]},"properties":{"name":"2009无名峰","peak_elev":2009,"radius_m":2500,"layer":"ATS峰值响应半径","rank_pct":0.3266,"center_lon":110.55947875976562,"center_lat":40.679803,"max_mean_jut":70.2025,"max_ats":39.2725,"r_jmean_peak":2250,"r_ats_peak":2500,"r_ats_marginal":187.5,"ats_marginal_rate_max":0.06828265411848425,"ats_marginal_interval_start":125.0,"ats_marginal_interval_end":250.0,"is_expanded":false}},{"type":"Feature","geometry":{"type":"Polygon","coordinates":[[[109.0476151,40.720612],[109.0505217,40.7205038],[109.0534004,40.72018],[109.0562234,40.7196439],[109.0589635,40.7189006],[109.0615943,40.7179573],[109.0640904,40.716823],[109.0664279,40.7155086],[109.0685842,40.7140269],[109.0705386,40.7123921],[109.0722722,40.7106199],[109.0737684,40.7087274],[109.0750126,40.7067329],[109.075993,40.7046555],[109.0767002,40.7025152],[109.0771272,40.7003327],[109.07727,40.698129],[109.0771272,40.6959253],[109.0767002,40.6937428],[109.075993,40.6916025],[109.0750126,40.6895251],[109.0737684,40.6875306],[109.0722722,40.6856381],[109.0705386,40.6838659],[109.0685842,40.6822311],[109.0664279,40.6807494],[109.0640904,40.679435],[109.0615943,40.6783007],[109.0589635,40.6773574],[109.0562234,40.6766141],[109.0534004,40.676078],[109.0505217,40.6757542],[109.0476151,40.675646],[109.0447084,40.6757542],[109.0418297,40.676078],[109.0390067,40.6766141],[109.0362666,40.6773574],[109.0336358,40.6783007],[109.0311397,40.679435],[109.0288022,40.6807494],[109.0266459,40.6822311],[109.0246915,40.6838659],[109.0229579,40.6856381],[109.0214618,40.6875306],[109.0202175,40.6895251],[109.0192371,40.6916025],[109.0185299,40.6937428],[109.0181029,40.6959253],[109.0179601,40.698129],[109.0181029,40.7003327],[109.0185299,40.7025152],[109.0192371,40.7046555],[109.0202175,40.7067329],[109.0214618,40.7087274],[109.0229579,40.7106199],[109.0246915,40.7123921],[109.0266459,40.7140269],[109.0288022,40.7155086],[109.0311397,40.716823],[109.0336358,40.7179573],[109.0362666,40.7189006],[109.0390067,40.7196439],[109.0418297,40.72018],[109.0447084,40.7205038],[109.0476151,40.720612]]]},"properties":{"name":"2126无名峰","peak_elev":2126,"radius_m":2500,"layer":"ATS峰值响应半径","rank_pct":0.3266,"center_lon":109.04761505126952,"center_lat":40.698129,"max_mean_jut":109.7003,"max_ats":53.8627,"r_jmean_peak":2250,"r_ats_peak":2500,"r_ats_marginal":1312.5,"ats_marginal_rate_max":0.04346118666296093,"ats_marginal_interval_start":1250.0,"ats_marginal_interval_end":1375.0,"is_expanded":false}},{"type":"Feature","geometry":{"type":"Polygon","coordinates":[[[109.257552,40.7400162],[109.2604595,40.7399079],[109.2633391,40.7395841],[109.2661629,40.739048],[109.2689038,40.7383047],[109.2715353,40.7373614],[109.2740322,40.7362271],[109.2763704,40.7349127],[109.2785273,40.733431],[109.2804822,40.7317962],[109.2822163,40.730024],[109.2837129,40.7281315],[109.2849576,40.726137],[109.2859383,40.7240596],[109.2866456,40.7219193],[109.2870727,40.7197368],[109.2872156,40.7175331],[109.2870727,40.7153294],[109.2866456,40.7131469],[109.2859383,40.7110066],[109.2849576,40.7089292],[109.2837129,40.7069347],[109.2822163,40.7050422],[109.2804822,40.70327],[109.2785273,40.7016352],[109.2763704,40.7001535],[109.2740322,40.6988391],[109.2715353,40.6977048],[109.2689038,40.6967615],[109.2661629,40.6960182],[109.2633391,40.6954821],[109.2604595,40.6951583],[109.257552,40.6950501],[109.2546445,40.6951583],[109.2517649,40.6954821],[109.2489411,40.6960182],[109.2462002,40.6967615],[109.2435687,40.6977048],[109.2410718,40.6988391],[109.2387336,40.7001535],[109.2365767,40.7016352],[109.2346218,40.70327],[109.2328877,40.7050422],[109.2313911,40.7069347],[109.2301464,40.7089292],[109.2291657,40.7110066],[109.2284584,40.7131469],[109.2280313,40.7153294],[109.2278884,40.7175331],[109.2280313,40.7197368],[109.2284584,40.7219193],[109.2291657,40.7240596],[109.2301464,40.726137],[109.2313911,40.7281315],[109.2328877,40.730024],[109.2346218,40.7317962],[109.2365767,40.733431],[109.2387336,40.7349127],[109.2410718,40.7362271],[109.2435687,40.7373614],[109.2462002,40.7383047],[109.2489411,40.739048],[109.2517649,40.7395841],[109.2546445,40.7399079],[109.257552,40.7400162]]]},"properties":{"name":"2137无名峰(1)","peak_elev":2137,"radius_m":2500,"layer":"ATS峰值响应半径","rank_pct":0.3266,"center_lon":109.257552,"center_lat":40.717533111572266,"max_mean_jut":94.0124,"max_ats":46.3711,"r_jmean_peak":2250,"r_ats_peak":2500,"r_ats_marginal":187.5,"ats_marginal_rate_max":0.04013104883274511,"ats_marginal_interval_start":125.0,"ats_marginal_interval_end":250.0,"is_expanded":false}},{"type":"Feature","geometry":{"type":"Polygon","coordinates":[[[110.829783,40.721151],[110.8326897,40.7210428],[110.8355684,40.720719],[110.8383914,40.7201829],[110.8411315,40.7194396],[110.8437623,40.7184963],[110.8462585,40.717362],[110.848596,40.7160476],[110.8507524,40.7145659],[110.8527067,40.7129311],[110.8544404,40.7111589],[110.8559365,40.7092664],[110.8571808,40.7072719],[110.8581612,40.7051945],[110.8588683,40.7030542],[110.8592954,40.7008717],[110.8594382,40.698668],[110.8592954,40.6964643],[110.8588683,40.6942818],[110.8581612,40.6921415],[110.8571808,40.6900641],[110.8559365,40.6880696],[110.8544404,40.6861771],[110.8527067,40.6844049],[110.8507524,40.6827701],[110.848596,40.6812884],[110.8462585,40.679974],[110.8437623,40.6788397],[110.8411315,40.6778964],[110.8383914,40.6771531],[110.8355684,40.676617],[110.8326897,40.6762932],[110.829783,40.676185],[110.8268763,40.6762932],[110.8239976,40.676617],[110.8211746,40.6771531],[110.8184345,40.6778964],[110.8158037,40.6788397],[110.8133075,40.679974],[110.81097,40.6812884],[110.8088136,40.6827701],[110.8068593,40.6844049],[110.8051256,40.6861771],[110.8036295,40.6880696],[110.8023852,40.6900641],[110.8014048,40.6921415],[110.8006977,40.6942818],[110.8002706,40.6964643],[110.8001278,40.698668],[110.8002706,40.7008717],[110.8006977,40.7030542],[110.8014048,40.7051945],[110.8023852,40.7072719],[110.8036295,40.7092664],[110.8051256,40.7111589],[110.8068593,40.7129311],[110.8088136,40.7145659],[110.81097,40.7160476],[110.8133075,40.717362],[110.8158037,40.7184963],[110.8184345,40.7194396],[110.8211746,40.7201829],[110.8239976,40.720719],[110.8268763,40.7210428],[110.829783,40.721151]]]},"properties":{"name":"2226无名峰","peak_elev":2226,"radius_m":2500,"layer":"ATS峰值响应半径","rank_pct":0.3266,"center_lon":110.829783,"center_lat":40.698668,"max_mean_jut":111.9309,"max_ats":49.701,"r_jmean_peak":3000,"r_ats_peak":2500,"r_ats_marginal":187.5,"ats_marginal_rate_max":0.05779264630547015,"ats_marginal_interval_start":125.0,"ats_marginal_interval_end":250.0,"is_expanded":false}},{"type":"Feature","geometry":{"type":"Polygon","coordinates":[[[110.972076,40.7625607],[110.9746938,40.7624633],[110.9772863,40.7621719],[110.9798287,40.7616894],[110.9822964,40.7610205],[110.9846657,40.7601714],[110.9869137,40.7591506],[110.9890188,40.7579677],[110.9909608,40.7566341],[110.9927209,40.7551628],[110.9942822,40.7535678],[110.9956296,40.7518646],[110.9967502,40.7500695],[110.9976331,40.7481998],[110.99827,40.7462736],[110.9986545,40.7443094],[110.9987831,40.742326],[110.9986545,40.7403426],[110.99827,40.7383784],[110.9976331,40.7364522],[110.9967502,40.7345825],[110.9956296,40.7327874],[110.9942822,40.7310842],[110.9927209,40.7294892],[110.9909608,40.7280179],[110.9890188,40.7266843],[110.9869137,40.7255014],[110.9846657,40.7244806],[110.9822964,40.7236315],[110.9798287,40.7229626],[110.9772863,40.7224801],[110.9746938,40.7221887],[110.972076,40.7220913],[110.9694582,40.7221887],[110.9668657,40.7224801],[110.9643233,40.7229626],[110.9618556,40.7236315],[110.9594863,40.7244806],[110.9572383,40.7255014],[110.9551332,40.7266843],[110.9531912,40.7280179],[110.9514311,40.7294892],[110.9498698,40.7310842],[110.9485224,40.7327874],[110.9474018,40.7345825],[110.9465189,40.7364522],[110.945882,40.7383784],[110.9454975,40.7403426],[110.9453689,40.742326],[110.9454975,40.7443094],[110.945882,40.7462736],[110.9465189,40.7481998],[110.9474018,40.7500695],[110.9485224,40.7518646],[110.9498698,40.7535678],[110.9514311,40.7551628],[110.9531912,40.7566341],[110.9551332,40.7579677],[110.9572383,40.7591506],[110.9594863,40.7601714],[110.9618556,40.7610205],[110.9643233,40.7616894],[110.9668657,40.7621719],[110.9694582,40.7624633],[110.972076,40.7625607]]]},"properties":{"name":"1734无名峰","peak_elev":1734,"radius_m":2250,"layer":"ATS峰值响应半径","rank_pct":0.3568,"center_lon":110.972076,"center_lat":40.742326,"max_mean_jut":82.092,"max_ats":47.6624,"r_jmean_peak":2000,"r_ats_peak":2250,"r_ats_marginal":187.5,"ats_marginal_rate_max":0.06451981871462532,"ats_marginal_interval_start":125.0,"ats_marginal_interval_end":250.0,"is_expanded":false}},{"type":"Feature","geometry":{"type":"Polygon","coordinates":[[[109.198263,40.7097397],[109.2008787,40.7096423],[109.2034692,40.7093509],[109.2060095,40.7088684],[109.2084753,40.7081995],[109.2108427,40.7073504],[109.2130889,40.7063296],[109.2151924,40.7051467],[109.2171328,40.7038131],[109.2188915,40.7023418],[109.2204516,40.7007468],[109.2217979,40.6990436],[109.2229176,40.6972485],[109.2237999,40.6953788],[109.2244362,40.6934526],[109.2248205,40.6914884],[109.224949,40.689505],[109.2248205,40.6875216],[109.2244362,40.6855574],[109.2237999,40.6836312],[109.2229176,40.6817615],[109.2217979,40.6799664],[109.2204516,40.6782632],[109.2188915,40.6766682],[109.2171328,40.6751969],[109.2151924,40.6738633],[109.2130889,40.6726804],[109.2108427,40.6716596],[109.2084753,40.6708105],[109.2060095,40.6701416],[109.2034692,40.6696591],[109.2008787,40.6693677],[109.198263,40.6692703],[109.1956473,40.6693677],[109.1930568,40.6696591],[109.1905165,40.6701416],[109.1880507,40.6708105],[109.1856833,40.6716596],[109.1834371,40.6726804],[109.1813336,40.6738633],[109.1793932,40.6751969],[109.1776345,40.6766682],[109.1760744,40.6782632],[109.1747281,40.6799664],[109.1736084,40.6817615],[109.1727261,40.6836312],[109.1720898,40.6855574],[109.1717055,40.6875216],[109.171577,40.689505],[109.1717055,40.6914884],[109.1720898,40.6934526],[109.1727261,40.6953788],[109.1736084,40.6972485],[109.1747281,40.6990436],[109.1760744,40.7007468],[109.1776345,40.7023418],[109.1793932,40.7038131],[109.1813336,40.7051467],[109.1834371,40.7063296],[109.1856833,40.7073504],[109.1880507,40.7081995],[109.1905165,40.7088684],[109.1930568,40.7093509],[109.1956473,40.7096423],[109.198263,40.7097397]]]},"properties":{"name":"1870无名峰","peak_elev":1870,"radius_m":2250,"layer":"ATS峰值响应半径","rank_pct":0.3568,"center_lon":109.198263,"center_lat":40.689505,"max_mean_jut":84.2867,"max_ats":35.3094,"r_jmean_peak":2500,"r_ats_peak":2250,"r_ats_marginal":187.5,"ats_marginal_rate_max":0.0889060508222033,"ats_marginal_interval_start":125.0,"ats_marginal_interval_end":250.0,"is_expanded":false}},{"type":"Feature","geometry":{"type":"Polygon","coordinates":[[[110.600443,40.7598657],[110.6030607,40.7597683],[110.6056531,40.7594769],[110.6081954,40.7589944],[110.610663,40.7583255],[110.6130322,40.7574764],[110.6152801,40.7564556],[110.6173851,40.7552727],[110.619327,40.7539391],[110.6210871,40.7524678],[110.6226483,40.7508728],[110.6239956,40.7491696],[110.6251162,40.7473745],[110.6259991,40.7455048],[110.6266359,40.7435786],[110.6270205,40.7416144],[110.6271491,40.739631],[110.6270205,40.7376476],[110.6266359,40.7356834],[110.6259991,40.7337572],[110.6251162,40.7318875],[110.6239956,40.7300924],[110.6226483,40.7283892],[110.6210871,40.7267942],[110.619327,40.7253229],[110.6173851,40.7239893],[110.6152801,40.7228064],[110.6130322,40.7217856],[110.610663,40.7209365],[110.6081954,40.7202676],[110.6056531,40.7197851],[110.6030607,40.7194937],[110.600443,40.7193963],[110.5978253,40.7194937],[110.5952329,40.7197851],[110.5926906,40.7202676],[110.590223,40.7209365],[110.5878538,40.7217856],[110.5856059,40.7228064],[110.5835009,40.7239893],[110.581559,40.7253229],[110.5797989,40.7267942],[110.5782377,40.7283892],[110.5768904,40.7300924],[110.5757698,40.7318875],[110.5748869,40.7337572],[110.5742501,40.7356834],[110.5738655,40.7376476],[110.5737369,40.739631],[110.5738655,40.7416144],[110.5742501,40.7435786],[110.5748869,40.7455048],[110.5757698,40.7473745],[110.5768904,40.7491696],[110.5782377,40.7508728],[110.5797989,40.7524678],[110.581559,40.7539391],[110.5835009,40.7552727],[110.5856059,40.7564556],[110.5878538,40.7574764],[110.590223,40.7583255],[110.5926906,40.7589944],[110.5952329,40.7594769],[110.5978253,40.7597683],[110.600443,40.7598657]]]},"properties":{"name":"1916无名峰","peak_elev":1916,"radius_m":2250,"layer":"ATS峰值响应半径","rank_pct":0.3568,"center_lon":110.600443,"center_lat":40.739631,"max_mean_jut":54.2651,"max_ats":34.1952,"r_jmean_peak":1750,"r_ats_peak":2250,"r_ats_marginal":187.5,"ats_marginal_rate_max":0.057908985645216064,"ats_marginal_interval_start":125.0,"ats_marginal_interval_end":250.0,"is_expanded":false}},{"type":"Feature","geometry":{"type":"Polygon","coordinates":[[[110.889072,40.8353249],[110.8916926,40.8352275],[110.894288,40.8349361],[110.8968332,40.8344536],[110.8993036,40.8337846],[110.9016755,40.8329356],[110.903926,40.8319147],[110.9060334,40.8307318],[110.9079775,40.8293983],[110.9097395,40.827927],[110.9113025,40.826332],[110.9126514,40.8246288],[110.9137732,40.8228337],[110.9146572,40.820964],[110.9152947,40.8190378],[110.9156797,40.8170735],[110.9158084,40.8150902],[110.9156797,40.8131068],[110.9152947,40.8111426],[110.9146572,40.8092163],[110.9137732,40.8073467],[110.9126514,40.8055516],[110.9113025,40.8038484],[110.9097395,40.8022534],[110.9079775,40.8007821],[110.9060334,40.7994485],[110.903926,40.7982656],[110.9016755,40.7972447],[110.8993036,40.7963957],[110.8968332,40.7957267],[110.894288,40.7952442],[110.8916926,40.7949529],[110.889072,40.7948554],[110.8864514,40.7949529],[110.883856,40.7952442],[110.8813108,40.7957267],[110.8788404,40.7963957],[110.8764685,40.7972447],[110.874218,40.7982656],[110.8721106,40.7994485],[110.8701665,40.8007821],[110.8684045,40.8022534],[110.8668415,40.8038484],[110.8654926,40.8055516],[110.8643708,40.8073467],[110.8634868,40.8092163],[110.8628493,40.8111426],[110.8624643,40.8131068],[110.8623356,40.8150902],[110.8624643,40.8170735],[110.8628493,40.8190378],[110.8634868,40.820964],[110.8643708,40.8228337],[110.8654926,40.8246288],[110.8668415,40.826332],[110.8684045,40.827927],[110.8701665,40.8293983],[110.8721106,40.8307318],[110.874218,40.8319147],[110.8764685,40.8329356],[110.8788404,40.8337846],[110.8813108,40.8344536],[110.883856,40.8349361],[110.8864514,40.8352275],[110.889072,40.8353249]]]},"properties":{"name":"2099无名峰","peak_elev":2099,"radius_m":2250,"layer":"ATS峰值响应半径","rank_pct":0.3568,"center_lon":110.889072,"center_lat":40.81509017944336,"max_mean_jut":73.1833,"max_ats":31.0062,"r_jmean_peak":2000,"r_ats_peak":2250,"r_ats_marginal":312.5,"ats_marginal_rate_max":0.0434370412329147,"ats_marginal_interval_start":250.0,"ats_marginal_interval_end":375.0,"is_expanded":false}},{"type":"Feature","geometry":{"type":"Polygon","coordinates":[[[110.686142,40.6425439],[110.6884648,40.6424573],[110.6907652,40.6421983],[110.6930211,40.6417694],[110.6952107,40.6411748],[110.6973131,40.6404201],[110.6993078,40.6395127],[110.7011757,40.6384612],[110.7028989,40.6372758],[110.7044606,40.635968],[110.705846,40.6345502],[110.7070416,40.6330362],[110.7080359,40.6314406],[110.7088194,40.6297787],[110.7093844,40.6280665],[110.7097257,40.6263205],[110.7098398,40.6245575],[110.7097257,40.6227945],[110.7093844,40.6210485],[110.7088194,40.6193363],[110.7080359,40.6176744],[110.7070416,40.6160787],[110.705846,40.6145648],[110.7044606,40.613147],[110.7028989,40.6118392],[110.7011757,40.6106538],[110.6993078,40.6096023],[110.6973131,40.6086949],[110.6952107,40.6079402],[110.6930211,40.6073456],[110.6907652,40.6069167],[110.6884648,40.6066577],[110.686142,40.6065711],[110.6838192,40.6066577],[110.6815188,40.6069167],[110.6792629,40.6073456],[110.6770733,40.6079402],[110.6749709,40.6086949],[110.6729762,40.6096023],[110.6711083,40.6106538],[110.6693851,40.6118392],[110.6678234,40.613147],[110.666438,40.6145648],[110.6652424,40.6160787],[110.6642481,40.6176744],[110.6634646,40.6193363],[110.6628996,40.6210485],[110.6625583,40.6227945],[110.6624442,40.6245575],[110.6625583,40.6263205],[110.6628996,40.6280665],[110.6634646,40.6297787],[110.6642481,40.6314406],[110.6652424,40.6330362],[110.666438,40.6345502],[110.6678234,40.635968],[110.6693851,40.6372758],[110.6711083,40.6384612],[110.6729762,40.6395127],[110.6749709,40.6404201],[110.6770733,40.6411748],[110.6792629,40.6417694],[110.6815188,40.6421983],[110.6838192,40.6424573],[110.686142,40.6425439]]]},"properties":{"name":"1852无名峰","peak_elev":1852,"radius_m":2000,"layer":"ATS峰值响应半径","rank_pct":0.3769,"center_lon":110.686142,"center_lat":40.62455749511719,"max_mean_jut":130.1475,"max_ats":69.2484,"r_jmean_peak":1875,"r_ats_peak":2000,"r_ats_marginal":312.5,"ats_marginal_rate_max":0.059178287435895316,"ats_marginal_interval_start":250.0,"ats_marginal_interval_end":375.0,"is_expanded":false}},{"type":"Feature","geometry":{"type":"Polygon","coordinates":[[[110.949439,40.8306505],[110.9517684,40.8305639],[110.9540753,40.8303049],[110.9563376,40.829876],[110.9585334,40.8292813],[110.9606417,40.8285266],[110.962642,40.8276192],[110.9645153,40.8265677],[110.9662433,40.8253824],[110.9678095,40.8240745],[110.9691987,40.8226568],[110.9703977,40.8211428],[110.9713948,40.8195471],[110.9721805,40.8178852],[110.9727472,40.816173],[110.9730894,40.814427],[110.9732038,40.812664],[110.9730894,40.8109011],[110.9727472,40.8091551],[110.9721805,40.8074428],[110.9713948,40.8057809],[110.9703977,40.8041853],[110.9691987,40.8026713],[110.9678095,40.8012536],[110.9662433,40.7999457],[110.9645153,40.7987603],[110.962642,40.7977089],[110.9606417,40.7968014],[110.9585334,40.7960467],[110.9563376,40.7954521],[110.9540753,40.7950232],[110.9517684,40.7947642],[110.949439,40.7946776],[110.9471096,40.7947642],[110.9448027,40.7950232],[110.9425404,40.7954521],[110.9403446,40.7960467],[110.9382363,40.7968014],[110.936236,40.7977089],[110.9343627,40.7987603],[110.9326347,40.7999457],[110.9310685,40.8012536],[110.9296793,40.8026713],[110.9284803,40.8041853],[110.9274832,40.8057809],[110.9266975,40.8074428],[110.9261308,40.8091551],[110.9257886,40.8109011],[110.9256742,40.812664],[110.9257886,40.814427],[110.9261308,40.816173],[110.9266975,40.8178852],[110.9274832,40.8195471],[110.9284803,40.8211428],[110.9296793,40.8226568],[110.9310685,40.8240745],[110.9326347,40.8253824],[110.9343627,40.8265677],[110.936236,40.8276192],[110.9382363,40.8285266],[110.9403446,40.8292813],[110.9425404,40.829876],[110.9448027,40.8303049],[110.9471096,40.8305639],[110.949439,40.8306505]]]},"properties":{"name":"2069无名峰","peak_elev":2069,"radius_m":2000,"layer":"ATS峰值响应半径","rank_pct":0.3769,"center_lon":110.949439,"center_lat":40.81266403198242,"max_mean_jut":98.2023,"max_ats":44.4824,"r_jmean_peak":1875,"r_ats_peak":2000,"r_ats_marginal":687.5,"ats_marginal_rate_max":0.039521485278058065,"ats_marginal_interval_start":625.0,"ats_marginal_interval_end":750.0,"is_expanded":false}},{"type":"Feature","geometry":{"type":"Polygon","coordinates":[[[110.3996735,40.6384558],[110.401851,40.6383746],[110.4040075,40.6381318],[110.4061223,40.6377297],[110.408175,40.6371722],[110.4101459,40.6364647],[110.4120158,40.6356139],[110.4137669,40.6346282],[110.4153823,40.6335169],[110.4168464,40.6322908],[110.4181451,40.6309617],[110.4192659,40.6295423],[110.4201981,40.6280464],[110.4209325,40.6264883],[110.4214623,40.6248831],[110.4217822,40.6232463],[110.4218891,40.6215935],[110.4217822,40.6199407],[110.4214623,40.6183038],[110.4209325,40.6166986],[110.4201981,40.6151406],[110.4192659,40.6136447],[110.4181451,40.6122253],[110.4168464,40.6108962],[110.4153823,40.60967],[110.4137669,40.6085588],[110.4120158,40.607573],[110.4101459,40.6067223],[110.408175,40.6060148],[110.4061223,40.6054573],[110.4040075,40.6050552],[110.401851,40.6048124],[110.3996735,40.6047312],[110.3974959,40.6048124],[110.3953394,40.6050552],[110.3932246,40.6054573],[110.3911719,40.6060148],[110.3892011,40.6067223],[110.3873311,40.607573],[110.38558,40.6085588],[110.3839646,40.60967],[110.3825005,40.6108962],[110.3812018,40.6122253],[110.380081,40.6136447],[110.3791488,40.6151406],[110.3784144,40.6166986],[110.3778846,40.6183038],[110.3775648,40.6199407],[110.3774578,40.6215935],[110.3775648,40.6232463],[110.3778846,40.6248831],[110.3784144,40.6264883],[110.3791488,40.6280464],[110.380081,40.6295423],[110.3812018,40.6309617],[110.3825005,40.6322908],[110.3839646,40.6335169],[110.38558,40.6346282],[110.3873311,40.6356139],[110.3892011,40.6364647],[110.3911719,40.6371722],[110.3932246,40.6377297],[110.3953394,40.6381318],[110.3974959,40.6383746],[110.3996735,40.6384558]]]},"properties":{"name":"1787无名峰","peak_elev":1787,"radius_m":1875,"layer":"ATS峰值响应半径","rank_pct":0.3869,"center_lon":110.39967346191406,"center_lat":40.6215934753418,"max_mean_jut":69.8088,"max_ats":35.4134,"r_jmean_peak":2000,"r_ats_peak":1875,"r_ats_marginal":187.5,"ats_marginal_rate_max":0.039167962057787546,"ats_marginal_interval_start":125.0,"ats_marginal_interval_end":250.0,"is_expanded":false}},{"type":"Feature","geometry":{"type":"Polygon","coordinates":[[[109.062707,40.7031333],[109.0648866,40.7030521],[109.0670453,40.7028093],[109.0691621,40.7024072],[109.0712168,40.7018497],[109.0731896,40.7011422],[109.0750613,40.7002915],[109.0768141,40.6993057],[109.0784311,40.6981944],[109.0798966,40.6969683],[109.0811966,40.6956392],[109.0823185,40.6942198],[109.0832515,40.6927239],[109.0839867,40.6911659],[109.0845169,40.6895607],[109.0848371,40.6879238],[109.0849442,40.686271],[109.0848371,40.6846182],[109.0845169,40.6829813],[109.0839867,40.6813761],[109.0832515,40.6798181],[109.0823185,40.6783222],[109.0811966,40.6769028],[109.0798966,40.6755737],[109.0784311,40.6743476],[109.0768141,40.6732363],[109.0750613,40.6722505],[109.0731896,40.6713998],[109.0712168,40.6706923],[109.0691621,40.6701348],[109.0670453,40.6697327],[109.0648866,40.6694899],[109.062707,40.6694087],[109.0605274,40.6694899],[109.0583687,40.6697327],[109.0562519,40.6701348],[109.0541972,40.6706923],[109.0522244,40.6713998],[109.0503527,40.6722505],[109.0485999,40.6732363],[109.0469829,40.6743476],[109.0455174,40.6755737],[109.0442174,40.6769028],[109.0430955,40.6783222],[109.0421625,40.6798181],[109.0414273,40.6813761],[109.0408971,40.6829813],[109.0405769,40.6846182],[109.0404698,40.686271],[109.0405769,40.6879238],[109.0408971,40.6895607],[109.0414273,40.6911659],[109.0421625,40.6927239],[109.0430955,40.6942198],[109.0442174,40.6956392],[109.0455174,40.6969683],[109.0469829,40.6981944],[109.0485999,40.6993057],[109.0503527,40.7002915],[109.0522244,40.7011422],[109.0541972,40.7018497],[109.0562519,40.7024072],[109.0583687,40.7028093],[109.0605274,40.7030521],[109.062707,40.7031333]]]},"properties":{"name":"1876无名峰","peak_elev":1876,"radius_m":1875,"layer":"ATS峰值响应半径","rank_pct":0.3869,"center_lon":109.062707,"center_lat":40.686271,"max_mean_jut":93.9097,"max_ats":42.3889,"r_jmean_peak":1750,"r_ats_peak":1875,"r_ats_marginal":312.5,"ats_marginal_rate_max":0.08880029327835726,"ats_marginal_interval_start":250.0,"ats_marginal_interval_end":375.0,"is_expanded":false}},{"type":"Feature","geometry":{"type":"Polygon","coordinates":[[[110.656498,40.6357603],[110.6586754,40.6356791],[110.6608319,40.6354363],[110.6629466,40.6350342],[110.6649992,40.6344767],[110.66697,40.6337692],[110.6688399,40.6329185],[110.6705909,40.6319327],[110.6722062,40.6308214],[110.6736703,40.6295953],[110.6749689,40.6282662],[110.6760897,40.6268468],[110.6770218,40.6253509],[110.6777562,40.6237929],[110.6782859,40.6221877],[110.6786058,40.6205508],[110.6787128,40.618898],[110.6786058,40.6172452],[110.6782859,40.6156083],[110.6777562,40.6140031],[110.6770218,40.6124451],[110.6760897,40.6109492],[110.6749689,40.6095298],[110.6736703,40.6082007],[110.6722062,40.6069746],[110.6705909,40.6058633],[110.6688399,40.6048775],[110.66697,40.6040268],[110.6649992,40.6033193],[110.6629466,40.6027618],[110.6608319,40.6023597],[110.6586754,40.6021169],[110.656498,40.6020357],[110.6543206,40.6021169],[110.6521641,40.6023597],[110.6500494,40.6027618],[110.6479968,40.6033193],[110.646026,40.6040268],[110.6441561,40.6048775],[110.6424051,40.6058633],[110.6407898,40.6069746],[110.6393257,40.6082007],[110.6380271,40.6095298],[110.6369063,40.6109492],[110.6359742,40.6124451],[110.6352398,40.6140031],[110.6347101,40.6156083],[110.6343902,40.6172452],[110.6342832,40.618898],[110.6343902,40.6205508],[110.6347101,40.6221877],[110.6352398,40.6237929],[110.6359742,40.6253509],[110.6369063,40.6268468],[110.6380271,40.6282662],[110.6393257,40.6295953],[110.6407898,40.6308214],[110.6424051,40.6319327],[110.6441561,40.6329185],[110.646026,40.6337692],[110.6479968,40.6344767],[110.6500494,40.6350342],[110.6521641,40.6354363],[110.6543206,40.6356791],[110.656498,40.6357603]]]},"properties":{"name":"1885无名峰","peak_elev":1885,"radius_m":1875,"layer":"ATS峰值响应半径","rank_pct":0.3869,"center_lon":110.656498,"center_lat":40.618898,"max_mean_jut":143.1862,"max_ats":69.2159,"r_jmean_peak":1875,"r_ats_peak":1875,"r_ats_marginal":312.5,"ats_marginal_rate_max":0.08775520981682385,"ats_marginal_interval_start":250.0,"ats_marginal_interval_end":375.0,"is_expanded":false}},{"type":"Feature","geometry":{"type":"Polygon","coordinates":[[[110.981508,40.8478521],[110.9836924,40.8477709],[110.9858557,40.8475281],[110.9879772,40.847126],[110.9900364,40.8465686],[110.9920134,40.845861],[110.9938893,40.8450103],[110.9956459,40.8440246],[110.9972664,40.8429133],[110.9987351,40.8416872],[111.0000379,40.840358],[111.0011622,40.8389387],[111.0020973,40.8374428],[111.0028341,40.8358847],[111.0033655,40.8342795],[111.0036864,40.8326426],[111.0037937,40.8309898],[111.0036864,40.829337],[111.0033655,40.8277002],[111.0028341,40.826095],[111.0020973,40.8245369],[111.0011622,40.823041],[111.0000379,40.8216217],[110.9987351,40.8202925],[110.9972664,40.8190664],[110.9956459,40.8179551],[110.9938893,40.8169694],[110.9920134,40.8161186],[110.9900364,40.8154111],[110.9879772,40.8148536],[110.9858557,40.8144516],[110.9836924,40.8142088],[110.981508,40.8141276],[110.9793236,40.8142088],[110.9771603,40.8144516],[110.9750388,40.8148536],[110.9729796,40.8154111],[110.9710026,40.8161186],[110.9691267,40.8169694],[110.9673701,40.8179551],[110.9657496,40.8190664],[110.9642809,40.8202925],[110.9629781,40.8216217],[110.9618538,40.823041],[110.9609187,40.8245369],[110.9601819,40.826095],[110.9596505,40.8277002],[110.9593296,40.829337],[110.9592223,40.8309898],[110.9593296,40.8326426],[110.9596505,40.8342795],[110.9601819,40.8358847],[110.9609187,40.8374428],[110.9618538,40.8389387],[110.9629781,40.840358],[110.9642809,40.8416872],[110.9657496,40.8429133],[110.9673701,40.8440246],[110.9691267,40.8450103],[110.9710026,40.845861],[110.9729796,40.8465686],[110.9750388,40.847126],[110.9771603,40.8475281],[110.9793236,40.8477709],[110.981508,40.8478521]]]},"properties":{"name":"1966无名峰","peak_elev":1966,"radius_m":1875,"layer":"ATS峰值响应半径","rank_pct":0.3869,"center_lon":110.981508,"center_lat":40.83098983764648,"max_mean_jut":79.3075,"max_ats":39.1377,"r_jmean_peak":1500,"r_ats_peak":1875,"r_ats_marginal":187.5,"ats_marginal_rate_max":0.06290160978730686,"ats_marginal_interval_start":125.0,"ats_marginal_interval_end":250.0,"is_expanded":false}},{"type":"Feature","geometry":{"type":"Polygon","coordinates":[[[110.721177,40.6791483],[110.7233558,40.6790671],[110.7255137,40.6788243],[110.7276298,40.6784222],[110.7296838,40.6778647],[110.7316558,40.6771572],[110.7335269,40.6763065],[110.7352791,40.6753207],[110.7368954,40.6742094],[110.7383604,40.6729833],[110.7396599,40.6716542],[110.7407814,40.6702348],[110.7417141,40.6687389],[110.742449,40.6671809],[110.7429791,40.6655757],[110.7432992,40.6639388],[110.7434062,40.662286],[110.7432992,40.6606332],[110.7429791,40.6589963],[110.742449,40.6573911],[110.7417141,40.6558331],[110.7407814,40.6543372],[110.7396599,40.6529178],[110.7383604,40.6515887],[110.7368954,40.6503626],[110.7352791,40.6492513],[110.7335269,40.6482655],[110.7316558,40.6474148],[110.7296838,40.6467073],[110.7276298,40.6461498],[110.7255137,40.6457477],[110.7233558,40.6455049],[110.721177,40.6454237],[110.7189982,40.6455049],[110.7168403,40.6457477],[110.7147242,40.6461498],[110.7126702,40.6467073],[110.7106982,40.6474148],[110.7088271,40.6482655],[110.7070749,40.6492513],[110.7054586,40.6503626],[110.7039936,40.6515887],[110.7026941,40.6529178],[110.7015726,40.6543372],[110.7006399,40.6558331],[110.699905,40.6573911],[110.6993749,40.6589963],[110.6990548,40.6606332],[110.6989478,40.662286],[110.6990548,40.6639388],[110.6993749,40.6655757],[110.699905,40.6671809],[110.7006399,40.6687389],[110.7015726,40.6702348],[110.7026941,40.6716542],[110.7039936,40.6729833],[110.7054586,40.6742094],[110.7070749,40.6753207],[110.7088271,40.6763065],[110.7106982,40.6771572],[110.7126702,40.6778647],[110.7147242,40.6784222],[110.7168403,40.6788243],[110.7189982,40.6790671],[110.721177,40.6791483]]]},"properties":{"name":"2025无名峰","peak_elev":2025,"radius_m":1875,"layer":"ATS峰值响应半径","rank_pct":0.3869,"center_lon":110.721177,"center_lat":40.662286,"max_mean_jut":133.9829,"max_ats":65.3761,"r_jmean_peak":1875,"r_ats_peak":1875,"r_ats_marginal":187.5,"ats_marginal_rate_max":0.13640344366483312,"ats_marginal_interval_start":125.0,"ats_marginal_interval_end":250.0,"is_expanded":false}},{"type":"Feature","geometry":{"type":"Polygon","coordinates":[[[110.530644,40.6629331],[110.5326771,40.6628573],[110.5346907,40.6626307],[110.5366653,40.6622554],[110.5385818,40.6617351],[110.540422,40.6610748],[110.542168,40.6602808],[110.543803,40.6593607],[110.5453112,40.6583235],[110.5466782,40.6571792],[110.5478908,40.6559386],[110.5489373,40.6546139],[110.5498077,40.6532177],[110.5504934,40.6517635],[110.550988,40.6502654],[110.5512867,40.6487376],[110.5513866,40.647195],[110.5512867,40.6456524],[110.550988,40.6441246],[110.5504934,40.6426265],[110.5498077,40.6411723],[110.5489373,40.6397761],[110.5478908,40.6384514],[110.5466782,40.6372108],[110.5453112,40.6360665],[110.543803,40.6350293],[110.542168,40.6341092],[110.540422,40.6333152],[110.5385818,40.6326549],[110.5366653,40.6321346],[110.5346907,40.6317593],[110.5326771,40.6315327],[110.530644,40.6314569],[110.5286109,40.6315327],[110.5265973,40.6317593],[110.5246227,40.6321346],[110.5227062,40.6326549],[110.520866,40.6333152],[110.51912,40.6341092],[110.517485,40.6350293],[110.5159768,40.6360665],[110.5146098,40.6372108],[110.5133972,40.6384514],[110.5123507,40.6397761],[110.5114803,40.6411723],[110.5107946,40.6426265],[110.5103,40.6441246],[110.5100013,40.6456524],[110.5099014,40.647195],[110.5100013,40.6487376],[110.5103,40.6502654],[110.5107946,40.6517635],[110.5114803,40.6532177],[110.5123507,40.6546139],[110.5133972,40.6559386],[110.5146098,40.6571792],[110.5159768,40.6583235],[110.517485,40.6593607],[110.51912,40.6602808],[110.520866,40.6610748],[110.5227062,40.6617351],[110.5246227,40.6622554],[110.5265973,40.6626307],[110.5286109,40.6628573],[110.530644,40.6629331]]]},"properties":{"name":"1754无名峰(1)","peak_elev":1754,"radius_m":1750,"layer":"ATS峰值响应半径","rank_pct":0.4121,"center_lon":110.530644,"center_lat":40.647195,"max_mean_jut":77.4317,"max_ats":38.9912,"r_jmean_peak":1500,"r_ats_peak":1750,"r_ats_marginal":187.5,"ats_marginal_rate_max":0.03958779714521255,"ats_marginal_interval_start":125.0,"ats_marginal_interval_end":250.0,"is_expanded":false}},{"type":"Feature","geometry":{"type":"Polygon","coordinates":[[[110.890152,40.6985061],[110.8921862,40.6984303],[110.8942008,40.6982037],[110.8961764,40.6978284],[110.8980941,40.6973081],[110.8999352,40.6966478],[110.9016821,40.6958538],[110.903318,40.6949337],[110.904827,40.6938965],[110.9061948,40.6927522],[110.907408,40.6915116],[110.9084551,40.6901869],[110.9093259,40.6887907],[110.910012,40.6873365],[110.9105069,40.6858384],[110.9108057,40.6843106],[110.9109056,40.682768],[110.9108057,40.6812254],[110.9105069,40.6796976],[110.910012,40.6781995],[110.9093259,40.6767453],[110.9084551,40.6753491],[110.907408,40.6740244],[110.9061948,40.6727838],[110.904827,40.6716395],[110.903318,40.6706023],[110.9016821,40.6696822],[110.8999352,40.6688882],[110.8980941,40.6682279],[110.8961764,40.6677076],[110.8942008,40.6673323],[110.8921862,40.6671057],[110.890152,40.6670299],[110.8881178,40.6671057],[110.8861031,40.6673323],[110.8841275,40.6677076],[110.8822099,40.6682279],[110.8803688,40.6688882],[110.8786219,40.6696822],[110.876986,40.6706023],[110.8754769,40.6716395],[110.8741092,40.6727838],[110.8728959,40.6740244],[110.8718489,40.6753491],[110.8709781,40.6767453],[110.870292,40.6781995],[110.8697971,40.6796976],[110.8694983,40.6812254],[110.8693983,40.682768],[110.8694983,40.6843106],[110.8697971,40.6858384],[110.870292,40.6873365],[110.8709781,40.6887907],[110.8718489,40.6901869],[110.8728959,40.6915116],[110.8741092,40.6927522],[110.8754769,40.6938965],[110.876986,40.6949337],[110.8786219,40.6958538],[110.8803688,40.6966478],[110.8822099,40.6973081],[110.8841275,40.6978284],[110.8861031,40.6982037],[110.8881178,40.6984303],[110.890152,40.6985061]]]},"properties":{"name":"2004无名峰(2)","peak_elev":2004,"radius_m":1750,"layer":"ATS峰值响应半径","rank_pct":0.4121,"center_lon":110.89015197753906,"center_lat":40.682768,"max_mean_jut":188.093,"max_ats":100.7836,"r_jmean_peak":1625,"r_ats_peak":1750,"r_ats_marginal":437.5,"ats_marginal_rate_max":0.10140157557636909,"ats_marginal_interval_start":375.0,"ats_marginal_interval_end":500.0,"is_expanded":false}},{"type":"Feature","geometry":{"type":"Polygon","coordinates":[[[110.887724,40.7165621],[110.8897588,40.7164863],[110.8917739,40.7162597],[110.8937501,40.7158844],[110.8956682,40.7153641],[110.8975099,40.7147038],[110.8992572,40.7139098],[110.9008935,40.7129897],[110.902403,40.7119525],[110.9037711,40.7108082],[110.9049847,40.7095676],[110.9060321,40.7082429],[110.9069031,40.7068467],[110.9075894,40.7053925],[110.9080844,40.7038944],[110.9083833,40.7023666],[110.9084833,40.700824],[110.9083833,40.6992814],[110.9080844,40.6977536],[110.9075894,40.6962555],[110.9069031,40.6948013],[110.9060321,40.6934051],[110.9049847,40.6920804],[110.9037711,40.6908398],[110.902403,40.6896955],[110.9008935,40.6886583],[110.8992572,40.6877382],[110.8975099,40.6869442],[110.8956682,40.6862839],[110.8937501,40.6857636],[110.8917739,40.6853883],[110.8897588,40.6851617],[110.887724,40.6850859],[110.8856892,40.6851617],[110.8836741,40.6853883],[110.8816979,40.6857636],[110.8797798,40.6862839],[110.8779381,40.6869442],[110.8761908,40.6877382],[110.8745545,40.6886583],[110.873045,40.6896955],[110.8716769,40.6908398],[110.8704633,40.6920804],[110.8694159,40.6934051],[110.8685449,40.6948013],[110.8678586,40.6962555],[110.8673636,40.6977536],[110.8670647,40.6992814],[110.8669647,40.700824],[110.8670647,40.7023666],[110.8673636,40.7038944],[110.8678586,40.7053925],[110.8685449,40.7068467],[110.8694159,40.7082429],[110.8704633,40.7095676],[110.8716769,40.7108082],[110.873045,40.7119525],[110.8745545,40.7129897],[110.8761908,40.7139098],[110.8779381,40.7147038],[110.8797798,40.7153641],[110.8816979,40.7158844],[110.8836741,40.7162597],[110.8856892,40.7164863],[110.887724,40.7165621]]]},"properties":{"name":"2160无名峰(2)","peak_elev":2160,"radius_m":1750,"layer":"ATS峰值响应半径","rank_pct":0.4121,"center_lon":110.887724,"center_lat":40.700824,"max_mean_jut":151.1263,"max_ats":74.5909,"r_jmean_peak":1750,"r_ats_peak":1750,"r_ats_marginal":437.5,"ats_marginal_rate_max":0.09957485795222558,"ats_marginal_interval_start":375.0,"ats_marginal_interval_end":500.0,"is_expanded":false}},{"type":"Feature","geometry":{"type":"Polygon","coordinates":[[[108.862472,40.665312],[108.86436,40.6652416],[108.8662298,40.6650312],[108.8680635,40.6646827],[108.8698432,40.6641996],[108.871552,40.6635864],[108.8731734,40.6628491],[108.8746917,40.6619948],[108.8760923,40.6610316],[108.8773617,40.659969],[108.8784878,40.6588171],[108.8794596,40.657587],[108.8802678,40.6562905],[108.8809046,40.6549402],[108.8813639,40.653549],[108.8816412,40.6521304],[108.881734,40.650698],[108.8816412,40.6492656],[108.8813639,40.647847],[108.8809046,40.6464558],[108.8802678,40.6451055],[108.8794596,40.643809],[108.8784878,40.6425789],[108.8773617,40.641427],[108.8760923,40.6403644],[108.8746917,40.6394012],[108.8731734,40.6385469],[108.871552,40.6378096],[108.8698432,40.6371964],[108.8680635,40.6367133],[108.8662298,40.6363648],[108.86436,40.6361544],[108.862472,40.636084],[108.860584,40.6361544],[108.8587142,40.6363648],[108.8568805,40.6367133],[108.8551008,40.6371964],[108.853392,40.6378096],[108.8517706,40.6385469],[108.8502523,40.6394012],[108.8488517,40.6403644],[108.8475823,40.641427],[108.8464562,40.6425789],[108.8454844,40.643809],[108.8446762,40.6451055],[108.8440394,40.6464558],[108.8435801,40.647847],[108.8433028,40.6492656],[108.84321,40.650698],[108.8433028,40.6521304],[108.8435801,40.653549],[108.8440394,40.6549402],[108.8446762,40.6562905],[108.8454844,40.657587],[108.8464562,40.6588171],[108.8475823,40.659969],[108.8488517,40.6610316],[108.8502523,40.6619948],[108.8517706,40.6628491],[108.853392,40.6635864],[108.8551008,40.6641996],[108.8568805,40.6646827],[108.8587142,40.6650312],[108.860584,40.6652416],[108.862472,40.665312]]]},"properties":{"name":"1584无名峰","peak_elev":1584,"radius_m":1625,"layer":"ATS峰值响应半径","rank_pct":0.4271,"center_lon":108.862472,"center_lat":40.650698,"max_mean_jut":97.4941,"max_ats":49.2442,"r_jmean_peak":1500,"r_ats_peak":1625,"r_ats_marginal":437.5,"ats_marginal_rate_max":0.06773869676000419,"ats_marginal_interval_start":375.0,"ats_marginal_interval_end":500.0,"is_expanded":false}},{"type":"Feature","geometry":{"type":"Polygon","coordinates":[[[110.855654,40.743465],[110.8575442,40.7433946],[110.8594162,40.7431842],[110.861252,40.7428357],[110.8630339,40.7423526],[110.8647447,40.7417394],[110.8663679,40.7410021],[110.867888,40.7401478],[110.8692903,40.7391846],[110.8705612,40.738122],[110.8716886,40.7369701],[110.8726615,40.73574],[110.8734706,40.7344435],[110.8741082,40.7330932],[110.874568,40.731702],[110.8748457,40.7302834],[110.8749386,40.728851],[110.8748457,40.7274186],[110.874568,40.726],[110.8741082,40.7246088],[110.8734706,40.7232585],[110.8726615,40.721962],[110.8716886,40.7207319],[110.8705612,40.71958],[110.8692903,40.7185174],[110.867888,40.7175542],[110.8663679,40.7166999],[110.8647447,40.7159626],[110.8630339,40.7153494],[110.861252,40.7148663],[110.8594162,40.7145178],[110.8575442,40.7143074],[110.855654,40.714237],[110.8537638,40.7143074],[110.8518918,40.7145178],[110.850056,40.7148663],[110.8482741,40.7153494],[110.8465633,40.7159626],[110.8449401,40.7166999],[110.84342,40.7175542],[110.8420177,40.7185174],[110.8407468,40.71958],[110.8396194,40.7207319],[110.8386465,40.721962],[110.8378374,40.7232585],[110.8371998,40.7246088],[110.83674,40.726],[110.8364623,40.7274186],[110.8363694,40.728851],[110.8364623,40.7302834],[110.83674,40.731702],[110.8371998,40.7330932],[110.8378374,40.7344435],[110.8386465,40.73574],[110.8396194,40.7369701],[110.8407468,40.738122],[110.8420177,40.7391846],[110.84342,40.7401478],[110.8449401,40.7410021],[110.8465633,40.7417394],[110.8482741,40.7423526],[110.850056,40.7428357],[110.8518918,40.7431842],[110.8537638,40.7433946],[110.855654,40.743465]]]},"properties":{"name":"2047无名峰(2)","peak_elev":2047,"radius_m":1625,"layer":"ATS峰值响应半径","rank_pct":0.4271,"center_lon":110.855654,"center_lat":40.728851,"max_mean_jut":114.3207,"max_ats":57.8937,"r_jmean_peak":1500,"r_ats_peak":1625,"r_ats_marginal":187.5,"ats_marginal_rate_max":0.08021661332647727,"ats_marginal_interval_start":125.0,"ats_marginal_interval_end":250.0,"is_expanded":false}},{"type":"Feature","geometry":{"type":"Polygon","coordinates":[[[110.865895,40.7572096],[110.8677856,40.7571393],[110.869658,40.7569288],[110.8714942,40.7565804],[110.8732764,40.7560972],[110.8749876,40.755484],[110.8766112,40.7547467],[110.8781315,40.7538924],[110.8795341,40.7529293],[110.8808053,40.7518667],[110.8819329,40.7507148],[110.882906,40.7494847],[110.8837153,40.7481882],[110.884353,40.7468379],[110.884813,40.7454467],[110.8850907,40.7440281],[110.8851836,40.7425957],[110.8850907,40.7411633],[110.884813,40.7397446],[110.884353,40.7383535],[110.8837153,40.7370031],[110.882906,40.7357067],[110.8819329,40.7344766],[110.8808053,40.7333247],[110.8795341,40.732262],[110.8781315,40.7312989],[110.8766112,40.7304446],[110.8749876,40.7297073],[110.8732764,40.7290941],[110.8714942,40.728611],[110.869658,40.7282625],[110.8677856,40.7280521],[110.865895,40.7279817],[110.8640044,40.7280521],[110.862132,40.7282625],[110.8602958,40.728611],[110.8585136,40.7290941],[110.8568024,40.7297073],[110.8551788,40.7304446],[110.8536585,40.7312989],[110.8522559,40.732262],[110.8509847,40.7333247],[110.8498571,40.7344766],[110.848884,40.7357067],[110.8480747,40.7370031],[110.847437,40.7383535],[110.846977,40.7397446],[110.8466993,40.7411633],[110.8466064,40.7425957],[110.8466993,40.7440281],[110.846977,40.7454467],[110.847437,40.7468379],[110.8480747,40.7481882],[110.848884,40.7494847],[110.8498571,40.7507148],[110.8509847,40.7518667],[110.8522559,40.7529293],[110.8536585,40.7538924],[110.8551788,40.7547467],[110.8568024,40.755484],[110.8585136,40.7560972],[110.8602958,40.7565804],[110.862132,40.7569288],[110.8640044,40.7571393],[110.865895,40.7572096]]]},"properties":{"name":"2116无名峰(2)","peak_elev":2116,"radius_m":1625,"layer":"ATS峰值响应半径","rank_pct":0.4271,"center_lon":110.865895,"center_lat":40.74259567260742,"max_mean_jut":100.8862,"max_ats":55.0663,"r_jmean_peak":1625,"r_ats_peak":1625,"r_ats_marginal":187.5,"ats_marginal_rate_max":0.1008778218211614,"ats_marginal_interval_start":125.0,"ats_marginal_interval_end":250.0,"is_expanded":false}},{"type":"Feature","geometry":{"type":"Polygon","coordinates":[[[109.273721,40.7027255],[109.2754648,40.7026606],[109.2771918,40.7024663],[109.2788853,40.7021446],[109.2805292,40.7016987],[109.2821074,40.7011326],[109.2836049,40.7004521],[109.2850072,40.6996635],[109.2863008,40.6987744],[109.2874733,40.6977935],[109.2885133,40.6967302],[109.2894109,40.6955947],[109.2901573,40.694398],[109.2907455,40.6931516],[109.2911697,40.6918674],[109.2914259,40.6905579],[109.2915116,40.6892357],[109.2914259,40.6879135],[109.2911697,40.686604],[109.2907455,40.6853198],[109.2901573,40.6840734],[109.2894109,40.6828766],[109.2885133,40.6817411],[109.2874733,40.6806778],[109.2863008,40.6796969],[109.2850072,40.6788079],[109.2836049,40.6780193],[109.2821074,40.6773387],[109.2805292,40.6767727],[109.2788853,40.6763267],[109.2771918,40.6760051],[109.2754648,40.6758108],[109.273721,40.6757459],[109.2719772,40.6758108],[109.2702502,40.6760051],[109.2685567,40.6763267],[109.2669128,40.6767727],[109.2653346,40.6773387],[109.2638371,40.6780193],[109.2624348,40.6788079],[109.2611412,40.6796969],[109.2599687,40.6806778],[109.2589287,40.6817411],[109.2580311,40.6828766],[109.2572847,40.6840734],[109.2566965,40.6853198],[109.2562723,40.686604],[109.2560161,40.6879135],[109.2559304,40.6892357],[109.2560161,40.6905579],[109.2562723,40.6918674],[109.2566965,40.6931516],[109.2572847,40.694398],[109.2580311,40.6955947],[109.2589287,40.6967302],[109.2599687,40.6977935],[109.2611412,40.6987744],[109.2624348,40.6996635],[109.2638371,40.7004521],[109.2653346,40.7011326],[109.2669128,40.7016987],[109.2685567,40.7021446],[109.2702502,40.7024663],[109.2719772,40.7026606],[109.273721,40.7027255]]]},"properties":{"name":"1725无名峰","peak_elev":1725,"radius_m":1500,"layer":"ATS峰值响应半径","rank_pct":0.4422,"center_lon":109.273721,"center_lat":40.68923568725586,"max_mean_jut":79.8212,"max_ats":40.4337,"r_jmean_peak":1375,"r_ats_peak":1500,"r_ats_marginal":187.5,"ats_marginal_rate_max":0.07773817560361296,"ats_marginal_interval_start":125.0,"ats_marginal_interval_end":250.0,"is_expanded":false}},{"type":"Feature","geometry":{"type":"Polygon","coordinates":[[[109.465871,40.6911365],[109.4676145,40.6910715],[109.4693412,40.6908773],[109.4710344,40.6905556],[109.472678,40.6901096],[109.474256,40.6895436],[109.4757532,40.688863],[109.4771553,40.6880744],[109.4784486,40.6871854],[109.4796209,40.6862045],[109.4806607,40.6851412],[109.4815582,40.6840057],[109.4823045,40.682809],[109.4828926,40.6815625],[109.4833167,40.6802784],[109.4835728,40.6789689],[109.4836585,40.6776466],[109.4835728,40.6763244],[109.4833167,40.6750149],[109.4828926,40.6737307],[109.4823045,40.6724843],[109.4815582,40.6712876],[109.4806607,40.6701521],[109.4796209,40.6690888],[109.4784486,40.6681079],[109.4771553,40.6672189],[109.4757532,40.6664303],[109.474256,40.6657497],[109.472678,40.6651837],[109.4710344,40.6647377],[109.4693412,40.664416],[109.4676145,40.6642218],[109.465871,40.6641568],[109.4641275,40.6642218],[109.4624008,40.664416],[109.4607076,40.6647377],[109.459064,40.6651837],[109.457486,40.6657497],[109.4559888,40.6664303],[109.4545867,40.6672189],[109.4532934,40.6681079],[109.4521211,40.6690888],[109.4510813,40.6701521],[109.4501838,40.6712876],[109.4494375,40.6724843],[109.4488494,40.6737307],[109.4484253,40.6750149],[109.4481692,40.6763244],[109.4480835,40.6776466],[109.4481692,40.6789689],[109.4484253,40.6802784],[109.4488494,40.6815625],[109.4494375,40.682809],[109.4501838,40.6840057],[109.4510813,40.6851412],[109.4521211,40.6862045],[109.4532934,40.6871854],[109.4545867,40.6880744],[109.4559888,40.688863],[109.457486,40.6895436],[109.459064,40.6901096],[109.4607076,40.6905556],[109.4624008,40.6908773],[109.4641275,40.6910715],[109.465871,40.6911365]]]},"properties":{"name":"1773无名峰","peak_elev":1773,"radius_m":1500,"layer":"ATS峰值响应半径","rank_pct":0.4422,"center_lon":109.465871,"center_lat":40.67764663696289,"max_mean_jut":98.9427,"max_ats":53.7891,"r_jmean_peak":1375,"r_ats_peak":1500,"r_ats_marginal":187.5,"ats_marginal_rate_max":0.07844739035151284,"ats_marginal_interval_start":125.0,"ats_marginal_interval_end":250.0,"is_expanded":false}},{"type":"Feature","geometry":{"type":"Polygon","coordinates":[[[110.379862,40.6601459],[110.3816047,40.6600809],[110.3833306,40.6598867],[110.385023,40.659565],[110.3866658,40.659119],[110.3882431,40.658553],[110.3897396,40.6578724],[110.391141,40.6570838],[110.3924338,40.6561948],[110.3936055,40.6552139],[110.3946449,40.6541506],[110.3955419,40.6530151],[110.3962879,40.6518184],[110.3968757,40.6505719],[110.3972996,40.6492878],[110.3975556,40.6479783],[110.3976412,40.646656],[110.3975556,40.6453338],[110.3972996,40.6440243],[110.3968757,40.6427401],[110.3962879,40.6414937],[110.3955419,40.640297],[110.3946449,40.6391615],[110.3936055,40.6380982],[110.3924338,40.6371173],[110.391141,40.6362283],[110.3897396,40.6354397],[110.3882431,40.6347591],[110.3866658,40.6341931],[110.385023,40.6337471],[110.3833306,40.6334254],[110.3816047,40.6332312],[110.379862,40.6331662],[110.3781193,40.6332312],[110.3763934,40.6334254],[110.374701,40.6337471],[110.3730582,40.6341931],[110.3714809,40.6347591],[110.3699844,40.6354397],[110.368583,40.6362283],[110.3672902,40.6371173],[110.3661185,40.6380982],[110.3650791,40.6391615],[110.3641821,40.640297],[110.3634361,40.6414937],[110.3628483,40.6427401],[110.3624244,40.6440243],[110.3621684,40.6453338],[110.3620828,40.646656],[110.3621684,40.6479783],[110.3624244,40.6492878],[110.3628483,40.6505719],[110.3634361,40.6518184],[110.3641821,40.6530151],[110.3650791,40.6541506],[110.3661185,40.6552139],[110.3672902,40.6561948],[110.368583,40.6570838],[110.3699844,40.6578724],[110.3714809,40.658553],[110.3730582,40.659119],[110.374701,40.659565],[110.3763934,40.6598867],[110.3781193,40.6600809],[110.379862,40.6601459]]]},"properties":{"name":"1856无名峰(1)","peak_elev":1856,"radius_m":1500,"layer":"ATS峰值响应半径","rank_pct":0.4422,"center_lon":110.379862,"center_lat":40.64665603637695,"max_mean_jut":62.9699,"max_ats":36.4895,"r_jmean_peak":null,"r_ats_peak":1500,"r_ats_marginal":312.5,"ats_marginal_rate_max":0.041292866895078766,"ats_marginal_interval_start":250.0,"ats_marginal_interval_end":375.0,"is_expanded":false}},{"type":"Feature","geometry":{"type":"Polygon","coordinates":[[[110.830861,40.6914073],[110.8326045,40.6913423],[110.8343312,40.6911481],[110.8360245,40.6908264],[110.837668,40.6903805],[110.839246,40.6898144],[110.8407432,40.6891339],[110.8421453,40.6883453],[110.8434387,40.6874562],[110.844611,40.6864753],[110.8456508,40.685412],[110.8465482,40.6842765],[110.8472946,40.6830798],[110.8478826,40.6818334],[110.8483068,40.6805492],[110.8485629,40.6792397],[110.8486486,40.6779175],[110.8485629,40.6765952],[110.8483068,40.6752857],[110.8478826,40.6740016],[110.8472946,40.6727551],[110.8465482,40.6715584],[110.8456508,40.6704229],[110.844611,40.6693596],[110.8434387,40.6683787],[110.8421453,40.6674897],[110.8407432,40.6667011],[110.839246,40.6660205],[110.837668,40.6654545],[110.8360245,40.6650085],[110.8343312,40.6646869],[110.8326045,40.6644926],[110.830861,40.6644277],[110.8291175,40.6644926],[110.8273908,40.6646869],[110.8256975,40.6650085],[110.824054,40.6654545],[110.822476,40.6660205],[110.8209788,40.6667011],[110.8195767,40.6674897],[110.8182833,40.6683787],[110.817111,40.6693596],[110.8160712,40.6704229],[110.8151738,40.6715584],[110.8144274,40.6727551],[110.8138394,40.6740016],[110.8134152,40.6752857],[110.8131591,40.6765952],[110.8130734,40.6779175],[110.8131591,40.6792397],[110.8134152,40.6805492],[110.8138394,40.6818334],[110.8144274,40.6830798],[110.8151738,40.6842765],[110.8160712,40.685412],[110.817111,40.6864753],[110.8182833,40.6874562],[110.8195767,40.6883453],[110.8209788,40.6891339],[110.822476,40.6898144],[110.824054,40.6903805],[110.8256975,40.6908264],[110.8273908,40.6911481],[110.8291175,40.6913423],[110.830861,40.6914073]]]},"properties":{"name":"2109无名峰","peak_elev":2109,"radius_m":1500,"layer":"ATS峰值响应半径","rank_pct":0.4422,"center_lon":110.830861,"center_lat":40.67791748046875,"max_mean_jut":144.4157,"max_ats":68.2023,"r_jmean_peak":1625,"r_ats_peak":1500,"r_ats_marginal":312.5,"ats_marginal_rate_max":0.07940203744299425,"ats_marginal_interval_start":250.0,"ats_marginal_interval_end":375.0,"is_expanded":false}},{"type":"Feature","geometry":{"type":"Polygon","coordinates":[[[110.4480438,40.6165756],[110.4496403,40.616516],[110.4512213,40.616338],[110.4527718,40.6160431],[110.4542767,40.6156343],[110.4557216,40.6151154],[110.4570925,40.6144916],[110.4583764,40.6137687],[110.4595607,40.6129538],[110.460634,40.6120546],[110.4615862,40.6110799],[110.4624079,40.610039],[110.4630913,40.608942],[110.4636298,40.6077995],[110.4640181,40.6066223],[110.4642527,40.6054219],[110.4643311,40.6042099],[110.4642527,40.6029979],[110.4640181,40.6017975],[110.4636298,40.6006203],[110.4630913,40.5994778],[110.4624079,40.5983808],[110.4615862,40.5973399],[110.460634,40.5963652],[110.4595607,40.595466],[110.4583764,40.5946511],[110.4570925,40.5939282],[110.4557216,40.5933044],[110.4542767,40.5927855],[110.4527718,40.5923767],[110.4512213,40.5920818],[110.4496403,40.5919038],[110.4480438,40.5918442],[110.4464474,40.5919038],[110.4448663,40.5920818],[110.4433159,40.5923767],[110.441811,40.5927855],[110.4403661,40.5933044],[110.4389951,40.5939282],[110.4377113,40.5946511],[110.436527,40.595466],[110.4354536,40.5963652],[110.4345015,40.5973399],[110.4336797,40.5983808],[110.4329964,40.5994778],[110.4324579,40.6006203],[110.4320695,40.6017975],[110.431835,40.6029979],[110.4317566,40.6042099],[110.431835,40.6054219],[110.4320695,40.6066223],[110.4324579,40.6077995],[110.4329964,40.608942],[110.4336797,40.610039],[110.4345015,40.6110799],[110.4354536,40.6120546],[110.436527,40.6129538],[110.4377113,40.6137687],[110.4389951,40.6144916],[110.4403661,40.6151154],[110.441811,40.6156343],[110.4433159,40.6160431],[110.4448663,40.616338],[110.4464474,40.616516],[110.4480438,40.6165756]]]},"properties":{"name":"1551无名峰","peak_elev":1553,"radius_m":1375,"layer":"ATS峰值响应半径","rank_pct":0.4623,"center_lon":110.4480438232422,"center_lat":40.60420989990234,"max_mean_jut":88.6265,"max_ats":50.9142,"r_jmean_peak":1250,"r_ats_peak":1375,"r_ats_marginal":187.5,"ats_marginal_rate_max":0.08751846114684812,"ats_marginal_interval_start":125.0,"ats_marginal_interval_end":250.0,"is_expanded":false}},{"type":"Feature","geometry":{"type":"Polygon","coordinates":[[[110.828166,40.6766723],[110.8297639,40.6766128],[110.8313463,40.6764347],[110.8328982,40.6761399],[110.8344045,40.675731],[110.8358507,40.6752122],[110.8372229,40.6745883],[110.8385078,40.6738654],[110.8396932,40.6730505],[110.8407676,40.6721513],[110.8417206,40.6711766],[110.842543,40.6701358],[110.843227,40.6690388],[110.843766,40.6678962],[110.8441547,40.6667191],[110.8443894,40.6655187],[110.8444679,40.6643066],[110.8443894,40.6630946],[110.8441547,40.6618942],[110.843766,40.6607171],[110.843227,40.6595745],[110.842543,40.6584775],[110.8417206,40.6574366],[110.8407676,40.6564619],[110.8396932,40.6555628],[110.8385078,40.6547478],[110.8372229,40.654025],[110.8358507,40.6534011],[110.8344045,40.6528822],[110.8328982,40.6524734],[110.8313463,40.6521786],[110.8297639,40.6520005],[110.828166,40.651941],[110.8265681,40.6520005],[110.8249857,40.6521786],[110.8234338,40.6524734],[110.8219275,40.6528822],[110.8204813,40.6534011],[110.8191091,40.654025],[110.8178242,40.6547478],[110.8166388,40.6555628],[110.8155644,40.6564619],[110.8146114,40.6574366],[110.813789,40.6584775],[110.813105,40.6595745],[110.812566,40.6607171],[110.8121773,40.6618942],[110.8119426,40.6630946],[110.8118641,40.6643066],[110.8119426,40.6655187],[110.8121773,40.6667191],[110.812566,40.6678962],[110.813105,40.6690388],[110.813789,40.6701358],[110.8146114,40.6711766],[110.8155644,40.6721513],[110.8166388,40.6730505],[110.8178242,40.6738654],[110.8191091,40.6745883],[110.8204813,40.6752122],[110.8219275,40.675731],[110.8234338,40.6761399],[110.8249857,40.6764347],[110.8265681,40.6766128],[110.828166,40.6766723]]]},"properties":{"name":"1786无名峰","peak_elev":1786,"radius_m":1375,"layer":"ATS峰值响应半径","rank_pct":0.4623,"center_lon":110.828166,"center_lat":40.664306640625,"max_mean_jut":91.549,"max_ats":36.0261,"r_jmean_peak":1375,"r_ats_peak":1375,"r_ats_marginal":187.5,"ats_marginal_rate_max":0.08724074211681153,"ats_marginal_interval_start":125.0,"ats_marginal_interval_end":250.0,"is_expanded":false}},{"type":"Feature","geometry":{"type":"Polygon","coordinates":[[[109.345407,40.6851627],[109.3470051,40.6851031],[109.3485878,40.6849251],[109.3501398,40.6846302],[109.3516463,40.6842214],[109.3530927,40.6837025],[109.354465,40.6830787],[109.3557502,40.6823558],[109.3569357,40.6815409],[109.3580102,40.6806417],[109.3589633,40.679667],[109.3597858,40.6786261],[109.3604699,40.6775291],[109.361009,40.6763866],[109.3613977,40.6752094],[109.3616325,40.674009],[109.361711,40.672797],[109.3616325,40.671585],[109.3613977,40.6703846],[109.361009,40.6692074],[109.3604699,40.6680649],[109.3597858,40.6669679],[109.3589633,40.665927],[109.3580102,40.6649523],[109.3569357,40.6640531],[109.3557502,40.6632382],[109.354465,40.6625153],[109.3530927,40.6618915],[109.3516463,40.6613726],[109.3501398,40.6609638],[109.3485878,40.6606689],[109.3470051,40.6604909],[109.345407,40.6604313],[109.3438089,40.6604909],[109.3422262,40.6606689],[109.3406742,40.6609638],[109.3391677,40.6613726],[109.3377213,40.6618915],[109.336349,40.6625153],[109.3350638,40.6632382],[109.3338783,40.6640531],[109.3328038,40.6649523],[109.3318507,40.665927],[109.3310282,40.6669679],[109.3303441,40.6680649],[109.329805,40.6692074],[109.3294163,40.6703846],[109.3291815,40.671585],[109.329103,40.672797],[109.3291815,40.674009],[109.3294163,40.6752094],[109.329805,40.6763866],[109.3303441,40.6775291],[109.3310282,40.6786261],[109.3318507,40.679667],[109.3328038,40.6806417],[109.3338783,40.6815409],[109.3350638,40.6823558],[109.336349,40.6830787],[109.3377213,40.6837025],[109.3391677,40.6842214],[109.3406742,40.6846302],[109.3422262,40.6849251],[109.3438089,40.6851031],[109.345407,40.6851627]]]},"properties":{"name":"1906无名峰","peak_elev":1906,"radius_m":1375,"layer":"ATS峰值响应半径","rank_pct":0.4623,"center_lon":109.345407,"center_lat":40.672797,"max_mean_jut":88.2816,"max_ats":40.4706,"r_jmean_peak":1375,"r_ats_peak":1375,"r_ats_marginal":437.5,"ats_marginal_rate_max":0.07353014488899008,"ats_marginal_interval_start":375.0,"ats_marginal_interval_end":500.0,"is_expanded":false}},{"type":"Feature","geometry":{"type":"Polygon","coordinates":[[[109.243538,40.7227567],[109.245137,40.7226971],[109.2467205,40.7225191],[109.2482735,40.7222242],[109.2497808,40.7218154],[109.251228,40.7212965],[109.2526011,40.7206727],[109.253887,40.7199498],[109.2550732,40.7191349],[109.2561483,40.7182357],[109.2571019,40.717261],[109.257925,40.7162201],[109.2586094,40.7151231],[109.2591488,40.7139806],[109.2595378,40.7128034],[109.2597727,40.711603],[109.2598512,40.710391],[109.2597727,40.709179],[109.2595378,40.7079786],[109.2591488,40.7068014],[109.2586094,40.7056589],[109.257925,40.7045619],[109.2571019,40.703521],[109.2561483,40.7025463],[109.2550732,40.7016471],[109.253887,40.7008322],[109.2526011,40.7001093],[109.251228,40.6994855],[109.2497808,40.6989666],[109.2482735,40.6985578],[109.2467205,40.6982629],[109.245137,40.6980849],[109.243538,40.6980253],[109.241939,40.6980849],[109.2403555,40.6982629],[109.2388025,40.6985578],[109.2372952,40.6989666],[109.235848,40.6994855],[109.2344749,40.7001093],[109.233189,40.7008322],[109.2320028,40.7016471],[109.2309277,40.7025463],[109.2299741,40.703521],[109.229151,40.7045619],[109.2284666,40.7056589],[109.2279272,40.7068014],[109.2275382,40.7079786],[109.2273033,40.709179],[109.2272248,40.710391],[109.2273033,40.711603],[109.2275382,40.7128034],[109.2279272,40.7139806],[109.2284666,40.7151231],[109.229151,40.7162201],[109.2299741,40.717261],[109.2309277,40.7182357],[109.2320028,40.7191349],[109.233189,40.7199498],[109.2344749,40.7206727],[109.235848,40.7212965],[109.2372952,40.7218154],[109.2388025,40.7222242],[109.2403555,40.7225191],[109.241939,40.7226971],[109.243538,40.7227567]]]},"properties":{"name":"1962无名峰","peak_elev":1962,"radius_m":1375,"layer":"ATS峰值响应半径","rank_pct":0.4623,"center_lon":109.243538,"center_lat":40.710391,"max_mean_jut":79.3271,"max_ats":33.1921,"r_jmean_peak":1250,"r_ats_peak":1375,"r_ats_marginal":187.5,"ats_marginal_rate_max":0.07689402136138576,"ats_marginal_interval_start":125.0,"ats_marginal_interval_end":250.0,"is_expanded":false}},{"type":"Feature","geometry":{"type":"Polygon","coordinates":[[[109.353492,40.7088777],[109.3550906,40.7088181],[109.3566739,40.7086401],[109.3582265,40.7083452],[109.3597335,40.7079364],[109.3611804,40.7074175],[109.3625532,40.7067937],[109.3638388,40.7060708],[109.3650248,40.7052559],[109.3660997,40.7043567],[109.3670531,40.703382],[109.367876,40.7023411],[109.3685603,40.7012441],[109.3690995,40.7001016],[109.3694884,40.6989244],[109.3697233,40.697724],[109.3698018,40.696512],[109.3697233,40.6953],[109.3694884,40.6940996],[109.3690995,40.6929224],[109.3685603,40.6917799],[109.367876,40.6906829],[109.3670531,40.689642],[109.3660997,40.6886673],[109.3650248,40.6877681],[109.3638388,40.6869532],[109.3625532,40.6862303],[109.3611804,40.6856065],[109.3597335,40.6850876],[109.3582265,40.6846788],[109.3566739,40.6843839],[109.3550906,40.6842059],[109.353492,40.6841463],[109.3518934,40.6842059],[109.3503101,40.6843839],[109.3487575,40.6846788],[109.3472505,40.6850876],[109.3458036,40.6856065],[109.3444308,40.6862303],[109.3431452,40.6869532],[109.3419592,40.6877681],[109.3408843,40.6886673],[109.3399309,40.689642],[109.339108,40.6906829],[109.3384237,40.6917799],[109.3378845,40.6929224],[109.3374956,40.6940996],[109.3372607,40.6953],[109.3371822,40.696512],[109.3372607,40.697724],[109.3374956,40.6989244],[109.3378845,40.7001016],[109.3384237,40.7012441],[109.339108,40.7023411],[109.3399309,40.703382],[109.3408843,40.7043567],[109.3419592,40.7052559],[109.3431452,40.7060708],[109.3444308,40.7067937],[109.3458036,40.7074175],[109.3472505,40.7079364],[109.3487575,40.7083452],[109.3503101,40.7086401],[109.3518934,40.7088181],[109.353492,40.7088777]]]},"properties":{"name":"2079无名峰","peak_elev":2079,"radius_m":1375,"layer":"ATS峰值响应半径","rank_pct":0.4623,"center_lon":109.353492,"center_lat":40.696512,"max_mean_jut":73.3527,"max_ats":32.6657,"r_jmean_peak":1375,"r_ats_peak":1375,"r_ats_marginal":437.5,"ats_marginal_rate_max":0.041549585284551244,"ats_marginal_interval_start":375.0,"ats_marginal_interval_end":500.0,"is_expanded":false}},{"type":"Feature","geometry":{"type":"Polygon","coordinates":[[[109.002879,40.6732585],[109.0043316,40.6732044],[109.0057701,40.6730425],[109.0071809,40.6727745],[109.0085501,40.6724028],[109.0098648,40.6719311],[109.0111122,40.671364],[109.0122803,40.6707068],[109.0133579,40.669966],[109.0143346,40.6691485],[109.0152009,40.6682625],[109.0159486,40.6673162],[109.0165704,40.6663189],[109.0170603,40.6652802],[109.0174137,40.6642101],[109.0176271,40.6631189],[109.0176984,40.662017],[109.0176271,40.6609151],[109.0174137,40.6598239],[109.0170603,40.6587538],[109.0165704,40.6577151],[109.0159486,40.6567178],[109.0152009,40.6557715],[109.0143346,40.6548855],[109.0133579,40.654068],[109.0122803,40.6533272],[109.0111122,40.65267],[109.0098648,40.6521029],[109.0085501,40.6516312],[109.0071809,40.6512595],[109.0057701,40.6509915],[109.0043316,40.6508296],[109.002879,40.6507755],[109.0014264,40.6508296],[108.9999879,40.6509915],[108.9985771,40.6512595],[108.9972079,40.6516312],[108.9958932,40.6521029],[108.9946458,40.65267],[108.9934777,40.6533272],[108.9924001,40.654068],[108.9914234,40.6548855],[108.9905571,40.6557715],[108.9898094,40.6567178],[108.9891876,40.6577151],[108.9886977,40.6587538],[108.9883443,40.6598239],[108.9881309,40.6609151],[108.9880596,40.662017],[108.9881309,40.6631189],[108.9883443,40.6642101],[108.9886977,40.6652802],[108.9891876,40.6663189],[108.9898094,40.6673162],[108.9905571,40.6682625],[108.9914234,40.6691485],[108.9924001,40.669966],[108.9934777,40.6707068],[108.9946458,40.671364],[108.9958932,40.6719311],[108.9972079,40.6724028],[108.9985771,40.6727745],[108.9999879,40.6730425],[109.0014264,40.6732044],[109.002879,40.6732585]]]},"properties":{"name":"1566无名峰(1)","peak_elev":1566,"radius_m":1250,"layer":"ATS峰值响应半径","rank_pct":0.4874,"center_lon":109.002879,"center_lat":40.662017,"max_mean_jut":88.2341,"max_ats":52.3806,"r_jmean_peak":875,"r_ats_peak":1250,"r_ats_marginal":312.5,"ats_marginal_rate_max":0.09590348602704923,"ats_marginal_interval_start":250.0,"ats_marginal_interval_end":375.0,"is_expanded":false}},{"type":"Feature","geometry":{"type":"Polygon","coordinates":[[[108.910712,40.6611324],[108.9121643,40.6610783],[108.9136026,40.6609164],[108.9150131,40.6606484],[108.9163821,40.6602767],[108.9176966,40.659805],[108.9189437,40.6592379],[108.9201116,40.6585807],[108.921189,40.6578399],[108.9221655,40.6570224],[108.9230317,40.6561364],[108.9237792,40.6551901],[108.9244009,40.6541928],[108.9248907,40.6531541],[108.925244,40.652084],[108.9254574,40.6509928],[108.9255287,40.6498909],[108.9254574,40.648789],[108.925244,40.6476978],[108.9248907,40.6466277],[108.9244009,40.645589],[108.9237792,40.6445917],[108.9230317,40.6436454],[108.9221655,40.6427594],[108.921189,40.6419419],[108.9201116,40.6412011],[108.9189437,40.6405439],[108.9176966,40.6399768],[108.9163821,40.6395051],[108.9150131,40.6391334],[108.9136026,40.6388654],[108.9121643,40.6387035],[108.910712,40.6386494],[108.9092597,40.6387035],[108.9078214,40.6388654],[108.9064109,40.6391334],[108.9050419,40.6395051],[108.9037274,40.6399768],[108.9024803,40.6405439],[108.9013124,40.6412011],[108.900235,40.6419419],[108.8992585,40.6427594],[108.8983923,40.6436454],[108.8976448,40.6445917],[108.8970231,40.645589],[108.8965333,40.6466277],[108.89618,40.6476978],[108.8959666,40.648789],[108.8958953,40.6498909],[108.8959666,40.6509928],[108.89618,40.652084],[108.8965333,40.6531541],[108.8970231,40.6541928],[108.8976448,40.6551901],[108.8983923,40.6561364],[108.8992585,40.6570224],[108.900235,40.6578399],[108.9013124,40.6585807],[108.9024803,40.6592379],[108.9037274,40.659805],[108.9050419,40.6602767],[108.9064109,40.6606484],[108.9078214,40.6609164],[108.9092597,40.6610783],[108.910712,40.6611324]]]},"properties":{"name":"1597无名峰","peak_elev":1597,"radius_m":1250,"layer":"ATS峰值响应半径","rank_pct":0.4874,"center_lon":108.910712,"center_lat":40.6498908996582,"max_mean_jut":84.3087,"max_ats":41.4809,"r_jmean_peak":1250,"r_ats_peak":1250,"r_ats_marginal":437.5,"ats_marginal_rate_max":0.06938764391432864,"ats_marginal_interval_start":375.0,"ats_marginal_interval_end":500.0,"is_expanded":false}},{"type":"Feature","geometry":{"type":"Polygon","coordinates":[[[110.574033,40.6390325],[110.5754848,40.6389784],[110.5769226,40.6388165],[110.5783326,40.6385485],[110.5797012,40.6381768],[110.5810152,40.6377051],[110.582262,40.637138],[110.5834295,40.6364808],[110.5845065,40.63574],[110.5854827,40.6349225],[110.5863486,40.6340365],[110.5870959,40.6330902],[110.5877173,40.6320929],[110.588207,40.6310542],[110.5885602,40.6299841],[110.5887735,40.6288929],[110.5888448,40.627791],[110.5887735,40.6266891],[110.5885602,40.6255979],[110.588207,40.6245278],[110.5877173,40.6234891],[110.5870959,40.6224918],[110.5863486,40.6215455],[110.5854827,40.6206595],[110.5845065,40.619842],[110.5834295,40.6191012],[110.582262,40.618444],[110.5810152,40.6178769],[110.5797012,40.6174052],[110.5783326,40.6170335],[110.5769226,40.6167655],[110.5754848,40.6166036],[110.574033,40.6165495],[110.5725812,40.6166036],[110.5711434,40.6167655],[110.5697334,40.6170335],[110.5683648,40.6174052],[110.5670508,40.6178769],[110.565804,40.618444],[110.5646365,40.6191012],[110.5635595,40.619842],[110.5625833,40.6206595],[110.5617174,40.6215455],[110.5609701,40.6224918],[110.5603487,40.6234891],[110.559859,40.6245278],[110.5595058,40.6255979],[110.5592925,40.6266891],[110.5592212,40.627791],[110.5592925,40.6288929],[110.5595058,40.6299841],[110.559859,40.6310542],[110.5603487,40.6320929],[110.5609701,40.6330902],[110.5617174,40.6340365],[110.5625833,40.6349225],[110.5635595,40.63574],[110.5646365,40.6364808],[110.565804,40.637138],[110.5670508,40.6377051],[110.5683648,40.6381768],[110.5697334,40.6385485],[110.5711434,40.6388165],[110.5725812,40.6389784],[110.574033,40.6390325]]]},"properties":{"name":"1628无名峰","peak_elev":1628,"radius_m":1250,"layer":"ATS峰值响应半径","rank_pct":0.4874,"center_lon":110.574033,"center_lat":40.627791,"max_mean_jut":92.3081,"max_ats":47.8891,"r_jmean_peak":1125,"r_ats_peak":1250,"r_ats_marginal":187.5,"ats_marginal_rate_max":0.08604024902683745,"ats_marginal_interval_start":125.0,"ats_marginal_interval_end":250.0,"is_expanded":false}},{"type":"Feature","geometry":{"type":"Polygon","coordinates":[[[110.600713,40.6425358],[110.6021649,40.6424816],[110.6036028,40.6423198],[110.6050129,40.6420517],[110.6063815,40.6416801],[110.6076956,40.6412084],[110.6089424,40.6406412],[110.61011,40.6399841],[110.6111871,40.6392432],[110.6121633,40.6384258],[110.6130292,40.6375397],[110.6137766,40.6365935],[110.6143981,40.6355962],[110.6148878,40.6345575],[110.615241,40.6334874],[110.6154543,40.6323961],[110.6155256,40.6312943],[110.6154543,40.6301924],[110.615241,40.6291011],[110.6148878,40.628031],[110.6143981,40.6269923],[110.6137766,40.625995],[110.6130292,40.6250488],[110.6121633,40.6241627],[110.6111871,40.6233453],[110.61011,40.6226044],[110.6089424,40.6219473],[110.6076956,40.6213801],[110.6063815,40.6209084],[110.6050129,40.6205368],[110.6036028,40.6202687],[110.6021649,40.6201069],[110.600713,40.6200527],[110.5992611,40.6201069],[110.5978232,40.6202687],[110.5964131,40.6205368],[110.5950445,40.6209084],[110.5937304,40.6213801],[110.5924836,40.6219473],[110.591316,40.6226044],[110.5902389,40.6233453],[110.5892627,40.6241627],[110.5883968,40.6250488],[110.5876494,40.625995],[110.5870279,40.6269923],[110.5865382,40.628031],[110.586185,40.6291011],[110.5859717,40.6301924],[110.5859004,40.6312943],[110.5859717,40.6323961],[110.586185,40.6334874],[110.5865382,40.6345575],[110.5870279,40.6355962],[110.5876494,40.6365935],[110.5883968,40.6375397],[110.5892627,40.6384258],[110.5902389,40.6392432],[110.591316,40.6399841],[110.5924836,40.6406412],[110.5937304,40.6412084],[110.5950445,40.6416801],[110.5964131,40.6420517],[110.5978232,40.6423198],[110.5992611,40.6424816],[110.600713,40.6425358]]]},"properties":{"name":"1853无名峰","peak_elev":1853,"radius_m":1250,"layer":"ATS峰值响应半径","rank_pct":0.4874,"center_lon":110.600713,"center_lat":40.63129425048828,"max_mean_jut":119.5065,"max_ats":57.8234,"r_jmean_peak":1250,"r_ats_peak":1250,"r_ats_marginal":312.5,"ats_marginal_rate_max":0.12620084090492845,"ats_marginal_interval_start":250.0,"ats_marginal_interval_end":375.0,"is_expanded":false}},{"type":"Feature","geometry":{"type":"Polygon","coordinates":[[[110.723872,40.7069455],[110.7253253,40.7068914],[110.7267646,40.7067295],[110.728176,40.7064615],[110.729546,40.7060898],[110.7308614,40.7056181],[110.7321094,40.705051],[110.7332781,40.7043938],[110.7343562,40.703653],[110.7353334,40.7028355],[110.7362001,40.7019495],[110.7369482,40.7010032],[110.7375703,40.7000059],[110.7380605,40.6989672],[110.738414,40.6978971],[110.7386275,40.6968059],[110.7386989,40.695704],[110.7386275,40.6946021],[110.738414,40.6935109],[110.7380605,40.6924408],[110.7375703,40.6914021],[110.7369482,40.6904048],[110.7362001,40.6894585],[110.7353334,40.6885725],[110.7343562,40.687755],[110.7332781,40.6870142],[110.7321094,40.686357],[110.7308614,40.6857899],[110.729546,40.6853182],[110.728176,40.6849465],[110.7267646,40.6846785],[110.7253253,40.6845166],[110.723872,40.6844625],[110.7224187,40.6845166],[110.7209794,40.6846785],[110.719568,40.6849465],[110.718198,40.6853182],[110.7168826,40.6857899],[110.7156346,40.686357],[110.7144659,40.6870142],[110.7133878,40.687755],[110.7124106,40.6885725],[110.7115439,40.6894585],[110.7107958,40.6904048],[110.7101737,40.6914021],[110.7096835,40.6924408],[110.70933,40.6935109],[110.7091165,40.6946021],[110.7090451,40.695704],[110.7091165,40.6968059],[110.70933,40.6978971],[110.7096835,40.6989672],[110.7101737,40.7000059],[110.7107958,40.7010032],[110.7115439,40.7019495],[110.7124106,40.7028355],[110.7133878,40.703653],[110.7144659,40.7043938],[110.7156346,40.705051],[110.7168826,40.7056181],[110.718198,40.7060898],[110.719568,40.7064615],[110.7209794,40.7067295],[110.7224187,40.7068914],[110.723872,40.7069455]]]},"properties":{"name":"1929无名峰","peak_elev":1929,"radius_m":1250,"layer":"ATS峰值响应半径","rank_pct":0.4874,"center_lon":110.723872,"center_lat":40.695704,"max_mean_jut":72.8022,"max_ats":34.1833,"r_jmean_peak":1000,"r_ats_peak":1250,"r_ats_marginal":187.5,"ats_marginal_rate_max":0.08432291723514444,"ats_marginal_interval_start":125.0,"ats_marginal_interval_end":250.0,"is_expanded":false}},{"type":"Feature","geometry":{"type":"Polygon","coordinates":[[[109.241921,40.7107185],[109.2433744,40.7106644],[109.2448138,40.7105025],[109.2462253,40.7102345],[109.2475953,40.7098628],[109.2489108,40.7093911],[109.2501589,40.708824],[109.2513276,40.7081668],[109.2524058,40.707426],[109.253383,40.7066085],[109.2542498,40.7057225],[109.2549979,40.7047762],[109.2556201,40.7037789],[109.2561103,40.7027402],[109.2564638,40.7016701],[109.2566774,40.7005789],[109.2567488,40.699477],[109.2566774,40.6983751],[109.2564638,40.6972839],[109.2561103,40.6962138],[109.2556201,40.6951751],[109.2549979,40.6941778],[109.2542498,40.6932315],[109.253383,40.6923455],[109.2524058,40.691528],[109.2513276,40.6907872],[109.2501589,40.69013],[109.2489108,40.6895629],[109.2475953,40.6890912],[109.2462253,40.6887195],[109.2448138,40.6884515],[109.2433744,40.6882896],[109.241921,40.6882355],[109.2404676,40.6882896],[109.2390282,40.6884515],[109.2376167,40.6887195],[109.2362467,40.6890912],[109.2349312,40.6895629],[109.2336831,40.69013],[109.2325144,40.6907872],[109.2314362,40.691528],[109.230459,40.6923455],[109.2295922,40.6932315],[109.2288441,40.6941778],[109.2282219,40.6951751],[109.2277317,40.6962138],[109.2273782,40.6972839],[109.2271646,40.6983751],[109.2270932,40.699477],[109.2271646,40.7005789],[109.2273782,40.7016701],[109.2277317,40.7027402],[109.2282219,40.7037789],[109.2288441,40.7047762],[109.2295922,40.7057225],[109.230459,40.7066085],[109.2314362,40.707426],[109.2325144,40.7081668],[109.2336831,40.708824],[109.2349312,40.7093911],[109.2362467,40.7098628],[109.2376167,40.7102345],[109.2390282,40.7105025],[109.2404676,40.7106644],[109.241921,40.7107185]]]},"properties":{"name":"1936无名峰","peak_elev":1936,"radius_m":1250,"layer":"ATS峰值响应半径","rank_pct":0.4874,"center_lon":109.241921,"center_lat":40.699477,"max_mean_jut":124.3435,"max_ats":61.7848,"r_jmean_peak":1000,"r_ats_peak":1250,"r_ats_marginal":187.5,"ats_marginal_rate_max":0.11620936958878463,"ats_marginal_interval_start":125.0,"ats_marginal_interval_end":250.0,"is_expanded":false}},{"type":"Feature","geometry":{"type":"Polygon","coordinates":[[[110.926801,40.7290435],[110.9282548,40.7289894],[110.9296945,40.7288275],[110.9311065,40.7285595],[110.9324769,40.7281878],[110.9337927,40.7277161],[110.9350411,40.727149],[110.9362102,40.7264918],[110.9372887,40.725751],[110.9382662,40.7249335],[110.9391332,40.7240475],[110.9398815,40.7231012],[110.9405038,40.7221039],[110.9409942,40.7210652],[110.9413478,40.7199951],[110.9415614,40.7189039],[110.9416328,40.717802],[110.9415614,40.7167001],[110.9413478,40.7156089],[110.9409942,40.7145388],[110.9405038,40.7135001],[110.9398815,40.7125028],[110.9391332,40.7115565],[110.9382662,40.7106705],[110.9372887,40.709853],[110.9362102,40.7091122],[110.9350411,40.708455],[110.9337927,40.7078879],[110.9324769,40.7074162],[110.9311065,40.7070445],[110.9296945,40.7067765],[110.9282548,40.7066146],[110.926801,40.7065605],[110.9253472,40.7066146],[110.9239075,40.7067765],[110.9224955,40.7070445],[110.9211251,40.7074162],[110.9198093,40.7078879],[110.9185609,40.708455],[110.9173918,40.7091122],[110.9163133,40.709853],[110.9153358,40.7106705],[110.9144688,40.7115565],[110.9137205,40.7125028],[110.9130982,40.7135001],[110.9126078,40.7145388],[110.9122542,40.7156089],[110.9120406,40.7167001],[110.9119692,40.717802],[110.9120406,40.7189039],[110.9122542,40.7199951],[110.9126078,40.7210652],[110.9130982,40.7221039],[110.9137205,40.7231012],[110.9144688,40.7240475],[110.9153358,40.7249335],[110.9163133,40.725751],[110.9173918,40.7264918],[110.9185609,40.727149],[110.9198093,40.7277161],[110.9211251,40.7281878],[110.9224955,40.7285595],[110.9239075,40.7288275],[110.9253472,40.7289894],[110.926801,40.7290435]]]},"properties":{"name":"1937无名峰","peak_elev":1937,"radius_m":1250,"layer":"ATS峰值响应半径","rank_pct":0.4874,"center_lon":110.926801,"center_lat":40.717802,"max_mean_jut":126.6231,"max_ats":67.3134,"r_jmean_peak":1250,"r_ats_peak":1250,"r_ats_marginal":312.5,"ats_marginal_rate_max":0.09396196243492266,"ats_marginal_interval_start":250.0,"ats_marginal_interval_end":375.0,"is_expanded":false}},{"type":"Feature","geometry":{"type":"Polygon","coordinates":[[[110.851612,40.7974955],[110.8530673,40.7974414],[110.8545085,40.7972795],[110.8559219,40.7970115],[110.8572937,40.7966398],[110.8586109,40.7961681],[110.8598606,40.795601],[110.8610309,40.7949438],[110.8621105,40.794203],[110.863089,40.7933855],[110.8639569,40.7924995],[110.864706,40.7915532],[110.8653289,40.7905559],[110.8658198,40.7895172],[110.8661738,40.7884471],[110.8663876,40.7873559],[110.8664591,40.786254],[110.8663876,40.7851521],[110.8661738,40.7840609],[110.8658198,40.7829908],[110.8653289,40.7819521],[110.864706,40.7809548],[110.8639569,40.7800085],[110.863089,40.7791225],[110.8621105,40.778305],[110.8610309,40.7775642],[110.8598606,40.776907],[110.8586109,40.7763399],[110.8572937,40.7758682],[110.8559219,40.7754965],[110.8545085,40.7752285],[110.8530673,40.7750666],[110.851612,40.7750125],[110.8501567,40.7750666],[110.8487155,40.7752285],[110.8473021,40.7754965],[110.8459303,40.7758682],[110.8446131,40.7763399],[110.8433634,40.776907],[110.8421931,40.7775642],[110.8411135,40.778305],[110.840135,40.7791225],[110.8392671,40.7800085],[110.838518,40.7809548],[110.8378951,40.7819521],[110.8374042,40.7829908],[110.8370502,40.7840609],[110.8368364,40.7851521],[110.8367649,40.786254],[110.8368364,40.7873559],[110.8370502,40.7884471],[110.8374042,40.7895172],[110.8378951,40.7905559],[110.838518,40.7915532],[110.8392671,40.7924995],[110.840135,40.7933855],[110.8411135,40.794203],[110.8421931,40.7949438],[110.8433634,40.795601],[110.8446131,40.7961681],[110.8459303,40.7966398],[110.8473021,40.7970115],[110.8487155,40.7972795],[110.8501567,40.7974414],[110.851612,40.7974955]]]},"properties":{"name":"2007无名峰","peak_elev":2007,"radius_m":1250,"layer":"ATS峰值响应半径","rank_pct":0.4874,"center_lon":110.851612,"center_lat":40.786254,"max_mean_jut":75.0574,"max_ats":36.801,"r_jmean_peak":875,"r_ats_peak":1250,"r_ats_marginal":437.5,"ats_marginal_rate_max":0.0494436942880593,"ats_marginal_interval_start":375.0,"ats_marginal_interval_end":500.0,"is_expanded":false}},{"type":"Feature","geometry":{"type":"Polygon","coordinates":[[[110.925049,40.8398052],[110.9265052,40.8397511],[110.9279474,40.8395892],[110.9293616,40.8393212],[110.9307344,40.8389495],[110.9320523,40.8384778],[110.9333029,40.8379107],[110.9344739,40.8372535],[110.9355542,40.8365126],[110.9365333,40.8356952],[110.9374018,40.8348091],[110.9381513,40.8338629],[110.9387747,40.8328656],[110.9392659,40.8318269],[110.9396201,40.8307568],[110.939834,40.8296656],[110.9399056,40.8285637],[110.939834,40.8274618],[110.9396201,40.8263706],[110.9392659,40.8253004],[110.9387747,40.8242617],[110.9381513,40.8232645],[110.9374018,40.8223182],[110.9365333,40.8214321],[110.9355542,40.8206147],[110.9344739,40.8198739],[110.9333029,40.8192167],[110.9320523,40.8186496],[110.9307344,40.8181779],[110.9293616,40.8178062],[110.9279474,40.8175382],[110.9265052,40.8173763],[110.925049,40.8173222],[110.9235928,40.8173763],[110.9221506,40.8175382],[110.9207364,40.8178062],[110.9193636,40.8181779],[110.9180457,40.8186496],[110.9167951,40.8192167],[110.9156241,40.8198739],[110.9145438,40.8206147],[110.9135647,40.8214321],[110.9126962,40.8223182],[110.9119467,40.8232645],[110.9113233,40.8242617],[110.9108321,40.8253004],[110.9104779,40.8263706],[110.910264,40.8274618],[110.9101924,40.8285637],[110.910264,40.8296656],[110.9104779,40.8307568],[110.9108321,40.8318269],[110.9113233,40.8328656],[110.9119467,40.8338629],[110.9126962,40.8348091],[110.9135647,40.8356952],[110.9145438,40.8365126],[110.9156241,40.8372535],[110.9167951,40.8379107],[110.9180457,40.8384778],[110.9193636,40.8389495],[110.9207364,40.8393212],[110.9221506,40.8395892],[110.9235928,40.8397511],[110.925049,40.8398052]]]},"properties":{"name":"2135无名峰","peak_elev":2135,"radius_m":1250,"layer":"ATS峰值响应半径","rank_pct":0.4874,"center_lon":110.925049,"center_lat":40.82856369018555,"max_mean_jut":82.0389,"max_ats":41.3062,"r_jmean_peak":1250,"r_ats_peak":1250,"r_ats_marginal":187.5,"ats_marginal_rate_max":0.05185751836830349,"ats_marginal_interval_start":125.0,"ats_marginal_interval_end":250.0,"is_expanded":false}},{"type":"Feature","geometry":{"type":"Polygon","coordinates":[[[109.278572,41.0071164],[109.2798859,41.0070677],[109.2811872,41.006922],[109.2824633,41.0066807],[109.2837019,41.0063462],[109.2848911,41.0059217],[109.2860194,41.0054113],[109.2870761,41.0048198],[109.2880508,41.0041531],[109.2889342,41.0034174],[109.2897179,41.0026199],[109.2903942,41.0017683],[109.2909566,41.0008707],[109.2913998,40.9999359],[109.2917195,40.9989728],[109.2919125,40.9979907],[109.291977,40.996999],[109.2919125,40.9960073],[109.2917195,40.9950252],[109.2913998,40.9940621],[109.2909566,40.9931273],[109.2903942,40.9922297],[109.2897179,40.9913781],[109.2889342,40.9905806],[109.2880508,40.9898449],[109.2870761,40.9891782],[109.2860194,40.9885867],[109.2848911,40.9880763],[109.2837019,40.9876518],[109.2824633,40.9873173],[109.2811872,40.987076],[109.2798859,40.9869303],[109.278572,40.9868816],[109.2772581,40.9869303],[109.2759568,40.987076],[109.2746807,40.9873173],[109.2734421,40.9876518],[109.2722529,40.9880763],[109.2711246,40.9885867],[109.2700679,40.9891782],[109.2690932,40.9898449],[109.2682098,40.9905806],[109.2674261,40.9913781],[109.2667498,40.9922297],[109.2661874,40.9931273],[109.2657442,40.9940621],[109.2654245,40.9950252],[109.2652315,40.9960073],[109.265167,40.996999],[109.2652315,40.9979907],[109.2654245,40.9989728],[109.2657442,40.9999359],[109.2661874,41.0008707],[109.2667498,41.0017683],[109.2674261,41.0026199],[109.2682098,41.0034174],[109.2690932,41.0041531],[109.2700679,41.0048198],[109.2711246,41.0054113],[109.2722529,41.0059217],[109.2734421,41.0063462],[109.2746807,41.0066807],[109.2759568,41.006922],[109.2772581,41.0070677],[109.278572,41.0071164]]]},"properties":{"name":"1496无名峰","peak_elev":1496,"radius_m":1125,"layer":"ATS峰值响应半径","rank_pct":0.5327,"center_lon":109.278572,"center_lat":40.996999,"max_mean_jut":65.8591,"max_ats":44.2949,"r_jmean_peak":625,"r_ats_peak":1125,"r_ats_marginal":187.5,"ats_marginal_rate_max":0.1284445883977852,"ats_marginal_interval_start":125.0,"ats_marginal_interval_end":250.0,"is_expanded":false}},{"type":"Feature","geometry":{"type":"Polygon","coordinates":[[[110.737256,40.6489571],[110.7385628,40.6489084],[110.7398571,40.6487627],[110.7411263,40.6485214],[110.7423583,40.648187],[110.7435411,40.6477624],[110.7446633,40.647252],[110.7457143,40.6466606],[110.7466838,40.6459938],[110.7475624,40.6452581],[110.7483419,40.6444606],[110.7490145,40.643609],[110.7495739,40.6427115],[110.7500147,40.6417766],[110.7503327,40.6408135],[110.7505247,40.6398314],[110.7505889,40.6388397],[110.7505247,40.637848],[110.7503327,40.6368659],[110.7500147,40.6359028],[110.7495739,40.634968],[110.7490145,40.6340704],[110.7483419,40.6332188],[110.7475624,40.6324213],[110.7466838,40.6316857],[110.7457143,40.6310189],[110.7446633,40.6304274],[110.7435411,40.629917],[110.7423583,40.6294925],[110.7411263,40.629158],[110.7398571,40.6289168],[110.7385628,40.6287711],[110.737256,40.6287224],[110.7359492,40.6287711],[110.7346549,40.6289168],[110.7333857,40.629158],[110.7321537,40.6294925],[110.7309709,40.629917],[110.7298487,40.6304274],[110.7287977,40.6310189],[110.7278282,40.6316857],[110.7269496,40.6324213],[110.7261701,40.6332188],[110.7254975,40.6340704],[110.7249381,40.634968],[110.7244973,40.6359028],[110.7241793,40.6368659],[110.7239873,40.637848],[110.7239231,40.6388397],[110.7239873,40.6398314],[110.7241793,40.6408135],[110.7244973,40.6417766],[110.7249381,40.6427115],[110.7254975,40.643609],[110.7261701,40.6444606],[110.7269496,40.6452581],[110.7278282,40.6459938],[110.7287977,40.6466606],[110.7298487,40.647252],[110.7309709,40.6477624],[110.7321537,40.648187],[110.7333857,40.6485214],[110.7346549,40.6487627],[110.7359492,40.6489084],[110.737256,40.6489571]]]},"properties":{"name":"1834无名峰","peak_elev":1834,"radius_m":1125,"layer":"ATS峰值响应半径","rank_pct":0.5327,"center_lon":110.737256,"center_lat":40.63883972167969,"max_mean_jut":115.835,"max_ats":50.3107,"r_jmean_peak":1125,"r_ats_peak":1125,"r_ats_marginal":187.5,"ats_marginal_rate_max":0.11354089991029305,"ats_marginal_interval_start":125.0,"ats_marginal_interval_end":250.0,"is_expanded":false}},{"type":"Feature","geometry":{"type":"Polygon","coordinates":[[[110.884491,40.7610672],[110.8858,40.7610185],[110.8870965,40.7608728],[110.8883678,40.7606316],[110.8896018,40.7602971],[110.8907866,40.7598726],[110.8919108,40.7593621],[110.8929635,40.7587707],[110.8939346,40.7581039],[110.8948148,40.7573682],[110.8955955,40.7565708],[110.8962693,40.7557192],[110.8968297,40.7548216],[110.8972712,40.7538868],[110.8975897,40.7529237],[110.897782,40.7519415],[110.8978463,40.7509499],[110.897782,40.7499582],[110.8975897,40.7489761],[110.8972712,40.7480129],[110.8968297,40.7470781],[110.8962693,40.7461806],[110.8955955,40.745329],[110.8948148,40.7445315],[110.8939346,40.7437958],[110.8929635,40.743129],[110.8919108,40.7425376],[110.8907866,40.7420271],[110.8896018,40.7416026],[110.8883678,40.7412681],[110.8870965,40.7410269],[110.8858,40.7408812],[110.884491,40.7408325],[110.8831819,40.7408812],[110.8818855,40.7410269],[110.8806141,40.7412681],[110.8793801,40.7416026],[110.8781953,40.7420271],[110.8770712,40.7425376],[110.8760185,40.743129],[110.8750473,40.7437958],[110.8741672,40.7445315],[110.8733864,40.745329],[110.8727126,40.7461806],[110.8721523,40.7470781],[110.8717107,40.7480129],[110.8713923,40.7489761],[110.8712,40.7499582],[110.8711357,40.7509499],[110.8712,40.7519415],[110.8713923,40.7529237],[110.8717107,40.7538868],[110.8721523,40.7548216],[110.8727126,40.7557192],[110.8733864,40.7565708],[110.8741672,40.7573682],[110.8750473,40.7581039],[110.8760185,40.7587707],[110.8770712,40.7593621],[110.8781953,40.7598726],[110.8793801,40.7602971],[110.8806141,40.7606316],[110.8818855,40.7608728],[110.8831819,40.7610185],[110.884491,40.7610672]]]},"properties":{"name":"1908无名峰","peak_elev":1908,"radius_m":1125,"layer":"ATS峰值响应半径","rank_pct":0.5327,"center_lon":110.88449096679688,"center_lat":40.75094985961914,"max_mean_jut":78.1142,"max_ats":39.4754,"r_jmean_peak":1500,"r_ats_peak":1125,"r_ats_marginal":187.5,"ats_marginal_rate_max":0.07950060429473225,"ats_marginal_interval_start":125.0,"ats_marginal_interval_end":250.0,"is_expanded":false}},{"type":"Feature","geometry":{"type":"Polygon","coordinates":[[[110.609606,40.6411424],[110.6109127,40.6410937],[110.6122068,40.640948],[110.6134759,40.6407067],[110.6147077,40.6403722],[110.6158903,40.6399477],[110.6170125,40.6394373],[110.6180633,40.6388458],[110.6190326,40.6381791],[110.6199112,40.6374434],[110.6206906,40.6366459],[110.6213631,40.6357943],[110.6219225,40.6348967],[110.6223633,40.6339619],[110.6226811,40.6329988],[110.6228731,40.6320167],[110.6229373,40.631025],[110.6228731,40.6300333],[110.6226811,40.6290512],[110.6223633,40.6280881],[110.6219225,40.6271533],[110.6213631,40.6262557],[110.6206906,40.6254041],[110.6199112,40.6246066],[110.6190326,40.6238709],[110.6180633,40.6232042],[110.6170125,40.6226127],[110.6158903,40.6221023],[110.6147077,40.6216778],[110.6134759,40.6213433],[110.6122068,40.621102],[110.6109127,40.6209563],[110.609606,40.6209076],[110.6082993,40.6209563],[110.6070052,40.621102],[110.6057361,40.6213433],[110.6045043,40.6216778],[110.6033217,40.6221023],[110.6021995,40.6226127],[110.6011487,40.6232042],[110.6001794,40.6238709],[110.5993008,40.6246066],[110.5985214,40.6254041],[110.5978489,40.6262557],[110.5972895,40.6271533],[110.5968487,40.6280881],[110.5965309,40.6290512],[110.5963389,40.6300333],[110.5962747,40.631025],[110.5963389,40.6320167],[110.5965309,40.6329988],[110.5968487,40.6339619],[110.5972895,40.6348967],[110.5978489,40.6357943],[110.5985214,40.6366459],[110.5993008,40.6374434],[110.6001794,40.6381791],[110.6011487,40.6388458],[110.6021995,40.6394373],[110.6033217,40.6399477],[110.6045043,40.6403722],[110.6057361,40.6407067],[110.6070052,40.640948],[110.6082993,40.6410937],[110.609606,40.6411424]]]},"properties":{"name":"1926无名峰","peak_elev":1926,"radius_m":1125,"layer":"ATS峰值响应半径","rank_pct":0.5327,"center_lon":110.609606,"center_lat":40.631025,"max_mean_jut":119.9904,"max_ats":59.8014,"r_jmean_peak":1250,"r_ats_peak":1125,"r_ats_marginal":187.5,"ats_marginal_rate_max":0.12463844543605261,"ats_marginal_interval_start":125.0,"ats_marginal_interval_end":250.0,"is_expanded":false}},{"type":"Feature","geometry":{"type":"Polygon","coordinates":[[[110.672668,40.6565034],[110.673975,40.6564547],[110.6752694,40.656309],[110.6765388,40.6560677],[110.6777708,40.6557332],[110.6789538,40.6553087],[110.6800762,40.6547983],[110.6811272,40.6542068],[110.6820968,40.6535401],[110.6829756,40.6528044],[110.6837551,40.6520069],[110.6844279,40.6511553],[110.6849873,40.6502577],[110.6854282,40.6493229],[110.6857461,40.6483598],[110.6859382,40.6473777],[110.6860024,40.646386],[110.6859382,40.6453943],[110.6857461,40.6444122],[110.6854282,40.6434491],[110.6849873,40.6425143],[110.6844279,40.6416167],[110.6837551,40.6407651],[110.6829756,40.6399676],[110.6820968,40.6392319],[110.6811272,40.6385652],[110.6800762,40.6379737],[110.6789538,40.6374633],[110.6777708,40.6370388],[110.6765388,40.6367043],[110.6752694,40.636463],[110.673975,40.6363173],[110.672668,40.6362686],[110.671361,40.6363173],[110.6700666,40.636463],[110.6687972,40.6367043],[110.6675652,40.6370388],[110.6663822,40.6374633],[110.6652598,40.6379737],[110.6642088,40.6385652],[110.6632392,40.6392319],[110.6623604,40.6399676],[110.6615809,40.6407651],[110.6609081,40.6416167],[110.6603487,40.6425143],[110.6599078,40.6434491],[110.6595899,40.6444122],[110.6593978,40.6453943],[110.6593336,40.646386],[110.6593978,40.6473777],[110.6595899,40.6483598],[110.6599078,40.6493229],[110.6603487,40.6502577],[110.6609081,40.6511553],[110.6615809,40.6520069],[110.6623604,40.6528044],[110.6632392,40.6535401],[110.6642088,40.6542068],[110.6652598,40.6547983],[110.6663822,40.6553087],[110.6675652,40.6557332],[110.6687972,40.6560677],[110.6700666,40.656309],[110.671361,40.6564547],[110.672668,40.6565034]]]},"properties":{"name":"1932无名峰","peak_elev":1932,"radius_m":1125,"layer":"ATS峰值响应半径","rank_pct":0.5327,"center_lon":110.672668,"center_lat":40.646386,"max_mean_jut":77.7107,"max_ats":28.8715,"r_jmean_peak":2250,"r_ats_peak":1125,"r_ats_marginal":187.5,"ats_marginal_rate_max":0.08158042973562903,"ats_marginal_interval_start":125.0,"ats_marginal_interval_end":250.0,"is_expanded":false}},{"type":"Feature","geometry":{"type":"Polygon","coordinates":[[[110.496418,40.6378622],[110.4975795,40.6378189],[110.4987298,40.6376894],[110.4998578,40.637475],[110.5009527,40.6371776],[110.5020039,40.6368003],[110.5030013,40.6363466],[110.5039353,40.6358209],[110.504797,40.6352282],[110.5055779,40.6345742],[110.5062706,40.6338654],[110.5068685,40.6331084],[110.5073657,40.6323106],[110.5077574,40.6314796],[110.50804,40.6306235],[110.5082106,40.6297505],[110.5082677,40.628869],[110.5082106,40.6279875],[110.50804,40.6271145],[110.5077574,40.6262584],[110.5073657,40.6254274],[110.5068685,40.6246296],[110.5062706,40.6238726],[110.5055779,40.6231638],[110.504797,40.6225098],[110.5039353,40.6219171],[110.5030013,40.6213914],[110.5020039,40.6209377],[110.5009527,40.6205604],[110.4998578,40.620263],[110.4987298,40.6200486],[110.4975795,40.6199191],[110.496418,40.6198758],[110.4952565,40.6199191],[110.4941062,40.6200486],[110.4929782,40.620263],[110.4918833,40.6205604],[110.4908321,40.6209377],[110.4898347,40.6213914],[110.4889007,40.6219171],[110.488039,40.6225098],[110.4872581,40.6231638],[110.4865654,40.6238726],[110.4859675,40.6246296],[110.4854703,40.6254274],[110.4850786,40.6262584],[110.484796,40.6271145],[110.4846254,40.6279875],[110.4845683,40.628869],[110.4846254,40.6297505],[110.484796,40.6306235],[110.4850786,40.6314796],[110.4854703,40.6323106],[110.4859675,40.6331084],[110.4865654,40.6338654],[110.4872581,40.6345742],[110.488039,40.6352282],[110.4889007,40.6358209],[110.4898347,40.6363466],[110.4908321,40.6368003],[110.4918833,40.6371776],[110.4929782,40.637475],[110.4941062,40.6376894],[110.4952565,40.6378189],[110.496418,40.6378622]]]},"properties":{"name":"1532无名峰(2)","peak_elev":1532,"radius_m":1000,"layer":"ATS峰值响应半径","rank_pct":0.5578,"center_lon":110.496418,"center_lat":40.628869,"max_mean_jut":78.4655,"max_ats":40.022,"r_jmean_peak":1000,"r_ats_peak":1000,"r_ats_marginal":187.5,"ats_marginal_rate_max":0.06807129875545696,"ats_marginal_interval_start":125.0,"ats_marginal_interval_end":250.0,"is_expanded":false}},{"type":"Feature","geometry":{"type":"Polygon","coordinates":[[[110.955098,40.7154762],[110.9562608,40.7154329],[110.9574124,40.7153034],[110.9585418,40.715089],[110.9596379,40.7147916],[110.9606904,40.7144143],[110.961689,40.7139606],[110.9626241,40.7134349],[110.9634867,40.7128422],[110.9642686,40.7121882],[110.9649621,40.7114794],[110.9655606,40.7107224],[110.9660584,40.7099246],[110.9664506,40.7090936],[110.9667335,40.7082375],[110.9669043,40.7073645],[110.9669615,40.706483],[110.9669043,40.7056015],[110.9667335,40.7047285],[110.9664506,40.7038724],[110.9660584,40.7030414],[110.9655606,40.7022436],[110.9649621,40.7014866],[110.9642686,40.7007778],[110.9634867,40.7001238],[110.9626241,40.6995311],[110.961689,40.6990054],[110.9606904,40.6985517],[110.9596379,40.6981744],[110.9585418,40.697877],[110.9574124,40.6976626],[110.9562608,40.6975331],[110.955098,40.6974898],[110.9539352,40.6975331],[110.9527836,40.6976626],[110.9516542,40.697877],[110.9505581,40.6981744],[110.9495056,40.6985517],[110.948507,40.6990054],[110.9475719,40.6995311],[110.9467093,40.7001238],[110.9459274,40.7007778],[110.9452339,40.7014866],[110.9446354,40.7022436],[110.9441376,40.7030414],[110.9437454,40.7038724],[110.9434625,40.7047285],[110.9432917,40.7056015],[110.9432345,40.706483],[110.9432917,40.7073645],[110.9434625,40.7082375],[110.9437454,40.7090936],[110.9441376,40.7099246],[110.9446354,40.7107224],[110.9452339,40.7114794],[110.9459274,40.7121882],[110.9467093,40.7128422],[110.9475719,40.7134349],[110.948507,40.7139606],[110.9495056,40.7144143],[110.9505581,40.7147916],[110.9516542,40.715089],[110.9527836,40.7153034],[110.9539352,40.7154329],[110.955098,40.7154762]]]},"properties":{"name":"1602无名峰","peak_elev":1602,"radius_m":1000,"layer":"ATS峰值响应半径","rank_pct":0.5578,"center_lon":110.955098,"center_lat":40.706483,"max_mean_jut":100.916,"max_ats":51.1139,"r_jmean_peak":1000,"r_ats_peak":1000,"r_ats_marginal":187.5,"ats_marginal_rate_max":0.09046436967431444,"ats_marginal_interval_start":125.0,"ats_marginal_interval_end":250.0,"is_expanded":false}},{"type":"Feature","geometry":{"type":"Polygon","coordinates":[[[108.939278,40.6669675],[108.94044,40.6669242],[108.9415908,40.6667947],[108.9427193,40.6665802],[108.9438146,40.6662829],[108.9448663,40.6659056],[108.9458642,40.6654518],[108.9467986,40.6649261],[108.9476606,40.6643334],[108.9484419,40.6636795],[108.9491349,40.6629706],[108.949733,40.6622136],[108.9502304,40.6614158],[108.9506224,40.6605848],[108.950905,40.6597287],[108.9510757,40.6588557],[108.9511328,40.6579742],[108.9510757,40.6570928],[108.950905,40.6562198],[108.9506224,40.6553637],[108.9502304,40.6545327],[108.949733,40.6537349],[108.9491349,40.6529779],[108.9484419,40.652269],[108.9476606,40.6516151],[108.9467986,40.6510224],[108.9458642,40.6504967],[108.9448663,40.6500429],[108.9438146,40.6496656],[108.9427193,40.6493683],[108.9415908,40.6491538],[108.94044,40.6490243],[108.939278,40.648981],[108.938116,40.6490243],[108.9369652,40.6491538],[108.9358367,40.6493683],[108.9347414,40.6496656],[108.9336897,40.6500429],[108.9326918,40.6504967],[108.9317574,40.6510224],[108.9308954,40.6516151],[108.9301141,40.652269],[108.9294211,40.6529779],[108.928823,40.6537349],[108.9283256,40.6545327],[108.9279336,40.6553637],[108.927651,40.6562198],[108.9274803,40.6570928],[108.9274232,40.6579742],[108.9274803,40.6588557],[108.927651,40.6597287],[108.9279336,40.6605848],[108.9283256,40.6614158],[108.928823,40.6622136],[108.9294211,40.6629706],[108.9301141,40.6636795],[108.9308954,40.6643334],[108.9317574,40.6649261],[108.9326918,40.6654518],[108.9336897,40.6659056],[108.9347414,40.6662829],[108.9358367,40.6665802],[108.9369652,40.6667947],[108.938116,40.6669242],[108.939278,40.6669675]]]},"properties":{"name":"1675无名峰","peak_elev":1675,"radius_m":1000,"layer":"ATS峰值响应半径","rank_pct":0.5578,"center_lon":108.939278,"center_lat":40.65797424316406,"max_mean_jut":87.2491,"max_ats":47.3551,"r_jmean_peak":1000,"r_ats_peak":1000,"r_ats_marginal":187.5,"ats_marginal_rate_max":0.07394136762975913,"ats_marginal_interval_start":125.0,"ats_marginal_interval_end":250.0,"is_expanded":false}},{"type":"Feature","geometry":{"type":"Polygon","coordinates":[[[110.4473724,40.6384012],[110.4485339,40.6383579],[110.4496842,40.6382284],[110.4508122,40.638014],[110.4519071,40.6377166],[110.4529584,40.6373393],[110.4539558,40.6368856],[110.4548898,40.6363599],[110.4557515,40.6357672],[110.4565324,40.6351132],[110.4572251,40.6344044],[110.457823,40.6336474],[110.4583202,40.6328496],[110.4587119,40.6320186],[110.4589945,40.6311625],[110.4591651,40.6302895],[110.4592222,40.629408],[110.4591651,40.6285265],[110.4589945,40.6276535],[110.4587119,40.6267974],[110.4583202,40.6259664],[110.457823,40.6251686],[110.4572251,40.6244116],[110.4565324,40.6237028],[110.4557515,40.6230488],[110.4548898,40.6224561],[110.4539558,40.6219304],[110.4529584,40.6214767],[110.4519071,40.6210994],[110.4508122,40.620802],[110.4496842,40.6205876],[110.4485339,40.6204581],[110.4473724,40.6204148],[110.446211,40.6204581],[110.4450607,40.6205876],[110.4439326,40.620802],[110.4428377,40.6210994],[110.4417865,40.6214767],[110.4407891,40.6219304],[110.439855,40.6224561],[110.4389934,40.6230488],[110.4382125,40.6237028],[110.4375197,40.6244116],[110.4369219,40.6251686],[110.4364247,40.6259664],[110.4360329,40.6267974],[110.4357504,40.6276535],[110.4355797,40.6285265],[110.4355227,40.629408],[110.4355797,40.6302895],[110.4357504,40.6311625],[110.4360329,40.6320186],[110.4364247,40.6328496],[110.4369219,40.6336474],[110.4375197,40.6344044],[110.4382125,40.6351132],[110.4389934,40.6357672],[110.439855,40.6363599],[110.4407891,40.6368856],[110.4417865,40.6373393],[110.4428377,40.6377166],[110.4439326,40.638014],[110.4450607,40.6382284],[110.446211,40.6383579],[110.4473724,40.6384012]]]},"properties":{"name":"1716无名峰","peak_elev":1716,"radius_m":1000,"layer":"ATS峰值响应半径","rank_pct":0.5578,"center_lon":110.44737243652344,"center_lat":40.629408,"max_mean_jut":116.8705,"max_ats":62.5191,"r_jmean_peak":875,"r_ats_peak":1000,"r_ats_marginal":187.5,"ats_marginal_rate_max":0.11096309988723557,"ats_marginal_interval_start":125.0,"ats_marginal_interval_end":250.0,"is_expanded":false}},{"type":"Feature","geometry":{"type":"Polygon","coordinates":[[[109.196646,40.6885272],[109.1978084,40.6884839],[109.1989595,40.6883544],[109.2000884,40.68814],[109.2011841,40.6878426],[109.2022361,40.6874653],[109.2032343,40.6870116],[109.2041691,40.6864859],[109.2050313,40.6858932],[109.2058129,40.6852392],[109.2065061,40.6845304],[109.2071044,40.6837734],[109.207602,40.6829756],[109.207994,40.6821446],[109.2082768,40.6812885],[109.2084476,40.6804155],[109.2085047,40.679534],[109.2084476,40.6786525],[109.2082768,40.6777795],[109.207994,40.6769234],[109.207602,40.6760924],[109.2071044,40.6752946],[109.2065061,40.6745376],[109.2058129,40.6738288],[109.2050313,40.6731748],[109.2041691,40.6725821],[109.2032343,40.6720564],[109.2022361,40.6716027],[109.2011841,40.6712254],[109.2000884,40.670928],[109.1989595,40.6707136],[109.1978084,40.6705841],[109.196646,40.6705408],[109.1954836,40.6705841],[109.1943325,40.6707136],[109.1932036,40.670928],[109.1921079,40.6712254],[109.1910559,40.6716027],[109.1900577,40.6720564],[109.1891229,40.6725821],[109.1882607,40.6731748],[109.1874791,40.6738288],[109.1867859,40.6745376],[109.1861876,40.6752946],[109.18569,40.6760924],[109.185298,40.6769234],[109.1850152,40.6777795],[109.1848444,40.6786525],[109.1847873,40.679534],[109.1848444,40.6804155],[109.1850152,40.6812885],[109.185298,40.6821446],[109.18569,40.6829756],[109.1861876,40.6837734],[109.1867859,40.6845304],[109.1874791,40.6852392],[109.1882607,40.6858932],[109.1891229,40.6864859],[109.1900577,40.6870116],[109.1910559,40.6874653],[109.1921079,40.6878426],[109.1932036,40.68814],[109.1943325,40.6883544],[109.1954836,40.6884839],[109.196646,40.6885272]]]},"properties":{"name":"1746无名峰","peak_elev":1746,"radius_m":1000,"layer":"ATS峰值响应半径","rank_pct":0.5578,"center_lon":109.196646,"center_lat":40.679534,"max_mean_jut":111.1948,"max_ats":52.9157,"r_jmean_peak":1000,"r_ats_peak":1000,"r_ats_marginal":187.5,"ats_marginal_rate_max":0.10160199090737185,"ats_marginal_interval_start":125.0,"ats_marginal_interval_end":250.0,"is_expanded":false}},{"type":"Feature","geometry":{"type":"Polygon","coordinates":[[[110.564196,40.6544362],[110.5653578,40.6543929],[110.5665083,40.6542634],[110.5676366,40.6540489],[110.5687318,40.6537516],[110.5697833,40.6533743],[110.5707809,40.6529205],[110.5717152,40.6523948],[110.5725771,40.6518021],[110.5733582,40.6511482],[110.5740511,40.6504393],[110.5746491,40.6496823],[110.5751464,40.6488845],[110.5755382,40.6480536],[110.5758209,40.6471975],[110.5759915,40.6463245],[110.5760486,40.645443],[110.5759915,40.6445615],[110.5758209,40.6436885],[110.5755382,40.6428324],[110.5751464,40.6420014],[110.5746491,40.6412036],[110.5740511,40.6404466],[110.5733582,40.6397377],[110.5725771,40.6390838],[110.5717152,40.6384911],[110.5707809,40.6379654],[110.5697833,40.6375117],[110.5687318,40.6371343],[110.5676366,40.636837],[110.5665083,40.6366225],[110.5653578,40.6364931],[110.564196,40.6364497],[110.5630342,40.6364931],[110.5618837,40.6366225],[110.5607554,40.636837],[110.5596602,40.6371343],[110.5586087,40.6375117],[110.5576111,40.6379654],[110.5566768,40.6384911],[110.5558149,40.6390838],[110.5550338,40.6397377],[110.5543409,40.6404466],[110.5537429,40.6412036],[110.5532456,40.6420014],[110.5528538,40.6428324],[110.5525711,40.6436885],[110.5524005,40.6445615],[110.5523434,40.645443],[110.5524005,40.6463245],[110.5525711,40.6471975],[110.5528538,40.6480536],[110.5532456,40.6488845],[110.5537429,40.6496823],[110.5543409,40.6504393],[110.5550338,40.6511482],[110.5558149,40.6518021],[110.5566768,40.6523948],[110.5576111,40.6529205],[110.5586087,40.6533743],[110.5596602,40.6537516],[110.5607554,40.6540489],[110.5618837,40.6542634],[110.5630342,40.6543929],[110.564196,40.6544362]]]},"properties":{"name":"1823无名峰","peak_elev":1827,"radius_m":1000,"layer":"ATS峰值响应半径","rank_pct":0.5578,"center_lon":110.564196,"center_lat":40.64544296264648,"max_mean_jut":114.9309,"max_ats":60.3781,"r_jmean_peak":1000,"r_ats_peak":1000,"r_ats_marginal":187.5,"ats_marginal_rate_max":0.11573856572567451,"ats_marginal_interval_start":125.0,"ats_marginal_interval_end":250.0,"is_expanded":false}},{"type":"Feature","geometry":{"type":"Polygon","coordinates":[[[110.853498,40.69203],[110.8546604,40.6919867],[110.8558116,40.6918572],[110.8569406,40.6916428],[110.8580363,40.6913455],[110.8590884,40.6909681],[110.8600867,40.6905144],[110.8610214,40.6899887],[110.8618838,40.689396],[110.8626653,40.688742],[110.8633586,40.6880332],[110.863957,40.6872762],[110.8644545,40.6864784],[110.8648466,40.6856474],[110.8651294,40.6847913],[110.8653002,40.6839183],[110.8653573,40.6830368],[110.8653002,40.6821553],[110.8651294,40.6812823],[110.8648466,40.6804262],[110.8644545,40.6795952],[110.863957,40.6787974],[110.8633586,40.6780404],[110.8626653,40.6773316],[110.8618838,40.6766776],[110.8610214,40.676085],[110.8600867,40.6755592],[110.8590884,40.6751055],[110.8580363,40.6747282],[110.8569406,40.6744308],[110.8558116,40.6742164],[110.8546604,40.6740869],[110.853498,40.6740436],[110.8523356,40.6740869],[110.8511844,40.6742164],[110.8500554,40.6744308],[110.8489597,40.6747282],[110.8479076,40.6751055],[110.8469093,40.6755592],[110.8459746,40.676085],[110.8451122,40.6766776],[110.8443307,40.6773316],[110.8436374,40.6780404],[110.843039,40.6787974],[110.8425415,40.6795952],[110.8421494,40.6804262],[110.8418666,40.6812823],[110.8416958,40.6821553],[110.8416387,40.6830368],[110.8416958,40.6839183],[110.8418666,40.6847913],[110.8421494,40.6856474],[110.8425415,40.6864784],[110.843039,40.6872762],[110.8436374,40.6880332],[110.8443307,40.688742],[110.8451122,40.689396],[110.8459746,40.6899887],[110.8469093,40.6905144],[110.8479076,40.6909681],[110.8489597,40.6913455],[110.8500554,40.6916428],[110.8511844,40.6918572],[110.8523356,40.6919867],[110.853498,40.69203]]]},"properties":{"name":"1840无名峰","peak_elev":1840,"radius_m":1000,"layer":"ATS峰值响应半径","rank_pct":0.5578,"center_lon":110.853498,"center_lat":40.68303680419922,"max_mean_jut":126.443,"max_ats":55.8664,"r_jmean_peak":875,"r_ats_peak":1000,"r_ats_marginal":187.5,"ats_marginal_rate_max":0.15811511970370387,"ats_marginal_interval_start":125.0,"ats_marginal_interval_end":250.0,"is_expanded":false}},{"type":"Feature","geometry":{"type":"Polygon","coordinates":[[[110.873441,40.8348622],[110.8746059,40.8348189],[110.8757596,40.8346894],[110.876891,40.834475],[110.8779891,40.8341776],[110.8790434,40.8338003],[110.8800438,40.8333466],[110.8809806,40.8328209],[110.8818448,40.8322282],[110.8826281,40.8315742],[110.8833228,40.8308654],[110.8839224,40.8301084],[110.8844211,40.8293106],[110.884814,40.8284796],[110.8850974,40.8276235],[110.8852686,40.8267505],[110.8853258,40.825869],[110.8852686,40.8249875],[110.8850974,40.8241145],[110.884814,40.8232584],[110.8844211,40.8224274],[110.8839224,40.8216296],[110.8833228,40.8208726],[110.8826281,40.8201638],[110.8818448,40.8195098],[110.8809806,40.8189171],[110.8800438,40.8183914],[110.8790434,40.8179377],[110.8779891,40.8175604],[110.876891,40.817263],[110.8757596,40.8170486],[110.8746059,40.8169191],[110.873441,40.8168758],[110.8722761,40.8169191],[110.8711224,40.8170486],[110.869991,40.817263],[110.8688929,40.8175604],[110.8678386,40.8179377],[110.8668382,40.8183914],[110.8659014,40.8189171],[110.8650372,40.8195098],[110.8642539,40.8201638],[110.8635592,40.8208726],[110.8629596,40.8216296],[110.8624609,40.8224274],[110.862068,40.8232584],[110.8617846,40.8241145],[110.8616134,40.8249875],[110.8615562,40.825869],[110.8616134,40.8267505],[110.8617846,40.8276235],[110.862068,40.8284796],[110.8624609,40.8293106],[110.8629596,40.8301084],[110.8635592,40.8308654],[110.8642539,40.8315742],[110.8650372,40.8322282],[110.8659014,40.8328209],[110.8668382,40.8333466],[110.8678386,40.8338003],[110.8688929,40.8341776],[110.869991,40.834475],[110.8711224,40.8346894],[110.8722761,40.8348189],[110.873441,40.8348622]]]},"properties":{"name":"2171无名峰","peak_elev":2171,"radius_m":1000,"layer":"ATS峰值响应半径","rank_pct":0.5578,"center_lon":110.873441,"center_lat":40.825869,"max_mean_jut":74.1859,"max_ats":35.0199,"r_jmean_peak":1375,"r_ats_peak":1000,"r_ats_marginal":312.5,"ats_marginal_rate_max":0.0606955724885653,"ats_marginal_interval_start":250.0,"ats_marginal_interval_end":375.0,"is_expanded":false}},{"type":"Feature","geometry":{"type":"Polygon","coordinates":[[[110.243363,40.5879586],[110.2443785,40.5879207],[110.2453843,40.5878074],[110.2463706,40.5876198],[110.2473279,40.5873596],[110.2482471,40.5870295],[110.2491192,40.5866325],[110.2499359,40.5861724],[110.2506893,40.5856538],[110.2513721,40.5850817],[110.2519778,40.5844614],[110.2525005,40.583799],[110.2529352,40.5831009],[110.2532777,40.5823738],[110.2535248,40.5816247],[110.253674,40.5808609],[110.2537239,40.5800896],[110.253674,40.5793183],[110.2535248,40.5785544],[110.2532777,40.5778053],[110.2529352,40.5770782],[110.2525005,40.5763801],[110.2519778,40.5757178],[110.2513721,40.5750975],[110.2506893,40.5745253],[110.2499359,40.5740067],[110.2491192,40.5735467],[110.2482471,40.5731497],[110.2473279,40.5728195],[110.2463706,40.5725593],[110.2453843,40.5723717],[110.2443785,40.5722584],[110.243363,40.5722205],[110.2423475,40.5722584],[110.2413417,40.5723717],[110.2403554,40.5725593],[110.2393981,40.5728195],[110.2384789,40.5731497],[110.2376068,40.5735467],[110.2367901,40.5740067],[110.2360367,40.5745253],[110.2353539,40.5750975],[110.2347482,40.5757178],[110.2342255,40.5763801],[110.2337908,40.5770782],[110.2334483,40.5778053],[110.2332012,40.5785544],[110.233052,40.5793183],[110.2330021,40.5800896],[110.233052,40.5808609],[110.2332012,40.5816247],[110.2334483,40.5823738],[110.2337908,40.5831009],[110.2342255,40.583799],[110.2347482,40.5844614],[110.2353539,40.5850817],[110.2360367,40.5856538],[110.2367901,40.5861724],[110.2376068,40.5866325],[110.2384789,40.5870295],[110.2393981,40.5873596],[110.2403554,40.5876198],[110.2413417,40.5878074],[110.2423475,40.5879207],[110.243363,40.5879586]]]},"properties":{"name":"1537无名峰","peak_elev":1537,"radius_m":875,"layer":"ATS峰值响应半径","rank_pct":0.598,"center_lon":110.243363,"center_lat":40.5800895690918,"max_mean_jut":153.3566,"max_ats":97.4666,"r_jmean_peak":750,"r_ats_peak":875,"r_ats_marginal":437.5,"ats_marginal_rate_max":0.1693407056656344,"ats_marginal_interval_start":375.0,"ats_marginal_interval_end":500.0,"is_expanded":false}},{"type":"Feature","geometry":{"type":"Polygon","coordinates":[[[109.089117,40.6822831],[109.090134,40.6822452],[109.0911412,40.6821319],[109.0921289,40.6819442],[109.0930875,40.6816841],[109.094008,40.6813539],[109.0948813,40.6809569],[109.0956992,40.6804969],[109.0964536,40.6799783],[109.0971374,40.6794061],[109.0977439,40.6787858],[109.0982674,40.6781235],[109.0987027,40.6774254],[109.0990458,40.6766983],[109.0992932,40.6759492],[109.0994426,40.6751853],[109.0994925,40.674414],[109.0994426,40.6736427],[109.0992932,40.6728788],[109.0990458,40.6721297],[109.0987027,40.6714026],[109.0982674,40.6707045],[109.0977439,40.6700422],[109.0971374,40.6694219],[109.0964536,40.6688497],[109.0956992,40.6683311],[109.0948813,40.6678711],[109.094008,40.6674741],[109.0930875,40.6671439],[109.0921289,40.6668838],[109.0911412,40.6666961],[109.090134,40.6665828],[109.089117,40.6665449],[109.0881,40.6665828],[109.0870928,40.6666961],[109.0861051,40.6668838],[109.0851465,40.6671439],[109.084226,40.6674741],[109.0833527,40.6678711],[109.0825348,40.6683311],[109.0817804,40.6688497],[109.0810966,40.6694219],[109.0804901,40.6700422],[109.0799666,40.6707045],[109.0795313,40.6714026],[109.0791882,40.6721297],[109.0789408,40.6728788],[109.0787914,40.6736427],[109.0787415,40.674414],[109.0787914,40.6751853],[109.0789408,40.6759492],[109.0791882,40.6766983],[109.0795313,40.6774254],[109.0799666,40.6781235],[109.0804901,40.6787858],[109.0810966,40.6794061],[109.0817804,40.6799783],[109.0825348,40.6804969],[109.0833527,40.6809569],[109.084226,40.6813539],[109.0851465,40.6816841],[109.0861051,40.6819442],[109.0870928,40.6821319],[109.0881,40.6822452],[109.089117,40.6822831]]]},"properties":{"name":"1603无名峰","peak_elev":1603,"radius_m":875,"layer":"ATS峰值响应半径","rank_pct":0.598,"center_lon":109.089117,"center_lat":40.674414,"max_mean_jut":88.8088,"max_ats":45.9923,"r_jmean_peak":875,"r_ats_peak":875,"r_ats_marginal":187.5,"ats_marginal_rate_max":0.08981013872297751,"ats_marginal_interval_start":125.0,"ats_marginal_interval_end":250.0,"is_expanded":false}},{"type":"Feature","geometry":{"type":"Polygon","coordinates":[[[110.943779,40.7062681],[110.9447963,40.7062302],[110.9458039,40.7061169],[110.9467919,40.7059292],[110.947751,40.7056691],[110.9486718,40.7053389],[110.9495454,40.7049419],[110.9503635,40.7044819],[110.9511182,40.7039633],[110.9518023,40.7033911],[110.952409,40.7027708],[110.9529327,40.7021085],[110.9533682,40.7014104],[110.9537113,40.7006833],[110.9539588,40.6999342],[110.9541083,40.6991703],[110.9541583,40.698399],[110.9541083,40.6976277],[110.9539588,40.6968638],[110.9537113,40.6961147],[110.9533682,40.6953876],[110.9529327,40.6946895],[110.952409,40.6940272],[110.9518023,40.6934069],[110.9511182,40.6928347],[110.9503635,40.6923161],[110.9495454,40.6918561],[110.9486718,40.6914591],[110.947751,40.6911289],[110.9467919,40.6908688],[110.9458039,40.6906811],[110.9447963,40.6905678],[110.943779,40.6905299],[110.9427617,40.6905678],[110.9417541,40.6906811],[110.9407661,40.6908688],[110.939807,40.6911289],[110.9388862,40.6914591],[110.9380126,40.6918561],[110.9371945,40.6923161],[110.9364398,40.6928347],[110.9357557,40.6934069],[110.935149,40.6940272],[110.9346253,40.6946895],[110.9341898,40.6953876],[110.9338467,40.6961147],[110.9335992,40.6968638],[110.9334497,40.6976277],[110.9333997,40.698399],[110.9334497,40.6991703],[110.9335992,40.6999342],[110.9338467,40.7006833],[110.9341898,40.7014104],[110.9346253,40.7021085],[110.935149,40.7027708],[110.9357557,40.7033911],[110.9364398,40.7039633],[110.9371945,40.7044819],[110.9380126,40.7049419],[110.9388862,40.7053389],[110.939807,40.7056691],[110.9407661,40.7059292],[110.9417541,40.7061169],[110.9427617,40.7062302],[110.943779,40.7062681]]]},"properties":{"name":"1606无名峰","peak_elev":1606,"radius_m":875,"layer":"ATS峰值响应半径","rank_pct":0.598,"center_lon":110.943779,"center_lat":40.698399,"max_mean_jut":102.2081,"max_ats":55.6655,"r_jmean_peak":750,"r_ats_peak":875,"r_ats_marginal":312.5,"ats_marginal_rate_max":0.09605664070263628,"ats_marginal_interval_start":250.0,"ats_marginal_interval_end":375.0,"is_expanded":false}},{"type":"Feature","geometry":{"type":"Polygon","coordinates":[[[109.609511,40.7039771],[109.6105283,40.7039392],[109.6115358,40.7038259],[109.6125238,40.7036382],[109.6134828,40.7033781],[109.6144036,40.7030479],[109.6152772,40.7026509],[109.6160953,40.7021909],[109.61685,40.7016723],[109.617534,40.7011001],[109.6181407,40.7004798],[109.6186644,40.6998175],[109.6190999,40.6991194],[109.619443,40.6983923],[109.6196905,40.6976432],[109.6198399,40.6968793],[109.6198899,40.696108],[109.6198399,40.6953367],[109.6196905,40.6945728],[109.619443,40.6938237],[109.6190999,40.6930966],[109.6186644,40.6923985],[109.6181407,40.6917362],[109.617534,40.6911159],[109.61685,40.6905437],[109.6160953,40.6900251],[109.6152772,40.6895651],[109.6144036,40.6891681],[109.6134828,40.6888379],[109.6125238,40.6885778],[109.6115358,40.6883901],[109.6105283,40.6882768],[109.609511,40.6882389],[109.6084937,40.6882768],[109.6074862,40.6883901],[109.6064982,40.6885778],[109.6055392,40.6888379],[109.6046184,40.6891681],[109.6037448,40.6895651],[109.6029267,40.6900251],[109.602172,40.6905437],[109.601488,40.6911159],[109.6008813,40.6917362],[109.6003576,40.6923985],[109.5999221,40.6930966],[109.599579,40.6938237],[109.5993315,40.6945728],[109.5991821,40.6953367],[109.5991321,40.696108],[109.5991821,40.6968793],[109.5993315,40.6976432],[109.599579,40.6983923],[109.5999221,40.6991194],[109.6003576,40.6998175],[109.6008813,40.7004798],[109.601488,40.7011001],[109.602172,40.7016723],[109.6029267,40.7021909],[109.6037448,40.7026509],[109.6046184,40.7030479],[109.6055392,40.7033781],[109.6064982,40.7036382],[109.6074862,40.7038259],[109.6084937,40.7039392],[109.609511,40.7039771]]]},"properties":{"name":"1614无名峰","peak_elev":1614,"radius_m":875,"layer":"ATS峰值响应半径","rank_pct":0.598,"center_lon":109.609511,"center_lat":40.696108,"max_mean_jut":78.364,"max_ats":44.3023,"r_jmean_peak":1000,"r_ats_peak":875,"r_ats_marginal":187.5,"ats_marginal_rate_max":0.09053027082976385,"ats_marginal_interval_start":125.0,"ats_marginal_interval_end":250.0,"is_expanded":false}},{"type":"Feature","geometry":{"type":"Polygon","coordinates":[[[108.803453,40.6736596],[108.8044698,40.6736217],[108.8054769,40.6735084],[108.8064645,40.6733208],[108.807423,40.6730606],[108.8083434,40.6727305],[108.8092166,40.6723334],[108.8100343,40.6718734],[108.8107887,40.6713548],[108.8114724,40.6707826],[108.8120788,40.6701624],[108.8126022,40.6695],[108.8130375,40.6688019],[108.8133805,40.6680748],[108.8136278,40.6673257],[108.8137772,40.6665619],[108.8138272,40.6657906],[108.8137772,40.6650193],[108.8136278,40.6642554],[108.8133805,40.6635063],[108.8130375,40.6627792],[108.8126022,40.6620811],[108.8120788,40.6614187],[108.8114724,40.6607985],[108.8107887,40.6602263],[108.8100343,40.6597077],[108.8092166,40.6592477],[108.8083434,40.6588507],[108.807423,40.6585205],[108.8064645,40.6582603],[108.8054769,40.6580727],[108.8044698,40.6579594],[108.803453,40.6579215],[108.8024362,40.6579594],[108.8014291,40.6580727],[108.8004415,40.6582603],[108.799483,40.6585205],[108.7985626,40.6588507],[108.7976894,40.6592477],[108.7968717,40.6597077],[108.7961173,40.6602263],[108.7954336,40.6607985],[108.7948272,40.6614187],[108.7943038,40.6620811],[108.7938685,40.6627792],[108.7935255,40.6635063],[108.7932782,40.6642554],[108.7931288,40.6650193],[108.7930788,40.6657906],[108.7931288,40.6665619],[108.7932782,40.6673257],[108.7935255,40.6680748],[108.7938685,40.6688019],[108.7943038,40.6695],[108.7948272,40.6701624],[108.7954336,40.6707826],[108.7961173,40.6713548],[108.7968717,40.6718734],[108.7976894,40.6723334],[108.7985626,40.6727305],[108.799483,40.6730606],[108.8004415,40.6733208],[108.8014291,40.6735084],[108.8024362,40.6736217],[108.803453,40.6736596]]]},"properties":{"name":"1639无名峰","peak_elev":1639,"radius_m":875,"layer":"ATS峰值响应半径","rank_pct":0.598,"center_lon":108.803453,"center_lat":40.66579055786133,"max_mean_jut":98.1122,"max_ats":43.0995,"r_jmean_peak":875,"r_ats_peak":875,"r_ats_marginal":312.5,"ats_marginal_rate_max":0.06843838273409097,"ats_marginal_interval_start":250.0,"ats_marginal_interval_end":375.0,"is_expanded":false}},{"type":"Feature","geometry":{"type":"Polygon","coordinates":[[[110.6820984,40.6863251],[110.6831154,40.6862872],[110.6841227,40.6861739],[110.6851104,40.6859862],[110.6860692,40.6857261],[110.6869897,40.6853959],[110.6878631,40.6849989],[110.688681,40.6845389],[110.6894354,40.6840203],[110.6901193,40.6834481],[110.6907258,40.6828278],[110.6912493,40.6821655],[110.6916847,40.6814674],[110.6920278,40.6807403],[110.6922752,40.6799912],[110.6924246,40.6792273],[110.6924745,40.678456],[110.6924246,40.6776847],[110.6922752,40.6769208],[110.6920278,40.6761717],[110.6916847,40.6754446],[110.6912493,40.6747465],[110.6907258,40.6740842],[110.6901193,40.6734639],[110.6894354,40.6728917],[110.688681,40.6723731],[110.6878631,40.6719131],[110.6869897,40.6715161],[110.6860692,40.6711859],[110.6851104,40.6709258],[110.6841227,40.6707381],[110.6831154,40.6706248],[110.6820984,40.6705869],[110.6810813,40.6706248],[110.6800741,40.6707381],[110.6790863,40.6709258],[110.6781276,40.6711859],[110.6772071,40.6715161],[110.6763337,40.6719131],[110.6755158,40.6723731],[110.6747613,40.6728917],[110.6740775,40.6734639],[110.6734709,40.6740842],[110.6729474,40.6747465],[110.6725121,40.6754446],[110.672169,40.6761717],[110.6719216,40.6769208],[110.6717722,40.6776847],[110.6717222,40.678456],[110.6717722,40.6792273],[110.6719216,40.6799912],[110.672169,40.6807403],[110.6725121,40.6814674],[110.6729474,40.6821655],[110.6734709,40.6828278],[110.6740775,40.6834481],[110.6747613,40.6840203],[110.6755158,40.6845389],[110.6763337,40.6849989],[110.6772071,40.6853959],[110.6781276,40.6857261],[110.6790863,40.6859862],[110.6800741,40.6861739],[110.6810813,40.6862872],[110.6820984,40.6863251]]]},"properties":{"name":"1648无名峰","peak_elev":1648,"radius_m":875,"layer":"ATS峰值响应半径","rank_pct":0.598,"center_lon":110.68209838867188,"center_lat":40.678456,"max_mean_jut":92.1816,"max_ats":48.5941,"r_jmean_peak":750,"r_ats_peak":875,"r_ats_marginal":437.5,"ats_marginal_rate_max":0.08963661060692092,"ats_marginal_interval_start":375.0,"ats_marginal_interval_end":500.0,"is_expanded":false}},{"type":"Feature","geometry":{"type":"Polygon","coordinates":[[[109.608433,41.1797701],[109.6094577,41.1797322],[109.6104725,41.1796189],[109.6114676,41.1794312],[109.6124335,41.1791711],[109.6133609,41.1788409],[109.6142409,41.1784439],[109.6150649,41.1779839],[109.615825,41.1774653],[109.616514,41.1768931],[109.6171251,41.1762728],[109.6176525,41.1756105],[109.6180912,41.1749124],[109.6184368,41.1741853],[109.6186861,41.1734362],[109.6188366,41.1726723],[109.6188869,41.171901],[109.6188366,41.1711297],[109.6186861,41.1703658],[109.6184368,41.1696167],[109.6180912,41.1688896],[109.6176525,41.1681915],[109.6171251,41.1675292],[109.616514,41.1669089],[109.615825,41.1663367],[109.6150649,41.1658181],[109.6142409,41.1653581],[109.6133609,41.1649611],[109.6124335,41.1646309],[109.6114676,41.1643708],[109.6104725,41.1641831],[109.6094577,41.1640698],[109.608433,41.1640319],[109.6074083,41.1640698],[109.6063935,41.1641831],[109.6053984,41.1643708],[109.6044325,41.1646309],[109.6035051,41.1649611],[109.6026251,41.1653581],[109.6018011,41.1658181],[109.601041,41.1663367],[109.600352,41.1669089],[109.5997409,41.1675292],[109.5992135,41.1681915],[109.5987748,41.1688896],[109.5984292,41.1696167],[109.5981799,41.1703658],[109.5980294,41.1711297],[109.5979791,41.171901],[109.5980294,41.1726723],[109.5981799,41.1734362],[109.5984292,41.1741853],[109.5987748,41.1749124],[109.5992135,41.1756105],[109.5997409,41.1762728],[109.600352,41.1768931],[109.601041,41.1774653],[109.6018011,41.1779839],[109.6026251,41.1784439],[109.6035051,41.1788409],[109.6044325,41.1791711],[109.6053984,41.1794312],[109.6063935,41.1796189],[109.6074083,41.1797322],[109.608433,41.1797701]]]},"properties":{"name":"1683无名峰","peak_elev":1683,"radius_m":875,"layer":"ATS峰值响应半径","rank_pct":0.598,"center_lon":109.608433,"center_lat":41.171901,"max_mean_jut":65.6808,"max_ats":47.0243,"r_jmean_peak":625,"r_ats_peak":875,"r_ats_marginal":187.5,"ats_marginal_rate_max":0.1231961689769632,"ats_marginal_interval_start":125.0,"ats_marginal_interval_end":250.0,"is_expanded":false}},{"type":"Feature","geometry":{"type":"Polygon","coordinates":[[[110.719021,40.6467088],[110.7200374,40.6466709],[110.7210441,40.6465576],[110.7220313,40.6463699],[110.7229894,40.6461098],[110.7239094,40.6457796],[110.7247823,40.6453826],[110.7255997,40.6449226],[110.7263537,40.644404],[110.7270371,40.6438318],[110.7276433,40.6432115],[110.7281665,40.6425492],[110.7286016,40.6418511],[110.7289445,40.641124],[110.7291917,40.6403749],[110.7293411,40.639611],[110.729391,40.6388397],[110.7293411,40.6380684],[110.7291917,40.6373045],[110.7289445,40.6365555],[110.7286016,40.6358284],[110.7281665,40.6351303],[110.7276433,40.6344679],[110.7270371,40.6338476],[110.7263537,40.6332755],[110.7255997,40.6327569],[110.7247823,40.6322968],[110.7239094,40.6318998],[110.7229894,40.6315697],[110.7220313,40.6313095],[110.7210441,40.6311219],[110.7200374,40.6310085],[110.719021,40.6309707],[110.7180046,40.6310085],[110.7169979,40.6311219],[110.7160107,40.6313095],[110.7150526,40.6315697],[110.7141326,40.6318998],[110.7132597,40.6322968],[110.7124423,40.6327569],[110.7116883,40.6332755],[110.7110049,40.6338476],[110.7103987,40.6344679],[110.7098755,40.6351303],[110.7094404,40.6358284],[110.7090975,40.6365555],[110.7088503,40.6373045],[110.7087009,40.6380684],[110.708651,40.6388397],[110.7087009,40.639611],[110.7088503,40.6403749],[110.7090975,40.641124],[110.7094404,40.6418511],[110.7098755,40.6425492],[110.7103987,40.6432115],[110.7110049,40.6438318],[110.7116883,40.644404],[110.7124423,40.6449226],[110.7132597,40.6453826],[110.7141326,40.6457796],[110.7150526,40.6461098],[110.7160107,40.6463699],[110.7169979,40.6465576],[110.7180046,40.6466709],[110.719021,40.6467088]]]},"properties":{"name":"1700无名峰","peak_elev":1700,"radius_m":875,"layer":"ATS峰值响应半径","rank_pct":0.598,"center_lon":110.719021,"center_lat":40.63883972167969,"max_mean_jut":117.0516,"max_ats":63.6481,"r_jmean_peak":875,"r_ats_peak":875,"r_ats_marginal":312.5,"ats_marginal_rate_max":0.08996359183795496,"ats_marginal_interval_start":250.0,"ats_marginal_interval_end":375.0,"is_expanded":false}},{"type":"Feature","geometry":{"type":"Polygon","coordinates":[[[109.580137,40.7359117],[109.5811548,40.7358738],[109.5821628,40.7357605],[109.5831513,40.7355728],[109.5841107,40.7353127],[109.5850319,40.7349825],[109.585906,40.7345855],[109.5867245,40.7341255],[109.5874795,40.7336069],[109.5881639,40.7330347],[109.5887709,40.7324144],[109.5892948,40.7317521],[109.5897305,40.731054],[109.5900738,40.7303269],[109.5903214,40.7295778],[109.5904709,40.7288139],[109.5905209,40.7280426],[109.5904709,40.7272713],[109.5903214,40.7265074],[109.5900738,40.7257583],[109.5897305,40.7250312],[109.5892948,40.7243332],[109.5887709,40.7236708],[109.5881639,40.7230505],[109.5874795,40.7224783],[109.5867245,40.7219597],[109.585906,40.7214997],[109.5850319,40.7211027],[109.5841107,40.7207725],[109.5831513,40.7205124],[109.5821628,40.7203247],[109.5811548,40.7202114],[109.580137,40.7201735],[109.5791192,40.7202114],[109.5781112,40.7203247],[109.5771227,40.7205124],[109.5761633,40.7207725],[109.5752421,40.7211027],[109.574368,40.7214997],[109.5735495,40.7219597],[109.5727945,40.7224783],[109.5721101,40.7230505],[109.5715031,40.7236708],[109.5709792,40.7243332],[109.5705435,40.7250312],[109.5702002,40.7257583],[109.5699526,40.7265074],[109.5698031,40.7272713],[109.5697531,40.7280426],[109.5698031,40.7288139],[109.5699526,40.7295778],[109.5702002,40.7303269],[109.5705435,40.731054],[109.5709792,40.7317521],[109.5715031,40.7324144],[109.5721101,40.7330347],[109.5727945,40.7336069],[109.5735495,40.7341255],[109.574368,40.7345855],[109.5752421,40.7349825],[109.5761633,40.7353127],[109.5771227,40.7355728],[109.5781112,40.7357605],[109.5791192,40.7358738],[109.580137,40.7359117]]]},"properties":{"name":"1795无名峰","peak_elev":1795,"radius_m":875,"layer":"ATS峰值响应半径","rank_pct":0.598,"center_lon":109.580137,"center_lat":40.72804260253906,"max_mean_jut":65.6139,"max_ats":31.8089,"r_jmean_peak":750,"r_ats_peak":875,"r_ats_marginal":187.5,"ats_marginal_rate_max":0.10139264448474003,"ats_marginal_interval_start":125.0,"ats_marginal_interval_end":250.0,"is_expanded":false}},{"type":"Feature","geometry":{"type":"Polygon","coordinates":[[[110.852959,40.7089621],[110.8539764,40.7089242],[110.854984,40.7088109],[110.8559721,40.7086232],[110.8569311,40.7083631],[110.8578519,40.7080329],[110.8587256,40.7076359],[110.8595438,40.7071759],[110.8602985,40.7066573],[110.8609826,40.7060851],[110.8615894,40.7054648],[110.8621131,40.7048025],[110.8625486,40.7041044],[110.8628917,40.7033773],[110.8631392,40.7026282],[110.8632887,40.7018643],[110.8633387,40.701093],[110.8632887,40.7003217],[110.8631392,40.6995578],[110.8628917,40.6988087],[110.8625486,40.6980816],[110.8621131,40.6973835],[110.8615894,40.6967212],[110.8609826,40.6961009],[110.8602985,40.6955287],[110.8595438,40.6950101],[110.8587256,40.6945501],[110.8578519,40.6941531],[110.8569311,40.6938229],[110.8559721,40.6935628],[110.854984,40.6933751],[110.8539764,40.6932618],[110.852959,40.6932239],[110.8519416,40.6932618],[110.850934,40.6933751],[110.8499459,40.6935628],[110.8489869,40.6938229],[110.8480661,40.6941531],[110.8471924,40.6945501],[110.8463742,40.6950101],[110.8456195,40.6955287],[110.8449354,40.6961009],[110.8443286,40.6967212],[110.8438049,40.6973835],[110.8433694,40.6980816],[110.8430263,40.6988087],[110.8427788,40.6995578],[110.8426293,40.7003217],[110.8425793,40.701093],[110.8426293,40.7018643],[110.8427788,40.7026282],[110.8430263,40.7033773],[110.8433694,40.7041044],[110.8438049,40.7048025],[110.8443286,40.7054648],[110.8449354,40.7060851],[110.8456195,40.7066573],[110.8463742,40.7071759],[110.8471924,40.7076359],[110.8480661,40.7080329],[110.8489869,40.7083631],[110.8499459,40.7086232],[110.850934,40.7088109],[110.8519416,40.7089242],[110.852959,40.7089621]]]},"properties":{"name":"1812无名峰","peak_elev":1812,"radius_m":875,"layer":"ATS峰值响应半径","rank_pct":0.598,"center_lon":110.852959,"center_lat":40.701093,"max_mean_jut":108.0211,"max_ats":50.0772,"r_jmean_peak":875,"r_ats_peak":875,"r_ats_marginal":312.5,"ats_marginal_rate_max":0.09544668656710661,"ats_marginal_interval_start":250.0,"ats_marginal_interval_end":375.0,"is_expanded":false}},{"type":"Feature","geometry":{"type":"Polygon","coordinates":[[[108.912598,40.7049201],[108.9136153,40.7048822],[108.9146229,40.7047689],[108.9156109,40.7045812],[108.9165699,40.7043211],[108.9174907,40.7039909],[108.9183643,40.7035939],[108.9191824,40.7031339],[108.9199371,40.7026153],[108.9206211,40.7020431],[108.9212279,40.7014228],[108.9217515,40.7007605],[108.922187,40.7000624],[108.9225301,40.6993353],[108.9227776,40.6985862],[108.9229271,40.6978223],[108.9229771,40.697051],[108.9229271,40.6962797],[108.9227776,40.6955158],[108.9225301,40.6947667],[108.922187,40.6940396],[108.9217515,40.6933415],[108.9212279,40.6926792],[108.9206211,40.6920589],[108.9199371,40.6914867],[108.9191824,40.6909681],[108.9183643,40.6905081],[108.9174907,40.6901111],[108.9165699,40.6897809],[108.9156109,40.6895208],[108.9146229,40.6893331],[108.9136153,40.6892198],[108.912598,40.6891819],[108.9115807,40.6892198],[108.9105731,40.6893331],[108.9095851,40.6895208],[108.9086261,40.6897809],[108.9077053,40.6901111],[108.9068317,40.6905081],[108.9060136,40.6909681],[108.9052589,40.6914867],[108.9045749,40.6920589],[108.9039681,40.6926792],[108.9034445,40.6933415],[108.903009,40.6940396],[108.9026659,40.6947667],[108.9024184,40.6955158],[108.9022689,40.6962797],[108.9022189,40.697051],[108.9022689,40.6978223],[108.9024184,40.6985862],[108.9026659,40.6993353],[108.903009,40.7000624],[108.9034445,40.7007605],[108.9039681,40.7014228],[108.9045749,40.7020431],[108.9052589,40.7026153],[108.9060136,40.7031339],[108.9068317,40.7035939],[108.9077053,40.7039909],[108.9086261,40.7043211],[108.9095851,40.7045812],[108.9105731,40.7047689],[108.9115807,40.7048822],[108.912598,40.7049201]]]},"properties":{"name":"1849无名峰","peak_elev":1849,"radius_m":875,"layer":"ATS峰值响应半径","rank_pct":0.598,"center_lon":108.912598,"center_lat":40.697051,"max_mean_jut":63.6929,"max_ats":31.9043,"r_jmean_peak":875,"r_ats_peak":875,"r_ats_marginal":562.5,"ats_marginal_rate_max":0.0427076780443669,"ats_marginal_interval_start":500.0,"ats_marginal_interval_end":625.0,"is_expanded":false}},{"type":"Feature","geometry":{"type":"Polygon","coordinates":[[[110.589933,40.6566811],[110.5909496,40.6566432],[110.5919564,40.6565299],[110.5929437,40.6563422],[110.593902,40.6560821],[110.5948221,40.6557519],[110.5956951,40.6553549],[110.5965126,40.6548949],[110.5972668,40.6543763],[110.5979503,40.6538041],[110.5985566,40.6531838],[110.5990799,40.6525215],[110.5995151,40.6518234],[110.599858,40.6510963],[110.6001053,40.6503472],[110.6002546,40.6495833],[110.6003045,40.648812],[110.6002546,40.6480407],[110.6001053,40.6472768],[110.599858,40.6465277],[110.5995151,40.6458006],[110.5990799,40.6451025],[110.5985566,40.6444402],[110.5979503,40.6438199],[110.5972668,40.6432477],[110.5965126,40.6427291],[110.5956951,40.6422691],[110.5948221,40.6418721],[110.593902,40.6415419],[110.5929437,40.6412818],[110.5919564,40.6410941],[110.5909496,40.6409808],[110.589933,40.6409429],[110.5889164,40.6409808],[110.5879096,40.6410941],[110.5869223,40.6412818],[110.585964,40.6415419],[110.5850439,40.6418721],[110.5841709,40.6422691],[110.5833534,40.6427291],[110.5825992,40.6432477],[110.5819157,40.6438199],[110.5813094,40.6444402],[110.5807861,40.6451025],[110.5803509,40.6458006],[110.580008,40.6465277],[110.5797607,40.6472768],[110.5796114,40.6480407],[110.5795615,40.648812],[110.5796114,40.6495833],[110.5797607,40.6503472],[110.580008,40.6510963],[110.5803509,40.6518234],[110.5807861,40.6525215],[110.5813094,40.6531838],[110.5819157,40.6538041],[110.5825992,40.6543763],[110.5833534,40.6548949],[110.5841709,40.6553549],[110.5850439,40.6557519],[110.585964,40.6560821],[110.5869223,40.6563422],[110.5879096,40.6565299],[110.5889164,40.6566432],[110.589933,40.6566811]]]},"properties":{"name":"1864无名峰","peak_elev":1864,"radius_m":875,"layer":"ATS峰值响应半径","rank_pct":0.598,"center_lon":110.589933,"center_lat":40.648812,"max_mean_jut":86.3836,"max_ats":33.1642,"r_jmean_peak":750,"r_ats_peak":875,"r_ats_marginal":187.5,"ats_marginal_rate_max":0.08376317849926676,"ats_marginal_interval_start":125.0,"ats_marginal_interval_end":250.0,"is_expanded":false}},{"type":"Feature","geometry":{"type":"Polygon","coordinates":[[[108.9099045,40.7111181],[108.9109219,40.7110802],[108.9119295,40.7109669],[108.9129176,40.7107792],[108.9138767,40.7105191],[108.9147976,40.7101889],[108.9156713,40.7097919],[108.9164895,40.7093319],[108.9172443,40.7088133],[108.9179283,40.7082411],[108.9185351,40.7076208],[108.9190588,40.7069585],[108.9194944,40.7062604],[108.9198375,40.7055333],[108.920085,40.7047842],[108.9202345,40.7040203],[108.9202845,40.703249],[108.9202345,40.7024777],[108.920085,40.7017138],[108.9198375,40.7009647],[108.9194944,40.7002376],[108.9190588,40.6995395],[108.9185351,40.6988772],[108.9179283,40.6982569],[108.9172443,40.6976847],[108.9164895,40.6971661],[108.9156713,40.6967061],[108.9147976,40.6963091],[108.9138767,40.6959789],[108.9129176,40.6957188],[108.9119295,40.6955311],[108.9109219,40.6954178],[108.9099045,40.6953799],[108.9088871,40.6954178],[108.9078794,40.6955311],[108.9068913,40.6957188],[108.9059322,40.6959789],[108.9050114,40.6963091],[108.9041377,40.6967061],[108.9033195,40.6971661],[108.9025647,40.6976847],[108.9018806,40.6982569],[108.9012738,40.6988772],[108.9007501,40.6995395],[108.9003146,40.7002376],[108.8999714,40.7009647],[108.8997239,40.7017138],[108.8995744,40.7024777],[108.8995245,40.703249],[108.8995744,40.7040203],[108.8997239,40.7047842],[108.8999714,40.7055333],[108.9003146,40.7062604],[108.9007501,40.7069585],[108.9012738,40.7076208],[108.9018806,40.7082411],[108.9025647,40.7088133],[108.9033195,40.7093319],[108.9041377,40.7097919],[108.9050114,40.7101889],[108.9059322,40.7105191],[108.9068913,40.7107792],[108.9078794,40.7109669],[108.9088871,40.7110802],[108.9099045,40.7111181]]]},"properties":{"name":"1882无名峰","peak_elev":1882,"radius_m":875,"layer":"ATS峰值响应半径","rank_pct":0.598,"center_lon":108.90990447998048,"center_lat":40.703249,"max_mean_jut":61.0378,"max_ats":30.4786,"r_jmean_peak":875,"r_ats_peak":875,"r_ats_marginal":312.5,"ats_marginal_rate_max":0.07300601826006214,"ats_marginal_interval_start":250.0,"ats_marginal_interval_end":375.0,"is_expanded":false}},{"type":"Feature","geometry":{"type":"Polygon","coordinates":[[[110.585621,40.6644961],[110.5866377,40.6644582],[110.5876446,40.6643449],[110.5886321,40.6641572],[110.5895905,40.6638971],[110.5905107,40.6635669],[110.5913838,40.6631699],[110.5922014,40.6627099],[110.5929556,40.6621913],[110.5936393,40.6616191],[110.5942456,40.6609988],[110.594769,40.6603365],[110.5952042,40.6596384],[110.5955471,40.6589113],[110.5957945,40.6581622],[110.5959438,40.6573983],[110.5959938,40.656627],[110.5959438,40.6558557],[110.5957945,40.6550918],[110.5955471,40.6543427],[110.5952042,40.6536156],[110.594769,40.6529175],[110.5942456,40.6522552],[110.5936393,40.6516349],[110.5929556,40.6510627],[110.5922014,40.6505441],[110.5913838,40.6500841],[110.5905107,40.6496871],[110.5895905,40.6493569],[110.5886321,40.6490968],[110.5876446,40.6489091],[110.5866377,40.6487958],[110.585621,40.6487579],[110.5846043,40.6487958],[110.5835974,40.6489091],[110.5826099,40.6490968],[110.5816515,40.6493569],[110.5807313,40.6496871],[110.5798582,40.6500841],[110.5790406,40.6505441],[110.5782864,40.6510627],[110.5776027,40.6516349],[110.5769964,40.6522552],[110.576473,40.6529175],[110.5760378,40.6536156],[110.5756949,40.6543427],[110.5754475,40.6550918],[110.5752982,40.6558557],[110.5752482,40.656627],[110.5752982,40.6573983],[110.5754475,40.6581622],[110.5756949,40.6589113],[110.5760378,40.6596384],[110.576473,40.6603365],[110.5769964,40.6609988],[110.5776027,40.6616191],[110.5782864,40.6621913],[110.5790406,40.6627099],[110.5798582,40.6631699],[110.5807313,40.6635669],[110.5816515,40.6638971],[110.5826099,40.6641572],[110.5835974,40.6643449],[110.5846043,40.6644582],[110.585621,40.6644961]]]},"properties":{"name":"1998无名峰","peak_elev":1998,"radius_m":875,"layer":"ATS峰值响应半径","rank_pct":0.598,"center_lon":110.585621,"center_lat":40.656627,"max_mean_jut":92.8733,"max_ats":48.2685,"r_jmean_peak":1625,"r_ats_peak":875,"r_ats_marginal":562.5,"ats_marginal_rate_max":0.06321434369575613,"ats_marginal_interval_start":500.0,"ats_marginal_interval_end":625.0,"is_expanded":false}},{"type":"Feature","geometry":{"type":"Polygon","coordinates":[[[110.848648,40.7890021],[110.8496666,40.7889642],[110.8506754,40.7888509],[110.8516647,40.7886632],[110.8526249,40.7884031],[110.8535468,40.7880729],[110.8544216,40.7876759],[110.8552407,40.7872159],[110.8559964,40.7866973],[110.8566813,40.7861251],[110.8572888,40.7855048],[110.8578131,40.7848425],[110.8582491,40.7841444],[110.8585927,40.7834173],[110.8588405,40.7826682],[110.8589901,40.7819043],[110.8590402,40.781133],[110.8589901,40.7803617],[110.8588405,40.7795978],[110.8585927,40.7788487],[110.8582491,40.7781216],[110.8578131,40.7774235],[110.8572888,40.7767612],[110.8566813,40.7761409],[110.8559964,40.7755687],[110.8552407,40.7750501],[110.8544216,40.7745901],[110.8535468,40.7741931],[110.8526249,40.7738629],[110.8516647,40.7736028],[110.8506754,40.7734151],[110.8496666,40.7733018],[110.848648,40.7732639],[110.8476294,40.7733018],[110.8466206,40.7734151],[110.8456313,40.7736028],[110.8446711,40.7738629],[110.8437492,40.7741931],[110.8428744,40.7745901],[110.8420553,40.7750501],[110.8412996,40.7755687],[110.8406147,40.7761409],[110.8400072,40.7767612],[110.8394829,40.7774235],[110.8390469,40.7781216],[110.8387033,40.7788487],[110.8384555,40.7795978],[110.8383059,40.7803617],[110.8382558,40.781133],[110.8383059,40.7819043],[110.8384555,40.7826682],[110.8387033,40.7834173],[110.8390469,40.7841444],[110.8394829,40.7848425],[110.8400072,40.7855048],[110.8406147,40.7861251],[110.8412996,40.7866973],[110.8420553,40.7872159],[110.8428744,40.7876759],[110.8437492,40.7880729],[110.8446711,40.7884031],[110.8456313,40.7886632],[110.8466206,40.7888509],[110.8476294,40.7889642],[110.848648,40.7890021]]]},"properties":{"name":"2010无名峰","peak_elev":2010,"radius_m":875,"layer":"ATS峰值响应半径","rank_pct":0.598,"center_lon":110.848648,"center_lat":40.781133,"max_mean_jut":81.8893,"max_ats":39.8324,"r_jmean_peak":375,"r_ats_peak":875,"r_ats_marginal":187.5,"ats_marginal_rate_max":0.08729221906301052,"ats_marginal_interval_start":125.0,"ats_marginal_interval_end":250.0,"is_expanded":false}},{"type":"Feature","geometry":{"type":"Polygon","coordinates":[[[110.552608,40.6766231],[110.5536249,40.6765852],[110.554632,40.6764719],[110.5556196,40.6762842],[110.5565782,40.6760241],[110.5574986,40.6756939],[110.5583718,40.6752969],[110.5591896,40.6748369],[110.559944,40.6743183],[110.5606277,40.6737461],[110.5612342,40.6731258],[110.5617576,40.6724635],[110.5621929,40.6717654],[110.5625359,40.6710383],[110.5627833,40.6702892],[110.5629327,40.6695253],[110.5629826,40.668754],[110.5629327,40.6679827],[110.5627833,40.6672188],[110.5625359,40.6664697],[110.5621929,40.6657426],[110.5617576,40.6650445],[110.5612342,40.6643822],[110.5606277,40.6637619],[110.559944,40.6631897],[110.5591896,40.6626711],[110.5583718,40.6622111],[110.5574986,40.6618141],[110.5565782,40.6614839],[110.5556196,40.6612238],[110.554632,40.6610361],[110.5536249,40.6609228],[110.552608,40.6608849],[110.5515911,40.6609228],[110.550584,40.6610361],[110.5495964,40.6612238],[110.5486378,40.6614839],[110.5477174,40.6618141],[110.5468442,40.6622111],[110.5460264,40.6626711],[110.545272,40.6631897],[110.5445883,40.6637619],[110.5439818,40.6643822],[110.5434584,40.6650445],[110.5430231,40.6657426],[110.5426801,40.6664697],[110.5424327,40.6672188],[110.5422833,40.6679827],[110.5422334,40.668754],[110.5422833,40.6695253],[110.5424327,40.6702892],[110.5426801,40.6710383],[110.5430231,40.6717654],[110.5434584,40.6724635],[110.5439818,40.6731258],[110.5445883,40.6737461],[110.545272,40.6743183],[110.5460264,40.6748369],[110.5468442,40.6752969],[110.5477174,40.6756939],[110.5486378,40.6760241],[110.5495964,40.6762842],[110.550584,40.6764719],[110.5515911,40.6765852],[110.552608,40.6766231]]]},"properties":{"name":"2052无名峰","peak_elev":2052,"radius_m":875,"layer":"ATS峰值响应半径","rank_pct":0.598,"center_lon":110.552608,"center_lat":40.668754,"max_mean_jut":102.464,"max_ats":58.1509,"r_jmean_peak":1625,"r_ats_peak":875,"r_ats_marginal":187.5,"ats_marginal_rate_max":0.11999400502642965,"ats_marginal_interval_start":125.0,"ats_marginal_interval_end":250.0,"is_expanded":false}},{"type":"Feature","geometry":{"type":"Polygon","coordinates":[[[110.291872,40.5968069],[110.2927426,40.5967744],[110.2936048,40.5966773],[110.2944503,40.5965165],[110.295271,40.5962935],[110.296059,40.5960105],[110.2968066,40.5956702],[110.2975067,40.5952759],[110.2981526,40.5948314],[110.2987379,40.5943409],[110.2992572,40.5938093],[110.2997053,40.5932415],[110.300078,40.5926432],[110.3003716,40.5920199],[110.3005834,40.5913779],[110.3007113,40.5907231],[110.3007541,40.590062],[110.3007113,40.5894009],[110.3005834,40.5887461],[110.3003716,40.5881041],[110.300078,40.5874808],[110.2997053,40.5868825],[110.2992572,40.5863147],[110.2987379,40.5857831],[110.2981526,40.5852926],[110.2975067,40.5848481],[110.2968066,40.5844538],[110.296059,40.5841135],[110.295271,40.5838305],[110.2944503,40.5836075],[110.2936048,40.5834467],[110.2927426,40.5833496],[110.291872,40.5833171],[110.2910014,40.5833496],[110.2901392,40.5834467],[110.2892937,40.5836075],[110.288473,40.5838305],[110.287685,40.5841135],[110.2869374,40.5844538],[110.2862373,40.5848481],[110.2855914,40.5852926],[110.2850061,40.5857831],[110.2844868,40.5863147],[110.2840387,40.5868825],[110.283666,40.5874808],[110.2833724,40.5881041],[110.2831606,40.5887461],[110.2830327,40.5894009],[110.2829899,40.590062],[110.2830327,40.5907231],[110.2831606,40.5913779],[110.2833724,40.5920199],[110.283666,40.5926432],[110.2840387,40.5932415],[110.2844868,40.5938093],[110.2850061,40.5943409],[110.2855914,40.5948314],[110.2862373,40.5952759],[110.2869374,40.5956702],[110.287685,40.5960105],[110.288473,40.5962935],[110.2892937,40.5965165],[110.2901392,40.5966773],[110.2910014,40.5967744],[110.291872,40.5968069]]]},"properties":{"name":"1377无名峰","peak_elev":1377,"radius_m":750,"layer":"ATS峰值响应半径","rank_pct":0.6784,"center_lon":110.291872,"center_lat":40.590062,"max_mean_jut":51.2576,"max_ats":30.3673,"r_jmean_peak":625,"r_ats_peak":750,"r_ats_marginal":312.5,"ats_marginal_rate_max":0.057242028859901435,"ats_marginal_interval_start":250.0,"ats_marginal_interval_end":375.0,"is_expanded":false}},{"type":"Feature","geometry":{"type":"Polygon","coordinates":[[[110.402634,40.6043529],[110.4035047,40.6043204],[110.404367,40.6042233],[110.4052126,40.6040625],[110.4060334,40.6038395],[110.4068215,40.6035565],[110.4075692,40.6032162],[110.4082694,40.6028219],[110.4089153,40.6023774],[110.4095007,40.6018869],[110.41002,40.6013553],[110.4104682,40.6007875],[110.4108409,40.6001892],[110.4111346,40.5995659],[110.4113464,40.5989239],[110.4114743,40.5982691],[110.4115171,40.597608],[110.4114743,40.5969469],[110.4113464,40.5962921],[110.4111346,40.5956501],[110.4108409,40.5950268],[110.4104682,40.5944285],[110.41002,40.5938607],[110.4095007,40.5933291],[110.4089153,40.5928386],[110.4082694,40.5923941],[110.4075692,40.5919998],[110.4068215,40.5916595],[110.4060334,40.5913765],[110.4052126,40.5911535],[110.404367,40.5909927],[110.4035047,40.5908956],[110.402634,40.5908631],[110.4017633,40.5908956],[110.400901,40.5909927],[110.4000554,40.5911535],[110.3992346,40.5913765],[110.3984465,40.5916595],[110.3976988,40.5919998],[110.3969986,40.5923941],[110.3963527,40.5928386],[110.3957673,40.5933291],[110.395248,40.5938607],[110.3947998,40.5944285],[110.3944271,40.5950268],[110.3941334,40.5956501],[110.3939216,40.5962921],[110.3937937,40.5969469],[110.3937509,40.597608],[110.3937937,40.5982691],[110.3939216,40.5989239],[110.3941334,40.5995659],[110.3944271,40.6001892],[110.3947998,40.6007875],[110.395248,40.6013553],[110.3957673,40.6018869],[110.3963527,40.6023774],[110.3969986,40.6028219],[110.3976988,40.6032162],[110.3984465,40.6035565],[110.3992346,40.6038395],[110.4000554,40.6040625],[110.400901,40.6042233],[110.4017633,40.6043204],[110.402634,40.6043529]]]},"properties":{"name":"1518无名峰","peak_elev":1518,"radius_m":750,"layer":"ATS峰值响应半径","rank_pct":0.6784,"center_lon":110.402634,"center_lat":40.597608,"max_mean_jut":70.3008,"max_ats":35.7706,"r_jmean_peak":625,"r_ats_peak":750,"r_ats_marginal":187.5,"ats_marginal_rate_max":0.07144945279826738,"ats_marginal_interval_start":125.0,"ats_marginal_interval_end":250.0,"is_expanded":false}},{"type":"Feature","geometry":{"type":"Polygon","coordinates":[[[108.977008,40.6639104],[108.9778795,40.663878],[108.9787425,40.6637808],[108.9795889,40.66362],[108.9804104,40.663397],[108.9811992,40.663114],[108.9819476,40.6627737],[108.9826484,40.6623794],[108.9832949,40.6619349],[108.9838808,40.6614445],[108.9844006,40.6609128],[108.9848492,40.6603451],[108.9852222,40.6597467],[108.9855162,40.6591235],[108.9857282,40.6584814],[108.9858562,40.6578266],[108.985899,40.6571655],[108.9858562,40.6565044],[108.9857282,40.6558497],[108.9855162,40.6552076],[108.9852222,40.6545844],[108.9848492,40.653986],[108.9844006,40.6534183],[108.9838808,40.6528866],[108.9832949,40.6523962],[108.9826484,40.6519516],[108.9819476,40.6515573],[108.9811992,40.651217],[108.9804104,40.650934],[108.9795889,40.650711],[108.9787425,40.6505502],[108.9778795,40.6504531],[108.977008,40.6504206],[108.9761365,40.6504531],[108.9752735,40.6505502],[108.9744271,40.650711],[108.9736056,40.650934],[108.9728168,40.651217],[108.9720684,40.6515573],[108.9713676,40.6519516],[108.9707211,40.6523962],[108.9701352,40.6528866],[108.9696154,40.6534183],[108.9691668,40.653986],[108.9687938,40.6545844],[108.9684998,40.6552076],[108.9682878,40.6558497],[108.9681598,40.6565044],[108.968117,40.6571655],[108.9681598,40.6578266],[108.9682878,40.6584814],[108.9684998,40.6591235],[108.9687938,40.6597467],[108.9691668,40.6603451],[108.9696154,40.6609128],[108.9701352,40.6614445],[108.9707211,40.6619349],[108.9713676,40.6623794],[108.9720684,40.6627737],[108.9728168,40.663114],[108.9736056,40.663397],[108.9744271,40.66362],[108.9752735,40.6637808],[108.9761365,40.663878],[108.977008,40.6639104]]]},"properties":{"name":"1531无名峰","peak_elev":1531,"radius_m":750,"layer":"ATS峰值响应半径","rank_pct":0.6784,"center_lon":108.977008,"center_lat":40.65716552734375,"max_mean_jut":88.3099,"max_ats":49.5077,"r_jmean_peak":750,"r_ats_peak":750,"r_ats_marginal":187.5,"ats_marginal_rate_max":0.12803309444480265,"ats_marginal_interval_start":125.0,"ats_marginal_interval_end":250.0,"is_expanded":false}},{"type":"Feature","geometry":{"type":"Polygon","coordinates":[[[110.448718,40.6207919],[110.4495889,40.6207594],[110.4504514,40.6206623],[110.4512973,40.6205015],[110.4521182,40.6202785],[110.4529065,40.6199955],[110.4536544,40.6196552],[110.4543548,40.6192609],[110.4550008,40.6188164],[110.4555864,40.6183259],[110.4561058,40.6177943],[110.4565541,40.6172265],[110.4569269,40.6166282],[110.4572207,40.6160049],[110.4574325,40.6153629],[110.4575605,40.6147081],[110.4576033,40.614047],[110.4575605,40.6133859],[110.4574325,40.6127311],[110.4572207,40.6120891],[110.4569269,40.6114658],[110.4565541,40.6108675],[110.4561058,40.6102997],[110.4555864,40.6097681],[110.4550008,40.6092776],[110.4543548,40.6088331],[110.4536544,40.6084388],[110.4529065,40.6080985],[110.4521182,40.6078155],[110.4512973,40.6075925],[110.4504514,40.6074317],[110.4495889,40.6073346],[110.448718,40.6073021],[110.4478471,40.6073346],[110.4469846,40.6074317],[110.4461387,40.6075925],[110.4453178,40.6078155],[110.4445295,40.6080985],[110.4437816,40.6084388],[110.4430812,40.6088331],[110.4424352,40.6092776],[110.4418496,40.6097681],[110.4413302,40.6102997],[110.4408819,40.6108675],[110.4405091,40.6114658],[110.4402153,40.6120891],[110.4400035,40.6127311],[110.4398755,40.6133859],[110.4398327,40.614047],[110.4398755,40.6147081],[110.4400035,40.6153629],[110.4402153,40.6160049],[110.4405091,40.6166282],[110.4408819,40.6172265],[110.4413302,40.6177943],[110.4418496,40.6183259],[110.4424352,40.6188164],[110.4430812,40.6192609],[110.4437816,40.6196552],[110.4445295,40.6199955],[110.4453178,40.6202785],[110.4461387,40.6205015],[110.4469846,40.6206623],[110.4478471,40.6207594],[110.448718,40.6207919]]]},"properties":{"name":"1539无名峰","peak_elev":1539,"radius_m":750,"layer":"ATS峰值响应半径","rank_pct":0.6784,"center_lon":110.448718,"center_lat":40.614047,"max_mean_jut":65.0324,"max_ats":33.7266,"r_jmean_peak":875,"r_ats_peak":750,"r_ats_marginal":187.5,"ats_marginal_rate_max":0.07542655479344929,"ats_marginal_interval_start":125.0,"ats_marginal_interval_end":250.0,"is_expanded":false}},{"type":"Feature","geometry":{"type":"Polygon","coordinates":[[[109.179398,41.0705779],[109.1802748,41.0705454],[109.1811432,41.0704483],[109.1819948,41.0702875],[109.1828214,41.0700645],[109.183615,41.0697815],[109.184368,41.0694412],[109.1850731,41.0690469],[109.1857236,41.0686024],[109.1863132,41.0681119],[109.1868361,41.0675803],[109.1872875,41.0670125],[109.1876628,41.0664142],[109.1879586,41.0657909],[109.1881719,41.0651489],[109.1883007,41.0644941],[109.1883438,41.063833],[109.1883007,41.0631719],[109.1881719,41.0625171],[109.1879586,41.0618751],[109.1876628,41.0612518],[109.1872875,41.0606535],[109.1868361,41.0600857],[109.1863132,41.0595541],[109.1857236,41.0590636],[109.1850731,41.0586191],[109.184368,41.0582248],[109.183615,41.0578845],[109.1828214,41.0576015],[109.1819948,41.0573785],[109.1811432,41.0572177],[109.1802748,41.0571206],[109.179398,41.0570881],[109.1785212,41.0571206],[109.1776528,41.0572177],[109.1768012,41.0573785],[109.1759746,41.0576015],[109.175181,41.0578845],[109.174428,41.0582248],[109.1737229,41.0586191],[109.1730724,41.0590636],[109.1724828,41.0595541],[109.1719599,41.0600857],[109.1715085,41.0606535],[109.1711332,41.0612518],[109.1708374,41.0618751],[109.1706241,41.0625171],[109.1704953,41.0631719],[109.1704522,41.063833],[109.1704953,41.0644941],[109.1706241,41.0651489],[109.1708374,41.0657909],[109.1711332,41.0664142],[109.1715085,41.0670125],[109.1719599,41.0675803],[109.1724828,41.0681119],[109.1730724,41.0686024],[109.1737229,41.0690469],[109.174428,41.0694412],[109.175181,41.0697815],[109.1759746,41.0700645],[109.1768012,41.0702875],[109.1776528,41.0704483],[109.1785212,41.0705454],[109.179398,41.0705779]]]},"properties":{"name":"1540无名峰","peak_elev":1540,"radius_m":750,"layer":"ATS峰值响应半径","rank_pct":0.6784,"center_lon":109.179398,"center_lat":41.063833,"max_mean_jut":100.142,"max_ats":65.3947,"r_jmean_peak":750,"r_ats_peak":750,"r_ats_marginal":437.5,"ats_marginal_rate_max":0.13370158748245803,"ats_marginal_interval_start":375.0,"ats_marginal_interval_end":500.0,"is_expanded":false}},{"type":"Feature","geometry":{"type":"Polygon","coordinates":[[[109.308755,41.1538519],[109.309633,41.1538194],[109.3105024,41.1537223],[109.3113551,41.1535615],[109.3121827,41.1533385],[109.3129774,41.1530555],[109.3137313,41.1527152],[109.3144373,41.1523209],[109.3150886,41.1518764],[109.3156789,41.1513859],[109.3162026,41.1508543],[109.3166545,41.1502865],[109.3170303,41.1496882],[109.3173264,41.1490649],[109.31754,41.1484229],[109.317669,41.1477681],[109.3177121,41.147107],[109.317669,41.1464459],[109.31754,41.1457911],[109.3173264,41.1451491],[109.3170303,41.1445258],[109.3166545,41.1439275],[109.3162026,41.1433597],[109.3156789,41.1428281],[109.3150886,41.1423376],[109.3144373,41.1418931],[109.3137313,41.1414988],[109.3129774,41.1411585],[109.3121827,41.1408755],[109.3113551,41.1406525],[109.3105024,41.1404917],[109.309633,41.1403946],[109.308755,41.1403621],[109.307877,41.1403946],[109.3070076,41.1404917],[109.3061549,41.1406525],[109.3053273,41.1408755],[109.3045326,41.1411585],[109.3037787,41.1414988],[109.3030727,41.1418931],[109.3024214,41.1423376],[109.3018311,41.1428281],[109.3013074,41.1433597],[109.3008555,41.1439275],[109.3004797,41.1445258],[109.3001836,41.1451491],[109.29997,41.1457911],[109.299841,41.1464459],[109.2997979,41.147107],[109.299841,41.1477681],[109.29997,41.1484229],[109.3001836,41.1490649],[109.3004797,41.1496882],[109.3008555,41.1502865],[109.3013074,41.1508543],[109.3018311,41.1513859],[109.3024214,41.1518764],[109.3030727,41.1523209],[109.3037787,41.1527152],[109.3045326,41.1530555],[109.3053273,41.1533385],[109.3061549,41.1535615],[109.3070076,41.1537223],[109.307877,41.1538194],[109.308755,41.1538519]]]},"properties":{"name":"1622无名峰","peak_elev":1622,"radius_m":750,"layer":"ATS峰值响应半径","rank_pct":0.6784,"center_lon":109.308755,"center_lat":41.147107,"max_mean_jut":65.7441,"max_ats":40.6442,"r_jmean_peak":500,"r_ats_peak":750,"r_ats_marginal":187.5,"ats_marginal_rate_max":0.10356090200809578,"ats_marginal_interval_start":125.0,"ats_marginal_interval_end":250.0,"is_expanded":false}},{"type":"Feature","geometry":{"type":"Polygon","coordinates":[[[109.085883,40.6865479],[109.0867548,40.6865154],[109.0876181,40.6864183],[109.0884648,40.6862575],[109.0892866,40.6860345],[109.0900756,40.6857515],[109.0908243,40.6854112],[109.0915253,40.6850169],[109.092172,40.6845724],[109.0927582,40.6840819],[109.0932781,40.6835503],[109.0937268,40.6829825],[109.0941,40.6823842],[109.0943941,40.6817609],[109.0946061,40.6811189],[109.0947342,40.6804641],[109.094777,40.679803],[109.0947342,40.6791419],[109.0946061,40.6784871],[109.0943941,40.6778451],[109.0941,40.6772218],[109.0937268,40.6766235],[109.0932781,40.6760557],[109.0927582,40.6755241],[109.092172,40.6750336],[109.0915253,40.6745891],[109.0908243,40.6741948],[109.0900756,40.6738545],[109.0892866,40.6735715],[109.0884648,40.6733485],[109.0876181,40.6731877],[109.0867548,40.6730906],[109.085883,40.6730581],[109.0850112,40.6730906],[109.0841479,40.6731877],[109.0833012,40.6733485],[109.0824794,40.6735715],[109.0816904,40.6738545],[109.0809417,40.6741948],[109.0802407,40.6745891],[109.079594,40.6750336],[109.0790078,40.6755241],[109.0784879,40.6760557],[109.0780392,40.6766235],[109.077666,40.6772218],[109.0773719,40.6778451],[109.0771599,40.6784871],[109.0770318,40.6791419],[109.076989,40.679803],[109.0770318,40.6804641],[109.0771599,40.6811189],[109.0773719,40.6817609],[109.077666,40.6823842],[109.0780392,40.6829825],[109.0784879,40.6835503],[109.0790078,40.6840819],[109.079594,40.6845724],[109.0802407,40.6850169],[109.0809417,40.6854112],[109.0816904,40.6857515],[109.0824794,40.6860345],[109.0833012,40.6862575],[109.0841479,40.6864183],[109.0850112,40.6865154],[109.085883,40.6865479]]]},"properties":{"name":"1638无名峰","peak_elev":1638,"radius_m":750,"layer":"ATS峰值响应半径","rank_pct":0.6784,"center_lon":109.085883,"center_lat":40.679803,"max_mean_jut":92.2626,"max_ats":43.6862,"r_jmean_peak":750,"r_ats_peak":750,"r_ats_marginal":187.5,"ats_marginal_rate_max":0.10632124670987836,"ats_marginal_interval_start":125.0,"ats_marginal_interval_end":250.0,"is_expanded":false}},{"type":"Feature","geometry":{"type":"Polygon","coordinates":[[[108.9571991,40.6641799],[108.9580706,40.6641474],[108.9589337,40.6640503],[108.95978,40.6638895],[108.9606016,40.6636665],[108.9613903,40.6633835],[108.9621387,40.6630432],[108.9628395,40.6626489],[108.963486,40.6622044],[108.964072,40.6617139],[108.9645917,40.6611823],[108.9650403,40.6606145],[108.9654134,40.6600162],[108.9657073,40.6593929],[108.9659193,40.6587509],[108.9660473,40.6580961],[108.9660901,40.657435],[108.9660473,40.6567739],[108.9659193,40.6561191],[108.9657073,40.6554771],[108.9654134,40.6548538],[108.9650403,40.6542555],[108.9645917,40.6536877],[108.964072,40.6531561],[108.963486,40.6526656],[108.9628395,40.6522211],[108.9621387,40.6518268],[108.9613903,40.6514865],[108.9606016,40.6512035],[108.95978,40.6509805],[108.9589337,40.6508197],[108.9580706,40.6507226],[108.9571991,40.6506901],[108.9563276,40.6507226],[108.9554645,40.6508197],[108.9546182,40.6509805],[108.9537966,40.6512035],[108.9530079,40.6514865],[108.9522595,40.6518268],[108.9515587,40.6522211],[108.9509122,40.6526656],[108.9503262,40.6531561],[108.9498065,40.6536877],[108.9493579,40.6542555],[108.9489848,40.6548538],[108.9486909,40.6554771],[108.9484789,40.6561191],[108.9483509,40.6567739],[108.9483081,40.657435],[108.9483509,40.6580961],[108.9484789,40.6587509],[108.9486909,40.6593929],[108.9489848,40.6600162],[108.9493579,40.6606145],[108.9498065,40.6611823],[108.9503262,40.6617139],[108.9509122,40.6622044],[108.9515587,40.6626489],[108.9522595,40.6630432],[108.9530079,40.6633835],[108.9537966,40.6636665],[108.9546182,40.6638895],[108.9554645,40.6640503],[108.9563276,40.6641474],[108.9571991,40.6641799]]]},"properties":{"name":"1640无名峰","peak_elev":1640,"radius_m":750,"layer":"ATS峰值响应半径","rank_pct":0.6784,"center_lon":108.95719909667967,"center_lat":40.657435,"max_mean_jut":102.5906,"max_ats":54.0024,"r_jmean_peak":750,"r_ats_peak":750,"r_ats_marginal":312.5,"ats_marginal_rate_max":0.12656990163886891,"ats_marginal_interval_start":250.0,"ats_marginal_interval_end":375.0,"is_expanded":false}},{"type":"Feature","geometry":{"type":"Polygon","coordinates":[[[109.250814,41.1597809],[109.251692,41.1597484],[109.2525616,41.1596513],[109.2534143,41.1594905],[109.2542421,41.1592675],[109.2550367,41.1589845],[109.2557908,41.1586442],[109.2564968,41.1582499],[109.2571482,41.1578054],[109.2577386,41.1573149],[109.2582622,41.1567833],[109.2587142,41.1562155],[109.25909,41.1556172],[109.2593862,41.1549939],[109.2595998,41.1543519],[109.2597288,41.1536971],[109.2597719,41.153036],[109.2597288,41.1523749],[109.2595998,41.1517201],[109.2593862,41.1510781],[109.25909,41.1504548],[109.2587142,41.1498565],[109.2582622,41.1492887],[109.2577386,41.1487571],[109.2571482,41.1482666],[109.2564968,41.1478221],[109.2557908,41.1474278],[109.2550367,41.1470875],[109.2542421,41.1468045],[109.2534143,41.1465815],[109.2525616,41.1464207],[109.251692,41.1463236],[109.250814,41.1462911],[109.249936,41.1463236],[109.2490664,41.1464207],[109.2482137,41.1465815],[109.2473859,41.1468045],[109.2465913,41.1470875],[109.2458372,41.1474278],[109.2451312,41.1478221],[109.2444798,41.1482666],[109.2438894,41.1487571],[109.2433658,41.1492887],[109.2429138,41.1498565],[109.242538,41.1504548],[109.2422418,41.1510781],[109.2420282,41.1517201],[109.2418992,41.1523749],[109.2418561,41.153036],[109.2418992,41.1536971],[109.2420282,41.1543519],[109.2422418,41.1549939],[109.242538,41.1556172],[109.2429138,41.1562155],[109.2433658,41.1567833],[109.2438894,41.1573149],[109.2444798,41.1578054],[109.2451312,41.1582499],[109.2458372,41.1586442],[109.2465913,41.1589845],[109.2473859,41.1592675],[109.2482137,41.1594905],[109.2490664,41.1596513],[109.249936,41.1597484],[109.250814,41.1597809]]]},"properties":{"name":"1691无名峰","peak_elev":1691,"radius_m":750,"layer":"ATS峰值响应半径","rank_pct":0.6784,"center_lon":109.250814,"center_lat":41.153036,"max_mean_jut":65.1188,"max_ats":35.7264,"r_jmean_peak":625,"r_ats_peak":750,"r_ats_marginal":187.5,"ats_marginal_rate_max":0.07832357643789663,"ats_marginal_interval_start":125.0,"ats_marginal_interval_end":250.0,"is_expanded":false}},{"type":"Feature","geometry":{"type":"Polygon","coordinates":[[[109.334627,40.6759029],[109.3354986,40.6758704],[109.3363619,40.6757733],[109.3372084,40.6756125],[109.3380301,40.6753895],[109.3388189,40.6751065],[109.3395675,40.6747662],[109.3402684,40.6743719],[109.340915,40.6739274],[109.3415011,40.6734369],[109.3420209,40.6729053],[109.3424696,40.6723375],[109.3428427,40.6717392],[109.3431367,40.6711159],[109.3433487,40.6704739],[109.3434768,40.6698191],[109.3435196,40.669158],[109.3434768,40.6684969],[109.3433487,40.6678421],[109.3431367,40.6672001],[109.3428427,40.6665768],[109.3424696,40.6659785],[109.3420209,40.6654107],[109.3415011,40.6648791],[109.340915,40.6643886],[109.3402684,40.6639441],[109.3395675,40.6635498],[109.3388189,40.6632095],[109.3380301,40.6629265],[109.3372084,40.6627035],[109.3363619,40.6625427],[109.3354986,40.6624456],[109.334627,40.6624131],[109.3337554,40.6624456],[109.3328921,40.6625427],[109.3320456,40.6627035],[109.3312239,40.6629265],[109.3304351,40.6632095],[109.3296865,40.6635498],[109.3289856,40.6639441],[109.328339,40.6643886],[109.3277529,40.6648791],[109.3272331,40.6654107],[109.3267844,40.6659785],[109.3264113,40.6665768],[109.3261173,40.6672001],[109.3259053,40.6678421],[109.3257772,40.6684969],[109.3257344,40.669158],[109.3257772,40.6698191],[109.3259053,40.6704739],[109.3261173,40.6711159],[109.3264113,40.6717392],[109.3267844,40.6723375],[109.3272331,40.6729053],[109.3277529,40.6734369],[109.328339,40.6739274],[109.3289856,40.6743719],[109.3296865,40.6747662],[109.3304351,40.6751065],[109.3312239,40.6753895],[109.3320456,40.6756125],[109.3328921,40.6757733],[109.3337554,40.6758704],[109.334627,40.6759029]]]},"properties":{"name":"1798无名峰","peak_elev":1798,"radius_m":750,"layer":"ATS峰值响应半径","rank_pct":0.6784,"center_lon":109.334627,"center_lat":40.669158,"max_mean_jut":76.4823,"max_ats":34.2419,"r_jmean_peak":750,"r_ats_peak":750,"r_ats_marginal":312.5,"ats_marginal_rate_max":0.08027246697989553,"ats_marginal_interval_start":250.0,"ats_marginal_interval_end":375.0,"is_expanded":false}},{"type":"Feature","geometry":{"type":"Polygon","coordinates":[[[110.541963,40.659329],[110.5428344,40.6592965],[110.5436974,40.6591994],[110.5445437,40.6590386],[110.5453652,40.6588156],[110.5461539,40.6585326],[110.5469022,40.6581923],[110.547603,40.657798],[110.5482495,40.6573534],[110.5488354,40.656863],[110.5493551,40.6563313],[110.5498036,40.6557636],[110.5501767,40.6551652],[110.5504706,40.654542],[110.5506826,40.6538999],[110.5508106,40.6532452],[110.5508534,40.6525841],[110.5508106,40.651923],[110.5506826,40.6512682],[110.5504706,40.6506261],[110.5501767,40.6500029],[110.5498036,40.6494045],[110.5493551,40.6488368],[110.5488354,40.6483051],[110.5482495,40.6478147],[110.547603,40.6473702],[110.5469022,40.6469759],[110.5461539,40.6466356],[110.5453652,40.6463526],[110.5445437,40.6461296],[110.5436974,40.6459688],[110.5428344,40.6458716],[110.541963,40.6458392],[110.5410916,40.6458716],[110.5402286,40.6459688],[110.5393823,40.6461296],[110.5385608,40.6463526],[110.5377721,40.6466356],[110.5370238,40.6469759],[110.536323,40.6473702],[110.5356765,40.6478147],[110.5350906,40.6483051],[110.5345709,40.6488368],[110.5341224,40.6494045],[110.5337493,40.6500029],[110.5334554,40.6506261],[110.5332434,40.6512682],[110.5331154,40.651923],[110.5330726,40.6525841],[110.5331154,40.6532452],[110.5332434,40.6538999],[110.5334554,40.654542],[110.5337493,40.6551652],[110.5341224,40.6557636],[110.5345709,40.6563313],[110.5350906,40.656863],[110.5356765,40.6573534],[110.536323,40.657798],[110.5370238,40.6581923],[110.5377721,40.6585326],[110.5385608,40.6588156],[110.5393823,40.6590386],[110.5402286,40.6591994],[110.5410916,40.6592965],[110.541963,40.659329]]]},"properties":{"name":"1806无名峰","peak_elev":1806,"radius_m":750,"layer":"ATS峰值响应半径","rank_pct":0.6784,"center_lon":110.541963,"center_lat":40.65258407592773,"max_mean_jut":83.9768,"max_ats":41.5901,"r_jmean_peak":750,"r_ats_peak":750,"r_ats_marginal":187.5,"ats_marginal_rate_max":0.08803749356271884,"ats_marginal_interval_start":125.0,"ats_marginal_interval_end":250.0,"is_expanded":false}},{"type":"Feature","geometry":{"type":"Polygon","coordinates":[[[110.876136,40.7897649],[110.8770091,40.7897325],[110.8778738,40.7896353],[110.8787218,40.7894745],[110.8795449,40.7892515],[110.8803351,40.7889685],[110.8810849,40.7886282],[110.8817871,40.7882339],[110.8824348,40.7877894],[110.8830218,40.7872989],[110.8835426,40.7867673],[110.883992,40.7861995],[110.8843658,40.7856012],[110.8846603,40.784978],[110.8848727,40.7843359],[110.8850009,40.7836811],[110.8850438,40.78302],[110.8850009,40.7823589],[110.8848727,40.7817042],[110.8846603,40.7810621],[110.8843658,40.7804389],[110.883992,40.7798405],[110.8835426,40.7792727],[110.8830218,40.7787411],[110.8824348,40.7782506],[110.8817871,40.7778061],[110.8810849,40.7774118],[110.8803351,40.7770715],[110.8795449,40.7767885],[110.8787218,40.7765655],[110.8778738,40.7764047],[110.8770091,40.7763076],[110.876136,40.7762751],[110.8752629,40.7763076],[110.8743982,40.7764047],[110.8735502,40.7765655],[110.8727271,40.7767885],[110.8719369,40.7770715],[110.8711871,40.7774118],[110.8704849,40.7778061],[110.8698372,40.7782506],[110.8692502,40.7787411],[110.8687294,40.7792727],[110.86828,40.7798405],[110.8679062,40.7804389],[110.8676117,40.7810621],[110.8673993,40.7817042],[110.8672711,40.7823589],[110.8672282,40.78302],[110.8672711,40.7836811],[110.8673993,40.7843359],[110.8676117,40.784978],[110.8679062,40.7856012],[110.86828,40.7861995],[110.8687294,40.7867673],[110.8692502,40.7872989],[110.8698372,40.7877894],[110.8704849,40.7882339],[110.8711871,40.7886282],[110.8719369,40.7889685],[110.8727271,40.7892515],[110.8735502,40.7894745],[110.8743982,40.7896353],[110.8752629,40.7897325],[110.876136,40.7897649]]]},"properties":{"name":"1848无名峰","peak_elev":1848,"radius_m":750,"layer":"ATS峰值响应半径","rank_pct":0.6784,"center_lon":110.876136,"center_lat":40.78302001953125,"max_mean_jut":84.5846,"max_ats":48.7748,"r_jmean_peak":625,"r_ats_peak":750,"r_ats_marginal":187.5,"ats_marginal_rate_max":0.10496571344288011,"ats_marginal_interval_start":125.0,"ats_marginal_interval_end":250.0,"is_expanded":false}},{"type":"Feature","geometry":{"type":"Polygon","coordinates":[[[110.629548,40.6339969],[110.6304191,40.6339644],[110.6312818,40.6338673],[110.6321278,40.6337065],[110.6329489,40.6334835],[110.6337373,40.6332005],[110.6344854,40.6328602],[110.6351859,40.6324659],[110.6358321,40.6320214],[110.6364178,40.6315309],[110.6369373,40.6309993],[110.6373857,40.6304315],[110.6377585,40.6298332],[110.6380524,40.6292099],[110.6382643,40.6285679],[110.6383922,40.6279131],[110.638435,40.627252],[110.6383922,40.6265909],[110.6382643,40.6259361],[110.6380524,40.6252941],[110.6377585,40.6246708],[110.6373857,40.6240725],[110.6369373,40.6235047],[110.6364178,40.6229731],[110.6358321,40.6224826],[110.6351859,40.6220381],[110.6344854,40.6216438],[110.6337373,40.6213035],[110.6329489,40.6210205],[110.6321278,40.6207975],[110.6312818,40.6206367],[110.6304191,40.6205396],[110.629548,40.6205071],[110.6286769,40.6205396],[110.6278142,40.6206367],[110.6269682,40.6207975],[110.6261471,40.6210205],[110.6253587,40.6213035],[110.6246106,40.6216438],[110.6239101,40.6220381],[110.6232639,40.6224826],[110.6226782,40.6229731],[110.6221587,40.6235047],[110.6217103,40.6240725],[110.6213375,40.6246708],[110.6210436,40.6252941],[110.6208317,40.6259361],[110.6207038,40.6265909],[110.620661,40.627252],[110.6207038,40.6279131],[110.6208317,40.6285679],[110.6210436,40.6292099],[110.6213375,40.6298332],[110.6217103,40.6304315],[110.6221587,40.6309993],[110.6226782,40.6315309],[110.6232639,40.6320214],[110.6239101,40.6324659],[110.6246106,40.6328602],[110.6253587,40.6332005],[110.6261471,40.6334835],[110.6269682,40.6337065],[110.6278142,40.6338673],[110.6286769,40.6339644],[110.629548,40.6339969]]]},"properties":{"name":"1854无名峰","peak_elev":1854,"radius_m":750,"layer":"ATS峰值响应半径","rank_pct":0.6784,"center_lon":110.629548,"center_lat":40.627252,"max_mean_jut":118.071,"max_ats":54.9106,"r_jmean_peak":875,"r_ats_peak":750,"r_ats_marginal":187.5,"ats_marginal_rate_max":0.14610367206656513,"ats_marginal_interval_start":125.0,"ats_marginal_interval_end":250.0,"is_expanded":false}},{"type":"Feature","geometry":{"type":"Polygon","coordinates":[[[108.905187,40.7137669],[108.9060591,40.7137344],[108.9069228,40.7136373],[108.9077699,40.7134765],[108.908592,40.7132535],[108.9093813,40.7129705],[108.9101303,40.7126302],[108.9108316,40.7122359],[108.9114786,40.7117914],[108.912065,40.7113009],[108.9125851,40.7107693],[108.913034,40.7102015],[108.9134074,40.7096032],[108.9137015,40.7089799],[108.9139137,40.7083379],[108.9140418,40.7076831],[108.9140847,40.707022],[108.9140418,40.7063609],[108.9139137,40.7057061],[108.9137015,40.7050641],[108.9134074,40.7044408],[108.913034,40.7038425],[108.9125851,40.7032747],[108.912065,40.7027431],[108.9114786,40.7022526],[108.9108316,40.7018081],[108.9101303,40.7014138],[108.9093813,40.7010735],[108.908592,40.7007905],[108.9077699,40.7005675],[108.9069228,40.7004067],[108.9060591,40.7003096],[108.905187,40.7002771],[108.9043149,40.7003096],[108.9034512,40.7004067],[108.9026041,40.7005675],[108.901782,40.7007905],[108.9009927,40.7010735],[108.9002437,40.7014138],[108.8995424,40.7018081],[108.8988954,40.7022526],[108.898309,40.7027431],[108.8977889,40.7032747],[108.89734,40.7038425],[108.8969666,40.7044408],[108.8966725,40.7050641],[108.8964603,40.7057061],[108.8963322,40.7063609],[108.8962893,40.707022],[108.8963322,40.7076831],[108.8964603,40.7083379],[108.8966725,40.7089799],[108.8969666,40.7096032],[108.89734,40.7102015],[108.8977889,40.7107693],[108.898309,40.7113009],[108.8988954,40.7117914],[108.8995424,40.7122359],[108.9002437,40.7126302],[108.9009927,40.7129705],[108.901782,40.7132535],[108.9026041,40.7134765],[108.9034512,40.7136373],[108.9043149,40.7137344],[108.905187,40.7137669]]]},"properties":{"name":"1872无名峰","peak_elev":1872,"radius_m":750,"layer":"ATS峰值响应半径","rank_pct":0.6784,"center_lon":108.905187,"center_lat":40.707022,"max_mean_jut":63.1506,"max_ats":32.6354,"r_jmean_peak":750,"r_ats_peak":750,"r_ats_marginal":187.5,"ats_marginal_rate_max":0.0930233516462195,"ats_marginal_interval_start":125.0,"ats_marginal_interval_end":250.0,"is_expanded":false}},{"type":"Feature","geometry":{"type":"Polygon","coordinates":[[[110.755672,40.7124199],[110.7565441,40.7123874],[110.7574078,40.7122903],[110.7582548,40.7121295],[110.7590769,40.7119065],[110.7598662,40.7116235],[110.7606152,40.7112832],[110.7613165,40.7108889],[110.7619635,40.7104444],[110.7625498,40.7099539],[110.76307,40.7094223],[110.7635189,40.7088545],[110.7638922,40.7082562],[110.7641864,40.7076329],[110.7643985,40.7069909],[110.7645266,40.7063361],[110.7645695,40.705675],[110.7645266,40.7050139],[110.7643985,40.7043591],[110.7641864,40.7037171],[110.7638922,40.7030938],[110.7635189,40.7024955],[110.76307,40.7019277],[110.7625498,40.7013961],[110.7619635,40.7009056],[110.7613165,40.7004611],[110.7606152,40.7000668],[110.7598662,40.6997265],[110.7590769,40.6994435],[110.7582548,40.6992205],[110.7574078,40.6990597],[110.7565441,40.6989626],[110.755672,40.6989301],[110.7547999,40.6989626],[110.7539362,40.6990597],[110.7530892,40.6992205],[110.7522671,40.6994435],[110.7514778,40.6997265],[110.7507288,40.7000668],[110.7500275,40.7004611],[110.7493805,40.7009056],[110.7487942,40.7013961],[110.748274,40.7019277],[110.7478251,40.7024955],[110.7474518,40.7030938],[110.7471576,40.7037171],[110.7469455,40.7043591],[110.7468174,40.7050139],[110.7467745,40.705675],[110.7468174,40.7063361],[110.7469455,40.7069909],[110.7471576,40.7076329],[110.7474518,40.7082562],[110.7478251,40.7088545],[110.748274,40.7094223],[110.7487942,40.7099539],[110.7493805,40.7104444],[110.7500275,40.7108889],[110.7507288,40.7112832],[110.7514778,40.7116235],[110.7522671,40.7119065],[110.7530892,40.7121295],[110.7539362,40.7122903],[110.7547999,40.7123874],[110.755672,40.7124199]]]},"properties":{"name":"2022无名峰","peak_elev":2022,"radius_m":750,"layer":"ATS峰值响应半径","rank_pct":0.6784,"center_lon":110.755672,"center_lat":40.705675,"max_mean_jut":96.0304,"max_ats":48.0461,"r_jmean_peak":875,"r_ats_peak":750,"r_ats_marginal":187.5,"ats_marginal_rate_max":0.10696429065157419,"ats_marginal_interval_start":125.0,"ats_marginal_interval_end":250.0,"is_expanded":false}},{"type":"Feature","geometry":{"type":"Polygon","coordinates":[[[109.3914871,40.6954419],[109.392359,40.6954094],[109.3932225,40.6953123],[109.3940693,40.6951515],[109.3948912,40.6949285],[109.3956803,40.6946455],[109.396429,40.6943052],[109.3971302,40.6939109],[109.397777,40.6934664],[109.3983632,40.6929759],[109.3988832,40.6924443],[109.399332,40.6918765],[109.3997052,40.6912782],[109.3999993,40.6906549],[109.4002114,40.6900129],[109.4003395,40.6893581],[109.4003823,40.688697],[109.4003395,40.6880359],[109.4002114,40.6873811],[109.3999993,40.6867391],[109.3997052,40.6861158],[109.399332,40.6855175],[109.3988832,40.6849497],[109.3983632,40.6844181],[109.397777,40.6839276],[109.3971302,40.6834831],[109.396429,40.6830888],[109.3956803,40.6827485],[109.3948912,40.6824655],[109.3940693,40.6822425],[109.3932225,40.6820817],[109.392359,40.6819846],[109.3914871,40.6819521],[109.3906152,40.6819846],[109.3897518,40.6820817],[109.388905,40.6822425],[109.3880831,40.6824655],[109.3872939,40.6827485],[109.3865452,40.6830888],[109.3858441,40.6834831],[109.3851973,40.6839276],[109.384611,40.6844181],[109.384091,40.6849497],[109.3836422,40.6855175],[109.383269,40.6861158],[109.3829749,40.6867391],[109.3827628,40.6873811],[109.3826347,40.6880359],[109.3825919,40.688697],[109.3826347,40.6893581],[109.3827628,40.6900129],[109.3829749,40.6906549],[109.383269,40.6912782],[109.3836422,40.6918765],[109.384091,40.6924443],[109.384611,40.6929759],[109.3851973,40.6934664],[109.3858441,40.6939109],[109.3865452,40.6943052],[109.3872939,40.6946455],[109.3880831,40.6949285],[109.388905,40.6951515],[109.3897518,40.6953123],[109.3906152,40.6954094],[109.3914871,40.6954419]]]},"properties":{"name":"2083无名峰(2)","peak_elev":2083,"radius_m":750,"layer":"ATS峰值响应半径","rank_pct":0.6784,"center_lon":109.39148712158205,"center_lat":40.688697,"max_mean_jut":108.9324,"max_ats":51.0853,"r_jmean_peak":750,"r_ats_peak":750,"r_ats_marginal":187.5,"ats_marginal_rate_max":0.11621494944752804,"ats_marginal_interval_start":125.0,"ats_marginal_interval_end":250.0,"is_expanded":false}},{"type":"Feature","geometry":{"type":"Polygon","coordinates":[[[109.383136,40.6509288],[109.3838621,40.6509017],[109.3845812,40.6508208],[109.3852864,40.6506867],[109.3859709,40.6505009],[109.386628,40.6502651],[109.3872516,40.6499815],[109.3878355,40.6496529],[109.3883741,40.6492825],[109.3888624,40.6488738],[109.3892954,40.6484307],[109.3896691,40.6479576],[109.38998,40.647459],[109.3902249,40.6469396],[109.3904015,40.6464046],[109.3905082,40.6458589],[109.3905439,40.645308],[109.3905082,40.6447571],[109.3904015,40.6442114],[109.3902249,40.6436764],[109.38998,40.643157],[109.3896691,40.6426584],[109.3892954,40.6421853],[109.3888624,40.6417422],[109.3883741,40.6413335],[109.3878355,40.6409631],[109.3872516,40.6406345],[109.386628,40.6403509],[109.3859709,40.6401151],[109.3852864,40.6399293],[109.3845812,40.6397952],[109.3838621,40.6397143],[109.383136,40.6396872],[109.3824099,40.6397143],[109.3816908,40.6397952],[109.3809856,40.6399293],[109.3803011,40.6401151],[109.379644,40.6403509],[109.3790204,40.6406345],[109.3784365,40.6409631],[109.3778979,40.6413335],[109.3774096,40.6417422],[109.3769766,40.6421853],[109.3766029,40.6426584],[109.376292,40.643157],[109.3760471,40.6436764],[109.3758705,40.6442114],[109.3757638,40.6447571],[109.3757281,40.645308],[109.3757638,40.6458589],[109.3758705,40.6464046],[109.3760471,40.6469396],[109.376292,40.647459],[109.3766029,40.6479576],[109.3769766,40.6484307],[109.3774096,40.6488738],[109.3778979,40.6492825],[109.3784365,40.6496529],[109.3790204,40.6499815],[109.379644,40.6502651],[109.3803011,40.6505009],[109.3809856,40.6506867],[109.3816908,40.6508208],[109.3824099,40.6509017],[109.383136,40.6509288]]]},"properties":{"name":"1397无名峰","peak_elev":1397,"radius_m":625,"layer":"ATS峰值响应半径","rank_pct":0.7588,"center_lon":109.383136,"center_lat":40.645308,"max_mean_jut":65.8789,"max_ats":37.536,"r_jmean_peak":625,"r_ats_peak":625,"r_ats_marginal":187.5,"ats_marginal_rate_max":0.1042688746038183,"ats_marginal_interval_start":125.0,"ats_marginal_interval_end":250.0,"is_expanded":false}},{"type":"Feature","geometry":{"type":"Polygon","coordinates":[[[109.515458,41.1936891],[109.5161901,41.1936621],[109.5169151,41.1935811],[109.5176261,41.1934471],[109.5183162,41.1932613],[109.5189788,41.1930255],[109.5196075,41.1927419],[109.5201962,41.1924133],[109.5207393,41.1920429],[109.5212316,41.1916342],[109.5216682,41.1911911],[109.522045,41.190718],[109.5223584,41.1902194],[109.5226053,41.1897],[109.5227834,41.1891649],[109.522891,41.1886193],[109.5229269,41.1880684],[109.522891,41.1875175],[109.5227834,41.1869718],[109.5226053,41.1864368],[109.5223584,41.1859174],[109.522045,41.1854188],[109.5216682,41.1849457],[109.5212316,41.1845026],[109.5207393,41.1840939],[109.5201962,41.1837235],[109.5196075,41.1833949],[109.5189788,41.1831113],[109.5183162,41.1828755],[109.5176261,41.1826897],[109.5169151,41.1825556],[109.5161901,41.1824747],[109.515458,41.1824476],[109.5147259,41.1824747],[109.5140009,41.1825556],[109.5132899,41.1826897],[109.5125998,41.1828755],[109.5119372,41.1831113],[109.5113085,41.1833949],[109.5107198,41.1837235],[109.5101767,41.1840939],[109.5096844,41.1845026],[109.5092478,41.1849457],[109.508871,41.1854188],[109.5085576,41.1859174],[109.5083107,41.1864368],[109.5081326,41.1869718],[109.508025,41.1875175],[109.5079891,41.1880684],[109.508025,41.1886193],[109.5081326,41.1891649],[109.5083107,41.1897],[109.5085576,41.1902194],[109.508871,41.190718],[109.5092478,41.1911911],[109.5096844,41.1916342],[109.5101767,41.1920429],[109.5107198,41.1924133],[109.5113085,41.1927419],[109.5119372,41.1930255],[109.5125998,41.1932613],[109.5132899,41.1934471],[109.5140009,41.1935811],[109.5147259,41.1936621],[109.515458,41.1936891]]]},"properties":{"name":"1613无名峰","peak_elev":1613,"radius_m":625,"layer":"ATS峰值响应半径","rank_pct":0.7588,"center_lon":109.515458,"center_lat":41.18806838989258,"max_mean_jut":34.0711,"max_ats":17.4296,"r_jmean_peak":375,"r_ats_peak":625,"r_ats_marginal":187.5,"ats_marginal_rate_max":0.03505811867400109,"ats_marginal_interval_start":125.0,"ats_marginal_interval_end":250.0,"is_expanded":false}},{"type":"Feature","geometry":{"type":"Polygon","coordinates":[[[109.261324,41.1594648],[109.2620557,41.1594377],[109.2627804,41.1593568],[109.263491,41.1592227],[109.2641807,41.1590369],[109.264843,41.1588011],[109.2654713,41.1585175],[109.2660598,41.1581889],[109.2666026,41.1578185],[109.2670945,41.1574098],[109.2675309,41.1569667],[109.2679076,41.1564936],[109.2682208,41.155995],[109.2684676,41.1554756],[109.2686456,41.1549406],[109.2687531,41.1543949],[109.268789,41.153844],[109.2687531,41.1532931],[109.2686456,41.1527474],[109.2684676,41.1522124],[109.2682208,41.151693],[109.2679076,41.1511944],[109.2675309,41.1507213],[109.2670945,41.1502782],[109.2666026,41.1498695],[109.2660598,41.1494991],[109.2654713,41.1491705],[109.264843,41.1488869],[109.2641807,41.1486511],[109.263491,41.1484653],[109.2627804,41.1483312],[109.2620557,41.1482503],[109.261324,41.1482232],[109.2605923,41.1482503],[109.2598676,41.1483312],[109.259157,41.1484653],[109.2584673,41.1486511],[109.257805,41.1488869],[109.2571767,41.1491705],[109.2565882,41.1494991],[109.2560454,41.1498695],[109.2555535,41.1502782],[109.2551171,41.1507213],[109.2547404,41.1511944],[109.2544272,41.151693],[109.2541804,41.1522124],[109.2540024,41.1527474],[109.2538949,41.1532931],[109.253859,41.153844],[109.2538949,41.1543949],[109.2540024,41.1549406],[109.2541804,41.1554756],[109.2544272,41.155995],[109.2547404,41.1564936],[109.2551171,41.1569667],[109.2555535,41.1574098],[109.2560454,41.1578185],[109.2565882,41.1581889],[109.2571767,41.1585175],[109.257805,41.1588011],[109.2584673,41.1590369],[109.259157,41.1592227],[109.2598676,41.1593568],[109.2605923,41.1594377],[109.261324,41.1594648]]]},"properties":{"name":"1697无名峰","peak_elev":1697,"radius_m":625,"layer":"ATS峰值响应半径","rank_pct":0.7588,"center_lon":109.261324,"center_lat":41.153844,"max_mean_jut":48.6553,"max_ats":27.0447,"r_jmean_peak":625,"r_ats_peak":625,"r_ats_marginal":187.5,"ats_marginal_rate_max":0.05118778001328485,"ats_marginal_interval_start":125.0,"ats_marginal_interval_end":250.0,"is_expanded":false}},{"type":"Feature","geometry":{"type":"Polygon","coordinates":[[[110.988515,40.8543978],[110.9892433,40.8543707],[110.9899646,40.8542898],[110.990672,40.8541557],[110.9913586,40.8539699],[110.9920177,40.8537341],[110.9926432,40.8534505],[110.9932289,40.8531219],[110.9937692,40.8527515],[110.9942589,40.8523428],[110.9946933,40.8518997],[110.9950682,40.8514266],[110.9953799,40.850928],[110.9956256,40.8504086],[110.9958028,40.8498736],[110.9959098,40.8493279],[110.9959456,40.848777],[110.9959098,40.8482261],[110.9958028,40.8476804],[110.9956256,40.8471454],[110.9953799,40.846626],[110.9950682,40.8461274],[110.9946933,40.8456543],[110.9942589,40.8452112],[110.9937692,40.8448025],[110.9932289,40.8444321],[110.9926432,40.8441035],[110.9920177,40.8438199],[110.9913586,40.8435841],[110.990672,40.8433983],[110.9899646,40.8432642],[110.9892433,40.8431833],[110.988515,40.8431562],[110.9877867,40.8431833],[110.9870654,40.8432642],[110.986358,40.8433983],[110.9856714,40.8435841],[110.9850123,40.8438199],[110.9843868,40.8441035],[110.9838011,40.8444321],[110.9832608,40.8448025],[110.9827711,40.8452112],[110.9823367,40.8456543],[110.9819618,40.8461274],[110.9816501,40.846626],[110.9814044,40.8471454],[110.9812272,40.8476804],[110.9811202,40.8482261],[110.9810844,40.848777],[110.9811202,40.8493279],[110.9812272,40.8498736],[110.9814044,40.8504086],[110.9816501,40.850928],[110.9819618,40.8514266],[110.9823367,40.8518997],[110.9827711,40.8523428],[110.9832608,40.8527515],[110.9838011,40.8531219],[110.9843868,40.8534505],[110.9850123,40.8537341],[110.9856714,40.8539699],[110.986358,40.8541557],[110.9870654,40.8542898],[110.9877867,40.8543707],[110.988515,40.8543978]]]},"properties":{"name":"1703无名峰","peak_elev":1703,"radius_m":625,"layer":"ATS峰值响应半径","rank_pct":0.7588,"center_lon":110.988515,"center_lat":40.848777,"max_mean_jut":71.1633,"max_ats":39.0903,"r_jmean_peak":625,"r_ats_peak":625,"r_ats_marginal":187.5,"ats_marginal_rate_max":0.09258762524187047,"ats_marginal_interval_start":125.0,"ats_marginal_interval_end":250.0,"is_expanded":false}},{"type":"Feature","geometry":{"type":"Polygon","coordinates":[[[109.420057,40.6743748],[109.4207834,40.6743477],[109.4215027,40.6742668],[109.4222081,40.6741327],[109.4228929,40.6739469],[109.4235503,40.6737111],[109.424174,40.6734275],[109.4247581,40.6730989],[109.425297,40.6727285],[109.4257854,40.6723198],[109.4262186,40.6718767],[109.4265924,40.6714036],[109.4269034,40.670905],[109.4271484,40.6703856],[109.4273251,40.6698506],[109.4274318,40.6693049],[109.4274675,40.668754],[109.4274318,40.6682031],[109.4273251,40.6676574],[109.4271484,40.6671224],[109.4269034,40.666603],[109.4265924,40.6661044],[109.4262186,40.6656313],[109.4257854,40.6651882],[109.425297,40.6647795],[109.4247581,40.6644091],[109.424174,40.6640805],[109.4235503,40.6637969],[109.4228929,40.6635611],[109.4222081,40.6633753],[109.4215027,40.6632412],[109.4207834,40.6631603],[109.420057,40.6631332],[109.4193306,40.6631603],[109.4186113,40.6632412],[109.4179059,40.6633753],[109.4172211,40.6635611],[109.4165637,40.6637969],[109.41594,40.6640805],[109.4153559,40.6644091],[109.414817,40.6647795],[109.4143286,40.6651882],[109.4138954,40.6656313],[109.4135216,40.6661044],[109.4132106,40.666603],[109.4129656,40.6671224],[109.4127889,40.6676574],[109.4126822,40.6682031],[109.4126465,40.668754],[109.4126822,40.6693049],[109.4127889,40.6698506],[109.4129656,40.6703856],[109.4132106,40.670905],[109.4135216,40.6714036],[109.4138954,40.6718767],[109.4143286,40.6723198],[109.414817,40.6727285],[109.4153559,40.6730989],[109.41594,40.6734275],[109.4165637,40.6737111],[109.4172211,40.6739469],[109.4179059,40.6741327],[109.4186113,40.6742668],[109.4193306,40.6743477],[109.420057,40.6743748]]]},"properties":{"name":"1811无名峰","peak_elev":1811,"radius_m":625,"layer":"ATS峰值响应半径","rank_pct":0.7588,"center_lon":109.420057,"center_lat":40.668754,"max_mean_jut":76.7997,"max_ats":32.4427,"r_jmean_peak":625,"r_ats_peak":625,"r_ats_marginal":187.5,"ats_marginal_rate_max":0.06598944182672607,"ats_marginal_interval_start":125.0,"ats_marginal_interval_end":250.0,"is_expanded":false}},{"type":"Feature","geometry":{"type":"Polygon","coordinates":[[[109.319805,40.7280048],[109.3205319,40.7279777],[109.3212519,40.7278968],[109.3219579,40.7277627],[109.3226431,40.7275769],[109.3233011,40.7273411],[109.3239253,40.7270575],[109.3245099,40.7267289],[109.3250492,40.7263585],[109.325538,40.7259498],[109.3259715,40.7255067],[109.3263457,40.7250336],[109.3266569,40.724535],[109.3269021,40.7240156],[109.3270789,40.7234806],[109.3271857,40.7229349],[109.3272214,40.722384],[109.3271857,40.7218331],[109.3270789,40.7212874],[109.3269021,40.7207524],[109.3266569,40.720233],[109.3263457,40.7197344],[109.3259715,40.7192613],[109.325538,40.7188182],[109.3250492,40.7184095],[109.3245099,40.7180391],[109.3239253,40.7177105],[109.3233011,40.7174269],[109.3226431,40.7171911],[109.3219579,40.7170053],[109.3212519,40.7168712],[109.3205319,40.7167903],[109.319805,40.7167632],[109.3190781,40.7167903],[109.3183581,40.7168712],[109.3176521,40.7170053],[109.3169669,40.7171911],[109.3163089,40.7174269],[109.3156847,40.7177105],[109.3151001,40.7180391],[109.3145608,40.7184095],[109.314072,40.7188182],[109.3136385,40.7192613],[109.3132643,40.7197344],[109.3129531,40.720233],[109.3127079,40.7207524],[109.3125311,40.7212874],[109.3124243,40.7218331],[109.3123886,40.722384],[109.3124243,40.7229349],[109.3125311,40.7234806],[109.3127079,40.7240156],[109.3129531,40.724535],[109.3132643,40.7250336],[109.3136385,40.7255067],[109.314072,40.7259498],[109.3145608,40.7263585],[109.3151001,40.7267289],[109.3156847,40.7270575],[109.3163089,40.7273411],[109.3169669,40.7275769],[109.3176521,40.7277627],[109.3183581,40.7278968],[109.3190781,40.7279777],[109.319805,40.7280048]]]},"properties":{"name":"1815无名峰","peak_elev":1815,"radius_m":625,"layer":"ATS峰值响应半径","rank_pct":0.7588,"center_lon":109.319805,"center_lat":40.722384,"max_mean_jut":62.7756,"max_ats":34.4316,"r_jmean_peak":625,"r_ats_peak":625,"r_ats_marginal":312.5,"ats_marginal_rate_max":0.04850226921147183,"ats_marginal_interval_start":250.0,"ats_marginal_interval_end":375.0,"is_expanded":false}},{"type":"Feature","geometry":{"type":"Polygon","coordinates":[[[109.379767,40.6924303],[109.3804935,40.6924032],[109.3812131,40.6923223],[109.3819187,40.6921883],[109.3826036,40.6920024],[109.3832612,40.6917666],[109.3838851,40.691483],[109.3844694,40.6911544],[109.3850084,40.690784],[109.3854969,40.6903753],[109.3859302,40.6899323],[109.3863042,40.6894591],[109.3866152,40.6889605],[109.3868603,40.6884412],[109.387037,40.6879061],[109.3871438,40.6873605],[109.3871795,40.6868095],[109.3871438,40.6862586],[109.387037,40.685713],[109.3868603,40.6851779],[109.3866152,40.6846586],[109.3863042,40.6841599],[109.3859302,40.6836868],[109.3854969,40.6832438],[109.3850084,40.6828351],[109.3844694,40.6824646],[109.3838851,40.682136],[109.3832612,40.6818525],[109.3826036,40.6816166],[109.3819187,40.6814308],[109.3812131,40.6812968],[109.3804935,40.6812158],[109.379767,40.6811888],[109.3790405,40.6812158],[109.3783209,40.6812968],[109.3776153,40.6814308],[109.3769304,40.6816166],[109.3762728,40.6818525],[109.3756489,40.682136],[109.3750646,40.6824646],[109.3745256,40.6828351],[109.3740371,40.6832438],[109.3736038,40.6836868],[109.3732298,40.6841599],[109.3729188,40.6846586],[109.3726737,40.6851779],[109.372497,40.685713],[109.3723902,40.6862586],[109.3723545,40.6868095],[109.3723902,40.6873605],[109.372497,40.6879061],[109.3726737,40.6884412],[109.3729188,40.6889605],[109.3732298,40.6894591],[109.3736038,40.6899323],[109.3740371,40.6903753],[109.3745256,40.690784],[109.3750646,40.6911544],[109.3756489,40.691483],[109.3762728,40.6917666],[109.3769304,40.6920024],[109.3776153,40.6921883],[109.3783209,40.6923223],[109.3790405,40.6924032],[109.379767,40.6924303]]]},"properties":{"name":"1829无名峰","peak_elev":1829,"radius_m":625,"layer":"ATS峰值响应半径","rank_pct":0.7588,"center_lon":109.379767,"center_lat":40.68680953979492,"max_mean_jut":75.9164,"max_ats":35.602,"r_jmean_peak":625,"r_ats_peak":625,"r_ats_marginal":187.5,"ats_marginal_rate_max":0.11628138905097922,"ats_marginal_interval_start":125.0,"ats_marginal_interval_end":250.0,"is_expanded":false}},{"type":"Feature","geometry":{"type":"Polygon","coordinates":[[[110.616613,40.6393412],[110.617339,40.6393141],[110.618058,40.6392332],[110.618763,40.6390991],[110.6194474,40.6389133],[110.6201044,40.6386775],[110.6207279,40.6383939],[110.6213117,40.6380653],[110.6218502,40.6376949],[110.6223384,40.6372862],[110.6227713,40.6368431],[110.623145,40.63637],[110.6234558,40.6358714],[110.6237006,40.635352],[110.6238773,40.634817],[110.6239839,40.6342713],[110.6240196,40.6337204],[110.6239839,40.6331695],[110.6238773,40.6326238],[110.6237006,40.6320888],[110.6234558,40.6315694],[110.623145,40.6310708],[110.6227713,40.6305977],[110.6223384,40.6301546],[110.6218502,40.6297459],[110.6213117,40.6293755],[110.6207279,40.6290469],[110.6201044,40.6287633],[110.6194474,40.6285275],[110.618763,40.6283417],[110.618058,40.6282076],[110.617339,40.6281267],[110.616613,40.6280996],[110.615887,40.6281267],[110.615168,40.6282076],[110.614463,40.6283417],[110.6137786,40.6285275],[110.6131216,40.6287633],[110.6124981,40.6290469],[110.6119143,40.6293755],[110.6113758,40.6297459],[110.6108876,40.6301546],[110.6104547,40.6305977],[110.610081,40.6310708],[110.6097702,40.6315694],[110.6095254,40.6320888],[110.6093487,40.6326238],[110.6092421,40.6331695],[110.6092064,40.6337204],[110.6092421,40.6342713],[110.6093487,40.634817],[110.6095254,40.635352],[110.6097702,40.6358714],[110.610081,40.63637],[110.6104547,40.6368431],[110.6108876,40.6372862],[110.6113758,40.6376949],[110.6119143,40.6380653],[110.6124981,40.6383939],[110.6131216,40.6386775],[110.6137786,40.6389133],[110.614463,40.6390991],[110.615168,40.6392332],[110.615887,40.6393141],[110.616613,40.6393412]]]},"properties":{"name":"1843无名峰","peak_elev":1843,"radius_m":625,"layer":"ATS峰值响应半径","rank_pct":0.7588,"center_lon":110.616613,"center_lat":40.63372039794922,"max_mean_jut":75.7871,"max_ats":31.2845,"r_jmean_peak":625,"r_ats_peak":625,"r_ats_marginal":187.5,"ats_marginal_rate_max":0.07066871714574861,"ats_marginal_interval_start":125.0,"ats_marginal_interval_end":250.0,"is_expanded":false}},{"type":"Feature","geometry":{"type":"Polygon","coordinates":[[[110.629009,40.6396098],[110.629735,40.6395827],[110.630454,40.6395018],[110.631159,40.6393677],[110.6318434,40.6391819],[110.6325004,40.6389461],[110.6331239,40.6386625],[110.6337077,40.6383339],[110.6342463,40.6379635],[110.6347344,40.6375548],[110.6351674,40.6371117],[110.635541,40.6366386],[110.6358518,40.63614],[110.6360967,40.6356206],[110.6362733,40.6350856],[110.6363799,40.6345399],[110.6364156,40.633989],[110.6363799,40.6334381],[110.6362733,40.6328924],[110.6360967,40.6323574],[110.6358518,40.631838],[110.635541,40.6313394],[110.6351674,40.6308663],[110.6347344,40.6304232],[110.6342463,40.6300145],[110.6337077,40.6296441],[110.6331239,40.6293155],[110.6325004,40.6290319],[110.6318434,40.6287961],[110.631159,40.6286103],[110.630454,40.6284762],[110.629735,40.6283953],[110.629009,40.6283682],[110.628283,40.6283953],[110.627564,40.6284762],[110.626859,40.6286103],[110.6261746,40.6287961],[110.6255176,40.6290319],[110.6248941,40.6293155],[110.6243103,40.6296441],[110.6237717,40.6300145],[110.6232836,40.6304232],[110.6228506,40.6308663],[110.622477,40.6313394],[110.6221662,40.631838],[110.6219213,40.6323574],[110.6217447,40.6328924],[110.6216381,40.6334381],[110.6216024,40.633989],[110.6216381,40.6345399],[110.6217447,40.6350856],[110.6219213,40.6356206],[110.6221662,40.63614],[110.622477,40.6366386],[110.6228506,40.6371117],[110.6232836,40.6375548],[110.6237717,40.6379635],[110.6243103,40.6383339],[110.6248941,40.6386625],[110.6255176,40.6389461],[110.6261746,40.6391819],[110.626859,40.6393677],[110.627564,40.6395018],[110.628283,40.6395827],[110.629009,40.6396098]]]},"properties":{"name":"1881无名峰(2)","peak_elev":1881,"radius_m":625,"layer":"ATS峰值响应半径","rank_pct":0.7588,"center_lon":110.629009,"center_lat":40.633989,"max_mean_jut":87.1378,"max_ats":43.0179,"r_jmean_peak":625,"r_ats_peak":625,"r_ats_marginal":187.5,"ats_marginal_rate_max":0.11893237260998463,"ats_marginal_interval_start":125.0,"ats_marginal_interval_end":250.0,"is_expanded":false}},{"type":"Feature","geometry":{"type":"Polygon","coordinates":[[[110.796096,40.6875798],[110.7968225,40.6875527],[110.797542,40.6874718],[110.7982476,40.6873377],[110.7989324,40.6871519],[110.79959,40.6869161],[110.8002138,40.6866325],[110.8007981,40.6863039],[110.801337,40.6859335],[110.8018255,40.6855248],[110.8022588,40.6850817],[110.8026327,40.6846086],[110.8029437,40.68411],[110.8031888,40.6835906],[110.8033655,40.6830556],[110.8034722,40.6825099],[110.8035079,40.681959],[110.8034722,40.6814081],[110.8033655,40.6808624],[110.8031888,40.6803274],[110.8029437,40.679808],[110.8026327,40.6793094],[110.8022588,40.6788363],[110.8018255,40.6783932],[110.801337,40.6779845],[110.8007981,40.6776141],[110.8002138,40.6772855],[110.79959,40.6770019],[110.7989324,40.6767661],[110.7982476,40.6765803],[110.797542,40.6764462],[110.7968225,40.6763653],[110.796096,40.6763382],[110.7953695,40.6763653],[110.79465,40.6764462],[110.7939444,40.6765803],[110.7932596,40.6767661],[110.792602,40.6770019],[110.7919782,40.6772855],[110.7913939,40.6776141],[110.790855,40.6779845],[110.7903665,40.6783932],[110.7899332,40.6788363],[110.7895593,40.6793094],[110.7892483,40.679808],[110.7890032,40.6803274],[110.7888265,40.6808624],[110.7887198,40.6814081],[110.7886841,40.681959],[110.7887198,40.6825099],[110.7888265,40.6830556],[110.7890032,40.6835906],[110.7892483,40.68411],[110.7895593,40.6846086],[110.7899332,40.6850817],[110.7903665,40.6855248],[110.790855,40.6859335],[110.7913939,40.6863039],[110.7919782,40.6866325],[110.792602,40.6869161],[110.7932596,40.6871519],[110.7939444,40.6873377],[110.79465,40.6874718],[110.7953695,40.6875527],[110.796096,40.6875798]]]},"properties":{"name":"2139无名峰","peak_elev":2139,"radius_m":625,"layer":"ATS峰值响应半径","rank_pct":0.7588,"center_lon":110.796096,"center_lat":40.681959,"max_mean_jut":90.7409,"max_ats":40.9404,"r_jmean_peak":625,"r_ats_peak":625,"r_ats_marginal":187.5,"ats_marginal_rate_max":0.09766471502543998,"ats_marginal_interval_start":125.0,"ats_marginal_interval_end":250.0,"is_expanded":false}},{"type":"Feature","geometry":{"type":"Polygon","coordinates":[[[110.510162,40.6220465],[110.5107426,40.6220249],[110.5113177,40.6219601],[110.5118816,40.6218529],[110.5124289,40.6217042],[110.5129545,40.6215156],[110.5134531,40.6212887],[110.51392,40.6210258],[110.5143508,40.6207295],[110.5147412,40.6204025],[110.5150875,40.6200481],[110.5153863,40.6196696],[110.5156349,40.6192707],[110.5158307,40.6188552],[110.515972,40.6184271],[110.5160573,40.6179906],[110.5160858,40.6175499],[110.5160573,40.6171092],[110.515972,40.6166727],[110.5158307,40.6162446],[110.5156349,40.6158291],[110.5153863,40.6154302],[110.5150875,40.6150517],[110.5147412,40.6146973],[110.5143508,40.6143703],[110.51392,40.614074],[110.5134531,40.6138111],[110.5129545,40.6135842],[110.5124289,40.6133956],[110.5118816,40.6132469],[110.5113177,40.6131397],[110.5107426,40.6130749],[110.510162,40.6130533],[110.5095814,40.6130749],[110.5090063,40.6131397],[110.5084424,40.6132469],[110.5078951,40.6133956],[110.5073695,40.6135842],[110.5068709,40.6138111],[110.506404,40.614074],[110.5059732,40.6143703],[110.5055828,40.6146973],[110.5052365,40.6150517],[110.5049377,40.6154302],[110.5046891,40.6158291],[110.5044933,40.6162446],[110.504352,40.6166727],[110.5042667,40.6171092],[110.5042382,40.6175499],[110.5042667,40.6179906],[110.504352,40.6184271],[110.5044933,40.6188552],[110.5046891,40.6192707],[110.5049377,40.6196696],[110.5052365,40.6200481],[110.5055828,40.6204025],[110.5059732,40.6207295],[110.506404,40.6210258],[110.5068709,40.6212887],[110.5073695,40.6215156],[110.5078951,40.6217042],[110.5084424,40.6218529],[110.5090063,40.6219601],[110.5095814,40.6220249],[110.510162,40.6220465]]]},"properties":{"name":"1304无名峰","peak_elev":1304,"radius_m":500,"layer":"ATS峰值响应半径","rank_pct":0.809,"center_lon":110.510162,"center_lat":40.61754989624024,"max_mean_jut":70.2799,"max_ats":40.64,"r_jmean_peak":375,"r_ats_peak":500,"r_ats_marginal":312.5,"ats_marginal_rate_max":0.1119600870418787,"ats_marginal_interval_start":250.0,"ats_marginal_interval_end":375.0,"is_expanded":false}},{"type":"Feature","geometry":{"type":"Polygon","coordinates":[[[109.038991,40.6665136],[109.039572,40.666492],[109.0401475,40.6664272],[109.0407117,40.66632],[109.0412595,40.6661713],[109.0417853,40.6659827],[109.0422843,40.6657558],[109.0427515,40.6654929],[109.0431826,40.6651966],[109.0435732,40.6648696],[109.0439198,40.6645152],[109.0442188,40.6641367],[109.0444675,40.6637378],[109.0446635,40.6633223],[109.0448049,40.6628942],[109.0448902,40.6624577],[109.0449188,40.662017],[109.0448902,40.6615763],[109.0448049,40.6611398],[109.0446635,40.6607117],[109.0444675,40.6602962],[109.0442188,40.6598973],[109.0439198,40.6595188],[109.0435732,40.6591644],[109.0431826,40.6588374],[109.0427515,40.6585411],[109.0422843,40.6582782],[109.0417853,40.6580513],[109.0412595,40.6578627],[109.0407117,40.657714],[109.0401475,40.6576068],[109.039572,40.657542],[109.038991,40.6575204],[109.03841,40.657542],[109.0378345,40.6576068],[109.0372703,40.657714],[109.0367225,40.6578627],[109.0361967,40.6580513],[109.0356977,40.6582782],[109.0352305,40.6585411],[109.0347994,40.6588374],[109.0344088,40.6591644],[109.0340622,40.6595188],[109.0337632,40.6598973],[109.0335145,40.6602962],[109.0333185,40.6607117],[109.0331771,40.6611398],[109.0330918,40.6615763],[109.0330632,40.662017],[109.0330918,40.6624577],[109.0331771,40.6628942],[109.0333185,40.6633223],[109.0335145,40.6637378],[109.0337632,40.6641367],[109.0340622,40.6645152],[109.0344088,40.6648696],[109.0347994,40.6651966],[109.0352305,40.6654929],[109.0356977,40.6657558],[109.0361967,40.6659827],[109.0367225,40.6661713],[109.0372703,40.66632],[109.0378345,40.6664272],[109.03841,40.666492],[109.038991,40.6665136]]]},"properties":{"name":"1400无名峰(1)","peak_elev":1400,"radius_m":500,"layer":"ATS峰值响应半径","rank_pct":0.809,"center_lon":109.038991,"center_lat":40.662017,"max_mean_jut":75.049,"max_ats":43.9255,"r_jmean_peak":500,"r_ats_peak":500,"r_ats_marginal":187.5,"ats_marginal_rate_max":0.13642837507050604,"ats_marginal_interval_start":125.0,"ats_marginal_interval_end":250.0,"is_expanded":false}},{"type":"Feature","geometry":{"type":"Polygon","coordinates":[[[110.4845581,40.6174656],[110.4851387,40.617444],[110.4857137,40.6173792],[110.4862776,40.617272],[110.4868249,40.6171233],[110.4873504,40.6169347],[110.487849,40.6167078],[110.4883159,40.6164449],[110.4887466,40.6161486],[110.489137,40.6158216],[110.4894832,40.6154672],[110.4897821,40.6150887],[110.4900306,40.6146898],[110.4902265,40.6142743],[110.4903677,40.6138462],[110.490453,40.6134097],[110.4904815,40.612969],[110.490453,40.6125283],[110.4903677,40.6120918],[110.4902265,40.6116637],[110.4900306,40.6112482],[110.4897821,40.6108493],[110.4894832,40.6104708],[110.489137,40.6101164],[110.4887466,40.6097894],[110.4883159,40.6094931],[110.487849,40.6092302],[110.4873504,40.6090033],[110.4868249,40.6088147],[110.4862776,40.608666],[110.4857137,40.6085588],[110.4851387,40.608494],[110.4845581,40.6084724],[110.4839775,40.608494],[110.4834025,40.6085588],[110.4828386,40.608666],[110.4822913,40.6088147],[110.4817658,40.6090033],[110.4812672,40.6092302],[110.4808003,40.6094931],[110.4803696,40.6097894],[110.4799792,40.6101164],[110.479633,40.6104708],[110.4793341,40.6108493],[110.4790856,40.6112482],[110.4788897,40.6116637],[110.4787485,40.6120918],[110.4786632,40.6125283],[110.4786347,40.612969],[110.4786632,40.6134097],[110.4787485,40.6138462],[110.4788897,40.6142743],[110.4790856,40.6146898],[110.4793341,40.6150887],[110.479633,40.6154672],[110.4799792,40.6158216],[110.4803696,40.6161486],[110.4808003,40.6164449],[110.4812672,40.6167078],[110.4817658,40.6169347],[110.4822913,40.6171233],[110.4828386,40.617272],[110.4834025,40.6173792],[110.4839775,40.617444],[110.4845581,40.6174656]]]},"properties":{"name":"1460无名峰","peak_elev":1460,"radius_m":500,"layer":"ATS峰值响应半径","rank_pct":0.809,"center_lon":110.48455810546876,"center_lat":40.612969,"max_mean_jut":36.1767,"max_ats":17.1998,"r_jmean_peak":250,"r_ats_peak":500,"r_ats_marginal":187.5,"ats_marginal_rate_max":0.038341134585041604,"ats_marginal_interval_start":125.0,"ats_marginal_interval_end":250.0,"is_expanded":false}},{"type":"Feature","geometry":{"type":"Polygon","coordinates":[[[109.298245,41.0931235],[109.2988298,41.0931018],[109.2994089,41.0930371],[109.2999769,41.0929298],[109.3005281,41.0927812],[109.3010574,41.0925925],[109.3015596,41.0923657],[109.3020298,41.0921028],[109.3024637,41.0918064],[109.3028569,41.0914795],[109.3032056,41.091125],[109.3035066,41.0907465],[109.303757,41.0903476],[109.3039542,41.0899322],[109.3040965,41.0895041],[109.3041824,41.0890676],[109.3042111,41.0886269],[109.3041824,41.0881861],[109.3040965,41.0877496],[109.3039542,41.0873216],[109.303757,41.0869061],[109.3035066,41.0865072],[109.3032056,41.0861287],[109.3028569,41.0857742],[109.3024637,41.0854473],[109.3020298,41.0851509],[109.3015596,41.0848881],[109.3010574,41.0846612],[109.3005281,41.0844725],[109.2999769,41.0843239],[109.2994089,41.0842167],[109.2988298,41.0841519],[109.298245,41.0841303],[109.2976602,41.0841519],[109.2970811,41.0842167],[109.2965131,41.0843239],[109.2959619,41.0844725],[109.2954326,41.0846612],[109.2949304,41.0848881],[109.2944602,41.0851509],[109.2940263,41.0854473],[109.2936331,41.0857742],[109.2932844,41.0861287],[109.2929834,41.0865072],[109.292733,41.0869061],[109.2925358,41.0873216],[109.2923935,41.0877496],[109.2923076,41.0881861],[109.2922789,41.0886269],[109.2923076,41.0890676],[109.2923935,41.0895041],[109.2925358,41.0899322],[109.292733,41.0903476],[109.2929834,41.0907465],[109.2932844,41.091125],[109.2936331,41.0914795],[109.2940263,41.0918064],[109.2944602,41.0921028],[109.2949304,41.0923657],[109.2954326,41.0925925],[109.2959619,41.0927812],[109.2965131,41.0929298],[109.2970811,41.0930371],[109.2976602,41.0931018],[109.298245,41.0931235]]]},"properties":{"name":"1462无名峰","peak_elev":1462,"radius_m":500,"layer":"ATS峰值响应半径","rank_pct":0.809,"center_lon":109.298245,"center_lat":41.088626861572266,"max_mean_jut":54.8631,"max_ats":38.8846,"r_jmean_peak":375,"r_ats_peak":500,"r_ats_marginal":187.5,"ats_marginal_rate_max":0.11515889561771016,"ats_marginal_interval_start":125.0,"ats_marginal_interval_end":250.0,"is_expanded":false}},{"type":"Feature","geometry":{"type":"Polygon","coordinates":[[[110.246866,40.5932106],[110.2474464,40.593189],[110.2480212,40.5931242],[110.2485849,40.593017],[110.249132,40.5928683],[110.2496573,40.5926797],[110.2501557,40.5924528],[110.2506224,40.5921899],[110.251053,40.5918936],[110.2514432,40.5915666],[110.2517894,40.5912122],[110.2520881,40.5908337],[110.2523365,40.5904348],[110.2525323,40.5900193],[110.2526735,40.5895912],[110.2527588,40.5891547],[110.2527873,40.588714],[110.2527588,40.5882733],[110.2526735,40.5878368],[110.2525323,40.5874087],[110.2523365,40.5869932],[110.2520881,40.5865943],[110.2517894,40.5862158],[110.2514432,40.5858614],[110.251053,40.5855344],[110.2506224,40.5852381],[110.2501557,40.5849752],[110.2496573,40.5847483],[110.249132,40.5845597],[110.2485849,40.584411],[110.2480212,40.5843038],[110.2474464,40.584239],[110.246866,40.5842174],[110.2462856,40.584239],[110.2457108,40.5843038],[110.2451471,40.584411],[110.2446,40.5845597],[110.2440747,40.5847483],[110.2435763,40.5849752],[110.2431096,40.5852381],[110.242679,40.5855344],[110.2422888,40.5858614],[110.2419426,40.5862158],[110.2416439,40.5865943],[110.2413955,40.5869932],[110.2411997,40.5874087],[110.2410585,40.5878368],[110.2409732,40.5882733],[110.2409447,40.588714],[110.2409732,40.5891547],[110.2410585,40.5895912],[110.2411997,40.5900193],[110.2413955,40.5904348],[110.2416439,40.5908337],[110.2419426,40.5912122],[110.2422888,40.5915666],[110.242679,40.5918936],[110.2431096,40.5921899],[110.2435763,40.5924528],[110.2440747,40.5926797],[110.2446,40.5928683],[110.2451471,40.593017],[110.2457108,40.5931242],[110.2462856,40.593189],[110.246866,40.5932106]]]},"properties":{"name":"1464无名峰","peak_elev":1464,"radius_m":500,"layer":"ATS峰值响应半径","rank_pct":0.809,"center_lon":110.246866,"center_lat":40.588714,"max_mean_jut":97.1285,"max_ats":59.0801,"r_jmean_peak":500,"r_ats_peak":500,"r_ats_marginal":187.5,"ats_marginal_rate_max":0.1583574666842265,"ats_marginal_interval_start":125.0,"ats_marginal_interval_end":250.0,"is_expanded":false}},{"type":"Feature","geometry":{"type":"Polygon","coordinates":[[[110.242015,40.6018346],[110.2425955,40.601813],[110.2431703,40.6017482],[110.2437341,40.601641],[110.2442813,40.6014923],[110.2448066,40.6013037],[110.2453051,40.6010768],[110.2457719,40.6008139],[110.2462025,40.6005176],[110.2465928,40.6001906],[110.246939,40.5998362],[110.2472378,40.5994577],[110.2474862,40.5990588],[110.247682,40.5986433],[110.2478232,40.5982152],[110.2479085,40.5977787],[110.247937,40.597338],[110.2479085,40.5968973],[110.2478232,40.5964608],[110.247682,40.5960327],[110.2474862,40.5956172],[110.2472378,40.5952183],[110.246939,40.5948398],[110.2465928,40.5944854],[110.2462025,40.5941584],[110.2457719,40.5938621],[110.2453051,40.5935992],[110.2448066,40.5933723],[110.2442813,40.5931837],[110.2437341,40.593035],[110.2431703,40.5929278],[110.2425955,40.592863],[110.242015,40.5928414],[110.2414345,40.592863],[110.2408597,40.5929278],[110.2402959,40.593035],[110.2397487,40.5931837],[110.2392234,40.5933723],[110.2387249,40.5935992],[110.2382581,40.5938621],[110.2378275,40.5941584],[110.2374372,40.5944854],[110.237091,40.5948398],[110.2367922,40.5952183],[110.2365438,40.5956172],[110.236348,40.5960327],[110.2362068,40.5964608],[110.2361215,40.5968973],[110.236093,40.597338],[110.2361215,40.5977787],[110.2362068,40.5982152],[110.236348,40.5986433],[110.2365438,40.5990588],[110.2367922,40.5994577],[110.237091,40.5998362],[110.2374372,40.6001906],[110.2378275,40.6005176],[110.2382581,40.6008139],[110.2387249,40.6010768],[110.2392234,40.6013037],[110.2397487,40.6014923],[110.2402959,40.601641],[110.2408597,40.6017482],[110.2414345,40.601813],[110.242015,40.6018346]]]},"properties":{"name":"1468无名峰","peak_elev":1468,"radius_m":500,"layer":"ATS峰值响应半径","rank_pct":0.809,"center_lon":110.242015,"center_lat":40.597338,"max_mean_jut":55.0856,"max_ats":29.7673,"r_jmean_peak":375,"r_ats_peak":500,"r_ats_marginal":187.5,"ats_marginal_rate_max":0.07485504430780493,"ats_marginal_interval_start":125.0,"ats_marginal_interval_end":250.0,"is_expanded":false}},{"type":"Feature","geometry":{"type":"Polygon","coordinates":[[[109.148406,41.1276186],[109.1489911,41.127597],[109.1495705,41.1275322],[109.1501388,41.127425],[109.1506903,41.1272763],[109.1512199,41.1270877],[109.1517223,41.1268608],[109.1521928,41.1265979],[109.1526269,41.1263016],[109.1530203,41.1259746],[109.1533692,41.1256202],[109.1536704,41.1252417],[109.1539208,41.1248428],[109.1541182,41.1244273],[109.1542605,41.1239992],[109.1543465,41.1235627],[109.1543752,41.123122],[109.1543465,41.1226813],[109.1542605,41.1222448],[109.1541182,41.1218167],[109.1539208,41.1214012],[109.1536704,41.1210023],[109.1533692,41.1206238],[109.1530203,41.1202694],[109.1526269,41.1199424],[109.1521928,41.1196461],[109.1517223,41.1193832],[109.1512199,41.1191563],[109.1506903,41.1189677],[109.1501388,41.118819],[109.1495705,41.1187118],[109.1489911,41.118647],[109.148406,41.1186254],[109.1478209,41.118647],[109.1472415,41.1187118],[109.1466732,41.118819],[109.1461217,41.1189677],[109.1455921,41.1191563],[109.1450897,41.1193832],[109.1446192,41.1196461],[109.1441851,41.1199424],[109.1437917,41.1202694],[109.1434428,41.1206238],[109.1431416,41.1210023],[109.1428912,41.1214012],[109.1426938,41.1218167],[109.1425515,41.1222448],[109.1424655,41.1226813],[109.1424368,41.123122],[109.1424655,41.1235627],[109.1425515,41.1239992],[109.1426938,41.1244273],[109.1428912,41.1248428],[109.1431416,41.1252417],[109.1434428,41.1256202],[109.1437917,41.1259746],[109.1441851,41.1263016],[109.1446192,41.1265979],[109.1450897,41.1268608],[109.1455921,41.1270877],[109.1461217,41.1272763],[109.1466732,41.127425],[109.1472415,41.1275322],[109.1478209,41.127597],[109.148406,41.1276186]]]},"properties":{"name":"1476无名峰","peak_elev":1476,"radius_m":500,"layer":"ATS峰值响应半径","rank_pct":0.809,"center_lon":109.148406,"center_lat":41.123122,"max_mean_jut":49.7605,"max_ats":31.2829,"r_jmean_peak":375,"r_ats_peak":500,"r_ats_marginal":187.5,"ats_marginal_rate_max":0.097258826574208,"ats_marginal_interval_start":125.0,"ats_marginal_interval_end":250.0,"is_expanded":false}},{"type":"Feature","geometry":{"type":"Polygon","coordinates":[[[110.3859253,40.5940199],[110.3865057,40.5939983],[110.3870805,40.5939335],[110.3876442,40.5938263],[110.3881913,40.5936776],[110.3887166,40.593489],[110.389215,40.5932621],[110.3896818,40.5929992],[110.3901123,40.5927029],[110.3905026,40.5923759],[110.3908487,40.5920215],[110.3911474,40.591643],[110.3913959,40.5912441],[110.3915917,40.5908286],[110.3917329,40.5904006],[110.3918181,40.5899641],[110.3918466,40.5895233],[110.3918181,40.5890826],[110.3917329,40.5886461],[110.3915917,40.588218],[110.3913959,40.5878025],[110.3911474,40.5874036],[110.3908487,40.5870251],[110.3905026,40.5866707],[110.3901123,40.5863437],[110.3896818,40.5860474],[110.389215,40.5857845],[110.3887166,40.5855577],[110.3881913,40.585369],[110.3876442,40.5852203],[110.3870805,40.5851131],[110.3865057,40.5850484],[110.3859253,40.5850267],[110.3853449,40.5850484],[110.3847701,40.5851131],[110.3842064,40.5852203],[110.3836593,40.585369],[110.383134,40.5855577],[110.3826356,40.5857845],[110.3821688,40.5860474],[110.3817383,40.5863437],[110.381348,40.5866707],[110.3810019,40.5870251],[110.3807031,40.5874036],[110.3804547,40.5878025],[110.3802589,40.588218],[110.3801177,40.5886461],[110.3800325,40.5890826],[110.380004,40.5895233],[110.3800325,40.5899641],[110.3801177,40.5904006],[110.3802589,40.5908286],[110.3804547,40.5912441],[110.3807031,40.591643],[110.3810019,40.5920215],[110.381348,40.5923759],[110.3817383,40.5927029],[110.3821688,40.5929992],[110.3826356,40.5932621],[110.383134,40.593489],[110.3836593,40.5936776],[110.3842064,40.5938263],[110.3847701,40.5939335],[110.3853449,40.5939983],[110.3859253,40.5940199]]]},"properties":{"name":"1477无名峰","peak_elev":1477,"radius_m":500,"layer":"ATS峰值响应半径","rank_pct":0.809,"center_lon":110.38592529296876,"center_lat":40.58952331542969,"max_mean_jut":80.1949,"max_ats":38.4411,"r_jmean_peak":500,"r_ats_peak":500,"r_ats_marginal":312.5,"ats_marginal_rate_max":0.11495675482195657,"ats_marginal_interval_start":250.0,"ats_marginal_interval_end":375.0,"is_expanded":false}},{"type":"Feature","geometry":{"type":"Polygon","coordinates":[[[109.210794,40.6824141],[109.2113752,40.6823924],[109.2119507,40.6823277],[109.2125152,40.6822205],[109.213063,40.6820718],[109.213589,40.6818831],[109.2140881,40.6816563],[109.2145554,40.6813934],[109.2149866,40.6810971],[109.2153773,40.6807701],[109.2157239,40.6804157],[109.2160231,40.6800372],[109.2162719,40.6796383],[109.2164679,40.6792228],[109.2166093,40.6787947],[109.2166946,40.6783582],[109.2167232,40.6779175],[109.2166946,40.6774767],[109.2166093,40.6770402],[109.2164679,40.6766122],[109.2162719,40.6761967],[109.2160231,40.6757978],[109.2157239,40.6754193],[109.2153773,40.6750649],[109.2149866,40.6747379],[109.2145554,40.6744416],[109.2140881,40.6741787],[109.213589,40.6739518],[109.213063,40.6737632],[109.2125152,40.6736145],[109.2119507,40.6735073],[109.2113752,40.6734425],[109.210794,40.6734209],[109.2102128,40.6734425],[109.2096373,40.6735073],[109.2090728,40.6736145],[109.208525,40.6737632],[109.207999,40.6739518],[109.2074999,40.6741787],[109.2070326,40.6744416],[109.2066014,40.6747379],[109.2062107,40.6750649],[109.2058641,40.6754193],[109.2055649,40.6757978],[109.2053161,40.6761967],[109.2051201,40.6766122],[109.2049787,40.6770402],[109.2048934,40.6774767],[109.2048648,40.6779175],[109.2048934,40.6783582],[109.2049787,40.6787947],[109.2051201,40.6792228],[109.2053161,40.6796383],[109.2055649,40.6800372],[109.2058641,40.6804157],[109.2062107,40.6807701],[109.2066014,40.6810971],[109.2070326,40.6813934],[109.2074999,40.6816563],[109.207999,40.6818831],[109.208525,40.6820718],[109.2090728,40.6822205],[109.2096373,40.6823277],[109.2102128,40.6823924],[109.210794,40.6824141]]]},"properties":{"name":"1489无名峰","peak_elev":1489,"radius_m":500,"layer":"ATS峰值响应半径","rank_pct":0.809,"center_lon":109.210794,"center_lat":40.67791748046875,"max_mean_jut":67.5241,"max_ats":34.1213,"r_jmean_peak":500,"r_ats_peak":500,"r_ats_marginal":187.5,"ats_marginal_rate_max":0.12258018816862438,"ats_marginal_interval_start":125.0,"ats_marginal_interval_end":250.0,"is_expanded":false}},{"type":"Feature","geometry":{"type":"Polygon","coordinates":[[[110.490489,40.6454926],[110.4910698,40.645471],[110.4916451,40.6454062],[110.4922092,40.645299],[110.4927567,40.6451503],[110.4932825,40.6449617],[110.4937813,40.6447348],[110.4942484,40.6444719],[110.4946792,40.6441756],[110.4950698,40.6438486],[110.4954162,40.6434942],[110.4957152,40.6431157],[110.4959638,40.6427168],[110.4961597,40.6423013],[110.496301,40.6418732],[110.4963864,40.6414367],[110.4964149,40.640996],[110.4963864,40.6405553],[110.496301,40.6401188],[110.4961597,40.6396907],[110.4959638,40.6392752],[110.4957152,40.6388763],[110.4954162,40.6384978],[110.4950698,40.6381434],[110.4946792,40.6378164],[110.4942484,40.6375201],[110.4937813,40.6372572],[110.4932825,40.6370303],[110.4927567,40.6368417],[110.4922092,40.636693],[110.4916451,40.6365858],[110.4910698,40.636521],[110.490489,40.6364994],[110.4899082,40.636521],[110.4893329,40.6365858],[110.4887688,40.636693],[110.4882213,40.6368417],[110.4876955,40.6370303],[110.4871967,40.6372572],[110.4867296,40.6375201],[110.4862988,40.6378164],[110.4859082,40.6381434],[110.4855618,40.6384978],[110.4852628,40.6388763],[110.4850142,40.6392752],[110.4848183,40.6396907],[110.484677,40.6401188],[110.4845916,40.6405553],[110.4845631,40.640996],[110.4845916,40.6414367],[110.484677,40.6418732],[110.4848183,40.6423013],[110.4850142,40.6427168],[110.4852628,40.6431157],[110.4855618,40.6434942],[110.4859082,40.6438486],[110.4862988,40.6441756],[110.4867296,40.6444719],[110.4871967,40.6447348],[110.4876955,40.6449617],[110.4882213,40.6451503],[110.4887688,40.645299],[110.4893329,40.6454062],[110.4899082,40.645471],[110.490489,40.6454926]]]},"properties":{"name":"1498无名峰","peak_elev":1498,"radius_m":500,"layer":"ATS峰值响应半径","rank_pct":0.809,"center_lon":110.490489,"center_lat":40.640996,"max_mean_jut":84.133,"max_ats":47.1132,"r_jmean_peak":500,"r_ats_peak":500,"r_ats_marginal":187.5,"ats_marginal_rate_max":0.1579361521362587,"ats_marginal_interval_start":125.0,"ats_marginal_interval_end":250.0,"is_expanded":false}},{"type":"Feature","geometry":{"type":"Polygon","coordinates":[[[110.429044,40.6322876],[110.4296247,40.632266],[110.4301999,40.6322012],[110.4307639,40.632094],[110.4313113,40.6319453],[110.4318369,40.6317567],[110.4323356,40.6315298],[110.4328026,40.6312669],[110.4332334,40.6309706],[110.4336239,40.6306436],[110.4339702,40.6302892],[110.4342691,40.6299107],[110.4345177,40.6295118],[110.4347136,40.6290963],[110.4348549,40.6286682],[110.4349402,40.6282317],[110.4349687,40.627791],[110.4349402,40.6273503],[110.4348549,40.6269138],[110.4347136,40.6264857],[110.4345177,40.6260702],[110.4342691,40.6256713],[110.4339702,40.6252928],[110.4336239,40.6249384],[110.4332334,40.6246114],[110.4328026,40.6243151],[110.4323356,40.6240522],[110.4318369,40.6238253],[110.4313113,40.6236367],[110.4307639,40.623488],[110.4301999,40.6233808],[110.4296247,40.623316],[110.429044,40.6232944],[110.4284633,40.623316],[110.4278881,40.6233808],[110.4273241,40.623488],[110.4267767,40.6236367],[110.4262511,40.6238253],[110.4257524,40.6240522],[110.4252854,40.6243151],[110.4248546,40.6246114],[110.4244641,40.6249384],[110.4241178,40.6252928],[110.4238189,40.6256713],[110.4235703,40.6260702],[110.4233744,40.6264857],[110.4232331,40.6269138],[110.4231478,40.6273503],[110.4231193,40.627791],[110.4231478,40.6282317],[110.4232331,40.6286682],[110.4233744,40.6290963],[110.4235703,40.6295118],[110.4238189,40.6299107],[110.4241178,40.6302892],[110.4244641,40.6306436],[110.4248546,40.6309706],[110.4252854,40.6312669],[110.4257524,40.6315298],[110.4262511,40.6317567],[110.4267767,40.6319453],[110.4273241,40.632094],[110.4278881,40.6322012],[110.4284633,40.632266],[110.429044,40.6322876]]]},"properties":{"name":"1558无名峰","peak_elev":1558,"radius_m":500,"layer":"ATS峰值响应半径","rank_pct":0.809,"center_lon":110.429044,"center_lat":40.627791,"max_mean_jut":88.9567,"max_ats":49.7758,"r_jmean_peak":500,"r_ats_peak":500,"r_ats_marginal":187.5,"ats_marginal_rate_max":0.1771215944821843,"ats_marginal_interval_start":125.0,"ats_marginal_interval_end":250.0,"is_expanded":false}},{"type":"Feature","geometry":{"type":"Polygon","coordinates":[[[109.318457,41.0750676],[109.3190416,41.075046],[109.3196206,41.0749812],[109.3201884,41.074874],[109.3207395,41.0747253],[109.3212686,41.0745367],[109.3217707,41.0743098],[109.3222408,41.0740469],[109.3226745,41.0737506],[109.3230676,41.0734236],[109.3234163,41.0730692],[109.3237172,41.0726907],[109.3239674,41.0722918],[109.3241646,41.0718763],[109.3243068,41.0714482],[109.3243927,41.0710117],[109.3244215,41.070571],[109.3243927,41.0701303],[109.3243068,41.0696938],[109.3241646,41.0692657],[109.3239674,41.0688502],[109.3237172,41.0684513],[109.3234163,41.0680728],[109.3230676,41.0677184],[109.3226745,41.0673914],[109.3222408,41.0670951],[109.3217707,41.0668322],[109.3212686,41.0666053],[109.3207395,41.0664167],[109.3201884,41.066268],[109.3196206,41.0661608],[109.3190416,41.066096],[109.318457,41.0660744],[109.3178724,41.066096],[109.3172934,41.0661608],[109.3167256,41.066268],[109.3161745,41.0664167],[109.3156454,41.0666053],[109.3151433,41.0668322],[109.3146732,41.0670951],[109.3142395,41.0673914],[109.3138464,41.0677184],[109.3134977,41.0680728],[109.3131968,41.0684513],[109.3129466,41.0688502],[109.3127494,41.0692657],[109.3126072,41.0696938],[109.3125213,41.0701303],[109.3124925,41.070571],[109.3125213,41.0710117],[109.3126072,41.0714482],[109.3127494,41.0718763],[109.3129466,41.0722918],[109.3131968,41.0726907],[109.3134977,41.0730692],[109.3138464,41.0734236],[109.3142395,41.0737506],[109.3146732,41.0740469],[109.3151433,41.0743098],[109.3156454,41.0745367],[109.3161745,41.0747253],[109.3167256,41.074874],[109.3172934,41.0749812],[109.3178724,41.075046],[109.318457,41.0750676]]]},"properties":{"name":"1612无名峰","peak_elev":1612,"radius_m":500,"layer":"ATS峰值响应半径","rank_pct":0.809,"center_lon":109.318457,"center_lat":41.070571,"max_mean_jut":54.6482,"max_ats":33.1354,"r_jmean_peak":500,"r_ats_peak":500,"r_ats_marginal":312.5,"ats_marginal_rate_max":0.0876283850323218,"ats_marginal_interval_start":250.0,"ats_marginal_interval_end":375.0,"is_expanded":false}},{"type":"Feature","geometry":{"type":"Polygon","coordinates":[[[110.479305,40.6349821],[110.4798857,40.6349605],[110.4804609,40.6348957],[110.4810249,40.6347885],[110.4815724,40.6346399],[110.482098,40.6344512],[110.4825967,40.6342243],[110.4830638,40.6339615],[110.4834946,40.6336651],[110.4838851,40.6333382],[110.4842314,40.6329837],[110.4845304,40.6326052],[110.484779,40.6322063],[110.4849748,40.6317908],[110.4851161,40.6313628],[110.4852014,40.6309263],[110.48523,40.6304855],[110.4852014,40.6300448],[110.4851161,40.6296083],[110.4849748,40.6291802],[110.484779,40.6287648],[110.4845304,40.6283658],[110.4842314,40.6279874],[110.4838851,40.6276329],[110.4834946,40.627306],[110.4830638,40.6270096],[110.4825967,40.6267467],[110.482098,40.6265199],[110.4815724,40.6263312],[110.4810249,40.6261825],[110.4804609,40.6260753],[110.4798857,40.6260106],[110.479305,40.6259889],[110.4787243,40.6260106],[110.4781491,40.6260753],[110.4775851,40.6261825],[110.4770376,40.6263312],[110.476512,40.6265199],[110.4760133,40.6267467],[110.4755462,40.6270096],[110.4751154,40.627306],[110.4747249,40.6276329],[110.4743786,40.6279874],[110.4740796,40.6283658],[110.473831,40.6287648],[110.4736352,40.6291802],[110.4734939,40.6296083],[110.4734086,40.6300448],[110.47338,40.6304855],[110.4734086,40.6309263],[110.4734939,40.6313628],[110.4736352,40.6317908],[110.473831,40.6322063],[110.4740796,40.6326052],[110.4743786,40.6329837],[110.4747249,40.6333382],[110.4751154,40.6336651],[110.4755462,40.6339615],[110.4760133,40.6342243],[110.476512,40.6344512],[110.4770376,40.6346399],[110.4775851,40.6347885],[110.4781491,40.6348957],[110.4787243,40.6349605],[110.479305,40.6349821]]]},"properties":{"name":"1643无名峰","peak_elev":1643,"radius_m":500,"layer":"ATS峰值响应半径","rank_pct":0.809,"center_lon":110.479305,"center_lat":40.63048553466797,"max_mean_jut":66.5522,"max_ats":35.3179,"r_jmean_peak":500,"r_ats_peak":500,"r_ats_marginal":187.5,"ats_marginal_rate_max":0.1131952419160389,"ats_marginal_interval_start":125.0,"ats_marginal_interval_end":250.0,"is_expanded":false}},{"type":"Feature","geometry":{"type":"Polygon","coordinates":[[[109.017162,40.6821432],[109.0177432,40.6821216],[109.0183187,40.6820568],[109.0188831,40.6819496],[109.019431,40.681801],[109.019957,40.6816123],[109.0204561,40.6813854],[109.0209234,40.6811226],[109.0213545,40.6808262],[109.0217453,40.6804993],[109.0220919,40.6801448],[109.0223911,40.6797663],[109.0226398,40.6793674],[109.0228359,40.6789519],[109.0229772,40.6785239],[109.0230626,40.6780874],[109.0230912,40.6776466],[109.0230626,40.6772059],[109.0229772,40.6767694],[109.0228359,40.6763413],[109.0226398,40.6759259],[109.0223911,40.675527],[109.0220919,40.6751485],[109.0217453,40.674794],[109.0213545,40.6744671],[109.0209234,40.6741707],[109.0204561,40.6739078],[109.019957,40.673681],[109.019431,40.6734923],[109.0188831,40.6733437],[109.0183187,40.6732364],[109.0177432,40.6731717],[109.017162,40.67315],[109.0165808,40.6731717],[109.0160053,40.6732364],[109.0154409,40.6733437],[109.014893,40.6734923],[109.014367,40.673681],[109.0138679,40.6739078],[109.0134006,40.6741707],[109.0129695,40.6744671],[109.0125787,40.674794],[109.0122321,40.6751485],[109.0119329,40.675527],[109.0116842,40.6759259],[109.0114881,40.6763413],[109.0113468,40.6767694],[109.0112614,40.6772059],[109.0112328,40.6776466],[109.0112614,40.6780874],[109.0113468,40.6785239],[109.0114881,40.6789519],[109.0116842,40.6793674],[109.0119329,40.6797663],[109.0122321,40.6801448],[109.0125787,40.6804993],[109.0129695,40.6808262],[109.0134006,40.6811226],[109.0138679,40.6813854],[109.014367,40.6816123],[109.014893,40.681801],[109.0154409,40.6819496],[109.0160053,40.6820568],[109.0165808,40.6821216],[109.017162,40.6821432]]]},"properties":{"name":"1704无名峰","peak_elev":1704,"radius_m":500,"layer":"ATS峰值响应半径","rank_pct":0.809,"center_lon":109.017162,"center_lat":40.67764663696289,"max_mean_jut":94.8457,"max_ats":49.6258,"r_jmean_peak":625,"r_ats_peak":500,"r_ats_marginal":187.5,"ats_marginal_rate_max":0.14780721812826061,"ats_marginal_interval_start":125.0,"ats_marginal_interval_end":250.0,"is_expanded":false}},{"type":"Feature","geometry":{"type":"Polygon","coordinates":[[[109.4292221,40.6751376],[109.4298032,40.675116],[109.4303787,40.6750512],[109.4309431,40.674944],[109.4314909,40.6747953],[109.4320168,40.6746067],[109.4325158,40.6743798],[109.4329831,40.6741169],[109.4334142,40.6738206],[109.4338049,40.6734936],[109.4341515,40.6731392],[109.4344506,40.6727607],[109.4346994,40.6723618],[109.4348954,40.6719463],[109.4350367,40.6715182],[109.4351221,40.6710817],[109.4351506,40.670641],[109.4351221,40.6702003],[109.4350367,40.6697638],[109.4348954,40.6693357],[109.4346994,40.6689202],[109.4344506,40.6685213],[109.4341515,40.6681428],[109.4338049,40.6677884],[109.4334142,40.6674614],[109.4329831,40.6671651],[109.4325158,40.6669022],[109.4320168,40.6666753],[109.4314909,40.6664867],[109.4309431,40.666338],[109.4303787,40.6662308],[109.4298032,40.666166],[109.4292221,40.6661444],[109.428641,40.666166],[109.4280655,40.6662308],[109.4275011,40.666338],[109.4269534,40.6664867],[109.4264274,40.6666753],[109.4259284,40.6669022],[109.4254611,40.6671651],[109.42503,40.6674614],[109.4246393,40.6677884],[109.4242927,40.6681428],[109.4239936,40.6685213],[109.4237449,40.6689202],[109.4235489,40.6693357],[109.4234075,40.6697638],[109.4233221,40.6702003],[109.4232936,40.670641],[109.4233221,40.6710817],[109.4234075,40.6715182],[109.4235489,40.6719463],[109.4237449,40.6723618],[109.4239936,40.6727607],[109.4242927,40.6731392],[109.4246393,40.6734936],[109.42503,40.6738206],[109.4254611,40.6741169],[109.4259284,40.6743798],[109.4264274,40.6746067],[109.4269534,40.6747953],[109.4275011,40.674944],[109.4280655,40.6750512],[109.428641,40.675116],[109.4292221,40.6751376]]]},"properties":{"name":"1714无名峰","peak_elev":1714,"radius_m":500,"layer":"ATS峰值响应半径","rank_pct":0.809,"center_lon":109.4292221069336,"center_lat":40.670641,"max_mean_jut":78.2611,"max_ats":36.1974,"r_jmean_peak":500,"r_ats_peak":500,"r_ats_marginal":312.5,"ats_marginal_rate_max":0.1148264849576222,"ats_marginal_interval_start":250.0,"ats_marginal_interval_end":375.0,"is_expanded":false}},{"type":"Feature","geometry":{"type":"Polygon","coordinates":[[[110.679944,40.6348476],[110.6805247,40.634826],[110.6810999,40.6347612],[110.6816639,40.634654],[110.6822114,40.6345053],[110.682737,40.6343167],[110.6832357,40.6340898],[110.6837028,40.6338269],[110.6841336,40.6335306],[110.6845241,40.6332036],[110.6848704,40.6328492],[110.6851693,40.6324707],[110.6854179,40.6320718],[110.6856138,40.6316563],[110.6857551,40.6312282],[110.6858404,40.6307917],[110.685869,40.630351],[110.6858404,40.6299103],[110.6857551,40.6294738],[110.6856138,40.6290457],[110.6854179,40.6286302],[110.6851693,40.6282313],[110.6848704,40.6278528],[110.6845241,40.6274984],[110.6841336,40.6271714],[110.6837028,40.6268751],[110.6832357,40.6266122],[110.682737,40.6263853],[110.6822114,40.6261967],[110.6816639,40.626048],[110.6810999,40.6259408],[110.6805247,40.625876],[110.679944,40.6258544],[110.6793633,40.625876],[110.6787881,40.6259408],[110.6782241,40.626048],[110.6776766,40.6261967],[110.677151,40.6263853],[110.6766523,40.6266122],[110.6761852,40.6268751],[110.6757544,40.6271714],[110.6753639,40.6274984],[110.6750176,40.6278528],[110.6747187,40.6282313],[110.6744701,40.6286302],[110.6742742,40.6290457],[110.6741329,40.6294738],[110.6740476,40.6299103],[110.674019,40.630351],[110.6740476,40.6307917],[110.6741329,40.6312282],[110.6742742,40.6316563],[110.6744701,40.6320718],[110.6747187,40.6324707],[110.6750176,40.6328492],[110.6753639,40.6332036],[110.6757544,40.6335306],[110.6761852,40.6338269],[110.6766523,40.6340898],[110.677151,40.6343167],[110.6776766,40.6345053],[110.6782241,40.634654],[110.6787881,40.6347612],[110.6793633,40.634826],[110.679944,40.6348476]]]},"properties":{"name":"1803无名峰","peak_elev":1803,"radius_m":500,"layer":"ATS峰值响应半径","rank_pct":0.809,"center_lon":110.679944,"center_lat":40.630351,"max_mean_jut":97.2387,"max_ats":48.3225,"r_jmean_peak":500,"r_ats_peak":500,"r_ats_marginal":187.5,"ats_marginal_rate_max":0.136426291219276,"ats_marginal_interval_start":125.0,"ats_marginal_interval_end":250.0,"is_expanded":false}},{"type":"Feature","geometry":{"type":"Polygon","coordinates":[[[110.287829,40.8201256],[110.2884114,40.820104],[110.2889881,40.8200392],[110.2895537,40.819932],[110.2901027,40.8197833],[110.2906298,40.8195947],[110.2911299,40.8193678],[110.2915982,40.8191049],[110.2920303,40.8188086],[110.2924218,40.8184816],[110.2927692,40.8181272],[110.2930689,40.8177487],[110.2933182,40.8173498],[110.2935146,40.8169343],[110.2936563,40.8165062],[110.2937419,40.8160697],[110.2937705,40.815629],[110.2937419,40.8151883],[110.2936563,40.8147518],[110.2935146,40.8143237],[110.2933182,40.8139082],[110.2930689,40.8135093],[110.2927692,40.8131308],[110.2924218,40.8127764],[110.2920303,40.8124494],[110.2915982,40.8121531],[110.2911299,40.8118902],[110.2906298,40.8116633],[110.2901027,40.8114747],[110.2895537,40.811326],[110.2889881,40.8112188],[110.2884114,40.811154],[110.287829,40.8111324],[110.2872466,40.811154],[110.2866699,40.8112188],[110.2861043,40.811326],[110.2855553,40.8114747],[110.2850282,40.8116633],[110.2845281,40.8118902],[110.2840598,40.8121531],[110.2836277,40.8124494],[110.2832362,40.8127764],[110.2828888,40.8131308],[110.2825891,40.8135093],[110.2823398,40.8139082],[110.2821434,40.8143237],[110.2820017,40.8147518],[110.2819161,40.8151883],[110.2818875,40.815629],[110.2819161,40.8160697],[110.2820017,40.8165062],[110.2821434,40.8169343],[110.2823398,40.8173498],[110.2825891,40.8177487],[110.2828888,40.8181272],[110.2832362,40.8184816],[110.2836277,40.8188086],[110.2840598,40.8191049],[110.2845281,40.8193678],[110.2850282,40.8195947],[110.2855553,40.8197833],[110.2861043,40.819932],[110.2866699,40.8200392],[110.2872466,40.820104],[110.287829,40.8201256]]]},"properties":{"name":"1818无名峰","peak_elev":1818,"radius_m":500,"layer":"ATS峰值响应半径","rank_pct":0.809,"center_lon":110.287829,"center_lat":40.815629,"max_mean_jut":48.303,"max_ats":22.0961,"r_jmean_peak":500,"r_ats_peak":500,"r_ats_marginal":187.5,"ats_marginal_rate_max":0.07175407586789061,"ats_marginal_interval_start":125.0,"ats_marginal_interval_end":250.0,"is_expanded":false}},{"type":"Feature","geometry":{"type":"Polygon","coordinates":[[[110.5993652,40.7363126],[110.5999469,40.736291],[110.6005229,40.7362262],[110.6010878,40.736119],[110.6016361,40.7359703],[110.6021625,40.7357817],[110.602662,40.7355548],[110.6031297,40.7352919],[110.6035612,40.7349956],[110.6039523,40.7346686],[110.6042992,40.7343142],[110.6045985,40.7339357],[110.6048475,40.7335368],[110.6050437,40.7331213],[110.6051852,40.7326932],[110.6052706,40.7322567],[110.6052992,40.731816],[110.6052706,40.7313753],[110.6051852,40.7309388],[110.6050437,40.7305107],[110.6048475,40.7300952],[110.6045985,40.7296963],[110.6042992,40.7293178],[110.6039523,40.7289634],[110.6035612,40.7286364],[110.6031297,40.7283401],[110.602662,40.7280772],[110.6021625,40.7278503],[110.6016361,40.7276617],[110.6010878,40.727513],[110.6005229,40.7274058],[110.5999469,40.727341],[110.5993652,40.7273194],[110.5987836,40.727341],[110.5982076,40.7274058],[110.5976427,40.727513],[110.5970944,40.7276617],[110.596568,40.7278503],[110.5960685,40.7280772],[110.5956008,40.7283401],[110.5951693,40.7286364],[110.5947782,40.7289634],[110.5944313,40.7293178],[110.5941319,40.7296963],[110.5938829,40.7300952],[110.5936868,40.7305107],[110.5935453,40.7309388],[110.5934598,40.7313753],[110.5934312,40.731816],[110.5934598,40.7322567],[110.5935453,40.7326932],[110.5936868,40.7331213],[110.5938829,40.7335368],[110.5941319,40.7339357],[110.5944313,40.7343142],[110.5947782,40.7346686],[110.5951693,40.7349956],[110.5956008,40.7352919],[110.5960685,40.7355548],[110.596568,40.7357817],[110.5970944,40.7359703],[110.5976427,40.736119],[110.5982076,40.7362262],[110.5987836,40.736291],[110.5993652,40.7363126]]]},"properties":{"name":"1836无名峰","peak_elev":1836,"radius_m":500,"layer":"ATS峰值响应半径","rank_pct":0.809,"center_lon":110.599365234375,"center_lat":40.731816,"max_mean_jut":64.987,"max_ats":37.5287,"r_jmean_peak":500,"r_ats_peak":500,"r_ats_marginal":187.5,"ats_marginal_rate_max":0.12536914547750933,"ats_marginal_interval_start":125.0,"ats_marginal_interval_end":250.0,"is_expanded":false}},{"type":"Feature","geometry":{"type":"Polygon","coordinates":[[[109.383944,40.7026256],[109.3845253,40.702604],[109.3851011,40.7025392],[109.3856657,40.702432],[109.3862137,40.7022833],[109.3867398,40.7020947],[109.3872391,40.7018678],[109.3877066,40.7016049],[109.3881378,40.7013086],[109.3885287,40.7009816],[109.3888754,40.7006272],[109.3891747,40.7002487],[109.3894235,40.6998498],[109.3896196,40.6994343],[109.389761,40.6990062],[109.3898464,40.6985697],[109.389875,40.698129],[109.3898464,40.6976883],[109.389761,40.6972518],[109.3896196,40.6968237],[109.3894235,40.6964082],[109.3891747,40.6960093],[109.3888754,40.6956308],[109.3885287,40.6952764],[109.3881378,40.6949494],[109.3877066,40.6946531],[109.3872391,40.6943902],[109.3867398,40.6941633],[109.3862137,40.6939747],[109.3856657,40.693826],[109.3851011,40.6937188],[109.3845253,40.693654],[109.383944,40.6936324],[109.3833627,40.693654],[109.3827869,40.6937188],[109.3822223,40.693826],[109.3816743,40.6939747],[109.3811482,40.6941633],[109.3806489,40.6943902],[109.3801814,40.6946531],[109.3797502,40.6949494],[109.3793593,40.6952764],[109.3790126,40.6956308],[109.3787133,40.6960093],[109.3784645,40.6964082],[109.3782684,40.6968237],[109.378127,40.6972518],[109.3780416,40.6976883],[109.378013,40.698129],[109.3780416,40.6985697],[109.378127,40.6990062],[109.3782684,40.6994343],[109.3784645,40.6998498],[109.3787133,40.7002487],[109.3790126,40.7006272],[109.3793593,40.7009816],[109.3797502,40.7013086],[109.3801814,40.7016049],[109.3806489,40.7018678],[109.3811482,40.7020947],[109.3816743,40.7022833],[109.3822223,40.702432],[109.3827869,40.7025392],[109.3833627,40.702604],[109.383944,40.7026256]]]},"properties":{"name":"2030无名峰","peak_elev":2030,"radius_m":500,"layer":"ATS峰值响应半径","rank_pct":0.809,"center_lon":109.383944,"center_lat":40.698129,"max_mean_jut":68.818,"max_ats":27.3587,"r_jmean_peak":1000,"r_ats_peak":500,"r_ats_marginal":187.5,"ats_marginal_rate_max":0.10620298095701482,"ats_marginal_interval_start":125.0,"ats_marginal_interval_end":250.0,"is_expanded":false}},{"type":"Feature","geometry":{"type":"Polygon","coordinates":[[[110.743545,40.7002006],[110.7441263,40.700179],[110.744702,40.7001142],[110.7452666,40.700007],[110.7458146,40.6998583],[110.7463407,40.6996697],[110.74684,40.6994428],[110.7473074,40.6991799],[110.7477387,40.6988836],[110.7481295,40.6985566],[110.7484763,40.6982022],[110.7487755,40.6978237],[110.7490243,40.6974248],[110.7492204,40.6970093],[110.7493618,40.6965812],[110.7494472,40.6961447],[110.7494758,40.695704],[110.7494472,40.6952633],[110.7493618,40.6948268],[110.7492204,40.6943987],[110.7490243,40.6939832],[110.7487755,40.6935843],[110.7484763,40.6932058],[110.7481295,40.6928514],[110.7477387,40.6925244],[110.7473074,40.6922281],[110.74684,40.6919652],[110.7463407,40.6917383],[110.7458146,40.6915497],[110.7452666,40.691401],[110.744702,40.6912938],[110.7441263,40.691229],[110.743545,40.6912074],[110.7429637,40.691229],[110.742388,40.6912938],[110.7418234,40.691401],[110.7412754,40.6915497],[110.7407493,40.6917383],[110.74025,40.6919652],[110.7397826,40.6922281],[110.7393513,40.6925244],[110.7389605,40.6928514],[110.7386137,40.6932058],[110.7383145,40.6935843],[110.7380657,40.6939832],[110.7378696,40.6943987],[110.7377282,40.6948268],[110.7376428,40.6952633],[110.7376142,40.695704],[110.7376428,40.6961447],[110.7377282,40.6965812],[110.7378696,40.6970093],[110.7380657,40.6974248],[110.7383145,40.6978237],[110.7386137,40.6982022],[110.7389605,40.6985566],[110.7393513,40.6988836],[110.7397826,40.6991799],[110.74025,40.6994428],[110.7407493,40.6996697],[110.7412754,40.6998583],[110.7418234,40.700007],[110.742388,40.7001142],[110.7429637,40.700179],[110.743545,40.7002006]]]},"properties":{"name":"2073无名峰","peak_elev":2073,"radius_m":500,"layer":"ATS峰值响应半径","rank_pct":0.809,"center_lon":110.743545,"center_lat":40.695704,"max_mean_jut":91.1462,"max_ats":44.9134,"r_jmean_peak":500,"r_ats_peak":500,"r_ats_marginal":187.5,"ats_marginal_rate_max":0.11555293856236659,"ats_marginal_interval_start":125.0,"ats_marginal_interval_end":250.0,"is_expanded":false}},{"type":"Feature","geometry":{"type":"Polygon","coordinates":[[[108.996411,40.6993916],[108.9969923,40.69937],[108.997568,40.6993052],[108.9981326,40.699198],[108.9986806,40.6990493],[108.9992067,40.6988607],[108.9997059,40.6986338],[109.0001734,40.6983709],[109.0006046,40.6980746],[109.0009955,40.6977476],[109.0013422,40.6973932],[109.0016414,40.6970147],[109.0018902,40.6966158],[109.0020863,40.6962003],[109.0022277,40.6957722],[109.0023131,40.6953357],[109.0023417,40.694895],[109.0023131,40.6944543],[109.0022277,40.6940178],[109.0020863,40.6935897],[109.0018902,40.6931742],[109.0016414,40.6927753],[109.0013422,40.6923968],[109.0009955,40.6920424],[109.0006046,40.6917154],[109.0001734,40.6914191],[108.9997059,40.6911562],[108.9992067,40.6909293],[108.9986806,40.6907407],[108.9981326,40.690592],[108.997568,40.6904848],[108.9969923,40.69042],[108.996411,40.6903984],[108.9958297,40.69042],[108.995254,40.6904848],[108.9946894,40.690592],[108.9941414,40.6907407],[108.9936153,40.6909293],[108.9931161,40.6911562],[108.9926486,40.6914191],[108.9922174,40.6917154],[108.9918265,40.6920424],[108.9914798,40.6923968],[108.9911806,40.6927753],[108.9909318,40.6931742],[108.9907357,40.6935897],[108.9905943,40.6940178],[108.9905089,40.6944543],[108.9904803,40.694895],[108.9905089,40.6953357],[108.9905943,40.6957722],[108.9907357,40.6962003],[108.9909318,40.6966158],[108.9911806,40.6970147],[108.9914798,40.6973932],[108.9918265,40.6977476],[108.9922174,40.6980746],[108.9926486,40.6983709],[108.9931161,40.6986338],[108.9936153,40.6988607],[108.9941414,40.6990493],[108.9946894,40.699198],[108.995254,40.6993052],[108.9958297,40.69937],[108.996411,40.6993916]]]},"properties":{"name":"2115无名峰(1)","peak_elev":2115,"radius_m":500,"layer":"ATS峰值响应半径","rank_pct":0.809,"center_lon":108.996411,"center_lat":40.694895,"max_mean_jut":115.8048,"max_ats":60.9159,"r_jmean_peak":500,"r_ats_peak":500,"r_ats_marginal":187.5,"ats_marginal_rate_max":0.14571830746409956,"ats_marginal_interval_start":125.0,"ats_marginal_interval_end":250.0,"is_expanded":false}},{"type":"Feature","geometry":{"type":"Polygon","coordinates":[[[110.2641144,40.5883135],[110.2645496,40.5882972],[110.2649807,40.5882487],[110.2654034,40.5881682],[110.2658138,40.5880567],[110.2662077,40.5879152],[110.2665815,40.5877451],[110.2669315,40.5875479],[110.2672544,40.5873257],[110.2675471,40.5870805],[110.2678067,40.5868146],[110.2680307,40.5865308],[110.2682171,40.5862316],[110.2683639,40.58592],[110.2684698,40.5855989],[110.2685337,40.5852716],[110.2685551,40.584941],[110.2685337,40.5846104],[110.2684698,40.5842831],[110.2683639,40.583962],[110.2682171,40.5836504],[110.2680307,40.5833512],[110.2678067,40.5830674],[110.2675471,40.5828015],[110.2672544,40.5825563],[110.2669315,40.5823341],[110.2665815,40.5821369],[110.2662077,40.5819668],[110.2658138,40.5818253],[110.2654034,40.5817138],[110.2649807,40.5816333],[110.2645496,40.5815848],[110.2641144,40.5815685],[110.2636791,40.5815848],[110.263248,40.5816333],[110.2628253,40.5817138],[110.262415,40.5818253],[110.262021,40.5819668],[110.2616473,40.5821369],[110.2612972,40.5823341],[110.2609743,40.5825563],[110.2606817,40.5828015],[110.2604221,40.5830674],[110.260198,40.5833512],[110.2600117,40.5836504],[110.2598649,40.583962],[110.259759,40.5842831],[110.2596951,40.5846104],[110.2596737,40.584941],[110.2596951,40.5852716],[110.259759,40.5855989],[110.2598649,40.58592],[110.2600117,40.5862316],[110.260198,40.5865308],[110.2604221,40.5868146],[110.2606817,40.5870805],[110.2609743,40.5873257],[110.2612972,40.5875479],[110.2616473,40.5877451],[110.262021,40.5879152],[110.262415,40.5880567],[110.2628253,40.5881682],[110.263248,40.5882487],[110.2636791,40.5882972],[110.2641144,40.5883135]]]},"properties":{"name":"1336无名峰","peak_elev":1336,"radius_m":375,"layer":"ATS峰值响应半径","rank_pct":0.9146,"center_lon":110.2641143798828,"center_lat":40.584941,"max_mean_jut":51.3039,"max_ats":29.4307,"r_jmean_peak":375,"r_ats_peak":375,"r_ats_marginal":187.5,"ats_marginal_rate_max":0.09228758742069604,"ats_marginal_interval_start":125.0,"ats_marginal_interval_end":250.0,"is_expanded":false}},{"type":"Feature","geometry":{"type":"Polygon","coordinates":[[[110.193506,40.5928958],[110.1939413,40.5928795],[110.1943724,40.592831],[110.1947952,40.5927506],[110.1952055,40.5926391],[110.1955995,40.5924976],[110.1959733,40.5923274],[110.1963233,40.5921303],[110.1966463,40.591908],[110.1969389,40.5916628],[110.1971986,40.591397],[110.1974226,40.5911131],[110.197609,40.5908139],[110.1977558,40.5905023],[110.1978617,40.5901812],[110.1979256,40.5898539],[110.197947,40.5895233],[110.1979256,40.5891928],[110.1978617,40.5888654],[110.1977558,40.5885443],[110.197609,40.5882327],[110.1974226,40.5879336],[110.1971986,40.5876497],[110.1969389,40.5873839],[110.1966463,40.5871386],[110.1963233,40.5869164],[110.1959733,40.5867192],[110.1955995,40.5865491],[110.1952055,40.5864076],[110.1947952,40.5862961],[110.1943724,40.5862157],[110.1939413,40.5861671],[110.193506,40.5861509],[110.1930707,40.5861671],[110.1926396,40.5862157],[110.1922168,40.5862961],[110.1918065,40.5864076],[110.1914125,40.5865491],[110.1910387,40.5867192],[110.1906887,40.5869164],[110.1903657,40.5871386],[110.1900731,40.5873839],[110.1898134,40.5876497],[110.1895894,40.5879336],[110.189403,40.5882327],[110.1892562,40.5885443],[110.1891503,40.5888654],[110.1890864,40.5891928],[110.189065,40.5895233],[110.1890864,40.5898539],[110.1891503,40.5901812],[110.1892562,40.5905023],[110.189403,40.5908139],[110.1895894,40.5911131],[110.1898134,40.591397],[110.1900731,40.5916628],[110.1903657,40.591908],[110.1906887,40.5921303],[110.1910387,40.5923274],[110.1914125,40.5924976],[110.1918065,40.5926391],[110.1922168,40.5927506],[110.1926396,40.592831],[110.1930707,40.5928795],[110.193506,40.5928958]]]},"properties":{"name":"1396无名峰","peak_elev":1396,"radius_m":375,"layer":"ATS峰值响应半径","rank_pct":0.9146,"center_lon":110.193506,"center_lat":40.58952331542969,"max_mean_jut":61.947,"max_ats":34.6233,"r_jmean_peak":250,"r_ats_peak":375,"r_ats_marginal":187.5,"ats_marginal_rate_max":0.1380022696304406,"ats_marginal_interval_start":125.0,"ats_marginal_interval_end":250.0,"is_expanded":false}},{"type":"Feature","geometry":{"type":"Polygon","coordinates":[[[110.472703,40.6109515],[110.4731384,40.6109352],[110.4735696,40.6108867],[110.4739925,40.6108062],[110.474403,40.6106947],[110.474797,40.6105532],[110.475171,40.6103831],[110.4755211,40.6101859],[110.4758441,40.6099637],[110.4761369,40.6097185],[110.4763966,40.6094526],[110.4766207,40.6091688],[110.4768071,40.6088696],[110.4769539,40.608558],[110.4770598,40.6082369],[110.4771238,40.6079096],[110.4771452,40.607579],[110.4771238,40.6072484],[110.4770598,40.6069211],[110.4769539,40.6066],[110.4768071,40.6062884],[110.4766207,40.6059892],[110.4763966,40.6057054],[110.4761369,40.6054395],[110.4758441,40.6051943],[110.4755211,40.6049721],[110.475171,40.6047749],[110.474797,40.6046048],[110.474403,40.6044633],[110.4739925,40.6043518],[110.4735696,40.6042713],[110.4731384,40.6042228],[110.472703,40.6042065],[110.4722676,40.6042228],[110.4718364,40.6042713],[110.4714135,40.6043518],[110.471003,40.6044633],[110.470609,40.6046048],[110.470235,40.6047749],[110.4698849,40.6049721],[110.4695619,40.6051943],[110.4692691,40.6054395],[110.4690094,40.6057054],[110.4687853,40.6059892],[110.4685989,40.6062884],[110.4684521,40.6066],[110.4683462,40.6069211],[110.4682822,40.6072484],[110.4682608,40.607579],[110.4682822,40.6079096],[110.4683462,40.6082369],[110.4684521,40.608558],[110.4685989,40.6088696],[110.4687853,40.6091688],[110.4690094,40.6094526],[110.4692691,40.6097185],[110.4695619,40.6099637],[110.4698849,40.6101859],[110.470235,40.6103831],[110.470609,40.6105532],[110.471003,40.6106947],[110.4714135,40.6108062],[110.4718364,40.6108867],[110.4722676,40.6109352],[110.472703,40.6109515]]]},"properties":{"name":"1413无名峰","peak_elev":1413,"radius_m":375,"layer":"ATS峰值响应半径","rank_pct":0.9146,"center_lon":110.472703,"center_lat":40.607579,"max_mean_jut":52.0994,"max_ats":24.8049,"r_jmean_peak":250,"r_ats_peak":375,"r_ats_marginal":187.5,"ats_marginal_rate_max":0.06466404979475775,"ats_marginal_interval_start":125.0,"ats_marginal_interval_end":250.0,"is_expanded":false}},{"type":"Feature","geometry":{"type":"Polygon","coordinates":[[[108.886727,40.6718575],[108.8871628,40.6718412],[108.8875944,40.6717927],[108.8880177,40.6717122],[108.8884285,40.6716007],[108.888823,40.6714592],[108.8891972,40.6712891],[108.8895477,40.6710919],[108.889871,40.6708697],[108.890164,40.6706245],[108.8904239,40.6703586],[108.8906483,40.6700748],[108.8908348,40.6697756],[108.8909818,40.669464],[108.8910878,40.6691429],[108.8911518,40.6688156],[108.8911733,40.668485],[108.8911518,40.6681544],[108.8910878,40.6678271],[108.8909818,40.667506],[108.8908348,40.6671944],[108.8906483,40.6668952],[108.8904239,40.6666114],[108.890164,40.6663455],[108.889871,40.6661003],[108.8895477,40.6658781],[108.8891972,40.6656809],[108.888823,40.6655108],[108.8884285,40.6653693],[108.8880177,40.6652578],[108.8875944,40.6651773],[108.8871628,40.6651288],[108.886727,40.6651125],[108.8862912,40.6651288],[108.8858596,40.6651773],[108.8854363,40.6652578],[108.8850255,40.6653693],[108.884631,40.6655108],[108.8842568,40.6656809],[108.8839063,40.6658781],[108.883583,40.6661003],[108.88329,40.6663455],[108.8830301,40.6666114],[108.8828057,40.6668952],[108.8826192,40.6671944],[108.8824722,40.667506],[108.8823662,40.6678271],[108.8823022,40.6681544],[108.8822807,40.668485],[108.8823022,40.6688156],[108.8823662,40.6691429],[108.8824722,40.669464],[108.8826192,40.6697756],[108.8828057,40.6700748],[108.8830301,40.6703586],[108.88329,40.6706245],[108.883583,40.6708697],[108.8839063,40.6710919],[108.8842568,40.6712891],[108.884631,40.6714592],[108.8850255,40.6716007],[108.8854363,40.6717122],[108.8858596,40.6717927],[108.8862912,40.6718412],[108.886727,40.6718575]]]},"properties":{"name":"1466无名峰","peak_elev":1466,"radius_m":375,"layer":"ATS峰值响应半径","rank_pct":0.9146,"center_lon":108.886727,"center_lat":40.668485,"max_mean_jut":60.6883,"max_ats":32.428,"r_jmean_peak":375,"r_ats_peak":375,"r_ats_marginal":312.5,"ats_marginal_rate_max":0.09357656186248539,"ats_marginal_interval_start":250.0,"ats_marginal_interval_end":375.0,"is_expanded":false}},{"type":"Feature","geometry":{"type":"Polygon","coordinates":[[[110.710666,40.6384394],[110.7111016,40.6384232],[110.711533,40.6383746],[110.711956,40.6382942],[110.7123667,40.6381827],[110.7127609,40.6380412],[110.713135,40.6378711],[110.7134853,40.6376739],[110.7138084,40.6374517],[110.7141013,40.6372064],[110.7143611,40.6369406],[110.7145853,40.6366568],[110.7147718,40.6363576],[110.7149187,40.636046],[110.7150246,40.6357249],[110.7150886,40.6353975],[110.71511,40.635067],[110.7150886,40.6347364],[110.7150246,40.6344091],[110.7149187,40.634088],[110.7147718,40.6337764],[110.7145853,40.6334772],[110.7143611,40.6331933],[110.7141013,40.6329275],[110.7138084,40.6326823],[110.7134853,40.63246],[110.713135,40.6322629],[110.7127609,40.6320927],[110.7123667,40.6319512],[110.711956,40.6318397],[110.711533,40.6317593],[110.7111016,40.6317108],[110.710666,40.6316945],[110.7102304,40.6317108],[110.709799,40.6317593],[110.709376,40.6318397],[110.7089653,40.6319512],[110.7085711,40.6320927],[110.708197,40.6322629],[110.7078467,40.63246],[110.7075236,40.6326823],[110.7072307,40.6329275],[110.7069709,40.6331933],[110.7067467,40.6334772],[110.7065602,40.6337764],[110.7064133,40.634088],[110.7063074,40.6344091],[110.7062434,40.6347364],[110.706222,40.635067],[110.7062434,40.6353975],[110.7063074,40.6357249],[110.7064133,40.636046],[110.7065602,40.6363576],[110.7067467,40.6366568],[110.7069709,40.6369406],[110.7072307,40.6372064],[110.7075236,40.6374517],[110.7078467,40.6376739],[110.708197,40.6378711],[110.7085711,40.6380412],[110.7089653,40.6381827],[110.709376,40.6382942],[110.709799,40.6383746],[110.7102304,40.6384232],[110.710666,40.6384394]]]},"properties":{"name":"1493无名峰(2)","peak_elev":1493,"radius_m":375,"layer":"ATS峰值响应半径","rank_pct":0.9146,"center_lon":110.710666,"center_lat":40.635066986083984,"max_mean_jut":77.8681,"max_ats":30.0291,"r_jmean_peak":375,"r_ats_peak":375,"r_ats_marginal":187.5,"ats_marginal_rate_max":0.12799940256985437,"ats_marginal_interval_start":125.0,"ats_marginal_interval_end":250.0,"is_expanded":false}},{"type":"Feature","geometry":{"type":"Polygon","coordinates":[[[108.813155,40.7198275],[108.8135911,40.7198112],[108.814023,40.7197627],[108.8144466,40.7196822],[108.8148577,40.7195707],[108.8152525,40.7194292],[108.815627,40.7192591],[108.8159777,40.7190619],[108.8163012,40.7188397],[108.8165945,40.7185945],[108.8168546,40.7183286],[108.8170791,40.7180448],[108.8172658,40.7177456],[108.8174129,40.717434],[108.817519,40.7171129],[108.817583,40.7167856],[108.8176045,40.716455],[108.817583,40.7161244],[108.817519,40.7157971],[108.8174129,40.715476],[108.8172658,40.7151644],[108.8170791,40.7148652],[108.8168546,40.7145814],[108.8165945,40.7143155],[108.8163012,40.7140703],[108.8159777,40.7138481],[108.815627,40.7136509],[108.8152525,40.7134808],[108.8148577,40.7133393],[108.8144466,40.7132278],[108.814023,40.7131473],[108.8135911,40.7130988],[108.813155,40.7130825],[108.8127189,40.7130988],[108.812287,40.7131473],[108.8118634,40.7132278],[108.8114523,40.7133393],[108.8110575,40.7134808],[108.810683,40.7136509],[108.8103323,40.7138481],[108.8100088,40.7140703],[108.8097155,40.7143155],[108.8094554,40.7145814],[108.8092309,40.7148652],[108.8090442,40.7151644],[108.8088971,40.715476],[108.808791,40.7157971],[108.808727,40.7161244],[108.8087055,40.716455],[108.808727,40.7167856],[108.808791,40.7171129],[108.8088971,40.717434],[108.8090442,40.7177456],[108.8092309,40.7180448],[108.8094554,40.7183286],[108.8097155,40.7185945],[108.8100088,40.7188397],[108.8103323,40.7190619],[108.810683,40.7192591],[108.8110575,40.7194292],[108.8114523,40.7195707],[108.8118634,40.7196822],[108.812287,40.7197627],[108.8127189,40.7198112],[108.813155,40.7198275]]]},"properties":{"name":"1527无名峰","peak_elev":1527,"radius_m":375,"layer":"ATS峰值响应半径","rank_pct":0.9146,"center_lon":108.813155,"center_lat":40.716455,"max_mean_jut":40.4909,"max_ats":23.9295,"r_jmean_peak":375,"r_ats_peak":375,"r_ats_marginal":187.5,"ats_marginal_rate_max":0.08394080614039229,"ats_marginal_interval_start":125.0,"ats_marginal_interval_end":250.0,"is_expanded":false}},{"type":"Feature","geometry":{"type":"Polygon","coordinates":[[[109.389334,41.0884955],[109.3897726,41.0884792],[109.3902069,41.0884307],[109.3906328,41.0883502],[109.3910463,41.0882387],[109.3914432,41.0880972],[109.3918198,41.0879271],[109.3921725,41.0877299],[109.3924978,41.0875077],[109.3927927,41.0872625],[109.3930543,41.0869966],[109.39328,41.0867128],[109.3934677,41.0864136],[109.3936157,41.086102],[109.3937224,41.0857809],[109.3937868,41.0854536],[109.3938083,41.085123],[109.3937868,41.0847924],[109.3937224,41.0844651],[109.3936157,41.084144],[109.3934677,41.0838324],[109.39328,41.0835332],[109.3930543,41.0832494],[109.3927927,41.0829835],[109.3924978,41.0827383],[109.3921725,41.0825161],[109.3918198,41.0823189],[109.3914432,41.0821488],[109.3910463,41.0820073],[109.3906328,41.0818958],[109.3902069,41.0818153],[109.3897726,41.0817668],[109.389334,41.0817505],[109.3888954,41.0817668],[109.3884611,41.0818153],[109.3880352,41.0818958],[109.3876217,41.0820073],[109.3872248,41.0821488],[109.3868482,41.0823189],[109.3864955,41.0825161],[109.3861702,41.0827383],[109.3858753,41.0829835],[109.3856137,41.0832494],[109.385388,41.0835332],[109.3852003,41.0838324],[109.3850523,41.084144],[109.3849456,41.0844651],[109.3848812,41.0847924],[109.3848597,41.085123],[109.3848812,41.0854536],[109.3849456,41.0857809],[109.3850523,41.086102],[109.3852003,41.0864136],[109.385388,41.0867128],[109.3856137,41.0869966],[109.3858753,41.0872625],[109.3861702,41.0875077],[109.3864955,41.0877299],[109.3868482,41.0879271],[109.3872248,41.0880972],[109.3876217,41.0882387],[109.3880352,41.0883502],[109.3884611,41.0884307],[109.3888954,41.0884792],[109.389334,41.0884955]]]},"properties":{"name":"1555无名峰","peak_elev":1555,"radius_m":375,"layer":"ATS峰值响应半径","rank_pct":0.9146,"center_lon":109.389334,"center_lat":41.085123,"max_mean_jut":49.9543,"max_ats":33.4576,"r_jmean_peak":375,"r_ats_peak":375,"r_ats_marginal":187.5,"ats_marginal_rate_max":0.09130330193692777,"ats_marginal_interval_start":125.0,"ats_marginal_interval_end":250.0,"is_expanded":false}},{"type":"Feature","geometry":{"type":"Polygon","coordinates":[[[108.890769,40.6942256],[108.891205,40.6942093],[108.8916367,40.6941608],[108.8920601,40.6940804],[108.8924711,40.6939689],[108.8928657,40.6938274],[108.89324,40.6936572],[108.8935906,40.6934601],[108.893914,40.6932378],[108.8942072,40.6929926],[108.8944672,40.6927268],[108.8946916,40.6924429],[108.8948782,40.6921437],[108.8950252,40.6918321],[108.8951313,40.6915111],[108.8951953,40.6911837],[108.8952168,40.6908531],[108.8951953,40.6905226],[108.8951313,40.6901952],[108.8950252,40.6898741],[108.8948782,40.6895625],[108.8946916,40.6892634],[108.8944672,40.6889795],[108.8942072,40.6887137],[108.893914,40.6884684],[108.8935906,40.6882462],[108.89324,40.688049],[108.8928657,40.6878789],[108.8924711,40.6877374],[108.8920601,40.6876259],[108.8916367,40.6875455],[108.891205,40.6874969],[108.890769,40.6874807],[108.890333,40.6874969],[108.8899013,40.6875455],[108.8894779,40.6876259],[108.8890669,40.6877374],[108.8886723,40.6878789],[108.888298,40.688049],[108.8879474,40.6882462],[108.887624,40.6884684],[108.8873308,40.6887137],[108.8870708,40.6889795],[108.8868464,40.6892634],[108.8866598,40.6895625],[108.8865128,40.6898741],[108.8864067,40.6901952],[108.8863427,40.6905226],[108.8863212,40.6908531],[108.8863427,40.6911837],[108.8864067,40.6915111],[108.8865128,40.6918321],[108.8866598,40.6921437],[108.8868464,40.6924429],[108.8870708,40.6927268],[108.8873308,40.6929926],[108.887624,40.6932378],[108.8879474,40.6934601],[108.888298,40.6936572],[108.8886723,40.6938274],[108.8890669,40.6939689],[108.8894779,40.6940804],[108.8899013,40.6941608],[108.890333,40.6942093],[108.890769,40.6942256]]]},"properties":{"name":"1591无名峰","peak_elev":1591,"radius_m":375,"layer":"ATS峰值响应半径","rank_pct":0.9146,"center_lon":108.890769,"center_lat":40.69085311889648,"max_mean_jut":51.4142,"max_ats":27.0691,"r_jmean_peak":375,"r_ats_peak":375,"r_ats_marginal":187.5,"ats_marginal_rate_max":0.07845861706600653,"ats_marginal_interval_start":125.0,"ats_marginal_interval_end":250.0,"is_expanded":false}},{"type":"Feature","geometry":{"type":"Polygon","coordinates":[[[109.316706,41.0793307],[109.3171445,41.0793145],[109.3175788,41.0792659],[109.3180046,41.0791855],[109.318418,41.079074],[109.3188149,41.0789325],[109.3191915,41.0787623],[109.3195441,41.0785652],[109.3198694,41.0783429],[109.3201642,41.0780977],[109.3204258,41.0778319],[109.3206515,41.077548],[109.3208392,41.0772488],[109.3209871,41.0769372],[109.3210937,41.0766162],[109.3211582,41.0762888],[109.3211797,41.0759583],[109.3211582,41.0756277],[109.3210937,41.0753003],[109.3209871,41.0749793],[109.3208392,41.0746677],[109.3206515,41.0743685],[109.3204258,41.0740846],[109.3201642,41.0738188],[109.3198694,41.0735736],[109.3195441,41.0733513],[109.3191915,41.0731542],[109.3188149,41.072984],[109.318418,41.0728425],[109.3180046,41.072731],[109.3175788,41.0726506],[109.3171445,41.072602],[109.316706,41.0725858],[109.3162675,41.072602],[109.3158332,41.0726506],[109.3154074,41.072731],[109.314994,41.0728425],[109.3145971,41.072984],[109.3142205,41.0731542],[109.3138679,41.0733513],[109.3135426,41.0735736],[109.3132478,41.0738188],[109.3129862,41.0740846],[109.3127605,41.0743685],[109.3125728,41.0746677],[109.3124249,41.0749793],[109.3123183,41.0753003],[109.3122538,41.0756277],[109.3122323,41.0759583],[109.3122538,41.0762888],[109.3123183,41.0766162],[109.3124249,41.0769372],[109.3125728,41.0772488],[109.3127605,41.077548],[109.3129862,41.0778319],[109.3132478,41.0780977],[109.3135426,41.0783429],[109.3138679,41.0785652],[109.3142205,41.0787623],[109.3145971,41.0789325],[109.314994,41.079074],[109.3154074,41.0791855],[109.3158332,41.0792659],[109.3162675,41.0793145],[109.316706,41.0793307]]]},"properties":{"name":"1611无名峰","peak_elev":1611,"radius_m":375,"layer":"ATS峰值响应半径","rank_pct":0.9146,"center_lon":109.316706,"center_lat":41.075958251953125,"max_mean_jut":58.7163,"max_ats":34.6714,"r_jmean_peak":375,"r_ats_peak":375,"r_ats_marginal":187.5,"ats_marginal_rate_max":0.09416551118165606,"ats_marginal_interval_start":125.0,"ats_marginal_interval_end":250.0,"is_expanded":false}},{"type":"Feature","geometry":{"type":"Polygon","coordinates":[[[110.545736,40.6440995],[110.5461716,40.6440832],[110.5466031,40.6440347],[110.5470261,40.6439542],[110.5474368,40.6438427],[110.5478311,40.6437012],[110.5482052,40.6435311],[110.5485555,40.6433339],[110.5488787,40.6431117],[110.5491716,40.6428665],[110.5494314,40.6426006],[110.5496556,40.6423168],[110.5498421,40.6420176],[110.549989,40.641706],[110.550095,40.6413849],[110.550159,40.6410576],[110.5501804,40.640727],[110.550159,40.6403964],[110.550095,40.6400691],[110.549989,40.639748],[110.5498421,40.6394364],[110.5496556,40.6391372],[110.5494314,40.6388534],[110.5491716,40.6385875],[110.5488787,40.6383423],[110.5485555,40.6381201],[110.5482052,40.6379229],[110.5478311,40.6377528],[110.5474368,40.6376113],[110.5470261,40.6374998],[110.5466031,40.6374193],[110.5461716,40.6373708],[110.545736,40.6373545],[110.5453004,40.6373708],[110.5448689,40.6374193],[110.5444459,40.6374998],[110.5440352,40.6376113],[110.5436409,40.6377528],[110.5432668,40.6379229],[110.5429165,40.6381201],[110.5425933,40.6383423],[110.5423004,40.6385875],[110.5420406,40.6388534],[110.5418164,40.6391372],[110.5416299,40.6394364],[110.541483,40.639748],[110.541377,40.6400691],[110.541313,40.6403964],[110.5412916,40.640727],[110.541313,40.6410576],[110.541377,40.6413849],[110.541483,40.641706],[110.5416299,40.6420176],[110.5418164,40.6423168],[110.5420406,40.6426006],[110.5423004,40.6428665],[110.5425933,40.6431117],[110.5429165,40.6433339],[110.5432668,40.6435311],[110.5436409,40.6437012],[110.5440352,40.6438427],[110.5444459,40.6439542],[110.5448689,40.6440347],[110.5453004,40.6440832],[110.545736,40.6440995]]]},"properties":{"name":"1654无名峰","peak_elev":1654,"radius_m":375,"layer":"ATS峰值响应半径","rank_pct":0.9146,"center_lon":110.545736,"center_lat":40.640727,"max_mean_jut":104.2762,"max_ats":56.2602,"r_jmean_peak":375,"r_ats_peak":375,"r_ats_marginal":187.5,"ats_marginal_rate_max":0.10479090350152075,"ats_marginal_interval_start":125.0,"ats_marginal_interval_end":250.0,"is_expanded":false}},{"type":"Feature","geometry":{"type":"Polygon","coordinates":[[[110.9195251,40.9060475],[110.9199625,40.9060312],[110.9203956,40.9059827],[110.9208204,40.9059022],[110.9212327,40.9057907],[110.9216285,40.9056492],[110.9220041,40.9054791],[110.9223558,40.9052819],[110.9226802,40.9050597],[110.9229743,40.9048145],[110.9232351,40.9045486],[110.9234602,40.9042648],[110.9236475,40.9039656],[110.923795,40.903654],[110.9239014,40.9033329],[110.9239656,40.9030056],[110.9239871,40.902675],[110.9239656,40.9023444],[110.9239014,40.9020171],[110.923795,40.901696],[110.9236475,40.9013844],[110.9234602,40.9010852],[110.9232351,40.9008014],[110.9229743,40.9005355],[110.9226802,40.9002903],[110.9223558,40.9000681],[110.9220041,40.8998709],[110.9216285,40.8997008],[110.9212327,40.8995593],[110.9208204,40.8994478],[110.9203956,40.8993673],[110.9199625,40.8993188],[110.9195251,40.8993025],[110.9190878,40.8993188],[110.9186547,40.8993673],[110.9182299,40.8994478],[110.9178176,40.8995593],[110.9174218,40.8997008],[110.9170462,40.8998709],[110.9166945,40.9000681],[110.9163701,40.9002903],[110.916076,40.9005355],[110.9158152,40.9008014],[110.91559,40.9010852],[110.9154028,40.9013844],[110.9152553,40.901696],[110.9151489,40.9020171],[110.9150847,40.9023444],[110.9150632,40.902675],[110.9150847,40.9030056],[110.9151489,40.9033329],[110.9152553,40.903654],[110.9154028,40.9039656],[110.91559,40.9042648],[110.9158152,40.9045486],[110.916076,40.9048145],[110.9163701,40.9050597],[110.9166945,40.9052819],[110.9170462,40.9054791],[110.9174218,40.9056492],[110.9178176,40.9057907],[110.9182299,40.9059022],[110.9186547,40.9059827],[110.9190878,40.9060312],[110.9195251,40.9060475]]]},"properties":{"name":"1718无名峰","peak_elev":1718,"radius_m":375,"layer":"ATS峰值响应半径","rank_pct":0.9146,"center_lon":110.91952514648438,"center_lat":40.902675,"max_mean_jut":50.3393,"max_ats":32.8347,"r_jmean_peak":375,"r_ats_peak":375,"r_ats_marginal":187.5,"ats_marginal_rate_max":0.11762126203693811,"ats_marginal_interval_start":125.0,"ats_marginal_interval_end":250.0,"is_expanded":false}},{"type":"Feature","geometry":{"type":"Polygon","coordinates":[[[110.716056,40.7766905],[110.7164925,40.7766742],[110.7169248,40.7766257],[110.7173487,40.7765452],[110.7177602,40.7764337],[110.7181553,40.7762922],[110.7185301,40.7761221],[110.7188811,40.7759249],[110.7192049,40.7757027],[110.7194984,40.7754575],[110.7197588,40.7751916],[110.7199834,40.7749078],[110.7201703,40.7746086],[110.7203175,40.774297],[110.7204237,40.7739759],[110.7204878,40.7736486],[110.7205093,40.773318],[110.7204878,40.7729874],[110.7204237,40.7726601],[110.7203175,40.772339],[110.7201703,40.7720274],[110.7199834,40.7717282],[110.7197588,40.7714444],[110.7194984,40.7711785],[110.7192049,40.7709333],[110.7188811,40.7707111],[110.7185301,40.7705139],[110.7181553,40.7703438],[110.7177602,40.7702023],[110.7173487,40.7700908],[110.7169248,40.7700103],[110.7164925,40.7699618],[110.716056,40.7699455],[110.7156195,40.7699618],[110.7151872,40.7700103],[110.7147633,40.7700908],[110.7143518,40.7702023],[110.7139567,40.7703438],[110.7135819,40.7705139],[110.7132309,40.7707111],[110.7129071,40.7709333],[110.7126136,40.7711785],[110.7123532,40.7714444],[110.7121286,40.7717282],[110.7119417,40.7720274],[110.7117945,40.772339],[110.7116883,40.7726601],[110.7116242,40.7729874],[110.7116027,40.773318],[110.7116242,40.7736486],[110.7116883,40.7739759],[110.7117945,40.774297],[110.7119417,40.7746086],[110.7121286,40.7749078],[110.7123532,40.7751916],[110.7126136,40.7754575],[110.7129071,40.7757027],[110.7132309,40.7759249],[110.7135819,40.7761221],[110.7139567,40.7762922],[110.7143518,40.7764337],[110.7147633,40.7765452],[110.7151872,40.7766257],[110.7156195,40.7766742],[110.716056,40.7766905]]]},"properties":{"name":"1764无名峰","peak_elev":1764,"radius_m":375,"layer":"ATS峰值响应半径","rank_pct":0.9146,"center_lon":110.716056,"center_lat":40.773318,"max_mean_jut":57.0006,"max_ats":31.3528,"r_jmean_peak":375,"r_ats_peak":375,"r_ats_marginal":187.5,"ats_marginal_rate_max":0.10486195627751932,"ats_marginal_interval_start":125.0,"ats_marginal_interval_end":250.0,"is_expanded":false}},{"type":"Feature","geometry":{"type":"Polygon","coordinates":[[[108.900471,40.7147067],[108.9009071,40.7146904],[108.901339,40.7146419],[108.9017625,40.7145615],[108.9021736,40.71445],[108.9025683,40.7143085],[108.9029428,40.7141383],[108.9032935,40.7139412],[108.903617,40.7137189],[108.9039102,40.7134737],[108.9041703,40.7132079],[108.9043948,40.712924],[108.9045815,40.7126248],[108.9047285,40.7123132],[108.9048346,40.7119922],[108.9048987,40.7116648],[108.9049201,40.7113342],[108.9048987,40.7110037],[108.9048346,40.7106763],[108.9047285,40.7103553],[108.9045815,40.7100436],[108.9043948,40.7097445],[108.9041703,40.7094606],[108.9039102,40.7091948],[108.903617,40.7089495],[108.9032935,40.7087273],[108.9029428,40.7085301],[108.9025683,40.70836],[108.9021736,40.7082185],[108.9017625,40.708107],[108.901339,40.7080266],[108.9009071,40.707978],[108.900471,40.7079618],[108.9000349,40.707978],[108.899603,40.7080266],[108.8991795,40.708107],[108.8987684,40.7082185],[108.8983737,40.70836],[108.8979992,40.7085301],[108.8976485,40.7087273],[108.897325,40.7089495],[108.8970318,40.7091948],[108.8967717,40.7094606],[108.8965472,40.7097445],[108.8963605,40.7100436],[108.8962135,40.7103553],[108.8961074,40.7106763],[108.8960433,40.7110037],[108.8960219,40.7113342],[108.8960433,40.7116648],[108.8961074,40.7119922],[108.8962135,40.7123132],[108.8963605,40.7126248],[108.8965472,40.712924],[108.8967717,40.7132079],[108.8970318,40.7134737],[108.897325,40.7137189],[108.8976485,40.7139412],[108.8979992,40.7141383],[108.8983737,40.7143085],[108.8987684,40.71445],[108.8991795,40.7145615],[108.899603,40.7146419],[108.9000349,40.7146904],[108.900471,40.7147067]]]},"properties":{"name":"1842无名峰","peak_elev":1842,"radius_m":375,"layer":"ATS峰值响应半径","rank_pct":0.9146,"center_lon":108.900471,"center_lat":40.711334228515625,"max_mean_jut":56.7168,"max_ats":25.1482,"r_jmean_peak":375,"r_ats_peak":375,"r_ats_marginal":187.5,"ats_marginal_rate_max":0.08314419747639686,"ats_marginal_interval_start":125.0,"ats_marginal_interval_end":250.0,"is_expanded":false}},{"type":"Feature","geometry":{"type":"Polygon","coordinates":[[[109.0592041,40.6944945],[109.0596401,40.6944782],[109.0600718,40.6944297],[109.0604952,40.6943492],[109.0609062,40.6942377],[109.0613008,40.6940962],[109.0616751,40.6939261],[109.0620257,40.6937289],[109.0623491,40.6935067],[109.0626423,40.6932615],[109.0629023,40.6929956],[109.0631267,40.6927118],[109.0633133,40.6924126],[109.0634604,40.692101],[109.0635664,40.6917799],[109.0636305,40.6914526],[109.0636519,40.691122],[109.0636305,40.6907914],[109.0635664,40.6904641],[109.0634604,40.690143],[109.0633133,40.6898314],[109.0631267,40.6895322],[109.0629023,40.6892484],[109.0626423,40.6889825],[109.0623491,40.6887373],[109.0620257,40.6885151],[109.0616751,40.6883179],[109.0613008,40.6881478],[109.0609062,40.6880063],[109.0604952,40.6878948],[109.0600718,40.6878143],[109.0596401,40.6877658],[109.0592041,40.6877495],[109.0587681,40.6877658],[109.0583364,40.6878143],[109.057913,40.6878948],[109.057502,40.6880063],[109.0571074,40.6881478],[109.0567331,40.6883179],[109.0563825,40.6885151],[109.0560591,40.6887373],[109.0557659,40.6889825],[109.0555059,40.6892484],[109.0552815,40.6895322],[109.0550949,40.6898314],[109.0549479,40.690143],[109.0548418,40.6904641],[109.0547777,40.6907914],[109.0547563,40.691122],[109.0547777,40.6914526],[109.0548418,40.6917799],[109.0549479,40.692101],[109.0550949,40.6924126],[109.0552815,40.6927118],[109.0555059,40.6929956],[109.0557659,40.6932615],[109.0560591,40.6935067],[109.0563825,40.6937289],[109.0567331,40.6939261],[109.0571074,40.6940962],[109.057502,40.6942377],[109.057913,40.6943492],[109.0583364,40.6944297],[109.0587681,40.6944782],[109.0592041,40.6944945]]]},"properties":{"name":"1911无名峰","peak_elev":1911,"radius_m":375,"layer":"ATS峰值响应半径","rank_pct":0.9146,"center_lon":109.0592041015625,"center_lat":40.691122,"max_mean_jut":86.3339,"max_ats":35.7936,"r_jmean_peak":500,"r_ats_peak":375,"r_ats_marginal":187.5,"ats_marginal_rate_max":0.10900714069177922,"ats_marginal_interval_start":125.0,"ats_marginal_interval_end":250.0,"is_expanded":false}},{"type":"Feature","geometry":{"type":"Polygon","coordinates":[[[110.878292,40.7505496],[110.8787283,40.7505333],[110.8791604,40.7504848],[110.8795842,40.7504044],[110.8799955,40.7502929],[110.8803904,40.7501514],[110.8807651,40.7499812],[110.881116,40.7497841],[110.8814397,40.7495618],[110.8817331,40.7493166],[110.8819933,40.7490508],[110.8822179,40.7487669],[110.8824047,40.7484677],[110.8825518,40.7481561],[110.882658,40.7478351],[110.8827221,40.7475077],[110.8827435,40.7471771],[110.8827221,40.7468466],[110.882658,40.7465192],[110.8825518,40.7461982],[110.8824047,40.7458865],[110.8822179,40.7455874],[110.8819933,40.7453035],[110.8817331,40.7450377],[110.8814397,40.7447924],[110.881116,40.7445702],[110.8807651,40.744373],[110.8803904,40.7442029],[110.8799955,40.7440614],[110.8795842,40.7439499],[110.8791604,40.7438695],[110.8787283,40.7438209],[110.878292,40.7438047],[110.8778557,40.7438209],[110.8774236,40.7438695],[110.8769998,40.7439499],[110.8765885,40.7440614],[110.8761936,40.7442029],[110.8758189,40.744373],[110.875468,40.7445702],[110.8751443,40.7447924],[110.8748509,40.7450377],[110.8745907,40.7453035],[110.8743661,40.7455874],[110.8741793,40.7458865],[110.8740322,40.7461982],[110.873926,40.7465192],[110.8738619,40.7468466],[110.8738405,40.7471771],[110.8738619,40.7475077],[110.873926,40.7478351],[110.8740322,40.7481561],[110.8741793,40.7484677],[110.8743661,40.7487669],[110.8745907,40.7490508],[110.8748509,40.7493166],[110.8751443,40.7495618],[110.875468,40.7497841],[110.8758189,40.7499812],[110.8761936,40.7501514],[110.8765885,40.7502929],[110.8769998,40.7504044],[110.8774236,40.7504848],[110.8778557,40.7505333],[110.878292,40.7505496]]]},"properties":{"name":"1923无名峰","peak_elev":1923,"radius_m":375,"layer":"ATS峰值响应半径","rank_pct":0.9146,"center_lon":110.878292,"center_lat":40.74717712402344,"max_mean_jut":54.9327,"max_ats":25.1586,"r_jmean_peak":375,"r_ats_peak":375,"r_ats_marginal":187.5,"ats_marginal_rate_max":0.08925214770222709,"ats_marginal_interval_start":125.0,"ats_marginal_interval_end":250.0,"is_expanded":false}},{"type":"Feature","geometry":{"type":"Polygon","coordinates":[[[108.988596,40.6915305],[108.9890319,40.6915142],[108.9894637,40.6914657],[108.9898871,40.6913852],[108.990298,40.6912737],[108.9906926,40.6911322],[108.9910669,40.6909621],[108.9914175,40.6907649],[108.9917409,40.6905427],[108.992034,40.6902975],[108.992294,40.6900316],[108.9925184,40.6897478],[108.992705,40.6894486],[108.9928521,40.689137],[108.9929581,40.6888159],[108.9930222,40.6884886],[108.9930436,40.688158],[108.9930222,40.6878274],[108.9929581,40.6875001],[108.9928521,40.687179],[108.992705,40.6868674],[108.9925184,40.6865682],[108.992294,40.6862844],[108.992034,40.6860185],[108.9917409,40.6857733],[108.9914175,40.6855511],[108.9910669,40.6853539],[108.9906926,40.6851838],[108.990298,40.6850423],[108.9898871,40.6849308],[108.9894637,40.6848503],[108.9890319,40.6848018],[108.988596,40.6847855],[108.9881601,40.6848018],[108.9877283,40.6848503],[108.9873049,40.6849308],[108.986894,40.6850423],[108.9864994,40.6851838],[108.9861251,40.6853539],[108.9857745,40.6855511],[108.9854511,40.6857733],[108.985158,40.6860185],[108.984898,40.6862844],[108.9846736,40.6865682],[108.984487,40.6868674],[108.9843399,40.687179],[108.9842339,40.6875001],[108.9841698,40.6878274],[108.9841484,40.688158],[108.9841698,40.6884886],[108.9842339,40.6888159],[108.9843399,40.689137],[108.984487,40.6894486],[108.9846736,40.6897478],[108.984898,40.6900316],[108.985158,40.6902975],[108.9854511,40.6905427],[108.9857745,40.6907649],[108.9861251,40.6909621],[108.9864994,40.6911322],[108.986894,40.6912737],[108.9873049,40.6913852],[108.9877283,40.6914657],[108.9881601,40.6915142],[108.988596,40.6915305]]]},"properties":{"name":"1934无名峰","peak_elev":1934,"radius_m":375,"layer":"ATS峰值响应半径","rank_pct":0.9146,"center_lon":108.988596,"center_lat":40.688158,"max_mean_jut":75.5512,"max_ats":38.4935,"r_jmean_peak":375,"r_ats_peak":375,"r_ats_marginal":187.5,"ats_marginal_rate_max":0.1513545766349395,"ats_marginal_interval_start":125.0,"ats_marginal_interval_end":250.0,"is_expanded":false}},{"type":"Feature","geometry":{"type":"Polygon","coordinates":[[[110.844875,40.7950165],[110.8453116,40.7950002],[110.845744,40.7949517],[110.8461681,40.7948712],[110.8465797,40.7947597],[110.8469748,40.7946182],[110.8473498,40.7944481],[110.8477009,40.7942509],[110.8480248,40.7940287],[110.8483184,40.7937835],[110.8485788,40.7935176],[110.8488035,40.7932338],[110.8489904,40.7929346],[110.8491377,40.792623],[110.8492439,40.7923019],[110.849308,40.7919746],[110.8493295,40.791644],[110.849308,40.7913134],[110.8492439,40.7909861],[110.8491377,40.790665],[110.8489904,40.7903534],[110.8488035,40.7900542],[110.8485788,40.7897704],[110.8483184,40.7895045],[110.8480248,40.7892593],[110.8477009,40.7890371],[110.8473498,40.7888399],[110.8469748,40.7886698],[110.8465797,40.7885283],[110.8461681,40.7884168],[110.845744,40.7883363],[110.8453116,40.7882878],[110.844875,40.7882715],[110.8444384,40.7882878],[110.844006,40.7883363],[110.8435819,40.7884168],[110.8431703,40.7885283],[110.8427752,40.7886698],[110.8424002,40.7888399],[110.8420491,40.7890371],[110.8417252,40.7892593],[110.8414316,40.7895045],[110.8411712,40.7897704],[110.8409465,40.7900542],[110.8407596,40.7903534],[110.8406123,40.790665],[110.8405061,40.7909861],[110.840442,40.7913134],[110.8404205,40.791644],[110.840442,40.7919746],[110.8405061,40.7923019],[110.8406123,40.792623],[110.8407596,40.7929346],[110.8409465,40.7932338],[110.8411712,40.7935176],[110.8414316,40.7937835],[110.8417252,40.7940287],[110.8420491,40.7942509],[110.8424002,40.7944481],[110.8427752,40.7946182],[110.8431703,40.7947597],[110.8435819,40.7948712],[110.844006,40.7949517],[110.8444384,40.7950002],[110.844875,40.7950165]]]},"properties":{"name":"2011无名峰","peak_elev":2011,"radius_m":375,"layer":"ATS峰值响应半径","rank_pct":0.9146,"center_lon":110.844875,"center_lat":40.791644,"max_mean_jut":77.0231,"max_ats":43.5994,"r_jmean_peak":375,"r_ats_peak":375,"r_ats_marginal":187.5,"ats_marginal_rate_max":0.1255699027653784,"ats_marginal_interval_start":125.0,"ats_marginal_interval_end":250.0,"is_expanded":false}},{"type":"Feature","geometry":{"type":"Polygon","coordinates":[[[110.627662,40.830812],[110.6279532,40.8308012],[110.6282417,40.8307688],[110.6285245,40.8307152],[110.6287991,40.8306409],[110.6290627,40.8305465],[110.6293128,40.8304331],[110.629547,40.8303017],[110.629763,40.8301535],[110.6299589,40.82999],[110.6301326,40.8298128],[110.6302825,40.8296235],[110.6304071,40.8294241],[110.6305054,40.8292163],[110.6305762,40.8290023],[110.630619,40.8287841],[110.6306333,40.8285637],[110.630619,40.8283433],[110.6305762,40.8281251],[110.6305054,40.827911],[110.6304071,40.8277033],[110.6302825,40.8275038],[110.6301326,40.8273146],[110.6299589,40.8271374],[110.629763,40.8269739],[110.629547,40.8268257],[110.6293128,40.8266943],[110.6290627,40.8265809],[110.6287991,40.8264865],[110.6285245,40.8264122],[110.6282417,40.8263586],[110.6279532,40.8263262],[110.627662,40.8263154],[110.6273708,40.8263262],[110.6270823,40.8263586],[110.6267995,40.8264122],[110.6265249,40.8264865],[110.6262613,40.8265809],[110.6260112,40.8266943],[110.625777,40.8268257],[110.625561,40.8269739],[110.6253651,40.8271374],[110.6251914,40.8273146],[110.6250415,40.8275038],[110.6249169,40.8277033],[110.6248186,40.827911],[110.6247478,40.8281251],[110.624705,40.8283433],[110.6246907,40.8285637],[110.624705,40.8287841],[110.6247478,40.8290023],[110.6248186,40.8292163],[110.6249169,40.8294241],[110.6250415,40.8296235],[110.6251914,40.8298128],[110.6253651,40.82999],[110.625561,40.8301535],[110.625777,40.8303017],[110.6260112,40.8304331],[110.6262613,40.8305465],[110.6265249,40.8306409],[110.6267995,40.8307152],[110.6270823,40.8307688],[110.6273708,40.8308012],[110.627662,40.830812]]]},"properties":{"name":"1790无名峰","peak_elev":1790,"radius_m":250,"layer":"ATS峰值响应半径","rank_pct":1.0,"center_lon":110.627662,"center_lat":40.82856369018555,"max_mean_jut":39.3019,"max_ats":22.185,"r_jmean_peak":375,"r_ats_peak":250,"r_ats_marginal":187.5,"ats_marginal_rate_max":0.08210048000493582,"ats_marginal_interval_start":125.0,"ats_marginal_interval_end":250.0,"is_expanded":false}}]}