{"type":"FeatureCollection","features":[{"type":"Feature","geometry":{"type":"Polygon","coordinates":[[[119.429625,40.1905906],[119.441149,40.1901575],[119.4525621,40.1888626],[119.4637542,40.1867181],[119.4746177,40.1837449],[119.4850479,40.1799715],[119.4949443,40.1754343],[119.5042116,40.1701769],[119.5127607,40.1642501],[119.5205091,40.1577108],[119.5273822,40.150622],[119.5333139,40.1430521],[119.538247,40.135074],[119.542134,40.1267643],[119.5449375,40.1182033],[119.5466305,40.1094733],[119.5471966,40.1006584],[119.5466305,40.0918435],[119.5449375,40.0831135],[119.542134,40.0745525],[119.538247,40.0662429],[119.5333139,40.0582647],[119.5273822,40.0506948],[119.5205091,40.0436061],[119.5127607,40.0370668],[119.5042116,40.0311399],[119.4949443,40.0258826],[119.4850479,40.0213453],[119.4746177,40.0175719],[119.4637542,40.0145987],[119.4525621,40.0124543],[119.441149,40.0111593],[119.429625,40.0107263],[119.418101,40.0111593],[119.4066879,40.0124543],[119.3954958,40.0145987],[119.3846323,40.0175719],[119.3742021,40.0213453],[119.3643057,40.0258826],[119.3550384,40.0311399],[119.3464893,40.0370668],[119.3387409,40.0436061],[119.3318678,40.0506948],[119.3259361,40.0582647],[119.321003,40.0662429],[119.317116,40.0745525],[119.3143125,40.0831135],[119.3126195,40.0918435],[119.3120534,40.1006584],[119.3126195,40.1094733],[119.3143125,40.1182033],[119.317116,40.1267643],[119.321003,40.135074],[119.3259361,40.1430521],[119.3318678,40.150622],[119.3387409,40.1577108],[119.3464893,40.1642501],[119.3550384,40.1701769],[119.3643057,40.1754343],[119.3742021,40.1799715],[119.3846323,40.1837449],[119.3954958,40.1867181],[119.4066879,40.1888626],[119.418101,40.1901575],[119.429625,40.1905906]]]},"properties":{"name":"1154无名峰","peak_elev":1154,"eq_radius":10000,"layer":"等效突出半径","rank_pct":0.0,"center_lon":119.429625,"center_lat":40.10065841674805,"max_mean_jut":76.6257,"max_ats":46.371,"r_prominence":10000,"r_base":10000}},{"type":"Feature","geometry":{"type":"Polygon","coordinates":[[[119.418306,40.2280512],[119.4298364,40.2276181],[119.4412557,40.2263231],[119.452454,40.2241787],[119.4633235,40.2212055],[119.4737594,40.2174321],[119.4836613,40.2128949],[119.4929337,40.2076375],[119.5014875,40.2017106],[119.5092402,40.1951714],[119.5161171,40.1880826],[119.522052,40.1805127],[119.5269879,40.1725345],[119.530877,40.1642249],[119.533682,40.1556639],[119.5353759,40.1469339],[119.5359424,40.138119],[119.5353759,40.1293041],[119.533682,40.1205741],[119.530877,40.1120131],[119.5269879,40.1037035],[119.522052,40.0957253],[119.5161171,40.0881554],[119.5092402,40.0810666],[119.5014875,40.0745274],[119.4929337,40.0686005],[119.4836613,40.0633431],[119.4737594,40.0588059],[119.4633235,40.0550325],[119.452454,40.0520593],[119.4412557,40.0499149],[119.4298364,40.0486199],[119.418306,40.0481868],[119.4067756,40.0486199],[119.3953563,40.0499149],[119.384158,40.0520593],[119.3732885,40.0550325],[119.3628526,40.0588059],[119.3529507,40.0633431],[119.3436783,40.0686005],[119.3351245,40.0745274],[119.3273718,40.0810666],[119.3204949,40.0881554],[119.31456,40.0957253],[119.3096241,40.1037035],[119.305735,40.1120131],[119.30293,40.1205741],[119.3012361,40.1293041],[119.3006696,40.138119],[119.3012361,40.1469339],[119.30293,40.1556639],[119.305735,40.1642249],[119.3096241,40.1725345],[119.31456,40.1805127],[119.3204949,40.1880826],[119.3273718,40.1951714],[119.3351245,40.2017106],[119.3436783,40.2076375],[119.3529507,40.2128949],[119.3628526,40.2174321],[119.3732885,40.2212055],[119.384158,40.2241787],[119.3953563,40.2263231],[119.4067756,40.2276181],[119.418306,40.2280512]]]},"properties":{"name":"1339无名峰","peak_elev":1339,"eq_radius":10000,"layer":"等效突出半径","rank_pct":0.0,"center_lon":119.418306,"center_lat":40.138119,"max_mean_jut":102.8034,"max_ats":67.0816,"r_prominence":10000,"r_base":10000}},{"type":"Feature","geometry":{"type":"Polygon","coordinates":[[[118.772597,40.6045348],[118.7841919,40.6041018],[118.7956751,40.6028068],[118.806936,40.6006624],[118.8178663,40.5976891],[118.8283606,40.5939157],[118.8383178,40.5893785],[118.8476422,40.5841212],[118.8562438,40.5781943],[118.8640398,40.571655],[118.8709552,40.5645663],[118.8769233,40.5569964],[118.8818867,40.5490182],[118.8857977,40.5407086],[118.8886184,40.5321476],[118.8903217,40.5234176],[118.8908914,40.5146027],[118.8903217,40.5057878],[118.8886184,40.4970578],[118.8857977,40.4884967],[118.8818867,40.4801871],[118.8769233,40.4722089],[118.8709552,40.464639],[118.8640398,40.4575503],[118.8562438,40.451011],[118.8476422,40.4450842],[118.8383178,40.4398268],[118.8283606,40.4352896],[118.8178663,40.4315162],[118.806936,40.4285429],[118.7956751,40.4263985],[118.7841919,40.4251035],[118.772597,40.4246705],[118.7610021,40.4251035],[118.7495189,40.4263985],[118.738258,40.4285429],[118.7273277,40.4315162],[118.7168334,40.4352896],[118.7068762,40.4398268],[118.6975518,40.4450842],[118.6889502,40.451011],[118.6811542,40.4575503],[118.6742388,40.464639],[118.6682707,40.4722089],[118.6633073,40.4801871],[118.6593963,40.4884967],[118.6565756,40.4970578],[118.6548723,40.5057878],[118.6543026,40.5146027],[118.6548723,40.5234176],[118.6565756,40.5321476],[118.6593963,40.5407086],[118.6633073,40.5490182],[118.6682707,40.5569964],[118.6742388,40.5645663],[118.6811542,40.571655],[118.6889502,40.5781943],[118.6975518,40.5841212],[118.7068762,40.5893785],[118.7168334,40.5939157],[118.7273277,40.5976891],[118.738258,40.6006624],[118.7495189,40.6028068],[118.7610021,40.6041018],[118.772597,40.6045348]]]},"properties":{"name":"1405无名峰","peak_elev":1405,"eq_radius":10000,"layer":"等效突出半径","rank_pct":0.0,"center_lon":118.772597,"center_lat":40.51460266113281,"max_mean_jut":58.9165,"max_ats":31.0122,"r_prominence":10000,"r_base":10000}},{"type":"Feature","geometry":{"type":"Polygon","coordinates":[[[118.786072,40.5907912],[118.7976645,40.5903581],[118.8091454,40.5890631],[118.820404,40.5869187],[118.831332,40.5839455],[118.8418242,40.5801721],[118.8517794,40.5756349],[118.8611018,40.5703775],[118.8697016,40.5644506],[118.877496,40.5579114],[118.88441,40.5508226],[118.8903769,40.5432527],[118.8953394,40.5352745],[118.8992495,40.5269649],[118.9020696,40.5184039],[118.9037726,40.5096739],[118.9043421,40.500859],[118.9037726,40.4920441],[118.9020696,40.4833141],[118.8992495,40.4747531],[118.8953394,40.4664435],[118.8903769,40.4584653],[118.88441,40.4508954],[118.877496,40.4438066],[118.8697016,40.4372674],[118.8611018,40.4313405],[118.8517794,40.4260831],[118.8418242,40.4215459],[118.831332,40.4177725],[118.820404,40.4147993],[118.8091454,40.4126549],[118.7976645,40.4113599],[118.786072,40.4109268],[118.7744795,40.4113599],[118.7629986,40.4126549],[118.75174,40.4147993],[118.740812,40.4177725],[118.7303198,40.4215459],[118.7203646,40.4260831],[118.7110422,40.4313405],[118.7024424,40.4372674],[118.694648,40.4438066],[118.687734,40.4508954],[118.6817671,40.4584653],[118.6768046,40.4664435],[118.6728945,40.4747531],[118.6700744,40.4833141],[118.6683714,40.4920441],[118.6678019,40.500859],[118.6683714,40.5096739],[118.6700744,40.5184039],[118.6728945,40.5269649],[118.6768046,40.5352745],[118.6817671,40.5432527],[118.687734,40.5508226],[118.694648,40.5579114],[118.7024424,40.5644506],[118.7110422,40.5703775],[118.7203646,40.5756349],[118.7303198,40.5801721],[118.740812,40.5839455],[118.75174,40.5869187],[118.7629986,40.5890631],[118.7744795,40.5903581],[118.786072,40.5907912]]]},"properties":{"name":"1672无名峰","peak_elev":1672,"eq_radius":10000,"layer":"等效突出半径","rank_pct":0.0,"center_lon":118.786072,"center_lat":40.500859,"max_mean_jut":122.3781,"max_ats":74.1804,"r_prominence":10000,"r_base":10000}},{"type":"Feature","geometry":{"type":"Polygon","coordinates":[[[119.410221,40.2097262],[119.4217483,40.2092931],[119.4331645,40.2079981],[119.4443598,40.2058537],[119.4552264,40.2028805],[119.4656595,40.1991071],[119.4755587,40.1945699],[119.4848286,40.1893125],[119.4933801,40.1833856],[119.5011306,40.1768464],[119.5080057,40.1697576],[119.5139391,40.1621877],[119.5188736,40.1542095],[119.5227617,40.1458999],[119.5255659,40.1373389],[119.5272594,40.1286089],[119.5278257,40.119794],[119.5272594,40.1109791],[119.5255659,40.1022491],[119.5227617,40.0936881],[119.5188736,40.0853785],[119.5139391,40.0774003],[119.5080057,40.0698304],[119.5011306,40.0627416],[119.4933801,40.0562024],[119.4848286,40.0502755],[119.4755587,40.0450181],[119.4656595,40.0404809],[119.4552264,40.0367075],[119.4443598,40.0337343],[119.4331645,40.0315899],[119.4217483,40.0302949],[119.410221,40.0298618],[119.3986937,40.0302949],[119.3872775,40.0315899],[119.3760822,40.0337343],[119.3652156,40.0367075],[119.3547825,40.0404809],[119.3448833,40.0450181],[119.3356134,40.0502755],[119.3270619,40.0562024],[119.3193114,40.0627416],[119.3124363,40.0698304],[119.3065029,40.0774003],[119.3015684,40.0853785],[119.2976803,40.0936881],[119.2948761,40.1022491],[119.2931826,40.1109791],[119.2926163,40.119794],[119.2931826,40.1286089],[119.2948761,40.1373389],[119.2976803,40.1458999],[119.3015684,40.1542095],[119.3065029,40.1621877],[119.3124363,40.1697576],[119.3193114,40.1768464],[119.3270619,40.1833856],[119.3356134,40.1893125],[119.3448833,40.1945699],[119.3547825,40.1991071],[119.3652156,40.2028805],[119.3760822,40.2058537],[119.3872775,40.2079981],[119.3986937,40.2092931],[119.410221,40.2097262]]]},"properties":{"name":"八仙顶/八仙台/八仙峰1390","peak_elev":1394,"eq_radius":10000,"layer":"等效突出半径","rank_pct":0.0,"center_lon":119.410221,"center_lat":40.119794,"max_mean_jut":120.7547,"max_ats":80.5129,"r_prominence":10000,"r_base":10000}},{"type":"Feature","geometry":{"type":"Polygon","coordinates":[[[119.424235,40.2232002],[119.4357646,40.2227671],[119.4471831,40.2214721],[119.4583806,40.2193277],[119.4692493,40.2163545],[119.4796845,40.2125811],[119.4895856,40.2080439],[119.4988574,40.2027865],[119.5074106,40.1968596],[119.5151627,40.1903204],[119.5220391,40.1832316],[119.5279736,40.1756617],[119.5329091,40.1676835],[119.536798,40.1593739],[119.5396028,40.1508129],[119.5412966,40.1420829],[119.541863,40.133268],[119.5412966,40.1244531],[119.5396028,40.1157231],[119.536798,40.1071621],[119.5329091,40.0988525],[119.5279736,40.0908743],[119.5220391,40.0833044],[119.5151627,40.0762156],[119.5074106,40.0696764],[119.4988574,40.0637495],[119.4895856,40.0584921],[119.4796845,40.0539549],[119.4692493,40.0501815],[119.4583806,40.0472083],[119.4471831,40.0450639],[119.4357646,40.0437689],[119.424235,40.0433358],[119.4127054,40.0437689],[119.4012869,40.0450639],[119.3900894,40.0472083],[119.3792207,40.0501815],[119.3687855,40.0539549],[119.3588844,40.0584921],[119.3496126,40.0637495],[119.3410594,40.0696764],[119.3333073,40.0762156],[119.3264309,40.0833044],[119.3204964,40.0908743],[119.3155609,40.0988525],[119.311672,40.1071621],[119.3088672,40.1157231],[119.3071734,40.1244531],[119.306607,40.133268],[119.3071734,40.1420829],[119.3088672,40.1508129],[119.311672,40.1593739],[119.3155609,40.1676835],[119.3204964,40.1756617],[119.3264309,40.1832316],[119.3333073,40.1903204],[119.3410594,40.1968596],[119.3496126,40.2027865],[119.3588844,40.2080439],[119.3687855,40.2125811],[119.3792207,40.2163545],[119.3900894,40.2193277],[119.4012869,40.2214721],[119.4127054,40.2227671],[119.424235,40.2232002]]]},"properties":{"name":"王母峰/娘娘顶1348","peak_elev":1344,"eq_radius":10000,"layer":"等效突出半径","rank_pct":0.0,"center_lon":119.424235,"center_lat":40.133268,"max_mean_jut":106.312,"max_ats":69.8815,"r_prominence":10000,"r_base":10000}},{"type":"Feature","geometry":{"type":"Polygon","coordinates":[[[118.786072,40.5785719],[118.797373,40.5781496],[118.8085652,40.576887],[118.8195407,40.5747962],[118.830194,40.5718973],[118.8404223,40.5682183],[118.8501272,40.5637945],[118.8592152,40.5586685],[118.8675988,40.5528898],[118.8751972,40.546514],[118.8819373,40.5396025],[118.8877542,40.5322219],[118.8925918,40.5244432],[118.8964036,40.5163413],[118.8991529,40.5079943],[118.9008131,40.4994825],[118.9013682,40.490888],[118.9008131,40.4822935],[118.8991529,40.4737817],[118.8964036,40.4654347],[118.8925918,40.4573328],[118.8877542,40.4495541],[118.8819373,40.4421735],[118.8751972,40.435262],[118.8675988,40.4288862],[118.8592152,40.4231075],[118.8501272,40.4179815],[118.8404223,40.4135577],[118.830194,40.4098787],[118.8195407,40.4069798],[118.8085652,40.404889],[118.797373,40.4036264],[118.786072,40.4032041],[118.774771,40.4036264],[118.7635788,40.404889],[118.7526033,40.4069798],[118.74195,40.4098787],[118.7317217,40.4135577],[118.7220168,40.4179815],[118.7129288,40.4231075],[118.7045452,40.4288862],[118.6969468,40.435262],[118.6902067,40.4421735],[118.6843898,40.4495541],[118.6795522,40.4573328],[118.6757404,40.4654347],[118.6729911,40.4737817],[118.6713309,40.4822935],[118.6707758,40.490888],[118.6713309,40.4994825],[118.6729911,40.5079943],[118.6757404,40.5163413],[118.6795522,40.5244432],[118.6843898,40.5322219],[118.6902067,40.5396025],[118.6969468,40.546514],[118.7045452,40.5528898],[118.7129288,40.5586685],[118.7220168,40.5637945],[118.7317217,40.5682183],[118.74195,40.5718973],[118.7526033,40.5747962],[118.7635788,40.576887],[118.774771,40.5781496],[118.786072,40.5785719]]]},"properties":{"name":"1647无名峰","peak_elev":1647,"eq_radius":9750,"layer":"等效突出半径","rank_pct":0.0236,"center_lon":118.786072,"center_lat":40.490888,"max_mean_jut":125.7445,"max_ats":76.0126,"r_prominence":9750,"r_base":10000}},{"type":"Feature","geometry":{"type":"Polygon","coordinates":[[[119.425043,40.2012719],[119.4354176,40.2008822],[119.4456923,40.1997167],[119.4557682,40.1977867],[119.4655481,40.1951108],[119.474938,40.1917148],[119.4838474,40.1876313],[119.4921904,40.1828997],[119.4998868,40.1775655],[119.5068623,40.1716801],[119.5130499,40.1653003],[119.51839,40.1584874],[119.5228311,40.151307],[119.5263304,40.1438283],[119.5288543,40.1361234],[119.5303784,40.1282664],[119.5308881,40.120333],[119.5303784,40.1123996],[119.5288543,40.1045426],[119.5263304,40.0968377],[119.5228311,40.089359],[119.51839,40.0821786],[119.5130499,40.0753657],[119.5068623,40.0689859],[119.4998868,40.0631005],[119.4921904,40.0577663],[119.4838474,40.0530347],[119.474938,40.0489512],[119.4655481,40.0455552],[119.4557682,40.0428793],[119.4456923,40.0409493],[119.4354176,40.0397838],[119.425043,40.0393941],[119.4146684,40.0397838],[119.4043937,40.0409493],[119.3943178,40.0428793],[119.3845379,40.0455552],[119.375148,40.0489512],[119.3662386,40.0530347],[119.3578956,40.0577663],[119.3501992,40.0631005],[119.3432237,40.0689859],[119.3370361,40.0753657],[119.331696,40.0821786],[119.3272549,40.089359],[119.3237556,40.0968377],[119.3212317,40.1045426],[119.3197076,40.1123996],[119.3191979,40.120333],[119.3197076,40.1282664],[119.3212317,40.1361234],[119.3237556,40.1438283],[119.3272549,40.151307],[119.331696,40.1584874],[119.3370361,40.1653003],[119.3432237,40.1716801],[119.3501992,40.1775655],[119.3578956,40.1828997],[119.3662386,40.1876313],[119.375148,40.1917148],[119.3845379,40.1951108],[119.3943178,40.1977867],[119.4043937,40.1997167],[119.4146684,40.2008822],[119.425043,40.2012719]]]},"properties":{"name":"响山/黑尖顶/天女峰1421.8","peak_elev":1414,"eq_radius":9000,"layer":"等效突出半径","rank_pct":0.0276,"center_lon":119.425043,"center_lat":40.120333,"max_mean_jut":129.3985,"max_ats":86.3644,"r_prominence":9000,"r_base":10000}},{"type":"Feature","geometry":{"type":"Polygon","coordinates":[[[119.933849,40.880744],[119.9428751,40.8804084],[119.9518142,40.8794048],[119.9605803,40.8777429],[119.969089,40.8754386],[119.9772583,40.8725142],[119.9850095,40.8689979],[119.9922681,40.8649234],[119.998964,40.8603301],[120.0050328,40.8552622],[120.0104161,40.8497684],[120.015062,40.8439017],[120.0189258,40.8377186],[120.0219703,40.8312787],[120.0241661,40.8246439],[120.0254921,40.8178781],[120.0259355,40.8110466],[120.0254921,40.8042151],[120.0241661,40.7974493],[120.0219703,40.7908145],[120.0189258,40.7843746],[120.015062,40.7781915],[120.0104161,40.7723248],[120.0050328,40.766831],[119.998964,40.7617631],[119.9922681,40.7571698],[119.9850095,40.7530953],[119.9772583,40.749579],[119.969089,40.7466546],[119.9605803,40.7443503],[119.9518142,40.7426884],[119.9428751,40.7416848],[119.933849,40.7413492],[119.9248229,40.7416848],[119.9158838,40.7426884],[119.9071177,40.7443503],[119.898609,40.7466546],[119.8904397,40.749579],[119.8826885,40.7530953],[119.8754299,40.7571698],[119.868734,40.7617631],[119.8626652,40.766831],[119.8572819,40.7723248],[119.852636,40.7781915],[119.8487722,40.7843746],[119.8457277,40.7908145],[119.8435319,40.7974493],[119.8422059,40.8042151],[119.8417625,40.8110466],[119.8422059,40.8178781],[119.8435319,40.8246439],[119.8457277,40.8312787],[119.8487722,40.8377186],[119.852636,40.8439017],[119.8572819,40.8497684],[119.8626652,40.8552622],[119.868734,40.8603301],[119.8754299,40.8649234],[119.8826885,40.8689979],[119.8904397,40.8725142],[119.898609,40.8754386],[119.9071177,40.8777429],[119.9158838,40.8794048],[119.9248229,40.8804084],[119.933849,40.880744]]]},"properties":{"name":"1061无名峰","peak_elev":1061,"eq_radius":7750,"layer":"等效突出半径","rank_pct":0.0315,"center_lon":119.933849,"center_lat":40.8110466003418,"max_mean_jut":73.2055,"max_ats":52.1467,"r_prominence":7750,"r_base":8500}},{"type":"Feature","geometry":{"type":"Polygon","coordinates":[[[119.941934,40.8855033],[119.9506698,40.8851785],[119.9593215,40.8842073],[119.9678057,40.882599],[119.9760408,40.8803691],[119.9839474,40.877539],[119.9914494,40.8741361],[119.9984745,40.8701931],[120.0049552,40.8657479],[120.0108289,40.8608435],[120.016039,40.8555269],[120.0205356,40.8498495],[120.0242751,40.8438659],[120.0272217,40.8376336],[120.0293469,40.8312129],[120.0306302,40.8246654],[120.0310594,40.8180542],[120.0306302,40.811443],[120.0293469,40.8048955],[120.0272217,40.7984748],[120.0242751,40.7922425],[120.0205356,40.7862589],[120.016039,40.7805815],[120.0108289,40.7752649],[120.0049552,40.7703605],[119.9984745,40.7659153],[119.9914494,40.7619723],[119.9839474,40.7585694],[119.9760408,40.7557393],[119.9678057,40.7535094],[119.9593215,40.7519011],[119.9506698,40.7509299],[119.941934,40.7506051],[119.9331982,40.7509299],[119.9245465,40.7519011],[119.9160623,40.7535094],[119.9078272,40.7557393],[119.8999206,40.7585694],[119.8924186,40.7619723],[119.8853935,40.7659153],[119.8789128,40.7703605],[119.8730391,40.7752649],[119.867829,40.7805815],[119.8633324,40.7862589],[119.8595929,40.7922425],[119.8566463,40.7984748],[119.8545211,40.8048955],[119.8532378,40.811443],[119.8528086,40.8180542],[119.8532378,40.8246654],[119.8545211,40.8312129],[119.8566463,40.8376336],[119.8595929,40.8438659],[119.8633324,40.8498495],[119.867829,40.8555269],[119.8730391,40.8608435],[119.8789128,40.8657479],[119.8853935,40.8701931],[119.8924186,40.8741361],[119.8999206,40.877539],[119.9078272,40.8803691],[119.9160623,40.882599],[119.9245465,40.8842073],[119.9331982,40.8851785],[119.941934,40.8855033]]]},"properties":{"name":"1041无名峰","peak_elev":1041,"eq_radius":7500,"layer":"等效突出半径","rank_pct":0.0354,"center_lon":119.941934,"center_lat":40.81805419921875,"max_mean_jut":69.5003,"max_ats":49.5372,"r_prominence":7500,"r_base":9000}},{"type":"Feature","geometry":{"type":"Polygon","coordinates":[[[119.9360046,40.8883758],[119.9444499,40.8880619],[119.9528139,40.887123],[119.9610159,40.8855683],[119.9689771,40.8834127],[119.9766207,40.880677],[119.9838732,40.8773875],[119.9906647,40.8735759],[119.9969298,40.8692789],[120.0026081,40.864538],[120.007645,40.8593986],[120.011992,40.8539105],[120.0156072,40.8481263],[120.0184558,40.8421018],[120.0205103,40.835895],[120.0217509,40.8295658],[120.0221658,40.823175],[120.0217509,40.8167842],[120.0205103,40.810455],[120.0184558,40.8042482],[120.0156072,40.7982237],[120.011992,40.7924395],[120.007645,40.7869514],[120.0026081,40.781812],[119.9969298,40.7770711],[119.9906647,40.7727741],[119.9838732,40.7689625],[119.9766207,40.765673],[119.9689771,40.7629373],[119.9610159,40.7607817],[119.9528139,40.759227],[119.9444499,40.7582881],[119.9360046,40.7579742],[119.9275594,40.7582881],[119.9191954,40.759227],[119.9109934,40.7607817],[119.9030322,40.7629373],[119.8953885,40.765673],[119.888136,40.7689625],[119.8813446,40.7727741],[119.8750795,40.7770711],[119.8694011,40.781812],[119.8643642,40.7869514],[119.8600173,40.7924395],[119.8564021,40.7982237],[119.8535535,40.8042482],[119.851499,40.810455],[119.8502583,40.8167842],[119.8498435,40.823175],[119.8502583,40.8295658],[119.851499,40.835895],[119.8535535,40.8421018],[119.8564021,40.8481263],[119.8600173,40.8539105],[119.8643642,40.8593986],[119.8694011,40.864538],[119.8750795,40.8692789],[119.8813446,40.8735759],[119.888136,40.8773875],[119.8953885,40.880677],[119.9030322,40.8834127],[119.9109934,40.8855683],[119.9191954,40.887123],[119.9275594,40.8880619],[119.9360046,40.8883758]]]},"properties":{"name":"1072无名峰","peak_elev":1072,"eq_radius":7250,"layer":"等效突出半径","rank_pct":0.0394,"center_lon":119.93600463867188,"center_lat":40.823175,"max_mean_jut":75.5313,"max_ats":54.4233,"r_prominence":7250,"r_base":9250}},{"type":"Feature","geometry":{"type":"Polygon","coordinates":[[[119.955409,40.8687868],[119.9632701,40.8684945],[119.9710554,40.8676204],[119.9786901,40.8661729],[119.9861005,40.864166],[119.9932154,40.8616189],[119.9999662,40.8585563],[120.0062878,40.8550076],[120.0121195,40.8510069],[120.017405,40.8465929],[120.0220935,40.841808],[120.0261398,40.8366983],[120.0295049,40.8313131],[120.0321564,40.8257041],[120.0340688,40.8199254],[120.0352236,40.8140326],[120.0356098,40.8080826],[120.0352236,40.8021325],[120.0340688,40.7962398],[120.0321564,40.7904611],[120.0295049,40.7848521],[120.0261398,40.7794668],[120.0220935,40.7743571],[120.017405,40.7695722],[120.0121195,40.7651582],[120.0062878,40.7611576],[119.9999662,40.7576089],[119.9932154,40.7545462],[119.9861005,40.7519992],[119.9786901,40.7499923],[119.9710554,40.7485448],[119.9632701,40.7476707],[119.955409,40.7473784],[119.9475479,40.7476707],[119.9397626,40.7485448],[119.9321279,40.7499923],[119.9247175,40.7519992],[119.9176026,40.7545462],[119.9108518,40.7576089],[119.9045302,40.7611576],[119.8986985,40.7651582],[119.893413,40.7695722],[119.8887245,40.7743571],[119.8846782,40.7794668],[119.8813131,40.7848521],[119.8786616,40.7904611],[119.8767492,40.7962398],[119.8755944,40.8021325],[119.8752082,40.8080826],[119.8755944,40.8140326],[119.8767492,40.8199254],[119.8786616,40.8257041],[119.8813131,40.8313131],[119.8846782,40.8366983],[119.8887245,40.841808],[119.893413,40.8465929],[119.8986985,40.8510069],[119.9045302,40.8550076],[119.9108518,40.8585563],[119.9176026,40.8616189],[119.9247175,40.864166],[119.9321279,40.8661729],[119.9397626,40.8676204],[119.9475479,40.8684945],[119.955409,40.8687868]]]},"properties":{"name":"1057无名峰","peak_elev":1057,"eq_radius":6750,"layer":"等效突出半径","rank_pct":0.0433,"center_lon":119.955409,"center_lat":40.808082580566406,"max_mean_jut":81.2925,"max_ats":56.4818,"r_prominence":6750,"r_base":7750}},{"type":"Feature","geometry":{"type":"Polygon","coordinates":[[[118.465912,41.1655429],[118.4735163,41.1652614],[118.4810473,41.1644197],[118.4884326,41.1630258],[118.495601,41.1610932],[118.5024834,41.1586405],[118.5090137,41.1556913],[118.5151289,41.152274],[118.5207701,41.1484216],[118.5258829,41.144171],[118.5304183,41.1395634],[118.5343323,41.1346429],[118.5375875,41.1294571],[118.5401524,41.1240559],[118.5420023,41.1184912],[118.5431194,41.1128167],[118.543493,41.107087],[118.5431194,41.1013573],[118.5420023,41.0956828],[118.5401524,41.0901181],[118.5375875,41.0847169],[118.5343323,41.0795311],[118.5304183,41.0746106],[118.5258829,41.070003],[118.5207701,41.0657524],[118.5151289,41.0619],[118.5090137,41.0584827],[118.5024834,41.0555335],[118.495601,41.0530808],[118.4884326,41.0511482],[118.4810473,41.0497543],[118.4735163,41.0489126],[118.465912,41.0486311],[118.4583077,41.0489126],[118.4507767,41.0497543],[118.4433914,41.0511482],[118.436223,41.0530808],[118.4293406,41.0555335],[118.4228103,41.0584827],[118.4166951,41.0619],[118.4110539,41.0657524],[118.4059411,41.070003],[118.4014057,41.0746106],[118.3974917,41.0795311],[118.3942365,41.0847169],[118.3916716,41.0901181],[118.3898217,41.0956828],[118.3887046,41.1013573],[118.388331,41.107087],[118.3887046,41.1128167],[118.3898217,41.1184912],[118.3916716,41.1240559],[118.3942365,41.1294571],[118.3974917,41.1346429],[118.4014057,41.1395634],[118.4059411,41.144171],[118.4110539,41.1484216],[118.4166951,41.152274],[118.4228103,41.1556913],[118.4293406,41.1586405],[118.436223,41.1610932],[118.4433914,41.1630258],[118.4507767,41.1644197],[118.4583077,41.1652614],[118.465912,41.1655429]]]},"properties":{"name":"1554无名峰","peak_elev":1554,"eq_radius":6500,"layer":"等效突出半径","rank_pct":0.0472,"center_lon":118.465912,"center_lat":41.107087,"max_mean_jut":68.7589,"max_ats":39.8275,"r_prominence":6500,"r_base":7000}},{"type":"Feature","geometry":{"type":"Polygon","coordinates":[[[119.4110336,40.2058729],[119.4185294,40.2055914],[119.425953,40.2047497],[119.4332329,40.2033558],[119.440299,40.2014232],[119.4470833,40.1989705],[119.4535204,40.1960213],[119.4595483,40.192604],[119.465109,40.1887516],[119.4701489,40.184501],[119.4746195,40.1798934],[119.4784778,40.1749729],[119.4816865,40.1697871],[119.4842148,40.1643859],[119.4860383,40.1588212],[119.4871395,40.1531467],[119.4875077,40.147417],[119.4871395,40.1416873],[119.4860383,40.1360128],[119.4842148,40.1304481],[119.4816865,40.1250469],[119.4784778,40.1198611],[119.4746195,40.1149406],[119.4701489,40.110333],[119.465109,40.1060824],[119.4595483,40.10223],[119.4535204,40.0988127],[119.4470833,40.0958635],[119.440299,40.0934108],[119.4332329,40.0914782],[119.425953,40.0900843],[119.4185294,40.0892426],[119.4110336,40.0889611],[119.4035379,40.0892426],[119.3961143,40.0900843],[119.3888344,40.0914782],[119.3817683,40.0934108],[119.374984,40.0958635],[119.3685469,40.0988127],[119.362519,40.10223],[119.3569583,40.1060824],[119.3519183,40.110333],[119.3474477,40.1149406],[119.3435895,40.1198611],[119.3403808,40.1250469],[119.3378525,40.1304481],[119.3360289,40.1360128],[119.3349278,40.1416873],[119.3345595,40.147417],[119.3349278,40.1531467],[119.3360289,40.1588212],[119.3378525,40.1643859],[119.3403808,40.1697871],[119.3435895,40.1749729],[119.3474477,40.1798934],[119.3519183,40.184501],[119.3569583,40.1887516],[119.362519,40.192604],[119.3685469,40.1960213],[119.374984,40.1989705],[119.3817683,40.2014232],[119.3888344,40.2033558],[119.3961143,40.2047497],[119.4035379,40.2055914],[119.4110336,40.2058729]]]},"properties":{"name":"老岭/祖山/香瓜顶/寿星峰1370.1","peak_elev":1371,"eq_radius":6500,"layer":"等效突出半径","rank_pct":0.0472,"center_lon":119.4110336303711,"center_lat":40.147417,"max_mean_jut":117.1274,"max_ats":73.1282,"r_prominence":6500,"r_base":9750}},{"type":"Feature","geometry":{"type":"Polygon","coordinates":[[[119.723374,40.5417056],[119.7306177,40.5414349],[119.7377915,40.5406256],[119.7448266,40.5392853],[119.751655,40.5374271],[119.7582111,40.5350687],[119.7644317,40.5322329],[119.7702569,40.5289471],[119.7756305,40.5252428],[119.7805009,40.5211557],[119.7848212,40.5167253],[119.7885497,40.5119941],[119.7916505,40.5070077],[119.7940937,40.5018142],[119.7958559,40.4964636],[119.7969201,40.4910073],[119.7972759,40.485498],[119.7969201,40.4799887],[119.7958559,40.4745324],[119.7940937,40.4691818],[119.7916505,40.4639883],[119.7885497,40.4590019],[119.7848212,40.4542707],[119.7805009,40.4498403],[119.7756305,40.4457532],[119.7702569,40.4420489],[119.7644317,40.4387631],[119.7582111,40.4359273],[119.751655,40.4335689],[119.7448266,40.4317107],[119.7377915,40.4303704],[119.7306177,40.4295611],[119.723374,40.4292904],[119.7161303,40.4295611],[119.7089565,40.4303704],[119.7019214,40.4317107],[119.695093,40.4335689],[119.6885369,40.4359273],[119.6823163,40.4387631],[119.6764911,40.4420489],[119.6711175,40.4457532],[119.6662471,40.4498403],[119.6619268,40.4542707],[119.6581983,40.4590019],[119.6550975,40.4639883],[119.6526543,40.4691818],[119.6508921,40.4745324],[119.6498279,40.4799887],[119.6494721,40.485498],[119.6498279,40.4910073],[119.6508921,40.4964636],[119.6526543,40.5018142],[119.6550975,40.5070077],[119.6581983,40.5119941],[119.6619268,40.5167253],[119.6662471,40.5211557],[119.6711175,40.5252428],[119.6764911,40.5289471],[119.6823163,40.5322329],[119.6885369,40.5350687],[119.695093,40.5374271],[119.7019214,40.5392853],[119.7089565,40.5406256],[119.7161303,40.5414349],[119.723374,40.5417056]]]},"properties":{"name":"972无名峰","peak_elev":972,"eq_radius":6250,"layer":"等效突出半径","rank_pct":0.0551,"center_lon":119.723374,"center_lat":40.485498,"max_mean_jut":53.3591,"max_ats":30.0378,"r_prominence":6250,"r_base":7500}},{"type":"Feature","geometry":{"type":"Polygon","coordinates":[[[118.814907,40.5777174],[118.8209958,40.57749],[118.8270259,40.5768102],[118.8329393,40.5756843],[118.838679,40.5741234],[118.8441898,40.5721424],[118.8494186,40.5697603],[118.8543151,40.5670002],[118.858832,40.5638886],[118.8629259,40.5604555],[118.8665573,40.5567339],[118.8696913,40.5527597],[118.8722977,40.5485712],[118.8743514,40.5442086],[118.8758327,40.5397141],[118.8767272,40.5351308],[118.8770263,40.530503],[118.8767272,40.5258752],[118.8758327,40.5212919],[118.8743514,40.5167974],[118.8722977,40.5124348],[118.8696913,40.5082463],[118.8665573,40.5042721],[118.8629259,40.5005505],[118.858832,40.4971174],[118.8543151,40.4940058],[118.8494186,40.4912457],[118.8441898,40.4888636],[118.838679,40.4868826],[118.8329393,40.4853217],[118.8270259,40.4841958],[118.8209958,40.483516],[118.814907,40.4832886],[118.8088182,40.483516],[118.8027881,40.4841958],[118.7968747,40.4853217],[118.791135,40.4868826],[118.7856242,40.4888636],[118.7803954,40.4912457],[118.7754989,40.4940058],[118.770982,40.4971174],[118.7668881,40.5005505],[118.7632567,40.5042721],[118.7601227,40.5082463],[118.7575163,40.5124348],[118.7554626,40.5167974],[118.7539813,40.5212919],[118.7530868,40.5258752],[118.7527877,40.530503],[118.7530868,40.5351308],[118.7539813,40.5397141],[118.7554626,40.5442086],[118.7575163,40.5485712],[118.7601227,40.5527597],[118.7632567,40.5567339],[118.7668881,40.5604555],[118.770982,40.5638886],[118.7754989,40.5670002],[118.7803954,40.5697603],[118.7856242,40.5721424],[118.791135,40.5741234],[118.7968747,40.5756843],[118.8027881,40.5768102],[118.8088182,40.57749],[118.814907,40.5777174]]]},"properties":{"name":"1688无名峰","peak_elev":1688,"eq_radius":5250,"layer":"等效突出半径","rank_pct":0.0591,"center_lon":118.814907,"center_lat":40.530503,"max_mean_jut":122.73,"max_ats":79.0565,"r_prominence":5250,"r_base":10000}},{"type":"Feature","geometry":{"type":"Polygon","coordinates":[[[118.793348,40.5623564],[118.7994354,40.562129],[118.8054641,40.5614492],[118.8113761,40.5603233],[118.8171146,40.5587624],[118.8226241,40.5567814],[118.8278517,40.5543993],[118.832747,40.5516392],[118.8372629,40.5485276],[118.8413558,40.5450945],[118.8449865,40.5413729],[118.8481198,40.5373987],[118.8507256,40.5332102],[118.8527788,40.5288476],[118.8542597,40.5243531],[118.855154,40.5197698],[118.855453,40.515142],[118.855154,40.5105142],[118.8542597,40.5059309],[118.8527788,40.5014364],[118.8507256,40.4970738],[118.8481198,40.4928853],[118.8449865,40.4889111],[118.8413558,40.4851895],[118.8372629,40.4817564],[118.832747,40.4786448],[118.8278517,40.4758847],[118.8226241,40.4735026],[118.8171146,40.4715216],[118.8113761,40.4699607],[118.8054641,40.4688348],[118.7994354,40.468155],[118.793348,40.4679276],[118.7872606,40.468155],[118.7812319,40.4688348],[118.7753199,40.4699607],[118.7695814,40.4715216],[118.7640719,40.4735026],[118.7588443,40.4758847],[118.753949,40.4786448],[118.7494331,40.4817564],[118.7453402,40.4851895],[118.7417095,40.4889111],[118.7385762,40.4928853],[118.7359704,40.4970738],[118.7339172,40.5014364],[118.7324363,40.5059309],[118.731542,40.5105142],[118.731243,40.515142],[118.731542,40.5197698],[118.7324363,40.5243531],[118.7339172,40.5288476],[118.7359704,40.5332102],[118.7385762,40.5373987],[118.7417095,40.5413729],[118.7453402,40.5450945],[118.7494331,40.5485276],[118.753949,40.5516392],[118.7588443,40.5543993],[118.7640719,40.5567814],[118.7695814,40.5587624],[118.7753199,40.5603233],[118.7812319,40.5614492],[118.7872606,40.562129],[118.793348,40.5623564]]]},"properties":{"name":"都山1846.3","peak_elev":1841,"eq_radius":5250,"layer":"等效突出半径","rank_pct":0.0591,"center_lon":118.793348,"center_lat":40.515142,"max_mean_jut":166.8046,"max_ats":107.1984,"r_prominence":5250,"r_base":10000}},{"type":"Feature","geometry":{"type":"Polygon","coordinates":[[[119.433667,40.1900924],[119.4394328,40.1898759],[119.445143,40.1892284],[119.4507428,40.1881562],[119.4561781,40.1866696],[119.4613966,40.1847829],[119.466348,40.1825143],[119.4709847,40.1798856],[119.475262,40.1769222],[119.4791388,40.1736525],[119.4825776,40.1701082],[119.4855454,40.1663232],[119.4880135,40.1623341],[119.4899583,40.1581793],[119.491361,40.1538988],[119.492208,40.1495338],[119.4924913,40.1451263],[119.492208,40.1407189],[119.491361,40.1363539],[119.4899583,40.1320734],[119.4880135,40.1279186],[119.4855454,40.1239295],[119.4825776,40.1201445],[119.4791388,40.1166002],[119.475262,40.1133305],[119.4709847,40.1103671],[119.466348,40.1077384],[119.4613966,40.1054698],[119.4561781,40.1035831],[119.4507428,40.1020965],[119.445143,40.1010243],[119.4394328,40.1003768],[119.433667,40.1001603],[119.4279012,40.1003768],[119.422191,40.1010243],[119.4165912,40.1020965],[119.4111559,40.1035831],[119.4059374,40.1054698],[119.400986,40.1077384],[119.3963493,40.1103671],[119.392072,40.1133305],[119.3881952,40.1166002],[119.3847564,40.1201445],[119.3817886,40.1239295],[119.3793205,40.1279186],[119.3773757,40.1320734],[119.375973,40.1363539],[119.375126,40.1407189],[119.3748427,40.1451263],[119.375126,40.1495338],[119.375973,40.1538988],[119.3773757,40.1581793],[119.3793205,40.1623341],[119.3817886,40.1663232],[119.3847564,40.1701082],[119.3881952,40.1736525],[119.392072,40.1769222],[119.3963493,40.1798856],[119.400986,40.1825143],[119.4059374,40.1847829],[119.4111559,40.1866696],[119.4165912,40.1881562],[119.422191,40.1892284],[119.4279012,40.1898759],[119.433667,40.1900924]]]},"properties":{"name":"1285无名峰","peak_elev":1285,"eq_radius":5000,"layer":"等效突出半径","rank_pct":0.0669,"center_lon":119.433667,"center_lat":40.14512634277344,"max_mean_jut":107.7588,"max_ats":62.0739,"r_prominence":5000,"r_base":10000}},{"type":"Feature","geometry":{"type":"Polygon","coordinates":[[[119.697233,40.1361008],[119.7027063,40.1358951],[119.7081269,40.13528],[119.7134427,40.1342614],[119.7186022,40.1328491],[119.723556,40.1310567],[119.7282563,40.1289015],[119.7326579,40.1264043],[119.7367182,40.123589],[119.7403983,40.1204829],[119.7436627,40.1171157],[119.74648,40.11352],[119.7488229,40.1097304],[119.7506691,40.1057833],[119.7520006,40.1017168],[119.7528047,40.0975701],[119.7530735,40.093383],[119.7528047,40.0891959],[119.7520006,40.0850492],[119.7506691,40.0809827],[119.7488229,40.0770356],[119.74648,40.073246],[119.7436627,40.0696503],[119.7403983,40.0662831],[119.7367182,40.063177],[119.7326579,40.0603617],[119.7282563,40.0578645],[119.723556,40.0557093],[119.7186022,40.0539169],[119.7134427,40.0525046],[119.7081269,40.051486],[119.7027063,40.0508709],[119.697233,40.0506652],[119.6917597,40.0508709],[119.6863391,40.051486],[119.6810233,40.0525046],[119.6758638,40.0539169],[119.67091,40.0557093],[119.6662097,40.0578645],[119.6618081,40.0603617],[119.6577478,40.063177],[119.6540677,40.0662831],[119.6508033,40.0696503],[119.647986,40.073246],[119.6456431,40.0770356],[119.6437969,40.0809827],[119.6424654,40.0850492],[119.6416613,40.0891959],[119.6413925,40.093383],[119.6416613,40.0975701],[119.6424654,40.1017168],[119.6437969,40.1057833],[119.6456431,40.1097304],[119.647986,40.11352],[119.6508033,40.1171157],[119.6540677,40.1204829],[119.6577478,40.123589],[119.6618081,40.1264043],[119.6662097,40.1289015],[119.67091,40.1310567],[119.6758638,40.1328491],[119.6810233,40.1342614],[119.6863391,40.13528],[119.6917597,40.1358951],[119.697233,40.1361008]]]},"properties":{"name":"老南山西峰830","peak_elev":830,"eq_radius":4750,"layer":"等效突出半径","rank_pct":0.0709,"center_lon":119.697233,"center_lat":40.093383,"max_mean_jut":96.147,"max_ats":66.4434,"r_prominence":4750,"r_base":5750}},{"type":"Feature","geometry":{"type":"Polygon","coordinates":[[[118.245825,40.6415805],[118.2510494,40.6413856],[118.2562236,40.6408029],[118.2612975,40.6398379],[118.2662225,40.6384999],[118.2709511,40.6368019],[118.2754376,40.6347601],[118.279639,40.6323943],[118.2835147,40.6297272],[118.2870275,40.6267846],[118.2901434,40.6235946],[118.2928325,40.6201882],[118.295069,40.616598],[118.2968312,40.6128587],[118.2981021,40.6090062],[118.2988696,40.6050777],[118.2991263,40.601111],[118.2988696,40.5971443],[118.2981021,40.5932158],[118.2968312,40.5893633],[118.295069,40.585624],[118.2928325,40.5820338],[118.2901434,40.5786274],[118.2870275,40.5754374],[118.2835147,40.5724948],[118.279639,40.5698277],[118.2754376,40.5674619],[118.2709511,40.5654201],[118.2662225,40.5637221],[118.2612975,40.5623841],[118.2562236,40.5614191],[118.2510494,40.5608364],[118.245825,40.5606415],[118.2406006,40.5608364],[118.2354264,40.5614191],[118.2303525,40.5623841],[118.2254275,40.5637221],[118.2206989,40.5654201],[118.2162124,40.5674619],[118.212011,40.5698277],[118.2081353,40.5724948],[118.2046225,40.5754374],[118.2015066,40.5786274],[118.1988175,40.5820338],[118.196581,40.585624],[118.1948188,40.5893633],[118.1935479,40.5932158],[118.1927804,40.5971443],[118.1925237,40.601111],[118.1927804,40.6050777],[118.1935479,40.6090062],[118.1948188,40.6128587],[118.196581,40.616598],[118.1988175,40.6201882],[118.2015066,40.6235946],[118.2046225,40.6267846],[118.2081353,40.6297272],[118.212011,40.6323943],[118.2162124,40.6347601],[118.2206989,40.6368019],[118.2254275,40.6384999],[118.2303525,40.6398379],[118.2354264,40.6408029],[118.2406006,40.6413856],[118.245825,40.6415805]]]},"properties":{"name":"仙台山1004.5","peak_elev":997,"eq_radius":4500,"layer":"等效突出半径","rank_pct":0.0748,"center_lon":118.245825,"center_lat":40.601111,"max_mean_jut":80.3982,"max_ats":48.1493,"r_prominence":4500,"r_base":5500}},{"type":"Feature","geometry":{"type":"Polygon","coordinates":[[[119.457652,40.1261219],[119.4622609,40.1259486],[119.4668254,40.1254307],[119.4713016,40.1245729],[119.4756463,40.1233836],[119.4798177,40.1218742],[119.4837757,40.1200593],[119.487482,40.1179564],[119.4909011,40.1155857],[119.494,40.1129699],[119.4967488,40.1101345],[119.4991212,40.1071065],[119.5010941,40.1039152],[119.5026487,40.1005914],[119.5037699,40.097167],[119.504447,40.093675],[119.5046734,40.090149],[119.504447,40.086623],[119.5037699,40.083131],[119.5026487,40.0797066],[119.5010941,40.0763828],[119.4991212,40.0731915],[119.4967488,40.0701635],[119.494,40.0673281],[119.4909011,40.0647123],[119.487482,40.0623416],[119.4837757,40.0602387],[119.4798177,40.0584238],[119.4756463,40.0569144],[119.4713016,40.0557251],[119.4668254,40.0548673],[119.4622609,40.0543494],[119.457652,40.0541761],[119.4530431,40.0543494],[119.4484786,40.0548673],[119.4440024,40.0557251],[119.4396577,40.0569144],[119.4354863,40.0584238],[119.4315283,40.0602387],[119.427822,40.0623416],[119.4244029,40.0647123],[119.421304,40.0673281],[119.4185552,40.0701635],[119.4161828,40.0731915],[119.4142099,40.0763828],[119.4126553,40.0797066],[119.4115341,40.083131],[119.410857,40.086623],[119.4106306,40.090149],[119.410857,40.093675],[119.4115341,40.097167],[119.4126553,40.1005914],[119.4142099,40.1039152],[119.4161828,40.1071065],[119.4185552,40.1101345],[119.421304,40.1129699],[119.4244029,40.1155857],[119.427822,40.1179564],[119.4315283,40.1200593],[119.4354863,40.1218742],[119.4396577,40.1233836],[119.4440024,40.1245729],[119.4484786,40.1254307],[119.4530431,40.1259486],[119.457652,40.1261219]]]},"properties":{"name":"1088无名峰(2)","peak_elev":1088,"eq_radius":4000,"layer":"等效突出半径","rank_pct":0.0787,"center_lon":119.457652,"center_lat":40.090149,"max_mean_jut":108.0584,"max_ats":58.1561,"r_prominence":4000,"r_base":4750}},{"type":"Feature","geometry":{"type":"Polygon","coordinates":[[[120.705412,40.9664059],[120.710079,40.9662326],[120.7147011,40.9657147],[120.7192337,40.9648569],[120.7236332,40.9636676],[120.7278572,40.9621582],[120.7318651,40.9603433],[120.7356182,40.9582404],[120.7390804,40.9558697],[120.7422183,40.9532539],[120.7450018,40.9504185],[120.7474041,40.9473905],[120.7494019,40.9441992],[120.750976,40.9408754],[120.7521114,40.937451],[120.752797,40.933959],[120.7530263,40.930433],[120.752797,40.926907],[120.7521114,40.923415],[120.750976,40.9199906],[120.7494019,40.9166668],[120.7474041,40.9134755],[120.7450018,40.9104475],[120.7422183,40.9076121],[120.7390804,40.9049963],[120.7356182,40.9026256],[120.7318651,40.9005227],[120.7278572,40.8987078],[120.7236332,40.8971984],[120.7192337,40.8960091],[120.7147011,40.8951513],[120.710079,40.8946334],[120.705412,40.8944601],[120.700745,40.8946334],[120.6961229,40.8951513],[120.6915903,40.8960091],[120.6871908,40.8971984],[120.6829668,40.8987078],[120.6789589,40.9005227],[120.6752058,40.9026256],[120.6717436,40.9049963],[120.6686057,40.9076121],[120.6658222,40.9104475],[120.6634199,40.9134755],[120.6614221,40.9166668],[120.659848,40.9199906],[120.6587126,40.923415],[120.658027,40.926907],[120.6577977,40.930433],[120.658027,40.933959],[120.6587126,40.937451],[120.659848,40.9408754],[120.6614221,40.9441992],[120.6634199,40.9473905],[120.6658222,40.9504185],[120.6686057,40.9532539],[120.6717436,40.9558697],[120.6752058,40.9582404],[120.6789589,40.9603433],[120.6829668,40.9621582],[120.6871908,40.9636676],[120.6915903,40.9648569],[120.6961229,40.9657147],[120.700745,40.9662326],[120.705412,40.9664059]]]},"properties":{"name":"大虹螺山玉皇顶900.8","peak_elev":892,"eq_radius":4000,"layer":"等效突出半径","rank_pct":0.0787,"center_lon":120.705412,"center_lat":40.930433,"max_mean_jut":135.2164,"max_ats":105.5125,"r_prominence":4000,"r_base":4500}},{"type":"Feature","geometry":{"type":"Polygon","coordinates":[[[118.481004,40.7357189],[118.4856548,40.7355456],[118.4902608,40.7350277],[118.4947777,40.7341699],[118.499162,40.7329806],[118.5033713,40.7314712],[118.5073653,40.7296563],[118.5111053,40.7275534],[118.5145555,40.7251827],[118.5176826,40.7225669],[118.5204564,40.7197315],[118.5228503,40.7167035],[118.5248412,40.7135122],[118.5264099,40.7101884],[118.5275413,40.706764],[118.5282245,40.703272],[118.528453,40.699746],[118.5282245,40.69622],[118.5275413,40.692728],[118.5264099,40.6893036],[118.5248412,40.6859798],[118.5228503,40.6827885],[118.5204564,40.6797605],[118.5176826,40.6769251],[118.5145555,40.6743093],[118.5111053,40.6719386],[118.5073653,40.6698357],[118.5033713,40.6680208],[118.499162,40.6665114],[118.4947777,40.6653221],[118.4902608,40.6644643],[118.4856548,40.6639464],[118.481004,40.6637731],[118.4763532,40.6639464],[118.4717472,40.6644643],[118.4672303,40.6653221],[118.462846,40.6665114],[118.4586367,40.6680208],[118.4546427,40.6698357],[118.4509027,40.6719386],[118.4474525,40.6743093],[118.4443254,40.6769251],[118.4415516,40.6797605],[118.4391577,40.6827885],[118.4371668,40.6859798],[118.4355981,40.6893036],[118.4344667,40.692728],[118.4337835,40.69622],[118.433555,40.699746],[118.4337835,40.703272],[118.4344667,40.706764],[118.4355981,40.7101884],[118.4371668,40.7135122],[118.4391577,40.7167035],[118.4415516,40.7197315],[118.4443254,40.7225669],[118.4474525,40.7251827],[118.4509027,40.7275534],[118.4546427,40.7296563],[118.4586367,40.7314712],[118.462846,40.7329806],[118.4672303,40.7341699],[118.4717472,40.7350277],[118.4763532,40.7355456],[118.481004,40.7357189]]]},"properties":{"name":"广东山1299.2","peak_elev":1296,"eq_radius":4000,"layer":"等效突出半径","rank_pct":0.0787,"center_lon":118.481004,"center_lat":40.699746,"max_mean_jut":120.5325,"max_ats":71.8883,"r_prominence":4000,"r_base":4750}},{"type":"Feature","geometry":{"type":"Polygon","coordinates":[[[119.957295,40.8313899],[119.9619525,40.8312166],[119.9665652,40.8306987],[119.9710886,40.8298409],[119.9754791,40.8286516],[119.9796945,40.8271422],[119.9836942,40.8253273],[119.9874397,40.8232244],[119.9908948,40.8208537],[119.9940264,40.8182379],[119.9968042,40.8154025],[119.9992015,40.8123745],[120.0011953,40.8091832],[120.0027662,40.8058594],[120.0038993,40.802435],[120.0045835,40.798943],[120.0048123,40.795417],[120.0045835,40.791891],[120.0038993,40.788399],[120.0027662,40.7849746],[120.0011953,40.7816508],[119.9992015,40.7784595],[119.9968042,40.7754315],[119.9940264,40.7725961],[119.9908948,40.7699803],[119.9874397,40.7676096],[119.9836942,40.7655067],[119.9796945,40.7636918],[119.9754791,40.7621824],[119.9710886,40.7609931],[119.9665652,40.7601353],[119.9619525,40.7596174],[119.957295,40.7594441],[119.9526375,40.7596174],[119.9480248,40.7601353],[119.9435014,40.7609931],[119.9391109,40.7621824],[119.9348955,40.7636918],[119.9308958,40.7655067],[119.9271503,40.7676096],[119.9236952,40.7699803],[119.9205636,40.7725961],[119.9177858,40.7754315],[119.9153885,40.7784595],[119.9133947,40.7816508],[119.9118238,40.7849746],[119.9106907,40.788399],[119.9100065,40.791891],[119.9097777,40.795417],[119.9100065,40.798943],[119.9106907,40.802435],[119.9118238,40.8058594],[119.9133947,40.8091832],[119.9153885,40.8123745],[119.9177858,40.8154025],[119.9205636,40.8182379],[119.9236952,40.8208537],[119.9271503,40.8232244],[119.9308958,40.8253273],[119.9348955,40.8271422],[119.9391109,40.8286516],[119.9435014,40.8298409],[119.9480248,40.8306987],[119.9526375,40.8312166],[119.957295,40.8313899]]]},"properties":{"name":"黑山1140","peak_elev":1138,"eq_radius":4000,"layer":"等效突出半径","rank_pct":0.0787,"center_lon":119.957295,"center_lat":40.795417,"max_mean_jut":126.7871,"max_ats":79.9703,"r_prominence":4000,"r_base":5000}},{"type":"Feature","geometry":{"type":"Polygon","coordinates":[[[119.722161,40.1315973],[119.7261944,40.1314457],[119.7301889,40.1309924],[119.7341061,40.1302419],[119.7379083,40.1292013],[119.7415589,40.1278806],[119.7450226,40.1262926],[119.7482661,40.1244525],[119.7512583,40.1223781],[119.7539702,40.1200893],[119.7563758,40.1176083],[119.7584518,40.1149588],[119.7601784,40.1121664],[119.7615388,40.1092581],[119.7625201,40.1062617],[119.7631126,40.1032062],[119.7633107,40.100121],[119.7631126,40.0970358],[119.7625201,40.0939803],[119.7615388,40.0909839],[119.7601784,40.0880756],[119.7584518,40.0852832],[119.7563758,40.0826337],[119.7539702,40.0801527],[119.7512583,40.0778639],[119.7482661,40.0757895],[119.7450226,40.0739494],[119.7415589,40.0723614],[119.7379083,40.0710407],[119.7341061,40.0700001],[119.7301889,40.0692496],[119.7261944,40.0687963],[119.722161,40.0686447],[119.7181276,40.0687963],[119.7141331,40.0692496],[119.7102159,40.0700001],[119.7064137,40.0710407],[119.7027631,40.0723614],[119.6992994,40.0739494],[119.6960559,40.0757895],[119.6930637,40.0778639],[119.6903518,40.0801527],[119.6879462,40.0826337],[119.6858702,40.0852832],[119.6841436,40.0880756],[119.6827832,40.0909839],[119.6818019,40.0939803],[119.6812094,40.0970358],[119.6810113,40.100121],[119.6812094,40.1032062],[119.6818019,40.1062617],[119.6827832,40.1092581],[119.6841436,40.1121664],[119.6858702,40.1149588],[119.6879462,40.1176083],[119.6903518,40.1200893],[119.6930637,40.1223781],[119.6960559,40.1244525],[119.6992994,40.1262926],[119.7027631,40.1278806],[119.7064137,40.1292013],[119.7102159,40.1302419],[119.7141331,40.1309924],[119.7181276,40.1314457],[119.722161,40.1315973]]]},"properties":{"name":"塔山889","peak_elev":889,"eq_radius":3500,"layer":"等效突出半径","rank_pct":0.0945,"center_lon":119.722161,"center_lat":40.100121,"max_mean_jut":122.8325,"max_ats":78.9888,"r_prominence":3500,"r_base":6500}},{"type":"Feature","geometry":{"type":"Polygon","coordinates":[[[118.240884,40.6263897],[118.2449471,40.6262382],[118.248971,40.6257849],[118.2529171,40.6250344],[118.2567473,40.6239938],[118.2604247,40.6226731],[118.2639139,40.621085],[118.2671813,40.619245],[118.2701955,40.6171706],[118.2729274,40.6148818],[118.2753507,40.6124008],[118.277442,40.6097513],[118.2791813,40.6069589],[118.2805518,40.6040506],[118.2815402,40.6010542],[118.2821371,40.5979987],[118.2823367,40.5949135],[118.2821371,40.5918283],[118.2815402,40.5887728],[118.2805518,40.5857764],[118.2791813,40.582868],[118.277442,40.5800757],[118.2753507,40.5774262],[118.2729274,40.5749452],[118.2701955,40.5726564],[118.2671813,40.570582],[118.2639139,40.5687419],[118.2604247,40.5671539],[118.2567473,40.5658332],[118.2529171,40.5647926],[118.248971,40.564042],[118.2449471,40.5635888],[118.240884,40.5634372],[118.2368209,40.5635888],[118.232797,40.564042],[118.2288509,40.5647926],[118.2250207,40.5658332],[118.2213433,40.5671539],[118.2178541,40.5687419],[118.2145867,40.570582],[118.2115725,40.5726564],[118.2088406,40.5749452],[118.2064173,40.5774262],[118.204326,40.5800757],[118.2025867,40.582868],[118.2012162,40.5857764],[118.2002278,40.5887728],[118.1996309,40.5918283],[118.1994313,40.5949135],[118.1996309,40.5979987],[118.2002278,40.6010542],[118.2012162,40.6040506],[118.2025867,40.6069589],[118.204326,40.6097513],[118.2064173,40.6124008],[118.2088406,40.6148818],[118.2115725,40.6171706],[118.2145867,40.619245],[118.2178541,40.621085],[118.2213433,40.6226731],[118.2250207,40.6239938],[118.2288509,40.6250344],[118.232797,40.6257849],[118.2368209,40.6262382],[118.240884,40.6263897]]]},"properties":{"name":"兴隆北大山1043","peak_elev":1054,"eq_radius":3500,"layer":"等效突出半径","rank_pct":0.0945,"center_lon":118.240884,"center_lat":40.594913482666016,"max_mean_jut":113.31,"max_ats":68.1155,"r_prominence":3500,"r_base":4750}},{"type":"Feature","geometry":{"type":"Polygon","coordinates":[[[119.398363,40.145519],[119.4021092,40.1453783],[119.4058193,40.1449574],[119.4094576,40.1442605],[119.412989,40.1432942],[119.4163796,40.1420678],[119.4195966,40.1405932],[119.4226092,40.1388846],[119.4253883,40.1369583],[119.4279071,40.1348331],[119.4301414,40.1325292],[119.4320696,40.130069],[119.4336733,40.1274761],[119.4349368,40.1247755],[119.4358482,40.1219931],[119.4363985,40.1191559],[119.4365826,40.116291],[119.4363985,40.1134262],[119.4358482,40.110589],[119.4349368,40.1078066],[119.4336733,40.105106],[119.4320696,40.1025131],[119.4301414,40.1000529],[119.4279071,40.097749],[119.4253883,40.0956238],[119.4226092,40.0936975],[119.4195966,40.0919889],[119.4163796,40.0905143],[119.412989,40.0892879],[119.4094576,40.0883216],[119.4058193,40.0876247],[119.4021092,40.0872038],[119.398363,40.0870631],[119.3946168,40.0872038],[119.3909067,40.0876247],[119.3872684,40.0883216],[119.383737,40.0892879],[119.3803464,40.0905143],[119.3771294,40.0919889],[119.3741168,40.0936975],[119.3713377,40.0956238],[119.3688189,40.097749],[119.3665846,40.1000529],[119.3646564,40.1025131],[119.3630527,40.105106],[119.3617892,40.1078066],[119.3608778,40.110589],[119.3603275,40.1134262],[119.3601434,40.116291],[119.3603275,40.1191559],[119.3608778,40.1219931],[119.3617892,40.1247755],[119.3630527,40.1274761],[119.3646564,40.130069],[119.3665846,40.1325292],[119.3688189,40.1348331],[119.3713377,40.1369583],[119.3741168,40.1388846],[119.3771294,40.1405932],[119.3803464,40.1420678],[119.383737,40.1432942],[119.3872684,40.1442605],[119.3909067,40.1449574],[119.3946168,40.1453783],[119.398363,40.145519]]]},"properties":{"name":"1266无名峰","peak_elev":1266,"eq_radius":3250,"layer":"等效突出半径","rank_pct":0.1024,"center_lon":119.398363,"center_lat":40.11629104614258,"max_mean_jut":93.762,"max_ats":58.9072,"r_prominence":3250,"r_base":10000}},{"type":"Feature","geometry":{"type":"Polygon","coordinates":[[[118.104248,41.1105764],[118.1080487,41.1104356],[118.1118127,41.1100148],[118.1155039,41.1093178],[118.1190867,41.1083515],[118.1225266,41.1071252],[118.1257905,41.1056506],[118.1288468,41.1039419],[118.1316663,41.1020157],[118.1342218,41.0998904],[118.1364885,41.0975866],[118.1384448,41.0951264],[118.1400718,41.0925335],[118.1413537,41.0898328],[118.1422783,41.0870505],[118.1428366,41.0842133],[118.1430234,41.0813484],[118.1428366,41.0784836],[118.1422783,41.0756463],[118.1413537,41.072864],[118.1400718,41.0701634],[118.1384448,41.0675705],[118.1364885,41.0651102],[118.1342218,41.0628064],[118.1316663,41.0606811],[118.1288468,41.0587549],[118.1257905,41.0570463],[118.1225266,41.0555717],[118.1190867,41.0543453],[118.1155039,41.053379],[118.1118127,41.0526821],[118.1080487,41.0522612],[118.104248,41.0521205],[118.1004474,41.0522612],[118.0966834,41.0526821],[118.0929922,41.053379],[118.0894094,41.0543453],[118.0859695,41.0555717],[118.0827056,41.0570463],[118.0796492,41.0587549],[118.0768298,41.0606811],[118.0742743,41.0628064],[118.0720076,41.0651102],[118.0700513,41.0675705],[118.0684243,41.0701634],[118.0671424,41.072864],[118.0662178,41.0756463],[118.0656594,41.0784836],[118.0654727,41.0813484],[118.0656594,41.0842133],[118.0662178,41.0870505],[118.0671424,41.0898328],[118.0684243,41.0925335],[118.0700513,41.0951264],[118.0720076,41.0975866],[118.0742743,41.0998904],[118.0768298,41.1020157],[118.0796492,41.1039419],[118.0827056,41.1056506],[118.0859695,41.1071252],[118.0894094,41.1083515],[118.0929922,41.1093178],[118.0966834,41.1100148],[118.1004474,41.1104356],[118.104248,41.1105764]]]},"properties":{"name":"1274无名峰","peak_elev":1274,"eq_radius":3250,"layer":"等效突出半径","rank_pct":0.1024,"center_lon":118.104248046875,"center_lat":41.08134841918945,"max_mean_jut":133.8039,"max_ats":99.1683,"r_prominence":3250,"r_base":3750}},{"type":"Feature","geometry":{"type":"Polygon","coordinates":[[[119.703701,40.1255758],[119.7074461,40.125435],[119.7111551,40.1250142],[119.7147923,40.1243172],[119.7183227,40.1233509],[119.7217123,40.1221246],[119.7249284,40.12065],[119.7279401,40.1189413],[119.7307184,40.1170151],[119.7332365,40.1148898],[119.7354701,40.112586],[119.7373978,40.1101258],[119.7390009,40.1075329],[119.7402641,40.1048322],[119.7411752,40.1020499],[119.7417254,40.0992126],[119.7419093,40.0963478],[119.7417254,40.093483],[119.7411752,40.0906457],[119.7402641,40.0878634],[119.7390009,40.0851628],[119.7373978,40.0825698],[119.7354701,40.0801096],[119.7332365,40.0778058],[119.7307184,40.0756805],[119.7279401,40.0737543],[119.7249284,40.0720457],[119.7217123,40.0705711],[119.7183227,40.0693447],[119.7147923,40.0683784],[119.7111551,40.0676815],[119.7074461,40.0672606],[119.703701,40.0671199],[119.6999559,40.0672606],[119.6962469,40.0676815],[119.6926097,40.0683784],[119.6890793,40.0693447],[119.6856897,40.0705711],[119.6824736,40.0720457],[119.6794619,40.0737543],[119.6766836,40.0756805],[119.6741655,40.0778058],[119.6719319,40.0801096],[119.6700042,40.0825698],[119.6684011,40.0851628],[119.6671379,40.0878634],[119.6662268,40.0906457],[119.6656766,40.093483],[119.6654927,40.0963478],[119.6656766,40.0992126],[119.6662268,40.1020499],[119.6671379,40.1048322],[119.6684011,40.1075329],[119.6700042,40.1101258],[119.6719319,40.112586],[119.6741655,40.1148898],[119.6766836,40.1170151],[119.6794619,40.1189413],[119.6824736,40.12065],[119.6856897,40.1221246],[119.6890793,40.1233509],[119.6926097,40.1243172],[119.6962469,40.1250142],[119.6999559,40.125435],[119.703701,40.1255758]]]},"properties":{"name":"大峪顶923","peak_elev":923,"eq_radius":3250,"layer":"等效突出半径","rank_pct":0.1024,"center_lon":119.703701,"center_lat":40.09634780883789,"max_mean_jut":126.416,"max_ats":90.0518,"r_prominence":3250,"r_base":5500}},{"type":"Feature","geometry":{"type":"Polygon","coordinates":[[[118.058706,40.791497],[118.0624883,40.7913562],[118.0662343,40.7909353],[118.0699077,40.7902384],[118.0734732,40.7892721],[118.0768965,40.7880458],[118.0801447,40.7865712],[118.0831863,40.7848625],[118.0859922,40.7829363],[118.0885354,40.780811],[118.0907912,40.7785072],[118.0927381,40.776047],[118.0943572,40.7734541],[118.095633,40.7707534],[118.0965531,40.7679711],[118.0971088,40.7651338],[118.0972946,40.762269],[118.0971088,40.7594042],[118.0965531,40.7565669],[118.095633,40.7537846],[118.0943572,40.7510839],[118.0927381,40.748491],[118.0907912,40.7460308],[118.0885354,40.743727],[118.0859922,40.7416017],[118.0831863,40.7396755],[118.0801447,40.7379668],[118.0768965,40.7364922],[118.0734732,40.7352659],[118.0699077,40.7342996],[118.0662343,40.7336027],[118.0624883,40.7331818],[118.058706,40.733041],[118.0549237,40.7331818],[118.0511777,40.7336027],[118.0475043,40.7342996],[118.0439388,40.7352659],[118.0405155,40.7364922],[118.0372673,40.7379668],[118.0342257,40.7396755],[118.0314198,40.7416017],[118.0288766,40.743727],[118.0266208,40.7460308],[118.0246739,40.748491],[118.0230548,40.7510839],[118.021779,40.7537846],[118.0208589,40.7565669],[118.0203032,40.7594042],[118.0201174,40.762269],[118.0203032,40.7651338],[118.0208589,40.7679711],[118.021779,40.7707534],[118.0230548,40.7734541],[118.0246739,40.776047],[118.0266208,40.7785072],[118.0288766,40.780811],[118.0314198,40.7829363],[118.0342257,40.7848625],[118.0372673,40.7865712],[118.0405155,40.7880458],[118.0439388,40.7892721],[118.0475043,40.7902384],[118.0511777,40.7909353],[118.0549237,40.7913562],[118.058706,40.791497]]]},"properties":{"name":"月牙山977","peak_elev":977,"eq_radius":3250,"layer":"等效突出半径","rank_pct":0.1024,"center_lon":118.058706,"center_lat":40.762269,"max_mean_jut":79.0823,"max_ats":47.6001,"r_prominence":3250,"r_base":4750}},{"type":"Feature","geometry":{"type":"Polygon","coordinates":[[[118.748881,40.5079877],[118.7526473,40.507847],[118.7563774,40.5074261],[118.7600352,40.5067292],[118.7635857,40.5057629],[118.7669945,40.5045365],[118.7702289,40.5030619],[118.7732576,40.5013533],[118.7760517,40.499427],[118.778584,40.4973018],[118.7808303,40.4949979],[118.7827689,40.4925377],[118.7843812,40.4899448],[118.7856516,40.4872442],[118.7865678,40.4844619],[118.7871211,40.4816246],[118.7873061,40.4787598],[118.7871211,40.4758949],[118.7865678,40.4730577],[118.7856516,40.4702753],[118.7843812,40.4675747],[118.7827689,40.4649818],[118.7808303,40.4625216],[118.778584,40.4602177],[118.7760517,40.4580925],[118.7732576,40.4561663],[118.7702289,40.4544576],[118.7669945,40.452983],[118.7635857,40.4517567],[118.7600352,40.4507904],[118.7563774,40.4500934],[118.7526473,40.4496726],[118.748881,40.4495318],[118.7451147,40.4496726],[118.7413846,40.4500934],[118.7377268,40.4507904],[118.7341763,40.4517567],[118.7307675,40.452983],[118.7275331,40.4544576],[118.7245044,40.4561663],[118.7217103,40.4580925],[118.719178,40.4602177],[118.7169317,40.4625216],[118.7149931,40.4649818],[118.7133808,40.4675747],[118.7121104,40.4702753],[118.7111942,40.4730577],[118.7106409,40.4758949],[118.7104559,40.4787598],[118.7106409,40.4816246],[118.7111942,40.4844619],[118.7121104,40.4872442],[118.7133808,40.4899448],[118.7149931,40.4925377],[118.7169317,40.4949979],[118.719178,40.4973018],[118.7217103,40.499427],[118.7245044,40.5013533],[118.7275331,40.5030619],[118.7307675,40.5045365],[118.7341763,40.5057629],[118.7377268,40.5067292],[118.7413846,40.5074261],[118.7451147,40.507847],[118.748881,40.5079877]]]},"properties":{"name":"柞子岭1401","peak_elev":1407,"eq_radius":3250,"layer":"等效突出半径","rank_pct":0.1024,"center_lon":118.748881,"center_lat":40.478759765625,"max_mean_jut":100.9889,"max_ats":52.4149,"r_prominence":3250,"r_base":9000}},{"type":"Feature","geometry":{"type":"Polygon","coordinates":[[[118.095087,41.10977],[118.0988876,41.1096292],[118.1026516,41.1092083],[118.1063427,41.1085114],[118.1099255,41.1075451],[118.1133653,41.1063188],[118.1166291,41.1048442],[118.1196855,41.1031355],[118.1225049,41.1012093],[118.1250604,41.099084],[118.1273271,41.0967802],[118.1292834,41.09432],[118.1309103,41.0917271],[118.1321922,41.0890264],[118.1331168,41.0862441],[118.1336751,41.0834068],[118.1338618,41.080542],[118.1336751,41.0776772],[118.1331168,41.0748399],[118.1321922,41.0720576],[118.1309103,41.0693569],[118.1292834,41.066764],[118.1273271,41.0643038],[118.1250604,41.062],[118.1225049,41.0598747],[118.1196855,41.0579485],[118.1166291,41.0562398],[118.1133653,41.0547652],[118.1099255,41.0535389],[118.1063427,41.0525726],[118.1026516,41.0518757],[118.0988876,41.0514548],[118.095087,41.051314],[118.0912864,41.0514548],[118.0875224,41.0518757],[118.0838313,41.0525726],[118.0802485,41.0535389],[118.0768087,41.0547652],[118.0735449,41.0562398],[118.0704885,41.0579485],[118.0676691,41.0598747],[118.0651136,41.062],[118.0628469,41.0643038],[118.0608906,41.066764],[118.0592637,41.0693569],[118.0579818,41.0720576],[118.0570572,41.0748399],[118.0564989,41.0776772],[118.0563122,41.080542],[118.0564989,41.0834068],[118.0570572,41.0862441],[118.0579818,41.0890264],[118.0592637,41.0917271],[118.0608906,41.09432],[118.0628469,41.0967802],[118.0651136,41.099084],[118.0676691,41.1012093],[118.0704885,41.1031355],[118.0735449,41.1048442],[118.0768087,41.1063188],[118.0802485,41.1075451],[118.0838313,41.1085114],[118.0875224,41.1092083],[118.0912864,41.1096292],[118.095087,41.10977]]]},"properties":{"name":"黑山1275.8","peak_elev":1274,"eq_radius":3250,"layer":"等效突出半径","rank_pct":0.1024,"center_lon":118.095087,"center_lat":41.080542,"max_mean_jut":128.8858,"max_ats":93.538,"r_prominence":3250,"r_base":3750}},{"type":"Feature","geometry":{"type":"Polygon","coordinates":[[[118.314187,40.8280556],[118.3176804,40.8279257],[118.3211402,40.8275372],[118.324533,40.8268939],[118.3278262,40.8260019],[118.3309881,40.8248699],[118.3339881,40.8235088],[118.3367974,40.8219316],[118.339389,40.8201535],[118.3417379,40.8181917],[118.3438214,40.8160651],[118.3456196,40.8137941],[118.347115,40.8114007],[118.3482933,40.8089078],[118.3491432,40.8063395],[118.3496564,40.8037205],[118.349828,40.801076],[118.3496564,40.7984315],[118.3491432,40.7958125],[118.3482933,40.7932442],[118.347115,40.7907513],[118.3456196,40.7883579],[118.3438214,40.7860869],[118.3417379,40.7839603],[118.339389,40.7819985],[118.3367974,40.7802204],[118.3339881,40.7786432],[118.3309881,40.7772821],[118.3278262,40.7761501],[118.324533,40.7752581],[118.3211402,40.7746148],[118.3176804,40.7742263],[118.314187,40.7740964],[118.3106936,40.7742263],[118.3072338,40.7746148],[118.303841,40.7752581],[118.3005478,40.7761501],[118.2973859,40.7772821],[118.2943859,40.7786432],[118.2915766,40.7802204],[118.288985,40.7819985],[118.2866361,40.7839603],[118.2845526,40.7860869],[118.2827544,40.7883579],[118.281259,40.7907513],[118.2800807,40.7932442],[118.2792308,40.7958125],[118.2787176,40.7984315],[118.278546,40.801076],[118.2787176,40.8037205],[118.2792308,40.8063395],[118.2800807,40.8089078],[118.281259,40.8114007],[118.2827544,40.8137941],[118.2845526,40.8160651],[118.2866361,40.8181917],[118.288985,40.8201535],[118.2915766,40.8219316],[118.2943859,40.8235088],[118.2973859,40.8248699],[118.3005478,40.8260019],[118.303841,40.8268939],[118.3072338,40.8275372],[118.3106936,40.8279257],[118.314187,40.8280556]]]},"properties":{"name":"1220无名峰(2)","peak_elev":1220,"eq_radius":3000,"layer":"等效突出半径","rank_pct":0.126,"center_lon":118.314187,"center_lat":40.801076,"max_mean_jut":152.7316,"max_ats":93.5166,"r_prominence":3000,"r_base":3250}},{"type":"Feature","geometry":{"type":"Polygon","coordinates":[[[119.272509,40.5246046],[119.2759866,40.5244747],[119.2794307,40.5240862],[119.2828081,40.5234429],[119.2860864,40.5225509],[119.2892338,40.5214189],[119.2922203,40.5200578],[119.2950168,40.5184806],[119.2975967,40.5167025],[119.2999349,40.5147407],[119.302009,40.5126141],[119.303799,40.5103431],[119.3052876,40.5079497],[119.3064606,40.5054568],[119.3073066,40.5028885],[119.3078175,40.5002695],[119.3079883,40.497625],[119.3078175,40.4949805],[119.3073066,40.4923615],[119.3064606,40.4897932],[119.3052876,40.4873003],[119.303799,40.4849069],[119.302009,40.4826359],[119.2999349,40.4805093],[119.2975967,40.4785475],[119.2950168,40.4767694],[119.2922203,40.4751922],[119.2892338,40.4738311],[119.2860864,40.4726991],[119.2828081,40.4718071],[119.2794307,40.4711638],[119.2759866,40.4707753],[119.272509,40.4706454],[119.2690314,40.4707753],[119.2655873,40.4711638],[119.2622099,40.4718071],[119.2589316,40.4726991],[119.2557842,40.4738311],[119.2527977,40.4751922],[119.2500012,40.4767694],[119.2474213,40.4785475],[119.2450831,40.4805093],[119.243009,40.4826359],[119.241219,40.4849069],[119.2397304,40.4873003],[119.2385574,40.4897932],[119.2377114,40.4923615],[119.2372005,40.4949805],[119.2370297,40.497625],[119.2372005,40.5002695],[119.2377114,40.5028885],[119.2385574,40.5054568],[119.2397304,40.5079497],[119.241219,40.5103431],[119.243009,40.5126141],[119.2450831,40.5147407],[119.2474213,40.5167025],[119.2500012,40.5184806],[119.2527977,40.5200578],[119.2557842,40.5214189],[119.2589316,40.5225509],[119.2622099,40.5234429],[119.2655873,40.5240862],[119.2690314,40.5244747],[119.272509,40.5246046]]]},"properties":{"name":"寿桃山978","peak_elev":967,"eq_radius":3000,"layer":"等效突出半径","rank_pct":0.126,"center_lon":119.272509,"center_lat":40.497625,"max_mean_jut":114.8764,"max_ats":75.2209,"r_prominence":3000,"r_base":3500}},{"type":"Feature","geometry":{"type":"Polygon","coordinates":[[[118.063422,40.5836241],[118.0669026,40.5834942],[118.0703498,40.5831057],[118.0737302,40.5824624],[118.0770113,40.5815704],[118.0801616,40.5804384],[118.0831506,40.5790772],[118.0859497,40.5775],[118.0885318,40.5757219],[118.0908721,40.5737601],[118.092948,40.5716335],[118.0947395,40.5693626],[118.0962295,40.5669691],[118.0974035,40.5644762],[118.0982503,40.5619079],[118.0987616,40.5592889],[118.0989326,40.5566444],[118.0987616,40.554],[118.0982503,40.551381],[118.0974035,40.5488127],[118.0962295,40.5463198],[118.0947395,40.5439263],[118.092948,40.5416554],[118.0908721,40.5395287],[118.0885318,40.5375669],[118.0859497,40.5357889],[118.0831506,40.5342117],[118.0801616,40.5328505],[118.0770113,40.5317185],[118.0737302,40.5308265],[118.0703498,40.5301832],[118.0669026,40.5297947],[118.063422,40.5296648],[118.0599414,40.5297947],[118.0564942,40.5301832],[118.0531138,40.5308265],[118.0498327,40.5317185],[118.0466824,40.5328505],[118.0436934,40.5342117],[118.0408943,40.5357889],[118.0383122,40.5375669],[118.0359719,40.5395287],[118.033896,40.5416554],[118.0321045,40.5439263],[118.0306145,40.5463198],[118.0294405,40.5488127],[118.0285937,40.551381],[118.0280824,40.554],[118.0279114,40.5566444],[118.0280824,40.5592889],[118.0285937,40.5619079],[118.0294405,40.5644762],[118.0306145,40.5669691],[118.0321045,40.5693626],[118.033896,40.5716335],[118.0359719,40.5737601],[118.0383122,40.5757219],[118.0408943,40.5775],[118.0436934,40.5790772],[118.0466824,40.5804384],[118.0498327,40.5815704],[118.0531138,40.5824624],[118.0564942,40.5831057],[118.0599414,40.5834942],[118.063422,40.5836241]]]},"properties":{"name":"月牙山1257.9","peak_elev":1249,"eq_radius":3000,"layer":"等效突出半径","rank_pct":0.126,"center_lon":118.063422,"center_lat":40.55664443969727,"max_mean_jut":137.9668,"max_ats":77.9442,"r_prominence":3000,"r_base":3250}},{"type":"Feature","geometry":{"type":"Polygon","coordinates":[[[118.306641,40.8272466],[118.3101344,40.8271167],[118.3135941,40.8267282],[118.3169869,40.8260849],[118.3202801,40.8251929],[118.3234419,40.8240609],[118.3264419,40.8226998],[118.3292512,40.8211226],[118.3318427,40.8193445],[118.3341916,40.8173827],[118.3362751,40.8152561],[118.3380732,40.8129851],[118.3395686,40.8105917],[118.3407469,40.8080988],[118.3415968,40.8055305],[118.34211,40.8029115],[118.3422816,40.800267],[118.34211,40.7976225],[118.3415968,40.7950035],[118.3407469,40.7924352],[118.3395686,40.7899423],[118.3380732,40.7875489],[118.3362751,40.7852779],[118.3341916,40.7831513],[118.3318427,40.7811895],[118.3292512,40.7794114],[118.3264419,40.7778342],[118.3234419,40.7764731],[118.3202801,40.7753411],[118.3169869,40.7744491],[118.3135941,40.7738058],[118.3101344,40.7734173],[118.306641,40.7732874],[118.3031476,40.7734173],[118.2996879,40.7738058],[118.2962951,40.7744491],[118.2930019,40.7753411],[118.2898401,40.7764731],[118.2868401,40.7778342],[118.2840308,40.7794114],[118.2814393,40.7811895],[118.2790904,40.7831513],[118.2770069,40.7852779],[118.2752088,40.7875489],[118.2737134,40.7899423],[118.2725351,40.7924352],[118.2716852,40.7950035],[118.271172,40.7976225],[118.2710004,40.800267],[118.271172,40.8029115],[118.2716852,40.8055305],[118.2725351,40.8080988],[118.2737134,40.8105917],[118.2752088,40.8129851],[118.2770069,40.8152561],[118.2790904,40.8173827],[118.2814393,40.8193445],[118.2840308,40.8211226],[118.2868401,40.8226998],[118.2898401,40.8240609],[118.2930019,40.8251929],[118.2962951,40.8260849],[118.2996879,40.8267282],[118.3031476,40.8271167],[118.306641,40.8272466]]]},"properties":{"name":"甲山1255.5","peak_elev":1246,"eq_radius":3000,"layer":"等效突出半径","rank_pct":0.126,"center_lon":118.306641,"center_lat":40.800267,"max_mean_jut":171.0359,"max_ats":109.1658,"r_prominence":3000,"r_base":3250}},{"type":"Feature","geometry":{"type":"Polygon","coordinates":[[[118.858027,40.5529016],[118.8615061,40.5527717],[118.8649516,40.5523832],[118.8683305,40.5517399],[118.8716101,40.5508479],[118.8747589,40.5497159],[118.8777466,40.5483548],[118.8805443,40.5467776],[118.8831253,40.5449995],[118.8854645,40.5430377],[118.8875394,40.5409111],[118.8893302,40.5386401],[118.8908195,40.5362467],[118.8919929,40.5337538],[118.8928393,40.5311855],[118.8933504,40.5285665],[118.8935213,40.525922],[118.8933504,40.5232775],[118.8928393,40.5206585],[118.8919929,40.5180902],[118.8908195,40.5155973],[118.8893302,40.5132039],[118.8875394,40.5109329],[118.8854645,40.5088063],[118.8831253,40.5068445],[118.8805443,40.5050664],[118.8777466,40.5034892],[118.8747589,40.5021281],[118.8716101,40.5009961],[118.8683305,40.5001041],[118.8649516,40.4994608],[118.8615061,40.4990723],[118.858027,40.4989424],[118.8545479,40.4990723],[118.8511024,40.4994608],[118.8477235,40.5001041],[118.8444439,40.5009961],[118.8412951,40.5021281],[118.8383074,40.5034892],[118.8355097,40.5050664],[118.8329287,40.5068445],[118.8305895,40.5088063],[118.8285146,40.5109329],[118.8267238,40.5132039],[118.8252345,40.5155973],[118.8240611,40.5180902],[118.8232147,40.5206585],[118.8227036,40.5232775],[118.8225327,40.525922],[118.8227036,40.5285665],[118.8232147,40.5311855],[118.8240611,40.5337538],[118.8252345,40.5362467],[118.8267238,40.5386401],[118.8285146,40.5409111],[118.8305895,40.5430377],[118.8329287,40.5449995],[118.8355097,40.5467776],[118.8383074,40.5483548],[118.8412951,40.5497159],[118.8444439,40.5508479],[118.8477235,40.5517399],[118.8511024,40.5523832],[118.8545479,40.5527717],[118.858027,40.5529016]]]},"properties":{"name":"芹菜顶1497.3","peak_elev":1497,"eq_radius":3000,"layer":"等效突出半径","rank_pct":0.126,"center_lon":118.858027,"center_lat":40.525922,"max_mean_jut":99.657,"max_ats":55.9711,"r_prominence":3000,"r_base":7250}},{"type":"Feature","geometry":{"type":"Polygon","coordinates":[[[119.584584,40.3008323],[119.5877613,40.3007133],[119.590908,40.3003571],[119.5939938,40.2997674],[119.596989,40.2989498],[119.5998648,40.2979121],[119.6025933,40.2966644],[119.6051484,40.2952186],[119.6075055,40.2935887],[119.6096419,40.2917904],[119.6115369,40.289841],[119.6131723,40.2877593],[119.6145324,40.2855653],[119.6156041,40.2832801],[119.6163771,40.2809258],[119.6168438,40.2785251],[119.6169999,40.276101],[119.6168438,40.2736769],[119.6163771,40.2712762],[119.6156041,40.2689219],[119.6145324,40.2666367],[119.6131723,40.2644427],[119.6115369,40.262361],[119.6096419,40.2604116],[119.6075055,40.2586133],[119.6051484,40.2569834],[119.6025933,40.2555376],[119.5998648,40.2542899],[119.596989,40.2532522],[119.5939938,40.2524346],[119.590908,40.2518449],[119.5877613,40.2514887],[119.584584,40.2513697],[119.5814067,40.2514887],[119.57826,40.2518449],[119.5751742,40.2524346],[119.572179,40.2532522],[119.5693032,40.2542899],[119.5665747,40.2555376],[119.5640196,40.2569834],[119.5616625,40.2586133],[119.5595261,40.2604116],[119.5576311,40.262361],[119.5559957,40.2644427],[119.5546356,40.2666367],[119.5535639,40.2689219],[119.5527909,40.2712762],[119.5523242,40.2736769],[119.5521681,40.276101],[119.5523242,40.2785251],[119.5527909,40.2809258],[119.5535639,40.2832801],[119.5546356,40.2855653],[119.5559957,40.2877593],[119.5576311,40.289841],[119.5595261,40.2917904],[119.5616625,40.2935887],[119.5640196,40.2952186],[119.5665747,40.2966644],[119.5693032,40.2979121],[119.572179,40.2989498],[119.5751742,40.2997674],[119.57826,40.3003571],[119.5814067,40.3007133],[119.584584,40.3008323]]]},"properties":{"name":"1081无名峰","peak_elev":1081,"eq_radius":2750,"layer":"等效突出半径","rank_pct":0.1457,"center_lon":119.584584,"center_lat":40.276101,"max_mean_jut":88.8777,"max_ats":43.6828,"r_prominence":2750,"r_base":2750}},{"type":"Feature","geometry":{"type":"Polygon","coordinates":[[[118.081613,41.1120103],[118.0848292,41.1118913],[118.0880145,41.1115351],[118.0911381,41.1109454],[118.0941699,41.1101278],[118.0970809,41.1090901],[118.0998428,41.1078424],[118.1024292,41.1063966],[118.1048152,41.1047667],[118.1069777,41.1029684],[118.1088959,41.101019],[118.1105513,41.0989373],[118.1119281,41.0967433],[118.1130129,41.0944581],[118.1137954,41.0921038],[118.1142678,41.0897031],[118.1144258,41.087279],[118.1142678,41.0848549],[118.1137954,41.0824542],[118.1130129,41.0800999],[118.1119281,41.0778147],[118.1105513,41.0756207],[118.1088959,41.073539],[118.1069777,41.0715896],[118.1048152,41.0697913],[118.1024292,41.0681614],[118.0998428,41.0667156],[118.0970809,41.0654679],[118.0941699,41.0644302],[118.0911381,41.0636126],[118.0880145,41.0630229],[118.0848292,41.0626667],[118.081613,41.0625477],[118.0783968,41.0626667],[118.0752115,41.0630229],[118.0720879,41.0636126],[118.0690561,41.0644302],[118.0661451,41.0654679],[118.0633832,41.0667156],[118.0607968,41.0681614],[118.0584108,41.0697913],[118.0562483,41.0715896],[118.0543301,41.073539],[118.0526747,41.0756207],[118.0512979,41.0778147],[118.0502131,41.0800999],[118.0494306,41.0824542],[118.0489582,41.0848549],[118.0488002,41.087279],[118.0489582,41.0897031],[118.0494306,41.0921038],[118.0502131,41.0944581],[118.0512979,41.0967433],[118.0526747,41.0989373],[118.0543301,41.101019],[118.0562483,41.1029684],[118.0584108,41.1047667],[118.0607968,41.1063966],[118.0633832,41.1078424],[118.0661451,41.1090901],[118.0690561,41.1101278],[118.0720879,41.1109454],[118.0752115,41.1115351],[118.0783968,41.1118913],[118.081613,41.1120103]]]},"properties":{"name":"1123无名峰(1)","peak_elev":1123,"eq_radius":2750,"layer":"等效突出半径","rank_pct":0.1457,"center_lon":118.081613,"center_lat":41.087279,"max_mean_jut":88.1691,"max_ats":53.2795,"r_prominence":2750,"r_base":3250}},{"type":"Feature","geometry":{"type":"Polygon","coordinates":[[[118.095357,40.6037433],[118.0985487,40.6036243],[118.1017096,40.6032681],[118.1048093,40.6026784],[118.107818,40.6018608],[118.1107067,40.6008231],[118.1134476,40.5995754],[118.1160143,40.5981296],[118.118382,40.5964997],[118.120528,40.5947014],[118.1224315,40.592752],[118.1240743,40.5906703],[118.1254406,40.5884763],[118.1265171,40.5861911],[118.1272936,40.5838368],[118.1277625,40.5814361],[118.1279193,40.579012],[118.1277625,40.5765879],[118.1272936,40.5741872],[118.1265171,40.5718329],[118.1254406,40.5695477],[118.1240743,40.5673537],[118.1224315,40.565272],[118.120528,40.5633226],[118.118382,40.5615243],[118.1160143,40.5598944],[118.1134476,40.5584486],[118.1107067,40.5572009],[118.107818,40.5561632],[118.1048093,40.5553456],[118.1017096,40.5547559],[118.0985487,40.5543997],[118.095357,40.5542807],[118.0921653,40.5543997],[118.0890044,40.5547559],[118.0859047,40.5553456],[118.082896,40.5561632],[118.0800073,40.5572009],[118.0772664,40.5584486],[118.0746997,40.5598944],[118.072332,40.5615243],[118.070186,40.5633226],[118.0682825,40.565272],[118.0666397,40.5673537],[118.0652734,40.5695477],[118.0641969,40.5718329],[118.0634204,40.5741872],[118.0629515,40.5765879],[118.0627947,40.579012],[118.0629515,40.5814361],[118.0634204,40.5838368],[118.0641969,40.5861911],[118.0652734,40.5884763],[118.0666397,40.5906703],[118.0682825,40.592752],[118.070186,40.5947014],[118.072332,40.5964997],[118.0746997,40.5981296],[118.0772664,40.5995754],[118.0800073,40.6008231],[118.082896,40.6018608],[118.0859047,40.6026784],[118.0890044,40.6032681],[118.0921653,40.6036243],[118.095357,40.6037433]]]},"properties":{"name":"1133无名峰","peak_elev":1133,"eq_radius":2750,"layer":"等效突出半径","rank_pct":0.1457,"center_lon":118.095357,"center_lat":40.579012,"max_mean_jut":105.4961,"max_ats":58.0272,"r_prominence":2750,"r_base":6750}},{"type":"Feature","geometry":{"type":"Polygon","coordinates":[[[118.102633,40.6069773],[118.1058248,40.6068583],[118.1089859,40.6065021],[118.1120858,40.6059124],[118.1150946,40.6050948],[118.1179835,40.6040571],[118.1207245,40.6028094],[118.1232913,40.6013636],[118.1256591,40.5997337],[118.1278052,40.5979354],[118.1297088,40.595986],[118.1313517,40.5939043],[118.1327181,40.5917103],[118.1337946,40.5894251],[118.1345711,40.5870708],[118.13504,40.5846701],[118.1351968,40.582246],[118.13504,40.5798219],[118.1345711,40.5774212],[118.1337946,40.5750669],[118.1327181,40.5727817],[118.1313517,40.5705877],[118.1297088,40.568506],[118.1278052,40.5665566],[118.1256591,40.5647583],[118.1232913,40.5631284],[118.1207245,40.5616826],[118.1179835,40.5604349],[118.1150946,40.5593972],[118.1120858,40.5585796],[118.1089859,40.5579899],[118.1058248,40.5576337],[118.102633,40.5575147],[118.0994412,40.5576337],[118.0962801,40.5579899],[118.0931802,40.5585796],[118.0901714,40.5593972],[118.0872825,40.5604349],[118.0845415,40.5616826],[118.0819747,40.5631284],[118.0796069,40.5647583],[118.0774608,40.5665566],[118.0755572,40.568506],[118.0739143,40.5705877],[118.0725479,40.5727817],[118.0714714,40.5750669],[118.0706949,40.5774212],[118.070226,40.5798219],[118.0700692,40.582246],[118.070226,40.5846701],[118.0706949,40.5870708],[118.0714714,40.5894251],[118.0725479,40.5917103],[118.0739143,40.5939043],[118.0755572,40.595986],[118.0774608,40.5979354],[118.0796069,40.5997337],[118.0819747,40.6013636],[118.0845415,40.6028094],[118.0872825,40.6040571],[118.0901714,40.6050948],[118.0931802,40.6059124],[118.0962801,40.6065021],[118.0994412,40.6068583],[118.102633,40.6069773]]]},"properties":{"name":"1139无名峰","peak_elev":1139,"eq_radius":2750,"layer":"等效突出半径","rank_pct":0.1457,"center_lon":118.102633,"center_lat":40.582246,"max_mean_jut":110.2965,"max_ats":63.7269,"r_prominence":2750,"r_base":6000}},{"type":"Feature","geometry":{"type":"Polygon","coordinates":[[[118.863821,40.5414903],[118.8670097,40.5413713],[118.8701677,40.5410151],[118.8732645,40.5404254],[118.8762705,40.5396078],[118.8791565,40.5385701],[118.8818948,40.5373224],[118.8844591,40.5358766],[118.8868246,40.5342467],[118.8889686,40.5324484],[118.8908704,40.530499],[118.8925117,40.5284173],[118.8938766,40.5262233],[118.8949522,40.5239381],[118.8957279,40.5215838],[118.8961963,40.5191831],[118.896353,40.516759],[118.8961963,40.5143349],[118.8957279,40.5119342],[118.8949522,40.5095799],[118.8938766,40.5072947],[118.8925117,40.5051007],[118.8908704,40.503019],[118.8889686,40.5010696],[118.8868246,40.4992713],[118.8844591,40.4976414],[118.8818948,40.4961956],[118.8791565,40.4949479],[118.8762705,40.4939102],[118.8732645,40.4930926],[118.8701677,40.4925029],[118.8670097,40.4921467],[118.863821,40.4920277],[118.8606323,40.4921467],[118.8574743,40.4925029],[118.8543775,40.4930926],[118.8513715,40.4939102],[118.8484855,40.4949479],[118.8457472,40.4961956],[118.8431829,40.4976414],[118.8408174,40.4992713],[118.8386734,40.5010696],[118.8367716,40.503019],[118.8351303,40.5051007],[118.8337654,40.5072947],[118.8326898,40.5095799],[118.8319141,40.5119342],[118.8314457,40.5143349],[118.831289,40.516759],[118.8314457,40.5191831],[118.8319141,40.5215838],[118.8326898,40.5239381],[118.8337654,40.5262233],[118.8351303,40.5284173],[118.8367716,40.530499],[118.8386734,40.5324484],[118.8408174,40.5342467],[118.8431829,40.5358766],[118.8457472,40.5373224],[118.8484855,40.5385701],[118.8513715,40.5396078],[118.8543775,40.5404254],[118.8574743,40.5410151],[118.8606323,40.5413713],[118.863821,40.5414903]]]},"properties":{"name":"1467无名峰","peak_elev":1467,"eq_radius":2750,"layer":"等效突出半径","rank_pct":0.1457,"center_lon":118.863821,"center_lat":40.516759,"max_mean_jut":117.9191,"max_ats":62.4304,"r_prominence":2750,"r_base":3500}},{"type":"Feature","geometry":{"type":"Polygon","coordinates":[[[118.739584,40.8069423],[118.7427854,40.8068233],[118.745956,40.8064671],[118.7490652,40.8058774],[118.7520831,40.8050598],[118.7549806,40.8040221],[118.7577298,40.8027744],[118.7603043,40.8013286],[118.7626793,40.7996987],[118.7648318,40.7979004],[118.7667412,40.795951],[118.768389,40.7938693],[118.7697594,40.7916753],[118.7708393,40.7893901],[118.7716181,40.7870358],[118.7720884,40.7846351],[118.7722457,40.782211],[118.7720884,40.7797869],[118.7716181,40.7773862],[118.7708393,40.7750319],[118.7697594,40.7727467],[118.768389,40.7705527],[118.7667412,40.768471],[118.7648318,40.7665216],[118.7626793,40.7647233],[118.7603043,40.7630934],[118.7577298,40.7616476],[118.7549806,40.7603999],[118.7520831,40.7593622],[118.7490652,40.7585446],[118.745956,40.7579549],[118.7427854,40.7575987],[118.739584,40.7574797],[118.7363826,40.7575987],[118.733212,40.7579549],[118.7301028,40.7585446],[118.7270849,40.7593622],[118.7241874,40.7603999],[118.7214382,40.7616476],[118.7188637,40.7630934],[118.7164887,40.7647233],[118.7143362,40.7665216],[118.7124268,40.768471],[118.710779,40.7705527],[118.7094086,40.7727467],[118.7083287,40.7750319],[118.7075499,40.7773862],[118.7070796,40.7797869],[118.7069223,40.782211],[118.7070796,40.7846351],[118.7075499,40.7870358],[118.7083287,40.7893901],[118.7094086,40.7916753],[118.710779,40.7938693],[118.7124268,40.795951],[118.7143362,40.7979004],[118.7164887,40.7996987],[118.7188637,40.8013286],[118.7214382,40.8027744],[118.7241874,40.8040221],[118.7270849,40.8050598],[118.7301028,40.8058774],[118.733212,40.8064671],[118.7363826,40.8068233],[118.739584,40.8069423]]]},"properties":{"name":"土山尖子1286.2","peak_elev":1287,"eq_radius":2750,"layer":"等效突出半径","rank_pct":0.1457,"center_lon":118.739584,"center_lat":40.782211,"max_mean_jut":98.8408,"max_ats":61.2443,"r_prominence":2750,"r_base":3000}},{"type":"Feature","geometry":{"type":"Polygon","coordinates":[[[118.050082,40.7379523],[118.0532801,40.7378333],[118.0564474,40.7374771],[118.0595533,40.7368874],[118.0625681,40.7360698],[118.0654626,40.7350321],[118.068209,40.7337844],[118.0707809,40.7323386],[118.0731533,40.7307087],[118.0753036,40.7289104],[118.077211,40.726961],[118.0788571,40.7248793],[118.0802262,40.7226853],[118.0813049,40.7204001],[118.0820829,40.7180458],[118.0825527,40.7156451],[118.0827098,40.713221],[118.0825527,40.7107969],[118.0820829,40.7083962],[118.0813049,40.7060419],[118.0802262,40.7037567],[118.0788571,40.7015627],[118.077211,40.699481],[118.0753036,40.6975316],[118.0731533,40.6957333],[118.0707809,40.6941034],[118.068209,40.6926576],[118.0654626,40.6914099],[118.0625681,40.6903722],[118.0595533,40.6895546],[118.0564474,40.6889649],[118.0532801,40.6886087],[118.050082,40.6884897],[118.0468839,40.6886087],[118.0437166,40.6889649],[118.0406107,40.6895546],[118.0375959,40.6903722],[118.0347014,40.6914099],[118.031955,40.6926576],[118.0293831,40.6941034],[118.0270107,40.6957333],[118.0248604,40.6975316],[118.022953,40.699481],[118.0213069,40.7015627],[118.0199378,40.7037567],[118.0188591,40.7060419],[118.0180811,40.7083962],[118.0176113,40.7107969],[118.0174542,40.713221],[118.0176113,40.7156451],[118.0180811,40.7180458],[118.0188591,40.7204001],[118.0199378,40.7226853],[118.0213069,40.7248793],[118.022953,40.726961],[118.0248604,40.7289104],[118.0270107,40.7307087],[118.0293831,40.7323386],[118.031955,40.7337844],[118.0347014,40.7350321],[118.0375959,40.7360698],[118.0406107,40.7368874],[118.0437166,40.7374771],[118.0468839,40.7378333],[118.050082,40.7379523]]]},"properties":{"name":"西山顶1000","peak_elev":1007,"eq_radius":2750,"layer":"等效突出半径","rank_pct":0.1457,"center_lon":118.050082,"center_lat":40.713221,"max_mean_jut":79.3275,"max_ats":47.5717,"r_prominence":2750,"r_base":3000}},{"type":"Feature","geometry":{"type":"Polygon","coordinates":[[[118.021246,40.7095203],[118.0244427,40.7094013],[118.0276087,40.7090451],[118.0307133,40.7084554],[118.0337268,40.7076378],[118.0366201,40.7066001],[118.0393653,40.7053524],[118.041936,40.7039066],[118.0443075,40.7022767],[118.0464569,40.7004784],[118.0483634,40.698529],[118.0500089,40.6964473],[118.0513773,40.6942533],[118.0524555,40.6919681],[118.0532332,40.6896138],[118.0537028,40.6872131],[118.0538599,40.684789],[118.0537028,40.6823649],[118.0532332,40.6799642],[118.0524555,40.6776099],[118.0513773,40.6753247],[118.0500089,40.6731307],[118.0483634,40.671049],[118.0464569,40.6690996],[118.0443075,40.6673013],[118.041936,40.6656714],[118.0393653,40.6642256],[118.0366201,40.6629779],[118.0337268,40.6619402],[118.0307133,40.6611226],[118.0276087,40.6605329],[118.0244427,40.6601767],[118.021246,40.6600577],[118.0180493,40.6601767],[118.0148833,40.6605329],[118.0117787,40.6611226],[118.0087652,40.6619402],[118.0058719,40.6629779],[118.0031267,40.6642256],[118.000556,40.6656714],[117.9981845,40.6673013],[117.9960351,40.6690996],[117.9941286,40.671049],[117.9924831,40.6731307],[117.9911147,40.6753247],[117.9900365,40.6776099],[117.9892588,40.6799642],[117.9887892,40.6823649],[117.9886321,40.684789],[117.9887892,40.6872131],[117.9892588,40.6896138],[117.9900365,40.6919681],[117.9911147,40.6942533],[117.9924831,40.6964473],[117.9941286,40.698529],[117.9960351,40.7004784],[117.9981845,40.7022767],[118.000556,40.7039066],[118.0031267,40.7053524],[118.0058719,40.7066001],[118.0087652,40.7076378],[118.0117787,40.7084554],[118.0148833,40.7090451],[118.0180493,40.7094013],[118.021246,40.7095203]]]},"properties":{"name":"西梁高尖1100","peak_elev":1069,"eq_radius":2750,"layer":"等效突出半径","rank_pct":0.1457,"center_lon":118.021246,"center_lat":40.684789,"max_mean_jut":140.6771,"max_ats":86.5501,"r_prominence":2750,"r_base":3250}},{"type":"Feature","geometry":{"type":"Polygon","coordinates":[[[118.362965,40.6471323],[118.3661587,40.6470133],[118.3693217,40.6466571],[118.3724235,40.6460674],[118.3754341,40.6452498],[118.3783247,40.6442121],[118.3810674,40.6429644],[118.3836357,40.6415186],[118.3860049,40.6398887],[118.3881523,40.6380904],[118.3900571,40.636141],[118.391701,40.6340593],[118.3930681,40.6318653],[118.3941454,40.6295801],[118.3949223,40.6272258],[118.3953915,40.6248251],[118.3955484,40.622401],[118.3953915,40.6199769],[118.3949223,40.6175762],[118.3941454,40.6152219],[118.3930681,40.6129367],[118.391701,40.6107427],[118.3900571,40.608661],[118.3881523,40.6067116],[118.3860049,40.6049133],[118.3836357,40.6032834],[118.3810674,40.6018376],[118.3783247,40.6005899],[118.3754341,40.5995522],[118.3724235,40.5987346],[118.3693217,40.5981449],[118.3661587,40.5977887],[118.362965,40.5976697],[118.3597713,40.5977887],[118.3566083,40.5981449],[118.3535065,40.5987346],[118.3504959,40.5995522],[118.3476053,40.6005899],[118.3448626,40.6018376],[118.3422943,40.6032834],[118.3399251,40.6049133],[118.3377777,40.6067116],[118.3358729,40.608661],[118.334229,40.6107427],[118.3328619,40.6129367],[118.3317846,40.6152219],[118.3310077,40.6175762],[118.3305385,40.6199769],[118.3303816,40.622401],[118.3305385,40.6248251],[118.3310077,40.6272258],[118.3317846,40.6295801],[118.3328619,40.6318653],[118.334229,40.6340593],[118.3358729,40.636141],[118.3377777,40.6380904],[118.3399251,40.6398887],[118.3422943,40.6415186],[118.3448626,40.6429644],[118.3476053,40.6442121],[118.3504959,40.6452498],[118.3535065,40.6460674],[118.3566083,40.6466571],[118.3597713,40.6470133],[118.362965,40.6471323]]]},"properties":{"name":"鸭嘴山1110","peak_elev":1105,"eq_radius":2750,"layer":"等效突出半径","rank_pct":0.1457,"center_lon":118.362965,"center_lat":40.622401,"max_mean_jut":140.8126,"max_ats":82.2102,"r_prominence":2750,"r_base":3250}},{"type":"Feature","geometry":{"type":"Polygon","coordinates":[[[118.296804,40.7588798],[118.2997124,40.7587716],[118.3025927,40.7584478],[118.3054173,40.7579117],[118.308159,40.7571684],[118.3107913,40.7562251],[118.3132889,40.7550908],[118.3156277,40.7537764],[118.3177852,40.7522947],[118.3197407,40.7506599],[118.3214753,40.7488877],[118.3229723,40.7469952],[118.3242173,40.7450007],[118.3251983,40.7429233],[118.3259058,40.740783],[118.3263331,40.7386005],[118.326476,40.7363968],[118.3263331,40.7341931],[118.3259058,40.7320106],[118.3251983,40.7298703],[118.3242173,40.7277929],[118.3229723,40.7257984],[118.3214753,40.7239059],[118.3197407,40.7221337],[118.3177852,40.7204989],[118.3156277,40.7190172],[118.3132889,40.7177028],[118.3107913,40.7165685],[118.308159,40.7156252],[118.3054173,40.7148819],[118.3025927,40.7143458],[118.2997124,40.714022],[118.296804,40.7139137],[118.2938956,40.714022],[118.2910153,40.7143458],[118.2881907,40.7148819],[118.285449,40.7156252],[118.2828167,40.7165685],[118.2803191,40.7177028],[118.2779803,40.7190172],[118.2758228,40.7204989],[118.2738673,40.7221337],[118.2721327,40.7239059],[118.2706357,40.7257984],[118.2693907,40.7277929],[118.2684097,40.7298703],[118.2677022,40.7320106],[118.2672749,40.7341931],[118.267132,40.7363968],[118.2672749,40.7386005],[118.2677022,40.740783],[118.2684097,40.7429233],[118.2693907,40.7450007],[118.2706357,40.7469952],[118.2721327,40.7488877],[118.2738673,40.7506599],[118.2758228,40.7522947],[118.2779803,40.7537764],[118.2803191,40.7550908],[118.2828167,40.7562251],[118.285449,40.7571684],[118.2881907,40.7579117],[118.2910153,40.7584478],[118.2938956,40.7587716],[118.296804,40.7588798]]]},"properties":{"name":"1087无名峰","peak_elev":1087,"eq_radius":2500,"layer":"等效突出半径","rank_pct":0.1811,"center_lon":118.296804,"center_lat":40.73639678955078,"max_mean_jut":76.262,"max_ats":40.967,"r_prominence":2500,"r_base":5500}},{"type":"Feature","geometry":{"type":"Polygon","coordinates":[[[118.329278,40.7604973],[118.3321864,40.760389],[118.3350669,40.7600653],[118.3378915,40.7595291],[118.3406332,40.7587858],[118.3432656,40.7578425],[118.3457633,40.7567082],[118.3481022,40.7553938],[118.3502598,40.7539121],[118.3522153,40.7522773],[118.3539499,40.7505051],[118.355447,40.7486127],[118.356692,40.7466181],[118.357673,40.7445407],[118.3583805,40.7424004],[118.3588078,40.7402179],[118.3589507,40.7380142],[118.3588078,40.7358105],[118.3583805,40.733628],[118.357673,40.7314877],[118.356692,40.7294103],[118.355447,40.7274158],[118.3539499,40.7255233],[118.3522153,40.7237511],[118.3502598,40.7221163],[118.3481022,40.7206346],[118.3457633,40.7193203],[118.3432656,40.7181859],[118.3406332,40.7172426],[118.3378915,40.7164993],[118.3350669,40.7159632],[118.3321864,40.7156394],[118.329278,40.7155312],[118.3263696,40.7156394],[118.3234891,40.7159632],[118.3206645,40.7164993],[118.3179228,40.7172426],[118.3152904,40.7181859],[118.3127927,40.7193203],[118.3104538,40.7206346],[118.3082962,40.7221163],[118.3063407,40.7237511],[118.3046061,40.7255233],[118.303109,40.7274158],[118.301864,40.7294103],[118.300883,40.7314877],[118.3001755,40.733628],[118.2997482,40.7358105],[118.2996053,40.7380142],[118.2997482,40.7402179],[118.3001755,40.7424004],[118.300883,40.7445407],[118.301864,40.7466181],[118.303109,40.7486127],[118.3046061,40.7505051],[118.3063407,40.7522773],[118.3082962,40.7539121],[118.3104538,40.7553938],[118.3127927,40.7567082],[118.3152904,40.7578425],[118.3179228,40.7587858],[118.3206645,40.7595291],[118.3234891,40.7600653],[118.3263696,40.760389],[118.329278,40.7604973]]]},"properties":{"name":"1222无名峰","peak_elev":1222,"eq_radius":2500,"layer":"等效突出半径","rank_pct":0.1811,"center_lon":118.329278,"center_lat":40.738014221191406,"max_mean_jut":140.0104,"max_ats":86.2965,"r_prominence":2500,"r_base":3000}},{"type":"Feature","geometry":{"type":"Polygon","coordinates":[[[118.005076,40.514718],[118.0079738,40.5146098],[118.0108436,40.514286],[118.0136579,40.5137499],[118.0163896,40.5130066],[118.0190122,40.5120633],[118.0215007,40.510929],[118.023831,40.5096146],[118.0259807,40.5081329],[118.0279291,40.5064981],[118.0296573,40.5047259],[118.0311489,40.5028334],[118.0323893,40.5008389],[118.0333667,40.4987615],[118.0340717,40.4966212],[118.0344974,40.4944387],[118.0346397,40.492235],[118.0344974,40.4900313],[118.0340717,40.4878488],[118.0333667,40.4857085],[118.0323893,40.4836311],[118.0311489,40.4816366],[118.0296573,40.4797441],[118.0279291,40.4779719],[118.0259807,40.4763371],[118.023831,40.4748554],[118.0215007,40.473541],[118.0190122,40.4724067],[118.0163896,40.4714634],[118.0136579,40.4707201],[118.0108436,40.470184],[118.0079738,40.4698602],[118.005076,40.469752],[118.0021782,40.4698602],[117.9993084,40.470184],[117.9964941,40.4707201],[117.9937624,40.4714634],[117.9911398,40.4724067],[117.9886513,40.473541],[117.986321,40.4748554],[117.9841713,40.4763371],[117.9822229,40.4779719],[117.9804947,40.4797441],[117.9790031,40.4816366],[117.9777627,40.4836311],[117.9767853,40.4857085],[117.9760803,40.4878488],[117.9756546,40.4900313],[117.9755123,40.492235],[117.9756546,40.4944387],[117.9760803,40.4966212],[117.9767853,40.4987615],[117.9777627,40.5008389],[117.9790031,40.5028334],[117.9804947,40.5047259],[117.9822229,40.5064981],[117.9841713,40.5081329],[117.986321,40.5096146],[117.9886513,40.510929],[117.9911398,40.5120633],[117.9937624,40.5130066],[117.9964941,40.5137499],[117.9993084,40.514286],[118.0021782,40.5146098],[118.005076,40.514718]]]},"properties":{"name":"1321无名峰","peak_elev":1321,"eq_radius":2500,"layer":"等效突出半径","rank_pct":0.1811,"center_lon":118.005076,"center_lat":40.492235,"max_mean_jut":130.2301,"max_ats":64.5694,"r_prominence":2500,"r_base":2500}},{"type":"Feature","geometry":{"type":"Polygon","coordinates":[[[118.849942,40.550291],[118.8528413,40.5501828],[118.8557127,40.549859],[118.8585285,40.5493229],[118.8612616,40.5485796],[118.8638856,40.5476363],[118.8663754,40.546502],[118.868707,40.5451876],[118.8708578,40.5437059],[118.8728072,40.5420711],[118.8745364,40.5402989],[118.8760287,40.5384064],[118.8772698,40.5364119],[118.8782477,40.5343345],[118.8789531,40.5321942],[118.879379,40.5300117],[118.8795214,40.527808],[118.879379,40.5256043],[118.8789531,40.5234218],[118.8782477,40.5212815],[118.8772698,40.5192041],[118.8760287,40.5172096],[118.8745364,40.5153171],[118.8728072,40.5135449],[118.8708578,40.5119101],[118.868707,40.5104284],[118.8663754,40.509114],[118.8638856,40.5079797],[118.8612616,40.5070364],[118.8585285,40.5062931],[118.8557127,40.505757],[118.8528413,40.5054332],[118.849942,40.505325],[118.8470427,40.5054332],[118.8441713,40.505757],[118.8413555,40.5062931],[118.8386224,40.5070364],[118.8359984,40.5079797],[118.8335086,40.509114],[118.831177,40.5104284],[118.8290262,40.5119101],[118.8270768,40.5135449],[118.8253476,40.5153171],[118.8238553,40.5172096],[118.8226142,40.5192041],[118.8216363,40.5212815],[118.8209309,40.5234218],[118.820505,40.5256043],[118.8203626,40.527808],[118.820505,40.5300117],[118.8209309,40.5321942],[118.8216363,40.5343345],[118.8226142,40.5364119],[118.8238553,40.5384064],[118.8253476,40.5402989],[118.8270768,40.5420711],[118.8290262,40.5437059],[118.831177,40.5451876],[118.8335086,40.546502],[118.8359984,40.5476363],[118.8386224,40.5485796],[118.8413555,40.5493229],[118.8441713,40.549859],[118.8470427,40.5501828],[118.849942,40.550291]]]},"properties":{"name":"1534无名峰","peak_elev":1534,"eq_radius":2500,"layer":"等效突出半径","rank_pct":0.1811,"center_lon":118.849942,"center_lat":40.527808,"max_mean_jut":103.1307,"max_ats":59.2037,"r_prominence":2500,"r_base":7750}},{"type":"Feature","geometry":{"type":"Polygon","coordinates":[[[119.121458,39.7636368],[119.1243239,39.7635285],[119.1271622,39.7632048],[119.1299456,39.7626686],[119.1326473,39.7619253],[119.1352412,39.760982],[119.1377023,39.7598477],[119.140007,39.7585333],[119.1421331,39.7570516],[119.14406,39.7554168],[119.1457693,39.7536446],[119.1472445,39.7517521],[119.1484713,39.7497576],[119.149438,39.7476802],[119.1501352,39.7455399],[119.1505562,39.7433574],[119.150697,39.7411537],[119.1505562,39.73895],[119.1501352,39.7367675],[119.149438,39.7346272],[119.1484713,39.7325498],[119.1472445,39.7305553],[119.1457693,39.7286628],[119.14406,39.7268906],[119.1421331,39.7252558],[119.140007,39.7237741],[119.1377023,39.7224598],[119.1352412,39.7213254],[119.1326473,39.7203821],[119.1299456,39.7196388],[119.1271622,39.7191027],[119.1243239,39.7187789],[119.121458,39.7186707],[119.1185921,39.7187789],[119.1157538,39.7191027],[119.1129704,39.7196388],[119.1102687,39.7203821],[119.1076748,39.7213254],[119.1052137,39.7224598],[119.102909,39.7237741],[119.1007829,39.7252558],[119.098856,39.7268906],[119.0971467,39.7286628],[119.0956715,39.7305553],[119.0944447,39.7325498],[119.093478,39.7346272],[119.0927808,39.7367675],[119.0923598,39.73895],[119.092219,39.7411537],[119.0923598,39.7433574],[119.0927808,39.7455399],[119.093478,39.7476802],[119.0944447,39.7497576],[119.0956715,39.7517521],[119.0971467,39.7536446],[119.098856,39.7554168],[119.1007829,39.7570516],[119.102909,39.7585333],[119.1052137,39.7598477],[119.1076748,39.760982],[119.1102687,39.7619253],[119.1129704,39.7626686],[119.1157538,39.7632048],[119.1185921,39.7635285],[119.121458,39.7636368]]]},"properties":{"name":"狗头山589","peak_elev":589,"eq_radius":2500,"layer":"等效突出半径","rank_pct":0.1811,"center_lon":119.121458,"center_lat":39.741153717041016,"max_mean_jut":89.9479,"max_ats":61.4899,"r_prominence":2500,"r_base":3000}},{"type":"Feature","geometry":{"type":"Polygon","coordinates":[[[119.497807,40.164914],[119.5006898,40.1648058],[119.5035448,40.164482],[119.5063446,40.1639459],[119.5090621,40.1632026],[119.5116712,40.1622593],[119.5141469,40.161125],[119.5164651,40.1598106],[119.5186037,40.1583289],[119.520542,40.1566941],[119.5222613,40.1549219],[119.5237452,40.1530294],[119.5249792,40.1510349],[119.5259515,40.1489575],[119.5266528,40.1468172],[119.5270763,40.1446347],[119.527218,40.142431],[119.5270763,40.1402273],[119.5266528,40.1380448],[119.5259515,40.1359045],[119.5249792,40.1338271],[119.5237452,40.1318326],[119.5222613,40.1299401],[119.520542,40.1281679],[119.5186037,40.1265331],[119.5164651,40.1250514],[119.5141469,40.123737],[119.5116712,40.1226027],[119.5090621,40.1216594],[119.5063446,40.1209161],[119.5035448,40.12038],[119.5006898,40.1200562],[119.497807,40.119948],[119.4949242,40.1200562],[119.4920692,40.12038],[119.4892694,40.1209161],[119.4865519,40.1216594],[119.4839428,40.1226027],[119.4814671,40.123737],[119.4791489,40.1250514],[119.4770103,40.1265331],[119.475072,40.1281679],[119.4733527,40.1299401],[119.4718688,40.1318326],[119.4706348,40.1338271],[119.4696625,40.1359045],[119.4689612,40.1380448],[119.4685377,40.1402273],[119.468396,40.142431],[119.4685377,40.1446347],[119.4689612,40.1468172],[119.4696625,40.1489575],[119.4706348,40.1510349],[119.4718688,40.1530294],[119.4733527,40.1549219],[119.475072,40.1566941],[119.4770103,40.1583289],[119.4791489,40.1598106],[119.4814671,40.161125],[119.4839428,40.1622593],[119.4865519,40.1632026],[119.4892694,40.1639459],[119.4920692,40.164482],[119.4949242,40.1648058],[119.497807,40.164914]]]},"properties":{"name":"751无名峰","peak_elev":751,"eq_radius":2500,"layer":"等效突出半径","rank_pct":0.1811,"center_lon":119.497807,"center_lat":40.142431,"max_mean_jut":85.3191,"max_ats":49.4831,"r_prominence":2500,"r_base":2500}},{"type":"Feature","geometry":{"type":"Polygon","coordinates":[[[118.023941,40.5443641],[118.02684,40.5442559],[118.0297111,40.5439321],[118.0325267,40.543396],[118.0352596,40.5426527],[118.0378834,40.5417094],[118.040373,40.5405751],[118.0427043,40.5392607],[118.044855,40.537779],[118.0468042,40.5361442],[118.0485332,40.534372],[118.0500254,40.5324795],[118.0512664,40.530485],[118.0522442,40.5284076],[118.0529495,40.5262673],[118.0533754,40.5240848],[118.0535178,40.5218811],[118.0533754,40.5196774],[118.0529495,40.5174949],[118.0522442,40.5153546],[118.0512664,40.5132772],[118.0500254,40.5112827],[118.0485332,40.5093902],[118.0468042,40.507618],[118.044855,40.5059832],[118.0427043,40.5045015],[118.040373,40.5031871],[118.0378834,40.5020528],[118.0352596,40.5011095],[118.0325267,40.5003662],[118.0297111,40.4998301],[118.02684,40.4995063],[118.023941,40.4993981],[118.021042,40.4995063],[118.0181709,40.4998301],[118.0153553,40.5003662],[118.0126224,40.5011095],[118.0099986,40.5020528],[118.007509,40.5031871],[118.0051777,40.5045015],[118.003027,40.5059832],[118.0010778,40.507618],[117.9993488,40.5093902],[117.9978566,40.5112827],[117.9966156,40.5132772],[117.9956378,40.5153546],[117.9949325,40.5174949],[117.9945066,40.5196774],[117.9943642,40.5218811],[117.9945066,40.5240848],[117.9949325,40.5262673],[117.9956378,40.5284076],[117.9966156,40.530485],[117.9978566,40.5324795],[117.9993488,40.534372],[118.0010778,40.5361442],[118.003027,40.537779],[118.0051777,40.5392607],[118.007509,40.5405751],[118.0099986,40.5417094],[118.0126224,40.5426527],[118.0153553,40.543396],[118.0181709,40.5439321],[118.021042,40.5442559],[118.023941,40.5443641]]]},"properties":{"name":"五指山1389","peak_elev":1356,"eq_radius":2500,"layer":"等效突出半径","rank_pct":0.1811,"center_lon":118.023941,"center_lat":40.521881103515625,"max_mean_jut":218.9061,"max_ats":136.4095,"r_prominence":2500,"r_base":2750}},{"type":"Feature","geometry":{"type":"Polygon","coordinates":[[[118.417942,40.7270805],[118.420849,40.7269723],[118.4237279,40.7266485],[118.4265512,40.7261124],[118.4292915,40.7253691],[118.4319226,40.7244257],[118.434419,40.7232914],[118.4367567,40.7219771],[118.4389132,40.7204954],[118.4408678,40.7188606],[118.4426016,40.7170884],[118.4440978,40.7151959],[118.4453422,40.7132014],[118.4463227,40.711124],[118.4470299,40.7089837],[118.447457,40.7068012],[118.4475998,40.7045975],[118.447457,40.7023937],[118.4470299,40.7002112],[118.4463227,40.698071],[118.4453422,40.6959936],[118.4440978,40.693999],[118.4426016,40.6921066],[118.4408678,40.6903344],[118.4389132,40.6886996],[118.4367567,40.6872178],[118.434419,40.6859035],[118.4319226,40.6847692],[118.4292915,40.6838259],[118.4265512,40.6830825],[118.4237279,40.6825464],[118.420849,40.6822227],[118.417942,40.6821144],[118.415035,40.6822227],[118.4121561,40.6825464],[118.4093328,40.6830825],[118.4065925,40.6838259],[118.4039614,40.6847692],[118.401465,40.6859035],[118.3991273,40.6872178],[118.3969708,40.6886996],[118.3950162,40.6903344],[118.3932824,40.6921066],[118.3917862,40.693999],[118.3905418,40.6959936],[118.3895613,40.698071],[118.3888541,40.7002112],[118.388427,40.7023937],[118.3882842,40.7045975],[118.388427,40.7068012],[118.3888541,40.7089837],[118.3895613,40.711124],[118.3905418,40.7132014],[118.3917862,40.7151959],[118.3932824,40.7170884],[118.3950162,40.7188606],[118.3969708,40.7204954],[118.3991273,40.7219771],[118.401465,40.7232914],[118.4039614,40.7244257],[118.4065925,40.7253691],[118.4093328,40.7261124],[118.4121561,40.7266485],[118.415035,40.7269723],[118.417942,40.7270805]]]},"properties":{"name":"南大山1216.7","peak_elev":1214,"eq_radius":2500,"layer":"等效突出半径","rank_pct":0.1811,"center_lon":118.417942,"center_lat":40.70459747314453,"max_mean_jut":110.7204,"max_ats":68.1157,"r_prominence":2500,"r_base":3500}},{"type":"Feature","geometry":{"type":"Polygon","coordinates":[[[120.810515,40.958576],[120.8134321,40.9584678],[120.8163212,40.958144],[120.8191543,40.9576079],[120.8219042,40.9568646],[120.8245445,40.9559213],[120.8270496,40.954787],[120.8293955,40.9534726],[120.8315595,40.9519909],[120.8335209,40.9503561],[120.8352608,40.9485839],[120.8367623,40.9466914],[120.838011,40.9446969],[120.838995,40.9426195],[120.8397046,40.9404792],[120.8401332,40.9382967],[120.8402765,40.936093],[120.8401332,40.9338893],[120.8397046,40.9317068],[120.838995,40.9295665],[120.838011,40.9274891],[120.8367623,40.9254946],[120.8352608,40.9236021],[120.8335209,40.9218299],[120.8315595,40.9201951],[120.8293955,40.9187134],[120.8270496,40.917399],[120.8245445,40.9162647],[120.8219042,40.9153214],[120.8191543,40.9145781],[120.8163212,40.914042],[120.8134321,40.9137182],[120.810515,40.91361],[120.8075979,40.9137182],[120.8047088,40.914042],[120.8018757,40.9145781],[120.7991258,40.9153214],[120.7964855,40.9162647],[120.7939804,40.917399],[120.7916345,40.9187134],[120.7894705,40.9201951],[120.7875091,40.9218299],[120.7857692,40.9236021],[120.7842677,40.9254946],[120.783019,40.9274891],[120.782035,40.9295665],[120.7813254,40.9317068],[120.7808968,40.9338893],[120.7807535,40.936093],[120.7808968,40.9382967],[120.7813254,40.9404792],[120.782035,40.9426195],[120.783019,40.9446969],[120.7842677,40.9466914],[120.7857692,40.9485839],[120.7875091,40.9503561],[120.7894705,40.9519909],[120.7916345,40.9534726],[120.7939804,40.954787],[120.7964855,40.9559213],[120.7991258,40.9568646],[120.8018757,40.9576079],[120.8047088,40.958144],[120.8075979,40.9584678],[120.810515,40.958576]]]},"properties":{"name":"小虹螺山鹰北顶717.2","peak_elev":715,"eq_radius":2500,"layer":"等效突出半径","rank_pct":0.1811,"center_lon":120.810515,"center_lat":40.936093,"max_mean_jut":100.5103,"max_ats":70.687,"r_prominence":2500,"r_base":3500}},{"type":"Feature","geometry":{"type":"Polygon","coordinates":[[[118.317959,40.761575],[118.3208675,40.7614668],[118.3237479,40.761143],[118.3265727,40.7606069],[118.3293144,40.7598636],[118.3319468,40.7589203],[118.3344445,40.757786],[118.3367835,40.7564716],[118.3389411,40.7549899],[118.3408967,40.7533551],[118.3426313,40.7515829],[118.3441284,40.7496904],[118.3453734,40.7476959],[118.3463545,40.7456185],[118.347062,40.7434782],[118.3474893,40.7412957],[118.3476322,40.739092],[118.3474893,40.7368883],[118.347062,40.7347058],[118.3463545,40.7325655],[118.3453734,40.7304881],[118.3441284,40.7284936],[118.3426313,40.7266011],[118.3408967,40.7248289],[118.3389411,40.7231941],[118.3367835,40.7217124],[118.3344445,40.720398],[118.3319468,40.7192637],[118.3293144,40.7183204],[118.3265727,40.7175771],[118.3237479,40.717041],[118.3208675,40.7167172],[118.317959,40.716609],[118.3150505,40.7167172],[118.3121701,40.717041],[118.3093453,40.7175771],[118.3066036,40.7183204],[118.3039712,40.7192637],[118.3014735,40.720398],[118.2991345,40.7217124],[118.2969769,40.7231941],[118.2950213,40.7248289],[118.2932867,40.7266011],[118.2917896,40.7284936],[118.2905446,40.7304881],[118.2895635,40.7325655],[118.288856,40.7347058],[118.2884287,40.7368883],[118.2882858,40.739092],[118.2884287,40.7412957],[118.288856,40.7434782],[118.2895635,40.7456185],[118.2905446,40.7476959],[118.2917896,40.7496904],[118.2932867,40.7515829],[118.2950213,40.7533551],[118.2969769,40.7549899],[118.2991345,40.7564716],[118.3014735,40.757786],[118.3039712,40.7589203],[118.3066036,40.7598636],[118.3093453,40.7606069],[118.3121701,40.761143],[118.3150505,40.7614668],[118.317959,40.761575]]]},"properties":{"name":"黄羊洞1321.3","peak_elev":1315,"eq_radius":2500,"layer":"等效突出半径","rank_pct":0.1811,"center_lon":118.317959,"center_lat":40.739092,"max_mean_jut":174.9829,"max_ats":114.3417,"r_prominence":2500,"r_base":3500}},{"type":"Feature","geometry":{"type":"Polygon","coordinates":[[[118.293974,40.8229277],[118.2965941,40.8228303],[118.299189,40.8225389],[118.3017337,40.8220564],[118.3042037,40.8213875],[118.3065751,40.8205384],[118.3088252,40.8195176],[118.3109322,40.8183347],[118.312876,40.8170011],[118.3146377,40.8155298],[118.3162004,40.8139348],[118.317549,40.8122316],[118.3186706,40.8104365],[118.3195544,40.8085668],[118.3201918,40.8066406],[118.3205767,40.8046764],[118.3207054,40.802693],[118.3205767,40.8007096],[118.3201918,40.7987454],[118.3195544,40.7968192],[118.3186706,40.7949495],[118.317549,40.7931544],[118.3162004,40.7914512],[118.3146377,40.7898562],[118.312876,40.7883849],[118.3109322,40.7870513],[118.3088252,40.7858684],[118.3065751,40.7848476],[118.3042037,40.7839985],[118.3017337,40.7833296],[118.299189,40.7828471],[118.2965941,40.7825557],[118.293974,40.7824583],[118.2913539,40.7825557],[118.288759,40.7828471],[118.2862143,40.7833296],[118.2837443,40.7839985],[118.2813729,40.7848476],[118.2791228,40.7858684],[118.2770158,40.7870513],[118.275072,40.7883849],[118.2733103,40.7898562],[118.2717476,40.7914512],[118.270399,40.7931544],[118.2692774,40.7949495],[118.2683936,40.7968192],[118.2677562,40.7987454],[118.2673713,40.8007096],[118.2672426,40.802693],[118.2673713,40.8046764],[118.2677562,40.8066406],[118.2683936,40.8085668],[118.2692774,40.8104365],[118.270399,40.8122316],[118.2717476,40.8139348],[118.2733103,40.8155298],[118.275072,40.8170011],[118.2770158,40.8183347],[118.2791228,40.8195176],[118.2813729,40.8205384],[118.2837443,40.8213875],[118.2862143,40.8220564],[118.288759,40.8225389],[118.2913539,40.8228303],[118.293974,40.8229277]]]},"properties":{"name":"1169无名峰","peak_elev":1169,"eq_radius":2250,"layer":"等效突出半径","rank_pct":0.2205,"center_lon":118.293974,"center_lat":40.802693,"max_mean_jut":152.3674,"max_ats":90.0227,"r_prominence":2250,"r_base":3250}},{"type":"Feature","geometry":{"type":"Polygon","coordinates":[[[118.370511,40.6992297],[118.3731263,40.6991323],[118.3757164,40.6988409],[118.3782563,40.6983584],[118.3807217,40.6976895],[118.3830887,40.6968404],[118.3853346,40.6958196],[118.3874377,40.6946367],[118.3893779,40.6933031],[118.3911363,40.6918318],[118.3926961,40.6902368],[118.3940422,40.6885336],[118.3951617,40.6867385],[118.3960439,40.6848688],[118.3966801,40.6829426],[118.3970643,40.6809784],[118.3971928,40.678995],[118.3970643,40.6770116],[118.3966801,40.6750474],[118.3960439,40.6731212],[118.3951617,40.6712515],[118.3940422,40.6694564],[118.3926961,40.6677532],[118.3911363,40.6661582],[118.3893779,40.6646869],[118.3874377,40.6633533],[118.3853346,40.6621704],[118.3830887,40.6611496],[118.3807217,40.6603005],[118.3782563,40.6596316],[118.3757164,40.6591491],[118.3731263,40.6588577],[118.370511,40.6587603],[118.3678957,40.6588577],[118.3653056,40.6591491],[118.3627657,40.6596316],[118.3603003,40.6603005],[118.3579333,40.6611496],[118.3556874,40.6621704],[118.3535843,40.6633533],[118.3516441,40.6646869],[118.3498857,40.6661582],[118.3483259,40.6677532],[118.3469798,40.6694564],[118.3458603,40.6712515],[118.3449781,40.6731212],[118.3443419,40.6750474],[118.3439577,40.6770116],[118.3438292,40.678995],[118.3439577,40.6809784],[118.3443419,40.6829426],[118.3449781,40.6848688],[118.3458603,40.6867385],[118.3469798,40.6885336],[118.3483259,40.6902368],[118.3498857,40.6918318],[118.3516441,40.6933031],[118.3535843,40.6946367],[118.3556874,40.6958196],[118.3579333,40.6968404],[118.3603003,40.6976895],[118.3627657,40.6983584],[118.3653056,40.6988409],[118.3678957,40.6991323],[118.370511,40.6992297]]]},"properties":{"name":"1231无名峰","peak_elev":1231,"eq_radius":2250,"layer":"等效突出半径","rank_pct":0.2205,"center_lon":118.370511,"center_lat":40.678995,"max_mean_jut":96.4353,"max_ats":53.3406,"r_prominence":2250,"r_base":2500}},{"type":"Feature","geometry":{"type":"Polygon","coordinates":[[[118.746456,40.8054107],[118.7490754,40.8053133],[118.7516697,40.8050219],[118.7542137,40.8045394],[118.756683,40.8038705],[118.7590538,40.8030214],[118.7613033,40.8020006],[118.7634098,40.8008177],[118.765353,40.7994841],[118.7671142,40.7980128],[118.7686765,40.7964178],[118.7700248,40.7947146],[118.7711461,40.7929195],[118.7720296,40.7910498],[118.7726669,40.7891236],[118.7730517,40.7871594],[118.7731804,40.785176],[118.7730517,40.7831926],[118.7726669,40.7812284],[118.7720296,40.7793022],[118.7711461,40.7774325],[118.7700248,40.7756374],[118.7686765,40.7739342],[118.7671142,40.7723392],[118.765353,40.7708679],[118.7634098,40.7695343],[118.7613033,40.7683514],[118.7590538,40.7673306],[118.756683,40.7664815],[118.7542137,40.7658126],[118.7516697,40.7653301],[118.7490754,40.7650387],[118.746456,40.7649413],[118.7438366,40.7650387],[118.7412423,40.7653301],[118.7386983,40.7658126],[118.736229,40.7664815],[118.7338582,40.7673306],[118.7316087,40.7683514],[118.7295022,40.7695343],[118.727559,40.7708679],[118.7257978,40.7723392],[118.7242355,40.7739342],[118.7228872,40.7756374],[118.7217659,40.7774325],[118.7208824,40.7793022],[118.7202451,40.7812284],[118.7198603,40.7831926],[118.7197316,40.785176],[118.7198603,40.7871594],[118.7202451,40.7891236],[118.7208824,40.7910498],[118.7217659,40.7929195],[118.7228872,40.7947146],[118.7242355,40.7964178],[118.7257978,40.7980128],[118.727559,40.7994841],[118.7295022,40.8008177],[118.7316087,40.8020006],[118.7338582,40.8030214],[118.736229,40.8038705],[118.7386983,40.8045394],[118.7412423,40.8050219],[118.7438366,40.8053133],[118.746456,40.8054107]]]},"properties":{"name":"1264无名峰","peak_elev":1264,"eq_radius":2250,"layer":"等效突出半径","rank_pct":0.2205,"center_lon":118.746456,"center_lat":40.785176,"max_mean_jut":84.916,"max_ats":49.6953,"r_prominence":2250,"r_base":2750}},{"type":"Feature","geometry":{"type":"Polygon","coordinates":[[[118.766398,40.4984557],[118.7690054,40.4983583],[118.7715878,40.4980669],[118.7741201,40.4975844],[118.7765781,40.4969155],[118.778938,40.4960664],[118.7811772,40.4950456],[118.783274,40.4938627],[118.7852083,40.4925291],[118.7869615,40.4910578],[118.7885166,40.4894628],[118.7898587,40.4877596],[118.7909749,40.4859645],[118.7918543,40.4840948],[118.7924887,40.4821686],[118.7928717,40.4802044],[118.7929998,40.478221],[118.7928717,40.4762376],[118.7924887,40.4742734],[118.7918543,40.4723472],[118.7909749,40.4704775],[118.7898587,40.4686824],[118.7885166,40.4669792],[118.7869615,40.4653842],[118.7852083,40.4639129],[118.783274,40.4625793],[118.7811772,40.4613964],[118.778938,40.4603756],[118.7765781,40.4595265],[118.7741201,40.4588576],[118.7715878,40.4583751],[118.7690054,40.4580837],[118.766398,40.4579863],[118.7637906,40.4580837],[118.7612082,40.4583751],[118.7586759,40.4588576],[118.7562179,40.4595265],[118.753858,40.4603756],[118.7516188,40.4613964],[118.749522,40.4625793],[118.7475877,40.4639129],[118.7458345,40.4653842],[118.7442794,40.4669792],[118.7429373,40.4686824],[118.7418211,40.4704775],[118.7409417,40.4723472],[118.7403073,40.4742734],[118.7399243,40.4762376],[118.7397962,40.478221],[118.7399243,40.4802044],[118.7403073,40.4821686],[118.7409417,40.4840948],[118.7418211,40.4859645],[118.7429373,40.4877596],[118.7442794,40.4894628],[118.7458345,40.4910578],[118.7475877,40.4925291],[118.749522,40.4938627],[118.7516188,40.4950456],[118.753858,40.4960664],[118.7562179,40.4969155],[118.7586759,40.4975844],[118.7612082,40.4980669],[118.7637906,40.4983583],[118.766398,40.4984557]]]},"properties":{"name":"1438无名峰","peak_elev":1438,"eq_radius":2250,"layer":"等效突出半径","rank_pct":0.2205,"center_lon":118.766398,"center_lat":40.478221,"max_mean_jut":104.6761,"max_ats":53.0241,"r_prominence":2250,"r_base":10000}},{"type":"Feature","geometry":{"type":"Polygon","coordinates":[[[118.207736,40.5599007],[118.2103458,40.5598033],[118.2129305,40.5595119],[118.2154652,40.5590294],[118.2179254,40.5583605],[118.2202875,40.5575114],[118.2225287,40.5564906],[118.2246275,40.5553077],[118.2265636,40.5539741],[118.2283183,40.5525028],[118.2298749,40.5509078],[118.2312182,40.5492046],[118.2323354,40.5474095],[118.2332157,40.5455398],[118.2338506,40.5436136],[118.234234,40.5416494],[118.2343622,40.539666],[118.234234,40.5376826],[118.2338506,40.5357184],[118.2332157,40.5337922],[118.2323354,40.5319225],[118.2312182,40.5301274],[118.2298749,40.5284242],[118.2283183,40.5268292],[118.2265636,40.5253579],[118.2246275,40.5240243],[118.2225287,40.5228414],[118.2202875,40.5218206],[118.2179254,40.5209715],[118.2154652,40.5203026],[118.2129305,40.5198201],[118.2103458,40.5195287],[118.207736,40.5194313],[118.2051262,40.5195287],[118.2025415,40.5198201],[118.2000068,40.5203026],[118.1975466,40.5209715],[118.1951845,40.5218206],[118.1929433,40.5228414],[118.1908445,40.5240243],[118.1889084,40.5253579],[118.1871537,40.5268292],[118.1855971,40.5284242],[118.1842538,40.5301274],[118.1831366,40.5319225],[118.1822563,40.5337922],[118.1816214,40.5357184],[118.181238,40.5376826],[118.1811098,40.539666],[118.181238,40.5416494],[118.1816214,40.5436136],[118.1822563,40.5455398],[118.1831366,40.5474095],[118.1842538,40.5492046],[118.1855971,40.5509078],[118.1871537,40.5525028],[118.1889084,40.5539741],[118.1908445,40.5553077],[118.1929433,40.5564906],[118.1951845,40.5575114],[118.1975466,40.5583605],[118.2000068,40.5590294],[118.2025415,40.5595119],[118.2051262,40.5598033],[118.207736,40.5599007]]]},"properties":{"name":"787无名峰","peak_elev":787,"eq_radius":2250,"layer":"等效突出半径","rank_pct":0.2205,"center_lon":118.207736,"center_lat":40.539666,"max_mean_jut":89.182,"max_ats":55.3331,"r_prominence":2250,"r_base":2500}},{"type":"Feature","geometry":{"type":"Polygon","coordinates":[[[118.753867,40.3139867],[118.7564673,40.3138893],[118.7590426,40.3135979],[118.761568,40.3131154],[118.7640192,40.3124465],[118.7663727,40.3115974],[118.7686057,40.3105766],[118.7706969,40.3093937],[118.7726259,40.3080601],[118.7743742,40.3065888],[118.7759251,40.3049938],[118.7772635,40.3032906],[118.7783766,40.3014955],[118.7792537,40.2996258],[118.7798863,40.2976996],[118.7802683,40.2957354],[118.780396,40.293752],[118.7802683,40.2917686],[118.7798863,40.2898044],[118.7792537,40.2878782],[118.7783766,40.2860085],[118.7772635,40.2842134],[118.7759251,40.2825102],[118.7743742,40.2809152],[118.7726259,40.2794439],[118.7706969,40.2781103],[118.7686057,40.2769274],[118.7663727,40.2759066],[118.7640192,40.2750575],[118.761568,40.2743886],[118.7590426,40.2739061],[118.7564673,40.2736147],[118.753867,40.2735173],[118.7512667,40.2736147],[118.7486914,40.2739061],[118.746166,40.2743886],[118.7437148,40.2750575],[118.7413613,40.2759066],[118.7391283,40.2769274],[118.7370371,40.2781103],[118.7351081,40.2794439],[118.7333598,40.2809152],[118.7318089,40.2825102],[118.7304705,40.2842134],[118.7293574,40.2860085],[118.7284803,40.2878782],[118.7278477,40.2898044],[118.7274657,40.2917686],[118.727338,40.293752],[118.7274657,40.2957354],[118.7278477,40.2976996],[118.7284803,40.2996258],[118.7293574,40.3014955],[118.7304705,40.3032906],[118.7318089,40.3049938],[118.7333598,40.3065888],[118.7351081,40.3080601],[118.7370371,40.3093937],[118.7391283,40.3105766],[118.7413613,40.3115974],[118.7437148,40.3124465],[118.746166,40.3131154],[118.7486914,40.3135979],[118.7512667,40.3138893],[118.753867,40.3139867]]]},"properties":{"name":"848无名峰(2)","peak_elev":848,"eq_radius":2250,"layer":"等效突出半径","rank_pct":0.2205,"center_lon":118.753867,"center_lat":40.293752,"max_mean_jut":91.71,"max_ats":53.4058,"r_prominence":2250,"r_base":2500}},{"type":"Feature","geometry":{"type":"Polygon","coordinates":[[[119.207022,40.1726367],[119.2096169,40.1725393],[119.2121868,40.1722479],[119.2147069,40.1717654],[119.2171531,40.1710965],[119.2195016,40.1702474],[119.22173,40.1692266],[119.2238168,40.1680437],[119.2257418,40.1667101],[119.2274865,40.1652388],[119.2290341,40.1636438],[119.2303698,40.1619406],[119.2314806,40.1601455],[119.2323558,40.1582758],[119.2329871,40.1563496],[119.2333683,40.1543854],[119.2334958,40.152402],[119.2333683,40.1504186],[119.2329871,40.1484544],[119.2323558,40.1465282],[119.2314806,40.1446585],[119.2303698,40.1428634],[119.2290341,40.1411602],[119.2274865,40.1395652],[119.2257418,40.1380939],[119.2238168,40.1367603],[119.22173,40.1355774],[119.2195016,40.1345566],[119.2171531,40.1337075],[119.2147069,40.1330386],[119.2121868,40.1325561],[119.2096169,40.1322647],[119.207022,40.1321673],[119.2044271,40.1322647],[119.2018572,40.1325561],[119.1993371,40.1330386],[119.1968909,40.1337075],[119.1945424,40.1345566],[119.192314,40.1355774],[119.1902272,40.1367603],[119.1883022,40.1380939],[119.1865575,40.1395652],[119.1850099,40.1411602],[119.1836742,40.1428634],[119.1825634,40.1446585],[119.1816882,40.1465282],[119.1810569,40.1484544],[119.1806757,40.1504186],[119.1805482,40.152402],[119.1806757,40.1543854],[119.1810569,40.1563496],[119.1816882,40.1582758],[119.1825634,40.1601455],[119.1836742,40.1619406],[119.1850099,40.1636438],[119.1865575,40.1652388],[119.1883022,40.1667101],[119.1902272,40.1680437],[119.192314,40.1692266],[119.1945424,40.1702474],[119.1968909,40.1710965],[119.1993371,40.1717654],[119.2018572,40.1722479],[119.2044271,40.1725393],[119.207022,40.1726367]]]},"properties":{"name":"黑龙头山862","peak_elev":862,"eq_radius":2250,"layer":"等效突出半径","rank_pct":0.2205,"center_lon":119.207022,"center_lat":40.152402,"max_mean_jut":110.0913,"max_ats":70.0098,"r_prominence":2250,"r_base":2500}},{"type":"Feature","geometry":{"type":"Polygon","coordinates":[[[118.428722,40.5286397],[118.4313306,40.5285423],[118.4339141,40.5282509],[118.4364476,40.5277684],[118.4389067,40.5270995],[118.4412676,40.5262504],[118.4435078,40.5252296],[118.4456056,40.5240467],[118.4475408,40.5227131],[118.4492947,40.5212418],[118.4508505,40.5196468],[118.4521933,40.5179436],[118.4533099,40.5161485],[118.4541898,40.5142788],[118.4548244,40.5123526],[118.4552076,40.5103884],[118.4553358,40.508405],[118.4552076,40.5064216],[118.4548244,40.5044574],[118.4541898,40.5025312],[118.4533099,40.5006615],[118.4521933,40.4988664],[118.4508505,40.4971632],[118.4492947,40.4955682],[118.4475408,40.4940969],[118.4456056,40.4927633],[118.4435078,40.4915804],[118.4412676,40.4905596],[118.4389067,40.4897105],[118.4364476,40.4890416],[118.4339141,40.4885591],[118.4313306,40.4882677],[118.428722,40.4881703],[118.4261134,40.4882677],[118.4235299,40.4885591],[118.4209964,40.4890416],[118.4185373,40.4897105],[118.4161764,40.4905596],[118.4139362,40.4915804],[118.4118384,40.4927633],[118.4099032,40.4940969],[118.4081493,40.4955682],[118.4065935,40.4971632],[118.4052507,40.4988664],[118.4041341,40.5006615],[118.4032542,40.5025312],[118.4026196,40.5044574],[118.4022364,40.5064216],[118.4021082,40.508405],[118.4022364,40.5103884],[118.4026196,40.5123526],[118.4032542,40.5142788],[118.4041341,40.5161485],[118.4052507,40.5179436],[118.4065935,40.5196468],[118.4081493,40.5212418],[118.4099032,40.5227131],[118.4118384,40.5240467],[118.4139362,40.5252296],[118.4161764,40.5262504],[118.4185373,40.5270995],[118.4209964,40.5277684],[118.4235299,40.5282509],[118.4261134,40.5285423],[118.428722,40.5286397]]]},"properties":{"name":"955无名峰(1)","peak_elev":955,"eq_radius":2250,"layer":"等效突出半径","rank_pct":0.2205,"center_lon":118.428722,"center_lat":40.508405,"max_mean_jut":98.5356,"max_ats":61.444,"r_prominence":2250,"r_base":2500}},{"type":"Feature","geometry":{"type":"Polygon","coordinates":[[[119.141804,39.7745937],[119.1443838,39.7744963],[119.1469388,39.7742049],[119.1494443,39.7737224],[119.1518763,39.7730535],[119.1542112,39.7722044],[119.1564267,39.7711836],[119.1585013,39.7700007],[119.1604151,39.7686671],[119.1621497,39.7671958],[119.1636884,39.7656008],[119.1650163,39.7638976],[119.1661206,39.7621025],[119.1669908,39.7602328],[119.1676184,39.7583066],[119.1679974,39.7563424],[119.1681241,39.754359],[119.1679974,39.7523756],[119.1676184,39.7504114],[119.1669908,39.7484852],[119.1661206,39.7466155],[119.1650163,39.7448204],[119.1636884,39.7431172],[119.1621497,39.7415222],[119.1604151,39.7400509],[119.1585013,39.7387173],[119.1564267,39.7375344],[119.1542112,39.7365136],[119.1518763,39.7356645],[119.1494443,39.7349956],[119.1469388,39.7345131],[119.1443838,39.7342217],[119.141804,39.7341243],[119.1392242,39.7342217],[119.1366692,39.7345131],[119.1341637,39.7349956],[119.1317317,39.7356645],[119.1293968,39.7365136],[119.1271813,39.7375344],[119.1251067,39.7387173],[119.1231929,39.7400509],[119.1214583,39.7415222],[119.1199196,39.7431172],[119.1185917,39.7448204],[119.1174874,39.7466155],[119.1166172,39.7484852],[119.1159896,39.7504114],[119.1156106,39.7523756],[119.1154839,39.754359],[119.1156106,39.7563424],[119.1159896,39.7583066],[119.1166172,39.7602328],[119.1174874,39.7621025],[119.1185917,39.7638976],[119.1199196,39.7656008],[119.1214583,39.7671958],[119.1231929,39.7686671],[119.1251067,39.7700007],[119.1271813,39.7711836],[119.1293968,39.7722044],[119.1317317,39.7730535],[119.1341637,39.7737224],[119.1366692,39.7742049],[119.1392242,39.7744963],[119.141804,39.7745937]]]},"properties":{"name":"碣石山仙台顶695.1","peak_elev":690,"eq_radius":2250,"layer":"等效突出半径","rank_pct":0.2205,"center_lon":119.141804,"center_lat":39.754359,"max_mean_jut":104.3779,"max_ats":65.5165,"r_prominence":2250,"r_base":6000}},{"type":"Feature","geometry":{"type":"Polygon","coordinates":[[[118.298017,40.8523027],[118.3006383,40.8522053],[118.3032344,40.8519139],[118.3057802,40.8514314],[118.3082512,40.8507625],[118.3106237,40.8499134],[118.3128748,40.8488926],[118.3149827,40.8477097],[118.3169273,40.8463761],[118.3186898,40.8449048],[118.3202532,40.8433098],[118.3216025,40.8416066],[118.3227246,40.8398115],[118.3236087,40.8379418],[118.3242464,40.8360156],[118.3246315,40.8340514],[118.3247603,40.832068],[118.3246315,40.8300846],[118.3242464,40.8281204],[118.3236087,40.8261942],[118.3227246,40.8243245],[118.3216025,40.8225294],[118.3202532,40.8208262],[118.3186898,40.8192312],[118.3169273,40.8177599],[118.3149827,40.8164263],[118.3128748,40.8152434],[118.3106237,40.8142226],[118.3082512,40.8133735],[118.3057802,40.8127046],[118.3032344,40.8122221],[118.3006383,40.8119307],[118.298017,40.8118333],[118.2953957,40.8119307],[118.2927996,40.8122221],[118.2902538,40.8127046],[118.2877828,40.8133735],[118.2854103,40.8142226],[118.2831592,40.8152434],[118.2810513,40.8164263],[118.2791067,40.8177599],[118.2773442,40.8192312],[118.2757808,40.8208262],[118.2744315,40.8225294],[118.2733094,40.8243245],[118.2724253,40.8261942],[118.2717876,40.8281204],[118.2714025,40.8300846],[118.2712737,40.832068],[118.2714025,40.8340514],[118.2717876,40.8360156],[118.2724253,40.8379418],[118.2733094,40.8398115],[118.2744315,40.8416066],[118.2757808,40.8433098],[118.2773442,40.8449048],[118.2791067,40.8463761],[118.2810513,40.8477097],[118.2831592,40.8488926],[118.2854103,40.8499134],[118.2877828,40.8507625],[118.2902538,40.8514314],[118.2927996,40.8519139],[118.2953957,40.8522053],[118.298017,40.8523027]]]},"properties":{"name":"牛盘山1244.5","peak_elev":1130,"eq_radius":2250,"layer":"等效突出半径","rank_pct":0.2205,"center_lon":118.298017,"center_lat":40.832068,"max_mean_jut":103.7521,"max_ats":61.309,"r_prominence":2250,"r_base":2250}},{"type":"Feature","geometry":{"type":"Polygon","coordinates":[[[118.085116,40.9226407],[118.0877401,40.9225433],[118.0903389,40.9222519],[118.0928874,40.9217694],[118.0953611,40.9211005],[118.0977361,40.9202514],[118.0999896,40.9192306],[118.1020998,40.9180477],[118.1040464,40.9167141],[118.1058108,40.9152428],[118.1073758,40.9136478],[118.1087265,40.9119446],[118.1098498,40.9101495],[118.1107349,40.9082798],[118.1113733,40.9063536],[118.1117588,40.9043894],[118.1118877,40.902406],[118.1117588,40.9004226],[118.1113733,40.8984584],[118.1107349,40.8965322],[118.1098498,40.8946625],[118.1087265,40.8928674],[118.1073758,40.8911642],[118.1058108,40.8895692],[118.1040464,40.8880979],[118.1020998,40.8867643],[118.0999896,40.8855814],[118.0977361,40.8845606],[118.0953611,40.8837115],[118.0928874,40.8830426],[118.0903389,40.8825601],[118.0877401,40.8822687],[118.085116,40.8821713],[118.0824919,40.8822687],[118.0798931,40.8825601],[118.0773446,40.8830426],[118.0748709,40.8837115],[118.0724959,40.8845606],[118.0702424,40.8855814],[118.0681322,40.8867643],[118.0661856,40.8880979],[118.0644212,40.8895692],[118.0628562,40.8911642],[118.0615055,40.8928674],[118.0603822,40.8946625],[118.0594971,40.8965322],[118.0588587,40.8984584],[118.0584732,40.9004226],[118.0583443,40.902406],[118.0584732,40.9043894],[118.0588587,40.9063536],[118.0594971,40.9082798],[118.0603822,40.9101495],[118.0615055,40.9119446],[118.0628562,40.9136478],[118.0644212,40.9152428],[118.0661856,40.9167141],[118.0681322,40.9180477],[118.0702424,40.9192306],[118.0724959,40.9202514],[118.0748709,40.9211005],[118.0773446,40.9217694],[118.0798931,40.9222519],[118.0824919,40.9225433],[118.085116,40.9226407]]]},"properties":{"name":"猫耳山1046.1","peak_elev":1044,"eq_radius":2250,"layer":"等效突出半径","rank_pct":0.2205,"center_lon":118.085116,"center_lat":40.902406,"max_mean_jut":80.7887,"max_ats":46.4058,"r_prominence":2250,"r_base":3500}},{"type":"Feature","geometry":{"type":"Polygon","coordinates":[[[118.379404,41.0379845],[118.3820327,41.0378871],[118.384636,41.0375957],[118.387189,41.0371132],[118.389667,41.0364442],[118.3920462,41.0355952],[118.3943036,41.0345744],[118.3964175,41.0333914],[118.3983676,41.0320579],[118.400135,41.0305866],[118.4017028,41.0289916],[118.4030558,41.0272884],[118.4041811,41.0254933],[118.4050677,41.0236236],[118.4057072,41.0216974],[118.4060934,41.0197331],[118.4062225,41.0177498],[118.4060934,41.0157664],[118.4057072,41.0138022],[118.4050677,41.011876],[118.4041811,41.0100063],[118.4030558,41.0082112],[118.4017028,41.006508],[118.400135,41.004913],[118.3983676,41.0034417],[118.3964175,41.0021081],[118.3943036,41.0009252],[118.3920462,40.9999043],[118.389667,40.9990553],[118.387189,40.9983864],[118.384636,40.9979039],[118.3820327,40.9976125],[118.379404,40.9975151],[118.3767753,40.9976125],[118.374172,40.9979039],[118.371619,40.9983864],[118.369141,40.9990553],[118.3667618,40.9999043],[118.3645044,41.0009252],[118.3623905,41.0021081],[118.3604404,41.0034417],[118.358673,41.004913],[118.3571052,41.006508],[118.3557522,41.0082112],[118.3546269,41.0100063],[118.3537403,41.011876],[118.3531008,41.0138022],[118.3527146,41.0157664],[118.3525855,41.0177498],[118.3527146,41.0197331],[118.3531008,41.0216974],[118.3537403,41.0236236],[118.3546269,41.0254933],[118.3557522,41.0272884],[118.3571052,41.0289916],[118.358673,41.0305866],[118.3604404,41.0320579],[118.3623905,41.0333914],[118.3645044,41.0345744],[118.3667618,41.0355952],[118.369141,41.0364442],[118.371619,41.0371132],[118.374172,41.0375957],[118.3767753,41.0378871],[118.379404,41.0379845]]]},"properties":{"name":"西沟脑1183(2)","peak_elev":1173,"eq_radius":2250,"layer":"等效突出半径","rank_pct":0.2205,"center_lon":118.379404,"center_lat":41.01774978637695,"max_mean_jut":116.9692,"max_ats":70.9601,"r_prominence":2250,"r_base":3000}},{"type":"Feature","geometry":{"type":"Polygon","coordinates":[[[119.554131,40.3300217],[119.5567319,40.3299243],[119.5593078,40.3296329],[119.5618338,40.3291504],[119.5642856,40.3284815],[119.5666397,40.3276324],[119.5688732,40.3266116],[119.5709648,40.3254287],[119.5728943,40.3240951],[119.5746431,40.3226238],[119.5761943,40.3210288],[119.5775331,40.3193256],[119.5786465,40.3175305],[119.5795237,40.3156608],[119.5801565,40.3137346],[119.5805386,40.3117704],[119.5806663,40.309787],[119.5805386,40.3078036],[119.5801565,40.3058394],[119.5795237,40.3039132],[119.5786465,40.3020435],[119.5775331,40.3002484],[119.5761943,40.2985452],[119.5746431,40.2969502],[119.5728943,40.2954789],[119.5709648,40.2941453],[119.5688732,40.2929624],[119.5666397,40.2919416],[119.5642856,40.2910925],[119.5618338,40.2904236],[119.5593078,40.2899411],[119.5567319,40.2896497],[119.554131,40.2895523],[119.5515301,40.2896497],[119.5489542,40.2899411],[119.5464282,40.2904236],[119.5439764,40.2910925],[119.5416223,40.2919416],[119.5393888,40.2929624],[119.5372972,40.2941453],[119.5353677,40.2954789],[119.5336189,40.2969502],[119.5320677,40.2985452],[119.5307289,40.3002484],[119.5296155,40.3020435],[119.5287383,40.3039132],[119.5281055,40.3058394],[119.5277234,40.3078036],[119.5275957,40.309787],[119.5277234,40.3117704],[119.5281055,40.3137346],[119.5287383,40.3156608],[119.5296155,40.3175305],[119.5307289,40.3193256],[119.5320677,40.3210288],[119.5336189,40.3226238],[119.5353677,40.3240951],[119.5372972,40.3254287],[119.5393888,40.3266116],[119.5416223,40.3276324],[119.5439764,40.3284815],[119.5464282,40.3291504],[119.5489542,40.3296329],[119.5515301,40.3299243],[119.554131,40.3300217]]]},"properties":{"name":"鞍子山1167.7","peak_elev":1168,"eq_radius":2250,"layer":"等效突出半径","rank_pct":0.2205,"center_lon":119.554131,"center_lat":40.309787,"max_mean_jut":118.982,"max_ats":74.4537,"r_prominence":2250,"r_base":2500}},{"type":"Feature","geometry":{"type":"Polygon","coordinates":[[[119.396746,40.1260574],[119.3990511,40.1259708],[119.4013339,40.1257118],[119.4035726,40.1252829],[119.4057455,40.1246883],[119.4078318,40.1239336],[119.4098113,40.1230262],[119.411665,40.1219747],[119.4133749,40.1207893],[119.4149248,40.1194815],[119.4162996,40.1180637],[119.417486,40.1165497],[119.4184728,40.1149541],[119.4192503,40.1132922],[119.419811,40.11158],[119.4201496,40.109834],[119.4202629,40.108071],[119.4201496,40.106308],[119.419811,40.104562],[119.4192503,40.1028498],[119.4184728,40.1011879],[119.417486,40.0995923],[119.4162996,40.0980783],[119.4149248,40.0966605],[119.4133749,40.0953527],[119.411665,40.0941673],[119.4098113,40.0931158],[119.4078318,40.0922084],[119.4057455,40.0914537],[119.4035726,40.0908591],[119.4013339,40.0904302],[119.3990511,40.0901712],[119.396746,40.0900846],[119.3944409,40.0901712],[119.3921581,40.0904302],[119.3899194,40.0908591],[119.3877465,40.0914537],[119.3856602,40.0922084],[119.3836807,40.0931158],[119.381827,40.0941673],[119.3801171,40.0953527],[119.3785672,40.0966605],[119.3771924,40.0980783],[119.376006,40.0995923],[119.3750192,40.1011879],[119.3742417,40.1028498],[119.373681,40.104562],[119.3733424,40.106308],[119.3732291,40.108071],[119.3733424,40.109834],[119.373681,40.11158],[119.3742417,40.1132922],[119.3750192,40.1149541],[119.376006,40.1165497],[119.3771924,40.1180637],[119.3785672,40.1194815],[119.3801171,40.1207893],[119.381827,40.1219747],[119.3836807,40.1230262],[119.3856602,40.1239336],[119.3877465,40.1246883],[119.3899194,40.1252829],[119.3921581,40.1257118],[119.3944409,40.1259708],[119.396746,40.1260574]]]},"properties":{"name":"1203无名峰","peak_elev":1203,"eq_radius":2000,"layer":"等效突出半径","rank_pct":0.2717,"center_lon":119.396746,"center_lat":40.108071,"max_mean_jut":108.7793,"max_ats":51.1177,"r_prominence":2000,"r_base":10000}},{"type":"Feature","geometry":{"type":"Polygon","coordinates":[[[118.293166,40.5794814],[118.2954866,40.5793948],[118.2977848,40.5791358],[118.3000386,40.5787069],[118.3022262,40.5781123],[118.3043265,40.5773576],[118.3063194,40.5764502],[118.3081855,40.5753987],[118.3099071,40.5742133],[118.3114674,40.5729055],[118.3128514,40.5714877],[118.3140459,40.5699737],[118.3150393,40.5683781],[118.315822,40.5667162],[118.3163865,40.565004],[118.3167274,40.563258],[118.3168414,40.561495],[118.3167274,40.559732],[118.3163865,40.557986],[118.315822,40.5562738],[118.3150393,40.5546119],[118.3140459,40.5530163],[118.3128514,40.5515023],[118.3114674,40.5500845],[118.3099071,40.5487767],[118.3081855,40.5475913],[118.3063194,40.5465398],[118.3043265,40.5456324],[118.3022262,40.5448777],[118.3000386,40.5442831],[118.2977848,40.5438542],[118.2954866,40.5435952],[118.293166,40.5435086],[118.2908454,40.5435952],[118.2885472,40.5438542],[118.2862934,40.5442831],[118.2841058,40.5448777],[118.2820055,40.5456324],[118.2800126,40.5465398],[118.2781465,40.5475913],[118.2764249,40.5487767],[118.2748646,40.5500845],[118.2734806,40.5515023],[118.2722861,40.5530163],[118.2712927,40.5546119],[118.27051,40.5562738],[118.2699455,40.557986],[118.2696046,40.559732],[118.2694906,40.561495],[118.2696046,40.563258],[118.2699455,40.565004],[118.27051,40.5667162],[118.2712927,40.5683781],[118.2722861,40.5699737],[118.2734806,40.5714877],[118.2748646,40.5729055],[118.2764249,40.5742133],[118.2781465,40.5753987],[118.2800126,40.5764502],[118.2820055,40.5773576],[118.2841058,40.5781123],[118.2862934,40.5787069],[118.2885472,40.5791358],[118.2908454,40.5793948],[118.293166,40.5794814]]]},"properties":{"name":"925无名峰(1)","peak_elev":925,"eq_radius":2000,"layer":"等效突出半径","rank_pct":0.2717,"center_lon":118.293166,"center_lat":40.561495,"max_mean_jut":123.1938,"max_ats":77.8742,"r_prominence":2000,"r_base":3000}},{"type":"Feature","geometry":{"type":"Polygon","coordinates":[[[118.423197,40.5220796],[118.4255156,40.521993],[118.4278119,40.521734],[118.4300637,40.5213051],[118.4322494,40.5207105],[118.434348,40.5199558],[118.4363391,40.5190483],[118.4382037,40.5179969],[118.4399237,40.5168115],[118.4414827,40.5155036],[118.4428656,40.5140859],[118.444059,40.5125719],[118.4450515,40.5109763],[118.4458336,40.5093144],[118.4463976,40.5076021],[118.4467383,40.5058561],[118.4468522,40.5040932],[118.4467383,40.5023302],[118.4463976,40.5005842],[118.4458336,40.498872],[118.4450515,40.4972101],[118.444059,40.4956144],[118.4428656,40.4941004],[118.4414827,40.4926827],[118.4399237,40.4913748],[118.4382037,40.4901895],[118.4363391,40.489138],[118.434348,40.4882306],[118.4322494,40.4874759],[118.4300637,40.4868812],[118.4278119,40.4864523],[118.4255156,40.4861933],[118.423197,40.4861067],[118.4208784,40.4861933],[118.4185821,40.4864523],[118.4163303,40.4868812],[118.4141446,40.4874759],[118.412046,40.4882306],[118.4100549,40.489138],[118.4081903,40.4901895],[118.4064703,40.4913748],[118.4049113,40.4926827],[118.4035284,40.4941004],[118.402335,40.4956144],[118.4013425,40.4972101],[118.4005604,40.498872],[118.3999964,40.5005842],[118.3996557,40.5023302],[118.3995418,40.5040932],[118.3996557,40.5058561],[118.3999964,40.5076021],[118.4005604,40.5093144],[118.4013425,40.5109763],[118.402335,40.5125719],[118.4035284,40.5140859],[118.4049113,40.5155036],[118.4064703,40.5168115],[118.4081903,40.5179969],[118.4100549,40.5190483],[118.412046,40.5199558],[118.4141446,40.5207105],[118.4163303,40.5213051],[118.4185821,40.521734],[118.4208784,40.521993],[118.423197,40.5220796]]]},"properties":{"name":"946无名峰","peak_elev":946,"eq_radius":2000,"layer":"等效突出半径","rank_pct":0.2717,"center_lon":118.423197,"center_lat":40.504093170166016,"max_mean_jut":96.4308,"max_ats":59.6617,"r_prominence":2000,"r_base":2750}},{"type":"Feature","geometry":{"type":"Polygon","coordinates":[[[118.0244827,40.5339374],[118.0268017,40.5338508],[118.0290984,40.5335918],[118.0313507,40.5331629],[118.0335368,40.5325683],[118.0356357,40.5318136],[118.0376272,40.5309062],[118.0394921,40.5298547],[118.0412124,40.5286693],[118.0427717,40.5273615],[118.0441548,40.5259437],[118.0453484,40.5244297],[118.0463411,40.5228341],[118.0471233,40.5211722],[118.0476875,40.51946],[118.0480282,40.517714],[118.0481421,40.515951],[118.0480282,40.514188],[118.0476875,40.512442],[118.0471233,40.5107298],[118.0463411,40.5090679],[118.0453484,40.5074723],[118.0441548,40.5059583],[118.0427717,40.5045405],[118.0412124,40.5032327],[118.0394921,40.5020473],[118.0376272,40.5009958],[118.0356357,40.5000884],[118.0335368,40.4993337],[118.0313507,40.4987391],[118.0290984,40.4983102],[118.0268017,40.4980512],[118.0244827,40.4979646],[118.0221637,40.4980512],[118.019867,40.4983102],[118.0176148,40.4987391],[118.0154287,40.4993337],[118.0133298,40.5000884],[118.0113383,40.5009958],[118.0094734,40.5020473],[118.007753,40.5032327],[118.0061938,40.5045405],[118.0048107,40.5059583],[118.003617,40.5074723],[118.0026243,40.5090679],[118.0018421,40.5107298],[118.001278,40.512442],[118.0009373,40.514188],[118.0008234,40.515951],[118.0009373,40.517714],[118.001278,40.51946],[118.0018421,40.5211722],[118.0026243,40.5228341],[118.003617,40.5244297],[118.0048107,40.5259437],[118.0061938,40.5273615],[118.007753,40.5286693],[118.0094734,40.5298547],[118.0113383,40.5309062],[118.0133298,40.5318136],[118.0154287,40.5325683],[118.0176148,40.5331629],[118.019867,40.5335918],[118.0221637,40.5338508],[118.0244827,40.5339374]]]},"properties":{"name":"兴隆五指山1383.7","peak_elev":1391,"eq_radius":2000,"layer":"等效突出半径","rank_pct":0.2717,"center_lon":118.02448272705078,"center_lat":40.515951,"max_mean_jut":217.4573,"max_ats":132.5325,"r_prominence":2000,"r_base":3500}},{"type":"Feature","geometry":{"type":"Polygon","coordinates":[[[118.013026,40.5153428],[118.0153444,40.5152562],[118.0176404,40.5149972],[118.019892,40.5145684],[118.0220775,40.5139737],[118.0241758,40.513219],[118.0261668,40.5123116],[118.0280312,40.5112601],[118.029751,40.5100747],[118.0313099,40.5087669],[118.0326926,40.5073491],[118.0338859,40.5058352],[118.0348783,40.5042395],[118.0356603,40.5025776],[118.0362243,40.5008654],[118.0365649,40.4991194],[118.0366788,40.4973564],[118.0365649,40.4955934],[118.0362243,40.4938474],[118.0356603,40.4921352],[118.0348783,40.4904733],[118.0338859,40.4888777],[118.0326926,40.4873637],[118.0313099,40.4859459],[118.029751,40.4846381],[118.0280312,40.4834527],[118.0261668,40.4824012],[118.0241758,40.4814938],[118.0220775,40.4807391],[118.019892,40.4801445],[118.0176404,40.4797156],[118.0153444,40.4794566],[118.013026,40.47937],[118.0107076,40.4794566],[118.0084116,40.4797156],[118.00616,40.4801445],[118.0039745,40.4807391],[118.0018762,40.4814938],[117.9998852,40.4824012],[117.9980208,40.4834527],[117.996301,40.4846381],[117.9947421,40.4859459],[117.9933594,40.4873637],[117.9921661,40.4888777],[117.9911737,40.4904733],[117.9903917,40.4921352],[117.9898277,40.4938474],[117.9894871,40.4955934],[117.9893732,40.4973564],[117.9894871,40.4991194],[117.9898277,40.5008654],[117.9903917,40.5025776],[117.9911737,40.5042395],[117.9921661,40.5058352],[117.9933594,40.5073491],[117.9947421,40.5087669],[117.996301,40.5100747],[117.9980208,40.5112601],[117.9998852,40.5123116],[118.0018762,40.513219],[118.0039745,40.5139737],[118.00616,40.5145684],[118.0084116,40.5149972],[118.0107076,40.5152562],[118.013026,40.5153428]]]},"properties":{"name":"十二顶1254","peak_elev":1291,"eq_radius":2000,"layer":"等效突出半径","rank_pct":0.2717,"center_lon":118.013026,"center_lat":40.49735641479492,"max_mean_jut":143.4977,"max_ats":68.4093,"r_prominence":2000,"r_base":2250}},{"type":"Feature","geometry":{"type":"Polygon","coordinates":[[[120.190408,41.0923294],[120.1927466,41.0922428],[120.1950627,41.0919838],[120.197334,41.0915549],[120.1995385,41.0909603],[120.2016551,41.0902056],[120.2036635,41.0892982],[120.2055441,41.0882467],[120.207279,41.0870613],[120.2088514,41.0857535],[120.2102462,41.0843357],[120.2114499,41.0828217],[120.212451,41.0812261],[120.2132398,41.0795642],[120.2138087,41.077852],[120.2141523,41.076106],[120.2142672,41.074343],[120.2141523,41.07258],[120.2138087,41.070834],[120.2132398,41.0691218],[120.212451,41.0674599],[120.2114499,41.0658643],[120.2102462,41.0643503],[120.2088514,41.0629325],[120.207279,41.0616247],[120.2055441,41.0604393],[120.2036635,41.0593878],[120.2016551,41.0584804],[120.1995385,41.0577257],[120.197334,41.0571311],[120.1950627,41.0567022],[120.1927466,41.0564432],[120.190408,41.0563566],[120.1880694,41.0564432],[120.1857533,41.0567022],[120.183482,41.0571311],[120.1812775,41.0577257],[120.1791609,41.0584804],[120.1771525,41.0593878],[120.1752719,41.0604393],[120.173537,41.0616247],[120.1719646,41.0629325],[120.1705698,41.0643503],[120.1693661,41.0658643],[120.168365,41.0674599],[120.1675762,41.0691218],[120.1670073,41.070834],[120.1666637,41.07258],[120.1665488,41.074343],[120.1666637,41.076106],[120.1670073,41.077852],[120.1675762,41.0795642],[120.168365,41.0812261],[120.1693661,41.0828217],[120.1705698,41.0843357],[120.1719646,41.0857535],[120.173537,41.0870613],[120.1752719,41.0882467],[120.1771525,41.0892982],[120.1791609,41.0902056],[120.1812775,41.0909603],[120.183482,41.0915549],[120.1857533,41.0919838],[120.1880694,41.0922428],[120.190408,41.0923294]]]},"properties":{"name":"大柏山851","peak_elev":844,"eq_radius":2000,"layer":"等效突出半径","rank_pct":0.2717,"center_lon":120.190408,"center_lat":41.074343,"max_mean_jut":78.1717,"max_ats":48.0919,"r_prominence":2000,"r_base":3000}},{"type":"Feature","geometry":{"type":"Polygon","coordinates":[[[118.343022,40.6910524],[118.3453465,40.6909658],[118.3476486,40.6907068],[118.3499061,40.6902779],[118.3520973,40.6896833],[118.3542012,40.6889286],[118.3561974,40.6880212],[118.3580666,40.6869697],[118.359791,40.6857843],[118.361354,40.6844765],[118.3627403,40.6830587],[118.3639368,40.6815447],[118.3649318,40.6799491],[118.3657159,40.6782872],[118.3662813,40.676575],[118.3666228,40.674829],[118.366737,40.673066],[118.3666228,40.671303],[118.3662813,40.669557],[118.3657159,40.6678448],[118.3649318,40.6661829],[118.3639368,40.6645873],[118.3627403,40.6630733],[118.361354,40.6616555],[118.359791,40.6603477],[118.3580666,40.6591623],[118.3561974,40.6581108],[118.3542012,40.6572034],[118.3520973,40.6564487],[118.3499061,40.6558541],[118.3476486,40.6554252],[118.3453465,40.6551662],[118.343022,40.6550796],[118.3406975,40.6551662],[118.3383954,40.6554252],[118.3361379,40.6558541],[118.3339467,40.6564487],[118.3318428,40.6572034],[118.3298466,40.6581108],[118.3279774,40.6591623],[118.326253,40.6603477],[118.32469,40.6616555],[118.3233037,40.6630733],[118.3221072,40.6645873],[118.3211122,40.6661829],[118.3203281,40.6678448],[118.3197627,40.669557],[118.3194212,40.671303],[118.319307,40.673066],[118.3194212,40.674829],[118.3197627,40.676575],[118.3203281,40.6782872],[118.3211122,40.6799491],[118.3221072,40.6815447],[118.3233037,40.6830587],[118.32469,40.6844765],[118.326253,40.6857843],[118.3279774,40.6869697],[118.3298466,40.6880212],[118.3318428,40.6889286],[118.3339467,40.6896833],[118.3361379,40.6902779],[118.3383954,40.6907068],[118.3406975,40.6909658],[118.343022,40.6910524]]]},"properties":{"name":"牛盘山1136","peak_elev":1242,"eq_radius":2000,"layer":"等效突出半径","rank_pct":0.2717,"center_lon":118.343022,"center_lat":40.673066,"max_mean_jut":120.6568,"max_ats":68.7624,"r_prominence":2000,"r_base":2000}},{"type":"Feature","geometry":{"type":"Polygon","coordinates":[[[118.351377,40.8430474],[118.3537068,40.8429608],[118.3560142,40.8427018],[118.3582769,40.8422729],[118.3604731,40.8416783],[118.3625818,40.8409236],[118.3645825,40.8400162],[118.3664561,40.8389647],[118.3681844,40.8377793],[118.3697509,40.8364715],[118.3711404,40.8350537],[118.3723396,40.8335397],[118.373337,40.8319441],[118.3741228,40.8302822],[118.3746896,40.82857],[118.3750318,40.826824],[118.3751463,40.825061],[118.3750318,40.823298],[118.3746896,40.821552],[118.3741228,40.8198398],[118.373337,40.8181779],[118.3723396,40.8165823],[118.3711404,40.8150683],[118.3697509,40.8136505],[118.3681844,40.8123427],[118.3664561,40.8111573],[118.3645825,40.8101058],[118.3625818,40.8091984],[118.3604731,40.8084437],[118.3582769,40.8078491],[118.3560142,40.8074202],[118.3537068,40.8071612],[118.351377,40.8070746],[118.3490472,40.8071612],[118.3467398,40.8074202],[118.3444771,40.8078491],[118.3422809,40.8084437],[118.3401722,40.8091984],[118.3381715,40.8101058],[118.3362979,40.8111573],[118.3345696,40.8123427],[118.3330031,40.8136505],[118.3316136,40.8150683],[118.3304144,40.8165823],[118.329417,40.8181779],[118.3286312,40.8198398],[118.3280644,40.821552],[118.3277222,40.823298],[118.3276077,40.825061],[118.3277222,40.826824],[118.3280644,40.82857],[118.3286312,40.8302822],[118.329417,40.8319441],[118.3304144,40.8335397],[118.3316136,40.8350537],[118.3330031,40.8364715],[118.3345696,40.8377793],[118.3362979,40.8389647],[118.3381715,40.8400162],[118.3401722,40.8409236],[118.3422809,40.8416783],[118.3444771,40.8422729],[118.3467398,40.8427018],[118.3490472,40.8429608],[118.351377,40.8430474]]]},"properties":{"name":"甲山梁1129.2","peak_elev":1135,"eq_radius":2000,"layer":"等效突出半径","rank_pct":0.2717,"center_lon":118.351377,"center_lat":40.825061,"max_mean_jut":92.3666,"max_ats":54.8066,"r_prominence":2000,"r_base":2500}},{"type":"Feature","geometry":{"type":"Polygon","coordinates":[[[119.570975,40.3574184],[119.5732879,40.3573318],[119.5755786,40.3570728],[119.5778249,40.3566439],[119.5800053,40.3560493],[119.5820987,40.3552946],[119.584085,40.3543872],[119.585945,40.3533357],[119.5876608,40.3521503],[119.589216,40.3508425],[119.5905955,40.3494247],[119.591786,40.3479107],[119.5927761,40.3463151],[119.5935562,40.3446532],[119.5941189,40.342941],[119.5944587,40.341195],[119.5945723,40.339432],[119.5944587,40.337669],[119.5941189,40.335923],[119.5935562,40.3342108],[119.5927761,40.3325489],[119.591786,40.3309533],[119.5905955,40.3294393],[119.589216,40.3280215],[119.5876608,40.3267137],[119.585945,40.3255283],[119.584085,40.3244768],[119.5820987,40.3235694],[119.5800053,40.3228147],[119.5778249,40.3222201],[119.5755786,40.3217912],[119.5732879,40.3215322],[119.570975,40.3214456],[119.5686621,40.3215322],[119.5663714,40.3217912],[119.5641251,40.3222201],[119.5619447,40.3228147],[119.5598513,40.3235694],[119.557865,40.3244768],[119.556005,40.3255283],[119.5542892,40.3267137],[119.552734,40.3280215],[119.5513545,40.3294393],[119.550164,40.3309533],[119.5491739,40.3325489],[119.5483938,40.3342108],[119.5478311,40.335923],[119.5474913,40.337669],[119.5473777,40.339432],[119.5474913,40.341195],[119.5478311,40.342941],[119.5483938,40.3446532],[119.5491739,40.3463151],[119.550164,40.3479107],[119.5513545,40.3494247],[119.552734,40.3508425],[119.5542892,40.3521503],[119.556005,40.3533357],[119.557865,40.3543872],[119.5598513,40.3552946],[119.5619447,40.3560493],[119.5641251,40.3566439],[119.5663714,40.3570728],[119.5686621,40.3573318],[119.570975,40.3574184]]]},"properties":{"name":"秃老顶1100.9","peak_elev":1099,"eq_radius":2000,"layer":"等效突出半径","rank_pct":0.2717,"center_lon":119.570975,"center_lat":40.339432,"max_mean_jut":105.1137,"max_ats":65.737,"r_prominence":2000,"r_base":2000}},{"type":"Feature","geometry":{"type":"Polygon","coordinates":[[[118.259749,40.6446992],[118.2620719,40.6446126],[118.2643724,40.6443536],[118.2666283,40.6439247],[118.268818,40.6433301],[118.2709204,40.6425754],[118.2729152,40.641668],[118.2747832,40.6406165],[118.2765064,40.6394311],[118.2780682,40.6381233],[118.2794536,40.6367055],[118.2806492,40.6351915],[118.2816436,40.6335959],[118.2824271,40.631934],[118.2829922,40.6302218],[118.2833334,40.6284758],[118.2834475,40.6267128],[118.2833334,40.6249498],[118.2829922,40.6232038],[118.2824271,40.6214916],[118.2816436,40.6198297],[118.2806492,40.6182341],[118.2794536,40.6167201],[118.2780682,40.6153023],[118.2765064,40.6139945],[118.2747832,40.6128091],[118.2729152,40.6117576],[118.2709204,40.6108502],[118.268818,40.6100955],[118.2666283,40.6095009],[118.2643724,40.609072],[118.2620719,40.608813],[118.259749,40.6087264],[118.2574261,40.608813],[118.2551256,40.609072],[118.2528697,40.6095009],[118.25068,40.6100955],[118.2485776,40.6108502],[118.2465828,40.6117576],[118.2447148,40.6128091],[118.2429916,40.6139945],[118.2414298,40.6153023],[118.2400444,40.6167201],[118.2388488,40.6182341],[118.2378544,40.6198297],[118.2370709,40.6214916],[118.2365058,40.6232038],[118.2361646,40.6249498],[118.2360505,40.6267128],[118.2361646,40.6284758],[118.2365058,40.6302218],[118.2370709,40.631934],[118.2378544,40.6335959],[118.2388488,40.6351915],[118.2400444,40.6367055],[118.2414298,40.6381233],[118.2429916,40.6394311],[118.2447148,40.6406165],[118.2465828,40.641668],[118.2485776,40.6425754],[118.25068,40.6433301],[118.2528697,40.6439247],[118.2551256,40.6443536],[118.2574261,40.6446126],[118.259749,40.6446992]]]},"properties":{"name":"窟窿洞972","peak_elev":975,"eq_radius":2000,"layer":"等效突出半径","rank_pct":0.2717,"center_lon":118.259749,"center_lat":40.626712799072266,"max_mean_jut":110.3796,"max_ats":64.1418,"r_prominence":2000,"r_base":2250}},{"type":"Feature","geometry":{"type":"Polygon","coordinates":[[[118.925939,40.8045094],[118.9282674,40.8044228],[118.9305735,40.8041638],[118.9328349,40.8037349],[118.9350298,40.8031403],[118.9371373,40.8023856],[118.9391368,40.8014782],[118.9410093,40.8004267],[118.9427367,40.7992413],[118.9443022,40.7979335],[118.945691,40.7965157],[118.9468895,40.7950017],[118.9478862,40.7934061],[118.9486716,40.7917442],[118.949238,40.790032],[118.9495801,40.788286],[118.9496945,40.786523],[118.9495801,40.78476],[118.949238,40.783014],[118.9486716,40.7813018],[118.9478862,40.7796399],[118.9468895,40.7780443],[118.945691,40.7765303],[118.9443022,40.7751125],[118.9427367,40.7738047],[118.9410093,40.7726193],[118.9391368,40.7715678],[118.9371373,40.7706604],[118.9350298,40.7699057],[118.9328349,40.7693111],[118.9305735,40.7688822],[118.9282674,40.7686232],[118.925939,40.7685366],[118.9236106,40.7686232],[118.9213045,40.7688822],[118.9190431,40.7693111],[118.9168482,40.7699057],[118.9147407,40.7706604],[118.9127412,40.7715678],[118.9108687,40.7726193],[118.9091413,40.7738047],[118.9075758,40.7751125],[118.906187,40.7765303],[118.9049885,40.7780443],[118.9039918,40.7796399],[118.9032064,40.7813018],[118.90264,40.783014],[118.9022979,40.78476],[118.9021835,40.786523],[118.9022979,40.788286],[118.90264,40.790032],[118.9032064,40.7917442],[118.9039918,40.7934061],[118.9049885,40.7950017],[118.906187,40.7965157],[118.9075758,40.7979335],[118.9091413,40.7992413],[118.9108687,40.8004267],[118.9127412,40.8014782],[118.9147407,40.8023856],[118.9168482,40.8031403],[118.9190431,40.8037349],[118.9213045,40.8041638],[118.9236106,40.8044228],[118.925939,40.8045094]]]},"properties":{"name":"红石砬子1257","peak_elev":1258,"eq_radius":2000,"layer":"等效突出半径","rank_pct":0.2717,"center_lon":118.925939,"center_lat":40.786523,"max_mean_jut":135.8149,"max_ats":84.5843,"r_prominence":2000,"r_base":2500}},{"type":"Feature","geometry":{"type":"Polygon","coordinates":[[[119.7624512,40.3727794],[119.7647646,40.3726928],[119.7670558,40.3724338],[119.7693027,40.3720049],[119.7714835,40.3714103],[119.7735774,40.3706556],[119.7755641,40.3697482],[119.7774246,40.3686967],[119.7791408,40.3675113],[119.7806963,40.3662035],[119.7820761,40.3647857],[119.7832669,40.3632717],[119.7842572,40.3616761],[119.7850376,40.3600142],[119.7856004,40.358302],[119.7859402,40.356556],[119.7860539,40.354793],[119.7859402,40.35303],[119.7856004,40.351284],[119.7850376,40.3495718],[119.7842572,40.3479099],[119.7832669,40.3463143],[119.7820761,40.3448003],[119.7806963,40.3433825],[119.7791408,40.3420747],[119.7774246,40.3408893],[119.7755641,40.3398378],[119.7735774,40.3389304],[119.7714835,40.3381757],[119.7693027,40.3375811],[119.7670558,40.3371522],[119.7647646,40.3368932],[119.7624512,40.3368066],[119.7601377,40.3368932],[119.7578465,40.3371522],[119.7555997,40.3375811],[119.7534188,40.3381757],[119.7513249,40.3389304],[119.7493382,40.3398378],[119.7474778,40.3408893],[119.7457615,40.3420747],[119.744206,40.3433825],[119.7428262,40.3448003],[119.7416354,40.3463143],[119.7406451,40.3479099],[119.7398648,40.3495718],[119.739302,40.351284],[119.7389621,40.35303],[119.7388485,40.354793],[119.7389621,40.356556],[119.739302,40.358302],[119.7398648,40.3600142],[119.7406451,40.3616761],[119.7416354,40.3632717],[119.7428262,40.3647857],[119.744206,40.3662035],[119.7457615,40.3675113],[119.7474778,40.3686967],[119.7493382,40.3697482],[119.7513249,40.3706556],[119.7534188,40.3714103],[119.7555997,40.3720049],[119.7578465,40.3724338],[119.7601377,40.3726928],[119.7624512,40.3727794]]]},"properties":{"name":"老佛山754","peak_elev":750,"eq_radius":2000,"layer":"等效突出半径","rank_pct":0.2717,"center_lon":119.762451171875,"center_lat":40.354793,"max_mean_jut":119.8398,"max_ats":84.3373,"r_prominence":2000,"r_base":2250}},{"type":"Feature","geometry":{"type":"Polygon","coordinates":[[[118.214204,40.5581914],[118.2165239,40.5581048],[118.2188214,40.5578458],[118.2210744,40.5574169],[118.2232613,40.5568223],[118.225361,40.5560676],[118.2273532,40.5551602],[118.2292188,40.5541087],[118.2309397,40.5529233],[118.2324995,40.5516155],[118.2338832,40.5501977],[118.2350772,40.5486837],[118.2360703,40.5470881],[118.2368528,40.5454262],[118.2374171,40.543714],[118.2377579,40.541968],[118.2378719,40.540205],[118.2377579,40.538442],[118.2374171,40.536696],[118.2368528,40.5349838],[118.2360703,40.5333219],[118.2350772,40.5317263],[118.2338832,40.5302123],[118.2324995,40.5287945],[118.2309397,40.5274867],[118.2292188,40.5263013],[118.2273532,40.5252498],[118.225361,40.5243424],[118.2232613,40.5235877],[118.2210744,40.5229931],[118.2188214,40.5225642],[118.2165239,40.5223052],[118.214204,40.5222186],[118.2118841,40.5223052],[118.2095866,40.5225642],[118.2073336,40.5229931],[118.2051467,40.5235877],[118.203047,40.5243424],[118.2010548,40.5252498],[118.1991892,40.5263013],[118.1974683,40.5274867],[118.1959085,40.5287945],[118.1945248,40.5302123],[118.1933308,40.5317263],[118.1923377,40.5333219],[118.1915552,40.5349838],[118.1909909,40.536696],[118.1906501,40.538442],[118.1905361,40.540205],[118.1906501,40.541968],[118.1909909,40.543714],[118.1915552,40.5454262],[118.1923377,40.5470881],[118.1933308,40.5486837],[118.1945248,40.5501977],[118.1959085,40.5516155],[118.1974683,40.5529233],[118.1991892,40.5541087],[118.2010548,40.5551602],[118.203047,40.5560676],[118.2051467,40.5568223],[118.2073336,40.5574169],[118.2095866,40.5578458],[118.2118841,40.5581048],[118.214204,40.5581914]]]},"properties":{"name":"西石湖高尖808","peak_elev":799,"eq_radius":2000,"layer":"等效突出半径","rank_pct":0.2717,"center_lon":118.214204,"center_lat":40.540205,"max_mean_jut":108.2752,"max_ats":68.4769,"r_prominence":2000,"r_base":2250}},{"type":"Feature","geometry":{"type":"Polygon","coordinates":[[[118.3632355,40.6945554],[118.3655601,40.6944688],[118.3678623,40.6942098],[118.3701199,40.6937809],[118.3723113,40.6931863],[118.3744152,40.6924316],[118.3764115,40.6915242],[118.3782809,40.6904727],[118.3800054,40.6892873],[118.3815684,40.6879795],[118.3829548,40.6865617],[118.3841513,40.6850477],[118.3851464,40.6834521],[118.3859305,40.6817902],[118.386496,40.680078],[118.3868375,40.678332],[118.3869517,40.676569],[118.3868375,40.674806],[118.386496,40.67306],[118.3859305,40.6713478],[118.3851464,40.6696859],[118.3841513,40.6680903],[118.3829548,40.6665763],[118.3815684,40.6651585],[118.3800054,40.6638507],[118.3782809,40.6626653],[118.3764115,40.6616138],[118.3744152,40.6607064],[118.3723113,40.6599517],[118.3701199,40.6593571],[118.3678623,40.6589282],[118.3655601,40.6586692],[118.3632355,40.6585826],[118.3609109,40.6586692],[118.3586087,40.6589282],[118.356351,40.6593571],[118.3541597,40.6599517],[118.3520557,40.6607064],[118.3500594,40.6616138],[118.34819,40.6626653],[118.3464655,40.6638507],[118.3449026,40.6651585],[118.3435161,40.6665763],[118.3423196,40.6680903],[118.3413245,40.6696859],[118.3405404,40.6713478],[118.3399749,40.67306],[118.3396334,40.674806],[118.3395192,40.676569],[118.3396334,40.678332],[118.3399749,40.680078],[118.3405404,40.6817902],[118.3413245,40.6834521],[118.3423196,40.6850477],[118.3435161,40.6865617],[118.3449026,40.6879795],[118.3464655,40.6892873],[118.34819,40.6904727],[118.3500594,40.6915242],[118.3520557,40.6924316],[118.3541597,40.6931863],[118.356351,40.6937809],[118.3586087,40.6942098],[118.3609109,40.6944688],[118.3632355,40.6945554]]]},"properties":{"name":"龙桲罗洼1274","peak_elev":1268,"eq_radius":2000,"layer":"等效突出半径","rank_pct":0.2717,"center_lon":118.3632354736328,"center_lat":40.676569,"max_mean_jut":109.2036,"max_ats":63.2827,"r_prominence":2000,"r_base":3250}},{"type":"Feature","geometry":{"type":"Polygon","coordinates":[[[120.040299,41.1783873],[120.0424944,41.1783061],[120.0446686,41.1780633],[120.0468007,41.1776612],[120.0488702,41.1771037],[120.0508572,41.1763962],[120.0527425,41.1755455],[120.054508,41.1745597],[120.0561366,41.1734484],[120.0576127,41.1722223],[120.058922,41.1708932],[120.060052,41.1694738],[120.0609918,41.1679779],[120.0617323,41.1664199],[120.0622664,41.1648147],[120.0625889,41.1631778],[120.0626967,41.161525],[120.0625889,41.1598722],[120.0622664,41.1582353],[120.0617323,41.1566301],[120.0609918,41.1550721],[120.060052,41.1535762],[120.058922,41.1521568],[120.0576127,41.1508277],[120.0561366,41.1496016],[120.054508,41.1484903],[120.0527425,41.1475045],[120.0508572,41.1466538],[120.0488702,41.1459463],[120.0468007,41.1453888],[120.0446686,41.1449867],[120.0424944,41.1447439],[120.040299,41.1446627],[120.0381036,41.1447439],[120.0359294,41.1449867],[120.0337973,41.1453888],[120.0317278,41.1459463],[120.0297408,41.1466538],[120.0278555,41.1475045],[120.02609,41.1484903],[120.0244614,41.1496016],[120.0229853,41.1508277],[120.021676,41.1521568],[120.020546,41.1535762],[120.0196062,41.1550721],[120.0188657,41.1566301],[120.0183316,41.1582353],[120.0180091,41.1598722],[120.0179013,41.161525],[120.0180091,41.1631778],[120.0183316,41.1648147],[120.0188657,41.1664199],[120.0196062,41.1679779],[120.020546,41.1694738],[120.021676,41.1708932],[120.0229853,41.1722223],[120.0244614,41.1734484],[120.02609,41.1745597],[120.0278555,41.1755455],[120.0297408,41.1763962],[120.0317278,41.1771037],[120.0337973,41.1776612],[120.0359294,41.1780633],[120.0381036,41.1783061],[120.040299,41.1783873]]]},"properties":{"name":"大铁山1022","peak_elev":1022,"eq_radius":1875,"layer":"等效突出半径","rank_pct":0.3268,"center_lon":120.040299,"center_lat":41.161525,"max_mean_jut":85.7577,"max_ats":54.9461,"r_prominence":1875,"r_base":1875}},{"type":"Feature","geometry":{"type":"Polygon","coordinates":[[[118.176744,40.6395333],[118.1789216,40.6394521],[118.1810781,40.6392093],[118.183193,40.6388072],[118.1852457,40.6382497],[118.1872166,40.6375422],[118.1890866,40.6366915],[118.1908377,40.6357057],[118.1924531,40.6345944],[118.1939172,40.6333683],[118.195216,40.6320392],[118.1963368,40.6306198],[118.1972689,40.6291239],[118.1980034,40.6275659],[118.1985332,40.6259607],[118.1988531,40.6243238],[118.19896,40.622671],[118.1988531,40.6210182],[118.1985332,40.6193813],[118.1980034,40.6177761],[118.1972689,40.6162181],[118.1963368,40.6147222],[118.195216,40.6133028],[118.1939172,40.6119737],[118.1924531,40.6107476],[118.1908377,40.6096363],[118.1890866,40.6086505],[118.1872166,40.6077998],[118.1852457,40.6070923],[118.183193,40.6065348],[118.1810781,40.6061327],[118.1789216,40.6058899],[118.176744,40.6058087],[118.1745664,40.6058899],[118.1724099,40.6061327],[118.170295,40.6065348],[118.1682423,40.6070923],[118.1662714,40.6077998],[118.1644014,40.6086505],[118.1626503,40.6096363],[118.1610349,40.6107476],[118.1595708,40.6119737],[118.158272,40.6133028],[118.1571512,40.6147222],[118.1562191,40.6162181],[118.1554846,40.6177761],[118.1549548,40.6193813],[118.1546349,40.6210182],[118.154528,40.622671],[118.1546349,40.6243238],[118.1549548,40.6259607],[118.1554846,40.6275659],[118.1562191,40.6291239],[118.1571512,40.6306198],[118.158272,40.6320392],[118.1595708,40.6333683],[118.1610349,40.6345944],[118.1626503,40.6357057],[118.1644014,40.6366915],[118.1662714,40.6375422],[118.1682423,40.6382497],[118.170295,40.6388072],[118.1724099,40.6392093],[118.1745664,40.6394521],[118.176744,40.6395333]]]},"properties":{"name":"1079无名峰","peak_elev":1079,"eq_radius":1875,"layer":"等效突出半径","rank_pct":0.3268,"center_lon":118.176744,"center_lat":40.622671,"max_mean_jut":230.0472,"max_ats":145.9269,"r_prominence":1875,"r_base":2250}},{"type":"Feature","geometry":{"type":"Polygon","coordinates":[[[119.057183,40.2228943],[119.0593471,40.2228131],[119.0614904,40.2225703],[119.0635922,40.2221682],[119.0656322,40.2216107],[119.0675909,40.2209032],[119.0694494,40.2200525],[119.0711897,40.2190667],[119.0727951,40.2179554],[119.0742502,40.2167293],[119.0755409,40.2154002],[119.0766549,40.2139808],[119.0775812,40.2124849],[119.0783112,40.2109269],[119.0788377,40.2093217],[119.0791556,40.2076848],[119.0792619,40.206032],[119.0791556,40.2043792],[119.0788377,40.2027423],[119.0783112,40.2011371],[119.0775812,40.1995791],[119.0766549,40.1980832],[119.0755409,40.1966638],[119.0742502,40.1953347],[119.0727951,40.1941086],[119.0711897,40.1929973],[119.0694494,40.1920115],[119.0675909,40.1911608],[119.0656322,40.1904533],[119.0635922,40.1898958],[119.0614904,40.1894937],[119.0593471,40.1892509],[119.057183,40.1891697],[119.0550189,40.1892509],[119.0528756,40.1894937],[119.0507738,40.1898958],[119.0487338,40.1904533],[119.0467751,40.1911608],[119.0449166,40.1920115],[119.0431763,40.1929973],[119.0415709,40.1941086],[119.0401158,40.1953347],[119.0388251,40.1966638],[119.0377111,40.1980832],[119.0367848,40.1995791],[119.0360548,40.2011371],[119.0355283,40.2027423],[119.0352104,40.2043792],[119.0351041,40.206032],[119.0352104,40.2076848],[119.0355283,40.2093217],[119.0360548,40.2109269],[119.0367848,40.2124849],[119.0377111,40.2139808],[119.0388251,40.2154002],[119.0401158,40.2167293],[119.0415709,40.2179554],[119.0431763,40.2190667],[119.0449166,40.2200525],[119.0467751,40.2209032],[119.0487338,40.2216107],[119.0507738,40.2221682],[119.0528756,40.2225703],[119.0550189,40.2228131],[119.057183,40.2228943]]]},"properties":{"name":"681无名峰(1)","peak_elev":681,"eq_radius":1875,"layer":"等效突出半径","rank_pct":0.3268,"center_lon":119.057183,"center_lat":40.206032,"max_mean_jut":113.1822,"max_ats":78.2598,"r_prominence":1875,"r_base":2250}},{"type":"Feature","geometry":{"type":"Polygon","coordinates":[[[119.718253,40.0894943],[119.7204129,40.0894131],[119.7225519,40.0891703],[119.7246496,40.0887682],[119.7266857,40.0882107],[119.7286405,40.0875032],[119.7304953,40.0866525],[119.7322322,40.0856667],[119.7338345,40.0845554],[119.7352867,40.0833293],[119.7365749,40.0820002],[119.7376867,40.0805808],[119.7386112,40.0790849],[119.7393398,40.0775269],[119.7398652,40.0759217],[119.7401825,40.0742848],[119.7402886,40.072632],[119.7401825,40.0709792],[119.7398652,40.0693423],[119.7393398,40.0677371],[119.7386112,40.0661791],[119.7376867,40.0646832],[119.7365749,40.0632638],[119.7352867,40.0619347],[119.7338345,40.0607086],[119.7322322,40.0595973],[119.7304953,40.0586115],[119.7286405,40.0577608],[119.7266857,40.0570533],[119.7246496,40.0564958],[119.7225519,40.0560937],[119.7204129,40.0558509],[119.718253,40.0557697],[119.7160931,40.0558509],[119.7139541,40.0560937],[119.7118564,40.0564958],[119.7098203,40.0570533],[119.7078655,40.0577608],[119.7060107,40.0586115],[119.7042738,40.0595973],[119.7026715,40.0607086],[119.7012193,40.0619347],[119.6999311,40.0632638],[119.6988193,40.0646832],[119.6978948,40.0661791],[119.6971662,40.0677371],[119.6966408,40.0693423],[119.6963235,40.0709792],[119.6962174,40.072632],[119.6963235,40.0742848],[119.6966408,40.0759217],[119.6971662,40.0775269],[119.6978948,40.0790849],[119.6988193,40.0805808],[119.6999311,40.0820002],[119.7012193,40.0833293],[119.7026715,40.0845554],[119.7042738,40.0856667],[119.7060107,40.0866525],[119.7078655,40.0875032],[119.7098203,40.0882107],[119.7118564,40.0887682],[119.7139541,40.0891703],[119.7160931,40.0894131],[119.718253,40.0894943]]]},"properties":{"name":"大流子山776","peak_elev":776,"eq_radius":1875,"layer":"等效突出半径","rank_pct":0.3268,"center_lon":119.718253,"center_lat":40.072632,"max_mean_jut":112.7077,"max_ats":60.5259,"r_prominence":1875,"r_base":1875}},{"type":"Feature","geometry":{"type":"Polygon","coordinates":[[[118.082421,40.5875203],[118.0845969,40.5874391],[118.0867518,40.5871963],[118.088865,40.5867942],[118.0909161,40.5862367],[118.0928854,40.5855292],[118.094754,40.5846785],[118.0965037,40.5836927],[118.0981179,40.5825814],[118.0995809,40.5813553],[118.1008786,40.5800262],[118.1019986,40.5786068],[118.10293,40.5771109],[118.1036639,40.5755529],[118.1041932,40.5739477],[118.1045129,40.5723108],[118.1046198,40.570658],[118.1045129,40.5690052],[118.1041932,40.5673683],[118.1036639,40.5657631],[118.10293,40.5642051],[118.1019986,40.5627092],[118.1008786,40.5612898],[118.0995809,40.5599607],[118.0981179,40.5587346],[118.0965037,40.5576233],[118.094754,40.5566375],[118.0928854,40.5557868],[118.0909161,40.5550793],[118.088865,40.5545218],[118.0867518,40.5541197],[118.0845969,40.5538769],[118.082421,40.5537957],[118.0802451,40.5538769],[118.0780902,40.5541197],[118.075977,40.5545218],[118.0739259,40.5550793],[118.0719566,40.5557868],[118.070088,40.5566375],[118.0683383,40.5576233],[118.0667241,40.5587346],[118.0652611,40.5599607],[118.0639634,40.5612898],[118.0628434,40.5627092],[118.061912,40.5642051],[118.0611781,40.5657631],[118.0606488,40.5673683],[118.0603291,40.5690052],[118.0602222,40.570658],[118.0603291,40.5723108],[118.0606488,40.5739477],[118.0611781,40.5755529],[118.061912,40.5771109],[118.0628434,40.5786068],[118.0639634,40.5800262],[118.0652611,40.5813553],[118.0667241,40.5825814],[118.0683383,40.5836927],[118.070088,40.5846785],[118.0719566,40.5855292],[118.0739259,40.5862367],[118.075977,40.5867942],[118.0780902,40.5871963],[118.0802451,40.5874391],[118.082421,40.5875203]]]},"properties":{"name":"转角楼大南山1150","peak_elev":1163,"eq_radius":1875,"layer":"等效突出半径","rank_pct":0.3268,"center_lon":118.082421,"center_lat":40.570658,"max_mean_jut":112.3929,"max_ats":55.7869,"r_prominence":1875,"r_base":6250}},{"type":"Feature","geometry":{"type":"Polygon","coordinates":[[[118.639736,40.8815397],[118.6419215,40.8814585],[118.6440859,40.8812157],[118.6462085,40.8808136],[118.6482687,40.8802561],[118.6502467,40.8795486],[118.6521236,40.8786979],[118.6538811,40.8777121],[118.6555024,40.8766009],[118.6569718,40.8753747],[118.6582753,40.8740456],[118.6594002,40.8726263],[118.6603358,40.8711303],[118.6610729,40.8695723],[118.6616046,40.8679671],[118.6619257,40.8663302],[118.662033,40.8646774],[118.6619257,40.8630246],[118.6616046,40.8613878],[118.6610729,40.8597826],[118.6603358,40.8582245],[118.6594002,40.8567286],[118.6582753,40.8553092],[118.6569718,40.8539801],[118.6555024,40.852754],[118.6538811,40.8516427],[118.6521236,40.850657],[118.6502467,40.8498062],[118.6482687,40.8490987],[118.6462085,40.8485412],[118.6440859,40.8481392],[118.6419215,40.8478963],[118.639736,40.8478151],[118.6375505,40.8478963],[118.6353861,40.8481392],[118.6332635,40.8485412],[118.6312033,40.8490987],[118.6292253,40.8498062],[118.6273484,40.850657],[118.6255909,40.8516427],[118.6239696,40.852754],[118.6225002,40.8539801],[118.6211967,40.8553092],[118.6200718,40.8567286],[118.6191362,40.8582245],[118.6183991,40.8597826],[118.6178674,40.8613878],[118.6175463,40.8630246],[118.617439,40.8646774],[118.6175463,40.8663302],[118.6178674,40.8679671],[118.6183991,40.8695723],[118.6191362,40.8711303],[118.6200718,40.8726263],[118.6211967,40.8740456],[118.6225002,40.8753747],[118.6239696,40.8766009],[118.6255909,40.8777121],[118.6273484,40.8786979],[118.6292253,40.8795486],[118.6312033,40.8802561],[118.6332635,40.8808136],[118.6353861,40.8812157],[118.6375505,40.8814585],[118.639736,40.8815397]]]},"properties":{"name":"黑山1004.7","peak_elev":1006,"eq_radius":1875,"layer":"等效突出半径","rank_pct":0.3268,"center_lon":118.639736,"center_lat":40.86467742919922,"max_mean_jut":120.2611,"max_ats":86.9368,"r_prominence":1875,"r_base":2500}},{"type":"Feature","geometry":{"type":"Polygon","coordinates":[[[119.5759583,40.3228301],[119.5779811,40.3227543],[119.5799845,40.3225277],[119.5819491,40.3221524],[119.583856,40.3216321],[119.5856868,40.3209718],[119.587424,40.3201778],[119.5890507,40.3192577],[119.5905514,40.3182205],[119.5919115,40.3170762],[119.5931179,40.3158356],[119.5941591,40.3145109],[119.5950251,40.3131147],[119.5957074,40.3116605],[119.5961995,40.3101624],[119.5964967,40.3086346],[119.596596,40.307092],[119.5964967,40.3055494],[119.5961995,40.3040216],[119.5957074,40.3025235],[119.5950251,40.3010693],[119.5941591,40.2996731],[119.5931179,40.2983484],[119.5919115,40.2971078],[119.5905514,40.2959635],[119.5890507,40.2949263],[119.587424,40.2940062],[119.5856868,40.2932122],[119.583856,40.2925519],[119.5819491,40.2920316],[119.5799845,40.2916563],[119.5779811,40.2914297],[119.5759583,40.2913539],[119.5739354,40.2914297],[119.571932,40.2916563],[119.5699674,40.2920316],[119.5680605,40.2925519],[119.5662297,40.2932122],[119.5644925,40.2940062],[119.5628658,40.2949263],[119.5613651,40.2959635],[119.560005,40.2971078],[119.5587986,40.2983484],[119.5577574,40.2996731],[119.5568914,40.3010693],[119.5562091,40.3025235],[119.555717,40.3040216],[119.5554198,40.3055494],[119.5553205,40.307092],[119.5554198,40.3086346],[119.555717,40.3101624],[119.5562091,40.3116605],[119.5568914,40.3131147],[119.5577574,40.3145109],[119.5587986,40.3158356],[119.560005,40.3170762],[119.5613651,40.3182205],[119.5628658,40.3192577],[119.5644925,40.3201778],[119.5662297,40.3209718],[119.5680605,40.3216321],[119.5699674,40.3221524],[119.571932,40.3225277],[119.5739354,40.3227543],[119.5759583,40.3228301]]]},"properties":{"name":"1110无名峰","peak_elev":1110,"eq_radius":1750,"layer":"等效突出半径","rank_pct":0.3504,"center_lon":119.57595825195312,"center_lat":40.307092,"max_mean_jut":98.7903,"max_ats":53.1335,"r_prominence":1750,"r_base":2000}},{"type":"Feature","geometry":{"type":"Polygon","coordinates":[[[119.637944,40.4492231],[119.6399707,40.4491473],[119.6419778,40.4489207],[119.6439461,40.4485454],[119.6458566,40.4480251],[119.6476908,40.4473648],[119.6494313,40.4465708],[119.651061,40.4456507],[119.6525645,40.4446135],[119.6539272,40.4434692],[119.6551359,40.4422286],[119.6561791,40.4409039],[119.6570466,40.4395077],[119.6577302,40.4380535],[119.6582232,40.4365554],[119.658521,40.4350276],[119.6586205,40.433485],[119.658521,40.4319424],[119.6582232,40.4304146],[119.6577302,40.4289165],[119.6570466,40.4274623],[119.6561791,40.4260661],[119.6551359,40.4247414],[119.6539272,40.4235008],[119.6525645,40.4223565],[119.651061,40.4213193],[119.6494313,40.4203992],[119.6476908,40.4196052],[119.6458566,40.4189449],[119.6439461,40.4184246],[119.6419778,40.4180493],[119.6399707,40.4178227],[119.637944,40.4177469],[119.6359173,40.4178227],[119.6339102,40.4180493],[119.6319419,40.4184246],[119.6300314,40.4189449],[119.6281972,40.4196052],[119.6264567,40.4203992],[119.624827,40.4213193],[119.6233235,40.4223565],[119.6219608,40.4235008],[119.6207521,40.4247414],[119.6197089,40.4260661],[119.6188414,40.4274623],[119.6181578,40.4289165],[119.6176648,40.4304146],[119.617367,40.4319424],[119.6172675,40.433485],[119.617367,40.4350276],[119.6176648,40.4365554],[119.6181578,40.4380535],[119.6188414,40.4395077],[119.6197089,40.4409039],[119.6207521,40.4422286],[119.6219608,40.4434692],[119.6233235,40.4446135],[119.624827,40.4456507],[119.6264567,40.4465708],[119.6281972,40.4473648],[119.6300314,40.4480251],[119.6319419,40.4485454],[119.6339102,40.4489207],[119.6359173,40.4491473],[119.637944,40.4492231]]]},"properties":{"name":"冰沟大顶1145","peak_elev":1145,"eq_radius":1750,"layer":"等效突出半径","rank_pct":0.3504,"center_lon":119.637944,"center_lat":40.433485,"max_mean_jut":127.5147,"max_ats":72.3174,"r_prominence":1750,"r_base":1750}},{"type":"Feature","geometry":{"type":"Polygon","coordinates":[[[118.553498,41.2124321],[118.5555481,41.2123563],[118.5575785,41.2121297],[118.5595695,41.2117544],[118.5615021,41.2112341],[118.5633576,41.2105738],[118.5651182,41.2097798],[118.5667668,41.2088597],[118.5682877,41.2078225],[118.5696661,41.2066782],[118.5708888,41.2054376],[118.5719441,41.2041129],[118.5728216,41.2027167],[118.5735131,41.2012625],[118.5740119,41.1997644],[118.574313,41.1982366],[118.5744138,41.196694],[118.574313,41.1951514],[118.5740119,41.1936236],[118.5735131,41.1921255],[118.5728216,41.1906713],[118.5719441,41.1892751],[118.5708888,41.1879504],[118.5696661,41.1867098],[118.5682877,41.1855655],[118.5667668,41.1845283],[118.5651182,41.1836082],[118.5633576,41.1828142],[118.5615021,41.1821539],[118.5595695,41.1816336],[118.5575785,41.1812583],[118.5555481,41.1810317],[118.553498,41.1809559],[118.5514479,41.1810317],[118.5494175,41.1812583],[118.5474265,41.1816336],[118.5454939,41.1821539],[118.5436384,41.1828142],[118.5418778,41.1836082],[118.5402292,41.1845283],[118.5387083,41.1855655],[118.5373299,41.1867098],[118.5361072,41.1879504],[118.5350519,41.1892751],[118.5341744,41.1906713],[118.5334829,41.1921255],[118.5329841,41.1936236],[118.532683,41.1951514],[118.5325822,41.196694],[118.532683,41.1982366],[118.5329841,41.1997644],[118.5334829,41.2012625],[118.5341744,41.2027167],[118.5350519,41.2041129],[118.5361072,41.2054376],[118.5373299,41.2066782],[118.5387083,41.2078225],[118.5402292,41.2088597],[118.5418778,41.2097798],[118.5436384,41.2105738],[118.5454939,41.2112341],[118.5474265,41.2117544],[118.5494175,41.2121297],[118.5514479,41.2123563],[118.553498,41.2124321]]]},"properties":{"name":"1254无名峰","peak_elev":1254,"eq_radius":1750,"layer":"等效突出半径","rank_pct":0.3504,"center_lon":118.553498,"center_lat":41.196694,"max_mean_jut":56.9578,"max_ats":33.2557,"r_prominence":1750,"r_base":2000}},{"type":"Feature","geometry":{"type":"Polygon","coordinates":[[[119.828207,40.4759031],[119.8302345,40.4758273],[119.8322424,40.4756007],[119.8342115,40.4752254],[119.8361227,40.4747051],[119.8379577,40.4740448],[119.8396988,40.4732508],[119.8413293,40.4723307],[119.8428333,40.4712935],[119.8441965,40.4701492],[119.8454057,40.4689086],[119.8464493,40.4675839],[119.8473172,40.4661877],[119.8480011,40.4647335],[119.8484943,40.4632354],[119.8487921,40.4617076],[119.8488917,40.460165],[119.8487921,40.4586224],[119.8484943,40.4570946],[119.8480011,40.4555965],[119.8473172,40.4541423],[119.8464493,40.4527461],[119.8454057,40.4514214],[119.8441965,40.4501808],[119.8428333,40.4490365],[119.8413293,40.4479993],[119.8396988,40.4470792],[119.8379577,40.4462852],[119.8361227,40.4456249],[119.8342115,40.4451046],[119.8322424,40.4447293],[119.8302345,40.4445027],[119.828207,40.4444269],[119.8261795,40.4445027],[119.8241716,40.4447293],[119.8222025,40.4451046],[119.8202913,40.4456249],[119.8184563,40.4462852],[119.8167152,40.4470792],[119.8150847,40.4479993],[119.8135807,40.4490365],[119.8122175,40.4501808],[119.8110083,40.4514214],[119.8099647,40.4527461],[119.8090968,40.4541423],[119.8084129,40.4555965],[119.8079197,40.4570946],[119.8076219,40.4586224],[119.8075223,40.460165],[119.8076219,40.4617076],[119.8079197,40.4632354],[119.8084129,40.4647335],[119.8090968,40.4661877],[119.8099647,40.4675839],[119.8110083,40.4689086],[119.8122175,40.4701492],[119.8135807,40.4712935],[119.8150847,40.4723307],[119.8167152,40.4732508],[119.8184563,40.4740448],[119.8202913,40.4747051],[119.8222025,40.4752254],[119.8241716,40.4756007],[119.8261795,40.4758273],[119.828207,40.4759031]]]},"properties":{"name":"鹦鹉山786","peak_elev":786,"eq_radius":1750,"layer":"等效突出半径","rank_pct":0.3504,"center_lon":119.828207,"center_lat":40.460165,"max_mean_jut":109.7351,"max_ats":75.2474,"r_prominence":1750,"r_base":3000}},{"type":"Feature","geometry":{"type":"Polygon","coordinates":[[[119.065403,40.5470501],[119.0674326,40.5469743],[119.0694427,40.5467477],[119.0714138,40.5463724],[119.0733271,40.5458521],[119.0751641,40.5451918],[119.076907,40.5443978],[119.0785392,40.5434777],[119.0800448,40.5424405],[119.0814095,40.5412962],[119.08262,40.5400556],[119.0836647,40.5387309],[119.0845335,40.5373347],[119.0852181,40.5358805],[119.0857118,40.5343824],[119.08601,40.5328546],[119.0861097,40.531312],[119.08601,40.5297694],[119.0857118,40.5282416],[119.0852181,40.5267435],[119.0845335,40.5252893],[119.0836647,40.5238931],[119.08262,40.5225684],[119.0814095,40.5213278],[119.0800448,40.5201835],[119.0785392,40.5191463],[119.076907,40.5182262],[119.0751641,40.5174322],[119.0733271,40.5167719],[119.0714138,40.5162516],[119.0694427,40.5158763],[119.0674326,40.5156497],[119.065403,40.5155739],[119.0633734,40.5156497],[119.0613633,40.5158763],[119.0593922,40.5162516],[119.0574789,40.5167719],[119.0556419,40.5174322],[119.053899,40.5182262],[119.0522668,40.5191463],[119.0507612,40.5201835],[119.0493965,40.5213278],[119.048186,40.5225684],[119.0471413,40.5238931],[119.0462725,40.5252893],[119.0455879,40.5267435],[119.0450942,40.5282416],[119.044796,40.5297694],[119.0446963,40.531312],[119.044796,40.5328546],[119.0450942,40.5343824],[119.0455879,40.5358805],[119.0462725,40.5373347],[119.0471413,40.5387309],[119.048186,40.5400556],[119.0493965,40.5412962],[119.0507612,40.5424405],[119.0522668,40.5434777],[119.053899,40.5443978],[119.0556419,40.5451918],[119.0574789,40.5458521],[119.0593922,40.5463724],[119.0613633,40.5467477],[119.0633734,40.5469743],[119.065403,40.5470501]]]},"properties":{"name":"架子山834","peak_elev":834,"eq_radius":1750,"layer":"等效突出半径","rank_pct":0.3504,"center_lon":119.065403,"center_lat":40.531312,"max_mean_jut":102.8426,"max_ats":67.9734,"r_prominence":1750,"r_base":2250}},{"type":"Feature","geometry":{"type":"Polygon","coordinates":[[[118.312839,40.6494585],[118.3148717,40.6493827],[118.3168849,40.6491561],[118.318859,40.6487808],[118.3207752,40.6482605],[118.322615,40.6476002],[118.3243606,40.6468062],[118.3259953,40.6458861],[118.3275033,40.6448489],[118.32887,40.6437046],[118.3300824,40.642464],[118.3311286,40.6411393],[118.3319988,40.6397431],[118.3326844,40.6382889],[118.3331789,40.6367908],[118.3334775,40.635263],[118.3335774,40.6337204],[118.3334775,40.6321778],[118.3331789,40.63065],[118.3326844,40.6291519],[118.3319988,40.6276977],[118.3311286,40.6263015],[118.3300824,40.6249768],[118.32887,40.6237362],[118.3275033,40.6225919],[118.3259953,40.6215547],[118.3243606,40.6206346],[118.322615,40.6198406],[118.3207752,40.6191803],[118.318859,40.6186599],[118.3168849,40.6182847],[118.3148717,40.6180581],[118.312839,40.6179823],[118.3108063,40.6180581],[118.3087931,40.6182847],[118.306819,40.6186599],[118.3049028,40.6191803],[118.303063,40.6198406],[118.3013174,40.6206346],[118.2996827,40.6215547],[118.2981747,40.6225919],[118.296808,40.6237362],[118.2955956,40.6249768],[118.2945494,40.6263015],[118.2936792,40.6276977],[118.2929936,40.6291519],[118.2924991,40.63065],[118.2922005,40.6321778],[118.2921006,40.6337204],[118.2922005,40.635263],[118.2924991,40.6367908],[118.2929936,40.6382889],[118.2936792,40.6397431],[118.2945494,40.6411393],[118.2955956,40.642464],[118.296808,40.6437046],[118.2981747,40.6448489],[118.2996827,40.6458861],[118.3013174,40.6468062],[118.303063,40.6476002],[118.3049028,40.6482605],[118.306819,40.6487808],[118.3087931,40.6491561],[118.3108063,40.6493827],[118.312839,40.6494585]]]},"properties":{"name":"919无名峰","peak_elev":919,"eq_radius":1750,"layer":"等效突出半径","rank_pct":0.3504,"center_lon":118.312839,"center_lat":40.63372039794922,"max_mean_jut":104.7556,"max_ats":63.5449,"r_prominence":1750,"r_base":1875}},{"type":"Feature","geometry":{"type":"Polygon","coordinates":[[[118.257054,40.8796061],[118.2590938,40.8795303],[118.2611139,40.8793037],[118.2630949,40.8789284],[118.2650178,40.8784081],[118.2668639,40.8777478],[118.2686156,40.8769538],[118.2702559,40.8760337],[118.2717691,40.8749965],[118.2731406,40.8738522],[118.2743571,40.8726116],[118.275407,40.8712869],[118.2762802,40.8698907],[118.2769682,40.8684365],[118.2774644,40.8669384],[118.2777641,40.8654106],[118.2778643,40.863868],[118.2777641,40.8623254],[118.2774644,40.8607976],[118.2769682,40.8592995],[118.2762802,40.8578453],[118.275407,40.8564491],[118.2743571,40.8551244],[118.2731406,40.8538838],[118.2717691,40.8527395],[118.2702559,40.8517023],[118.2686156,40.8507822],[118.2668639,40.8499882],[118.2650178,40.8493279],[118.2630949,40.8488076],[118.2611139,40.8484323],[118.2590938,40.8482057],[118.257054,40.8481299],[118.2550142,40.8482057],[118.2529941,40.8484323],[118.2510131,40.8488076],[118.2490902,40.8493279],[118.2472441,40.8499882],[118.2454924,40.8507822],[118.2438521,40.8517023],[118.2423389,40.8527395],[118.2409674,40.8538838],[118.2397509,40.8551244],[118.238701,40.8564491],[118.2378278,40.8578453],[118.2371398,40.8592995],[118.2366436,40.8607976],[118.2363439,40.8623254],[118.2362437,40.863868],[118.2363439,40.8654106],[118.2366436,40.8669384],[118.2371398,40.8684365],[118.2378278,40.8698907],[118.238701,40.8712869],[118.2397509,40.8726116],[118.2409674,40.8738522],[118.2423389,40.8749965],[118.2438521,40.8760337],[118.2454924,40.8769538],[118.2472441,40.8777478],[118.2490902,40.8784081],[118.2510131,40.8789284],[118.2529941,40.8793037],[118.2550142,40.8795303],[118.257054,40.8796061]]]},"properties":{"name":"河西东大山944","peak_elev":944,"eq_radius":1750,"layer":"等效突出半径","rank_pct":0.3504,"center_lon":118.257054,"center_lat":40.863868,"max_mean_jut":124.6132,"max_ats":79.6207,"r_prominence":1750,"r_base":2500}},{"type":"Feature","geometry":{"type":"Polygon","coordinates":[[[119.212412,40.7904031],[119.214449,40.7903273],[119.2164664,40.7901007],[119.2184448,40.7897254],[119.2203651,40.7892051],[119.2222087,40.7885448],[119.223958,40.7877508],[119.2255962,40.7868307],[119.2271073,40.7857935],[119.228477,40.7846492],[119.2296919,40.7834086],[119.2307404,40.7820839],[119.2316124,40.7806877],[119.2322995,40.7792335],[119.232795,40.7777354],[119.2330943,40.7762076],[119.2331943,40.774665],[119.2330943,40.7731224],[119.232795,40.7715946],[119.2322995,40.7700965],[119.2316124,40.7686423],[119.2307404,40.7672461],[119.2296919,40.7659214],[119.228477,40.7646808],[119.2271073,40.7635365],[119.2255962,40.7624993],[119.223958,40.7615792],[119.2222087,40.7607852],[119.2203651,40.7601249],[119.2184448,40.7596046],[119.2164664,40.7592293],[119.214449,40.7590027],[119.212412,40.7589269],[119.210375,40.7590027],[119.2083576,40.7592293],[119.2063792,40.7596046],[119.2044589,40.7601249],[119.2026153,40.7607852],[119.200866,40.7615792],[119.1992278,40.7624993],[119.1977167,40.7635365],[119.196347,40.7646808],[119.1951321,40.7659214],[119.1940836,40.7672461],[119.1932116,40.7686423],[119.1925245,40.7700965],[119.192029,40.7715946],[119.1917297,40.7731224],[119.1916297,40.774665],[119.1917297,40.7762076],[119.192029,40.7777354],[119.1925245,40.7792335],[119.1932116,40.7806877],[119.1940836,40.7820839],[119.1951321,40.7834086],[119.196347,40.7846492],[119.1977167,40.7857935],[119.1992278,40.7868307],[119.200866,40.7877508],[119.2026153,40.7885448],[119.2044589,40.7892051],[119.2063792,40.7897254],[119.2083576,40.7901007],[119.210375,40.7903273],[119.212412,40.7904031]]]},"properties":{"name":"980无名峰","peak_elev":980,"eq_radius":1750,"layer":"等效突出半径","rank_pct":0.3504,"center_lon":119.212412,"center_lat":40.774665,"max_mean_jut":95.6029,"max_ats":59.1013,"r_prominence":1750,"r_base":2000}},{"type":"Feature","geometry":{"type":"Polygon","coordinates":[[[118.053046,40.7184473],[118.0550808,40.7183715],[118.057096,40.7181449],[118.0590723,40.7177696],[118.0609905,40.7172493],[118.0628321,40.716589],[118.0645796,40.715795],[118.0662159,40.7148749],[118.0677254,40.7138377],[118.0690936,40.7126934],[118.0703072,40.7114528],[118.0713546,40.7101281],[118.0722256,40.7087319],[118.072912,40.7072777],[118.073407,40.7057796],[118.0737059,40.7042518],[118.0738059,40.7027092],[118.0737059,40.7011666],[118.073407,40.6996388],[118.072912,40.6981407],[118.0722256,40.6966865],[118.0713546,40.6952903],[118.0703072,40.6939656],[118.0690936,40.692725],[118.0677254,40.6915807],[118.0662159,40.6905435],[118.0645796,40.6896234],[118.0628321,40.6888294],[118.0609905,40.6881691],[118.0590723,40.6876487],[118.057096,40.6872735],[118.0550808,40.6870469],[118.053046,40.6869711],[118.0510112,40.6870469],[118.048996,40.6872735],[118.0470197,40.6876487],[118.0451015,40.6881691],[118.0432599,40.6888294],[118.0415124,40.6896234],[118.0398761,40.6905435],[118.0383666,40.6915807],[118.0369984,40.692725],[118.0357848,40.6939656],[118.0347374,40.6952903],[118.0338664,40.6966865],[118.03318,40.6981407],[118.032685,40.6996388],[118.0323861,40.7011666],[118.0322861,40.7027092],[118.0323861,40.7042518],[118.032685,40.7057796],[118.03318,40.7072777],[118.0338664,40.7087319],[118.0347374,40.7101281],[118.0357848,40.7114528],[118.0369984,40.7126934],[118.0383666,40.7138377],[118.0398761,40.7148749],[118.0415124,40.715795],[118.0432599,40.716589],[118.0451015,40.7172493],[118.0470197,40.7177696],[118.048996,40.7181449],[118.0510112,40.7183715],[118.053046,40.7184473]]]},"properties":{"name":"北梁顶1126","peak_elev":1133,"eq_radius":1750,"layer":"等效突出半径","rank_pct":0.3504,"center_lon":118.053046,"center_lat":40.70270919799805,"max_mean_jut":143.997,"max_ats":82.4645,"r_prominence":1750,"r_base":2250}},{"type":"Feature","geometry":{"type":"Polygon","coordinates":[[[118.784185,40.9143711],[118.7862258,40.9142953],[118.788247,40.9140687],[118.7902291,40.9136934],[118.7921529,40.9131731],[118.7940001,40.9125128],[118.7957527,40.9117188],[118.7973939,40.9107987],[118.7989078,40.9097615],[118.80028,40.9086172],[118.8014972,40.9073766],[118.8025477,40.9060519],[118.8034213,40.9046557],[118.8041097,40.9032015],[118.8046062,40.9017034],[118.804906,40.9001756],[118.8050062,40.898633],[118.804906,40.8970904],[118.8046062,40.8955626],[118.8041097,40.8940645],[118.8034213,40.8926103],[118.8025477,40.8912141],[118.8014972,40.8898894],[118.80028,40.8886488],[118.7989078,40.8875045],[118.7973939,40.8864673],[118.7957527,40.8855472],[118.7940001,40.8847532],[118.7921529,40.8840929],[118.7902291,40.8835726],[118.788247,40.8831973],[118.7862258,40.8829707],[118.784185,40.8828949],[118.7821442,40.8829707],[118.780123,40.8831973],[118.7781409,40.8835726],[118.7762171,40.8840929],[118.7743699,40.8847532],[118.7726173,40.8855472],[118.7709761,40.8864673],[118.7694622,40.8875045],[118.76809,40.8886488],[118.7668728,40.8898894],[118.7658223,40.8912141],[118.7649487,40.8926103],[118.7642603,40.8940645],[118.7637638,40.8955626],[118.763464,40.8970904],[118.7633638,40.898633],[118.763464,40.9001756],[118.7637638,40.9017034],[118.7642603,40.9032015],[118.7649487,40.9046557],[118.7658223,40.9060519],[118.7668728,40.9073766],[118.76809,40.9086172],[118.7694622,40.9097615],[118.7709761,40.9107987],[118.7726173,40.9117188],[118.7743699,40.9125128],[118.7762171,40.9131731],[118.7781409,40.9136934],[118.780123,40.9140687],[118.7821442,40.9142953],[118.784185,40.9143711]]]},"properties":{"name":"双山尖1201.4","peak_elev":1205,"eq_radius":1750,"layer":"等效突出半径","rank_pct":0.3504,"center_lon":118.784185,"center_lat":40.898633,"max_mean_jut":112.2301,"max_ats":71.9397,"r_prominence":1750,"r_base":1875}},{"type":"Feature","geometry":{"type":"Polygon","coordinates":[[[118.794965,40.5025366],[118.7968484,40.5024663],[118.7987137,40.5022558],[118.8005429,40.5019074],[118.8023183,40.5014242],[118.804023,40.500811],[118.8056404,40.5000737],[118.807155,40.4992194],[118.8085522,40.4982563],[118.8098185,40.4971937],[118.8109418,40.4960418],[118.8119113,40.4948116],[118.8127175,40.4935152],[118.8133528,40.4921649],[118.813811,40.4907737],[118.8140877,40.4893551],[118.8141802,40.4879227],[118.8140877,40.4864902],[118.813811,40.4850716],[118.8133528,40.4836805],[118.8127175,40.4823301],[118.8119113,40.4810337],[118.8109418,40.4798036],[118.8098185,40.4786517],[118.8085522,40.477589],[118.807155,40.4766259],[118.8056404,40.4757716],[118.804023,40.4750343],[118.8023183,40.4744211],[118.8005429,40.473938],[118.7987137,40.4735895],[118.7968484,40.4733791],[118.794965,40.4733087],[118.7930816,40.4733791],[118.7912163,40.4735895],[118.7893871,40.473938],[118.7876117,40.4744211],[118.785907,40.4750343],[118.7842896,40.4757716],[118.782775,40.4766259],[118.7813778,40.477589],[118.7801115,40.4786517],[118.7789882,40.4798036],[118.7780187,40.4810337],[118.7772125,40.4823301],[118.7765772,40.4836805],[118.776119,40.4850716],[118.7758423,40.4864902],[118.7757498,40.4879227],[118.7758423,40.4893551],[118.776119,40.4907737],[118.7765772,40.4921649],[118.7772125,40.4935152],[118.7780187,40.4948116],[118.7789882,40.4960418],[118.7801115,40.4971937],[118.7813778,40.4982563],[118.782775,40.4992194],[118.7842896,40.5000737],[118.785907,40.500811],[118.7876117,40.5014242],[118.7893871,40.5019074],[118.7912163,40.5022558],[118.7930816,40.5024663],[118.794965,40.5025366]]]},"properties":{"name":"1561无名峰","peak_elev":1561,"eq_radius":1625,"layer":"等效突出半径","rank_pct":0.3898,"center_lon":118.794965,"center_lat":40.48792266845703,"max_mean_jut":113.3947,"max_ats":61.4031,"r_prominence":1625,"r_base":10000}},{"type":"Feature","geometry":{"type":"Polygon","coordinates":[[[118.259883,40.420611],[118.2617641,40.4205406],[118.2636271,40.4203302],[118.2654541,40.4199817],[118.2672274,40.4194986],[118.2689299,40.4188854],[118.2705454,40.4181481],[118.2720581,40.4172938],[118.2734536,40.4163306],[118.2747184,40.415268],[118.2758404,40.4141161],[118.2768086,40.412886],[118.2776139,40.4115895],[118.2782484,40.4102392],[118.278706,40.408848],[118.2789824,40.4074294],[118.2790748,40.405997],[118.2789824,40.4045646],[118.278706,40.403146],[118.2782484,40.4017548],[118.2776139,40.4004045],[118.2768086,40.399108],[118.2758404,40.3978779],[118.2747184,40.396726],[118.2734536,40.3956634],[118.2720581,40.3947002],[118.2705454,40.3938459],[118.2689299,40.3931086],[118.2672274,40.3924954],[118.2654541,40.3920123],[118.2636271,40.3916638],[118.2617641,40.3914534],[118.259883,40.391383],[118.2580019,40.3914534],[118.2561389,40.3916638],[118.2543119,40.3920123],[118.2525386,40.3924954],[118.2508361,40.3931086],[118.2492206,40.3938459],[118.2477079,40.3947002],[118.2463124,40.3956634],[118.2450476,40.396726],[118.2439256,40.3978779],[118.2429574,40.399108],[118.2421521,40.4004045],[118.2415176,40.4017548],[118.24106,40.403146],[118.2407836,40.4045646],[118.2406912,40.405997],[118.2407836,40.4074294],[118.24106,40.408848],[118.2415176,40.4102392],[118.2421521,40.4115895],[118.2429574,40.412886],[118.2439256,40.4141161],[118.2450476,40.415268],[118.2463124,40.4163306],[118.2477079,40.4172938],[118.2492206,40.4181481],[118.2508361,40.4188854],[118.2525386,40.4194986],[118.2543119,40.4199817],[118.2561389,40.4203302],[118.2580019,40.4205406],[118.259883,40.420611]]]},"properties":{"name":"三十二壳楞697","peak_elev":697,"eq_radius":1625,"layer":"等效突出半径","rank_pct":0.3898,"center_lon":118.259883,"center_lat":40.405997,"max_mean_jut":100.9879,"max_ats":69.0582,"r_prominence":1625,"r_base":2500}},{"type":"Feature","geometry":{"type":"Polygon","coordinates":[[[118.424679,40.576109],[118.4265645,40.5760386],[118.4284318,40.5758282],[118.430263,40.5754797],[118.4320404,40.5749966],[118.4337469,40.5743834],[118.4353661,40.5736461],[118.4368824,40.5727918],[118.4382811,40.5718286],[118.4395489,40.570766],[118.4406734,40.5696141],[118.4416439,40.568384],[118.442451,40.5670875],[118.443087,40.5657372],[118.4435457,40.564346],[118.4438227,40.5629274],[118.4439153,40.561495],[118.4438227,40.5600626],[118.4435457,40.558644],[118.443087,40.5572528],[118.442451,40.5559025],[118.4416439,40.554606],[118.4406734,40.5533759],[118.4395489,40.552224],[118.4382811,40.5511614],[118.4368824,40.5501982],[118.4353661,40.5493439],[118.4337469,40.5486066],[118.4320404,40.5479934],[118.430263,40.5475103],[118.4284318,40.5471618],[118.4265645,40.5469514],[118.424679,40.546881],[118.4227935,40.5469514],[118.4209262,40.5471618],[118.419095,40.5475103],[118.4173176,40.5479934],[118.4156111,40.5486066],[118.4139919,40.5493439],[118.4124756,40.5501982],[118.4110769,40.5511614],[118.4098091,40.552224],[118.4086846,40.5533759],[118.4077141,40.554606],[118.406907,40.5559025],[118.406271,40.5572528],[118.4058123,40.558644],[118.4055353,40.5600626],[118.4054427,40.561495],[118.4055353,40.5629274],[118.4058123,40.564346],[118.406271,40.5657372],[118.406907,40.5670875],[118.4077141,40.568384],[118.4086846,40.5696141],[118.4098091,40.570766],[118.4110769,40.5718286],[118.4124756,40.5727918],[118.4139919,40.5736461],[118.4156111,40.5743834],[118.4173176,40.5749966],[118.419095,40.5754797],[118.4209262,40.5758282],[118.4227935,40.5760386],[118.424679,40.576109]]]},"properties":{"name":"头道沟梁尖858","peak_elev":858,"eq_radius":1625,"layer":"等效突出半径","rank_pct":0.3898,"center_lon":118.424679,"center_lat":40.561495,"max_mean_jut":109.5754,"max_ats":70.282,"r_prominence":1625,"r_base":2000}},{"type":"Feature","geometry":{"type":"Polygon","coordinates":[[[118.597156,40.6054839],[118.5990423,40.6054135],[118.6009105,40.6052031],[118.6027425,40.6048546],[118.6045206,40.6043715],[118.6062279,40.6037583],[118.6078478,40.603021],[118.6093647,40.6021667],[118.6107641,40.6012035],[118.6120324,40.6001409],[118.6131574,40.598989],[118.6141283,40.5977589],[118.6149358,40.5964624],[118.6155721,40.5951121],[118.616031,40.5937209],[118.6163081,40.5923023],[118.6164007,40.5908699],[118.6163081,40.5894375],[118.616031,40.5880189],[118.6155721,40.5866277],[118.6149358,40.5852774],[118.6141283,40.5839809],[118.6131574,40.5827508],[118.6120324,40.5815989],[118.6107641,40.5805363],[118.6093647,40.5795731],[118.6078478,40.5787188],[118.6062279,40.5779815],[118.6045206,40.5773684],[118.6027425,40.5768852],[118.6009105,40.5765367],[118.5990423,40.5763263],[118.597156,40.5762559],[118.5952697,40.5763263],[118.5934015,40.5765367],[118.5915695,40.5768852],[118.5897914,40.5773684],[118.5880841,40.5779815],[118.5864642,40.5787188],[118.5849473,40.5795731],[118.5835479,40.5805363],[118.5822796,40.5815989],[118.5811546,40.5827508],[118.5801837,40.5839809],[118.5793762,40.5852774],[118.5787399,40.5866277],[118.578281,40.5880189],[118.5780039,40.5894375],[118.5779113,40.5908699],[118.5780039,40.5923023],[118.578281,40.5937209],[118.5787399,40.5951121],[118.5793762,40.5964624],[118.5801837,40.5977589],[118.5811546,40.598989],[118.5822796,40.6001409],[118.5835479,40.6012035],[118.5849473,40.6021667],[118.5864642,40.603021],[118.5880841,40.6037583],[118.5897914,40.6043715],[118.5915695,40.6048546],[118.5934015,40.6052031],[118.5952697,40.6054135],[118.597156,40.6054839]]]},"properties":{"name":"八大坑山尖917","peak_elev":917,"eq_radius":1625,"layer":"等效突出半径","rank_pct":0.3898,"center_lon":118.597156,"center_lat":40.59086990356445,"max_mean_jut":135.6951,"max_ats":100.3918,"r_prominence":1625,"r_base":2000}},{"type":"Feature","geometry":{"type":"Polygon","coordinates":[[[118.132143,40.50631],[118.1340265,40.5062396],[118.1358919,40.5060292],[118.1377212,40.5056807],[118.1394967,40.5051976],[118.1412015,40.5045844],[118.142819,40.5038471],[118.1443337,40.5029928],[118.145731,40.5020296],[118.1469974,40.500967],[118.1481207,40.4998151],[118.1490902,40.498585],[118.1498965,40.4972885],[118.1505318,40.4959382],[118.15099,40.494547],[118.1512667,40.4931284],[118.1513593,40.491696],[118.1512667,40.4902636],[118.15099,40.488845],[118.1505318,40.4874538],[118.1498965,40.4861035],[118.1490902,40.484807],[118.1481207,40.4835769],[118.1469974,40.482425],[118.145731,40.4813624],[118.1443337,40.4803992],[118.142819,40.4795449],[118.1412015,40.4788076],[118.1394967,40.4781944],[118.1377212,40.4777113],[118.1358919,40.4773628],[118.1340265,40.4771524],[118.132143,40.477082],[118.1302595,40.4771524],[118.1283941,40.4773628],[118.1265648,40.4777113],[118.1247893,40.4781944],[118.1230845,40.4788076],[118.121467,40.4795449],[118.1199523,40.4803992],[118.118555,40.4813624],[118.1172886,40.482425],[118.1161653,40.4835769],[118.1151958,40.484807],[118.1143895,40.4861035],[118.1137542,40.4874538],[118.113296,40.488845],[118.1130193,40.4902636],[118.1129267,40.491696],[118.1130193,40.4931284],[118.113296,40.494547],[118.1137542,40.4959382],[118.1143895,40.4972885],[118.1151958,40.498585],[118.1161653,40.4998151],[118.1172886,40.500967],[118.118555,40.5020296],[118.1199523,40.5029928],[118.121467,40.5038471],[118.1230845,40.5045844],[118.1247893,40.5051976],[118.1265648,40.5056807],[118.1283941,40.5060292],[118.1302595,40.5062396],[118.132143,40.50631]]]},"properties":{"name":"黑沟峪939","peak_elev":939,"eq_radius":1625,"layer":"等效突出半径","rank_pct":0.3898,"center_lon":118.132143,"center_lat":40.491696,"max_mean_jut":159.3074,"max_ats":100.2658,"r_prominence":1625,"r_base":1625}},{"type":"Feature","geometry":{"type":"Polygon","coordinates":[[[118.151681,40.8205413],[118.1535734,40.8204709],[118.1554476,40.8202604],[118.1572855,40.819912],[118.1590695,40.8194288],[118.1607822,40.8188157],[118.1624074,40.8180784],[118.1639292,40.817224],[118.1653331,40.8162609],[118.1666055,40.8151983],[118.1677342,40.8140464],[118.1687082,40.8128163],[118.1695183,40.8115198],[118.1701566,40.8101695],[118.170617,40.8087783],[118.170895,40.8073597],[118.170988,40.8059273],[118.170895,40.8044949],[118.170617,40.8030762],[118.1701566,40.8016851],[118.1695183,40.8003348],[118.1687082,40.7990383],[118.1677342,40.7978082],[118.1666055,40.7966563],[118.1653331,40.7955936],[118.1639292,40.7946305],[118.1624074,40.7937762],[118.1607822,40.7930389],[118.1590695,40.7924257],[118.1572855,40.7919426],[118.1554476,40.7915941],[118.1535734,40.7913837],[118.151681,40.7913133],[118.1497886,40.7913837],[118.1479144,40.7915941],[118.1460765,40.7919426],[118.1442925,40.7924257],[118.1425798,40.7930389],[118.1409546,40.7937762],[118.1394328,40.7946305],[118.1380289,40.7955936],[118.1367565,40.7966563],[118.1356278,40.7978082],[118.1346538,40.7990383],[118.1338437,40.8003348],[118.1332054,40.8016851],[118.132745,40.8030762],[118.132467,40.8044949],[118.132374,40.8059273],[118.132467,40.8073597],[118.132745,40.8087783],[118.1332054,40.8101695],[118.1338437,40.8115198],[118.1346538,40.8128163],[118.1356278,40.8140464],[118.1367565,40.8151983],[118.1380289,40.8162609],[118.1394328,40.817224],[118.1409546,40.8180784],[118.1425798,40.8188157],[118.1442925,40.8194288],[118.1460765,40.819912],[118.1479144,40.8202604],[118.1497886,40.8204709],[118.151681,40.8205413]]]},"properties":{"name":"五道沟北尖1017","peak_elev":1017,"eq_radius":1625,"layer":"等效突出半径","rank_pct":0.3898,"center_lon":118.151681,"center_lat":40.80592727661133,"max_mean_jut":128.2846,"max_ats":77.9619,"r_prominence":1625,"r_base":4500}},{"type":"Feature","geometry":{"type":"Polygon","coordinates":[[[119.6665115,40.490679],[119.6683946,40.4906086],[119.6702596,40.4903982],[119.6720884,40.4900497],[119.6738636,40.4895666],[119.6755679,40.4889534],[119.677185,40.4882161],[119.6786994,40.4873618],[119.6800963,40.4863986],[119.6813625,40.485336],[119.6824856,40.4841841],[119.6834548,40.482954],[119.6842609,40.4816575],[119.6848961,40.4803072],[119.6853542,40.478916],[119.6856308,40.4774974],[119.6857233,40.476065],[119.6856308,40.4746326],[119.6853542,40.473214],[119.6848961,40.4718228],[119.6842609,40.4704725],[119.6834548,40.469176],[119.6824856,40.4679459],[119.6813625,40.466794],[119.6800963,40.4657314],[119.6786994,40.4647682],[119.677185,40.4639139],[119.6755679,40.4631766],[119.6738636,40.4625634],[119.6720884,40.4620803],[119.6702596,40.4617318],[119.6683946,40.4615214],[119.6665115,40.461451],[119.6646285,40.4615214],[119.6627635,40.4617318],[119.6609346,40.4620803],[119.6591595,40.4625634],[119.6574552,40.4631766],[119.655838,40.4639139],[119.6543237,40.4647682],[119.6529267,40.4657314],[119.6516606,40.466794],[119.6505375,40.4679459],[119.6495682,40.469176],[119.6487621,40.4704725],[119.648127,40.4718228],[119.6476689,40.473214],[119.6473922,40.4746326],[119.6472997,40.476065],[119.6473922,40.4774974],[119.6476689,40.478916],[119.648127,40.4803072],[119.6487621,40.4816575],[119.6495682,40.482954],[119.6505375,40.4841841],[119.6516606,40.485336],[119.6529267,40.4863986],[119.6543237,40.4873618],[119.655838,40.4882161],[119.6574552,40.4889534],[119.6591595,40.4895666],[119.6609346,40.4900497],[119.6627635,40.4903982],[119.6646285,40.4906086],[119.6665115,40.490679]]]},"properties":{"name":"大青山1224","peak_elev":1217,"eq_radius":1625,"layer":"等效突出半径","rank_pct":0.3898,"center_lon":119.66651153564452,"center_lat":40.476065,"max_mean_jut":159.655,"max_ats":92.7748,"r_prominence":1625,"r_base":1750}},{"type":"Feature","geometry":{"type":"Polygon","coordinates":[[[119.754905,40.313891],[119.7567831,40.3138206],[119.7586432,40.3136102],[119.7604673,40.3132617],[119.7622378,40.3127786],[119.7639376,40.3121654],[119.7655505,40.3114281],[119.7670609,40.3105738],[119.7684542,40.3096106],[119.769717,40.308548],[119.7708372,40.3073961],[119.7718039,40.306166],[119.7726079,40.3048695],[119.7732414,40.3035192],[119.7736983,40.302128],[119.7739742,40.3007094],[119.7740664,40.299277],[119.7739742,40.2978446],[119.7736983,40.296426],[119.7732414,40.2950348],[119.7726079,40.2936845],[119.7718039,40.292388],[119.7708372,40.2911579],[119.769717,40.290006],[119.7684542,40.2889434],[119.7670609,40.2879802],[119.7655505,40.2871259],[119.7639376,40.2863886],[119.7622378,40.2857754],[119.7604673,40.2852923],[119.7586432,40.2849438],[119.7567831,40.2847334],[119.754905,40.284663],[119.7530269,40.2847334],[119.7511668,40.2849438],[119.7493427,40.2852923],[119.7475722,40.2857754],[119.7458724,40.2863886],[119.7442595,40.2871259],[119.7427491,40.2879802],[119.7413558,40.2889434],[119.740093,40.290006],[119.7389728,40.2911579],[119.7380061,40.292388],[119.7372021,40.2936845],[119.7365686,40.2950348],[119.7361117,40.296426],[119.7358358,40.2978446],[119.7357436,40.299277],[119.7358358,40.3007094],[119.7361117,40.302128],[119.7365686,40.3035192],[119.7372021,40.3048695],[119.7380061,40.306166],[119.7389728,40.3073961],[119.740093,40.308548],[119.7413558,40.3096106],[119.7427491,40.3105738],[119.7442595,40.3114281],[119.7458724,40.3121654],[119.7475722,40.3127786],[119.7493427,40.3132617],[119.7511668,40.3136102],[119.7530269,40.3138206],[119.754905,40.313891]]]},"properties":{"name":"平顶山925","peak_elev":922,"eq_radius":1625,"layer":"等效突出半径","rank_pct":0.3898,"center_lon":119.754905,"center_lat":40.299277,"max_mean_jut":109.4591,"max_ats":63.7164,"r_prominence":1625,"r_base":2000}},{"type":"Feature","geometry":{"type":"Polygon","coordinates":[[[118.535981,40.572875],[118.5378664,40.5728046],[118.5397336,40.5725942],[118.5415647,40.5722457],[118.5433421,40.5717626],[118.5450485,40.5711494],[118.5466676,40.5704121],[118.5481838,40.5695578],[118.5495825,40.5685946],[118.5508501,40.567532],[118.5519746,40.5663801],[118.5529451,40.56515],[118.5537522,40.5638535],[118.5543881,40.5625032],[118.5548468,40.561112],[118.5551237,40.5596934],[118.5552164,40.558261],[118.5551237,40.5568286],[118.5548468,40.55541],[118.5543881,40.5540188],[118.5537522,40.5526685],[118.5529451,40.551372],[118.5519746,40.5501419],[118.5508501,40.54899],[118.5495825,40.5479274],[118.5481838,40.5469642],[118.5466676,40.5461099],[118.5450485,40.5453726],[118.5433421,40.5447594],[118.5415647,40.5442763],[118.5397336,40.5439278],[118.5378664,40.5437174],[118.535981,40.543647],[118.5340956,40.5437174],[118.5322284,40.5439278],[118.5303973,40.5442763],[118.5286199,40.5447594],[118.5269135,40.5453726],[118.5252944,40.5461099],[118.5237782,40.5469642],[118.5223795,40.5479274],[118.5211119,40.54899],[118.5199874,40.5501419],[118.5190169,40.551372],[118.5182098,40.5526685],[118.5175739,40.5540188],[118.5171152,40.55541],[118.5168383,40.5568286],[118.5167456,40.558261],[118.5168383,40.5596934],[118.5171152,40.561112],[118.5175739,40.5625032],[118.5182098,40.5638535],[118.5190169,40.56515],[118.5199874,40.5663801],[118.5211119,40.567532],[118.5223795,40.5685946],[118.5237782,40.5695578],[118.5252944,40.5704121],[118.5269135,40.5711494],[118.5286199,40.5717626],[118.5303973,40.5722457],[118.5322284,40.5725942],[118.5340956,40.5728046],[118.535981,40.572875]]]},"properties":{"name":"鸡冠子山1083.4","peak_elev":1082,"eq_radius":1625,"layer":"等效突出半径","rank_pct":0.3898,"center_lon":118.535981,"center_lat":40.558261,"max_mean_jut":145.2787,"max_ats":94.5487,"r_prominence":1625,"r_base":2500}},{"type":"Feature","geometry":{"type":"Polygon","coordinates":[[[118.999242,40.8116018],[119.0009886,40.8115369],[119.0027185,40.8113426],[119.0044148,40.811021],[119.0060613,40.810575],[119.0076422,40.810009],[119.0091421,40.8093284],[119.0105467,40.8085398],[119.0118424,40.8076507],[119.0130168,40.8066699],[119.0140586,40.8056065],[119.0149576,40.8044711],[119.0157053,40.8032743],[119.0162944,40.8020279],[119.0167193,40.8007437],[119.0169759,40.7994342],[119.0170617,40.798112],[119.0169759,40.7967898],[119.0167193,40.7954803],[119.0162944,40.7941961],[119.0157053,40.7929497],[119.0149576,40.7917529],[119.0140586,40.7906175],[119.0130168,40.7895541],[119.0118424,40.7885733],[119.0105467,40.7876842],[119.0091421,40.7868956],[119.0076422,40.786215],[119.0060613,40.785649],[119.0044148,40.785203],[119.0027185,40.7848814],[119.0009886,40.7846871],[118.999242,40.7846222],[118.9974954,40.7846871],[118.9957655,40.7848814],[118.9940692,40.785203],[118.9924227,40.785649],[118.9908418,40.786215],[118.9893419,40.7868956],[118.9879373,40.7876842],[118.9866416,40.7885733],[118.9854672,40.7895541],[118.9844254,40.7906175],[118.9835264,40.7917529],[118.9827787,40.7929497],[118.9821896,40.7941961],[118.9817647,40.7954803],[118.9815081,40.7967898],[118.9814223,40.798112],[118.9815081,40.7994342],[118.9817647,40.8007437],[118.9821896,40.8020279],[118.9827787,40.8032743],[118.9835264,40.8044711],[118.9844254,40.8056065],[118.9854672,40.8066699],[118.9866416,40.8076507],[118.9879373,40.8085398],[118.9893419,40.8093284],[118.9908418,40.810009],[118.9924227,40.810575],[118.9940692,40.811021],[118.9957655,40.8113426],[118.9974954,40.8115369],[118.999242,40.8116018]]]},"properties":{"name":"1002无名峰","peak_elev":1002,"eq_radius":1500,"layer":"等效突出半径","rank_pct":0.4252,"center_lon":118.999242,"center_lat":40.798112,"max_mean_jut":109.7918,"max_ats":66.9498,"r_prominence":1500,"r_base":2000}},{"type":"Feature","geometry":{"type":"Polygon","coordinates":[[[118.034047,40.69518],[118.0357906,40.6951151],[118.0375174,40.6949208],[118.0392107,40.6945992],[118.0408544,40.6941532],[118.0424325,40.6935872],[118.0439298,40.6929066],[118.0453319,40.692118],[118.0466254,40.691229],[118.0477977,40.6902481],[118.0488376,40.6891848],[118.0497351,40.6880493],[118.0504815,40.6868525],[118.0510696,40.6856061],[118.0514938,40.684322],[118.0517499,40.6830125],[118.0518356,40.6816902],[118.0517499,40.680368],[118.0514938,40.6790585],[118.0510696,40.6777743],[118.0504815,40.6765279],[118.0497351,40.6753312],[118.0488376,40.6741957],[118.0477977,40.6731324],[118.0466254,40.6721515],[118.0453319,40.6712624],[118.0439298,40.6704738],[118.0424325,40.6697933],[118.0408544,40.6692272],[118.0392107,40.6687813],[118.0375174,40.6684596],[118.0357906,40.6682653],[118.034047,40.6682004],[118.0323034,40.6682653],[118.0305766,40.6684596],[118.0288833,40.6687813],[118.0272396,40.6692272],[118.0256615,40.6697933],[118.0241642,40.6704738],[118.0227621,40.6712624],[118.0214686,40.6721515],[118.0202963,40.6731324],[118.0192564,40.6741957],[118.0183589,40.6753312],[118.0176125,40.6765279],[118.0170244,40.6777743],[118.0166002,40.6790585],[118.0163441,40.680368],[118.0162584,40.6816902],[118.0163441,40.6830125],[118.0166002,40.684322],[118.0170244,40.6856061],[118.0176125,40.6868525],[118.0183589,40.6880493],[118.0192564,40.6891848],[118.0202963,40.6902481],[118.0214686,40.691229],[118.0227621,40.692118],[118.0241642,40.6929066],[118.0256615,40.6935872],[118.0272396,40.6941532],[118.0288833,40.6945992],[118.0305766,40.6949208],[118.0323034,40.6951151],[118.034047,40.69518]]]},"properties":{"name":"1098无名峰","peak_elev":1098,"eq_radius":1500,"layer":"等效突出半径","rank_pct":0.4252,"center_lon":118.034047,"center_lat":40.68169021606445,"max_mean_jut":166.2861,"max_ats":94.1405,"r_prominence":1500,"r_base":3500}},{"type":"Feature","geometry":{"type":"Polygon","coordinates":[[[119.634441,40.4519608],[119.6361783,40.4518959],[119.6378988,40.4517016],[119.639586,40.45138],[119.6412237,40.450934],[119.6427961,40.450368],[119.644288,40.4496874],[119.645685,40.4488988],[119.6469738,40.4480097],[119.6481419,40.4470289],[119.649178,40.4459655],[119.6500722,40.4448301],[119.6508159,40.4436333],[119.6514019,40.4423869],[119.6518245,40.4411027],[119.6520797,40.4397932],[119.652165,40.438471],[119.6520797,40.4371488],[119.6518245,40.4358393],[119.6514019,40.4345551],[119.6508159,40.4333087],[119.6500722,40.4321119],[119.649178,40.4309765],[119.6481419,40.4299131],[119.6469738,40.4289323],[119.645685,40.4280432],[119.644288,40.4272546],[119.6427961,40.426574],[119.6412237,40.426008],[119.639586,40.425562],[119.6378988,40.4252404],[119.6361783,40.4250461],[119.634441,40.4249812],[119.6327037,40.4250461],[119.6309832,40.4252404],[119.629296,40.425562],[119.6276583,40.426008],[119.6260859,40.426574],[119.624594,40.4272546],[119.623197,40.4280432],[119.6219082,40.4289323],[119.6207401,40.4299131],[119.619704,40.4309765],[119.6188098,40.4321119],[119.6180661,40.4333087],[119.6174801,40.4345551],[119.6170575,40.4358393],[119.6168023,40.4371488],[119.616717,40.438471],[119.6168023,40.4397932],[119.6170575,40.4411027],[119.6174801,40.4423869],[119.6180661,40.4436333],[119.6188098,40.4448301],[119.619704,40.4459655],[119.6207401,40.4470289],[119.6219082,40.4480097],[119.623197,40.4488988],[119.624594,40.4496874],[119.6260859,40.450368],[119.6276583,40.450934],[119.629296,40.45138],[119.6309832,40.4517016],[119.6327037,40.4518959],[119.634441,40.4519608]]]},"properties":{"name":"1122无名峰","peak_elev":1122,"eq_radius":1500,"layer":"等效突出半径","rank_pct":0.4252,"center_lon":119.634441,"center_lat":40.438471,"max_mean_jut":100.1849,"max_ats":53.7107,"r_prominence":1500,"r_base":1625}},{"type":"Feature","geometry":{"type":"Polygon","coordinates":[[[119.099494,40.2297628],[119.1012256,40.2296979],[119.1029404,40.2295036],[119.1046221,40.229182],[119.1062544,40.228736],[119.1078216,40.22817],[119.1093086,40.2274894],[119.1107011,40.2267008],[119.1119856,40.2258117],[119.1131498,40.2248309],[119.1141826,40.2237675],[119.1150738,40.2226321],[119.1158151,40.2214353],[119.1163991,40.2201889],[119.1168204,40.2189047],[119.1170747,40.2175952],[119.1171598,40.216273],[119.1170747,40.2149508],[119.1168204,40.2136413],[119.1163991,40.2123571],[119.1158151,40.2111107],[119.1150738,40.2099139],[119.1141826,40.2087785],[119.1131498,40.2077151],[119.1119856,40.2067343],[119.1107011,40.2058452],[119.1093086,40.2050566],[119.1078216,40.204376],[119.1062544,40.20381],[119.1046221,40.203364],[119.1029404,40.2030424],[119.1012256,40.2028481],[119.099494,40.2027832],[119.0977624,40.2028481],[119.0960476,40.2030424],[119.0943659,40.203364],[119.0927336,40.20381],[119.0911664,40.204376],[119.0896794,40.2050566],[119.0882869,40.2058452],[119.0870024,40.2067343],[119.0858382,40.2077151],[119.0848054,40.2087785],[119.0839142,40.2099139],[119.0831729,40.2111107],[119.0825889,40.2123571],[119.0821676,40.2136413],[119.0819133,40.2149508],[119.0818282,40.216273],[119.0819133,40.2175952],[119.0821676,40.2189047],[119.0825889,40.2201889],[119.0831729,40.2214353],[119.0839142,40.2226321],[119.0848054,40.2237675],[119.0858382,40.2248309],[119.0870024,40.2258117],[119.0882869,40.2267008],[119.0896794,40.2274894],[119.0911664,40.22817],[119.0927336,40.228736],[119.0943659,40.229182],[119.0960476,40.2295036],[119.0977624,40.2296979],[119.099494,40.2297628]]]},"properties":{"name":"鸡冠山704","peak_elev":704,"eq_radius":1500,"layer":"等效突出半径","rank_pct":0.4252,"center_lon":119.099494,"center_lat":40.216273,"max_mean_jut":125.5931,"max_ats":83.6587,"r_prominence":1500,"r_base":1875}},{"type":"Feature","geometry":{"type":"Polygon","coordinates":[[[118.381964,40.4572154],[118.3837014,40.4571505],[118.3854221,40.4569562],[118.3871094,40.4566345],[118.3887472,40.4561886],[118.3903197,40.4556225],[118.3918117,40.454942],[118.3932089,40.4541534],[118.3944978,40.4532643],[118.3956659,40.4522834],[118.3967022,40.4512201],[118.3975964,40.4500846],[118.3983402,40.4488879],[118.3989262,40.4476415],[118.3993488,40.4463573],[118.3996041,40.4450478],[118.3996894,40.4437256],[118.3996041,40.4424034],[118.3993488,40.4410939],[118.3989262,40.4398097],[118.3983402,40.4385633],[118.3975964,40.4373665],[118.3967022,40.436231],[118.3956659,40.4351677],[118.3944978,40.4341868],[118.3932089,40.4332978],[118.3918117,40.4325092],[118.3903197,40.4318286],[118.3887472,40.4312626],[118.3871094,40.4308166],[118.3854221,40.430495],[118.3837014,40.4303007],[118.381964,40.4302358],[118.3802266,40.4303007],[118.3785059,40.430495],[118.3768186,40.4308166],[118.3751808,40.4312626],[118.3736083,40.4318286],[118.3721163,40.4325092],[118.3707191,40.4332978],[118.3694302,40.4341868],[118.3682621,40.4351677],[118.3672258,40.436231],[118.3663316,40.4373665],[118.3655878,40.4385633],[118.3650018,40.4398097],[118.3645792,40.4410939],[118.3643239,40.4424034],[118.3642386,40.4437256],[118.3643239,40.4450478],[118.3645792,40.4463573],[118.3650018,40.4476415],[118.3655878,40.4488879],[118.3663316,40.4500846],[118.3672258,40.4512201],[118.3682621,40.4522834],[118.3694302,40.4532643],[118.3707191,40.4541534],[118.3721163,40.454942],[118.3736083,40.4556225],[118.3751808,40.4561886],[118.3768186,40.4566345],[118.3785059,40.4569562],[118.3802266,40.4571505],[118.381964,40.4572154]]]},"properties":{"name":"715无名峰","peak_elev":715,"eq_radius":1500,"layer":"等效突出半径","rank_pct":0.4252,"center_lon":118.381964,"center_lat":40.4437255859375,"max_mean_jut":97.2465,"max_ats":61.8565,"r_prominence":1500,"r_base":1625}},{"type":"Feature","geometry":{"type":"Polygon","coordinates":[[[118.155993,40.6628408],[118.1577357,40.6627759],[118.1594617,40.6625816],[118.1611542,40.66226],[118.1627971,40.661814],[118.1643744,40.661248],[118.165871,40.6605674],[118.1672725,40.6597788],[118.1685653,40.6588897],[118.1697371,40.6579089],[118.1707765,40.6568455],[118.1716735,40.6557101],[118.1724195,40.6545133],[118.1730073,40.6532669],[118.1734313,40.6519827],[118.1736873,40.6506732],[118.1737729,40.649351],[118.1736873,40.6480288],[118.1734313,40.6467193],[118.1730073,40.6454351],[118.1724195,40.6441887],[118.1716735,40.6429919],[118.1707765,40.6418565],[118.1697371,40.6407931],[118.1685653,40.6398123],[118.1672725,40.6389232],[118.165871,40.6381346],[118.1643744,40.637454],[118.1627971,40.636888],[118.1611542,40.636442],[118.1594617,40.6361204],[118.1577357,40.6359261],[118.155993,40.6358612],[118.1542503,40.6359261],[118.1525243,40.6361204],[118.1508318,40.636442],[118.1491889,40.636888],[118.1476116,40.637454],[118.146115,40.6381346],[118.1447135,40.6389232],[118.1434207,40.6398123],[118.1422489,40.6407931],[118.1412095,40.6418565],[118.1403125,40.6429919],[118.1395665,40.6441887],[118.1389787,40.6454351],[118.1385547,40.6467193],[118.1382987,40.6480288],[118.1382131,40.649351],[118.1382987,40.6506732],[118.1385547,40.6519827],[118.1389787,40.6532669],[118.1395665,40.6545133],[118.1403125,40.6557101],[118.1412095,40.6568455],[118.1422489,40.6579089],[118.1434207,40.6588897],[118.1447135,40.6597788],[118.146115,40.6605674],[118.1476116,40.661248],[118.1491889,40.661814],[118.1508318,40.66226],[118.1525243,40.6625816],[118.1542503,40.6627759],[118.155993,40.6628408]]]},"properties":{"name":"784无名峰","peak_elev":784,"eq_radius":1500,"layer":"等效突出半径","rank_pct":0.4252,"center_lon":118.155993,"center_lat":40.649351,"max_mean_jut":117.537,"max_ats":74.1857,"r_prominence":1500,"r_base":1875}},{"type":"Feature","geometry":{"type":"Polygon","coordinates":[[[119.970231,40.2850088],[119.971964,40.2849439],[119.9736802,40.2847496],[119.9753633,40.284428],[119.9769969,40.283982],[119.9785654,40.283416],[119.9800536,40.2827354],[119.9814472,40.2819468],[119.9827328,40.2810577],[119.983898,40.2800769],[119.9849316,40.2790135],[119.9858236,40.2778781],[119.9865654,40.2766813],[119.9871499,40.2754349],[119.9875715,40.2741507],[119.9878261,40.2728412],[119.9879112,40.271519],[119.9878261,40.2701968],[119.9875715,40.2688873],[119.9871499,40.2676031],[119.9865654,40.2663567],[119.9858236,40.2651599],[119.9849316,40.2640245],[119.983898,40.2629611],[119.9827328,40.2619803],[119.9814472,40.2610912],[119.9800536,40.2603026],[119.9785654,40.259622],[119.9769969,40.259056],[119.9753633,40.25861],[119.9736802,40.2582884],[119.971964,40.2580941],[119.970231,40.2580292],[119.968498,40.2580941],[119.9667818,40.2582884],[119.9650987,40.25861],[119.9634651,40.259056],[119.9618966,40.259622],[119.9604084,40.2603026],[119.9590148,40.2610912],[119.9577292,40.2619803],[119.956564,40.2629611],[119.9555304,40.2640245],[119.9546384,40.2651599],[119.9538966,40.2663567],[119.9533121,40.2676031],[119.9528905,40.2688873],[119.9526359,40.2701968],[119.9525508,40.271519],[119.9526359,40.2728412],[119.9528905,40.2741507],[119.9533121,40.2754349],[119.9538966,40.2766813],[119.9546384,40.2778781],[119.9555304,40.2790135],[119.956564,40.2800769],[119.9577292,40.2810577],[119.9590148,40.2819468],[119.9604084,40.2827354],[119.9618966,40.283416],[119.9634651,40.283982],[119.9650987,40.284428],[119.9667818,40.2847496],[119.968498,40.2849439],[119.970231,40.2850088]]]},"properties":{"name":"三山710","peak_elev":705,"eq_radius":1500,"layer":"等效突出半径","rank_pct":0.4252,"center_lon":119.970231,"center_lat":40.271519,"max_mean_jut":173.868,"max_ats":127.9794,"r_prominence":1500,"r_base":1875}},{"type":"Feature","geometry":{"type":"Polygon","coordinates":[[[118.049004,40.7630918],[118.0507494,40.7630269],[118.0524779,40.7628326],[118.054173,40.762511],[118.0558183,40.762065],[118.057398,40.761499],[118.0588969,40.7608184],[118.0603005,40.7600298],[118.0615952,40.7591407],[118.0627688,40.7581599],[118.0638097,40.7570965],[118.0647081,40.7559611],[118.0654553,40.7547643],[118.066044,40.7535179],[118.0664686,40.7522337],[118.066725,40.7509242],[118.0668107,40.749602],[118.066725,40.7482798],[118.0664686,40.7469703],[118.066044,40.7456861],[118.0654553,40.7444397],[118.0647081,40.7432429],[118.0638097,40.7421075],[118.0627688,40.7410441],[118.0615952,40.7400633],[118.0603005,40.7391742],[118.0588969,40.7383856],[118.057398,40.737705],[118.0558183,40.737139],[118.054173,40.736693],[118.0524779,40.7363714],[118.0507494,40.7361771],[118.049004,40.7361122],[118.0472586,40.7361771],[118.0455301,40.7363714],[118.043835,40.736693],[118.0421897,40.737139],[118.04061,40.737705],[118.0391111,40.7383856],[118.0377075,40.7391742],[118.0364128,40.7400633],[118.0352392,40.7410441],[118.0341983,40.7421075],[118.0332999,40.7432429],[118.0325527,40.7444397],[118.031964,40.7456861],[118.0315394,40.7469703],[118.031283,40.7482798],[118.0311973,40.749602],[118.031283,40.7509242],[118.0315394,40.7522337],[118.031964,40.7535179],[118.0325527,40.7547643],[118.0332999,40.7559611],[118.0341983,40.7570965],[118.0352392,40.7581599],[118.0364128,40.7591407],[118.0377075,40.7600298],[118.0391111,40.7608184],[118.04061,40.761499],[118.0421897,40.762065],[118.043835,40.762511],[118.0455301,40.7628326],[118.0472586,40.7630269],[118.049004,40.7630918]]]},"properties":{"name":"兴隆山1072.1","peak_elev":1064,"eq_radius":1500,"layer":"等效突出半径","rank_pct":0.4252,"center_lon":118.049004,"center_lat":40.749602,"max_mean_jut":124.8522,"max_ats":73.5195,"r_prominence":1500,"r_base":1500}},{"type":"Feature","geometry":{"type":"Polygon","coordinates":[[[118.212048,40.7294055],[118.2137925,40.7293405],[118.2155202,40.7291463],[118.2172144,40.7288246],[118.2188589,40.7283787],[118.2204378,40.7278126],[118.2219359,40.7271321],[118.2233387,40.7263435],[118.2246329,40.7254544],[118.2258058,40.7244735],[118.2268462,40.7234102],[118.2277442,40.7222747],[118.2284909,40.721078],[118.2290793,40.7198316],[118.2295037,40.7185474],[118.22976,40.7172379],[118.2298457,40.7159157],[118.22976,40.7145934],[118.2295037,40.7132839],[118.2290793,40.7119998],[118.2284909,40.7107533],[118.2277442,40.7095566],[118.2268462,40.7084211],[118.2258058,40.7073578],[118.2246329,40.7063769],[118.2233387,40.7054879],[118.2219359,40.7046993],[118.2204378,40.7040187],[118.2188589,40.7034527],[118.2172144,40.7030067],[118.2155202,40.7026851],[118.2137925,40.7024908],[118.212048,40.7024259],[118.2103035,40.7024908],[118.2085758,40.7026851],[118.2068816,40.7030067],[118.2052371,40.7034527],[118.2036582,40.7040187],[118.2021601,40.7046993],[118.2007573,40.7054879],[118.1994631,40.7063769],[118.1982902,40.7073578],[118.1972498,40.7084211],[118.1963518,40.7095566],[118.1956051,40.7107533],[118.1950167,40.7119998],[118.1945923,40.7132839],[118.194336,40.7145934],[118.1942503,40.7159157],[118.194336,40.7172379],[118.1945923,40.7185474],[118.1950167,40.7198316],[118.1956051,40.721078],[118.1963518,40.7222747],[118.1972498,40.7234102],[118.1982902,40.7244735],[118.1994631,40.7254544],[118.2007573,40.7263435],[118.2021601,40.7271321],[118.2036582,40.7278126],[118.2052371,40.7283787],[118.2068816,40.7288246],[118.2085758,40.7291463],[118.2103035,40.7293405],[118.212048,40.7294055]]]},"properties":{"name":"北砬子山1223.6","peak_elev":1217,"eq_radius":1500,"layer":"等效突出半径","rank_pct":0.4252,"center_lon":118.212048,"center_lat":40.71591567993164,"max_mean_jut":189.0332,"max_ats":119.4928,"r_prominence":1500,"r_base":2000}},{"type":"Feature","geometry":{"type":"Polygon","coordinates":[[[118.379674,40.6947757],[118.3814176,40.6947107],[118.3831444,40.6945165],[118.3848377,40.6941948],[118.3864813,40.6937488],[118.3880594,40.6931828],[118.3895567,40.6925022],[118.3909589,40.6917136],[118.3922523,40.6908246],[118.3934247,40.6898437],[118.3944646,40.6887804],[118.395362,40.6876449],[118.3961084,40.6864482],[118.3966965,40.6852017],[118.3971207,40.6839176],[118.3973768,40.6826081],[118.3974625,40.6812859],[118.3973768,40.6799636],[118.3971207,40.6786541],[118.3966965,40.67737],[118.3961084,40.6761235],[118.395362,40.6749268],[118.3944646,40.6737913],[118.3934247,40.672728],[118.3922523,40.6717471],[118.3909589,40.6708581],[118.3895567,40.6700695],[118.3880594,40.6693889],[118.3864813,40.6688229],[118.3848377,40.6683769],[118.3831444,40.6680552],[118.3814176,40.667861],[118.379674,40.667796],[118.3779304,40.667861],[118.3762036,40.6680552],[118.3745103,40.6683769],[118.3728667,40.6688229],[118.3712886,40.6693889],[118.3697913,40.6700695],[118.3683891,40.6708581],[118.3670957,40.6717471],[118.3659233,40.672728],[118.3648834,40.6737913],[118.363986,40.6749268],[118.3632396,40.6761235],[118.3626515,40.67737],[118.3622273,40.6786541],[118.3619712,40.6799636],[118.3618855,40.6812859],[118.3619712,40.6826081],[118.3622273,40.6839176],[118.3626515,40.6852017],[118.3632396,40.6864482],[118.363986,40.6876449],[118.3648834,40.6887804],[118.3659233,40.6898437],[118.3670957,40.6908246],[118.3683891,40.6917136],[118.3697913,40.6925022],[118.3712886,40.6931828],[118.3728667,40.6937488],[118.3745103,40.6941948],[118.3762036,40.6945165],[118.3779304,40.6947107],[118.379674,40.6947757]]]},"properties":{"name":"大北山1180","peak_elev":1195,"eq_radius":1500,"layer":"等效突出半径","rank_pct":0.4252,"center_lon":118.379674,"center_lat":40.6812858581543,"max_mean_jut":94.2028,"max_ats":47.0877,"r_prominence":1500,"r_base":2000}},{"type":"Feature","geometry":{"type":"Polygon","coordinates":[[[118.291549,40.8396288],[118.2932964,40.8395639],[118.2950269,40.8393696],[118.296724,40.839048],[118.2983712,40.838602],[118.2999527,40.838036],[118.3014533,40.8373554],[118.3028585,40.8365668],[118.3041548,40.8356777],[118.3053297,40.8346969],[118.3063718,40.8336335],[118.3072712,40.8324981],[118.3080192,40.8313013],[118.3086086,40.8300549],[118.3090337,40.8287707],[118.3092904,40.8274612],[118.3093762,40.826139],[118.3092904,40.8248168],[118.3090337,40.8235073],[118.3086086,40.8222231],[118.3080192,40.8209767],[118.3072712,40.8197799],[118.3063718,40.8186445],[118.3053297,40.8175811],[118.3041548,40.8166003],[118.3028585,40.8157112],[118.3014533,40.8149226],[118.2999527,40.814242],[118.2983712,40.813676],[118.296724,40.81323],[118.2950269,40.8129084],[118.2932964,40.8127141],[118.291549,40.8126492],[118.2898016,40.8127141],[118.2880711,40.8129084],[118.286374,40.81323],[118.2847268,40.813676],[118.2831453,40.814242],[118.2816447,40.8149226],[118.2802395,40.8157112],[118.2789432,40.8166003],[118.2777683,40.8175811],[118.2767262,40.8186445],[118.2758268,40.8197799],[118.2750788,40.8209767],[118.2744894,40.8222231],[118.2740643,40.8235073],[118.2738076,40.8248168],[118.2737218,40.826139],[118.2738076,40.8274612],[118.2740643,40.8287707],[118.2744894,40.8300549],[118.2750788,40.8313013],[118.2758268,40.8324981],[118.2767262,40.8336335],[118.2777683,40.8346969],[118.2789432,40.8356777],[118.2802395,40.8365668],[118.2816447,40.8373554],[118.2831453,40.838036],[118.2847268,40.838602],[118.286374,40.839048],[118.2880711,40.8393696],[118.2898016,40.8395639],[118.291549,40.8396288]]]},"properties":{"name":"盘龙山1140","peak_elev":1143,"eq_radius":1500,"layer":"等效突出半径","rank_pct":0.4252,"center_lon":118.291549,"center_lat":40.826139,"max_mean_jut":131.4416,"max_ats":70.4603,"r_prominence":1500,"r_base":1875}},{"type":"Feature","geometry":{"type":"Polygon","coordinates":[[[118.200999,40.8531038],[118.2027467,40.8530389],[118.2044776,40.8528446],[118.206175,40.852523],[118.2078226,40.852077],[118.2094044,40.851511],[118.2109053,40.8508304],[118.2123108,40.8500418],[118.2136073,40.8491527],[118.2147825,40.8481719],[118.2158248,40.8471085],[118.2167244,40.8459731],[118.2174726,40.8447763],[118.2180621,40.8435299],[118.2184873,40.8422457],[118.218744,40.8409362],[118.2188299,40.839614],[118.218744,40.8382918],[118.2184873,40.8369823],[118.2180621,40.8356981],[118.2174726,40.8344517],[118.2167244,40.8332549],[118.2158248,40.8321195],[118.2147825,40.8310561],[118.2136073,40.8300753],[118.2123108,40.8291862],[118.2109053,40.8283976],[118.2094044,40.827717],[118.2078226,40.827151],[118.206175,40.826705],[118.2044776,40.8263834],[118.2027467,40.8261891],[118.200999,40.8261242],[118.1992513,40.8261891],[118.1975204,40.8263834],[118.195823,40.826705],[118.1941754,40.827151],[118.1925936,40.827717],[118.1910927,40.8283976],[118.1896872,40.8291862],[118.1883907,40.8300753],[118.1872155,40.8310561],[118.1861732,40.8321195],[118.1852736,40.8332549],[118.1845254,40.8344517],[118.1839359,40.8356981],[118.1835107,40.8369823],[118.183254,40.8382918],[118.1831681,40.839614],[118.183254,40.8409362],[118.1835107,40.8422457],[118.1839359,40.8435299],[118.1845254,40.8447763],[118.1852736,40.8459731],[118.1861732,40.8471085],[118.1872155,40.8481719],[118.1883907,40.8491527],[118.1896872,40.8500418],[118.1910927,40.8508304],[118.1925936,40.851511],[118.1941754,40.852077],[118.195823,40.852523],[118.1975204,40.8528446],[118.1992513,40.8530389],[118.200999,40.8531038]]]},"properties":{"name":"笔架山1022.3","peak_elev":1012,"eq_radius":1500,"layer":"等效突出半径","rank_pct":0.4252,"center_lon":118.200999,"center_lat":40.839614,"max_mean_jut":183.758,"max_ats":122.4336,"r_prominence":1500,"r_base":2000}},{"type":"Feature","geometry":{"type":"Polygon","coordinates":[[[119.004093,40.8379653],[119.0056947,40.8379058],[119.0072811,40.8377277],[119.0088367,40.8374329],[119.0103466,40.8370241],[119.0117963,40.8365052],[119.0131719,40.8358814],[119.0144599,40.8351585],[119.0156482,40.8343435],[119.0167252,40.8334444],[119.0176805,40.8324697],[119.0185049,40.8314288],[119.0191906,40.8303318],[119.0197309,40.8291892],[119.0201205,40.8280121],[119.0203558,40.8268117],[119.0204345,40.8255997],[119.0203558,40.8243876],[119.0201205,40.8231872],[119.0197309,40.8220101],[119.0191906,40.8208675],[119.0185049,40.8197705],[119.0176805,40.8187297],[119.0167252,40.817755],[119.0156482,40.8168558],[119.0144599,40.8160409],[119.0131719,40.815318],[119.0117963,40.8146941],[119.0103466,40.8141753],[119.0088367,40.8137665],[119.0072811,40.8134716],[119.0056947,40.8132935],[119.004093,40.813234],[119.0024913,40.8132935],[119.0009049,40.8134716],[118.9993493,40.8137665],[118.9978394,40.8141753],[118.9963897,40.8146941],[118.9950141,40.815318],[118.9937261,40.8160409],[118.9925378,40.8168558],[118.9914608,40.817755],[118.9905055,40.8187297],[118.9896811,40.8197705],[118.9889954,40.8208675],[118.9884551,40.8220101],[118.9880655,40.8231872],[118.9878302,40.8243876],[118.9877515,40.8255997],[118.9878302,40.8268117],[118.9880655,40.8280121],[118.9884551,40.8291892],[118.9889954,40.8303318],[118.9896811,40.8314288],[118.9905055,40.8324697],[118.9914608,40.8334444],[118.9925378,40.8343435],[118.9937261,40.8351585],[118.9950141,40.8358814],[118.9963897,40.8365052],[118.9978394,40.8370241],[118.9993493,40.8374329],[119.0009049,40.8377277],[119.0024913,40.8379058],[119.004093,40.8379653]]]},"properties":{"name":"1005无名峰","peak_elev":1005,"eq_radius":1375,"layer":"等效突出半径","rank_pct":0.4724,"center_lon":119.004093,"center_lat":40.82559967041016,"max_mean_jut":89.0132,"max_ats":52.6181,"r_prominence":1375,"r_base":1625}},{"type":"Feature","geometry":{"type":"Polygon","coordinates":[[[119.171449,40.1111387],[119.1730335,40.1110791],[119.1746028,40.1109011],[119.1761416,40.1106062],[119.1776353,40.1101974],[119.1790694,40.1096785],[119.1804302,40.1090547],[119.1817044,40.1083318],[119.1828798,40.1075169],[119.1839452,40.1066177],[119.1848902,40.105643],[119.1857058,40.1046021],[119.1863841,40.1035051],[119.1869186,40.1023626],[119.187304,40.1011854],[119.1875368,40.099985],[119.1876146,40.098773],[119.1875368,40.097561],[119.187304,40.0963606],[119.1869186,40.0951834],[119.1863841,40.0940409],[119.1857058,40.0929439],[119.1848902,40.091903],[119.1839452,40.0909283],[119.1828798,40.0900291],[119.1817044,40.0892142],[119.1804302,40.0884913],[119.1790694,40.0878675],[119.1776353,40.0873486],[119.1761416,40.0869398],[119.1746028,40.0866449],[119.1730335,40.0864669],[119.171449,40.0864073],[119.1698645,40.0864669],[119.1682952,40.0866449],[119.1667564,40.0869398],[119.1652627,40.0873486],[119.1638286,40.0878675],[119.1624678,40.0884913],[119.1611936,40.0892142],[119.1600182,40.0900291],[119.1589528,40.0909283],[119.1580078,40.091903],[119.1571922,40.0929439],[119.1565139,40.0940409],[119.1559794,40.0951834],[119.155594,40.0963606],[119.1553612,40.097561],[119.1552834,40.098773],[119.1553612,40.099985],[119.155594,40.1011854],[119.1559794,40.1023626],[119.1565139,40.1035051],[119.1571922,40.1046021],[119.1580078,40.105643],[119.1589528,40.1066177],[119.1600182,40.1075169],[119.1611936,40.1083318],[119.1624678,40.1090547],[119.1638286,40.1096785],[119.1652627,40.1101974],[119.1667564,40.1106062],[119.1682952,40.1109011],[119.1698645,40.1110791],[119.171449,40.1111387]]]},"properties":{"name":"660无名峰","peak_elev":660,"eq_radius":1375,"layer":"等效突出半径","rank_pct":0.4724,"center_lon":119.171449,"center_lat":40.098773,"max_mean_jut":117.0034,"max_ats":79.6702,"r_prominence":1375,"r_base":1500}},{"type":"Feature","geometry":{"type":"Polygon","coordinates":[[[119.8319778,40.2841547],[119.8335664,40.2840951],[119.8351397,40.2839171],[119.8366825,40.2836222],[119.83818,40.2832134],[119.8396177,40.2826945],[119.8409819,40.2820707],[119.8422594,40.2813478],[119.8434379,40.2805329],[119.844506,40.2796337],[119.8454534,40.278659],[119.8462711,40.2776181],[119.8469511,40.2765211],[119.8474869,40.2753786],[119.8478734,40.2742014],[119.8481067,40.273001],[119.8481848,40.271789],[119.8481067,40.270577],[119.8478734,40.2693766],[119.8474869,40.2681994],[119.8469511,40.2670569],[119.8462711,40.2659599],[119.8454534,40.264919],[119.844506,40.2639443],[119.8434379,40.2630451],[119.8422594,40.2622302],[119.8409819,40.2615073],[119.8396177,40.2608835],[119.83818,40.2603646],[119.8366825,40.2599558],[119.8351397,40.2596609],[119.8335664,40.2594829],[119.8319778,40.2594233],[119.8303893,40.2594829],[119.828816,40.2596609],[119.8272732,40.2599558],[119.8257757,40.2603646],[119.824338,40.2608835],[119.8229738,40.2615073],[119.8216963,40.2622302],[119.8205178,40.2630451],[119.8194497,40.2639443],[119.8185023,40.264919],[119.8176846,40.2659599],[119.8170046,40.2670569],[119.8164688,40.2681994],[119.8160823,40.2693766],[119.815849,40.270577],[119.8157709,40.271789],[119.815849,40.273001],[119.8160823,40.2742014],[119.8164688,40.2753786],[119.8170046,40.2765211],[119.8176846,40.2776181],[119.8185023,40.278659],[119.8194497,40.2796337],[119.8205178,40.2805329],[119.8216963,40.2813478],[119.8229738,40.2820707],[119.824338,40.2826945],[119.8257757,40.2832134],[119.8272732,40.2836222],[119.828816,40.2839171],[119.8303893,40.2840951],[119.8319778,40.2841547]]]},"properties":{"name":"歪脖子山724","peak_elev":724,"eq_radius":1375,"layer":"等效突出半径","rank_pct":0.4724,"center_lon":119.83197784423828,"center_lat":40.271789,"max_mean_jut":101.2604,"max_ats":60.0643,"r_prominence":1375,"r_base":1625}},{"type":"Feature","geometry":{"type":"Polygon","coordinates":[[[118.392879,40.4835807],[118.3944723,40.4835211],[118.3960502,40.4833431],[118.3975976,40.4830482],[118.3990995,40.4826394],[118.4005415,40.4821205],[118.4019098,40.4814967],[118.403191,40.4807738],[118.404373,40.4799589],[118.4054443,40.4790597],[118.4063945,40.478085],[118.4072146,40.4770441],[118.4078966,40.4759471],[118.408434,40.4748046],[118.4088216,40.4736274],[118.4090557,40.472427],[118.409134,40.471215],[118.4090557,40.470003],[118.4088216,40.4688026],[118.408434,40.4676254],[118.4078966,40.4664829],[118.4072146,40.4653859],[118.4063945,40.464345],[118.4054443,40.4633703],[118.404373,40.4624711],[118.403191,40.4616562],[118.4019098,40.4609333],[118.4005415,40.4603095],[118.3990995,40.4597906],[118.3975976,40.4593818],[118.3960502,40.4590869],[118.3944723,40.4589089],[118.392879,40.4588493],[118.3912857,40.4589089],[118.3897078,40.4590869],[118.3881604,40.4593818],[118.3866585,40.4597906],[118.3852165,40.4603095],[118.3838482,40.4609333],[118.382567,40.4616562],[118.381385,40.4624711],[118.3803137,40.4633703],[118.3793635,40.464345],[118.3785434,40.4653859],[118.3778614,40.4664829],[118.377324,40.4676254],[118.3769364,40.4688026],[118.3767023,40.470003],[118.376624,40.471215],[118.3767023,40.472427],[118.3769364,40.4736274],[118.377324,40.4748046],[118.3778614,40.4759471],[118.3785434,40.4770441],[118.3793635,40.478085],[118.3803137,40.4790597],[118.381385,40.4799589],[118.382567,40.4807738],[118.3838482,40.4814967],[118.3852165,40.4821205],[118.3866585,40.4826394],[118.3881604,40.4830482],[118.3897078,40.4833431],[118.3912857,40.4835211],[118.392879,40.4835807]]]},"properties":{"name":"794无名峰(2)","peak_elev":794,"eq_radius":1375,"layer":"等效突出半径","rank_pct":0.4724,"center_lon":118.392879,"center_lat":40.471215,"max_mean_jut":105.2873,"max_ats":63.9123,"r_prominence":1375,"r_base":2250}},{"type":"Feature","geometry":{"type":"Polygon","coordinates":[[[118.166234,40.5657752],[118.1678292,40.5657157],[118.1694091,40.5655376],[118.1709584,40.5652428],[118.1724621,40.564834],[118.1739059,40.5643151],[118.1752758,40.5636913],[118.1765587,40.5629684],[118.1777421,40.5621534],[118.1788147,40.5612543],[118.1797661,40.5602796],[118.1805872,40.5592387],[118.18127,40.5581417],[118.1818081,40.5569991],[118.1821962,40.555822],[118.1824305,40.5546216],[118.1825089,40.5534096],[118.1824305,40.5521975],[118.1821962,40.5509972],[118.1818081,40.54982],[118.18127,40.5486774],[118.1805872,40.5475804],[118.1797661,40.5465396],[118.1788147,40.5455649],[118.1777421,40.5446657],[118.1765587,40.5438508],[118.1752758,40.5431279],[118.1739059,40.542504],[118.1724621,40.5419852],[118.1709584,40.5415764],[118.1694091,40.5412815],[118.1678292,40.5411034],[118.166234,40.5410439],[118.1646388,40.5411034],[118.1630589,40.5412815],[118.1615096,40.5415764],[118.1600059,40.5419852],[118.1585621,40.542504],[118.1571922,40.5431279],[118.1559093,40.5438508],[118.1547259,40.5446657],[118.1536533,40.5455649],[118.1527019,40.5465396],[118.1518808,40.5475804],[118.151198,40.5486774],[118.1506599,40.54982],[118.1502718,40.5509972],[118.1500375,40.5521975],[118.1499591,40.5534096],[118.1500375,40.5546216],[118.1502718,40.555822],[118.1506599,40.5569991],[118.151198,40.5581417],[118.1518808,40.5592387],[118.1527019,40.5602796],[118.1536533,40.5612543],[118.1547259,40.5621534],[118.1559093,40.5629684],[118.1571922,40.5636913],[118.1585621,40.5643151],[118.1600059,40.564834],[118.1615096,40.5652428],[118.1630589,40.5655376],[118.1646388,40.5657157],[118.166234,40.5657752]]]},"properties":{"name":"804无名峰","peak_elev":804,"eq_radius":1375,"layer":"等效突出半径","rank_pct":0.4724,"center_lon":118.166234,"center_lat":40.553409576416016,"max_mean_jut":142.4613,"max_ats":87.9548,"r_prominence":1375,"r_base":1625}},{"type":"Feature","geometry":{"type":"Polygon","coordinates":[[[119.7042389,40.2841547],[119.7058274,40.2840951],[119.7074007,40.2839171],[119.7089435,40.2836222],[119.710441,40.2832134],[119.7118788,40.2826945],[119.713243,40.2820707],[119.7145205,40.2813478],[119.7156989,40.2805329],[119.716767,40.2796337],[119.7177145,40.278659],[119.7185321,40.2776181],[119.7192121,40.2765211],[119.719748,40.2753786],[119.7201344,40.2742014],[119.7203678,40.273001],[119.7204458,40.271789],[119.7203678,40.270577],[119.7201344,40.2693766],[119.719748,40.2681994],[119.7192121,40.2670569],[119.7185321,40.2659599],[119.7177145,40.264919],[119.716767,40.2639443],[119.7156989,40.2630451],[119.7145205,40.2622302],[119.713243,40.2615073],[119.7118788,40.2608835],[119.710441,40.2603646],[119.7089435,40.2599558],[119.7074007,40.2596609],[119.7058274,40.2594829],[119.7042389,40.2594233],[119.7026503,40.2594829],[119.7010771,40.2596609],[119.6995343,40.2599558],[119.6980368,40.2603646],[119.696599,40.2608835],[119.6952348,40.2615073],[119.6939573,40.2622302],[119.6927789,40.2630451],[119.6917108,40.2639443],[119.6907633,40.264919],[119.6899457,40.2659599],[119.6892656,40.2670569],[119.6887298,40.2681994],[119.6883434,40.2693766],[119.68811,40.270577],[119.688032,40.271789],[119.68811,40.273001],[119.6883434,40.2742014],[119.6887298,40.2753786],[119.6892656,40.2765211],[119.6899457,40.2776181],[119.6907633,40.278659],[119.6917108,40.2796337],[119.6927789,40.2805329],[119.6939573,40.2813478],[119.6952348,40.2820707],[119.696599,40.2826945],[119.6980368,40.2832134],[119.6995343,40.2836222],[119.7010771,40.2839171],[119.7026503,40.2840951],[119.7042389,40.2841547]]]},"properties":{"name":"825无名峰","peak_elev":825,"eq_radius":1375,"layer":"等效突出半径","rank_pct":0.4724,"center_lon":119.70423889160156,"center_lat":40.271789,"max_mean_jut":79.943,"max_ats":40.4001,"r_prominence":1375,"r_base":1500}},{"type":"Feature","geometry":{"type":"Polygon","coordinates":[[[118.0937424,40.7908037],[118.095343,40.7907441],[118.0969282,40.7905661],[118.0984827,40.7902712],[118.0999916,40.7898624],[118.1014402,40.7893435],[118.1028148,40.7887197],[118.104102,40.7879968],[118.1052894,40.7871819],[118.1063656,40.7862827],[118.1073202,40.785308],[118.1081441,40.7842671],[118.1088292,40.7831701],[118.1093691,40.7820276],[118.1097585,40.7808504],[118.1099936,40.77965],[118.1100723,40.778438],[118.1099936,40.777226],[118.1097585,40.7760256],[118.1093691,40.7748484],[118.1088292,40.7737059],[118.1081441,40.7726089],[118.1073202,40.771568],[118.1063656,40.7705933],[118.1052894,40.7696941],[118.104102,40.7688792],[118.1028148,40.7681563],[118.1014402,40.7675325],[118.0999916,40.7670136],[118.0984827,40.7666048],[118.0969282,40.7663099],[118.095343,40.7661319],[118.0937424,40.7660723],[118.0921418,40.7661319],[118.0905566,40.7663099],[118.089002,40.7666048],[118.0874932,40.7670136],[118.0860445,40.7675325],[118.08467,40.7681563],[118.0833828,40.7688792],[118.0821954,40.7696941],[118.0811192,40.7705933],[118.0801646,40.771568],[118.0793407,40.7726089],[118.0786555,40.7737059],[118.0781156,40.7748484],[118.0777262,40.7760256],[118.0774911,40.777226],[118.0774125,40.778438],[118.0774911,40.77965],[118.0777262,40.7808504],[118.0781156,40.7820276],[118.0786555,40.7831701],[118.0793407,40.7842671],[118.0801646,40.785308],[118.0811192,40.7862827],[118.0821954,40.7871819],[118.0833828,40.7879968],[118.08467,40.7887197],[118.0860445,40.7893435],[118.0874932,40.7898624],[118.089002,40.7902712],[118.0905566,40.7905661],[118.0921418,40.7907441],[118.0937424,40.7908037]]]},"properties":{"name":"840无名峰","peak_elev":840,"eq_radius":1375,"layer":"等效突出半径","rank_pct":0.4724,"center_lon":118.09374237060548,"center_lat":40.778438,"max_mean_jut":111.4822,"max_ats":69.9503,"r_prominence":1375,"r_base":2250}},{"type":"Feature","geometry":{"type":"Polygon","coordinates":[[[118.523449,40.4198447],[118.5250408,40.4197851],[118.5266172,40.4196071],[118.5281631,40.4193122],[118.5296636,40.4189034],[118.5311043,40.4183845],[118.5324712,40.4177607],[118.5337513,40.4170378],[118.5349321,40.4162229],[118.5360023,40.4153237],[118.5369517,40.414349],[118.537771,40.4133081],[118.5384524,40.4122111],[118.5389893,40.4110686],[118.5393765,40.4098914],[118.5396104,40.408691],[118.5396886,40.407479],[118.5396104,40.406267],[118.5393765,40.4050666],[118.5389893,40.4038894],[118.5384524,40.4027469],[118.537771,40.4016499],[118.5369517,40.400609],[118.5360023,40.3996343],[118.5349321,40.3987351],[118.5337513,40.3979202],[118.5324712,40.3971973],[118.5311043,40.3965735],[118.5296636,40.3960546],[118.5281631,40.3956458],[118.5266172,40.3953509],[118.5250408,40.3951729],[118.523449,40.3951133],[118.5218572,40.3951729],[118.5202808,40.3953509],[118.5187349,40.3956458],[118.5172344,40.3960546],[118.5157937,40.3965735],[118.5144268,40.3971973],[118.5131467,40.3979202],[118.5119659,40.3987351],[118.5108957,40.3996343],[118.5099463,40.400609],[118.509127,40.4016499],[118.5084456,40.4027469],[118.5079087,40.4038894],[118.5075215,40.4050666],[118.5072876,40.406267],[118.5072094,40.407479],[118.5072876,40.408691],[118.5075215,40.4098914],[118.5079087,40.4110686],[118.5084456,40.4122111],[118.509127,40.4133081],[118.5099463,40.414349],[118.5108957,40.4153237],[118.5119659,40.4162229],[118.5131467,40.4170378],[118.5144268,40.4177607],[118.5157937,40.4183845],[118.5172344,40.4189034],[118.5187349,40.4193122],[118.5202808,40.4196071],[118.5218572,40.4197851],[118.523449,40.4198447]]]},"properties":{"name":"八面峰844","peak_elev":844,"eq_radius":1375,"layer":"等效突出半径","rank_pct":0.4724,"center_lon":118.523449,"center_lat":40.407479,"max_mean_jut":125.1137,"max_ats":82.8433,"r_prominence":1375,"r_base":1750}},{"type":"Feature","geometry":{"type":"Polygon","coordinates":[[[118.0721817,40.8950987],[118.0737848,40.8950391],[118.0753725,40.8948611],[118.0769295,40.8945662],[118.0784407,40.8941574],[118.0798917,40.8936385],[118.0812684,40.8930147],[118.0825576,40.8922918],[118.0837469,40.8914769],[118.0848248,40.8905777],[118.0857809,40.889603],[118.0866061,40.8885621],[118.0872923,40.8874651],[118.087833,40.8863226],[118.088223,40.8851454],[118.0884586,40.883945],[118.0885373,40.882733],[118.0884586,40.881521],[118.088223,40.8803206],[118.087833,40.8791434],[118.0872923,40.8780009],[118.0866061,40.8769039],[118.0857809,40.875863],[118.0848248,40.8748883],[118.0837469,40.8739891],[118.0825576,40.8731742],[118.0812684,40.8724513],[118.0798917,40.8718275],[118.0784407,40.8713086],[118.0769295,40.8708998],[118.0753725,40.8706049],[118.0737848,40.8704269],[118.0721817,40.8703673],[118.0705786,40.8704269],[118.0689909,40.8706049],[118.0674339,40.8708998],[118.0659227,40.8713086],[118.0644717,40.8718275],[118.063095,40.8724513],[118.0618058,40.8731742],[118.0606165,40.8739891],[118.0595386,40.8748883],[118.0585825,40.875863],[118.0577573,40.8769039],[118.0570711,40.8780009],[118.0565304,40.8791434],[118.0561404,40.8803206],[118.0559048,40.881521],[118.0558261,40.882733],[118.0559048,40.883945],[118.0561404,40.8851454],[118.0565304,40.8863226],[118.0570711,40.8874651],[118.0577573,40.8885621],[118.0585825,40.889603],[118.0595386,40.8905777],[118.0606165,40.8914769],[118.0618058,40.8922918],[118.063095,40.8930147],[118.0644717,40.8936385],[118.0659227,40.8941574],[118.0674339,40.8945662],[118.0689909,40.8948611],[118.0705786,40.8950391],[118.0721817,40.8950987]]]},"properties":{"name":"狮子山854","peak_elev":854,"eq_radius":1375,"layer":"等效突出半径","rank_pct":0.4724,"center_lon":118.07218170166016,"center_lat":40.882733,"max_mean_jut":90.0984,"max_ats":50.621,"r_prominence":1375,"r_base":1625}},{"type":"Feature","geometry":{"type":"Polygon","coordinates":[[[118.100208,40.6900123],[118.1018062,40.6899528],[118.103389,40.6897747],[118.1049411,40.6894798],[118.1064477,40.689071],[118.1078942,40.6885522],[118.1092667,40.6879283],[118.1105519,40.6872054],[118.1117375,40.6863905],[118.1128121,40.6854913],[118.1137653,40.6845166],[118.1145879,40.6834758],[118.115272,40.6823788],[118.1158111,40.6812362],[118.1161999,40.6800591],[118.1164347,40.6788587],[118.1165132,40.6776466],[118.1164347,40.6764346],[118.1161999,40.6752342],[118.1158111,40.6740571],[118.115272,40.6729145],[118.1145879,40.6718175],[118.1137653,40.6707766],[118.1128121,40.6698019],[118.1117375,40.6689028],[118.1105519,40.6680878],[118.1092667,40.667365],[118.1078942,40.6667411],[118.1064477,40.6662222],[118.1049411,40.6658134],[118.103389,40.6655186],[118.1018062,40.6653405],[118.100208,40.665281],[118.0986098,40.6653405],[118.097027,40.6655186],[118.0954749,40.6658134],[118.0939683,40.6662222],[118.0925218,40.6667411],[118.0911493,40.667365],[118.0898641,40.6680878],[118.0886785,40.6689028],[118.0876039,40.6698019],[118.0866507,40.6707766],[118.0858281,40.6718175],[118.085144,40.6729145],[118.0846049,40.6740571],[118.0842161,40.6752342],[118.0839813,40.6764346],[118.0839028,40.6776466],[118.0839813,40.6788587],[118.0842161,40.6800591],[118.0846049,40.6812362],[118.085144,40.6823788],[118.0858281,40.6834758],[118.0866507,40.6845166],[118.0876039,40.6854913],[118.0886785,40.6863905],[118.0898641,40.6872054],[118.0911493,40.6879283],[118.0925218,40.6885522],[118.0939683,40.689071],[118.0954749,40.6894798],[118.097027,40.6897747],[118.0986098,40.6899528],[118.100208,40.6900123]]]},"properties":{"name":"896无名峰","peak_elev":896,"eq_radius":1375,"layer":"等效突出半径","rank_pct":0.4724,"center_lon":118.100208,"center_lat":40.67764663696289,"max_mean_jut":124.3874,"max_ats":73.0251,"r_prominence":1375,"r_base":1625}},{"type":"Feature","geometry":{"type":"Polygon","coordinates":[[[118.158419,40.6331497],[118.1600158,40.6330901],[118.1615973,40.6329121],[118.1631481,40.6326172],[118.1646534,40.6322084],[118.1660987,40.6316895],[118.16747,40.6310657],[118.1687541,40.6303428],[118.1699387,40.6295279],[118.1710123,40.6286287],[118.1719647,40.627654],[118.1727866,40.6266131],[118.1734702,40.6255161],[118.1740088,40.6243736],[118.1743973,40.6231964],[118.1746319,40.621996],[118.1747103,40.620784],[118.1746319,40.619572],[118.1743973,40.6183716],[118.1740088,40.6171944],[118.1734702,40.6160519],[118.1727866,40.6149549],[118.1719647,40.613914],[118.1710123,40.6129393],[118.1699387,40.6120401],[118.1687541,40.6112252],[118.16747,40.6105023],[118.1660987,40.6098785],[118.1646534,40.6093596],[118.1631481,40.6089508],[118.1615973,40.6086559],[118.1600158,40.6084779],[118.158419,40.6084183],[118.1568222,40.6084779],[118.1552407,40.6086559],[118.1536899,40.6089508],[118.1521846,40.6093596],[118.1507393,40.6098785],[118.149368,40.6105023],[118.1480839,40.6112252],[118.1468993,40.6120401],[118.1458257,40.6129393],[118.1448733,40.613914],[118.1440514,40.6149549],[118.1433678,40.6160519],[118.1428292,40.6171944],[118.1424407,40.6183716],[118.1422061,40.619572],[118.1421277,40.620784],[118.1422061,40.621996],[118.1424407,40.6231964],[118.1428292,40.6243736],[118.1433678,40.6255161],[118.1440514,40.6266131],[118.1448733,40.627654],[118.1458257,40.6286287],[118.1468993,40.6295279],[118.1480839,40.6303428],[118.149368,40.6310657],[118.1507393,40.6316895],[118.1521846,40.6322084],[118.1536899,40.6326172],[118.1552407,40.6329121],[118.1568222,40.6330901],[118.158419,40.6331497]]]},"properties":{"name":"900无名峰","peak_elev":900,"eq_radius":1375,"layer":"等效突出半径","rank_pct":0.4724,"center_lon":118.158419,"center_lat":40.620784,"max_mean_jut":198.4032,"max_ats":131.4249,"r_prominence":1375,"r_base":1875}},{"type":"Feature","geometry":{"type":"Polygon","coordinates":[[[118.4085083,40.5016367],[118.410102,40.5015771],[118.4116803,40.5013991],[118.4132281,40.5011042],[118.4147305,40.5006954],[118.4161729,40.5001765],[118.4175415,40.4995527],[118.4188231,40.4988298],[118.4200054,40.4980149],[118.4210769,40.4971157],[118.4220274,40.496141],[118.4228478,40.4951001],[118.42353,40.4940031],[118.4240675,40.4928606],[118.4244552,40.4916834],[118.4246893,40.490483],[118.4247676,40.489271],[118.4246893,40.488059],[118.4244552,40.4868586],[118.4240675,40.4856814],[118.42353,40.4845389],[118.4228478,40.4834419],[118.4220274,40.482401],[118.4210769,40.4814263],[118.4200054,40.4805271],[118.4188231,40.4797122],[118.4175415,40.4789893],[118.4161729,40.4783655],[118.4147305,40.4778466],[118.4132281,40.4774378],[118.4116803,40.4771429],[118.410102,40.4769649],[118.4085083,40.4769053],[118.4069146,40.4769649],[118.4053363,40.4771429],[118.4037885,40.4774378],[118.4022861,40.4778466],[118.4008437,40.4783655],[118.3994751,40.4789893],[118.3981935,40.4797122],[118.3970112,40.4805271],[118.3959397,40.4814263],[118.3949892,40.482401],[118.3941688,40.4834419],[118.3934866,40.4845389],[118.3929491,40.4856814],[118.3925614,40.4868586],[118.3923273,40.488059],[118.392249,40.489271],[118.3923273,40.490483],[118.3925614,40.4916834],[118.3929491,40.4928606],[118.3934866,40.4940031],[118.3941688,40.4951001],[118.3949892,40.496141],[118.3959397,40.4971157],[118.3970112,40.4980149],[118.3981935,40.4988298],[118.3994751,40.4995527],[118.4008437,40.5001765],[118.4022861,40.5006954],[118.4037885,40.5011042],[118.4053363,40.5013991],[118.4069146,40.5015771],[118.4085083,40.5016367]]]},"properties":{"name":"904无名峰","peak_elev":904,"eq_radius":1375,"layer":"等效突出半径","rank_pct":0.4724,"center_lon":118.40850830078124,"center_lat":40.489271,"max_mean_jut":121.3064,"max_ats":74.081,"r_prominence":1375,"r_base":1750}},{"type":"Feature","geometry":{"type":"Polygon","coordinates":[[[118.226331,40.604853],[118.2279272,40.6047935],[118.2295079,40.6046154],[118.2310581,40.6043205],[118.2325628,40.6039117],[118.2340074,40.6033929],[118.2353781,40.602769],[118.2366617,40.6020461],[118.2378458,40.6012312],[118.238919,40.600332],[118.239871,40.5993573],[118.2406926,40.5983165],[118.2413758,40.5972195],[118.2419142,40.5960769],[118.2423025,40.5948998],[118.242537,40.5936994],[118.2426154,40.5924873],[118.242537,40.5912753],[118.2423025,40.5900749],[118.2419142,40.5888978],[118.2413758,40.5877552],[118.2406926,40.5866582],[118.239871,40.5856173],[118.238919,40.5846426],[118.2378458,40.5837435],[118.2366617,40.5829285],[118.2353781,40.5822057],[118.2340074,40.5815818],[118.2325628,40.5810629],[118.2310581,40.5806541],[118.2295079,40.5803593],[118.2279272,40.5801812],[118.226331,40.5801217],[118.2247348,40.5801812],[118.2231541,40.5803593],[118.2216039,40.5806541],[118.2200992,40.5810629],[118.2186546,40.5815818],[118.2172839,40.5822057],[118.2160003,40.5829285],[118.2148162,40.5837435],[118.213743,40.5846426],[118.212791,40.5856173],[118.2119694,40.5866582],[118.2112862,40.5877552],[118.2107478,40.5888978],[118.2103595,40.5900749],[118.210125,40.5912753],[118.2100466,40.5924873],[118.210125,40.5936994],[118.2103595,40.5948998],[118.2107478,40.5960769],[118.2112862,40.5972195],[118.2119694,40.5983165],[118.212791,40.5993573],[118.213743,40.600332],[118.2148162,40.6012312],[118.2160003,40.6020461],[118.2172839,40.602769],[118.2186546,40.6033929],[118.2200992,40.6039117],[118.2216039,40.6043205],[118.2231541,40.6046154],[118.2247348,40.6047935],[118.226331,40.604853]]]},"properties":{"name":"965无名峰","peak_elev":965,"eq_radius":1375,"layer":"等效突出半径","rank_pct":0.4724,"center_lon":118.226331,"center_lat":40.59248733520508,"max_mean_jut":126.9272,"max_ats":61.9256,"r_prominence":1375,"r_base":1375}},{"type":"Feature","geometry":{"type":"Polygon","coordinates":[[[118.514152,40.5591737],[118.5157471,40.5591141],[118.5173268,40.5589361],[118.5188759,40.5586412],[118.5203795,40.5582324],[118.5218232,40.5577135],[118.523193,40.5570897],[118.5244757,40.5563668],[118.525659,40.5555519],[118.5267314,40.5546527],[118.5276827,40.553678],[118.5285038,40.5526371],[118.5291866,40.5515401],[118.5297246,40.5503976],[118.5301126,40.5492204],[118.5303469,40.54802],[118.5304253,40.546808],[118.5303469,40.545596],[118.5301126,40.5443956],[118.5297246,40.5432184],[118.5291866,40.5420759],[118.5285038,40.5409789],[118.5276827,40.539938],[118.5267314,40.5389633],[118.525659,40.5380641],[118.5244757,40.5372492],[118.523193,40.5365263],[118.5218232,40.5359025],[118.5203795,40.5353836],[118.5188759,40.5349748],[118.5173268,40.5346799],[118.5157471,40.5345019],[118.514152,40.5344423],[118.5125569,40.5345019],[118.5109772,40.5346799],[118.5094281,40.5349748],[118.5079245,40.5353836],[118.5064808,40.5359025],[118.505111,40.5365263],[118.5038283,40.5372492],[118.502645,40.5380641],[118.5015726,40.5389633],[118.5006213,40.539938],[118.4998002,40.5409789],[118.4991174,40.5420759],[118.4985794,40.5432184],[118.4981914,40.5443956],[118.4979571,40.545596],[118.4978787,40.546808],[118.4979571,40.54802],[118.4981914,40.5492204],[118.4985794,40.5503976],[118.4991174,40.5515401],[118.4998002,40.5526371],[118.5006213,40.553678],[118.5015726,40.5546527],[118.502645,40.5555519],[118.5038283,40.5563668],[118.505111,40.5570897],[118.5064808,40.5577135],[118.5079245,40.5582324],[118.5094281,40.5586412],[118.5109772,40.5589361],[118.5125569,40.5591141],[118.514152,40.5591737]]]},"properties":{"name":"990无名峰","peak_elev":990,"eq_radius":1375,"layer":"等效突出半径","rank_pct":0.4724,"center_lon":118.514152,"center_lat":40.546808,"max_mean_jut":102.702,"max_ats":61.4326,"r_prominence":1375,"r_base":1375}},{"type":"Feature","geometry":{"type":"Polygon","coordinates":[[[119.150428,39.8838197],[119.1520072,39.8837601],[119.1535713,39.8835821],[119.1551051,39.8832872],[119.1565938,39.8828784],[119.1580231,39.8823595],[119.1593793,39.8817357],[119.1606493,39.8810128],[119.1618209,39.8801979],[119.1628827,39.8792987],[119.1638246,39.878324],[119.1646375,39.8772831],[119.1653135,39.8761861],[119.1658462,39.8750436],[119.1662304,39.8738664],[119.1664624,39.872666],[119.1665399,39.871454],[119.1664624,39.870242],[119.1662304,39.8690416],[119.1658462,39.8678644],[119.1653135,39.8667219],[119.1646375,39.8656249],[119.1638246,39.864584],[119.1628827,39.8636093],[119.1618209,39.8627101],[119.1606493,39.8618952],[119.1593793,39.8611723],[119.1580231,39.8605485],[119.1565938,39.8600296],[119.1551051,39.8596208],[119.1535713,39.8593259],[119.1520072,39.8591479],[119.150428,39.8590883],[119.1488488,39.8591479],[119.1472847,39.8593259],[119.1457509,39.8596208],[119.1442622,39.8600296],[119.1428329,39.8605485],[119.1414767,39.8611723],[119.1402067,39.8618952],[119.1390351,39.8627101],[119.1379733,39.8636093],[119.1370314,39.864584],[119.1362185,39.8656249],[119.1355425,39.8667219],[119.1350098,39.8678644],[119.1346256,39.8690416],[119.1343936,39.870242],[119.1343161,39.871454],[119.1343936,39.872666],[119.1346256,39.8738664],[119.1350098,39.8750436],[119.1355425,39.8761861],[119.1362185,39.8772831],[119.1370314,39.878324],[119.1379733,39.8792987],[119.1390351,39.8801979],[119.1402067,39.8810128],[119.1414767,39.8817357],[119.1428329,39.8823595],[119.1442622,39.8828784],[119.1457509,39.8832872],[119.1472847,39.8835821],[119.1488488,39.8837601],[119.150428,39.8838197]]]},"properties":{"name":"兔儿山571","peak_elev":562,"eq_radius":1375,"layer":"等效突出半径","rank_pct":0.4724,"center_lon":119.150428,"center_lat":39.871454,"max_mean_jut":88.3638,"max_ats":57.4154,"r_prominence":1375,"r_base":3000}},{"type":"Feature","geometry":{"type":"Polygon","coordinates":[[[119.852731,40.3070617],[119.8543201,40.3070021],[119.8558939,40.3068241],[119.8574372,40.3065292],[119.8589352,40.3061204],[119.8603735,40.3056015],[119.8617381,40.3049777],[119.8630161,40.3042548],[119.8641949,40.3034399],[119.8652634,40.3025407],[119.8662111,40.301566],[119.8670291,40.3005251],[119.8677093,40.2994281],[119.8682453,40.2982856],[119.8686319,40.2971084],[119.8688654,40.295908],[119.8689434,40.294696],[119.8688654,40.293484],[119.8686319,40.2922836],[119.8682453,40.2911064],[119.8677093,40.2899639],[119.8670291,40.2888669],[119.8662111,40.287826],[119.8652634,40.2868513],[119.8641949,40.2859521],[119.8630161,40.2851372],[119.8617381,40.2844143],[119.8603735,40.2837905],[119.8589352,40.2832716],[119.8574372,40.2828628],[119.8558939,40.2825679],[119.8543201,40.2823899],[119.852731,40.2823303],[119.8511419,40.2823899],[119.8495681,40.2825679],[119.8480248,40.2828628],[119.8465268,40.2832716],[119.8450885,40.2837905],[119.8437239,40.2844143],[119.8424459,40.2851372],[119.8412671,40.2859521],[119.8401986,40.2868513],[119.8392509,40.287826],[119.8384329,40.2888669],[119.8377527,40.2899639],[119.8372167,40.2911064],[119.8368301,40.2922836],[119.8365966,40.293484],[119.8365186,40.294696],[119.8365966,40.295908],[119.8368301,40.2971084],[119.8372167,40.2982856],[119.8377527,40.2994281],[119.8384329,40.3005251],[119.8392509,40.301566],[119.8401986,40.3025407],[119.8412671,40.3034399],[119.8424459,40.3042548],[119.8437239,40.3049777],[119.8450885,40.3056015],[119.8465268,40.3061204],[119.8480248,40.3065292],[119.8495681,40.3068241],[119.8511419,40.3070021],[119.852731,40.3070617]]]},"properties":{"name":"龙门山878","peak_elev":875,"eq_radius":1375,"layer":"等效突出半径","rank_pct":0.4724,"center_lon":119.852731,"center_lat":40.294696,"max_mean_jut":175.4726,"max_ats":106.8455,"r_prominence":1375,"r_base":1625}},{"type":"Feature","geometry":{"type":"Polygon","coordinates":[[[119.902857,40.8058495],[119.9043125,40.8057954],[119.9057539,40.8056335],[119.9071674,40.8053655],[119.9085395,40.8049938],[119.9098568,40.8045221],[119.9111067,40.803955],[119.9122771,40.8032978],[119.9133568,40.802557],[119.9143354,40.8017395],[119.9152035,40.8008535],[119.9159526,40.7999072],[119.9165757,40.7989099],[119.9170666,40.7978712],[119.9174207,40.7968011],[119.9176345,40.7957099],[119.917706,40.794608],[119.9176345,40.7935061],[119.9174207,40.7924149],[119.9170666,40.7913448],[119.9165757,40.7903061],[119.9159526,40.7893088],[119.9152035,40.7883625],[119.9143354,40.7874765],[119.9133568,40.786659],[119.9122771,40.7859182],[119.9111067,40.785261],[119.9098568,40.7846939],[119.9085395,40.7842222],[119.9071674,40.7838505],[119.9057539,40.7835825],[119.9043125,40.7834206],[119.902857,40.7833665],[119.9014015,40.7834206],[119.8999601,40.7835825],[119.8985466,40.7838505],[119.8971745,40.7842222],[119.8958572,40.7846939],[119.8946073,40.785261],[119.8934369,40.7859182],[119.8923572,40.786659],[119.8913786,40.7874765],[119.8905105,40.7883625],[119.8897614,40.7893088],[119.8891383,40.7903061],[119.8886474,40.7913448],[119.8882933,40.7924149],[119.8880795,40.7935061],[119.888008,40.794608],[119.8880795,40.7957099],[119.8882933,40.7968011],[119.8886474,40.7978712],[119.8891383,40.7989099],[119.8897614,40.7999072],[119.8905105,40.8008535],[119.8913786,40.8017395],[119.8923572,40.802557],[119.8934369,40.8032978],[119.8946073,40.803955],[119.8958572,40.8045221],[119.8971745,40.8049938],[119.8985466,40.8053655],[119.8999601,40.8056335],[119.9014015,40.8057954],[119.902857,40.8058495]]]},"properties":{"name":"小猴山1012","peak_elev":1012,"eq_radius":1250,"layer":"等效突出半径","rank_pct":0.5354,"center_lon":119.902857,"center_lat":40.794608,"max_mean_jut":119.988,"max_ats":76.5919,"r_prominence":1250,"r_base":1250}},{"type":"Feature","geometry":{"type":"Polygon","coordinates":[[[118.381291,40.6673295],[118.3827434,40.6672754],[118.3841819,40.6671135],[118.3855925,40.6668455],[118.3869616,40.6664738],[118.3882762,40.6660021],[118.3895235,40.665435],[118.3906915,40.6647778],[118.391769,40.664037],[118.3927456,40.6632195],[118.3936118,40.6623335],[118.3943594,40.6613872],[118.3949811,40.6603899],[118.395471,40.6593512],[118.3958244,40.6582811],[118.3960378,40.6571899],[118.3961091,40.656088],[118.3960378,40.6549861],[118.3958244,40.6538949],[118.395471,40.6528248],[118.3949811,40.6517861],[118.3943594,40.6507888],[118.3936118,40.6498425],[118.3927456,40.6489565],[118.391769,40.648139],[118.3906915,40.6473982],[118.3895235,40.646741],[118.3882762,40.6461739],[118.3869616,40.6457022],[118.3855925,40.6453305],[118.3841819,40.6450625],[118.3827434,40.6449006],[118.381291,40.6448465],[118.3798386,40.6449006],[118.3784001,40.6450625],[118.3769895,40.6453305],[118.3756204,40.6457022],[118.3743058,40.6461739],[118.3730585,40.646741],[118.3718905,40.6473982],[118.370813,40.648139],[118.3698364,40.6489565],[118.3689702,40.6498425],[118.3682226,40.6507888],[118.3676009,40.6517861],[118.367111,40.6528248],[118.3667576,40.6538949],[118.3665442,40.6549861],[118.3664729,40.656088],[118.3665442,40.6571899],[118.3667576,40.6582811],[118.367111,40.6593512],[118.3676009,40.6603899],[118.3682226,40.6613872],[118.3689702,40.6623335],[118.3698364,40.6632195],[118.370813,40.664037],[118.3718905,40.6647778],[118.3730585,40.665435],[118.3743058,40.6660021],[118.3756204,40.6664738],[118.3769895,40.6668455],[118.3784001,40.6671135],[118.3798386,40.6672754],[118.381291,40.6673295]]]},"properties":{"name":"1034无名峰","peak_elev":1034,"eq_radius":1250,"layer":"等效突出半径","rank_pct":0.5354,"center_lon":118.381291,"center_lat":40.656088,"max_mean_jut":94.2461,"max_ats":53.9815,"r_prominence":1250,"r_base":1375}},{"type":"Feature","geometry":{"type":"Polygon","coordinates":[[[118.2190552,40.5743535],[118.2205056,40.5742994],[118.221942,40.5741375],[118.2233507,40.5738695],[118.2247179,40.5734978],[118.2260307,40.5730261],[118.2272762,40.572459],[118.2284426,40.5718018],[118.2295186,40.571061],[118.2304938,40.5702435],[118.2313589,40.5693575],[118.2321054,40.5684112],[118.2327263,40.5674139],[118.2332155,40.5663752],[118.2335684,40.5653051],[118.2337814,40.5642139],[118.2338527,40.563112],[118.2337814,40.5620101],[118.2335684,40.5609189],[118.2332155,40.5598488],[118.2327263,40.5588101],[118.2321054,40.5578128],[118.2313589,40.5568665],[118.2304938,40.5559805],[118.2295186,40.555163],[118.2284426,40.5544222],[118.2272762,40.553765],[118.2260307,40.5531979],[118.2247179,40.5527262],[118.2233507,40.5523545],[118.221942,40.5520865],[118.2205056,40.5519246],[118.2190552,40.5518705],[118.2176048,40.5519246],[118.2161683,40.5520865],[118.2147597,40.5523545],[118.2133924,40.5527262],[118.2120797,40.5531979],[118.2108341,40.553765],[118.2096677,40.5544222],[118.2085918,40.555163],[118.2076165,40.5559805],[118.2067515,40.5568665],[118.2060049,40.5578128],[118.2053841,40.5588101],[118.2048948,40.5598488],[118.204542,40.5609189],[118.2043289,40.5620101],[118.2042577,40.563112],[118.2043289,40.5642139],[118.204542,40.5653051],[118.2048948,40.5663752],[118.2053841,40.5674139],[118.2060049,40.5684112],[118.2067515,40.5693575],[118.2076165,40.5702435],[118.2085918,40.571061],[118.2096677,40.5718018],[118.2108341,40.572459],[118.2120797,40.5730261],[118.2133924,40.5734978],[118.2147597,40.5738695],[118.2161683,40.5741375],[118.2176048,40.5742994],[118.2190552,40.5743535]]]},"properties":{"name":"东山643","peak_elev":643,"eq_radius":1250,"layer":"等效突出半径","rank_pct":0.5354,"center_lon":118.21905517578124,"center_lat":40.563112,"max_mean_jut":130.1116,"max_ats":97.8057,"r_prominence":1250,"r_base":1375}},{"type":"Feature","geometry":{"type":"Polygon","coordinates":[[[118.301251,40.4277485],[118.3026982,40.4276944],[118.3041316,40.4275325],[118.3055371,40.4272645],[118.3069014,40.4268928],[118.3082113,40.4264211],[118.3094541,40.425854],[118.310618,40.4251968],[118.3116916,40.424456],[118.3126647,40.4236385],[118.3135278,40.4227525],[118.3142728,40.4218062],[118.3148923,40.4208089],[118.3153804,40.4197702],[118.3157325,40.4187001],[118.3159451,40.4176089],[118.3160162,40.416507],[118.3159451,40.4154051],[118.3157325,40.4143139],[118.3153804,40.4132438],[118.3148923,40.4122051],[118.3142728,40.4112078],[118.3135278,40.4102615],[118.3126647,40.4093755],[118.3116916,40.408558],[118.310618,40.4078172],[118.3094541,40.40716],[118.3082113,40.4065929],[118.3069014,40.4061212],[118.3055371,40.4057495],[118.3041316,40.4054815],[118.3026982,40.4053196],[118.301251,40.4052655],[118.2998038,40.4053196],[118.2983704,40.4054815],[118.2969649,40.4057495],[118.2956006,40.4061212],[118.2942907,40.4065929],[118.2930479,40.40716],[118.291884,40.4078172],[118.2908104,40.408558],[118.2898373,40.4093755],[118.2889742,40.4102615],[118.2882292,40.4112078],[118.2876097,40.4122051],[118.2871216,40.4132438],[118.2867695,40.4143139],[118.2865569,40.4154051],[118.2864858,40.416507],[118.2865569,40.4176089],[118.2867695,40.4187001],[118.2871216,40.4197702],[118.2876097,40.4208089],[118.2882292,40.4218062],[118.2889742,40.4227525],[118.2898373,40.4236385],[118.2908104,40.424456],[118.291884,40.4251968],[118.2930479,40.425854],[118.2942907,40.4264211],[118.2956006,40.4268928],[118.2969649,40.4272645],[118.2983704,40.4275325],[118.2998038,40.4276944],[118.301251,40.4277485]]]},"properties":{"name":"南山647","peak_elev":647,"eq_radius":1250,"layer":"等效突出半径","rank_pct":0.5354,"center_lon":118.301251,"center_lat":40.416507,"max_mean_jut":114.5074,"max_ats":82.3773,"r_prominence":1250,"r_base":1625}},{"type":"Feature","geometry":{"type":"Polygon","coordinates":[[[118.141983,40.3959485],[118.1434296,40.3958944],[118.1448622,40.3957325],[118.1462671,40.3954645],[118.1476308,40.3950928],[118.14894,40.3946211],[118.1501823,40.394054],[118.1513456,40.3933968],[118.1524187,40.392656],[118.1533913,40.3918385],[118.1542541,40.3909525],[118.1549986,40.3900062],[118.1556179,40.3890089],[118.1561058,40.3879702],[118.1564577,40.3869001],[118.1566702,40.3858089],[118.1567413,40.384707],[118.1566702,40.3836051],[118.1564577,40.3825139],[118.1561058,40.3814438],[118.1556179,40.3804051],[118.1549986,40.3794078],[118.1542541,40.3784615],[118.1533913,40.3775755],[118.1524187,40.376758],[118.1513456,40.3760172],[118.1501823,40.37536],[118.14894,40.3747929],[118.1476308,40.3743212],[118.1462671,40.3739495],[118.1448622,40.3736815],[118.1434296,40.3735196],[118.141983,40.3734655],[118.1405365,40.3735196],[118.1391038,40.3736815],[118.1376989,40.3739495],[118.1363353,40.3743212],[118.135026,40.3747929],[118.1337838,40.37536],[118.1326205,40.3760172],[118.1315474,40.376758],[118.1305748,40.3775755],[118.129712,40.3784615],[118.1289674,40.3794078],[118.1283482,40.3804051],[118.1278603,40.3814438],[118.1275084,40.3825139],[118.1272959,40.3836051],[118.1272248,40.384707],[118.1272959,40.3858089],[118.1275084,40.3869001],[118.1278603,40.3879702],[118.1283482,40.3890089],[118.1289674,40.3900062],[118.129712,40.3909525],[118.1305748,40.3918385],[118.1315474,40.392656],[118.1326205,40.3933968],[118.1337838,40.394054],[118.135026,40.3946211],[118.1363353,40.3950928],[118.1376989,40.3954645],[118.1391038,40.3957325],[118.1405365,40.3958944],[118.141983,40.3959485]]]},"properties":{"name":"651无名峰","peak_elev":651,"eq_radius":1250,"layer":"等效突出半径","rank_pct":0.5354,"center_lon":118.14198303222656,"center_lat":40.384707,"max_mean_jut":125.7583,"max_ats":87.2772,"r_prominence":1250,"r_base":1500}},{"type":"Feature","geometry":{"type":"Polygon","coordinates":[[[118.082152,40.3967565],[118.0835986,40.3967024],[118.0850312,40.3965405],[118.0864361,40.3962725],[118.0877998,40.3959008],[118.0891091,40.3954291],[118.0903513,40.394862],[118.0915146,40.3942048],[118.0925878,40.393464],[118.0935604,40.3926465],[118.0944232,40.3917605],[118.0951678,40.3908142],[118.095787,40.3898169],[118.0962749,40.3887782],[118.0966268,40.3877081],[118.0968394,40.3866169],[118.0969104,40.385515],[118.0968394,40.3844131],[118.0966268,40.3833219],[118.0962749,40.3822518],[118.095787,40.3812131],[118.0951678,40.3802158],[118.0944232,40.3792695],[118.0935604,40.3783835],[118.0925878,40.377566],[118.0915146,40.3768252],[118.0903513,40.376168],[118.0891091,40.3756009],[118.0877998,40.3751292],[118.0864361,40.3747575],[118.0850312,40.3744895],[118.0835986,40.3743276],[118.082152,40.3742735],[118.0807054,40.3743276],[118.0792728,40.3744895],[118.0778679,40.3747575],[118.0765042,40.3751292],[118.0751949,40.3756009],[118.0739527,40.376168],[118.0727894,40.3768252],[118.0717162,40.377566],[118.0707436,40.3783835],[118.0698808,40.3792695],[118.0691362,40.3802158],[118.068517,40.3812131],[118.0680291,40.3822518],[118.0676772,40.3833219],[118.0674646,40.3844131],[118.0673936,40.385515],[118.0674646,40.3866169],[118.0676772,40.3877081],[118.0680291,40.3887782],[118.068517,40.3898169],[118.0691362,40.3908142],[118.0698808,40.3917605],[118.0707436,40.3926465],[118.0717162,40.393464],[118.0727894,40.3942048],[118.0739527,40.394862],[118.0751949,40.3954291],[118.0765042,40.3959008],[118.0778679,40.3962725],[118.0792728,40.3965405],[118.0807054,40.3967024],[118.082152,40.3967565]]]},"properties":{"name":"熊山700","peak_elev":700,"eq_radius":1250,"layer":"等效突出半径","rank_pct":0.5354,"center_lon":118.082152,"center_lat":40.385515,"max_mean_jut":149.7736,"max_ats":110.9349,"r_prominence":1250,"r_base":1625}},{"type":"Feature","geometry":{"type":"Polygon","coordinates":[[[118.439906,40.4207416],[118.4413531,40.4206875],[118.4427863,40.4205256],[118.4441917,40.4202576],[118.4455558,40.4198859],[118.4468655,40.4194143],[118.4481083,40.4188471],[118.449272,40.4181899],[118.4503455,40.4174491],[118.4513185,40.4166317],[118.4521816,40.4157456],[118.4529264,40.4147993],[118.4535459,40.4138021],[118.454034,40.4127634],[118.454386,40.4116932],[118.4545986,40.410602],[118.4546697,40.4095001],[118.4545986,40.4083983],[118.454386,40.407307],[118.454034,40.4062369],[118.4535459,40.4051982],[118.4529264,40.4042009],[118.4521816,40.4032547],[118.4513185,40.4023686],[118.4503455,40.4015512],[118.449272,40.4008103],[118.4481083,40.4001531],[118.4468655,40.399586],[118.4455558,40.3991143],[118.4441917,40.3987427],[118.4427863,40.3984746],[118.4413531,40.3983127],[118.439906,40.3982586],[118.4384589,40.3983127],[118.4370257,40.3984746],[118.4356203,40.3987427],[118.4342562,40.3991143],[118.4329465,40.399586],[118.4317037,40.4001531],[118.43054,40.4008103],[118.4294665,40.4015512],[118.4284935,40.4023686],[118.4276304,40.4032547],[118.4268856,40.4042009],[118.4262661,40.4051982],[118.425778,40.4062369],[118.425426,40.407307],[118.4252134,40.4083983],[118.4251423,40.4095001],[118.4252134,40.410602],[118.425426,40.4116932],[118.425778,40.4127634],[118.4262661,40.4138021],[118.4268856,40.4147993],[118.4276304,40.4157456],[118.4284935,40.4166317],[118.4294665,40.4174491],[118.43054,40.4181899],[118.4317037,40.4188471],[118.4329465,40.4194143],[118.4342562,40.4198859],[118.4356203,40.4202576],[118.4370257,40.4205256],[118.4384589,40.4206875],[118.439906,40.4207416]]]},"properties":{"name":"女儿山757","peak_elev":757,"eq_radius":1250,"layer":"等效突出半径","rank_pct":0.5354,"center_lon":118.439906,"center_lat":40.40950012207031,"max_mean_jut":121.467,"max_ats":84.6369,"r_prominence":1250,"r_base":1500}},{"type":"Feature","geometry":{"type":"Polygon","coordinates":[[[119.693999,40.0951925],[119.6954392,40.0951384],[119.6968654,40.0949765],[119.6982641,40.0947085],[119.6996217,40.0943368],[119.7009252,40.0938651],[119.7021619,40.093298],[119.70332,40.0926408],[119.7043884,40.0919],[119.7053567,40.0910825],[119.7062157,40.0901965],[119.7069569,40.0892502],[119.7075734,40.0882529],[119.7080592,40.0872142],[119.7084095,40.0861441],[119.7086211,40.0850529],[119.7086918,40.083951],[119.7086211,40.0828491],[119.7084095,40.0817579],[119.7080592,40.0806878],[119.7075734,40.0796491],[119.7069569,40.0786518],[119.7062157,40.0777055],[119.7053567,40.0768195],[119.7043884,40.076002],[119.70332,40.0752612],[119.7021619,40.074604],[119.7009252,40.0740369],[119.6996217,40.0735652],[119.6982641,40.0731935],[119.6968654,40.0729255],[119.6954392,40.0727636],[119.693999,40.0727095],[119.6925588,40.0727636],[119.6911326,40.0729255],[119.6897339,40.0731935],[119.6883763,40.0735652],[119.6870728,40.0740369],[119.6858361,40.074604],[119.684678,40.0752612],[119.6836096,40.076002],[119.6826413,40.0768195],[119.6817823,40.0777055],[119.6810411,40.0786518],[119.6804246,40.0796491],[119.6799388,40.0806878],[119.6795885,40.0817579],[119.6793769,40.0828491],[119.6793062,40.083951],[119.6793769,40.0850529],[119.6795885,40.0861441],[119.6799388,40.0872142],[119.6804246,40.0882529],[119.6810411,40.0892502],[119.6817823,40.0901965],[119.6826413,40.0910825],[119.6836096,40.0919],[119.684678,40.0926408],[119.6858361,40.093298],[119.6870728,40.0938651],[119.6883763,40.0943368],[119.6897339,40.0947085],[119.6911326,40.0949765],[119.6925588,40.0951384],[119.693999,40.0951925]]]},"properties":{"name":"没缝山818","peak_elev":818,"eq_radius":1250,"layer":"等效突出半径","rank_pct":0.5354,"center_lon":119.693999,"center_lat":40.083951,"max_mean_jut":124.3635,"max_ats":66.2392,"r_prominence":1250,"r_base":1000}},{"type":"Feature","geometry":{"type":"Polygon","coordinates":[[[118.1708145,40.5592625],[118.1722646,40.5592084],[118.1737007,40.5590465],[118.175109,40.5587785],[118.176476,40.5584068],[118.1777884,40.5579351],[118.1790337,40.557368],[118.1801998,40.5567108],[118.1812756,40.55597],[118.1822506,40.5551525],[118.1831154,40.5542665],[118.1838618,40.5533202],[118.1844825,40.5523229],[118.1849717,40.5512842],[118.1853244,40.5502141],[118.1855374,40.5491229],[118.1856087,40.548021],[118.1855374,40.5469191],[118.1853244,40.5458279],[118.1849717,40.5447578],[118.1844825,40.5437191],[118.1838618,40.5427218],[118.1831154,40.5417755],[118.1822506,40.5408895],[118.1812756,40.540072],[118.1801998,40.5393312],[118.1790337,40.538674],[118.1777884,40.5381069],[118.176476,40.5376352],[118.175109,40.5372635],[118.1737007,40.5369955],[118.1722646,40.5368336],[118.1708145,40.5367795],[118.1693644,40.5368336],[118.1679283,40.5369955],[118.16652,40.5372635],[118.165153,40.5376352],[118.1638406,40.5381069],[118.1625953,40.538674],[118.1614292,40.5393312],[118.1603535,40.540072],[118.1593785,40.5408895],[118.1585136,40.5417755],[118.1577672,40.5427218],[118.1571465,40.5437191],[118.1566574,40.5447578],[118.1563046,40.5458279],[118.1560916,40.5469191],[118.1560203,40.548021],[118.1560916,40.5491229],[118.1563046,40.5502141],[118.1566574,40.5512842],[118.1571465,40.5523229],[118.1577672,40.5533202],[118.1585136,40.5542665],[118.1593785,40.5551525],[118.1603535,40.55597],[118.1614292,40.5567108],[118.1625953,40.557368],[118.1638406,40.5579351],[118.165153,40.5584068],[118.16652,40.5587785],[118.1679283,40.5590465],[118.1693644,40.5592084],[118.1708145,40.5592625]]]},"properties":{"name":"837无名峰(2)","peak_elev":837,"eq_radius":1250,"layer":"等效突出半径","rank_pct":0.5354,"center_lon":118.17081451416016,"center_lat":40.548021,"max_mean_jut":145.5263,"max_ats":82.8994,"r_prominence":1250,"r_base":1625}},{"type":"Feature","geometry":{"type":"Polygon","coordinates":[[[118.589071,40.8066585],[118.5905265,40.8066044],[118.5919679,40.8064425],[118.5933815,40.8061745],[118.5947535,40.8058028],[118.5960708,40.8053311],[118.5973208,40.804764],[118.5984912,40.8041068],[118.5995709,40.803366],[118.6005496,40.8025485],[118.6014176,40.8016625],[118.6021668,40.8007162],[118.6027898,40.7997189],[118.6032808,40.7986802],[118.6036348,40.7976101],[118.6038487,40.7965189],[118.6039202,40.795417],[118.6038487,40.7943151],[118.6036348,40.7932239],[118.6032808,40.7921538],[118.6027898,40.7911151],[118.6021668,40.7901178],[118.6014176,40.7891715],[118.6005496,40.7882855],[118.5995709,40.787468],[118.5984912,40.7867272],[118.5973208,40.78607],[118.5960708,40.7855029],[118.5947535,40.7850312],[118.5933815,40.7846595],[118.5919679,40.7843915],[118.5905265,40.7842296],[118.589071,40.7841755],[118.5876155,40.7842296],[118.5861741,40.7843915],[118.5847605,40.7846595],[118.5833885,40.7850312],[118.5820712,40.7855029],[118.5808212,40.78607],[118.5796508,40.7867272],[118.5785711,40.787468],[118.5775924,40.7882855],[118.5767244,40.7891715],[118.5759752,40.7901178],[118.5753522,40.7911151],[118.5748612,40.7921538],[118.5745072,40.7932239],[118.5742933,40.7943151],[118.5742218,40.795417],[118.5742933,40.7965189],[118.5745072,40.7976101],[118.5748612,40.7986802],[118.5753522,40.7997189],[118.5759752,40.8007162],[118.5767244,40.8016625],[118.5775924,40.8025485],[118.5785711,40.803366],[118.5796508,40.8041068],[118.5808212,40.804764],[118.5820712,40.8053311],[118.5833885,40.8058028],[118.5847605,40.8061745],[118.5861741,40.8064425],[118.5876155,40.8066044],[118.589071,40.8066585]]]},"properties":{"name":"881无名峰","peak_elev":881,"eq_radius":1250,"layer":"等效突出半径","rank_pct":0.5354,"center_lon":118.589071,"center_lat":40.795417,"max_mean_jut":106.4855,"max_ats":72.9599,"r_prominence":1250,"r_base":1500}},{"type":"Feature","geometry":{"type":"Polygon","coordinates":[[[119.354436,40.0852199],[119.3558759,40.0851658],[119.357302,40.0850039],[119.3587005,40.0847359],[119.3600579,40.0843642],[119.3613611,40.0838926],[119.3625977,40.0833254],[119.3637557,40.0826682],[119.3648239,40.0819274],[119.3657921,40.08111],[119.3666509,40.0802239],[119.367392,40.0792776],[119.3680084,40.0782804],[119.3684941,40.0772417],[119.3688444,40.0761715],[119.369056,40.0750803],[119.3691267,40.0739784],[119.369056,40.0728766],[119.3688444,40.0717853],[119.3684941,40.0707152],[119.3680084,40.0696765],[119.367392,40.0686792],[119.3666509,40.067733],[119.3657921,40.0668469],[119.3648239,40.0660295],[119.3637557,40.0652886],[119.3625977,40.0646314],[119.3613611,40.0640643],[119.3600579,40.0635926],[119.3587005,40.063221],[119.357302,40.0629529],[119.3558759,40.062791],[119.354436,40.0627369],[119.3529961,40.062791],[119.35157,40.0629529],[119.3501715,40.063221],[119.3488141,40.0635926],[119.3475109,40.0640643],[119.3462743,40.0646314],[119.3451163,40.0652886],[119.3440481,40.0660295],[119.3430799,40.0668469],[119.3422211,40.067733],[119.34148,40.0686792],[119.3408636,40.0696765],[119.3403779,40.0707152],[119.3400276,40.0717853],[119.339816,40.0728766],[119.3397453,40.0739784],[119.339816,40.0750803],[119.3400276,40.0761715],[119.3403779,40.0772417],[119.3408636,40.0782804],[119.34148,40.0792776],[119.3422211,40.0802239],[119.3430799,40.08111],[119.3440481,40.0819274],[119.3451163,40.0826682],[119.3462743,40.0833254],[119.3475109,40.0838926],[119.3488141,40.0843642],[119.3501715,40.0847359],[119.35157,40.0850039],[119.3529961,40.0851658],[119.354436,40.0852199]]]},"properties":{"name":"黄牛顶897","peak_elev":897,"eq_radius":1250,"layer":"等效突出半径","rank_pct":0.5354,"center_lon":119.354436,"center_lat":40.073978424072266,"max_mean_jut":117.2289,"max_ats":54.7397,"r_prominence":1250,"r_base":1375}},{"type":"Feature","geometry":{"type":"Polygon","coordinates":[[[118.039302,40.4735625],[118.0407502,40.4735084],[118.0421845,40.4733465],[118.043591,40.4730785],[118.0449563,40.4727068],[118.046267,40.4722351],[118.0475107,40.471668],[118.0486753,40.4710108],[118.0497497,40.47027],[118.0507234,40.4694525],[118.0515872,40.4685665],[118.0523326,40.4676202],[118.0529526,40.4666229],[118.0534411,40.4655842],[118.0537934,40.4645141],[118.0540061,40.4634229],[118.0540773,40.462321],[118.0540061,40.4612191],[118.0537934,40.4601279],[118.0534411,40.4590578],[118.0529526,40.4580191],[118.0523326,40.4570218],[118.0515872,40.4560755],[118.0507234,40.4551895],[118.0497497,40.454372],[118.0486753,40.4536312],[118.0475107,40.452974],[118.046267,40.4524069],[118.0449563,40.4519352],[118.043591,40.4515635],[118.0421845,40.4512955],[118.0407502,40.4511336],[118.039302,40.4510795],[118.0378538,40.4511336],[118.0364195,40.4512955],[118.035013,40.4515635],[118.0336477,40.4519352],[118.032337,40.4524069],[118.0310933,40.452974],[118.0299287,40.4536312],[118.0288543,40.454372],[118.0278806,40.4551895],[118.0270168,40.4560755],[118.0262714,40.4570218],[118.0256514,40.4580191],[118.0251629,40.4590578],[118.0248106,40.4601279],[118.0245979,40.4612191],[118.0245267,40.462321],[118.0245979,40.4634229],[118.0248106,40.4645141],[118.0251629,40.4655842],[118.0256514,40.4666229],[118.0262714,40.4676202],[118.0270168,40.4685665],[118.0278806,40.4694525],[118.0288543,40.47027],[118.0299287,40.4710108],[118.0310933,40.471668],[118.032337,40.4722351],[118.0336477,40.4727068],[118.035013,40.4730785],[118.0364195,40.4733465],[118.0378538,40.4735084],[118.039302,40.4735625]]]},"properties":{"name":"905无名峰","peak_elev":905,"eq_radius":1250,"layer":"等效突出半径","rank_pct":0.5354,"center_lon":118.039302,"center_lat":40.462321,"max_mean_jut":89.1209,"max_ats":50.3732,"r_prominence":1250,"r_base":1250}},{"type":"Feature","geometry":{"type":"Polygon","coordinates":[[[118.280769,40.7161075],[118.2822225,40.7160534],[118.283662,40.7158915],[118.2850736,40.7156235],[118.2864438,40.7152518],[118.2877593,40.7147801],[118.2890075,40.714213],[118.2901764,40.7135558],[118.2912547,40.712815],[118.2922319,40.7119975],[118.2930988,40.7111115],[118.293847,40.7101652],[118.2944692,40.7091679],[118.2949594,40.7081292],[118.295313,40.7070591],[118.2955266,40.7059679],[118.295598,40.704866],[118.2955266,40.7037641],[118.295313,40.7026729],[118.2949594,40.7016028],[118.2944692,40.7005641],[118.293847,40.6995668],[118.2930988,40.6986205],[118.2922319,40.6977345],[118.2912547,40.696917],[118.2901764,40.6961762],[118.2890075,40.695519],[118.2877593,40.6949519],[118.2864438,40.6944802],[118.2850736,40.6941085],[118.283662,40.6938405],[118.2822225,40.6936786],[118.280769,40.6936245],[118.2793155,40.6936786],[118.277876,40.6938405],[118.2764644,40.6941085],[118.2750942,40.6944802],[118.2737787,40.6949519],[118.2725305,40.695519],[118.2713616,40.6961762],[118.2702833,40.696917],[118.2693061,40.6977345],[118.2684392,40.6986205],[118.267691,40.6995668],[118.2670688,40.7005641],[118.2665786,40.7016028],[118.266225,40.7026729],[118.2660114,40.7037641],[118.26594,40.704866],[118.2660114,40.7059679],[118.266225,40.7070591],[118.2665786,40.7081292],[118.2670688,40.7091679],[118.267691,40.7101652],[118.2684392,40.7111115],[118.2693061,40.7119975],[118.2702833,40.712815],[118.2713616,40.7135558],[118.2725305,40.714213],[118.2737787,40.7147801],[118.2750942,40.7152518],[118.2764644,40.7156235],[118.277876,40.7158915],[118.2793155,40.7160534],[118.280769,40.7161075]]]},"properties":{"name":"960无名峰","peak_elev":960,"eq_radius":1250,"layer":"等效突出半径","rank_pct":0.5354,"center_lon":118.280769,"center_lat":40.704866,"max_mean_jut":122.9486,"max_ats":65.9948,"r_prominence":1250,"r_base":1250}},{"type":"Feature","geometry":{"type":"Polygon","coordinates":[[[118.205041,40.7055975],[118.2064943,40.7055434],[118.2079335,40.7053815],[118.2093449,40.7051135],[118.2107149,40.7047418],[118.2120302,40.7042701],[118.2132782,40.703703],[118.2144469,40.7030458],[118.215525,40.702305],[118.2165021,40.7014875],[118.2173689,40.7006015],[118.2181169,40.6996552],[118.218739,40.6986579],[118.2192292,40.6976192],[118.2195827,40.6965491],[118.2197962,40.6954579],[118.2198676,40.694356],[118.2197962,40.6932541],[118.2195827,40.6921629],[118.2192292,40.6910928],[118.218739,40.6900541],[118.2181169,40.6890568],[118.2173689,40.6881105],[118.2165021,40.6872245],[118.215525,40.686407],[118.2144469,40.6856662],[118.2132782,40.685009],[118.2120302,40.6844419],[118.2107149,40.6839702],[118.2093449,40.6835985],[118.2079335,40.6833305],[118.2064943,40.6831686],[118.205041,40.6831145],[118.2035877,40.6831686],[118.2021485,40.6833305],[118.2007371,40.6835985],[118.1993671,40.6839702],[118.1980518,40.6844419],[118.1968038,40.685009],[118.1956351,40.6856662],[118.194557,40.686407],[118.1935799,40.6872245],[118.1927131,40.6881105],[118.1919651,40.6890568],[118.191343,40.6900541],[118.1908528,40.6910928],[118.1904993,40.6921629],[118.1902858,40.6932541],[118.1902144,40.694356],[118.1902858,40.6954579],[118.1904993,40.6965491],[118.1908528,40.6976192],[118.191343,40.6986579],[118.1919651,40.6996552],[118.1927131,40.7006015],[118.1935799,40.7014875],[118.194557,40.702305],[118.1956351,40.7030458],[118.1968038,40.703703],[118.1980518,40.7042701],[118.1993671,40.7047418],[118.2007371,40.7051135],[118.2021485,40.7053815],[118.2035877,40.7055434],[118.205041,40.7055975]]]},"properties":{"name":"968无名峰","peak_elev":968,"eq_radius":1250,"layer":"等效突出半径","rank_pct":0.5354,"center_lon":118.205041,"center_lat":40.694356,"max_mean_jut":174.1269,"max_ats":105.7022,"r_prominence":1250,"r_base":1375}},{"type":"Feature","geometry":{"type":"Polygon","coordinates":[[[118.499868,40.5333905],[118.5013175,40.5333364],[118.5027531,40.5331745],[118.5041609,40.5329065],[118.5055273,40.5325348],[118.5068392,40.5320631],[118.508084,40.531496],[118.5092497,40.5308388],[118.510325,40.530098],[118.5112996,40.5292805],[118.5121642,40.5283945],[118.5129103,40.5274482],[118.5135308,40.5264509],[118.5140197,40.5254122],[118.5143723,40.5243421],[118.5145853,40.5232509],[118.5146565,40.522149],[118.5145853,40.5210471],[118.5143723,40.5199559],[118.5140197,40.5188858],[118.5135308,40.5178471],[118.5129103,40.5168498],[118.5121642,40.5159035],[118.5112996,40.5150175],[118.510325,40.5142],[118.5092497,40.5134592],[118.508084,40.512802],[118.5068392,40.5122349],[118.5055273,40.5117632],[118.5041609,40.5113915],[118.5027531,40.5111235],[118.5013175,40.5109616],[118.499868,40.5109075],[118.4984185,40.5109616],[118.4969829,40.5111235],[118.4955751,40.5113915],[118.4942087,40.5117632],[118.4928968,40.5122349],[118.491652,40.512802],[118.4904863,40.5134592],[118.489411,40.5142],[118.4884364,40.5150175],[118.4875718,40.5159035],[118.4868257,40.5168498],[118.4862052,40.5178471],[118.4857163,40.5188858],[118.4853637,40.5199559],[118.4851507,40.5210471],[118.4850795,40.522149],[118.4851507,40.5232509],[118.4853637,40.5243421],[118.4857163,40.5254122],[118.4862052,40.5264509],[118.4868257,40.5274482],[118.4875718,40.5283945],[118.4884364,40.5292805],[118.489411,40.530098],[118.4904863,40.5308388],[118.491652,40.531496],[118.4928968,40.5320631],[118.4942087,40.5325348],[118.4955751,40.5329065],[118.4969829,40.5331745],[118.4984185,40.5333364],[118.499868,40.5333905]]]},"properties":{"name":"干巴山975","peak_elev":975,"eq_radius":1250,"layer":"等效突出半径","rank_pct":0.5354,"center_lon":118.499868,"center_lat":40.522149,"max_mean_jut":128.4573,"max_ats":84.7226,"r_prominence":1250,"r_base":1375}},{"type":"Feature","geometry":{"type":"Polygon","coordinates":[[[118.062479,40.6037289],[118.06393,40.6036747],[118.0653671,40.6035129],[118.0667764,40.6032448],[118.0681442,40.6028731],[118.0694576,40.6024015],[118.0707037,40.6018343],[118.0718706,40.6011771],[118.072947,40.6004363],[118.0739227,40.5996189],[118.0747881,40.5987328],[118.075535,40.5977866],[118.0761561,40.5967893],[118.0766456,40.5957506],[118.0769986,40.5946804],[118.0772117,40.5935892],[118.077283,40.5924873],[118.0772117,40.5913855],[118.0769986,40.5902942],[118.0766456,40.5892241],[118.0761561,40.5881854],[118.075535,40.5871881],[118.0747881,40.5862419],[118.0739227,40.5853558],[118.072947,40.5845384],[118.0718706,40.5837975],[118.0707037,40.5831404],[118.0694576,40.5825732],[118.0681442,40.5821015],[118.0667764,40.5817299],[118.0653671,40.5814618],[118.06393,40.5812999],[118.062479,40.5812458],[118.061028,40.5812999],[118.0595909,40.5814618],[118.0581816,40.5817299],[118.0568138,40.5821015],[118.0555004,40.5825732],[118.0542543,40.5831404],[118.0530874,40.5837975],[118.052011,40.5845384],[118.0510353,40.5853558],[118.0501699,40.5862419],[118.049423,40.5871881],[118.0488019,40.5881854],[118.0483124,40.5892241],[118.0479594,40.5902942],[118.0477463,40.5913855],[118.047675,40.5924873],[118.0477463,40.5935892],[118.0479594,40.5946804],[118.0483124,40.5957506],[118.0488019,40.5967893],[118.049423,40.5977866],[118.0501699,40.5987328],[118.0510353,40.5996189],[118.052011,40.6004363],[118.0530874,40.6011771],[118.0542543,40.6018343],[118.0555004,40.6024015],[118.0568138,40.6028731],[118.0581816,40.6032448],[118.0595909,40.6035129],[118.061028,40.6036747],[118.062479,40.6037289]]]},"properties":{"name":"995无名峰(1)","peak_elev":995,"eq_radius":1250,"layer":"等效突出半径","rank_pct":0.5354,"center_lon":118.062479,"center_lat":40.59248733520508,"max_mean_jut":155.6955,"max_ats":82.7747,"r_prominence":1250,"r_base":1375}},{"type":"Feature","geometry":{"type":"Polygon","coordinates":[[[118.070024,40.769199],[118.0714787,40.7691448],[118.0729193,40.768983],[118.0743321,40.7687149],[118.0757033,40.7683433],[118.0770199,40.7678716],[118.0782691,40.7673044],[118.0794389,40.7666473],[118.080518,40.7659064],[118.0814961,40.765089],[118.0823637,40.7642029],[118.0831124,40.7632567],[118.0837351,40.7622594],[118.0842258,40.7612207],[118.0845796,40.7601506],[118.0847933,40.7590593],[118.0848648,40.7579575],[118.0847933,40.7568556],[118.0845796,40.7557643],[118.0842258,40.7546942],[118.0837351,40.7536555],[118.0831124,40.7526582],[118.0823637,40.751712],[118.0814961,40.7508259],[118.080518,40.7500085],[118.0794389,40.7492676],[118.0782691,40.7486105],[118.0770199,40.7480433],[118.0757033,40.7475716],[118.0743321,40.7472],[118.0729193,40.7469319],[118.0714787,40.7467701],[118.070024,40.7467159],[118.0685693,40.7467701],[118.0671287,40.7469319],[118.0657159,40.7472],[118.0643447,40.7475716],[118.0630281,40.7480433],[118.0617789,40.7486105],[118.0606091,40.7492676],[118.05953,40.7500085],[118.0585519,40.7508259],[118.0576843,40.751712],[118.0569356,40.7526582],[118.0563129,40.7536555],[118.0558222,40.7546942],[118.0554684,40.7557643],[118.0552547,40.7568556],[118.0551832,40.7579575],[118.0552547,40.7590593],[118.0554684,40.7601506],[118.0558222,40.7612207],[118.0563129,40.7622594],[118.0569356,40.7632567],[118.0576843,40.7642029],[118.0585519,40.765089],[118.05953,40.7659064],[118.0606091,40.7666473],[118.0617789,40.7673044],[118.0630281,40.7678716],[118.0643447,40.7683433],[118.0657159,40.7687149],[118.0671287,40.768983],[118.0685693,40.7691448],[118.070024,40.769199]]]},"properties":{"name":"北山大尖1027","peak_elev":1040,"eq_radius":1250,"layer":"等效突出半径","rank_pct":0.5354,"center_lon":118.070024,"center_lat":40.757957458496094,"max_mean_jut":142.3538,"max_ats":77.9655,"r_prominence":1250,"r_base":1250}},{"type":"Feature","geometry":{"type":"Polygon","coordinates":[[[118.193722,40.6336425],[118.1951737,40.6335884],[118.1966114,40.6334265],[118.1980213,40.6331585],[118.1993898,40.6327868],[118.2007037,40.6323151],[118.2019503,40.631748],[118.2031178,40.6310908],[118.2041947,40.63035],[118.2051708,40.6295325],[118.2060366,40.6286465],[118.2067838,40.6277002],[118.2074052,40.6267029],[118.2078949,40.6256642],[118.2082481,40.6245941],[118.2084613,40.6235029],[118.2085326,40.622401],[118.2084613,40.6212991],[118.2082481,40.6202079],[118.2078949,40.6191378],[118.2074052,40.6180991],[118.2067838,40.6171018],[118.2060366,40.6161555],[118.2051708,40.6152695],[118.2041947,40.614452],[118.2031178,40.6137112],[118.2019503,40.613054],[118.2007037,40.6124869],[118.1993898,40.6120152],[118.1980213,40.6116435],[118.1966114,40.6113755],[118.1951737,40.6112136],[118.193722,40.6111595],[118.1922703,40.6112136],[118.1908326,40.6113755],[118.1894227,40.6116435],[118.1880542,40.6120152],[118.1867403,40.6124869],[118.1854937,40.613054],[118.1843262,40.6137112],[118.1832493,40.614452],[118.1822732,40.6152695],[118.1814074,40.6161555],[118.1806602,40.6171018],[118.1800388,40.6180991],[118.1795491,40.6191378],[118.1791959,40.6202079],[118.1789827,40.6212991],[118.1789114,40.622401],[118.1789827,40.6235029],[118.1791959,40.6245941],[118.1795491,40.6256642],[118.1800388,40.6267029],[118.1806602,40.6277002],[118.1814074,40.6286465],[118.1822732,40.6295325],[118.1832493,40.63035],[118.1843262,40.6310908],[118.1854937,40.631748],[118.1867403,40.6323151],[118.1880542,40.6327868],[118.1894227,40.6331585],[118.1908326,40.6334265],[118.1922703,40.6335884],[118.193722,40.6336425]]]},"properties":{"name":"卡杈山1094","peak_elev":1151,"eq_radius":1250,"layer":"等效突出半径","rank_pct":0.5354,"center_lon":118.193722,"center_lat":40.622401,"max_mean_jut":241.4844,"max_ats":153.4555,"r_prominence":1250,"r_base":1375}},{"type":"Feature","geometry":{"type":"Polygon","coordinates":[[[119.651149,40.5147494],[119.6524532,40.5147007],[119.6537449,40.514555],[119.6550116,40.5143137],[119.656241,40.5139792],[119.6574215,40.5135547],[119.6585415,40.5130443],[119.6595903,40.5124528],[119.6605579,40.5117861],[119.6614348,40.5110504],[119.6622126,40.5102529],[119.662884,40.5094013],[119.6634423,40.5085037],[119.6638822,40.5075689],[119.6641995,40.5066058],[119.6643911,40.5056237],[119.6644551,40.504632],[119.6643911,40.5036403],[119.6641995,40.5026582],[119.6638822,40.5016951],[119.6634423,40.5007603],[119.662884,40.4998627],[119.6622126,40.4990111],[119.6614348,40.4982136],[119.6605579,40.4974779],[119.6595903,40.4968112],[119.6585415,40.4962197],[119.6574215,40.4957093],[119.656241,40.4952848],[119.6550116,40.4949503],[119.6537449,40.494709],[119.6524532,40.4945633],[119.651149,40.4945146],[119.6498448,40.4945633],[119.6485531,40.494709],[119.6472864,40.4949503],[119.646057,40.4952848],[119.6448765,40.4957093],[119.6437565,40.4962197],[119.6427077,40.4968112],[119.6417401,40.4974779],[119.6408632,40.4982136],[119.6400854,40.4990111],[119.639414,40.4998627],[119.6388557,40.5007603],[119.6384158,40.5016951],[119.6380985,40.5026582],[119.6379069,40.5036403],[119.6378429,40.504632],[119.6379069,40.5056237],[119.6380985,40.5066058],[119.6384158,40.5075689],[119.6388557,40.5085037],[119.639414,40.5094013],[119.6400854,40.5102529],[119.6408632,40.5110504],[119.6417401,40.5117861],[119.6427077,40.5124528],[119.6437565,40.5130443],[119.6448765,40.5135547],[119.646057,40.5139792],[119.6472864,40.5143137],[119.6485531,40.514555],[119.6498448,40.5147007],[119.651149,40.5147494]]]},"properties":{"name":"1080无名峰","peak_elev":1080,"eq_radius":1125,"layer":"等效突出半径","rank_pct":0.6063,"center_lon":119.651149,"center_lat":40.504632,"max_mean_jut":113.3212,"max_ats":70.429,"r_prominence":1125,"r_base":1250}},{"type":"Feature","geometry":{"type":"Polygon","coordinates":[[[118.217168,40.7263024],[118.2184764,40.7262537],[118.2197721,40.726108],[118.2210428,40.7258667],[118.2222762,40.7255322],[118.2234604,40.7251077],[118.2245839,40.7245973],[118.2256361,40.7240058],[118.2266067,40.7233391],[118.2274864,40.7226034],[118.2282667,40.7218059],[118.2289402,40.7209543],[118.2295002,40.7200567],[118.2299416,40.7191219],[118.2302598,40.7181588],[118.2304521,40.7171767],[118.2305163,40.716185],[118.2304521,40.7151933],[118.2302598,40.7142112],[118.2299416,40.7132481],[118.2295002,40.7123133],[118.2289402,40.7114157],[118.2282667,40.7105641],[118.2274864,40.7097666],[118.2266067,40.7090309],[118.2256361,40.7083642],[118.2245839,40.7077727],[118.2234604,40.7072623],[118.2222762,40.7068378],[118.2210428,40.7065033],[118.2197721,40.706262],[118.2184764,40.7061163],[118.217168,40.7060676],[118.2158596,40.7061163],[118.2145639,40.706262],[118.2132932,40.7065033],[118.2120598,40.7068378],[118.2108756,40.7072623],[118.2097521,40.7077727],[118.2086999,40.7083642],[118.2077293,40.7090309],[118.2068496,40.7097666],[118.2060693,40.7105641],[118.2053958,40.7114157],[118.2048358,40.7123133],[118.2043944,40.7132481],[118.2040762,40.7142112],[118.2038839,40.7151933],[118.2038197,40.716185],[118.2038839,40.7171767],[118.2040762,40.7181588],[118.2043944,40.7191219],[118.2048358,40.7200567],[118.2053958,40.7209543],[118.2060693,40.7218059],[118.2068496,40.7226034],[118.2077293,40.7233391],[118.2086999,40.7240058],[118.2097521,40.7245973],[118.2108756,40.7251077],[118.2120598,40.7255322],[118.2132932,40.7258667],[118.2145639,40.726108],[118.2158596,40.7262537],[118.217168,40.7263024]]]},"properties":{"name":"北砬子山东峰1204","peak_elev":1204,"eq_radius":1125,"layer":"等效突出半径","rank_pct":0.6063,"center_lon":118.217168,"center_lat":40.716185,"max_mean_jut":181.297,"max_ats":111.8336,"r_prominence":1125,"r_base":1875}},{"type":"Feature","geometry":{"type":"Polygon","coordinates":[[[118.842665,40.5352314],[118.8439696,40.5351827],[118.8452617,40.535037],[118.8465287,40.5347957],[118.8477586,40.5344612],[118.8489394,40.5340367],[118.8500598,40.5335263],[118.8511089,40.5329348],[118.8520767,40.5322681],[118.8529539,40.5315324],[118.853732,40.5307349],[118.8544036,40.5298833],[118.854962,40.5289857],[118.8554021,40.5280509],[118.8557195,40.5270878],[118.8559111,40.5261057],[118.8559752,40.525114],[118.8559111,40.5241223],[118.8557195,40.5231402],[118.8554021,40.5221771],[118.854962,40.5212423],[118.8544036,40.5203447],[118.853732,40.5194931],[118.8529539,40.5186956],[118.8520767,40.5179599],[118.8511089,40.5172932],[118.8500598,40.5167017],[118.8489394,40.5161913],[118.8477586,40.5157668],[118.8465287,40.5154323],[118.8452617,40.515191],[118.8439696,40.5150453],[118.842665,40.5149966],[118.8413604,40.5150453],[118.8400683,40.515191],[118.8388013,40.5154323],[118.8375714,40.5157668],[118.8363906,40.5161913],[118.8352702,40.5167017],[118.8342211,40.5172932],[118.8332533,40.5179599],[118.8323761,40.5186956],[118.831598,40.5194931],[118.8309264,40.5203447],[118.830368,40.5212423],[118.8299279,40.5221771],[118.8296105,40.5231402],[118.8294189,40.5241223],[118.8293548,40.525114],[118.8294189,40.5261057],[118.8296105,40.5270878],[118.8299279,40.5280509],[118.830368,40.5289857],[118.8309264,40.5298833],[118.831598,40.5307349],[118.8323761,40.5315324],[118.8332533,40.5322681],[118.8342211,40.5329348],[118.8352702,40.5335263],[118.8363906,40.5340367],[118.8375714,40.5344612],[118.8388013,40.5347957],[118.8400683,40.535037],[118.8413604,40.5351827],[118.842665,40.5352314]]]},"properties":{"name":"1445无名峰","peak_elev":1445,"eq_radius":1125,"layer":"等效突出半径","rank_pct":0.6063,"center_lon":118.842665,"center_lat":40.525114,"max_mean_jut":74.1493,"max_ats":41.2787,"r_prominence":1125,"r_base":10000}},{"type":"Feature","geometry":{"type":"Polygon","coordinates":[[[119.873213,40.5284934],[119.8745175,40.5284447],[119.8758094,40.528299],[119.8770764,40.5280577],[119.8783061,40.5277232],[119.8794868,40.5272987],[119.880607,40.5267883],[119.8816561,40.5261968],[119.8826238,40.5255301],[119.8835009,40.5247944],[119.8842789,40.5239969],[119.8849504,40.5231453],[119.8855088,40.5222477],[119.8859488,40.5213129],[119.8862661,40.5203498],[119.8864578,40.5193677],[119.8865219,40.518376],[119.8864578,40.5173843],[119.8862661,40.5164022],[119.8859488,40.5154391],[119.8855088,40.5145043],[119.8849504,40.5136067],[119.8842789,40.5127551],[119.8835009,40.5119576],[119.8826238,40.5112219],[119.8816561,40.5105552],[119.880607,40.5099637],[119.8794868,40.5094533],[119.8783061,40.5090288],[119.8770764,40.5086943],[119.8758094,40.508453],[119.8745175,40.5083073],[119.873213,40.5082586],[119.8719085,40.5083073],[119.8706166,40.508453],[119.8693496,40.5086943],[119.8681199,40.5090288],[119.8669392,40.5094533],[119.865819,40.5099637],[119.8647699,40.5105552],[119.8638022,40.5112219],[119.8629251,40.5119576],[119.8621471,40.5127551],[119.8614756,40.5136067],[119.8609172,40.5145043],[119.8604772,40.5154391],[119.8601599,40.5164022],[119.8599682,40.5173843],[119.8599041,40.518376],[119.8599682,40.5193677],[119.8601599,40.5203498],[119.8604772,40.5213129],[119.8609172,40.5222477],[119.8614756,40.5231453],[119.8621471,40.5239969],[119.8629251,40.5247944],[119.8638022,40.5255301],[119.8647699,40.5261968],[119.865819,40.5267883],[119.8669392,40.5272987],[119.8681199,40.5277232],[119.8693496,40.5280577],[119.8706166,40.528299],[119.8719085,40.5284447],[119.873213,40.5284934]]]},"properties":{"name":"五指山690","peak_elev":690,"eq_radius":1125,"layer":"等效突出半径","rank_pct":0.6063,"center_lon":119.873213,"center_lat":40.518376,"max_mean_jut":135.5154,"max_ats":91.3921,"r_prominence":1125,"r_base":1250}},{"type":"Feature","geometry":{"type":"Polygon","coordinates":[[[118.452976,40.5656834],[118.4542812,40.5656347],[118.4555739,40.565489],[118.4568415,40.5652477],[118.4580719,40.5649132],[118.4592532,40.5644887],[118.4603741,40.5639783],[118.4614237,40.5633868],[118.462392,40.5627201],[118.4632696,40.5619844],[118.4640481,40.5611869],[118.4647199,40.5603353],[118.4652786,40.5594377],[118.4657189,40.5585029],[118.4660364,40.5575398],[118.4662281,40.5565577],[118.4662923,40.555566],[118.4662281,40.5545743],[118.4660364,40.5535922],[118.4657189,40.5526291],[118.4652786,40.5516943],[118.4647199,40.5507967],[118.4640481,40.5499451],[118.4632696,40.5491476],[118.462392,40.5484119],[118.4614237,40.5477452],[118.4603741,40.5471537],[118.4592532,40.5466433],[118.4580719,40.5462188],[118.4568415,40.5458843],[118.4555739,40.545643],[118.4542812,40.5454973],[118.452976,40.5454486],[118.4516708,40.5454973],[118.4503781,40.545643],[118.4491105,40.5458843],[118.4478801,40.5462188],[118.4466988,40.5466433],[118.4455779,40.5471537],[118.4445283,40.5477452],[118.44356,40.5484119],[118.4426824,40.5491476],[118.4419039,40.5499451],[118.4412321,40.5507967],[118.4406734,40.5516943],[118.4402331,40.5526291],[118.4399156,40.5535922],[118.4397239,40.5545743],[118.4396597,40.555566],[118.4397239,40.5565577],[118.4399156,40.5575398],[118.4402331,40.5585029],[118.4406734,40.5594377],[118.4412321,40.5603353],[118.4419039,40.5611869],[118.4426824,40.5619844],[118.44356,40.5627201],[118.4445283,40.5633868],[118.4455779,40.5639783],[118.4466988,40.5644887],[118.4478801,40.5649132],[118.4491105,40.5652477],[118.4503781,40.565489],[118.4516708,40.5656347],[118.452976,40.5656834]]]},"properties":{"name":"750无名峰","peak_elev":750,"eq_radius":1125,"layer":"等效突出半径","rank_pct":0.6063,"center_lon":118.452976,"center_lat":40.555566,"max_mean_jut":101.4087,"max_ats":67.8341,"r_prominence":1125,"r_base":1250}},{"type":"Feature","geometry":{"type":"Polygon","coordinates":[[[119.476786,40.1654844],[119.4780835,40.1654357],[119.4793685,40.16529],[119.4806286,40.1650487],[119.4818518,40.1647142],[119.4830261,40.1642897],[119.4841403,40.1637793],[119.4851838,40.1631878],[119.4861463,40.1625211],[119.4870187,40.1617854],[119.4877925,40.1609879],[119.4884604,40.1601363],[119.4890158,40.1592387],[119.4894535,40.1583039],[119.4897691,40.1573408],[119.4899597,40.1563587],[119.4900235,40.155367],[119.4899597,40.1543753],[119.4897691,40.1533932],[119.4894535,40.1524301],[119.4890158,40.1514953],[119.4884604,40.1505977],[119.4877925,40.1497461],[119.4870187,40.1489486],[119.4861463,40.1482129],[119.4851838,40.1475462],[119.4841403,40.1469547],[119.4830261,40.1464443],[119.4818518,40.1460198],[119.4806286,40.1456853],[119.4793685,40.145444],[119.4780835,40.1452983],[119.476786,40.1452496],[119.4754885,40.1452983],[119.4742035,40.145444],[119.4729434,40.1456853],[119.4717202,40.1460198],[119.4705459,40.1464443],[119.4694317,40.1469547],[119.4683882,40.1475462],[119.4674257,40.1482129],[119.4665533,40.1489486],[119.4657795,40.1497461],[119.4651116,40.1505977],[119.4645562,40.1514953],[119.4641185,40.1524301],[119.4638029,40.1533932],[119.4636123,40.1543753],[119.4635485,40.155367],[119.4636123,40.1563587],[119.4638029,40.1573408],[119.4641185,40.1583039],[119.4645562,40.1592387],[119.4651116,40.1601363],[119.4657795,40.1609879],[119.4665533,40.1617854],[119.4674257,40.1625211],[119.4683882,40.1631878],[119.4694317,40.1637793],[119.4705459,40.1642897],[119.4717202,40.1647142],[119.4729434,40.1650487],[119.4742035,40.16529],[119.4754885,40.1654357],[119.476786,40.1654844]]]},"properties":{"name":"红旗尖768","peak_elev":768,"eq_radius":1125,"layer":"等效突出半径","rank_pct":0.6063,"center_lon":119.476786,"center_lat":40.155367,"max_mean_jut":96.253,"max_ats":50.1162,"r_prominence":1125,"r_base":1000}},{"type":"Feature","geometry":{"type":"Polygon","coordinates":[[[119.376804,40.0579564],[119.3780994,40.0579077],[119.3793824,40.057762],[119.3806406,40.0575207],[119.3818618,40.0571862],[119.3830342,40.0567617],[119.3841467,40.0562513],[119.3851885,40.0556598],[119.3861495,40.0549931],[119.3870205,40.0542574],[119.3877932,40.0534599],[119.38846,40.0526083],[119.3890145,40.0517107],[119.3894514,40.0507759],[119.3897666,40.0498128],[119.3899569,40.0488307],[119.3900206,40.047839],[119.3899569,40.0468473],[119.3897666,40.0458652],[119.3894514,40.0449021],[119.3890145,40.0439673],[119.38846,40.0430697],[119.3877932,40.0422181],[119.3870205,40.0414206],[119.3861495,40.0406849],[119.3851885,40.0400182],[119.3841467,40.0394267],[119.3830342,40.0389163],[119.3818618,40.0384918],[119.3806406,40.0381573],[119.3793824,40.037916],[119.3780994,40.0377703],[119.376804,40.0377216],[119.3755086,40.0377703],[119.3742256,40.037916],[119.3729674,40.0381573],[119.3717462,40.0384918],[119.3705738,40.0389163],[119.3694613,40.0394267],[119.3684195,40.0400182],[119.3674585,40.0406849],[119.3665875,40.0414206],[119.3658148,40.0422181],[119.365148,40.0430697],[119.3645935,40.0439673],[119.3641566,40.0449021],[119.3638414,40.0458652],[119.3636511,40.0468473],[119.3635874,40.047839],[119.3636511,40.0488307],[119.3638414,40.0498128],[119.3641566,40.0507759],[119.3645935,40.0517107],[119.365148,40.0526083],[119.3658148,40.0534599],[119.3665875,40.0542574],[119.3674585,40.0549931],[119.3684195,40.0556598],[119.3694613,40.0562513],[119.3705738,40.0567617],[119.3717462,40.0571862],[119.3729674,40.0575207],[119.3742256,40.057762],[119.3755086,40.0579077],[119.376804,40.0579564]]]},"properties":{"name":"774无名峰","peak_elev":774,"eq_radius":1125,"layer":"等效突出半径","rank_pct":0.6063,"center_lon":119.376804,"center_lat":40.047839,"max_mean_jut":99.8242,"max_ats":50.0017,"r_prominence":1125,"r_base":1375}},{"type":"Feature","geometry":{"type":"Polygon","coordinates":[[[118.222289,40.8629364],[118.2236001,40.8628877],[118.2248985,40.862742],[118.2261718,40.8625007],[118.2274077,40.8621662],[118.2285943,40.8617417],[118.2297202,40.8612313],[118.2307745,40.8606398],[118.2317471,40.8599731],[118.2326286,40.8592374],[118.2334106,40.8584399],[118.2340854,40.8575883],[118.2346466,40.8566907],[118.2350889,40.8557559],[118.2354078,40.8547928],[118.2356004,40.8538107],[118.2356648,40.852819],[118.2356004,40.8518273],[118.2354078,40.8508452],[118.2350889,40.8498821],[118.2346466,40.8489473],[118.2340854,40.8480497],[118.2334106,40.8471981],[118.2326286,40.8464006],[118.2317471,40.8456649],[118.2307745,40.8449982],[118.2297202,40.8444067],[118.2285943,40.8438963],[118.2274077,40.8434718],[118.2261718,40.8431373],[118.2248985,40.842896],[118.2236001,40.8427503],[118.222289,40.8427016],[118.2209779,40.8427503],[118.2196795,40.842896],[118.2184062,40.8431373],[118.2171703,40.8434718],[118.2159837,40.8438963],[118.2148578,40.8444067],[118.2138035,40.8449982],[118.2128309,40.8456649],[118.2119494,40.8464006],[118.2111674,40.8471981],[118.2104926,40.8480497],[118.2099314,40.8489473],[118.2094891,40.8498821],[118.2091702,40.8508452],[118.2089776,40.8518273],[118.2089132,40.852819],[118.2089776,40.8538107],[118.2091702,40.8547928],[118.2094891,40.8557559],[118.2099314,40.8566907],[118.2104926,40.8575883],[118.2111674,40.8584399],[118.2119494,40.8592374],[118.2128309,40.8599731],[118.2138035,40.8606398],[118.2148578,40.8612313],[118.2159837,40.8617417],[118.2171703,40.8621662],[118.2184062,40.8625007],[118.2196795,40.862742],[118.2209779,40.8628877],[118.222289,40.8629364]]]},"properties":{"name":"796无名峰","peak_elev":796,"eq_radius":1125,"layer":"等效突出半径","rank_pct":0.6063,"center_lon":118.222289,"center_lat":40.852819,"max_mean_jut":111.5191,"max_ats":72.567,"r_prominence":1125,"r_base":1625}},{"type":"Feature","geometry":{"type":"Polygon","coordinates":[[[118.569667,40.5169054],[118.5709713,40.5168567],[118.572263,40.516711],[118.5735297,40.5164697],[118.5747592,40.5161352],[118.5759397,40.5157107],[118.5770597,40.5152003],[118.5781086,40.5146088],[118.5790762,40.5139421],[118.5799531,40.5132064],[118.580731,40.5124089],[118.5814023,40.5115573],[118.5819607,40.5106597],[118.5824006,40.5097249],[118.5827179,40.5087618],[118.5829095,40.5077797],[118.5829736,40.506788],[118.5829095,40.5057963],[118.5827179,40.5048142],[118.5824006,40.5038511],[118.5819607,40.5029163],[118.5814023,40.5020187],[118.580731,40.5011671],[118.5799531,40.5003696],[118.5790762,40.4996339],[118.5781086,40.4989672],[118.5770597,40.4983757],[118.5759397,40.4978653],[118.5747592,40.4974408],[118.5735297,40.4971063],[118.572263,40.496865],[118.5709713,40.4967193],[118.569667,40.4966706],[118.5683627,40.4967193],[118.567071,40.496865],[118.5658043,40.4971063],[118.5645748,40.4974408],[118.5633943,40.4978653],[118.5622743,40.4983757],[118.5612254,40.4989672],[118.5602578,40.4996339],[118.5593809,40.5003696],[118.558603,40.5011671],[118.5579317,40.5020187],[118.5573733,40.5029163],[118.5569334,40.5038511],[118.5566161,40.5048142],[118.5564245,40.5057963],[118.5563604,40.506788],[118.5564245,40.5077797],[118.5566161,40.5087618],[118.5569334,40.5097249],[118.5573733,40.5106597],[118.5579317,40.5115573],[118.558603,40.5124089],[118.5593809,40.5132064],[118.5602578,40.5139421],[118.5612254,40.5146088],[118.5622743,40.5152003],[118.5633943,40.5157107],[118.5645748,40.5161352],[118.5658043,40.5164697],[118.567071,40.516711],[118.5683627,40.5168567],[118.569667,40.5169054]]]},"properties":{"name":"855无名峰","peak_elev":855,"eq_radius":1125,"layer":"等效突出半径","rank_pct":0.6063,"center_lon":118.569667,"center_lat":40.506788,"max_mean_jut":104.6001,"max_ats":64.7897,"r_prominence":1125,"r_base":1500}},{"type":"Feature","geometry":{"type":"Polygon","coordinates":[[[119.095993,40.9230334],[119.0973053,40.9229847],[119.0986049,40.922839],[119.0998794,40.9225977],[119.1011164,40.9222632],[119.1023041,40.9218387],[119.103431,40.9213283],[119.1044863,40.9207368],[119.1054598,40.9200701],[119.1063421,40.9193344],[119.1071247,40.9185369],[119.1078002,40.9176853],[119.1083619,40.9167877],[119.1088045,40.9158529],[119.1091238,40.9148898],[119.1093165,40.9139077],[119.109381,40.912916],[119.1093165,40.9119243],[119.1091238,40.9109422],[119.1088045,40.9099791],[119.1083619,40.9090443],[119.1078002,40.9081467],[119.1071247,40.9072951],[119.1063421,40.9064976],[119.1054598,40.9057619],[119.1044863,40.9050952],[119.103431,40.9045037],[119.1023041,40.9039933],[119.1011164,40.9035688],[119.0998794,40.9032343],[119.0986049,40.902993],[119.0973053,40.9028473],[119.095993,40.9027986],[119.0946808,40.9028473],[119.0933812,40.902993],[119.0921067,40.9032343],[119.0908697,40.9035688],[119.089682,40.9039933],[119.0885551,40.9045037],[119.0874998,40.9050952],[119.0865263,40.9057619],[119.085644,40.9064976],[119.0848614,40.9072951],[119.0841859,40.9081467],[119.0836242,40.9090443],[119.0831816,40.9099791],[119.0828623,40.9109422],[119.0826695,40.9119243],[119.0826051,40.912916],[119.0826695,40.9139077],[119.0828623,40.9148898],[119.0831816,40.9158529],[119.0836242,40.9167877],[119.0841859,40.9176853],[119.0848614,40.9185369],[119.085644,40.9193344],[119.0865263,40.9200701],[119.0874998,40.9207368],[119.0885551,40.9213283],[119.089682,40.9218387],[119.0908697,40.9222632],[119.0921067,40.9225977],[119.0933812,40.922839],[119.0946808,40.9229847],[119.095993,40.9230334]]]},"properties":{"name":"859无名峰","peak_elev":859,"eq_radius":1125,"layer":"等效突出半径","rank_pct":0.6063,"center_lon":119.0959930419922,"center_lat":40.912916,"max_mean_jut":97.3026,"max_ats":62.8968,"r_prominence":1125,"r_base":1250}},{"type":"Feature","geometry":{"type":"Polygon","coordinates":[[[118.174723,40.9739684],[118.1760363,40.9739197],[118.1773369,40.973774],[118.1786123,40.9735327],[118.1798503,40.9731982],[118.1810389,40.9727737],[118.1821667,40.9722633],[118.1832228,40.9716718],[118.184197,40.9710051],[118.18508,40.9702694],[118.1858633,40.9694719],[118.1865392,40.9686203],[118.1871014,40.9677227],[118.1875444,40.9667879],[118.1878639,40.9658248],[118.1880568,40.9648427],[118.1881213,40.963851],[118.1880568,40.9628593],[118.1878639,40.9618772],[118.1875444,40.9609141],[118.1871014,40.9599793],[118.1865392,40.9590817],[118.1858633,40.9582301],[118.18508,40.9574326],[118.184197,40.9566969],[118.1832228,40.9560302],[118.1821667,40.9554387],[118.1810389,40.9549283],[118.1798503,40.9545038],[118.1786123,40.9541693],[118.1773369,40.953928],[118.1760363,40.9537823],[118.174723,40.9537336],[118.1734097,40.9537823],[118.1721091,40.953928],[118.1708337,40.9541693],[118.1695957,40.9545038],[118.1684071,40.9549283],[118.1672793,40.9554387],[118.1662232,40.9560302],[118.165249,40.9566969],[118.164366,40.9574326],[118.1635827,40.9582301],[118.1629068,40.9590817],[118.1623446,40.9599793],[118.1619016,40.9609141],[118.1615821,40.9618772],[118.1613892,40.9628593],[118.1613247,40.963851],[118.1613892,40.9648427],[118.1615821,40.9658248],[118.1619016,40.9667879],[118.1623446,40.9677227],[118.1629068,40.9686203],[118.1635827,40.9694719],[118.164366,40.9702694],[118.165249,40.9710051],[118.1662232,40.9716718],[118.1672793,40.9722633],[118.1684071,40.9727737],[118.1695957,40.9731982],[118.1708337,40.9735327],[118.1721091,40.973774],[118.1734097,40.9739197],[118.174723,40.9739684]]]},"properties":{"name":"976无名峰(1)","peak_elev":976,"eq_radius":1125,"layer":"等效突出半径","rank_pct":0.6063,"center_lon":118.174723,"center_lat":40.963851,"max_mean_jut":128.1157,"max_ats":86.0655,"r_prominence":1125,"r_base":1875}},{"type":"Feature","geometry":{"type":"Polygon","coordinates":[[[119.567606,40.382428],[119.5689077,40.3823793],[119.5701968,40.3822336],[119.571461,40.3819924],[119.572688,40.3816579],[119.5738661,40.3812334],[119.574984,40.3807229],[119.5760307,40.3801315],[119.5769964,40.3794647],[119.5778716,40.378729],[119.5786479,40.3779315],[119.5793179,40.3770799],[119.5798751,40.3761824],[119.5803141,40.3752476],[119.5806308,40.3742844],[119.580822,40.3733023],[119.580886,40.3723106],[119.580822,40.371319],[119.5806308,40.3703368],[119.5803141,40.3693737],[119.5798751,40.3684389],[119.5793179,40.3675413],[119.5786479,40.3666897],[119.5778716,40.3658922],[119.5769964,40.3651566],[119.5760307,40.3644898],[119.574984,40.3638984],[119.5738661,40.3633879],[119.572688,40.3629634],[119.571461,40.3626289],[119.5701968,40.3623877],[119.5689077,40.362242],[119.567606,40.3621933],[119.5663043,40.362242],[119.5650152,40.3623877],[119.563751,40.3626289],[119.562524,40.3629634],[119.5613459,40.3633879],[119.560228,40.3638984],[119.5591813,40.3644898],[119.5582156,40.3651566],[119.5573404,40.3658922],[119.5565641,40.3666897],[119.5558941,40.3675413],[119.5553369,40.3684389],[119.5548979,40.3693737],[119.5545812,40.3703368],[119.55439,40.371319],[119.554326,40.3723106],[119.55439,40.3733023],[119.5545812,40.3742844],[119.5548979,40.3752476],[119.5553369,40.3761824],[119.5558941,40.3770799],[119.5565641,40.3779315],[119.5573404,40.378729],[119.5582156,40.3794647],[119.5591813,40.3801315],[119.560228,40.3807229],[119.5613459,40.3812334],[119.562524,40.3816579],[119.563751,40.3819924],[119.5650152,40.3822336],[119.5663043,40.3823793],[119.567606,40.382428]]]},"properties":{"name":"锥山985","peak_elev":985,"eq_radius":1125,"layer":"等效突出半径","rank_pct":0.6063,"center_lon":119.567606,"center_lat":40.37231063842773,"max_mean_jut":129.9463,"max_ats":89.2952,"r_prominence":1125,"r_base":1375}},{"type":"Feature","geometry":{"type":"Polygon","coordinates":[[[118.989001,40.8020304],[118.9903109,40.8019817],[118.9916081,40.801836],[118.9928802,40.8015947],[118.994115,40.8012602],[118.9953005,40.8008357],[118.9964254,40.8003253],[118.9974787,40.7997338],[118.9984505,40.7990671],[118.9993312,40.7983314],[119.0001124,40.7975339],[119.0007866,40.7966823],[119.0013473,40.7957847],[119.0017891,40.7948499],[119.0021078,40.7938868],[119.0023002,40.7929047],[119.0023645,40.791913],[119.0023002,40.7909213],[119.0021078,40.7899392],[119.0017891,40.7889761],[119.0013473,40.7880413],[119.0007866,40.7871437],[119.0001124,40.7862921],[118.9993312,40.7854946],[118.9984505,40.7847589],[118.9974787,40.7840922],[118.9964254,40.7835007],[118.9953005,40.7829903],[118.994115,40.7825658],[118.9928802,40.7822313],[118.9916081,40.78199],[118.9903109,40.7818443],[118.989001,40.7817956],[118.9876911,40.7818443],[118.9863939,40.78199],[118.9851218,40.7822313],[118.983887,40.7825658],[118.9827015,40.7829903],[118.9815766,40.7835007],[118.9805233,40.7840922],[118.9795515,40.7847589],[118.9786708,40.7854946],[118.9778896,40.7862921],[118.9772154,40.7871437],[118.9766547,40.7880413],[118.9762129,40.7889761],[118.9758942,40.7899392],[118.9757018,40.7909213],[118.9756375,40.791913],[118.9757018,40.7929047],[118.9758942,40.7938868],[118.9762129,40.7948499],[118.9766547,40.7957847],[118.9772154,40.7966823],[118.9778896,40.7975339],[118.9786708,40.7983314],[118.9795515,40.7990671],[118.9805233,40.7997338],[118.9815766,40.8003253],[118.9827015,40.8008357],[118.983887,40.8012602],[118.9851218,40.8015947],[118.9863939,40.801836],[118.9876911,40.8019817],[118.989001,40.8020304]]]},"properties":{"name":"小窑沟梁尖989","peak_elev":989,"eq_radius":1125,"layer":"等效突出半径","rank_pct":0.6063,"center_lon":118.989001,"center_lat":40.791913,"max_mean_jut":123.9263,"max_ats":75.6532,"r_prominence":1125,"r_base":1250}},{"type":"Feature","geometry":{"type":"Polygon","coordinates":[[[119.958104,40.3368824],[119.9594048,40.3368337],[119.960693,40.336688],[119.9619564,40.3364467],[119.9631826,40.3361122],[119.9643599,40.3356877],[119.965477,40.3351773],[119.966523,40.3345858],[119.967488,40.3339191],[119.9683626,40.3331834],[119.9691384,40.3323859],[119.969808,40.3315343],[119.9703648,40.3306367],[119.9708036,40.3297019],[119.97112,40.3287388],[119.9713111,40.3277567],[119.971375,40.326765],[119.9713111,40.3257733],[119.97112,40.3247912],[119.9708036,40.3238281],[119.9703648,40.3228933],[119.969808,40.3219957],[119.9691384,40.3211441],[119.9683626,40.3203466],[119.967488,40.3196109],[119.966523,40.3189442],[119.965477,40.3183527],[119.9643599,40.3178423],[119.9631826,40.3174178],[119.9619564,40.3170833],[119.960693,40.316842],[119.9594048,40.3166963],[119.958104,40.3166476],[119.9568032,40.3166963],[119.955515,40.316842],[119.9542516,40.3170833],[119.9530254,40.3174178],[119.9518481,40.3178423],[119.950731,40.3183527],[119.949685,40.3189442],[119.94872,40.3196109],[119.9478454,40.3203466],[119.9470696,40.3211441],[119.9464,40.3219957],[119.9458432,40.3228933],[119.9454044,40.3238281],[119.945088,40.3247912],[119.9448969,40.3257733],[119.944833,40.326765],[119.9448969,40.3277567],[119.945088,40.3287388],[119.9454044,40.3297019],[119.9458432,40.3306367],[119.9464,40.3315343],[119.9470696,40.3323859],[119.9478454,40.3331834],[119.94872,40.3339191],[119.949685,40.3345858],[119.950731,40.3351773],[119.9518481,40.3356877],[119.9530254,40.3361122],[119.9542516,40.3364467],[119.955515,40.336688],[119.9568032,40.3368337],[119.958104,40.3368824]]]},"properties":{"name":"大谷山658","peak_elev":643,"eq_radius":1125,"layer":"等效突出半径","rank_pct":0.6063,"center_lon":119.958104,"center_lat":40.326765,"max_mean_jut":142.674,"max_ats":100.6996,"r_prominence":1125,"r_base":1750}},{"type":"Feature","geometry":{"type":"Polygon","coordinates":[[[119.966727,41.1052124],[119.9680429,41.1051637],[119.9693461,41.105018],[119.9706241,41.1047767],[119.9718645,41.1044422],[119.9730555,41.1040177],[119.9741855,41.1035073],[119.9752438,41.1029158],[119.9762199,41.1022491],[119.9771047,41.1015134],[119.9778895,41.1007159],[119.9785668,41.0998643],[119.9791301,41.0989667],[119.979574,41.0980319],[119.9798941,41.0970688],[119.9800874,41.0960867],[119.980152,41.095095],[119.9800874,41.0941033],[119.9798941,41.0931212],[119.979574,41.0921581],[119.9791301,41.0912233],[119.9785668,41.0903257],[119.9778895,41.0894741],[119.9771047,41.0886766],[119.9762199,41.0879409],[119.9752438,41.0872742],[119.9741855,41.0866827],[119.9730555,41.0861723],[119.9718645,41.0857478],[119.9706241,41.0854133],[119.9693461,41.085172],[119.9680429,41.0850263],[119.966727,41.0849776],[119.9654111,41.0850263],[119.9641079,41.085172],[119.9628299,41.0854133],[119.9615895,41.0857478],[119.9603985,41.0861723],[119.9592685,41.0866827],[119.9582102,41.0872742],[119.9572341,41.0879409],[119.9563493,41.0886766],[119.9555645,41.0894741],[119.9548872,41.0903257],[119.9543239,41.0912233],[119.95388,41.0921581],[119.9535599,41.0931212],[119.9533666,41.0941033],[119.953302,41.095095],[119.9533666,41.0960867],[119.9535599,41.0970688],[119.95388,41.0980319],[119.9543239,41.0989667],[119.9548872,41.0998643],[119.9555645,41.1007159],[119.9563493,41.1015134],[119.9572341,41.1022491],[119.9582102,41.1029158],[119.9592685,41.1035073],[119.9603985,41.1040177],[119.9615895,41.1044422],[119.9628299,41.1047767],[119.9641079,41.105018],[119.9654111,41.1051637],[119.966727,41.1052124]]]},"properties":{"name":"楼子山1091","peak_elev":1088,"eq_radius":1125,"layer":"等效突出半径","rank_pct":0.6063,"center_lon":119.966727,"center_lat":41.095095,"max_mean_jut":104.8917,"max_ats":67.1295,"r_prominence":1125,"r_base":1500}},{"type":"Feature","geometry":{"type":"Polygon","coordinates":[[[118.348682,40.7192954],[118.3499902,40.7192467],[118.3512859,40.719101],[118.3525564,40.7188597],[118.3537896,40.7185252],[118.3549737,40.7181007],[118.3560972,40.7175903],[118.3571492,40.7169988],[118.3581197,40.7163321],[118.3589993,40.7155964],[118.3597796,40.7147989],[118.3604529,40.7139473],[118.361013,40.7130497],[118.3614542,40.7121149],[118.3617725,40.7111518],[118.3619647,40.7101697],[118.3620289,40.709178],[118.3619647,40.7081863],[118.3617725,40.7072042],[118.3614542,40.7062411],[118.361013,40.7053063],[118.3604529,40.7044087],[118.3597796,40.7035571],[118.3589993,40.7027596],[118.3581197,40.7020239],[118.3571492,40.7013572],[118.3560972,40.7007657],[118.3549737,40.7002553],[118.3537896,40.6998308],[118.3525564,40.6994963],[118.3512859,40.699255],[118.3499902,40.6991093],[118.348682,40.6990606],[118.3473738,40.6991093],[118.3460781,40.699255],[118.3448076,40.6994963],[118.3435744,40.6998308],[118.3423903,40.7002553],[118.3412668,40.7007657],[118.3402148,40.7013572],[118.3392443,40.7020239],[118.3383647,40.7027596],[118.3375844,40.7035571],[118.3369111,40.7044087],[118.336351,40.7053063],[118.3359098,40.7062411],[118.3355915,40.7072042],[118.3353993,40.7081863],[118.3353351,40.709178],[118.3353993,40.7101697],[118.3355915,40.7111518],[118.3359098,40.7121149],[118.336351,40.7130497],[118.3369111,40.7139473],[118.3375844,40.7147989],[118.3383647,40.7155964],[118.3392443,40.7163321],[118.3402148,40.7169988],[118.3412668,40.7175903],[118.3423903,40.7181007],[118.3435744,40.7185252],[118.3448076,40.7188597],[118.3460781,40.719101],[118.3473738,40.7192467],[118.348682,40.7192954]]]},"properties":{"name":"猴头子山1007","peak_elev":1048,"eq_radius":1125,"layer":"等效突出半径","rank_pct":0.6063,"center_lon":118.348682,"center_lat":40.709178,"max_mean_jut":179.5263,"max_ats":111.3498,"r_prominence":1125,"r_base":1375}},{"type":"Feature","geometry":{"type":"Polygon","coordinates":[[[118.755619,40.2924164],[118.7569189,40.2923677],[118.7582063,40.292222],[118.7594688,40.2919807],[118.7606943,40.2916462],[118.7618708,40.2912217],[118.7629871,40.2907113],[118.7640325,40.2901198],[118.7649968,40.2894531],[118.7658709,40.2887174],[118.7666462,40.2879199],[118.7673153,40.2870683],[118.7678717,40.2861707],[118.7683102,40.2852359],[118.7686264,40.2842728],[118.7688174,40.2832907],[118.7688813,40.282299],[118.7688174,40.2813073],[118.7686264,40.2803252],[118.7683102,40.2793621],[118.7678717,40.2784273],[118.7673153,40.2775297],[118.7666462,40.2766781],[118.7658709,40.2758806],[118.7649968,40.2751449],[118.7640325,40.2744782],[118.7629871,40.2738867],[118.7618708,40.2733763],[118.7606943,40.2729518],[118.7594688,40.2726173],[118.7582063,40.272376],[118.7569189,40.2722303],[118.755619,40.2721816],[118.7543191,40.2722303],[118.7530317,40.272376],[118.7517692,40.2726173],[118.7505437,40.2729518],[118.7493672,40.2733763],[118.7482509,40.2738867],[118.7472055,40.2744782],[118.7462412,40.2751449],[118.7453671,40.2758806],[118.7445918,40.2766781],[118.7439227,40.2775297],[118.7433663,40.2784273],[118.7429278,40.2793621],[118.7426116,40.2803252],[118.7424206,40.2813073],[118.7423567,40.282299],[118.7424206,40.2832907],[118.7426116,40.2842728],[118.7429278,40.2852359],[118.7433663,40.2861707],[118.7439227,40.2870683],[118.7445918,40.2879199],[118.7453671,40.2887174],[118.7462412,40.2894531],[118.7472055,40.2901198],[118.7482509,40.2907113],[118.7493672,40.2912217],[118.7505437,40.2916462],[118.7517692,40.2919807],[118.7530317,40.292222],[118.7543191,40.2923677],[118.755619,40.2924164]]]},"properties":{"name":"锥子山北帽/马山雨854","peak_elev":853,"eq_radius":1125,"layer":"等效突出半径","rank_pct":0.6063,"center_lon":118.755619,"center_lat":40.282299,"max_mean_jut":110.6043,"max_ats":63.9328,"r_prominence":1125,"r_base":2000}},{"type":"Feature","geometry":{"type":"Polygon","coordinates":[[[119.461694,40.1495381],[119.4628471,40.1494948],[119.4639891,40.1493653],[119.4651089,40.1491509],[119.4661959,40.1488535],[119.4672395,40.1484762],[119.4682298,40.1480225],[119.469157,40.1474967],[119.4700124,40.1469041],[119.4707877,40.1462501],[119.4714755,40.1455413],[119.472069,40.1447843],[119.4725626,40.1439864],[119.4729515,40.1431555],[119.473232,40.1422994],[119.4734014,40.1414264],[119.4734581,40.1405449],[119.4734014,40.1396634],[119.473232,40.1387904],[119.4729515,40.1379343],[119.4725626,40.1371033],[119.472069,40.1363055],[119.4714755,40.1355485],[119.4707877,40.1348397],[119.4700124,40.1341857],[119.469157,40.133593],[119.4682298,40.1330673],[119.4672395,40.1326136],[119.4661959,40.1322362],[119.4651089,40.1319389],[119.4639891,40.1317245],[119.4628471,40.131595],[119.461694,40.1315517],[119.4605409,40.131595],[119.4593989,40.1317245],[119.4582791,40.1319389],[119.4571921,40.1322362],[119.4561485,40.1326136],[119.4551582,40.1330673],[119.454231,40.133593],[119.4533756,40.1341857],[119.4526003,40.1348397],[119.4519125,40.1355485],[119.451319,40.1363055],[119.4508254,40.1371033],[119.4504365,40.1379343],[119.450156,40.1387904],[119.4499866,40.1396634],[119.4499299,40.1405449],[119.4499866,40.1414264],[119.450156,40.1422994],[119.4504365,40.1431555],[119.4508254,40.1439864],[119.451319,40.1447843],[119.4519125,40.1455413],[119.4526003,40.1462501],[119.4533756,40.1469041],[119.454231,40.1474967],[119.4551582,40.1480225],[119.4561485,40.1484762],[119.4571921,40.1488535],[119.4582791,40.1491509],[119.4593989,40.1493653],[119.4605409,40.1494948],[119.461694,40.1495381]]]},"properties":{"name":"1018无名峰","peak_elev":1018,"eq_radius":1000,"layer":"等效突出半径","rank_pct":0.6732,"center_lon":119.461694,"center_lat":40.14054489135742,"max_mean_jut":173.5076,"max_ats":93.5722,"r_prominence":1000,"r_base":1000}},{"type":"Feature","geometry":{"type":"Polygon","coordinates":[[[118.8828201,40.7841969],[118.8839842,40.7841536],[118.885137,40.7840241],[118.8862675,40.7838097],[118.8873648,40.7835124],[118.8884183,40.783135],[118.8894179,40.7826813],[118.890354,40.7821556],[118.8912175,40.7815629],[118.8920002,40.7809089],[118.8926944,40.7802001],[118.8932936,40.7794431],[118.8937919,40.7786453],[118.8941845,40.7778143],[118.8944677,40.7769582],[118.8946387,40.7760852],[118.8946958,40.7752037],[118.8946387,40.7743222],[118.8944677,40.7734492],[118.8941845,40.7725931],[118.8937919,40.7717622],[118.8932936,40.7709643],[118.8926944,40.7702073],[118.8920002,40.7694985],[118.8912175,40.7688445],[118.890354,40.7682519],[118.8894179,40.7677261],[118.8884183,40.7672724],[118.8873648,40.7668951],[118.8862675,40.7665977],[118.885137,40.7663833],[118.8839842,40.7662538],[118.8828201,40.7662105],[118.8816561,40.7662538],[118.8805033,40.7663833],[118.8793728,40.7665977],[118.8782755,40.7668951],[118.877222,40.7672724],[118.8762223,40.7677261],[118.8752863,40.7682519],[118.8744227,40.7688445],[118.8736401,40.7694985],[118.8729458,40.7702073],[118.8723467,40.7709643],[118.8718484,40.7717622],[118.8714558,40.7725931],[118.8711726,40.7734492],[118.8710016,40.7743222],[118.8709444,40.7752037],[118.8710016,40.7760852],[118.8711726,40.7769582],[118.8714558,40.7778143],[118.8718484,40.7786453],[118.8723467,40.7794431],[118.8729458,40.7802001],[118.8736401,40.7809089],[118.8744227,40.7815629],[118.8752863,40.7821556],[118.8762223,40.7826813],[118.877222,40.783135],[118.8782755,40.7835124],[118.8793728,40.7838097],[118.8805033,40.7840241],[118.8816561,40.7841536],[118.8828201,40.7841969]]]},"properties":{"name":"1062无名峰","peak_elev":1062,"eq_radius":1000,"layer":"等效突出半径","rank_pct":0.6732,"center_lon":118.88282012939452,"center_lat":40.775203704833984,"max_mean_jut":67.4234,"max_ats":37.8238,"r_prominence":1000,"r_base":1125}},{"type":"Feature","geometry":{"type":"Polygon","coordinates":[[[118.203963,40.7230222],[118.205126,40.7229789],[118.2062777,40.7228494],[118.2074072,40.722635],[118.2085035,40.7223376],[118.209556,40.7219603],[118.2105547,40.7215066],[118.2114899,40.7209809],[118.2123527,40.7203882],[118.2131346,40.7197342],[118.2138282,40.7190254],[118.2144268,40.7182684],[118.2149246,40.7174706],[118.2153169,40.7166396],[118.2155998,40.7157835],[118.2157707,40.7149105],[118.2158278,40.714029],[118.2157707,40.7131475],[118.2155998,40.7122745],[118.2153169,40.7114184],[118.2149246,40.7105874],[118.2144268,40.7097896],[118.2138282,40.7090326],[118.2131346,40.7083238],[118.2123527,40.7076698],[118.2114899,40.7070771],[118.2105547,40.7065514],[118.209556,40.7060977],[118.2085035,40.7057204],[118.2074072,40.705423],[118.2062777,40.7052086],[118.205126,40.7050791],[118.203963,40.7050358],[118.2028,40.7050791],[118.2016483,40.7052086],[118.2005188,40.705423],[118.1994225,40.7057204],[118.19837,40.7060977],[118.1973713,40.7065514],[118.1964361,40.7070771],[118.1955733,40.7076698],[118.1947914,40.7083238],[118.1940978,40.7090326],[118.1934992,40.7097896],[118.1930014,40.7105874],[118.1926091,40.7114184],[118.1923262,40.7122745],[118.1921553,40.7131475],[118.1920982,40.714029],[118.1921553,40.7149105],[118.1923262,40.7157835],[118.1926091,40.7166396],[118.1930014,40.7174706],[118.1934992,40.7182684],[118.1940978,40.7190254],[118.1947914,40.7197342],[118.1955733,40.7203882],[118.1964361,40.7209809],[118.1973713,40.7215066],[118.19837,40.7219603],[118.1994225,40.7223376],[118.2005188,40.722635],[118.2016483,40.7228494],[118.2028,40.7229789],[118.203963,40.7230222]]]},"properties":{"name":"1146无名峰","peak_elev":1146,"eq_radius":1000,"layer":"等效突出半径","rank_pct":0.6732,"center_lon":118.203963,"center_lat":40.714029,"max_mean_jut":176.1208,"max_ats":97.0895,"r_prominence":1000,"r_base":1750}},{"type":"Feature","geometry":{"type":"Polygon","coordinates":[[[119.099763,40.1993942],[119.1009169,40.1993509],[119.1020597,40.1992214],[119.1031804,40.199007],[119.1042682,40.1987096],[119.1053126,40.1983323],[119.1063036,40.1978786],[119.1072315,40.1973529],[119.1080876,40.1967602],[119.1088634,40.1961062],[119.1095516,40.1953974],[119.1101456,40.1946404],[119.1106396,40.1938426],[119.1110288,40.1930116],[119.1113095,40.1921555],[119.111479,40.1912825],[119.1115357,40.190401],[119.111479,40.1895195],[119.1113095,40.1886465],[119.1110288,40.1877904],[119.1106396,40.1869594],[119.1101456,40.1861616],[119.1095516,40.1854046],[119.1088634,40.1846958],[119.1080876,40.1840418],[119.1072315,40.1834491],[119.1063036,40.1829234],[119.1053126,40.1824697],[119.1042682,40.1820924],[119.1031804,40.181795],[119.1020597,40.1815806],[119.1009169,40.1814511],[119.099763,40.1814078],[119.0986091,40.1814511],[119.0974663,40.1815806],[119.0963456,40.181795],[119.0952578,40.1820924],[119.0942134,40.1824697],[119.0932224,40.1829234],[119.0922945,40.1834491],[119.0914384,40.1840418],[119.0906626,40.1846958],[119.0899744,40.1854046],[119.0893804,40.1861616],[119.0888864,40.1869594],[119.0884972,40.1877904],[119.0882165,40.1886465],[119.088047,40.1895195],[119.0879903,40.190401],[119.088047,40.1912825],[119.0882165,40.1921555],[119.0884972,40.1930116],[119.0888864,40.1938426],[119.0893804,40.1946404],[119.0899744,40.1953974],[119.0906626,40.1961062],[119.0914384,40.1967602],[119.0922945,40.1973529],[119.0932224,40.1978786],[119.0942134,40.1983323],[119.0952578,40.1987096],[119.0963456,40.199007],[119.0974663,40.1992214],[119.0986091,40.1993509],[119.099763,40.1993942]]]},"properties":{"name":"影午山566","peak_elev":566,"eq_radius":1000,"layer":"等效突出半径","rank_pct":0.6732,"center_lon":119.099763,"center_lat":40.190401,"max_mean_jut":136.9736,"max_ats":98.2589,"r_prominence":1000,"r_base":1125}},{"type":"Feature","geometry":{"type":"Polygon","coordinates":[[[118.169468,40.5909702],[118.1706287,40.5909269],[118.1717781,40.5907974],[118.1729054,40.590583],[118.1739995,40.5902856],[118.17505,40.5899083],[118.1760467,40.5894546],[118.1769801,40.5889289],[118.1778411,40.5883362],[118.1786215,40.5876822],[118.1793137,40.5869734],[118.1799111,40.5862164],[118.180408,40.5854186],[118.1807995,40.5845876],[118.1810818,40.5837315],[118.1812523,40.5828585],[118.1813093,40.581977],[118.1812523,40.5810955],[118.1810818,40.5802225],[118.1807995,40.5793664],[118.180408,40.5785354],[118.1799111,40.5777376],[118.1793137,40.5769806],[118.1786215,40.5762718],[118.1778411,40.5756178],[118.1769801,40.5750251],[118.1760467,40.5744994],[118.17505,40.5740457],[118.1739995,40.5736684],[118.1729054,40.573371],[118.1717781,40.5731566],[118.1706287,40.5730271],[118.169468,40.5729838],[118.1683073,40.5730271],[118.1671579,40.5731566],[118.1660306,40.573371],[118.1649365,40.5736684],[118.163886,40.5740457],[118.1628893,40.5744994],[118.1619559,40.5750251],[118.1610949,40.5756178],[118.1603145,40.5762718],[118.1596223,40.5769806],[118.1590249,40.5777376],[118.158528,40.5785354],[118.1581365,40.5793664],[118.1578542,40.5802225],[118.1576837,40.5810955],[118.1576267,40.581977],[118.1576837,40.5828585],[118.1578542,40.5837315],[118.1581365,40.5845876],[118.158528,40.5854186],[118.1590249,40.5862164],[118.1596223,40.5869734],[118.1603145,40.5876822],[118.1610949,40.5883362],[118.1619559,40.5889289],[118.1628893,40.5894546],[118.163886,40.5899083],[118.1649365,40.5902856],[118.1660306,40.590583],[118.1671579,40.5907974],[118.1683073,40.5909269],[118.169468,40.5909702]]]},"properties":{"name":"河口西山624","peak_elev":624,"eq_radius":1000,"layer":"等效突出半径","rank_pct":0.6732,"center_lon":118.169468,"center_lat":40.581977,"max_mean_jut":128.2964,"max_ats":94.1645,"r_prominence":1000,"r_base":1125}},{"type":"Feature","geometry":{"type":"Polygon","coordinates":[[[118.072989,40.3939692],[118.0741463,40.3939259],[118.0752924,40.3937964],[118.0764163,40.393582],[118.0775072,40.3932846],[118.0785546,40.3929073],[118.0795484,40.3924536],[118.0804791,40.3919279],[118.0813376,40.3913352],[118.0821157,40.3906812],[118.0828059,40.3899724],[118.0834015,40.3892154],[118.0838969,40.3884176],[118.0842873,40.3875866],[118.0845688,40.3867305],[118.0847388,40.3858575],[118.0847956,40.384976],[118.0847388,40.3840945],[118.0845688,40.3832215],[118.0842873,40.3823654],[118.0838969,40.3815344],[118.0834015,40.3807366],[118.0828059,40.3799796],[118.0821157,40.3792708],[118.0813376,40.3786168],[118.0804791,40.3780241],[118.0795484,40.3774984],[118.0785546,40.3770447],[118.0775072,40.3766674],[118.0764163,40.37637],[118.0752924,40.3761556],[118.0741463,40.3760261],[118.072989,40.3759828],[118.0718317,40.3760261],[118.0706856,40.3761556],[118.0695617,40.37637],[118.0684708,40.3766674],[118.0674234,40.3770447],[118.0664296,40.3774984],[118.0654989,40.3780241],[118.0646404,40.3786168],[118.0638623,40.3792708],[118.0631721,40.3799796],[118.0625765,40.3807366],[118.0620811,40.3815344],[118.0616907,40.3823654],[118.0614092,40.3832215],[118.0612392,40.3840945],[118.0611824,40.384976],[118.0612392,40.3858575],[118.0614092,40.3867305],[118.0616907,40.3875866],[118.0620811,40.3884176],[118.0625765,40.3892154],[118.0631721,40.3899724],[118.0638623,40.3906812],[118.0646404,40.3913352],[118.0654989,40.3919279],[118.0664296,40.3924536],[118.0674234,40.3929073],[118.0684708,40.3932846],[118.0695617,40.393582],[118.0706856,40.3937964],[118.0718317,40.3939259],[118.072989,40.3939692]]]},"properties":{"name":"630无名峰","peak_elev":630,"eq_radius":1000,"layer":"等效突出半径","rank_pct":0.6732,"center_lon":118.072989,"center_lat":40.384976,"max_mean_jut":114.0875,"max_ats":80.0157,"r_prominence":1000,"r_base":1500}},{"type":"Feature","geometry":{"type":"Polygon","coordinates":[[[118.013161,40.3718712],[118.0143179,40.3718279],[118.0154636,40.3716984],[118.0165872,40.371484],[118.0176777,40.3711866],[118.0187248,40.3708093],[118.0197183,40.3703556],[118.0206486,40.3698299],[118.0215068,40.3692372],[118.0222847,40.3685832],[118.0229746,40.3678744],[118.0235701,40.3671174],[118.0240653,40.3663196],[118.0244555,40.3654886],[118.024737,40.3646325],[118.0249069,40.3637595],[118.0249638,40.362878],[118.0249069,40.3619965],[118.024737,40.3611235],[118.0244555,40.3602674],[118.0240653,40.3594364],[118.0235701,40.3586386],[118.0229746,40.3578816],[118.0222847,40.3571728],[118.0215068,40.3565188],[118.0206486,40.3559261],[118.0197183,40.3554004],[118.0187248,40.3549467],[118.0176777,40.3545694],[118.0165872,40.354272],[118.0154636,40.3540576],[118.0143179,40.3539281],[118.013161,40.3538848],[118.0120041,40.3539281],[118.0108584,40.3540576],[118.0097348,40.354272],[118.0086443,40.3545694],[118.0075972,40.3549467],[118.0066037,40.3554004],[118.0056734,40.3559261],[118.0048152,40.3565188],[118.0040373,40.3571728],[118.0033474,40.3578816],[118.0027519,40.3586386],[118.0022567,40.3594364],[118.0018665,40.3602674],[118.001585,40.3611235],[118.0014151,40.3619965],[118.0013582,40.362878],[118.0014151,40.3637595],[118.001585,40.3646325],[118.0018665,40.3654886],[118.0022567,40.3663196],[118.0027519,40.3671174],[118.0033474,40.3678744],[118.0040373,40.3685832],[118.0048152,40.3692372],[118.0056734,40.3698299],[118.0066037,40.3703556],[118.0075972,40.3708093],[118.0086443,40.3711866],[118.0097348,40.371484],[118.0108584,40.3716984],[118.0120041,40.3718279],[118.013161,40.3718712]]]},"properties":{"name":"665无名峰(1)","peak_elev":665,"eq_radius":1000,"layer":"等效突出半径","rank_pct":0.6732,"center_lon":118.013161,"center_lat":40.362878,"max_mean_jut":121.2064,"max_ats":81.263,"r_prominence":1000,"r_base":1125}},{"type":"Feature","geometry":{"type":"Polygon","coordinates":[[[118.183751,40.6834072],[118.1849133,40.6833639],[118.1860643,40.6832344],[118.1871931,40.68302],[118.1882888,40.6827226],[118.1893407,40.6823453],[118.1903388,40.6818916],[118.1912735,40.6813659],[118.1921357,40.6807732],[118.1929172,40.6801192],[118.1936104,40.6794104],[118.1942086,40.6786534],[118.1947061,40.6778556],[118.1950982,40.6770246],[118.1953809,40.6761685],[118.1955516,40.6752955],[118.1956087,40.674414],[118.1955516,40.6735325],[118.1953809,40.6726595],[118.1950982,40.6718034],[118.1947061,40.6709724],[118.1942086,40.6701746],[118.1936104,40.6694176],[118.1929172,40.6687088],[118.1921357,40.6680548],[118.1912735,40.6674621],[118.1903388,40.6669364],[118.1893407,40.6664827],[118.1882888,40.6661054],[118.1871931,40.665808],[118.1860643,40.6655936],[118.1849133,40.6654641],[118.183751,40.6654208],[118.1825887,40.6654641],[118.1814377,40.6655936],[118.1803089,40.665808],[118.1792132,40.6661054],[118.1781613,40.6664827],[118.1771632,40.6669364],[118.1762285,40.6674621],[118.1753663,40.6680548],[118.1745848,40.6687088],[118.1738916,40.6694176],[118.1732934,40.6701746],[118.1727959,40.6709724],[118.1724038,40.6718034],[118.1721211,40.6726595],[118.1719504,40.6735325],[118.1718933,40.674414],[118.1719504,40.6752955],[118.1721211,40.6761685],[118.1724038,40.6770246],[118.1727959,40.6778556],[118.1732934,40.6786534],[118.1738916,40.6794104],[118.1745848,40.6801192],[118.1753663,40.6807732],[118.1762285,40.6813659],[118.1771632,40.6818916],[118.1781613,40.6823453],[118.1792132,40.6827226],[118.1803089,40.68302],[118.1814377,40.6832344],[118.1825887,40.6833639],[118.183751,40.6834072]]]},"properties":{"name":"大老头子沟山顶673","peak_elev":673,"eq_radius":1000,"layer":"等效突出半径","rank_pct":0.6732,"center_lon":118.183751,"center_lat":40.674414,"max_mean_jut":111.0868,"max_ats":71.7867,"r_prominence":1000,"r_base":1250}},{"type":"Feature","geometry":{"type":"Polygon","coordinates":[[[118.945612,40.3788782],[118.946769,40.3788349],[118.9479148,40.3787054],[118.9490385,40.378491],[118.9501292,40.3781936],[118.9511764,40.3778163],[118.9521699,40.3773626],[118.9531004,40.3768369],[118.9539587,40.3762442],[118.9547366,40.3755902],[118.9554267,40.3748814],[118.9560222,40.3741244],[118.9565175,40.3733266],[118.9569077,40.3724956],[118.9571892,40.3716395],[118.9573592,40.3707665],[118.957416,40.369885],[118.9573592,40.3690035],[118.9571892,40.3681305],[118.9569077,40.3672744],[118.9565175,40.3664434],[118.9560222,40.3656456],[118.9554267,40.3648886],[118.9547366,40.3641798],[118.9539587,40.3635258],[118.9531004,40.3629331],[118.9521699,40.3624074],[118.9511764,40.3619537],[118.9501292,40.3615764],[118.9490385,40.361279],[118.9479148,40.3610646],[118.946769,40.3609351],[118.945612,40.3608918],[118.944455,40.3609351],[118.9433092,40.3610646],[118.9421855,40.361279],[118.9410948,40.3615764],[118.9400476,40.3619537],[118.9390541,40.3624074],[118.9381236,40.3629331],[118.9372653,40.3635258],[118.9364874,40.3641798],[118.9357973,40.3648886],[118.9352018,40.3656456],[118.9347065,40.3664434],[118.9343163,40.3672744],[118.9340348,40.3681305],[118.9338648,40.3690035],[118.933808,40.369885],[118.9338648,40.3707665],[118.9340348,40.3716395],[118.9343163,40.3724956],[118.9347065,40.3733266],[118.9352018,40.3741244],[118.9357973,40.3748814],[118.9364874,40.3755902],[118.9372653,40.3762442],[118.9381236,40.3768369],[118.9390541,40.3773626],[118.9400476,40.3778163],[118.9410948,40.3781936],[118.9421855,40.378491],[118.9433092,40.3787054],[118.944455,40.3788349],[118.945612,40.3788782]]]},"properties":{"name":"南大山678","peak_elev":678,"eq_radius":1000,"layer":"等效突出半径","rank_pct":0.6732,"center_lon":118.945612,"center_lat":40.369885,"max_mean_jut":72.5586,"max_ats":44.8028,"r_prominence":1000,"r_base":1750}},{"type":"Feature","geometry":{"type":"Polygon","coordinates":[[[118.026905,40.440054],[118.028063,40.4400107],[118.0292099,40.4398812],[118.0303346,40.4396668],[118.0314263,40.4393694],[118.0324744,40.4389921],[118.0334689,40.4385384],[118.0344002,40.4380126],[118.0352593,40.43742],[118.0360379,40.436766],[118.0367286,40.4360572],[118.0373247,40.4353002],[118.0378204,40.4345023],[118.038211,40.4336714],[118.0384927,40.4328153],[118.0386628,40.4319423],[118.0387197,40.4310608],[118.0386628,40.4301793],[118.0384927,40.4293063],[118.038211,40.4284502],[118.0378204,40.4276192],[118.0373247,40.4268214],[118.0367286,40.4260644],[118.0360379,40.4253556],[118.0352593,40.4247016],[118.0344002,40.4241089],[118.0334689,40.4235832],[118.0324744,40.4231295],[118.0314263,40.4227521],[118.0303346,40.4224548],[118.0292099,40.4222404],[118.028063,40.4221109],[118.026905,40.4220676],[118.025747,40.4221109],[118.0246001,40.4222404],[118.0234754,40.4224548],[118.0223837,40.4227521],[118.0213356,40.4231295],[118.0203411,40.4235832],[118.0194098,40.4241089],[118.0185507,40.4247016],[118.0177721,40.4253556],[118.0170814,40.4260644],[118.0164853,40.4268214],[118.0159896,40.4276192],[118.015599,40.4284502],[118.0153173,40.4293063],[118.0151472,40.4301793],[118.0150903,40.4310608],[118.0151472,40.4319423],[118.0153173,40.4328153],[118.015599,40.4336714],[118.0159896,40.4345023],[118.0164853,40.4353002],[118.0170814,40.4360572],[118.0177721,40.436766],[118.0185507,40.43742],[118.0194098,40.4380126],[118.0203411,40.4385384],[118.0213356,40.4389921],[118.0223837,40.4393694],[118.0234754,40.4396668],[118.0246001,40.4398812],[118.025747,40.4400107],[118.026905,40.440054]]]},"properties":{"name":"东蛇皮741","peak_elev":741,"eq_radius":1000,"layer":"等效突出半径","rank_pct":0.6732,"center_lon":118.026905,"center_lat":40.431060791015625,"max_mean_jut":93.5632,"max_ats":55.1862,"r_prominence":1000,"r_base":1125}},{"type":"Feature","geometry":{"type":"Polygon","coordinates":[[[118.069755,40.6850224],[118.0709173,40.6849791],[118.0720684,40.6848496],[118.0731972,40.6846352],[118.0742929,40.6843379],[118.0753448,40.6839605],[118.076343,40.6835068],[118.0772777,40.6829811],[118.0781399,40.6823884],[118.0789214,40.6817344],[118.0796146,40.6810256],[118.0802129,40.6802686],[118.0807104,40.6794708],[118.0811024,40.6786398],[118.0813852,40.6777837],[118.0815559,40.6769107],[118.081613,40.6760292],[118.0815559,40.6751477],[118.0813852,40.6742747],[118.0811024,40.6734186],[118.0807104,40.6725877],[118.0802129,40.6717898],[118.0796146,40.6710328],[118.0789214,40.670324],[118.0781399,40.66967],[118.0772777,40.6690774],[118.076343,40.6685516],[118.0753448,40.6680979],[118.0742929,40.6677206],[118.0731972,40.6674232],[118.0720684,40.6672088],[118.0709173,40.6670793],[118.069755,40.667036],[118.0685927,40.6670793],[118.0674416,40.6672088],[118.0663128,40.6674232],[118.0652171,40.6677206],[118.0641652,40.6680979],[118.063167,40.6685516],[118.0622323,40.6690774],[118.0613701,40.66967],[118.0605886,40.670324],[118.0598954,40.6710328],[118.0592971,40.6717898],[118.0587996,40.6725877],[118.0584076,40.6734186],[118.0581248,40.6742747],[118.0579541,40.6751477],[118.057897,40.6760292],[118.0579541,40.6769107],[118.0581248,40.6777837],[118.0584076,40.6786398],[118.0587996,40.6794708],[118.0592971,40.6802686],[118.0598954,40.6810256],[118.0605886,40.6817344],[118.0613701,40.6823884],[118.0622323,40.6829811],[118.063167,40.6835068],[118.0641652,40.6839605],[118.0652171,40.6843379],[118.0663128,40.6846352],[118.0674416,40.6848496],[118.0685927,40.6849791],[118.069755,40.6850224]]]},"properties":{"name":"742无名峰","peak_elev":742,"eq_radius":1000,"layer":"等效突出半径","rank_pct":0.6732,"center_lon":118.069755,"center_lat":40.676029205322266,"max_mean_jut":96.2364,"max_ats":57.0453,"r_prominence":1000,"r_base":1125}},{"type":"Feature","geometry":{"type":"Polygon","coordinates":[[[118.314187,40.5911052],[118.3153477,40.5910619],[118.3164971,40.5909324],[118.3176244,40.590718],[118.3187185,40.5904206],[118.319769,40.5900433],[118.3207657,40.5895896],[118.3216991,40.5890639],[118.3225601,40.5884712],[118.3233405,40.5878172],[118.3240327,40.5871084],[118.3246302,40.5863514],[118.325127,40.5855536],[118.3255185,40.5847226],[118.3258008,40.5838665],[118.3259713,40.5829935],[118.3260284,40.582112],[118.3259713,40.5812305],[118.3258008,40.5803575],[118.3255185,40.5795014],[118.325127,40.5786704],[118.3246302,40.5778726],[118.3240327,40.5771156],[118.3233405,40.5764068],[118.3225601,40.5757528],[118.3216991,40.5751601],[118.3207657,40.5746344],[118.319769,40.5741807],[118.3187185,40.5738034],[118.3176244,40.573506],[118.3164971,40.5732916],[118.3153477,40.5731621],[118.314187,40.5731188],[118.3130263,40.5731621],[118.3118769,40.5732916],[118.3107496,40.573506],[118.3096555,40.5738034],[118.308605,40.5741807],[118.3076083,40.5746344],[118.3066749,40.5751601],[118.3058139,40.5757528],[118.3050335,40.5764068],[118.3043413,40.5771156],[118.3037438,40.5778726],[118.303247,40.5786704],[118.3028555,40.5795014],[118.3025732,40.5803575],[118.3024027,40.5812305],[118.3023456,40.582112],[118.3024027,40.5829935],[118.3025732,40.5838665],[118.3028555,40.5847226],[118.303247,40.5855536],[118.3037438,40.5863514],[118.3043413,40.5871084],[118.3050335,40.5878172],[118.3058139,40.5884712],[118.3066749,40.5890639],[118.3076083,40.5895896],[118.308605,40.5900433],[118.3096555,40.5904206],[118.3107496,40.590718],[118.3118769,40.5909324],[118.3130263,40.5910619],[118.314187,40.5911052]]]},"properties":{"name":"塌山813","peak_elev":813,"eq_radius":1000,"layer":"等效突出半径","rank_pct":0.6732,"center_lon":118.314187,"center_lat":40.582112,"max_mean_jut":112.6968,"max_ats":66.0127,"r_prominence":1000,"r_base":1125}},{"type":"Feature","geometry":{"type":"Polygon","coordinates":[[[118.4618683,40.5400352],[118.4630281,40.5399919],[118.4641767,40.5398624],[118.465303,40.539648],[118.4663963,40.5393506],[118.467446,40.5389733],[118.468442,40.5385196],[118.4693746,40.5379939],[118.470235,40.5374012],[118.4710148,40.5367472],[118.4717065,40.5360384],[118.4723035,40.5352814],[118.4727999,40.5344836],[118.4731911,40.5336526],[118.4734733,40.5327965],[118.4736436,40.5319235],[118.4737006,40.531042],[118.4736436,40.5301605],[118.4734733,40.5292875],[118.4731911,40.5284314],[118.4727999,40.5276004],[118.4723035,40.5268026],[118.4717065,40.5260456],[118.4710148,40.5253368],[118.470235,40.5246828],[118.4693746,40.5240901],[118.468442,40.5235644],[118.467446,40.5231107],[118.4663963,40.5227334],[118.465303,40.522436],[118.4641767,40.5222216],[118.4630281,40.5220921],[118.4618683,40.5220488],[118.4607085,40.5220921],[118.4595599,40.5222216],[118.4584335,40.522436],[118.4573402,40.5227334],[118.4562906,40.5231107],[118.4552946,40.5235644],[118.4543619,40.5240901],[118.4535016,40.5246828],[118.4527218,40.5253368],[118.4520301,40.5260456],[118.4514331,40.5268026],[118.4509366,40.5276004],[118.4505454,40.5284314],[118.4502633,40.5292875],[118.4500929,40.5301605],[118.4500359,40.531042],[118.4500929,40.5319235],[118.4502633,40.5327965],[118.4505454,40.5336526],[118.4509366,40.5344836],[118.4514331,40.5352814],[118.4520301,40.5360384],[118.4527218,40.5367472],[118.4535016,40.5374012],[118.4543619,40.5379939],[118.4552946,40.5385196],[118.4562906,40.5389733],[118.4573402,40.5393506],[118.4584335,40.539648],[118.4595599,40.5398624],[118.4607085,40.5399919],[118.4618683,40.5400352]]]},"properties":{"name":"910无名峰","peak_elev":910,"eq_radius":1000,"layer":"等效突出半径","rank_pct":0.6732,"center_lon":118.4618682861328,"center_lat":40.531042,"max_mean_jut":104.0336,"max_ats":61.3347,"r_prominence":1000,"r_base":1875}},{"type":"Feature","geometry":{"type":"Polygon","coordinates":[[[118.976604,41.0182542],[118.9777721,41.0182109],[118.978929,41.0180814],[118.9800636,41.017867],[118.9811647,41.0175696],[118.982222,41.0171923],[118.9832252,41.0167386],[118.9841646,41.0162129],[118.9850312,41.0156202],[118.9858166,41.0149662],[118.9865133,41.0142574],[118.9871146,41.0135004],[118.9876146,41.0127026],[118.9880086,41.0118716],[118.9882928,41.0110155],[118.9884644,41.0101425],[118.9885218,41.009261],[118.9884644,41.0083795],[118.9882928,41.0075065],[118.9880086,41.0066504],[118.9876146,41.0058194],[118.9871146,41.0050216],[118.9865133,41.0042646],[118.9858166,41.0035558],[118.9850312,41.0029018],[118.9841646,41.0023091],[118.9832252,41.0017834],[118.982222,41.0013297],[118.9811647,41.0009524],[118.9800636,41.000655],[118.978929,41.0004406],[118.9777721,41.0003111],[118.976604,41.0002678],[118.9754359,41.0003111],[118.974279,41.0004406],[118.9731444,41.000655],[118.9720433,41.0009524],[118.970986,41.0013297],[118.9699828,41.0017834],[118.9690434,41.0023091],[118.9681768,41.0029018],[118.9673914,41.0035558],[118.9666947,41.0042646],[118.9660934,41.0050216],[118.9655934,41.0058194],[118.9651994,41.0066504],[118.9649152,41.0075065],[118.9647436,41.0083795],[118.9646862,41.009261],[118.9647436,41.0101425],[118.9649152,41.0110155],[118.9651994,41.0118716],[118.9655934,41.0127026],[118.9660934,41.0135004],[118.9666947,41.0142574],[118.9673914,41.0149662],[118.9681768,41.0156202],[118.9690434,41.0162129],[118.9699828,41.0167386],[118.970986,41.0171923],[118.9720433,41.0175696],[118.9731444,41.017867],[118.974279,41.0180814],[118.9754359,41.0182109],[118.976604,41.0182542]]]},"properties":{"name":"裂山921","peak_elev":921,"eq_radius":1000,"layer":"等效突出半径","rank_pct":0.6732,"center_lon":118.976604,"center_lat":41.009261,"max_mean_jut":102.4221,"max_ats":71.4839,"r_prominence":1000,"r_base":1125}},{"type":"Feature","geometry":{"type":"Polygon","coordinates":[[[119.311317,41.0852223],[119.3124863,41.085179],[119.3136444,41.0850495],[119.3147801,41.0848351],[119.3158824,41.0845377],[119.3169407,41.0841604],[119.3179449,41.0837067],[119.3188853,41.0831809],[119.3197527,41.0825883],[119.320539,41.0819343],[119.3212364,41.0812255],[119.3218383,41.0804685],[119.3223388,41.0796707],[119.3227332,41.0788397],[119.3230177,41.0779836],[119.3231895,41.0771106],[119.3232469,41.0762291],[119.3231895,41.0753476],[119.3230177,41.0744746],[119.3227332,41.0736185],[119.3223388,41.0727875],[119.3218383,41.0719897],[119.3212364,41.0712327],[119.320539,41.0705239],[119.3197527,41.0698699],[119.3188853,41.0692772],[119.3179449,41.0687515],[119.3169407,41.0682978],[119.3158824,41.0679204],[119.3147801,41.0676231],[119.3136444,41.0674087],[119.3124863,41.0672792],[119.311317,41.0672359],[119.3101477,41.0672792],[119.3089896,41.0674087],[119.3078539,41.0676231],[119.3067516,41.0679204],[119.3056933,41.0682978],[119.3046891,41.0687515],[119.3037487,41.0692772],[119.3028813,41.0698699],[119.302095,41.0705239],[119.3013976,41.0712327],[119.3007957,41.0719897],[119.3002952,41.0727875],[119.2999008,41.0736185],[119.2996163,41.0744746],[119.2994445,41.0753476],[119.2993871,41.0762291],[119.2994445,41.0771106],[119.2996163,41.0779836],[119.2999008,41.0788397],[119.3002952,41.0796707],[119.3007957,41.0804685],[119.3013976,41.0812255],[119.302095,41.0819343],[119.3028813,41.0825883],[119.3037487,41.0831809],[119.3046891,41.0837067],[119.3056933,41.0841604],[119.3067516,41.0845377],[119.3078539,41.0848351],[119.3089896,41.0850495],[119.3101477,41.085179],[119.311317,41.0852223]]]},"properties":{"name":"黄金带山982","peak_elev":982,"eq_radius":1000,"layer":"等效突出半径","rank_pct":0.6732,"center_lon":119.311317,"center_lat":41.07622909545898,"max_mean_jut":106.0855,"max_ats":64.6078,"r_prominence":1000,"r_base":1750}},{"type":"Feature","geometry":{"type":"Polygon","coordinates":[[[118.380213,40.7005192],[118.3813756,40.7004759],[118.3825269,40.7003464],[118.383656,40.700132],[118.3847519,40.6998346],[118.3858041,40.6994573],[118.3868025,40.6990036],[118.3877374,40.6984779],[118.3885998,40.6978852],[118.3893815,40.6972312],[118.3900749,40.6965224],[118.3906733,40.6957654],[118.3911709,40.6949676],[118.3915631,40.6941366],[118.3918459,40.6932805],[118.3920167,40.6924075],[118.3920738,40.691526],[118.3920167,40.6906445],[118.3918459,40.6897715],[118.3915631,40.6889154],[118.3911709,40.6880844],[118.3906733,40.6872866],[118.3900749,40.6865296],[118.3893815,40.6858208],[118.3885998,40.6851668],[118.3877374,40.6845741],[118.3868025,40.6840484],[118.3858041,40.6835947],[118.3847519,40.6832174],[118.383656,40.68292],[118.3825269,40.6827056],[118.3813756,40.6825761],[118.380213,40.6825328],[118.3790504,40.6825761],[118.3778991,40.6827056],[118.37677,40.68292],[118.3756741,40.6832174],[118.3746219,40.6835947],[118.3736235,40.6840484],[118.3726886,40.6845741],[118.3718262,40.6851668],[118.3710445,40.6858208],[118.3703511,40.6865296],[118.3697527,40.6872866],[118.3692551,40.6880844],[118.3688629,40.6889154],[118.3685801,40.6897715],[118.3684093,40.6906445],[118.3683522,40.691526],[118.3684093,40.6924075],[118.3685801,40.6932805],[118.3688629,40.6941366],[118.3692551,40.6949676],[118.3697527,40.6957654],[118.3703511,40.6965224],[118.3710445,40.6972312],[118.3718262,40.6978852],[118.3726886,40.6984779],[118.3736235,40.6990036],[118.3746219,40.6994573],[118.3756741,40.6998346],[118.37677,40.700132],[118.3778991,40.7003464],[118.3790504,40.7004759],[118.380213,40.7005192]]]},"properties":{"name":"小甲山1170","peak_elev":1191,"eq_radius":1000,"layer":"等效突出半径","rank_pct":0.6732,"center_lon":118.380213,"center_lat":40.691526,"max_mean_jut":107.6404,"max_ats":62.1436,"r_prominence":1000,"r_base":750}},{"type":"Feature","geometry":{"type":"Polygon","coordinates":[[[118.905188,40.7841969],[118.906352,40.7841536],[118.9075048,40.7840241],[118.9086353,40.7838097],[118.9097326,40.7835124],[118.9107862,40.783135],[118.9117858,40.7826813],[118.9127219,40.7821556],[118.9135854,40.7815629],[118.9143681,40.7809089],[118.9150623,40.7802001],[118.9156614,40.7794431],[118.9161597,40.7786453],[118.9165524,40.7778143],[118.9168355,40.7769582],[118.9170065,40.7760852],[118.9170637,40.7752037],[118.9170065,40.7743222],[118.9168355,40.7734492],[118.9165524,40.7725931],[118.9161597,40.7717622],[118.9156614,40.7709643],[118.9150623,40.7702073],[118.9143681,40.7694985],[118.9135854,40.7688445],[118.9127219,40.7682519],[118.9117858,40.7677261],[118.9107862,40.7672724],[118.9097326,40.7668951],[118.9086353,40.7665977],[118.9075048,40.7663833],[118.906352,40.7662538],[118.905188,40.7662105],[118.904024,40.7662538],[118.9028712,40.7663833],[118.9017407,40.7665977],[118.9006434,40.7668951],[118.8995898,40.7672724],[118.8985902,40.7677261],[118.8976541,40.7682519],[118.8967906,40.7688445],[118.8960079,40.7694985],[118.8953137,40.7702073],[118.8947146,40.7709643],[118.8942163,40.7717622],[118.8938236,40.7725931],[118.8935405,40.7734492],[118.8933695,40.7743222],[118.8933123,40.7752037],[118.8933695,40.7760852],[118.8935405,40.7769582],[118.8938236,40.7778143],[118.8942163,40.7786453],[118.8947146,40.7794431],[118.8953137,40.7802001],[118.8960079,40.7809089],[118.8967906,40.7815629],[118.8976541,40.7821556],[118.8985902,40.7826813],[118.8995898,40.783135],[118.9006434,40.7835124],[118.9017407,40.7838097],[118.9028712,40.7840241],[118.904024,40.7841536],[118.905188,40.7841969]]]},"properties":{"name":"红石砬1204","peak_elev":1200,"eq_radius":1000,"layer":"等效突出半径","rank_pct":0.6732,"center_lon":118.905188,"center_lat":40.775203704833984,"max_mean_jut":131.4805,"max_ats":76.3559,"r_prominence":1000,"r_base":1125}},{"type":"Feature","geometry":{"type":"Polygon","coordinates":[[[118.0349884,40.3764061],[118.0360008,40.3763682],[118.0370034,40.3762549],[118.0379865,40.3760672],[118.0389409,40.3758071],[118.0398571,40.3754769],[118.0407265,40.3750799],[118.0415406,40.3746199],[118.0422916,40.3741013],[118.0429723,40.3735291],[118.0435761,40.3729088],[118.0440971,40.3722465],[118.0445305,40.3715484],[118.044872,40.3708213],[118.0451182,40.3700722],[118.045267,40.3693083],[118.0453167,40.368537],[118.045267,40.3677657],[118.0451182,40.3670018],[118.044872,40.3662527],[118.0445305,40.3655256],[118.0440971,40.3648275],[118.0435761,40.3641652],[118.0429723,40.3635449],[118.0422916,40.3629727],[118.0415406,40.3624541],[118.0407265,40.3619941],[118.0398571,40.3615971],[118.0389409,40.3612669],[118.0379865,40.3610068],[118.0370034,40.3608191],[118.0360008,40.3607058],[118.0349884,40.3606679],[118.0339761,40.3607058],[118.0329735,40.3608191],[118.0319903,40.3610068],[118.0310359,40.3612669],[118.0301197,40.3615971],[118.0292503,40.3619941],[118.0284362,40.3624541],[118.0276852,40.3629727],[118.0270045,40.3635449],[118.0264007,40.3641652],[118.0258797,40.3648275],[118.0254463,40.3655256],[118.0251048,40.3662527],[118.0248586,40.3670018],[118.0247098,40.3677657],[118.0246601,40.368537],[118.0247098,40.3693083],[118.0248586,40.3700722],[118.0251048,40.3708213],[118.0254463,40.3715484],[118.0258797,40.3722465],[118.0264007,40.3729088],[118.0270045,40.3735291],[118.0276852,40.3741013],[118.0284362,40.3746199],[118.0292503,40.3750799],[118.0301197,40.3754769],[118.0310359,40.3758071],[118.0319903,40.3760672],[118.0329735,40.3762549],[118.0339761,40.3763682],[118.0349884,40.3764061]]]},"properties":{"name":"662无名峰","peak_elev":662,"eq_radius":875,"layer":"等效突出半径","rank_pct":0.7402,"center_lon":118.03498840332033,"center_lat":40.368537,"max_mean_jut":108.4884,"max_ats":72.0763,"r_prominence":875,"r_base":1625}},{"type":"Feature","geometry":{"type":"Polygon","coordinates":[[[119.490261,40.0988267],[119.4912692,40.0987888],[119.4922677,40.0986755],[119.4932469,40.0984879],[119.4941973,40.0982277],[119.4951098,40.0978975],[119.4959756,40.0975005],[119.4967864,40.0970405],[119.4975343,40.0965219],[119.4982122,40.0959497],[119.4988135,40.0953295],[119.4993325,40.0946671],[119.4997641,40.093969],[119.5001041,40.0932419],[119.5003494,40.0924928],[119.5004975,40.0917289],[119.500547,40.0909576],[119.5004975,40.0901863],[119.5003494,40.0894225],[119.5001041,40.0886734],[119.4997641,40.0879463],[119.4993325,40.0872482],[119.4988135,40.0865858],[119.4982122,40.0859656],[119.4975343,40.0853934],[119.4967864,40.0848748],[119.4959756,40.0844148],[119.4951098,40.0840177],[119.4941973,40.0836876],[119.4932469,40.0834274],[119.4922677,40.0832398],[119.4912692,40.0831265],[119.490261,40.0830886],[119.4892528,40.0831265],[119.4882543,40.0832398],[119.4872751,40.0834274],[119.4863247,40.0836876],[119.4854122,40.0840177],[119.4845464,40.0844148],[119.4837356,40.0848748],[119.4829877,40.0853934],[119.4823098,40.0859656],[119.4817085,40.0865858],[119.4811895,40.0872482],[119.4807579,40.0879463],[119.4804179,40.0886734],[119.4801726,40.0894225],[119.4800245,40.0901863],[119.479975,40.0909576],[119.4800245,40.0917289],[119.4801726,40.0924928],[119.4804179,40.0932419],[119.4807579,40.093969],[119.4811895,40.0946671],[119.4817085,40.0953295],[119.4823098,40.0959497],[119.4829877,40.0965219],[119.4837356,40.0970405],[119.4845464,40.0975005],[119.4854122,40.0978975],[119.4863247,40.0982277],[119.4872751,40.0984879],[119.4882543,40.0986755],[119.4892528,40.0987888],[119.490261,40.0988267]]]},"properties":{"name":"小金刚崖682","peak_elev":682,"eq_radius":875,"layer":"等效突出半径","rank_pct":0.7402,"center_lon":119.490261,"center_lat":40.09095764160156,"max_mean_jut":90.4713,"max_ats":46.7349,"r_prominence":875,"r_base":875}},{"type":"Feature","geometry":{"type":"Polygon","coordinates":[[[118.129313,40.3863771],[118.1303255,40.3863392],[118.1313282,40.3862259],[118.1323116,40.3860382],[118.1332661,40.3857781],[118.1341824,40.3854479],[118.1350519,40.3850509],[118.1358662,40.3845909],[118.1366173,40.3840723],[118.1372981,40.3835001],[118.1379019,40.3828798],[118.1384231,40.3822175],[118.1388565,40.3815194],[118.139198,40.3807923],[118.1394443,40.3800432],[118.1395931,40.3792793],[118.1396428,40.378508],[118.1395931,40.3777367],[118.1394443,40.3769728],[118.139198,40.3762237],[118.1388565,40.3754966],[118.1384231,40.3747985],[118.1379019,40.3741362],[118.1372981,40.3735159],[118.1366173,40.3729437],[118.1358662,40.3724251],[118.1350519,40.3719651],[118.1341824,40.3715681],[118.1332661,40.3712379],[118.1323116,40.3709778],[118.1313282,40.3707901],[118.1303255,40.3706768],[118.129313,40.3706389],[118.1283005,40.3706768],[118.1272978,40.3707901],[118.1263144,40.3709778],[118.1253599,40.3712379],[118.1244436,40.3715681],[118.1235741,40.3719651],[118.1227598,40.3724251],[118.1220087,40.3729437],[118.1213279,40.3735159],[118.1207241,40.3741362],[118.1202029,40.3747985],[118.1197695,40.3754966],[118.119428,40.3762237],[118.1191817,40.3769728],[118.1190329,40.3777367],[118.1189832,40.378508],[118.1190329,40.3792793],[118.1191817,40.3800432],[118.119428,40.3807923],[118.1197695,40.3815194],[118.1202029,40.3822175],[118.1207241,40.3828798],[118.1213279,40.3835001],[118.1220087,40.3840723],[118.1227598,40.3845909],[118.1235741,40.3850509],[118.1244436,40.3854479],[118.1253599,40.3857781],[118.1263144,40.3860382],[118.1272978,40.3862259],[118.1283005,40.3863392],[118.129313,40.3863771]]]},"properties":{"name":"694无名峰","peak_elev":694,"eq_radius":875,"layer":"等效突出半径","rank_pct":0.7402,"center_lon":118.129313,"center_lat":40.378508,"max_mean_jut":114.3133,"max_ats":68.5323,"r_prominence":875,"r_base":2250}},{"type":"Feature","geometry":{"type":"Polygon","coordinates":[[[118.3738785,40.5814921],[118.3748939,40.5814542],[118.3758996,40.5813409],[118.3768858,40.5811532],[118.377843,40.5808931],[118.3787621,40.5805629],[118.3796341,40.5801659],[118.3804507,40.5797059],[118.381204,40.5791873],[118.3818868,40.5786151],[118.3824924,40.5779948],[118.3830151,40.5773325],[118.3834498,40.5766344],[118.3837923,40.5759073],[118.3840393,40.5751582],[118.3841885,40.5743943],[118.3842384,40.573623],[118.3841885,40.5728517],[118.3840393,40.5720878],[118.3837923,40.5713387],[118.3834498,40.5706116],[118.3830151,40.5699135],[118.3824924,40.5692512],[118.3818868,40.5686309],[118.381204,40.5680587],[118.3804507,40.5675401],[118.3796341,40.5670801],[118.3787621,40.5666831],[118.377843,40.5663529],[118.3768858,40.5660928],[118.3758996,40.5659051],[118.3748939,40.5657918],[118.3738785,40.5657539],[118.372863,40.5657918],[118.3718574,40.5659051],[118.3708712,40.5660928],[118.3699139,40.5663529],[118.3689949,40.5666831],[118.3681228,40.5670801],[118.3673062,40.5675401],[118.3665529,40.5680587],[118.3658702,40.5686309],[118.3652646,40.5692512],[118.3647419,40.5699135],[118.3643072,40.5706116],[118.3639647,40.5713387],[118.3637177,40.5720878],[118.3635685,40.5728517],[118.3635186,40.573623],[118.3635685,40.5743943],[118.3637177,40.5751582],[118.3639647,40.5759073],[118.3643072,40.5766344],[118.3647419,40.5773325],[118.3652646,40.5779948],[118.3658702,40.5786151],[118.3665529,40.5791873],[118.3673062,40.5797059],[118.3681228,40.5801659],[118.3689949,40.5805629],[118.3699139,40.5808931],[118.3708712,40.5811532],[118.3718574,40.5813409],[118.372863,40.5814542],[118.3738785,40.5814921]]]},"properties":{"name":"747无名峰","peak_elev":747,"eq_radius":875,"layer":"等效突出半径","rank_pct":0.7402,"center_lon":118.3738784790039,"center_lat":40.573623,"max_mean_jut":136.7836,"max_ats":79.1992,"r_prominence":875,"r_base":1125}},{"type":"Feature","geometry":{"type":"Polygon","coordinates":[[[118.121767,40.4615663],[118.1227806,40.4615284],[118.1237845,40.4614151],[118.1247689,40.4612274],[118.1257245,40.4609673],[118.1266419,40.4606371],[118.1275124,40.4602401],[118.1283275,40.4597801],[118.1290795,40.4592615],[118.129761,40.4586893],[118.1303655,40.458069],[118.1308873,40.4574067],[118.1313212,40.4567086],[118.1316631,40.4559815],[118.1319097,40.4552324],[118.1320586,40.4544685],[118.1321084,40.4536972],[118.1320586,40.4529259],[118.1319097,40.452162],[118.1316631,40.4514129],[118.1313212,40.4506858],[118.1308873,40.4499878],[118.1303655,40.4493254],[118.129761,40.4487051],[118.1290795,40.4481329],[118.1283275,40.4476143],[118.1275124,40.4471543],[118.1266419,40.4467573],[118.1257245,40.4464271],[118.1247689,40.446167],[118.1237845,40.4459793],[118.1227806,40.445866],[118.121767,40.4458281],[118.1207534,40.445866],[118.1197495,40.4459793],[118.1187651,40.446167],[118.1178095,40.4464271],[118.1168921,40.4467573],[118.1160216,40.4471543],[118.1152065,40.4476143],[118.1144545,40.4481329],[118.113773,40.4487051],[118.1131685,40.4493254],[118.1126467,40.4499878],[118.1122128,40.4506858],[118.1118709,40.4514129],[118.1116243,40.452162],[118.1114754,40.4529259],[118.1114256,40.4536972],[118.1114754,40.4544685],[118.1116243,40.4552324],[118.1118709,40.4559815],[118.1122128,40.4567086],[118.1126467,40.4574067],[118.1131685,40.458069],[118.113773,40.4586893],[118.1144545,40.4592615],[118.1152065,40.4597801],[118.1160216,40.4602401],[118.1168921,40.4606371],[118.1178095,40.4609673],[118.1187651,40.4612274],[118.1197495,40.4614151],[118.1207534,40.4615284],[118.121767,40.4615663]]]},"properties":{"name":"758无名峰","peak_elev":758,"eq_radius":875,"layer":"等效突出半径","rank_pct":0.7402,"center_lon":118.121767,"center_lat":40.45369720458984,"max_mean_jut":94.841,"max_ats":52.2574,"r_prominence":875,"r_base":750}},{"type":"Feature","geometry":{"type":"Polygon","coordinates":[[[118.012622,40.7698681],[118.0136403,40.7698302],[118.0146488,40.7697169],[118.0156378,40.7695292],[118.0165978,40.7692691],[118.0175194,40.7689389],[118.0183939,40.7685419],[118.0192128,40.7680819],[118.0199683,40.7675633],[118.020653,40.7669911],[118.0212603,40.7663708],[118.0217844,40.7657085],[118.0222204,40.7650104],[118.0225638,40.7642833],[118.0228116,40.7635342],[118.0229612,40.7627703],[118.0230112,40.761999],[118.0229612,40.7612277],[118.0228116,40.7604638],[118.0225638,40.7597147],[118.0222204,40.7589876],[118.0217844,40.7582895],[118.0212603,40.7576272],[118.020653,40.7570069],[118.0199683,40.7564347],[118.0192128,40.7559161],[118.0183939,40.7554561],[118.0175194,40.7550591],[118.0165978,40.7547289],[118.0156378,40.7544688],[118.0146488,40.7542811],[118.0136403,40.7541678],[118.012622,40.7541299],[118.0116037,40.7541678],[118.0105952,40.7542811],[118.0096062,40.7544688],[118.0086462,40.7547289],[118.0077246,40.7550591],[118.0068501,40.7554561],[118.0060312,40.7559161],[118.0052757,40.7564347],[118.004591,40.7570069],[118.0039837,40.7576272],[118.0034596,40.7582895],[118.0030236,40.7589876],[118.0026802,40.7597147],[118.0024324,40.7604638],[118.0022828,40.7612277],[118.0022328,40.761999],[118.0022828,40.7627703],[118.0024324,40.7635342],[118.0026802,40.7642833],[118.0030236,40.7650104],[118.0034596,40.7657085],[118.0039837,40.7663708],[118.004591,40.7669911],[118.0052757,40.7675633],[118.0060312,40.7680819],[118.0068501,40.7685419],[118.0077246,40.7689389],[118.0086462,40.7692691],[118.0096062,40.7695292],[118.0105952,40.7697169],[118.0116037,40.7698302],[118.012622,40.7698681]]]},"properties":{"name":"779无名峰","peak_elev":779,"eq_radius":875,"layer":"等效突出半径","rank_pct":0.7402,"center_lon":118.012622,"center_lat":40.761999,"max_mean_jut":108.6419,"max_ats":63.2848,"r_prominence":875,"r_base":1125}},{"type":"Feature","geometry":{"type":"Polygon","coordinates":[[[118.320924,40.5758317],[118.3219394,40.5757938],[118.3229449,40.5756805],[118.3239311,40.5754929],[118.3248882,40.5752327],[118.3258072,40.5749025],[118.3266792,40.5745055],[118.3274957,40.5740455],[118.3282489,40.5735269],[118.3289316,40.5729547],[118.3295372,40.5723345],[118.3300598,40.5716721],[118.3304945,40.570974],[118.330837,40.5702469],[118.331084,40.5694978],[118.3312331,40.5687339],[118.331283,40.5679626],[118.3312331,40.5671913],[118.331084,40.5664275],[118.330837,40.5656784],[118.3304945,40.5649513],[118.3300598,40.5642532],[118.3295372,40.5635908],[118.3289316,40.5629706],[118.3282489,40.5623984],[118.3274957,40.5618798],[118.3266792,40.5614198],[118.3258072,40.5610228],[118.3248882,40.5606926],[118.3239311,40.5604324],[118.3229449,40.5602448],[118.3219394,40.5601315],[118.320924,40.5600936],[118.3199086,40.5601315],[118.3189031,40.5602448],[118.3179169,40.5604324],[118.3169598,40.5606926],[118.3160408,40.5610228],[118.3151688,40.5614198],[118.3143523,40.5618798],[118.3135991,40.5623984],[118.3129164,40.5629706],[118.3123108,40.5635908],[118.3117882,40.5642532],[118.3113535,40.5649513],[118.311011,40.5656784],[118.310764,40.5664275],[118.3106149,40.5671913],[118.310565,40.5679626],[118.3106149,40.5687339],[118.310764,40.5694978],[118.311011,40.5702469],[118.3113535,40.570974],[118.3117882,40.5716721],[118.3123108,40.5723345],[118.3129164,40.5729547],[118.3135991,40.5735269],[118.3143523,40.5740455],[118.3151688,40.5745055],[118.3160408,40.5749025],[118.3169598,40.5752327],[118.3179169,40.5754929],[118.3189031,40.5756805],[118.3199086,40.5757938],[118.320924,40.5758317]]]},"properties":{"name":"792无名峰","peak_elev":792,"eq_radius":875,"layer":"等效突出半径","rank_pct":0.7402,"center_lon":118.320924,"center_lat":40.567962646484375,"max_mean_jut":114.7171,"max_ats":51.1524,"r_prominence":875,"r_base":1125}},{"type":"Feature","geometry":{"type":"Polygon","coordinates":[[[118.400964,40.57772],[118.4019794,40.5776821],[118.402985,40.5775688],[118.4039711,40.5773811],[118.4049283,40.577121],[118.4058473,40.5767908],[118.4067193,40.5763938],[118.4075359,40.5759338],[118.4082891,40.5754152],[118.4089718,40.574843],[118.4095774,40.5742227],[118.4101001,40.5735604],[118.4105347,40.5728623],[118.4108772,40.5721352],[118.4111242,40.5713861],[118.4112734,40.5706222],[118.4113233,40.5698509],[118.4112734,40.5690796],[118.4111242,40.5683157],[118.4108772,40.5675667],[118.4105347,40.5668396],[118.4101001,40.5661415],[118.4095774,40.5654791],[118.4089718,40.5648588],[118.4082891,40.5642867],[118.4075359,40.5637681],[118.4067193,40.563308],[118.4058473,40.562911],[118.4049283,40.5625809],[118.4039711,40.5623207],[118.402985,40.5621331],[118.4019794,40.5620197],[118.400964,40.5619819],[118.3999486,40.5620197],[118.398943,40.5621331],[118.3979569,40.5623207],[118.3969997,40.5625809],[118.3960807,40.562911],[118.3952087,40.563308],[118.3943921,40.5637681],[118.3936389,40.5642867],[118.3929562,40.5648588],[118.3923506,40.5654791],[118.3918279,40.5661415],[118.3913933,40.5668396],[118.3910508,40.5675667],[118.3908038,40.5683157],[118.3906546,40.5690796],[118.3906047,40.5698509],[118.3906546,40.5706222],[118.3908038,40.5713861],[118.3910508,40.5721352],[118.3913933,40.5728623],[118.3918279,40.5735604],[118.3923506,40.5742227],[118.3929562,40.574843],[118.3936389,40.5754152],[118.3943921,40.5759338],[118.3952087,40.5763938],[118.3960807,40.5767908],[118.3969997,40.577121],[118.3979569,40.5773811],[118.398943,40.5775688],[118.3999486,40.5776821],[118.400964,40.57772]]]},"properties":{"name":"805无名峰(1)","peak_elev":805,"eq_radius":875,"layer":"等效突出半径","rank_pct":0.7402,"center_lon":118.400964,"center_lat":40.56985092163086,"max_mean_jut":131.793,"max_ats":69.0151,"r_prominence":875,"r_base":1000}},{"type":"Feature","geometry":{"type":"Polygon","coordinates":[[[120.019009,41.1541681],[120.0200333,41.1541302],[120.0210477,41.1540169],[120.0220424,41.1538292],[120.023008,41.1535691],[120.023935,41.1532389],[120.0248146,41.1528419],[120.0256383,41.1523819],[120.0263982,41.1518633],[120.0270868,41.1512911],[120.0276977,41.1506708],[120.0282249,41.1500085],[120.0286634,41.1493104],[120.0290089,41.1485833],[120.0292581,41.1478342],[120.0294085,41.1470703],[120.0294588,41.146299],[120.0294085,41.1455277],[120.0292581,41.1447638],[120.0290089,41.1440147],[120.0286634,41.1432876],[120.0282249,41.1425895],[120.0276977,41.1419272],[120.0270868,41.1413069],[120.0263982,41.1407347],[120.0256383,41.1402161],[120.0248146,41.1397561],[120.023935,41.1393591],[120.023008,41.1390289],[120.0220424,41.1387688],[120.0210477,41.1385811],[120.0200333,41.1384678],[120.019009,41.1384299],[120.0179847,41.1384678],[120.0169703,41.1385811],[120.0159756,41.1387688],[120.01501,41.1390289],[120.014083,41.1393591],[120.0132034,41.1397561],[120.0123797,41.1402161],[120.0116198,41.1407347],[120.0109312,41.1413069],[120.0103203,41.1419272],[120.0097931,41.1425895],[120.0093546,41.1432876],[120.0090091,41.1440147],[120.0087599,41.1447638],[120.0086095,41.1455277],[120.0085592,41.146299],[120.0086095,41.1470703],[120.0087599,41.1478342],[120.0090091,41.1485833],[120.0093546,41.1493104],[120.0097931,41.1500085],[120.0103203,41.1506708],[120.0109312,41.1512911],[120.0116198,41.1518633],[120.0123797,41.1523819],[120.0132034,41.1528419],[120.014083,41.1532389],[120.01501,41.1535691],[120.0159756,41.1538292],[120.0169703,41.1540169],[120.0179847,41.1541302],[120.019009,41.1541681]]]},"properties":{"name":"东大楼856","peak_elev":856,"eq_radius":875,"layer":"等效突出半径","rank_pct":0.7402,"center_lon":120.019009,"center_lat":41.146299,"max_mean_jut":110.4946,"max_ats":66.8328,"r_prominence":875,"r_base":1000}},{"type":"Feature","geometry":{"type":"Polygon","coordinates":[[[118.196687,40.6092485],[118.1977029,40.6092106],[118.198709,40.6090973],[118.1996956,40.6089096],[118.2006532,40.6086495],[118.2015726,40.6083193],[118.202445,40.6079223],[118.203262,40.6074623],[118.2040156,40.6069437],[118.2046986,40.6063715],[118.2053045,40.6057512],[118.2058274,40.6050888],[118.2062623,40.6043908],[118.2066049,40.6036637],[118.206852,40.6029146],[118.2070013,40.6021507],[118.2070512,40.6013794],[118.2070013,40.6006081],[118.206852,40.5998442],[118.2066049,40.5990951],[118.2062623,40.598368],[118.2058274,40.5976699],[118.2053045,40.5970076],[118.2046986,40.5963873],[118.2040156,40.5958151],[118.203262,40.5952965],[118.202445,40.5948365],[118.2015726,40.5944395],[118.2006532,40.5941093],[118.1996956,40.5938492],[118.198709,40.5936615],[118.1977029,40.5935482],[118.196687,40.5935103],[118.1956711,40.5935482],[118.194665,40.5936615],[118.1936784,40.5938492],[118.1927208,40.5941093],[118.1918014,40.5944395],[118.190929,40.5948365],[118.190112,40.5952965],[118.1893584,40.5958151],[118.1886754,40.5963873],[118.1880695,40.5970076],[118.1875466,40.5976699],[118.1871117,40.598368],[118.1867691,40.5990951],[118.186522,40.5998442],[118.1863727,40.6006081],[118.1863228,40.6013794],[118.1863727,40.6021507],[118.186522,40.6029146],[118.1867691,40.6036637],[118.1871117,40.6043908],[118.1875466,40.6050888],[118.1880695,40.6057512],[118.1886754,40.6063715],[118.1893584,40.6069437],[118.190112,40.6074623],[118.190929,40.6079223],[118.1918014,40.6083193],[118.1927208,40.6086495],[118.1936784,40.6089096],[118.194665,40.6090973],[118.1956711,40.6092106],[118.196687,40.6092485]]]},"properties":{"name":"860无名峰(1)","peak_elev":860,"eq_radius":875,"layer":"等效突出半径","rank_pct":0.7402,"center_lon":118.196687,"center_lat":40.60137939453125,"max_mean_jut":163.7859,"max_ats":88.7478,"r_prominence":875,"r_base":875}},{"type":"Feature","geometry":{"type":"Polygon","coordinates":[[[118.107754,40.5340601],[118.1087687,40.5340222],[118.1097737,40.5339089],[118.1107592,40.5337212],[118.1117157,40.5334611],[118.1126342,40.5331309],[118.1135056,40.5327339],[118.1143216,40.5322739],[118.1150744,40.5317553],[118.1157566,40.5311831],[118.1163618,40.5305628],[118.1168841,40.5299005],[118.1173185,40.5292024],[118.1176608,40.5284753],[118.1179076,40.5277262],[118.1180567,40.5269623],[118.1181065,40.526191],[118.1180567,40.5254197],[118.1179076,40.5246558],[118.1176608,40.5239067],[118.1173185,40.5231796],[118.1168841,40.5224815],[118.1163618,40.5218192],[118.1157566,40.5211989],[118.1150744,40.5206267],[118.1143216,40.5201081],[118.1135056,40.5196481],[118.1126342,40.5192511],[118.1117157,40.5189209],[118.1107592,40.5186608],[118.1097737,40.5184731],[118.1087687,40.5183598],[118.107754,40.5183219],[118.1067393,40.5183598],[118.1057343,40.5184731],[118.1047488,40.5186608],[118.1037923,40.5189209],[118.1028738,40.5192511],[118.1020024,40.5196481],[118.1011864,40.5201081],[118.1004336,40.5206267],[118.0997514,40.5211989],[118.0991462,40.5218192],[118.0986239,40.5224815],[118.0981895,40.5231796],[118.0978472,40.5239067],[118.0976004,40.5246558],[118.0974513,40.5254197],[118.0974015,40.526191],[118.0974513,40.5269623],[118.0976004,40.5277262],[118.0978472,40.5284753],[118.0981895,40.5292024],[118.0986239,40.5299005],[118.0991462,40.5305628],[118.0997514,40.5311831],[118.1004336,40.5317553],[118.1011864,40.5322739],[118.1020024,40.5327339],[118.1028738,40.5331309],[118.1037923,40.5334611],[118.1047488,40.5337212],[118.1057343,40.5339089],[118.1067393,40.5340222],[118.107754,40.5340601]]]},"properties":{"name":"872无名峰","peak_elev":872,"eq_radius":875,"layer":"等效突出半径","rank_pct":0.7402,"center_lon":118.107754,"center_lat":40.526191,"max_mean_jut":104.2255,"max_ats":54.6819,"r_prominence":875,"r_base":1375}},{"type":"Feature","geometry":{"type":"Polygon","coordinates":[[[118.6048355,40.816356],[118.6058545,40.8163181],[118.6068638,40.8162048],[118.6078534,40.8160172],[118.6088141,40.815757],[118.6097364,40.8154268],[118.6106115,40.8150298],[118.611431,40.8145698],[118.6121869,40.8140512],[118.6128721,40.813479],[118.6134799,40.8128588],[118.6140044,40.8121964],[118.6144406,40.8114983],[118.6147843,40.8107712],[118.6150322,40.8100221],[118.6151819,40.8092582],[118.615232,40.8084869],[118.6151819,40.8077156],[118.6150322,40.8069518],[118.6147843,40.8062027],[118.6144406,40.8054756],[118.6140044,40.8047775],[118.6134799,40.8041151],[118.6128721,40.8034949],[118.6121869,40.8029227],[118.611431,40.8024041],[118.6106115,40.8019441],[118.6097364,40.801547],[118.6088141,40.8012169],[118.6078534,40.8009567],[118.6068638,40.8007691],[118.6058545,40.8006558],[118.6048355,40.8006179],[118.6038165,40.8006558],[118.6028073,40.8007691],[118.6018176,40.8009567],[118.600857,40.8012169],[118.5999347,40.801547],[118.5990595,40.8019441],[118.5982401,40.8024041],[118.5974841,40.8029227],[118.5967989,40.8034949],[118.5961912,40.8041151],[118.5956666,40.8047775],[118.5952304,40.8054756],[118.5948867,40.8062027],[118.5946388,40.8069518],[118.5944891,40.8077156],[118.594439,40.8084869],[118.5944891,40.8092582],[118.5946388,40.8100221],[118.5948867,40.8107712],[118.5952304,40.8114983],[118.5956666,40.8121964],[118.5961912,40.8128588],[118.5967989,40.813479],[118.5974841,40.8140512],[118.5982401,40.8145698],[118.5990595,40.8150298],[118.5999347,40.8154268],[118.600857,40.815757],[118.6018176,40.8160172],[118.6028073,40.8162048],[118.6038165,40.8163181],[118.6048355,40.816356]]]},"properties":{"name":"911无名峰(3)","peak_elev":911,"eq_radius":875,"layer":"等效突出半径","rank_pct":0.7402,"center_lon":118.6048355102539,"center_lat":40.80848693847656,"max_mean_jut":117.5965,"max_ats":75.6834,"r_prominence":875,"r_base":1125}},{"type":"Feature","geometry":{"type":"Polygon","coordinates":[[[119.0854797,40.9563592],[119.0865009,40.9563213],[119.0875123,40.956208],[119.0885041,40.9560204],[119.0894667,40.9557602],[119.090391,40.95543],[119.0912679,40.955033],[119.0920891,40.954573],[119.0928467,40.9540544],[119.0935333,40.9534822],[119.0941424,40.952862],[119.094668,40.9521996],[119.0951052,40.9515015],[119.0954496,40.9507744],[119.095698,40.9500253],[119.095848,40.9492614],[119.0958982,40.9484901],[119.095848,40.9477188],[119.095698,40.946955],[119.0954496,40.9462059],[119.0951052,40.9454788],[119.094668,40.9447807],[119.0941424,40.9441183],[119.0935333,40.9434981],[119.0928467,40.9429259],[119.0920891,40.9424073],[119.0912679,40.9419473],[119.090391,40.9415502],[119.0894667,40.9412201],[119.0885041,40.9409599],[119.0875123,40.9407723],[119.0865009,40.940659],[119.0854797,40.9406211],[119.0844585,40.940659],[119.0834472,40.9407723],[119.0824554,40.9409599],[119.0814928,40.9412201],[119.0805685,40.9415502],[119.0796915,40.9419473],[119.0788703,40.9424073],[119.0781128,40.9429259],[119.0774261,40.9434981],[119.0768171,40.9441183],[119.0762915,40.9447807],[119.0758543,40.9454788],[119.0755099,40.9462059],[119.0752615,40.946955],[119.0751114,40.9477188],[119.0750613,40.9484901],[119.0751114,40.9492614],[119.0752615,40.9500253],[119.0755099,40.9507744],[119.0758543,40.9515015],[119.0762915,40.9521996],[119.0768171,40.952862],[119.0774261,40.9534822],[119.0781128,40.9540544],[119.0788703,40.954573],[119.0796915,40.955033],[119.0805685,40.95543],[119.0814928,40.9557602],[119.0824554,40.9560204],[119.0834472,40.956208],[119.0844585,40.9563213],[119.0854797,40.9563592]]]},"properties":{"name":"912无名峰(2)","peak_elev":912,"eq_radius":875,"layer":"等效突出半径","rank_pct":0.7402,"center_lon":119.08547973632812,"center_lat":40.948490142822266,"max_mean_jut":83.264,"max_ats":48.0089,"r_prominence":875,"r_base":1000}},{"type":"Feature","geometry":{"type":"Polygon","coordinates":[[[118.390184,40.6628793],[118.3912007,40.6628414],[118.3922076,40.6627281],[118.393195,40.6625404],[118.3941534,40.6622803],[118.3950736,40.6619501],[118.3959467,40.6615531],[118.3967643,40.6610931],[118.3975185,40.6605745],[118.3982021,40.6600023],[118.3988084,40.659382],[118.3993317,40.6587197],[118.3997669,40.6580216],[118.4001099,40.6572945],[118.4003572,40.6565454],[118.4005066,40.6557815],[118.4005565,40.6550102],[118.4005066,40.6542389],[118.4003572,40.653475],[118.4001099,40.652726],[118.3997669,40.6519989],[118.3993317,40.6513008],[118.3988084,40.6506384],[118.3982021,40.6500181],[118.3975185,40.649446],[118.3967643,40.6489274],[118.3959467,40.6484673],[118.3950736,40.6480703],[118.3941534,40.6477402],[118.393195,40.64748],[118.3922076,40.6472924],[118.3912007,40.6471791],[118.390184,40.6471412],[118.3891673,40.6471791],[118.3881604,40.6472924],[118.387173,40.64748],[118.3862146,40.6477402],[118.3852944,40.6480703],[118.3844213,40.6484673],[118.3836037,40.6489274],[118.3828495,40.649446],[118.3821659,40.6500181],[118.3815596,40.6506384],[118.3810363,40.6513008],[118.3806011,40.6519989],[118.3802581,40.652726],[118.3800108,40.653475],[118.3798614,40.6542389],[118.3798115,40.6550102],[118.3798614,40.6557815],[118.3800108,40.6565454],[118.3802581,40.6572945],[118.3806011,40.6580216],[118.3810363,40.6587197],[118.3815596,40.659382],[118.3821659,40.6600023],[118.3828495,40.6605745],[118.3836037,40.6610931],[118.3844213,40.6615531],[118.3852944,40.6619501],[118.3862146,40.6622803],[118.387173,40.6625404],[118.3881604,40.6627281],[118.3891673,40.6628414],[118.390184,40.6628793]]]},"properties":{"name":"988无名峰","peak_elev":988,"eq_radius":875,"layer":"等效突出半径","rank_pct":0.7402,"center_lon":118.390184,"center_lat":40.65501022338867,"max_mean_jut":118.6774,"max_ats":65.7987,"r_prominence":875,"r_base":1000}},{"type":"Feature","geometry":{"type":"Polygon","coordinates":[[[118.269181,40.7307459],[118.2700533,40.7307134],[118.2709173,40.7306163],[118.2717645,40.7304555],[118.2725869,40.7302325],[118.2733764,40.7299495],[118.2741255,40.7296092],[118.2748271,40.7292149],[118.2754742,40.7287704],[118.2760607,40.7282799],[118.276581,40.7277483],[118.27703,40.7271805],[118.2774035,40.7265822],[118.2776977,40.7259589],[118.2779099,40.7253169],[118.2780381,40.7246621],[118.2780809,40.724001],[118.2780381,40.7233399],[118.2779099,40.7226851],[118.2776977,40.7220431],[118.2774035,40.7214198],[118.27703,40.7208215],[118.276581,40.7202537],[118.2760607,40.7197221],[118.2754742,40.7192316],[118.2748271,40.7187871],[118.2741255,40.7183928],[118.2733764,40.7180525],[118.2725869,40.7177695],[118.2717645,40.7175465],[118.2709173,40.7173857],[118.2700533,40.7172886],[118.269181,40.7172561],[118.2683087,40.7172886],[118.2674447,40.7173857],[118.2665975,40.7175465],[118.2657751,40.7177695],[118.2649856,40.7180525],[118.2642365,40.7183928],[118.2635349,40.7187871],[118.2628878,40.7192316],[118.2623013,40.7197221],[118.261781,40.7202537],[118.261332,40.7208215],[118.2609585,40.7214198],[118.2606643,40.7220431],[118.2604521,40.7226851],[118.2603239,40.7233399],[118.2602811,40.724001],[118.2603239,40.7246621],[118.2604521,40.7253169],[118.2606643,40.7259589],[118.2609585,40.7265822],[118.261332,40.7271805],[118.261781,40.7277483],[118.2623013,40.7282799],[118.2628878,40.7287704],[118.2635349,40.7292149],[118.2642365,40.7296092],[118.2649856,40.7299495],[118.2657751,40.7302325],[118.2665975,40.7304555],[118.2674447,40.7306163],[118.2683087,40.7307134],[118.269181,40.7307459]]]},"properties":{"name":"1066无名峰","peak_elev":1066,"eq_radius":750,"layer":"等效突出半径","rank_pct":0.7953,"center_lon":118.269181,"center_lat":40.724001,"max_mean_jut":93.6616,"max_ats":49.8599,"r_prominence":750,"r_base":875}},{"type":"Feature","geometry":{"type":"Polygon","coordinates":[[[118.291818,40.7320929],[118.2926904,40.7320604],[118.2935543,40.7319633],[118.2944016,40.7318025],[118.2952239,40.7315795],[118.2960135,40.7312965],[118.2967626,40.7309562],[118.2974642,40.7305619],[118.2981113,40.7301174],[118.2986979,40.7296269],[118.2992182,40.7290953],[118.2996672,40.7285275],[118.3000406,40.7279292],[118.3003349,40.7273059],[118.3005471,40.7266639],[118.3006753,40.7260091],[118.3007181,40.725348],[118.3006753,40.7246869],[118.3005471,40.7240321],[118.3003349,40.7233901],[118.3000406,40.7227668],[118.2996672,40.7221685],[118.2992182,40.7216007],[118.2986979,40.7210691],[118.2981113,40.7205786],[118.2974642,40.7201341],[118.2967626,40.7197398],[118.2960135,40.7193995],[118.2952239,40.7191165],[118.2944016,40.7188935],[118.2935543,40.7187327],[118.2926904,40.7186356],[118.291818,40.7186031],[118.2909456,40.7186356],[118.2900817,40.7187327],[118.2892344,40.7188935],[118.2884121,40.7191165],[118.2876225,40.7193995],[118.2868734,40.7197398],[118.2861718,40.7201341],[118.2855247,40.7205786],[118.2849381,40.7210691],[118.2844178,40.7216007],[118.2839688,40.7221685],[118.2835954,40.7227668],[118.2833011,40.7233901],[118.2830889,40.7240321],[118.2829607,40.7246869],[118.2829179,40.725348],[118.2829607,40.7260091],[118.2830889,40.7266639],[118.2833011,40.7273059],[118.2835954,40.7279292],[118.2839688,40.7285275],[118.2844178,40.7290953],[118.2849381,40.7296269],[118.2855247,40.7301174],[118.2861718,40.7305619],[118.2868734,40.7309562],[118.2876225,40.7312965],[118.2884121,40.7315795],[118.2892344,40.7318025],[118.2900817,40.7319633],[118.2909456,40.7320604],[118.291818,40.7320929]]]},"properties":{"name":"1086无名峰","peak_elev":1086,"eq_radius":750,"layer":"等效突出半径","rank_pct":0.7953,"center_lon":118.291818,"center_lat":40.725348,"max_mean_jut":120.3587,"max_ats":58.389,"r_prominence":750,"r_base":625}},{"type":"Feature","geometry":{"type":"Polygon","coordinates":[[[118.289124,40.739369],[118.2899965,40.7393365],[118.2908605,40.7392394],[118.2917078,40.7390785],[118.2925303,40.7388555],[118.2933199,40.7385725],[118.2940692,40.7382322],[118.2947708,40.7378379],[118.295418,40.7373934],[118.2960046,40.736903],[118.296525,40.7363713],[118.2969741,40.7358036],[118.2973475,40.7352052],[118.2976418,40.734582],[118.2978541,40.7339399],[118.2979822,40.7332852],[118.2980251,40.7326241],[118.2979822,40.7319629],[118.2978541,40.7313082],[118.2976418,40.7306661],[118.2973475,40.7300429],[118.2969741,40.7294445],[118.296525,40.7288768],[118.2960046,40.7283451],[118.295418,40.7278547],[118.2947708,40.7274102],[118.2940692,40.7270159],[118.2933199,40.7266756],[118.2925303,40.7263926],[118.2917078,40.7261696],[118.2908605,40.7260087],[118.2899965,40.7259116],[118.289124,40.7258791],[118.2882515,40.7259116],[118.2873875,40.7260087],[118.2865402,40.7261696],[118.2857177,40.7263926],[118.2849281,40.7266756],[118.2841788,40.7270159],[118.2834772,40.7274102],[118.28283,40.7278547],[118.2822434,40.7283451],[118.281723,40.7288768],[118.2812739,40.7294445],[118.2809005,40.7300429],[118.2806062,40.7306661],[118.2803939,40.7313082],[118.2802658,40.7319629],[118.2802229,40.7326241],[118.2802658,40.7332852],[118.2803939,40.7339399],[118.2806062,40.734582],[118.2809005,40.7352052],[118.2812739,40.7358036],[118.281723,40.7363713],[118.2822434,40.736903],[118.28283,40.7373934],[118.2834772,40.7378379],[118.2841788,40.7382322],[118.2849281,40.7385725],[118.2857177,40.7388555],[118.2865402,40.7390785],[118.2873875,40.7392394],[118.2882515,40.7393365],[118.289124,40.739369]]]},"properties":{"name":"1105无名峰","peak_elev":1105,"eq_radius":750,"layer":"等效突出半径","rank_pct":0.7953,"center_lon":118.289124,"center_lat":40.73262405395508,"max_mean_jut":91.756,"max_ats":45.5811,"r_prominence":750,"r_base":3000}},{"type":"Feature","geometry":{"type":"Polygon","coordinates":[[[119.127521,39.8783339],[119.1283824,39.8783014],[119.1292355,39.8782043],[119.1300721,39.8780435],[119.1308842,39.8778205],[119.1316638,39.8775375],[119.1324035,39.8771972],[119.1330963,39.8768029],[119.1337353,39.8763584],[119.1343145,39.8758679],[119.1348282,39.8753363],[119.1352716,39.8747685],[119.1356404,39.8741702],[119.1359309,39.8735469],[119.1361405,39.8729049],[119.136267,39.8722501],[119.1363094,39.871589],[119.136267,39.8709279],[119.1361405,39.8702731],[119.1359309,39.8696311],[119.1356404,39.8690078],[119.1352716,39.8684095],[119.1348282,39.8678417],[119.1343145,39.8673101],[119.1337353,39.8668196],[119.1330963,39.8663751],[119.1324035,39.8659808],[119.1316638,39.8656405],[119.1308842,39.8653575],[119.1300721,39.8651345],[119.1292355,39.8649737],[119.1283824,39.8648766],[119.127521,39.8648441],[119.1266596,39.8648766],[119.1258065,39.8649737],[119.1249699,39.8651345],[119.1241578,39.8653575],[119.1233782,39.8656405],[119.1226385,39.8659808],[119.1219457,39.8663751],[119.1213067,39.8668196],[119.1207275,39.8673101],[119.1202138,39.8678417],[119.1197704,39.8684095],[119.1194016,39.8690078],[119.1191111,39.8696311],[119.1189015,39.8702731],[119.118775,39.8709279],[119.1187326,39.871589],[119.118775,39.8722501],[119.1189015,39.8729049],[119.1191111,39.8735469],[119.1194016,39.8741702],[119.1197704,39.8747685],[119.1202138,39.8753363],[119.1207275,39.8758679],[119.1213067,39.8763584],[119.1219457,39.8768029],[119.1226385,39.8771972],[119.1233782,39.8775375],[119.1241578,39.8778205],[119.1249699,39.8780435],[119.1258065,39.8782043],[119.1266596,39.8783014],[119.127521,39.8783339]]]},"properties":{"name":"天台山528","peak_elev":528,"eq_radius":750,"layer":"等效突出半径","rank_pct":0.7953,"center_lon":119.127521,"center_lat":39.871589,"max_mean_jut":126.9014,"max_ats":79.6468,"r_prominence":750,"r_base":1000}},{"type":"Feature","geometry":{"type":"Polygon","coordinates":[[[118.171624,40.5687789],[118.1724942,40.5687464],[118.1733561,40.5686493],[118.1742013,40.5684885],[118.1750216,40.5682655],[118.1758092,40.5679825],[118.1765566,40.5676422],[118.1772564,40.5672479],[118.1779019,40.5668034],[118.1784871,40.5663129],[118.1790061,40.5657813],[118.179454,40.5652135],[118.1798265,40.5646152],[118.1801201,40.5639919],[118.1803318,40.5633499],[118.1804596,40.5626951],[118.1805024,40.562034],[118.1804596,40.5613729],[118.1803318,40.5607181],[118.1801201,40.5600761],[118.1798265,40.5594528],[118.179454,40.5588545],[118.1790061,40.5582867],[118.1784871,40.5577551],[118.1779019,40.5572646],[118.1772564,40.5568201],[118.1765566,40.5564258],[118.1758092,40.5560855],[118.1750216,40.5558025],[118.1742013,40.5555795],[118.1733561,40.5554187],[118.1724942,40.5553216],[118.171624,40.5552891],[118.1707538,40.5553216],[118.1698919,40.5554187],[118.1690467,40.5555795],[118.1682264,40.5558025],[118.1674388,40.5560855],[118.1666914,40.5564258],[118.1659916,40.5568201],[118.1653461,40.5572646],[118.1647609,40.5577551],[118.1642419,40.5582867],[118.163794,40.5588545],[118.1634215,40.5594528],[118.1631279,40.5600761],[118.1629162,40.5607181],[118.1627884,40.5613729],[118.1627456,40.562034],[118.1627884,40.5626951],[118.1629162,40.5633499],[118.1631279,40.5639919],[118.1634215,40.5646152],[118.163794,40.5652135],[118.1642419,40.5657813],[118.1647609,40.5663129],[118.1653461,40.5668034],[118.1659916,40.5672479],[118.1666914,40.5676422],[118.1674388,40.5679825],[118.1682264,40.5682655],[118.1690467,40.5684885],[118.1698919,40.5686493],[118.1707538,40.5687464],[118.171624,40.5687789]]]},"properties":{"name":"629无名峰","peak_elev":629,"eq_radius":750,"layer":"等效突出半径","rank_pct":0.7953,"center_lon":118.171624,"center_lat":40.562034,"max_mean_jut":128.2528,"max_ats":78.7578,"r_prominence":750,"r_base":875}},{"type":"Feature","geometry":{"type":"Polygon","coordinates":[[[119.409682,40.0788379],[119.4105459,40.0788054],[119.4114016,40.0787083],[119.4122406,40.0785475],[119.413055,40.0783245],[119.413837,40.0780415],[119.4145789,40.0777012],[119.4152737,40.0773069],[119.4159146,40.0768624],[119.4164954,40.0763719],[119.4170107,40.0758403],[119.4174554,40.0752725],[119.4178252,40.0746742],[119.4181166,40.0740509],[119.4183268,40.0734089],[119.4184537,40.0727541],[119.4184962,40.072093],[119.4184537,40.0714319],[119.4183268,40.0707771],[119.4181166,40.0701351],[119.4178252,40.0695118],[119.4174554,40.0689135],[119.4170107,40.0683457],[119.4164954,40.0678141],[119.4159146,40.0673236],[119.4152737,40.0668791],[119.4145789,40.0664848],[119.413837,40.0661445],[119.413055,40.0658615],[119.4122406,40.0656385],[119.4114016,40.0654777],[119.4105459,40.0653806],[119.409682,40.0653481],[119.4088181,40.0653806],[119.4079624,40.0654777],[119.4071234,40.0656385],[119.406309,40.0658615],[119.405527,40.0661445],[119.4047851,40.0664848],[119.4040903,40.0668791],[119.4034494,40.0673236],[119.4028686,40.0678141],[119.4023533,40.0683457],[119.4019086,40.0689135],[119.4015388,40.0695118],[119.4012474,40.0701351],[119.4010372,40.0707771],[119.4009103,40.0714319],[119.4008678,40.072093],[119.4009103,40.0727541],[119.4010372,40.0734089],[119.4012474,40.0740509],[119.4015388,40.0746742],[119.4019086,40.0752725],[119.4023533,40.0758403],[119.4028686,40.0763719],[119.4034494,40.0768624],[119.4040903,40.0773069],[119.4047851,40.0777012],[119.405527,40.0780415],[119.406309,40.0783245],[119.4071234,40.0785475],[119.4079624,40.0787083],[119.4088181,40.0788054],[119.409682,40.0788379]]]},"properties":{"name":"大石崫745","peak_elev":745,"eq_radius":750,"layer":"等效突出半径","rank_pct":0.7953,"center_lon":119.409682,"center_lat":40.072093,"max_mean_jut":83.4391,"max_ats":49.7241,"r_prominence":750,"r_base":1000}},{"type":"Feature","geometry":{"type":"Polygon","coordinates":[[[118.148986,40.7935377],[118.1498592,40.7935052],[118.1507239,40.7934081],[118.151572,40.7932472],[118.1523951,40.7930242],[118.1531854,40.7927412],[118.1539352,40.7924009],[118.1546374,40.7920066],[118.1552851,40.7915621],[118.1558722,40.7910717],[118.156393,40.79054],[118.1568425,40.7899723],[118.1572162,40.7893739],[118.1575108,40.7887507],[118.1577232,40.7881086],[118.1578514,40.7874539],[118.1578943,40.7867928],[118.1578514,40.7861316],[118.1577232,40.7854769],[118.1575108,40.7848348],[118.1572162,40.7842116],[118.1568425,40.7836132],[118.156393,40.7830455],[118.1558722,40.7825138],[118.1552851,40.7820234],[118.1546374,40.7815789],[118.1539352,40.7811846],[118.1531854,40.7808443],[118.1523951,40.7805613],[118.151572,40.7803383],[118.1507239,40.7801774],[118.1498592,40.7800803],[118.148986,40.7800478],[118.1481128,40.7800803],[118.1472481,40.7801774],[118.1464,40.7803383],[118.1455769,40.7805613],[118.1447866,40.7808443],[118.1440368,40.7811846],[118.1433346,40.7815789],[118.1426869,40.7820234],[118.1420998,40.7825138],[118.141579,40.7830455],[118.1411295,40.7836132],[118.1407558,40.7842116],[118.1404612,40.7848348],[118.1402488,40.7854769],[118.1401206,40.7861316],[118.1400777,40.7867928],[118.1401206,40.7874539],[118.1402488,40.7881086],[118.1404612,40.7887507],[118.1407558,40.7893739],[118.1411295,40.7899723],[118.141579,40.79054],[118.1420998,40.7910717],[118.1426869,40.7915621],[118.1433346,40.7920066],[118.1440368,40.7924009],[118.1447866,40.7927412],[118.1455769,40.7930242],[118.1464,40.7932472],[118.1472481,40.7934081],[118.1481128,40.7935052],[118.148986,40.7935377]]]},"properties":{"name":"752无名峰","peak_elev":752,"eq_radius":750,"layer":"等效突出半径","rank_pct":0.7953,"center_lon":118.148986,"center_lat":40.78679275512695,"max_mean_jut":85.9004,"max_ats":47.6385,"r_prominence":750,"r_base":1625}},{"type":"Feature","geometry":{"type":"Polygon","coordinates":[[[118.221211,40.6668745],[118.2220825,40.666842],[118.2229456,40.6667449],[118.223792,40.666584],[118.2246136,40.666361],[118.2254024,40.666078],[118.2261508,40.6657377],[118.2268516,40.6653434],[118.2274982,40.6648989],[118.2280841,40.6644085],[118.2286039,40.6638768],[118.2290525,40.6633091],[118.2294256,40.6627107],[118.2297195,40.6620875],[118.2299316,40.6614454],[118.2300596,40.6607907],[118.2301024,40.6601295],[118.2300596,40.6594684],[118.2299316,40.6588137],[118.2297195,40.6581716],[118.2294256,40.6575484],[118.2290525,40.65695],[118.2286039,40.6563823],[118.2280841,40.6558506],[118.2274982,40.6553602],[118.2268516,40.6549157],[118.2261508,40.6545214],[118.2254024,40.6541811],[118.2246136,40.6538981],[118.223792,40.6536751],[118.2229456,40.6535142],[118.2220825,40.6534171],[118.221211,40.6533846],[118.2203395,40.6534171],[118.2194764,40.6535142],[118.21863,40.6536751],[118.2178084,40.6538981],[118.2170196,40.6541811],[118.2162712,40.6545214],[118.2155704,40.6549157],[118.2149238,40.6553602],[118.2143379,40.6558506],[118.2138181,40.6563823],[118.2133695,40.65695],[118.2129964,40.6575484],[118.2127025,40.6581716],[118.2124904,40.6588137],[118.2123624,40.6594684],[118.2123196,40.6601295],[118.2123624,40.6607907],[118.2124904,40.6614454],[118.2127025,40.6620875],[118.2129964,40.6627107],[118.2133695,40.6633091],[118.2138181,40.6638768],[118.2143379,40.6644085],[118.2149238,40.6648989],[118.2155704,40.6653434],[118.2162712,40.6657377],[118.2170196,40.666078],[118.2178084,40.666361],[118.21863,40.666584],[118.2194764,40.6667449],[118.2203395,40.666842],[118.221211,40.6668745]]]},"properties":{"name":"754无名峰(1)","peak_elev":754,"eq_radius":750,"layer":"等效突出半径","rank_pct":0.7953,"center_lon":118.221211,"center_lat":40.66012954711914,"max_mean_jut":156.6008,"max_ats":95.8471,"r_prominence":750,"r_base":875}},{"type":"Feature","geometry":{"type":"Polygon","coordinates":[[[118.172432,40.8326139],[118.1733057,40.8325814],[118.174171,40.8324843],[118.1750195,40.8323235],[118.1758431,40.8321005],[118.1766338,40.8318175],[118.1773841,40.8314772],[118.1780867,40.8310829],[118.1787349,40.8306384],[118.1793223,40.8301479],[118.1798434,40.8296163],[118.1802931,40.8290485],[118.1806671,40.8284502],[118.1809618,40.8278269],[118.1811743,40.8271849],[118.1813027,40.8265301],[118.1813456,40.825869],[118.1813027,40.8252079],[118.1811743,40.8245531],[118.1809618,40.8239111],[118.1806671,40.8232878],[118.1802931,40.8226895],[118.1798434,40.8221217],[118.1793223,40.8215901],[118.1787349,40.8210996],[118.1780867,40.8206551],[118.1773841,40.8202608],[118.1766338,40.8199205],[118.1758431,40.8196375],[118.1750195,40.8194145],[118.174171,40.8192537],[118.1733057,40.8191566],[118.172432,40.8191241],[118.1715583,40.8191566],[118.170693,40.8192537],[118.1698445,40.8194145],[118.1690209,40.8196375],[118.1682302,40.8199205],[118.1674799,40.8202608],[118.1667773,40.8206551],[118.1661291,40.8210996],[118.1655417,40.8215901],[118.1650206,40.8221217],[118.1645709,40.8226895],[118.1641969,40.8232878],[118.1639022,40.8239111],[118.1636897,40.8245531],[118.1635613,40.8252079],[118.1635184,40.825869],[118.1635613,40.8265301],[118.1636897,40.8271849],[118.1639022,40.8278269],[118.1641969,40.8284502],[118.1645709,40.8290485],[118.1650206,40.8296163],[118.1655417,40.8301479],[118.1661291,40.8306384],[118.1667773,40.8310829],[118.1674799,40.8314772],[118.1682302,40.8318175],[118.1690209,40.8321005],[118.1698445,40.8323235],[118.170693,40.8324843],[118.1715583,40.8325814],[118.172432,40.8326139]]]},"properties":{"name":"756无名峰","peak_elev":756,"eq_radius":750,"layer":"等效突出半径","rank_pct":0.7953,"center_lon":118.172432,"center_lat":40.825869,"max_mean_jut":105.3663,"max_ats":61.8508,"r_prominence":750,"r_base":1000}},{"type":"Feature","geometry":{"type":"Polygon","coordinates":[[[118.220672,40.6825059],[118.2215437,40.6824734],[118.222407,40.6823763],[118.2232536,40.6822155],[118.2240754,40.6819925],[118.2248644,40.6817095],[118.225613,40.6813692],[118.226314,40.6809749],[118.2269606,40.6805304],[118.2275468,40.6800399],[118.2280667,40.6795083],[118.2285154,40.6789405],[118.2288885,40.6783422],[118.2291825,40.6777189],[118.2293946,40.6770769],[118.2295227,40.6764221],[118.2295655,40.675761],[118.2295227,40.6750999],[118.2293946,40.6744451],[118.2291825,40.6738031],[118.2288885,40.6731798],[118.2285154,40.6725815],[118.2280667,40.6720137],[118.2275468,40.6714821],[118.2269606,40.6709916],[118.226314,40.6705471],[118.225613,40.6701528],[118.2248644,40.6698125],[118.2240754,40.6695295],[118.2232536,40.6693065],[118.222407,40.6691457],[118.2215437,40.6690486],[118.220672,40.6690161],[118.2198003,40.6690486],[118.218937,40.6691457],[118.2180904,40.6693065],[118.2172686,40.6695295],[118.2164796,40.6698125],[118.215731,40.6701528],[118.21503,40.6705471],[118.2143834,40.6709916],[118.2137972,40.6714821],[118.2132773,40.6720137],[118.2128286,40.6725815],[118.2124555,40.6731798],[118.2121615,40.6738031],[118.2119494,40.6744451],[118.2118213,40.6750999],[118.2117785,40.675761],[118.2118213,40.6764221],[118.2119494,40.6770769],[118.2121615,40.6777189],[118.2124555,40.6783422],[118.2128286,40.6789405],[118.2132773,40.6795083],[118.2137972,40.6800399],[118.2143834,40.6805304],[118.21503,40.6809749],[118.215731,40.6813692],[118.2164796,40.6817095],[118.2172686,40.6819925],[118.2180904,40.6822155],[118.218937,40.6823763],[118.2198003,40.6824734],[118.220672,40.6825059]]]},"properties":{"name":"772无名峰","peak_elev":772,"eq_radius":750,"layer":"等效突出半径","rank_pct":0.7953,"center_lon":118.220672,"center_lat":40.675761,"max_mean_jut":79.2699,"max_ats":38.1894,"r_prominence":750,"r_base":875}},{"type":"Feature","geometry":{"type":"Polygon","coordinates":[[[119.903396,40.5736299],[119.9042663,40.5735974],[119.9051282,40.5735003],[119.9059734,40.5733395],[119.9067938,40.5731165],[119.9075815,40.5728335],[119.9083289,40.5724932],[119.9090288,40.5720989],[119.9096744,40.5716544],[119.9102596,40.5711639],[119.9107786,40.5706323],[119.9112266,40.5700645],[119.9115991,40.5694662],[119.9118927,40.5688429],[119.9121044,40.5682009],[119.9122322,40.5675461],[119.912275,40.566885],[119.9122322,40.5662239],[119.9121044,40.5655691],[119.9118927,40.5649271],[119.9115991,40.5643038],[119.9112266,40.5637055],[119.9107786,40.5631377],[119.9102596,40.5626061],[119.9096744,40.5621156],[119.9090288,40.5616711],[119.9083289,40.5612768],[119.9075815,40.5609365],[119.9067938,40.5606535],[119.9059734,40.5604305],[119.9051282,40.5602697],[119.9042663,40.5601726],[119.903396,40.5601401],[119.9025257,40.5601726],[119.9016638,40.5602697],[119.9008186,40.5604305],[119.8999982,40.5606535],[119.8992105,40.5609365],[119.8984631,40.5612768],[119.8977632,40.5616711],[119.8971176,40.5621156],[119.8965324,40.5626061],[119.8960134,40.5631377],[119.8955654,40.5637055],[119.8951929,40.5643038],[119.8948993,40.5649271],[119.8946876,40.5655691],[119.8945598,40.5662239],[119.894517,40.566885],[119.8945598,40.5675461],[119.8946876,40.5682009],[119.8948993,40.5688429],[119.8951929,40.5694662],[119.8955654,40.5700645],[119.8960134,40.5706323],[119.8965324,40.5711639],[119.8971176,40.5716544],[119.8977632,40.5720989],[119.8984631,40.5724932],[119.8992105,40.5728335],[119.8999982,40.5731165],[119.9008186,40.5733395],[119.9016638,40.5735003],[119.9025257,40.5735974],[119.903396,40.5736299]]]},"properties":{"name":"五指山775","peak_elev":775,"eq_radius":750,"layer":"等效突出半径","rank_pct":0.7953,"center_lon":119.903396,"center_lat":40.566885,"max_mean_jut":108.1388,"max_ats":61.5028,"r_prominence":750,"r_base":750}},{"type":"Feature","geometry":{"type":"Polygon","coordinates":[[[119.622852,40.2925469],[119.6237187,40.2925144],[119.624577,40.2924173],[119.6254187,40.2922565],[119.6262357,40.2920335],[119.6270201,40.2917505],[119.6277643,40.2914102],[119.6284613,40.2910159],[119.6291042,40.2905714],[119.6296869,40.2900809],[119.6302038,40.2895493],[119.6306499,40.2889815],[119.6310209,40.2883832],[119.6313132,40.2877599],[119.6315241,40.2871179],[119.6316514,40.2864631],[119.631694,40.285802],[119.6316514,40.2851409],[119.6315241,40.2844861],[119.6313132,40.2838441],[119.6310209,40.2832208],[119.6306499,40.2826225],[119.6302038,40.2820547],[119.6296869,40.2815231],[119.6291042,40.2810326],[119.6284613,40.2805881],[119.6277643,40.2801938],[119.6270201,40.2798535],[119.6262357,40.2795705],[119.6254187,40.2793475],[119.624577,40.2791867],[119.6237187,40.2790896],[119.622852,40.2790571],[119.6219853,40.2790896],[119.621127,40.2791867],[119.6202853,40.2793475],[119.6194683,40.2795705],[119.6186839,40.2798535],[119.6179397,40.2801938],[119.6172427,40.2805881],[119.6165998,40.2810326],[119.6160171,40.2815231],[119.6155002,40.2820547],[119.6150541,40.2826225],[119.6146831,40.2832208],[119.6143908,40.2838441],[119.6141799,40.2844861],[119.6140526,40.2851409],[119.61401,40.285802],[119.6140526,40.2864631],[119.6141799,40.2871179],[119.6143908,40.2877599],[119.6146831,40.2883832],[119.6150541,40.2889815],[119.6155002,40.2895493],[119.6160171,40.2900809],[119.6165998,40.2905714],[119.6172427,40.2910159],[119.6179397,40.2914102],[119.6186839,40.2917505],[119.6194683,40.2920335],[119.6202853,40.2922565],[119.621127,40.2924173],[119.6219853,40.2925144],[119.622852,40.2925469]]]},"properties":{"name":"783无名峰","peak_elev":783,"eq_radius":750,"layer":"等效突出半径","rank_pct":0.7953,"center_lon":119.622852,"center_lat":40.285802,"max_mean_jut":65.5508,"max_ats":32.0645,"r_prominence":750,"r_base":1250}},{"type":"Feature","geometry":{"type":"Polygon","coordinates":[[[118.216091,40.6733429],[118.2169626,40.6733104],[118.2178258,40.6732133],[118.2186723,40.6730525],[118.2194939,40.6728295],[118.2202828,40.6725465],[118.2210313,40.6722062],[118.2217322,40.6718119],[118.2223788,40.6713674],[118.2229648,40.6708769],[118.2234846,40.6703453],[118.2239333,40.6697775],[118.2243064,40.6691792],[118.2246004,40.6685559],[118.2248124,40.6679139],[118.2249404,40.6672591],[118.2249833,40.666598],[118.2249404,40.6659369],[118.2248124,40.6652821],[118.2246004,40.6646401],[118.2243064,40.6640168],[118.2239333,40.6634185],[118.2234846,40.6628507],[118.2229648,40.6623191],[118.2223788,40.6618286],[118.2217322,40.6613841],[118.2210313,40.6609898],[118.2202828,40.6606495],[118.2194939,40.6603665],[118.2186723,40.6601435],[118.2178258,40.6599827],[118.2169626,40.6598856],[118.216091,40.6598531],[118.2152194,40.6598856],[118.2143562,40.6599827],[118.2135097,40.6601435],[118.2126881,40.6603665],[118.2118992,40.6606495],[118.2111507,40.6609898],[118.2104498,40.6613841],[118.2098032,40.6618286],[118.2092172,40.6623191],[118.2086974,40.6628507],[118.2082487,40.6634185],[118.2078756,40.6640168],[118.2075816,40.6646401],[118.2073696,40.6652821],[118.2072416,40.6659369],[118.2071987,40.666598],[118.2072416,40.6672591],[118.2073696,40.6679139],[118.2075816,40.6685559],[118.2078756,40.6691792],[118.2082487,40.6697775],[118.2086974,40.6703453],[118.2092172,40.6708769],[118.2098032,40.6713674],[118.2104498,40.6718119],[118.2111507,40.6722062],[118.2118992,40.6725465],[118.2126881,40.6728295],[118.2135097,40.6730525],[118.2143562,40.6732133],[118.2152194,40.6733104],[118.216091,40.6733429]]]},"properties":{"name":"809无名峰","peak_elev":809,"eq_radius":750,"layer":"等效突出半径","rank_pct":0.7953,"center_lon":118.216091,"center_lat":40.666598,"max_mean_jut":117.7196,"max_ats":65.3149,"r_prominence":750,"r_base":2500}},{"type":"Feature","geometry":{"type":"Polygon","coordinates":[[[118.313648,40.7170009],[118.3145202,40.7169684],[118.3153839,40.7168713],[118.316231,40.7167105],[118.3170532,40.7164875],[118.3178425,40.7162045],[118.3185915,40.7158642],[118.3192929,40.7154699],[118.3199399,40.7150254],[118.3205263,40.7145349],[118.3210465,40.7140033],[118.3214954,40.7134355],[118.3218688,40.7128372],[118.3221629,40.7122139],[118.3223751,40.7115719],[118.3225032,40.7109171],[118.3225461,40.710256],[118.3225032,40.7095949],[118.3223751,40.7089401],[118.3221629,40.7082981],[118.3218688,40.7076748],[118.3214954,40.7070765],[118.3210465,40.7065087],[118.3205263,40.7059771],[118.3199399,40.7054866],[118.3192929,40.7050421],[118.3185915,40.7046478],[118.3178425,40.7043075],[118.3170532,40.7040245],[118.316231,40.7038015],[118.3153839,40.7036407],[118.3145202,40.7035436],[118.313648,40.7035111],[118.3127758,40.7035436],[118.3119121,40.7036407],[118.311065,40.7038015],[118.3102428,40.7040245],[118.3094535,40.7043075],[118.3087045,40.7046478],[118.3080031,40.7050421],[118.3073561,40.7054866],[118.3067697,40.7059771],[118.3062495,40.7065087],[118.3058006,40.7070765],[118.3054272,40.7076748],[118.3051331,40.7082981],[118.3049209,40.7089401],[118.3047928,40.7095949],[118.3047499,40.710256],[118.3047928,40.7109171],[118.3049209,40.7115719],[118.3051331,40.7122139],[118.3054272,40.7128372],[118.3058006,40.7134355],[118.3062495,40.7140033],[118.3067697,40.7145349],[118.3073561,40.7150254],[118.3080031,40.7154699],[118.3087045,40.7158642],[118.3094535,40.7162045],[118.3102428,40.7164875],[118.311065,40.7167105],[118.3119121,40.7168713],[118.3127758,40.7169684],[118.313648,40.7170009]]]},"properties":{"name":"835无名峰","peak_elev":835,"eq_radius":750,"layer":"等效突出半径","rank_pct":0.7953,"center_lon":118.313648,"center_lat":40.710256,"max_mean_jut":107.2178,"max_ats":65.1565,"r_prominence":750,"r_base":1000}},{"type":"Feature","geometry":{"type":"Polygon","coordinates":[[[118.502833,40.710938],[118.5037051,40.7109055],[118.5045688,40.7108084],[118.5054157,40.7106476],[118.5062378,40.7104246],[118.5070272,40.7101416],[118.5077761,40.7098013],[118.5084774,40.709407],[118.5091243,40.7089625],[118.5097107,40.708472],[118.5102308,40.7079404],[118.5106797,40.7073726],[118.511053,40.7067743],[118.5113472,40.7061511],[118.5115593,40.705509],[118.5116874,40.7048542],[118.5117303,40.7041931],[118.5116874,40.703532],[118.5115593,40.7028772],[118.5113472,40.7022352],[118.511053,40.7016119],[118.5106797,40.7010136],[118.5102308,40.7004458],[118.5097107,40.6999142],[118.5091243,40.6994237],[118.5084774,40.6989792],[118.5077761,40.6985849],[118.5070272,40.6982446],[118.5062378,40.6979616],[118.5054157,40.6977386],[118.5045688,40.6975778],[118.5037051,40.6974807],[118.502833,40.6974482],[118.5019609,40.6974807],[118.5010972,40.6975778],[118.5002503,40.6977386],[118.4994282,40.6979616],[118.4986388,40.6982446],[118.4978899,40.6985849],[118.4971886,40.6989792],[118.4965417,40.6994237],[118.4959553,40.6999142],[118.4954352,40.7004458],[118.4949863,40.7010136],[118.494613,40.7016119],[118.4943188,40.7022352],[118.4941067,40.7028772],[118.4939786,40.703532],[118.4939357,40.7041931],[118.4939786,40.7048542],[118.4941067,40.705509],[118.4943188,40.7061511],[118.494613,40.7067743],[118.4949863,40.7073726],[118.4954352,40.7079404],[118.4959553,40.708472],[118.4965417,40.7089625],[118.4971886,40.709407],[118.4978899,40.7098013],[118.4986388,40.7101416],[118.4994282,40.7104246],[118.5002503,40.7106476],[118.5010972,40.7108084],[118.5019609,40.7109055],[118.502833,40.710938]]]},"properties":{"name":"877无名峰","peak_elev":877,"eq_radius":750,"layer":"等效突出半径","rank_pct":0.7953,"center_lon":118.502833,"center_lat":40.704193115234375,"max_mean_jut":88.0865,"max_ats":41.3432,"r_prominence":750,"r_base":625}},{"type":"Feature","geometry":{"type":"Polygon","coordinates":[[[118.236303,40.7019099],[118.237175,40.7018774],[118.2380385,40.7017803],[118.2388854,40.7016195],[118.2397074,40.7013965],[118.2404966,40.7011135],[118.2412454,40.7007732],[118.2419466,40.7003789],[118.2425935,40.6999344],[118.2431798,40.6994439],[118.2436998,40.6989123],[118.2441486,40.6983445],[118.2445219,40.6977462],[118.244816,40.6971229],[118.2450281,40.6964809],[118.2451562,40.6958261],[118.2451991,40.695165],[118.2451562,40.6945039],[118.2450281,40.6938491],[118.244816,40.6932071],[118.2445219,40.6925838],[118.2441486,40.6919855],[118.2436998,40.6914177],[118.2431798,40.6908861],[118.2425935,40.6903956],[118.2419466,40.6899511],[118.2412454,40.6895568],[118.2404966,40.6892165],[118.2397074,40.6889335],[118.2388854,40.6887105],[118.2380385,40.6885497],[118.237175,40.6884526],[118.236303,40.6884201],[118.235431,40.6884526],[118.2345675,40.6885497],[118.2337206,40.6887105],[118.2328986,40.6889335],[118.2321094,40.6892165],[118.2313606,40.6895568],[118.2306594,40.6899511],[118.2300125,40.6903956],[118.2294262,40.6908861],[118.2289062,40.6914177],[118.2284574,40.6919855],[118.2280841,40.6925838],[118.22779,40.6932071],[118.2275779,40.6938491],[118.2274498,40.6945039],[118.2274069,40.695165],[118.2274498,40.6958261],[118.2275779,40.6964809],[118.22779,40.6971229],[118.2280841,40.6977462],[118.2284574,40.6983445],[118.2289062,40.6989123],[118.2294262,40.6994439],[118.2300125,40.6999344],[118.2306594,40.7003789],[118.2313606,40.7007732],[118.2321094,40.7011135],[118.2328986,40.7013965],[118.2337206,40.7016195],[118.2345675,40.7017803],[118.235431,40.7018774],[118.236303,40.7019099]]]},"properties":{"name":"888无名峰","peak_elev":888,"eq_radius":750,"layer":"等效突出半径","rank_pct":0.7953,"center_lon":118.236303,"center_lat":40.695165,"max_mean_jut":107.9039,"max_ats":53.0829,"r_prominence":750,"r_base":875}},{"type":"Feature","geometry":{"type":"Polygon","coordinates":[[[118.660487,40.6401945],[118.6613582,40.640162],[118.6622209,40.6400649],[118.663067,40.639904],[118.6638882,40.639681],[118.6646767,40.639398],[118.6654248,40.6390577],[118.6661254,40.6386634],[118.6667717,40.6382189],[118.6673574,40.6377285],[118.667877,40.6371968],[118.6683254,40.6366291],[118.6686983,40.6360307],[118.6689921,40.6354075],[118.6692041,40.6347654],[118.6693321,40.6341107],[118.6693749,40.6334496],[118.6693321,40.6327884],[118.6692041,40.6321337],[118.6689921,40.6314916],[118.6686983,40.6308684],[118.6683254,40.63027],[118.667877,40.6297023],[118.6673574,40.6291706],[118.6667717,40.6286802],[118.6661254,40.6282357],[118.6654248,40.6278414],[118.6646767,40.6275011],[118.6638882,40.6272181],[118.663067,40.6269951],[118.6622209,40.6268342],[118.6613582,40.6267371],[118.660487,40.6267046],[118.6596158,40.6267371],[118.6587531,40.6268342],[118.657907,40.6269951],[118.6570858,40.6272181],[118.6562973,40.6275011],[118.6555492,40.6278414],[118.6548486,40.6282357],[118.6542023,40.6286802],[118.6536166,40.6291706],[118.653097,40.6297023],[118.6526486,40.63027],[118.6522757,40.6308684],[118.6519819,40.6314916],[118.6517699,40.6321337],[118.6516419,40.6327884],[118.6515991,40.6334496],[118.6516419,40.6341107],[118.6517699,40.6347654],[118.6519819,40.6354075],[118.6522757,40.6360307],[118.6526486,40.6366291],[118.653097,40.6371968],[118.6536166,40.6377285],[118.6542023,40.6382189],[118.6548486,40.6386634],[118.6555492,40.6390577],[118.6562973,40.639398],[118.6570858,40.639681],[118.657907,40.639904],[118.6587531,40.6400649],[118.6596158,40.640162],[118.660487,40.6401945]]]},"properties":{"name":"892无名峰","peak_elev":892,"eq_radius":750,"layer":"等效突出半径","rank_pct":0.7953,"center_lon":118.660487,"center_lat":40.63344955444336,"max_mean_jut":109.9216,"max_ats":66.8692,"r_prominence":750,"r_base":1125}},{"type":"Feature","geometry":{"type":"Polygon","coordinates":[[[119.373031,40.1233068],[119.3738955,40.1232743],[119.3747517,40.1231772],[119.3755913,40.1230164],[119.3764062,40.1227934],[119.3771887,40.1225104],[119.3779311,40.1221701],[119.3786263,40.1217758],[119.3792676,40.1213313],[119.3798489,40.1208408],[119.3803645,40.1203092],[119.3808095,40.1197414],[119.3811796,40.1191431],[119.3814711,40.1185198],[119.3816815,40.1178778],[119.3818085,40.117223],[119.3818509,40.1165619],[119.3818085,40.1159008],[119.3816815,40.115246],[119.3814711,40.1146039],[119.3811796,40.1139807],[119.3808095,40.1133824],[119.3803645,40.1128146],[119.3798489,40.112283],[119.3792676,40.1117925],[119.3786263,40.111348],[119.3779311,40.1109537],[119.3771887,40.1106134],[119.3764062,40.1103304],[119.3755913,40.1101074],[119.3747517,40.1099466],[119.3738955,40.1098495],[119.373031,40.109817],[119.3721665,40.1098495],[119.3713103,40.1099466],[119.3704707,40.1101074],[119.3696558,40.1103304],[119.3688733,40.1106134],[119.3681309,40.1109537],[119.3674357,40.111348],[119.3667944,40.1117925],[119.3662131,40.112283],[119.3656975,40.1128146],[119.3652525,40.1133824],[119.3648824,40.1139807],[119.3645909,40.1146039],[119.3643805,40.115246],[119.3642535,40.1159008],[119.3642111,40.1165619],[119.3642535,40.117223],[119.3643805,40.1178778],[119.3645909,40.1185198],[119.3648824,40.1191431],[119.3652525,40.1197414],[119.3656975,40.1203092],[119.3662131,40.1208408],[119.3667944,40.1213313],[119.3674357,40.1217758],[119.3681309,40.1221701],[119.3688733,40.1225104],[119.3696558,40.1227934],[119.3704707,40.1230164],[119.3713103,40.1231772],[119.3721665,40.1232743],[119.373031,40.1233068]]]},"properties":{"name":"922无名峰","peak_elev":922,"eq_radius":750,"layer":"等效突出半径","rank_pct":0.7953,"center_lon":119.373031,"center_lat":40.11656188964844,"max_mean_jut":116.8067,"max_ats":55.3405,"r_prominence":750,"r_base":1000}},{"type":"Feature","geometry":{"type":"Polygon","coordinates":[[[118.014509,40.5383259],[118.0153788,40.5382934],[118.0162403,40.5381963],[118.0170851,40.5380355],[118.0179051,40.5378125],[118.0186923,40.5375295],[118.0194393,40.5371892],[118.0201388,40.5367949],[118.0207841,40.5363504],[118.0213689,40.5358599],[118.0218877,40.5353283],[118.0223355,40.5347605],[118.0227078,40.5341622],[118.0230012,40.5335389],[118.0232128,40.5328969],[118.0233406,40.5322421],[118.0233833,40.531581],[118.0233406,40.5309199],[118.0232128,40.5302651],[118.0230012,40.5296231],[118.0227078,40.5289998],[118.0223355,40.5284015],[118.0218877,40.5278337],[118.0213689,40.5273021],[118.0207841,40.5268116],[118.0201388,40.5263671],[118.0194393,40.5259728],[118.0186923,40.5256325],[118.0179051,40.5253495],[118.0170851,40.5251265],[118.0162403,40.5249657],[118.0153788,40.5248686],[118.014509,40.5248361],[118.0136392,40.5248686],[118.0127777,40.5249657],[118.0119329,40.5251265],[118.0111129,40.5253495],[118.0103257,40.5256325],[118.0095787,40.5259728],[118.0088792,40.5263671],[118.0082339,40.5268116],[118.0076491,40.5273021],[118.0071303,40.5278337],[118.0066825,40.5284015],[118.0063102,40.5289998],[118.0060168,40.5296231],[118.0058052,40.5302651],[118.0056774,40.5309199],[118.0056347,40.531581],[118.0056774,40.5322421],[118.0058052,40.5328969],[118.0060168,40.5335389],[118.0063102,40.5341622],[118.0066825,40.5347605],[118.0071303,40.5353283],[118.0076491,40.5358599],[118.0082339,40.5363504],[118.0088792,40.5367949],[118.0095787,40.5371892],[118.0103257,40.5375295],[118.0111129,40.5378125],[118.0119329,40.5380355],[118.0127777,40.5381963],[118.0136392,40.5382934],[118.014509,40.5383259]]]},"properties":{"name":"943无名峰","peak_elev":943,"eq_radius":750,"layer":"等效突出半径","rank_pct":0.7953,"center_lon":118.014509,"center_lat":40.531581,"max_mean_jut":109.6556,"max_ats":62.8149,"r_prominence":750,"r_base":625}},{"type":"Feature","geometry":{"type":"Polygon","coordinates":[[[118.845091,40.7331709],[118.8459634,40.7331384],[118.8468274,40.7330413],[118.8476746,40.7328805],[118.848497,40.7326575],[118.8492866,40.7323745],[118.8500357,40.7320342],[118.8507373,40.7316399],[118.8513844,40.7311954],[118.851971,40.7307049],[118.8524913,40.7301733],[118.8529403,40.7296055],[118.8533138,40.7290072],[118.853608,40.7283839],[118.8538202,40.7277419],[118.8539484,40.7270871],[118.8539913,40.726426],[118.8539484,40.7257649],[118.8538202,40.7251101],[118.853608,40.7244681],[118.8533138,40.7238448],[118.8529403,40.7232465],[118.8524913,40.7226787],[118.851971,40.7221471],[118.8513844,40.7216566],[118.8507373,40.7212121],[118.8500357,40.7208178],[118.8492866,40.7204775],[118.848497,40.7201945],[118.8476746,40.7199715],[118.8468274,40.7198107],[118.8459634,40.7197136],[118.845091,40.7196811],[118.8442186,40.7197136],[118.8433546,40.7198107],[118.8425074,40.7199715],[118.841685,40.7201945],[118.8408954,40.7204775],[118.8401463,40.7208178],[118.8394447,40.7212121],[118.8387976,40.7216566],[118.838211,40.7221471],[118.8376907,40.7226787],[118.8372417,40.7232465],[118.8368682,40.7238448],[118.836574,40.7244681],[118.8363618,40.7251101],[118.8362336,40.7257649],[118.8361907,40.726426],[118.8362336,40.7270871],[118.8363618,40.7277419],[118.836574,40.7283839],[118.8368682,40.7290072],[118.8372417,40.7296055],[118.8376907,40.7301733],[118.838211,40.7307049],[118.8387976,40.7311954],[118.8394447,40.7316399],[118.8401463,40.7320342],[118.8408954,40.7323745],[118.841685,40.7326575],[118.8425074,40.7328805],[118.8433546,40.7330413],[118.8442186,40.7331384],[118.845091,40.7331709]]]},"properties":{"name":"鸡冠山966","peak_elev":966,"eq_radius":750,"layer":"等效突出半径","rank_pct":0.7953,"center_lon":118.845091,"center_lat":40.726426,"max_mean_jut":83.3989,"max_ats":47.2443,"r_prominence":750,"r_base":750}},{"type":"Feature","geometry":{"type":"Polygon","coordinates":[[[118.195339,40.7183489],[118.1962112,40.7183164],[118.197075,40.7182193],[118.197922,40.7180585],[118.1987442,40.7178355],[118.1995336,40.7175525],[118.2002826,40.7172122],[118.200984,40.7168179],[118.201631,40.7163734],[118.2022175,40.7158829],[118.2027376,40.7153513],[118.2031866,40.7147835],[118.2035599,40.7141852],[118.2038541,40.7135619],[118.2040663,40.7129199],[118.2041944,40.7122651],[118.2042373,40.711604],[118.2041944,40.7109429],[118.2040663,40.7102881],[118.2038541,40.7096461],[118.2035599,40.7090228],[118.2031866,40.7084245],[118.2027376,40.7078567],[118.2022175,40.7073251],[118.201631,40.7068346],[118.200984,40.7063901],[118.2002826,40.7059958],[118.1995336,40.7056555],[118.1987442,40.7053725],[118.197922,40.7051495],[118.197075,40.7049887],[118.1962112,40.7048916],[118.195339,40.7048591],[118.1944668,40.7048916],[118.193603,40.7049887],[118.192756,40.7051495],[118.1919338,40.7053725],[118.1911444,40.7056555],[118.1903954,40.7059958],[118.189694,40.7063901],[118.189047,40.7068346],[118.1884605,40.7073251],[118.1879404,40.7078567],[118.1874914,40.7084245],[118.1871181,40.7090228],[118.1868239,40.7096461],[118.1866117,40.7102881],[118.1864836,40.7109429],[118.1864407,40.711604],[118.1864836,40.7122651],[118.1866117,40.7129199],[118.1868239,40.7135619],[118.1871181,40.7141852],[118.1874914,40.7147835],[118.1879404,40.7153513],[118.1884605,40.7158829],[118.189047,40.7163734],[118.189694,40.7168179],[118.1903954,40.7172122],[118.1911444,40.7175525],[118.1919338,40.7178355],[118.192756,40.7180585],[118.193603,40.7182193],[118.1944668,40.7183164],[118.195339,40.7183489]]]},"properties":{"name":"986无名峰","peak_elev":986,"eq_radius":750,"layer":"等效突出半径","rank_pct":0.7953,"center_lon":118.195339,"center_lat":40.711604,"max_mean_jut":131.0667,"max_ats":69.5096,"r_prominence":750,"r_base":1250}},{"type":"Feature","geometry":{"type":"Polygon","coordinates":[[[118.394496,41.0336569],[118.3953723,41.0336244],[118.3962403,41.0335273],[118.3970914,41.0333665],[118.3979175,41.0331435],[118.3987106,41.0328605],[118.3994632,41.0325202],[118.400168,41.0321259],[118.4008181,41.0316814],[118.4014073,41.0311909],[118.40193,41.0306593],[118.402381,41.0300915],[118.4027562,41.0294932],[118.4030518,41.0288699],[118.403265,41.0282279],[118.4033937,41.0275731],[118.4034367,41.026912],[118.4033937,41.0262509],[118.403265,41.0255961],[118.4030518,41.0249541],[118.4027562,41.0243308],[118.402381,41.0237325],[118.40193,41.0231647],[118.4014073,41.0226331],[118.4008181,41.0221426],[118.400168,41.0216981],[118.3994632,41.0213038],[118.3987106,41.0209635],[118.3979175,41.0206805],[118.3970914,41.0204575],[118.3962403,41.0202967],[118.3953723,41.0201996],[118.394496,41.0201671],[118.3936197,41.0201996],[118.3927517,41.0202967],[118.3919006,41.0204575],[118.3910745,41.0206805],[118.3902814,41.0209635],[118.3895288,41.0213038],[118.388824,41.0216981],[118.3881739,41.0221426],[118.3875847,41.0226331],[118.387062,41.0231647],[118.386611,41.0237325],[118.3862358,41.0243308],[118.3859402,41.0249541],[118.385727,41.0255961],[118.3855983,41.0262509],[118.3855553,41.026912],[118.3855983,41.0275731],[118.385727,41.0282279],[118.3859402,41.0288699],[118.3862358,41.0294932],[118.386611,41.0300915],[118.387062,41.0306593],[118.3875847,41.0311909],[118.3881739,41.0316814],[118.388824,41.0321259],[118.3895288,41.0325202],[118.3902814,41.0328605],[118.3910745,41.0331435],[118.3919006,41.0333665],[118.3927517,41.0335273],[118.3936197,41.0336244],[118.394496,41.0336569]]]},"properties":{"name":"石湖上1070","peak_elev":1063,"eq_radius":750,"layer":"等效突出半径","rank_pct":0.7953,"center_lon":118.394496,"center_lat":41.026912,"max_mean_jut":94.8778,"max_ats":50.9461,"r_prominence":750,"r_base":1125}},{"type":"Feature","geometry":{"type":"Polygon","coordinates":[[[118.5168457,41.0843219],[118.5177227,41.0842894],[118.5185913,41.0841923],[118.5194431,41.0840315],[118.5202698,41.0838085],[118.5210636,41.0835255],[118.5218167,41.0831852],[118.522522,41.0827909],[118.5231726,41.0823464],[118.5237623,41.0818559],[118.5242854,41.0813243],[118.5247368,41.0807565],[118.5251122,41.0801582],[118.5254081,41.0795349],[118.5256214,41.0788929],[118.5257503,41.0782381],[118.5257933,41.077577],[118.5257503,41.0769159],[118.5256214,41.0762611],[118.5254081,41.0756191],[118.5251122,41.0749958],[118.5247368,41.0743975],[118.5242854,41.0738297],[118.5237623,41.0732981],[118.5231726,41.0728076],[118.522522,41.0723631],[118.5218167,41.0719688],[118.5210636,41.0716285],[118.5202698,41.0713455],[118.5194431,41.0711225],[118.5185913,41.0709617],[118.5177227,41.0708646],[118.5168457,41.0708321],[118.5159687,41.0708646],[118.5151001,41.0709617],[118.5142483,41.0711225],[118.5134216,41.0713455],[118.5126278,41.0716285],[118.5118747,41.0719688],[118.5111694,41.0723631],[118.5105188,41.0728076],[118.5099291,41.0732981],[118.509406,41.0738297],[118.5089546,41.0743975],[118.5085792,41.0749958],[118.5082833,41.0756191],[118.50807,41.0762611],[118.5079412,41.0769159],[118.5078981,41.077577],[118.5079412,41.0782381],[118.50807,41.0788929],[118.5082833,41.0795349],[118.5085792,41.0801582],[118.5089546,41.0807565],[118.509406,41.0813243],[118.5099291,41.0818559],[118.5105188,41.0823464],[118.5111694,41.0827909],[118.5118747,41.0831852],[118.5126278,41.0835255],[118.5134216,41.0838085],[118.5142483,41.0840315],[118.5151001,41.0841923],[118.5159687,41.0842894],[118.5168457,41.0843219]]]},"properties":{"name":"莲花山1200","peak_elev":1187,"eq_radius":750,"layer":"等效突出半径","rank_pct":0.7953,"center_lon":118.516845703125,"center_lat":41.077577,"max_mean_jut":109.0596,"max_ats":62.8097,"r_prominence":750,"r_base":875}},{"type":"Feature","geometry":{"type":"Polygon","coordinates":[[[118.283464,40.7304298],[118.284191,40.7304027],[118.2849109,40.7303218],[118.285617,40.7301877],[118.2863022,40.7300019],[118.2869602,40.7297661],[118.2875845,40.7294825],[118.2881691,40.7291539],[118.2887084,40.7287835],[118.2891972,40.7283748],[118.2896308,40.7279317],[118.2900049,40.7274586],[118.2903161,40.72696],[118.2905613,40.7264406],[118.2907382,40.7259056],[118.290845,40.7253599],[118.2908807,40.724809],[118.290845,40.7242581],[118.2907382,40.7237124],[118.2905613,40.7231774],[118.2903161,40.722658],[118.2900049,40.7221594],[118.2896308,40.7216863],[118.2891972,40.7212432],[118.2887084,40.7208345],[118.2881691,40.7204641],[118.2875845,40.7201355],[118.2869602,40.7198519],[118.2863022,40.7196161],[118.285617,40.7194303],[118.2849109,40.7192962],[118.284191,40.7192153],[118.283464,40.7191882],[118.282737,40.7192153],[118.2820171,40.7192962],[118.281311,40.7194303],[118.2806258,40.7196161],[118.2799678,40.7198519],[118.2793435,40.7201355],[118.2787589,40.7204641],[118.2782196,40.7208345],[118.2777308,40.7212432],[118.2772972,40.7216863],[118.2769231,40.7221594],[118.2766119,40.722658],[118.2763667,40.7231774],[118.2761898,40.7237124],[118.276083,40.7242581],[118.2760473,40.724809],[118.276083,40.7253599],[118.2761898,40.7259056],[118.2763667,40.7264406],[118.2766119,40.72696],[118.2769231,40.7274586],[118.2772972,40.7279317],[118.2777308,40.7283748],[118.2782196,40.7287835],[118.2787589,40.7291539],[118.2793435,40.7294825],[118.2799678,40.7297661],[118.2806258,40.7300019],[118.281311,40.7301877],[118.2820171,40.7303218],[118.282737,40.7304027],[118.283464,40.7304298]]]},"properties":{"name":"1084无名峰","peak_elev":1084,"eq_radius":625,"layer":"等效突出半径","rank_pct":0.8858,"center_lon":118.283464,"center_lat":40.724809,"max_mean_jut":100.0218,"max_ats":46.5245,"r_prominence":625,"r_base":1000}},{"type":"Feature","geometry":{"type":"Polygon","coordinates":[[[119.1312943,39.7545898],[119.1320108,39.7545627],[119.1327205,39.7544818],[119.1334164,39.7543477],[119.1340919,39.7541619],[119.1347404,39.7539261],[119.1353558,39.7536425],[119.135932,39.7533139],[119.1364636,39.7529435],[119.1369454,39.7525348],[119.1373728,39.7520917],[119.1377416,39.7516186],[119.1380483,39.75112],[119.13829,39.7506006],[119.1384644,39.7500656],[119.1385696,39.7495199],[119.1386048,39.748969],[119.1385696,39.7484181],[119.1384644,39.7478724],[119.13829,39.7473374],[119.1380483,39.746818],[119.1377416,39.7463194],[119.1373728,39.7458463],[119.1369454,39.7454032],[119.1364636,39.7449945],[119.135932,39.7446241],[119.1353558,39.7442955],[119.1347404,39.7440119],[119.1340919,39.7437761],[119.1334164,39.7435903],[119.1327205,39.7434562],[119.1320108,39.7433753],[119.1312943,39.7433482],[119.1305777,39.7433753],[119.129868,39.7434562],[119.1291721,39.7435903],[119.1284966,39.7437761],[119.1278481,39.7440119],[119.1272327,39.7442955],[119.1266565,39.7446241],[119.1261249,39.7449945],[119.1256431,39.7454032],[119.1252157,39.7458463],[119.1248469,39.7463194],[119.1245402,39.746818],[119.1242985,39.7473374],[119.1241241,39.7478724],[119.1240189,39.7484181],[119.1239837,39.748969],[119.1240189,39.7495199],[119.1241241,39.7500656],[119.1242985,39.7506006],[119.1245402,39.75112],[119.1248469,39.7516186],[119.1252157,39.7520917],[119.1256431,39.7525348],[119.1261249,39.7529435],[119.1266565,39.7533139],[119.1272327,39.7536425],[119.1278481,39.7539261],[119.1284966,39.7541619],[119.1291721,39.7543477],[119.129868,39.7544818],[119.1305777,39.7545627],[119.1312943,39.7545898]]]},"properties":{"name":"翠屏山637","peak_elev":637,"eq_radius":625,"layer":"等效突出半径","rank_pct":0.8858,"center_lon":119.13129425048828,"center_lat":39.748969,"max_mean_jut":100.7232,"max_ats":55.6949,"r_prominence":625,"r_base":4750}},{"type":"Feature","geometry":{"type":"Polygon","coordinates":[[[119.843029,40.2787569],[119.8437511,40.2787298],[119.8444662,40.2786489],[119.8451675,40.2785149],[119.8458482,40.278329],[119.8465017,40.2780932],[119.8471218,40.2778096],[119.8477025,40.277481],[119.8482382,40.2771106],[119.8487237,40.2767019],[119.8491544,40.2762589],[119.8495261,40.2757857],[119.8498352,40.2752871],[119.8500787,40.2747678],[119.8502544,40.2742327],[119.8503605,40.2736871],[119.8503959,40.2731361],[119.8503605,40.2725852],[119.8502544,40.2720396],[119.8500787,40.2715045],[119.8498352,40.2709852],[119.8495261,40.2704865],[119.8491544,40.2700134],[119.8487237,40.2695704],[119.8482382,40.2691617],[119.8477025,40.2687912],[119.8471218,40.2684626],[119.8465017,40.2681791],[119.8458482,40.2679432],[119.8451675,40.2677574],[119.8444662,40.2676234],[119.8437511,40.2675424],[119.843029,40.2675154],[119.8423069,40.2675424],[119.8415918,40.2676234],[119.8408905,40.2677574],[119.8402098,40.2679432],[119.8395563,40.2681791],[119.8389362,40.2684626],[119.8383555,40.2687912],[119.8378198,40.2691617],[119.8373343,40.2695704],[119.8369036,40.2700134],[119.8365319,40.2704865],[119.8362228,40.2709852],[119.8359793,40.2715045],[119.8358036,40.2720396],[119.8356975,40.2725852],[119.8356621,40.2731361],[119.8356975,40.2736871],[119.8358036,40.2742327],[119.8359793,40.2747678],[119.8362228,40.2752871],[119.8365319,40.2757857],[119.8369036,40.2762589],[119.8373343,40.2767019],[119.8378198,40.2771106],[119.8383555,40.277481],[119.8389362,40.2778096],[119.8395563,40.2780932],[119.8402098,40.278329],[119.8408905,40.2785149],[119.8415918,40.2786489],[119.8423069,40.2787298],[119.843029,40.2787569]]]},"properties":{"name":"685无名峰","peak_elev":685,"eq_radius":625,"layer":"等效突出半径","rank_pct":0.8858,"center_lon":119.843029,"center_lat":40.273136138916016,"max_mean_jut":80.31,"max_ats":43.5401,"r_prominence":625,"r_base":1750}},{"type":"Feature","geometry":{"type":"Polygon","coordinates":[[[119.5867386,40.2574671],[119.5874604,40.25744],[119.5881754,40.2573591],[119.5888764,40.257225],[119.5895569,40.2570392],[119.5902102,40.2568034],[119.5908301,40.2565198],[119.5914106,40.2561912],[119.5919462,40.2558208],[119.5924315,40.2554121],[119.592862,40.254969],[119.5932336,40.2544959],[119.5935426,40.2539973],[119.5937861,40.2534779],[119.5939617,40.2529429],[119.5940677,40.2523972],[119.5941032,40.2518463],[119.5940677,40.2512954],[119.5939617,40.2507498],[119.5937861,40.2502147],[119.5935426,40.2496953],[119.5932336,40.2491967],[119.592862,40.2487236],[119.5924315,40.2482805],[119.5919462,40.2478718],[119.5914106,40.2475014],[119.5908301,40.2471728],[119.5902102,40.2468892],[119.5895569,40.2466534],[119.5888764,40.2464676],[119.5881754,40.2463336],[119.5874604,40.2462526],[119.5867386,40.2462256],[119.5860167,40.2462526],[119.5853018,40.2463336],[119.5846008,40.2464676],[119.5839203,40.2466534],[119.5832669,40.2468892],[119.582647,40.2471728],[119.5820665,40.2475014],[119.581531,40.2478718],[119.5810457,40.2482805],[119.5806151,40.2487236],[119.5802436,40.2491967],[119.5799346,40.2496953],[119.5796911,40.2502147],[119.5795155,40.2507498],[119.5794094,40.2512954],[119.579374,40.2518463],[119.5794094,40.2523972],[119.5795155,40.2529429],[119.5796911,40.2534779],[119.5799346,40.2539973],[119.5802436,40.2544959],[119.5806151,40.254969],[119.5810457,40.2554121],[119.581531,40.2558208],[119.5820665,40.2561912],[119.582647,40.2565198],[119.5832669,40.2568034],[119.5839203,40.2570392],[119.5846008,40.257225],[119.5853018,40.2573591],[119.5860167,40.25744],[119.5867386,40.2574671]]]},"properties":{"name":"732无名峰","peak_elev":732,"eq_radius":625,"layer":"等效突出半径","rank_pct":0.8858,"center_lon":119.58673858642578,"center_lat":40.25184631347656,"max_mean_jut":82.0744,"max_ats":44.3398,"r_prominence":625,"r_base":500}},{"type":"Feature","geometry":{"type":"Polygon","coordinates":[[[119.743855,40.2930398],[119.7445772,40.2930127],[119.7452925,40.2929318],[119.745994,40.2927977],[119.7466748,40.2926119],[119.7473285,40.2923761],[119.7479487,40.2920925],[119.7485295,40.2917639],[119.7490653,40.2913935],[119.7495509,40.2909848],[119.7499817,40.2905417],[119.7503534,40.2900686],[119.7506626,40.28957],[119.7509062,40.2890506],[119.7510819,40.2885156],[119.751188,40.2879699],[119.7512235,40.287419],[119.751188,40.2868681],[119.7510819,40.2863224],[119.7509062,40.2857874],[119.7506626,40.285268],[119.7503534,40.2847694],[119.7499817,40.2842963],[119.7495509,40.2838532],[119.7490653,40.2834445],[119.7485295,40.2830741],[119.7479487,40.2827455],[119.7473285,40.2824619],[119.7466748,40.2822261],[119.745994,40.2820403],[119.7452925,40.2819062],[119.7445772,40.2818253],[119.743855,40.2817982],[119.7431328,40.2818253],[119.7424175,40.2819062],[119.741716,40.2820403],[119.7410352,40.2822261],[119.7403815,40.2824619],[119.7397613,40.2827455],[119.7391805,40.2830741],[119.7386447,40.2834445],[119.7381591,40.2838532],[119.7377283,40.2842963],[119.7373566,40.2847694],[119.7370474,40.285268],[119.7368038,40.2857874],[119.7366281,40.2863224],[119.736522,40.2868681],[119.7364865,40.287419],[119.736522,40.2879699],[119.7366281,40.2885156],[119.7368038,40.2890506],[119.7370474,40.28957],[119.7373566,40.2900686],[119.7377283,40.2905417],[119.7381591,40.2909848],[119.7386447,40.2913935],[119.7391805,40.2917639],[119.7397613,40.2920925],[119.7403815,40.2923761],[119.7410352,40.2926119],[119.741716,40.2927977],[119.7424175,40.2929318],[119.7431328,40.2930127],[119.743855,40.2930398]]]},"properties":{"name":"738无名峰","peak_elev":738,"eq_radius":625,"layer":"等效突出半径","rank_pct":0.8858,"center_lon":119.743855,"center_lat":40.287419,"max_mean_jut":72.5318,"max_ats":37.2683,"r_prominence":625,"r_base":625}},{"type":"Feature","geometry":{"type":"Polygon","coordinates":[[[118.215013,40.5202234],[118.2157377,40.5201964],[118.2164554,40.5201154],[118.2171592,40.5199814],[118.2178423,40.5197956],[118.2184982,40.5195597],[118.2191206,40.5192762],[118.2197033,40.5189476],[118.2202409,40.5185771],[118.2207282,40.5181684],[118.2211604,40.5177254],[118.2215334,40.5172523],[118.2218436,40.5167536],[118.222088,40.5162343],[118.2222643,40.5156992],[118.2223708,40.5151536],[118.2224064,40.5146027],[118.2223708,40.5140517],[118.2222643,40.5135061],[118.222088,40.512971],[118.2218436,40.5124517],[118.2215334,40.5119531],[118.2211604,40.5114799],[118.2207282,40.5110369],[118.2202409,40.5106282],[118.2197033,40.5102578],[118.2191206,40.5099292],[118.2184982,40.5096456],[118.2178423,40.5094098],[118.2171592,40.5092239],[118.2164554,40.5090899],[118.2157377,40.509009],[118.215013,40.5089819],[118.2142883,40.509009],[118.2135706,40.5090899],[118.2128668,40.5092239],[118.2121837,40.5094098],[118.2115278,40.5096456],[118.2109054,40.5099292],[118.2103227,40.5102578],[118.2097851,40.5106282],[118.2092978,40.5110369],[118.2088656,40.5114799],[118.2084926,40.5119531],[118.2081824,40.5124517],[118.207938,40.512971],[118.2077617,40.5135061],[118.2076552,40.5140517],[118.2076196,40.5146027],[118.2076552,40.5151536],[118.2077617,40.5156992],[118.207938,40.5162343],[118.2081824,40.5167536],[118.2084926,40.5172523],[118.2088656,40.5177254],[118.2092978,40.5181684],[118.2097851,40.5185771],[118.2103227,40.5189476],[118.2109054,40.5192762],[118.2115278,40.5195597],[118.2121837,40.5197956],[118.2128668,40.5199814],[118.2135706,40.5201154],[118.2142883,40.5201964],[118.215013,40.5202234]]]},"properties":{"name":"740无名峰","peak_elev":740,"eq_radius":625,"layer":"等效突出半径","rank_pct":0.8858,"center_lon":118.215013,"center_lat":40.51460266113281,"max_mean_jut":89.3451,"max_ats":46.1979,"r_prominence":625,"r_base":625}},{"type":"Feature","geometry":{"type":"Polygon","coordinates":[[[118.1312027,40.8064268],[118.1319305,40.8063997],[118.1326513,40.8063188],[118.1333581,40.8061847],[118.1340442,40.8059989],[118.1347029,40.8057631],[118.1353279,40.8054795],[118.1359132,40.8051509],[118.1364531,40.8047805],[118.1369424,40.8043718],[118.1373765,40.8039287],[118.1377511,40.8034556],[118.1380627,40.802957],[118.1383082,40.8024376],[118.1384852,40.8019026],[118.1385921,40.8013569],[118.1386279,40.800806],[118.1385921,40.8002551],[118.1384852,40.7997094],[118.1383082,40.7991744],[118.1380627,40.798655],[118.1377511,40.7981564],[118.1373765,40.7976833],[118.1369424,40.7972402],[118.1364531,40.7968315],[118.1359132,40.7964611],[118.1353279,40.7961325],[118.1347029,40.7958489],[118.1340442,40.7956131],[118.1333581,40.7954273],[118.1326513,40.7952932],[118.1319305,40.7952123],[118.1312027,40.7951852],[118.1304749,40.7952123],[118.1297541,40.7952932],[118.1290473,40.7954273],[118.1283612,40.7956131],[118.1277025,40.7958489],[118.1270775,40.7961325],[118.1264922,40.7964611],[118.1259523,40.7968315],[118.125463,40.7972402],[118.1250289,40.7976833],[118.1246543,40.7981564],[118.1243427,40.798655],[118.1240972,40.7991744],[118.1239202,40.7997094],[118.1238133,40.8002551],[118.1237775,40.800806],[118.1238133,40.8013569],[118.1239202,40.8019026],[118.1240972,40.8024376],[118.1243427,40.802957],[118.1246543,40.8034556],[118.1250289,40.8039287],[118.125463,40.8043718],[118.1259523,40.8047805],[118.1264922,40.8051509],[118.1270775,40.8054795],[118.1277025,40.8057631],[118.1283612,40.8059989],[118.1290473,40.8061847],[118.1297541,40.8063188],[118.1304749,40.8063997],[118.1312027,40.8064268]]]},"properties":{"name":"766无名峰","peak_elev":766,"eq_radius":625,"layer":"等效突出半径","rank_pct":0.8858,"center_lon":118.1312026977539,"center_lat":40.800806,"max_mean_jut":87.3325,"max_ats":47.3128,"r_prominence":625,"r_base":750}},{"type":"Feature","geometry":{"type":"Polygon","coordinates":[[[118.372667,40.7304298],[118.373394,40.7304027],[118.3741139,40.7303218],[118.37482,40.7301877],[118.3755052,40.7300019],[118.3761632,40.7297661],[118.3767875,40.7294825],[118.3773721,40.7291539],[118.3779114,40.7287835],[118.3784002,40.7283748],[118.3788338,40.7279317],[118.3792079,40.7274586],[118.3795191,40.72696],[118.3797643,40.7264406],[118.3799412,40.7259056],[118.380048,40.7253599],[118.3800837,40.724809],[118.380048,40.7242581],[118.3799412,40.7237124],[118.3797643,40.7231774],[118.3795191,40.722658],[118.3792079,40.7221594],[118.3788338,40.7216863],[118.3784002,40.7212432],[118.3779114,40.7208345],[118.3773721,40.7204641],[118.3767875,40.7201355],[118.3761632,40.7198519],[118.3755052,40.7196161],[118.37482,40.7194303],[118.3741139,40.7192962],[118.373394,40.7192153],[118.372667,40.7191882],[118.37194,40.7192153],[118.3712201,40.7192962],[118.370514,40.7194303],[118.3698288,40.7196161],[118.3691708,40.7198519],[118.3685465,40.7201355],[118.3679619,40.7204641],[118.3674226,40.7208345],[118.3669338,40.7212432],[118.3665002,40.7216863],[118.3661261,40.7221594],[118.3658149,40.722658],[118.3655697,40.7231774],[118.3653928,40.7237124],[118.365286,40.7242581],[118.3652503,40.724809],[118.365286,40.7253599],[118.3653928,40.7259056],[118.3655697,40.7264406],[118.3658149,40.72696],[118.3661261,40.7274586],[118.3665002,40.7279317],[118.3669338,40.7283748],[118.3674226,40.7287835],[118.3679619,40.7291539],[118.3685465,40.7294825],[118.3691708,40.7297661],[118.3698288,40.7300019],[118.370514,40.7301877],[118.3712201,40.7303218],[118.37194,40.7304027],[118.372667,40.7304298]]]},"properties":{"name":"小甲山819","peak_elev":819,"eq_radius":625,"layer":"等效突出半径","rank_pct":0.8858,"center_lon":118.372667,"center_lat":40.724809,"max_mean_jut":117.9785,"max_ats":77.0054,"r_prominence":625,"r_base":750}},{"type":"Feature","geometry":{"type":"Polygon","coordinates":[[[118.185907,40.5051328],[118.1866315,40.5051057],[118.1873491,40.5050248],[118.1880527,40.5048907],[118.1887357,40.5047049],[118.1893914,40.5044691],[118.1900136,40.5041855],[118.1905963,40.5038569],[118.1911337,40.5034865],[118.1916209,40.5030778],[118.192053,40.5026347],[118.1924259,40.5021616],[118.1927361,40.501663],[118.1929804,40.5011436],[118.1931567,40.5006086],[118.1932631,40.5000629],[118.1932987,40.499512],[118.1932631,40.4989611],[118.1931567,40.4984154],[118.1929804,40.4978804],[118.1927361,40.497361],[118.1924259,40.4968624],[118.192053,40.4963893],[118.1916209,40.4959462],[118.1911337,40.4955375],[118.1905963,40.4951671],[118.1900136,40.4948385],[118.1893914,40.4945549],[118.1887357,40.4943191],[118.1880527,40.4941333],[118.1873491,40.4939992],[118.1866315,40.4939183],[118.185907,40.4938912],[118.1851825,40.4939183],[118.1844649,40.4939992],[118.1837613,40.4941333],[118.1830783,40.4943191],[118.1824226,40.4945549],[118.1818004,40.4948385],[118.1812177,40.4951671],[118.1806803,40.4955375],[118.1801931,40.4959462],[118.179761,40.4963893],[118.1793881,40.4968624],[118.1790779,40.497361],[118.1788336,40.4978804],[118.1786573,40.4984154],[118.1785509,40.4989611],[118.1785153,40.499512],[118.1785509,40.5000629],[118.1786573,40.5006086],[118.1788336,40.5011436],[118.1790779,40.501663],[118.1793881,40.5021616],[118.179761,40.5026347],[118.1801931,40.5030778],[118.1806803,40.5034865],[118.1812177,40.5038569],[118.1818004,40.5041855],[118.1824226,40.5044691],[118.1830783,40.5047049],[118.1837613,40.5048907],[118.1844649,40.5050248],[118.1851825,40.5051057],[118.185907,40.5051328]]]},"properties":{"name":"大东岭832","peak_elev":832,"eq_radius":625,"layer":"等效突出半径","rank_pct":0.8858,"center_lon":118.185907,"center_lat":40.499512,"max_mean_jut":86.7282,"max_ats":39.9431,"r_prominence":625,"r_base":625}},{"type":"Feature","geometry":{"type":"Polygon","coordinates":[[[118.089698,40.7080618],[118.0904247,40.7080347],[118.0911444,40.7079538],[118.0918502,40.7078197],[118.0925353,40.7076339],[118.093193,40.7073981],[118.0938171,40.7071145],[118.0944015,40.7067859],[118.0949406,40.7064155],[118.0954293,40.7060068],[118.0958627,40.7055637],[118.0962367,40.7050906],[118.0965478,40.704592],[118.096793,40.7040726],[118.0969697,40.7035376],[118.0970765,40.7029919],[118.0971122,40.702441],[118.0970765,40.7018901],[118.0969697,40.7013444],[118.096793,40.7008094],[118.0965478,40.70029],[118.0962367,40.6997914],[118.0958627,40.6993183],[118.0954293,40.6988752],[118.0949406,40.6984665],[118.0944015,40.6980961],[118.0938171,40.6977675],[118.093193,40.6974839],[118.0925353,40.6972481],[118.0918502,40.6970623],[118.0911444,40.6969282],[118.0904247,40.6968473],[118.089698,40.6968202],[118.0889713,40.6968473],[118.0882516,40.6969282],[118.0875458,40.6970623],[118.0868607,40.6972481],[118.086203,40.6974839],[118.0855789,40.6977675],[118.0849945,40.6980961],[118.0844554,40.6984665],[118.0839667,40.6988752],[118.0835333,40.6993183],[118.0831593,40.6997914],[118.0828482,40.70029],[118.082603,40.7008094],[118.0824263,40.7013444],[118.0823195,40.7018901],[118.0822838,40.702441],[118.0823195,40.7029919],[118.0824263,40.7035376],[118.082603,40.7040726],[118.0828482,40.704592],[118.0831593,40.7050906],[118.0835333,40.7055637],[118.0839667,40.7060068],[118.0844554,40.7064155],[118.0849945,40.7067859],[118.0855789,40.7071145],[118.086203,40.7073981],[118.0868607,40.7076339],[118.0875458,40.7078197],[118.0882516,40.7079538],[118.0889713,40.7080347],[118.089698,40.7080618]]]},"properties":{"name":"846无名峰","peak_elev":846,"eq_radius":625,"layer":"等效突出半径","rank_pct":0.8858,"center_lon":118.089698,"center_lat":40.702441,"max_mean_jut":99.7829,"max_ats":56.3833,"r_prominence":625,"r_base":625}},{"type":"Feature","geometry":{"type":"Polygon","coordinates":[[[118.984689,41.0255268],[118.9854192,41.0254997],[118.9861424,41.0254188],[118.9868516,41.0252847],[118.9875399,41.0250989],[118.9882008,41.0248631],[118.9888279,41.0245795],[118.9894151,41.0242509],[118.9899568,41.0238805],[118.9904478,41.0234718],[118.9908833,41.0230287],[118.9912592,41.0225556],[118.9915717,41.022057],[118.991818,41.0215376],[118.9919957,41.0210026],[118.992103,41.0204569],[118.9921388,41.019906],[118.992103,41.0193551],[118.9919957,41.0188094],[118.991818,41.0182744],[118.9915717,41.017755],[118.9912592,41.0172564],[118.9908833,41.0167833],[118.9904478,41.0163402],[118.9899568,41.0159315],[118.9894151,41.0155611],[118.9888279,41.0152325],[118.9882008,41.0149489],[118.9875399,41.0147131],[118.9868516,41.0145273],[118.9861424,41.0143932],[118.9854192,41.0143123],[118.984689,41.0142852],[118.9839588,41.0143123],[118.9832356,41.0143932],[118.9825264,41.0145273],[118.9818381,41.0147131],[118.9811772,41.0149489],[118.9805501,41.0152325],[118.9799629,41.0155611],[118.9794212,41.0159315],[118.9789302,41.0163402],[118.9784947,41.0167833],[118.9781188,41.0172564],[118.9778063,41.017755],[118.97756,41.0182744],[118.9773823,41.0188094],[118.977275,41.0193551],[118.9772392,41.019906],[118.977275,41.0204569],[118.9773823,41.0210026],[118.97756,41.0215376],[118.9778063,41.022057],[118.9781188,41.0225556],[118.9784947,41.0230287],[118.9789302,41.0234718],[118.9794212,41.0238805],[118.9799629,41.0242509],[118.9805501,41.0245795],[118.9811772,41.0248631],[118.9818381,41.0250989],[118.9825264,41.0252847],[118.9832356,41.0254188],[118.9839588,41.0254997],[118.984689,41.0255268]]]},"properties":{"name":"879无名峰","peak_elev":879,"eq_radius":625,"layer":"等效突出半径","rank_pct":0.8858,"center_lon":118.984689,"center_lat":41.019906,"max_mean_jut":77.6715,"max_ats":47.2279,"r_prominence":625,"r_base":875}},{"type":"Feature","geometry":{"type":"Polygon","coordinates":[[[118.250047,40.6285608],[118.2507729,40.6285338],[118.2514917,40.6284528],[118.2521967,40.6283188],[118.2528809,40.628133],[118.2535379,40.6278971],[118.2541612,40.6276136],[118.2547449,40.627285],[118.2552834,40.6269145],[118.2557714,40.6265058],[118.2562043,40.6260628],[118.256578,40.6255897],[118.2568887,40.625091],[118.2571335,40.6245717],[118.2573101,40.6240366],[118.2574167,40.623491],[118.2574524,40.6229401],[118.2574167,40.6223891],[118.2573101,40.6218435],[118.2571335,40.6213084],[118.2568887,40.6207891],[118.256578,40.6202905],[118.2562043,40.6198173],[118.2557714,40.6193743],[118.2552834,40.6189656],[118.2547449,40.6185952],[118.2541612,40.6182666],[118.2535379,40.617983],[118.2528809,40.6177472],[118.2521967,40.6175613],[118.2514917,40.6174273],[118.2507729,40.6173464],[118.250047,40.6173193],[118.2493211,40.6173464],[118.2486023,40.6174273],[118.2478973,40.6175613],[118.2472131,40.6177472],[118.2465561,40.617983],[118.2459328,40.6182666],[118.2453491,40.6185952],[118.2448106,40.6189656],[118.2443226,40.6193743],[118.2438897,40.6198173],[118.243516,40.6202905],[118.2432053,40.6207891],[118.2429605,40.6213084],[118.2427839,40.6218435],[118.2426773,40.6223891],[118.2426416,40.6229401],[118.2426773,40.623491],[118.2427839,40.6240366],[118.2429605,40.6245717],[118.2432053,40.625091],[118.243516,40.6255897],[118.2438897,40.6260628],[118.2443226,40.6265058],[118.2448106,40.6269145],[118.2453491,40.627285],[118.2459328,40.6276136],[118.2465561,40.6278971],[118.2472131,40.628133],[118.2478973,40.6283188],[118.2486023,40.6284528],[118.2493211,40.6285338],[118.250047,40.6285608]]]},"properties":{"name":"967无名峰","peak_elev":967,"eq_radius":625,"layer":"等效突出半径","rank_pct":0.8858,"center_lon":118.250047,"center_lat":40.62294006347656,"max_mean_jut":151.512,"max_ats":88.0293,"r_prominence":625,"r_base":625}},{"type":"Feature","geometry":{"type":"Polygon","coordinates":[[[118.216362,40.6134688],[118.2170877,40.6134417],[118.2178064,40.6133608],[118.2185112,40.6132267],[118.2191953,40.6130409],[118.2198521,40.6128051],[118.2204753,40.6125215],[118.2210589,40.6121929],[118.2215972,40.6118225],[118.2220851,40.6114138],[118.222518,40.6109707],[118.2228915,40.6104976],[118.2232021,40.609999],[118.2234469,40.6094796],[118.2236234,40.6089446],[118.2237301,40.6083989],[118.2237657,40.607848],[118.2237301,40.6072971],[118.2236234,40.6067514],[118.2234469,40.6062164],[118.2232021,40.605697],[118.2228915,40.6051984],[118.222518,40.6047253],[118.2220851,40.6042822],[118.2215972,40.6038735],[118.2210589,40.6035031],[118.2204753,40.6031745],[118.2198521,40.6028909],[118.2191953,40.6026551],[118.2185112,40.6024693],[118.2178064,40.6023352],[118.2170877,40.6022543],[118.216362,40.6022272],[118.2156363,40.6022543],[118.2149176,40.6023352],[118.2142128,40.6024693],[118.2135287,40.6026551],[118.2128719,40.6028909],[118.2122487,40.6031745],[118.2116651,40.6035031],[118.2111268,40.6038735],[118.2106389,40.6042822],[118.210206,40.6047253],[118.2098325,40.6051984],[118.2095219,40.605697],[118.2092771,40.6062164],[118.2091006,40.6067514],[118.2089939,40.6072971],[118.2089583,40.607848],[118.2089939,40.6083989],[118.2091006,40.6089446],[118.2092771,40.6094796],[118.2095219,40.609999],[118.2098325,40.6104976],[118.210206,40.6109707],[118.2106389,40.6114138],[118.2111268,40.6118225],[118.2116651,40.6121929],[118.2122487,40.6125215],[118.2128719,40.6128051],[118.2135287,40.6130409],[118.2142128,40.6132267],[118.2149176,40.6133608],[118.2156363,40.6134417],[118.216362,40.6134688]]]},"properties":{"name":"994无名峰(1)","peak_elev":994,"eq_radius":625,"layer":"等效突出半径","rank_pct":0.8858,"center_lon":118.21636199951172,"center_lat":40.607848,"max_mean_jut":157.4778,"max_ats":79.3804,"r_prominence":625,"r_base":875}},{"type":"Feature","geometry":{"type":"Polygon","coordinates":[[[119.068771,41.1850206],[119.0693566,41.184999],[119.0699366,41.1849342],[119.0705053,41.184827],[119.0710573,41.1846783],[119.0715873,41.1844897],[119.0720902,41.1842628],[119.0725612,41.1839999],[119.0729956,41.1837036],[119.0733893,41.1833766],[119.0737386,41.1830222],[119.07404,41.1826437],[119.0742907,41.1822448],[119.0744882,41.1818293],[119.0746307,41.1814012],[119.0747167,41.1809647],[119.0747455,41.180524],[119.0747167,41.1800833],[119.0746307,41.1796468],[119.0744882,41.1792187],[119.0742907,41.1788032],[119.07404,41.1784043],[119.0737386,41.1780258],[119.0733893,41.1776714],[119.0729956,41.1773444],[119.0725612,41.1770481],[119.0720902,41.1767852],[119.0715873,41.1765583],[119.0710573,41.1763697],[119.0705053,41.176221],[119.0699366,41.1761138],[119.0693566,41.176049],[119.068771,41.1760274],[119.0681854,41.176049],[119.0676054,41.1761138],[119.0670367,41.176221],[119.0664847,41.1763697],[119.0659547,41.1765583],[119.0654518,41.1767852],[119.0649808,41.1770481],[119.0645464,41.1773444],[119.0641527,41.1776714],[119.0638034,41.1780258],[119.063502,41.1784043],[119.0632513,41.1788032],[119.0630538,41.1792187],[119.0629113,41.1796468],[119.0628253,41.1800833],[119.0627965,41.180524],[119.0628253,41.1809647],[119.0629113,41.1814012],[119.0630538,41.1818293],[119.0632513,41.1822448],[119.063502,41.1826437],[119.0638034,41.1830222],[119.0641527,41.1833766],[119.0645464,41.1837036],[119.0649808,41.1839999],[119.0654518,41.1842628],[119.0659547,41.1844897],[119.0664847,41.1846783],[119.0670367,41.184827],[119.0676054,41.1849342],[119.0681854,41.184999],[119.068771,41.1850206]]]},"properties":{"name":"1025无名峰","peak_elev":1025,"eq_radius":500,"layer":"等效突出半径","rank_pct":0.937,"center_lon":119.068771,"center_lat":41.180524,"max_mean_jut":54.1719,"max_ats":26.2099,"r_prominence":500,"r_base":3250}},{"type":"Feature","geometry":{"type":"Polygon","coordinates":[[[118.305697,40.7349646],[118.3062786,40.734943],[118.3068546,40.7348782],[118.3074195,40.734771],[118.3079678,40.7346223],[118.3084942,40.7344337],[118.3089937,40.7342068],[118.3094614,40.7339439],[118.3098929,40.7336476],[118.3102839,40.7333206],[118.3106308,40.7329662],[118.3109302,40.7325877],[118.3111792,40.7321888],[118.3113754,40.7317733],[118.3115168,40.7313452],[118.3116023,40.7309087],[118.3116309,40.730468],[118.3116023,40.7300273],[118.3115168,40.7295908],[118.3113754,40.7291627],[118.3111792,40.7287472],[118.3109302,40.7283483],[118.3106308,40.7279698],[118.3102839,40.7276154],[118.3098929,40.7272884],[118.3094614,40.7269921],[118.3089937,40.7267292],[118.3084942,40.7265023],[118.3079678,40.7263137],[118.3074195,40.726165],[118.3068546,40.7260578],[118.3062786,40.725993],[118.305697,40.7259714],[118.3051154,40.725993],[118.3045394,40.7260578],[118.3039745,40.726165],[118.3034262,40.7263137],[118.3028998,40.7265023],[118.3024003,40.7267292],[118.3019326,40.7269921],[118.3015011,40.7272884],[118.3011101,40.7276154],[118.3007632,40.7279698],[118.3004638,40.7283483],[118.3002148,40.7287472],[118.3000186,40.7291627],[118.2998772,40.7295908],[118.2997917,40.7300273],[118.2997631,40.730468],[118.2997917,40.7309087],[118.2998772,40.7313452],[118.3000186,40.7317733],[118.3002148,40.7321888],[118.3004638,40.7325877],[118.3007632,40.7329662],[118.3011101,40.7333206],[118.3015011,40.7336476],[118.3019326,40.7339439],[118.3024003,40.7342068],[118.3028998,40.7344337],[118.3034262,40.7346223],[118.3039745,40.734771],[118.3045394,40.7348782],[118.3051154,40.734943],[118.305697,40.7349646]]]},"properties":{"name":"1065无名峰","peak_elev":1065,"eq_radius":500,"layer":"等效突出半径","rank_pct":0.937,"center_lon":118.305697,"center_lat":40.730468,"max_mean_jut":124.652,"max_ats":68.5491,"r_prominence":500,"r_base":500}},{"type":"Feature","geometry":{"type":"Polygon","coordinates":[[[119.761642,40.2126846],[119.7622191,40.212663],[119.7627907,40.2125982],[119.7633512,40.212491],[119.7638952,40.2123423],[119.7644175,40.2121537],[119.7649131,40.2119268],[119.7653772,40.2116639],[119.7658054,40.2113676],[119.7661934,40.2110406],[119.7665376,40.2106862],[119.7668347,40.2103077],[119.7670817,40.2099088],[119.7672764,40.2094933],[119.7674168,40.2090652],[119.7675015,40.2086287],[119.7675299,40.208188],[119.7675015,40.2077473],[119.7674168,40.2073108],[119.7672764,40.2068827],[119.7670817,40.2064672],[119.7668347,40.2060683],[119.7665376,40.2056898],[119.7661934,40.2053354],[119.7658054,40.2050084],[119.7653772,40.2047121],[119.7649131,40.2044492],[119.7644175,40.2042223],[119.7638952,40.2040337],[119.7633512,40.203885],[119.7627907,40.2037778],[119.7622191,40.203713],[119.761642,40.2036914],[119.7610649,40.203713],[119.7604933,40.2037778],[119.7599328,40.203885],[119.7593888,40.2040337],[119.7588665,40.2042223],[119.7583709,40.2044492],[119.7579068,40.2047121],[119.7574786,40.2050084],[119.7570906,40.2053354],[119.7567464,40.2056898],[119.7564493,40.2060683],[119.7562023,40.2064672],[119.7560076,40.2068827],[119.7558672,40.2073108],[119.7557825,40.2077473],[119.7557541,40.208188],[119.7557825,40.2086287],[119.7558672,40.2090652],[119.7560076,40.2094933],[119.7562023,40.2099088],[119.7564493,40.2103077],[119.7567464,40.2106862],[119.7570906,40.2110406],[119.7574786,40.2113676],[119.7579068,40.2116639],[119.7583709,40.2119268],[119.7588665,40.2121537],[119.7593888,40.2123423],[119.7599328,40.212491],[119.7604933,40.2125982],[119.7610649,40.212663],[119.761642,40.2126846]]]},"properties":{"name":"575无名峰","peak_elev":575,"eq_radius":500,"layer":"等效突出半径","rank_pct":0.937,"center_lon":119.761642,"center_lat":40.208188,"max_mean_jut":89.0526,"max_ats":49.1861,"r_prominence":500,"r_base":1500}},{"type":"Feature","geometry":{"type":"Polygon","coordinates":[[[119.409413,40.0259246],[119.4099885,40.025903],[119.4105585,40.0258382],[119.4111175,40.025731],[119.41166,40.0255823],[119.4121809,40.0253937],[119.4126752,40.0251668],[119.413138,40.0249039],[119.413565,40.0246076],[119.4139519,40.0242806],[119.4142952,40.0239262],[119.4145914,40.0235477],[119.4148378,40.0231488],[119.4150319,40.0227333],[119.4151719,40.0223052],[119.4152565,40.0218687],[119.4152847,40.021428],[119.4152565,40.0209873],[119.4151719,40.0205508],[119.4150319,40.0201227],[119.4148378,40.0197072],[119.4145914,40.0193083],[119.4142952,40.0189298],[119.4139519,40.0185754],[119.413565,40.0182484],[119.413138,40.0179521],[119.4126752,40.0176892],[119.4121809,40.0174623],[119.41166,40.0172737],[119.4111175,40.017125],[119.4105585,40.0170178],[119.4099885,40.016953],[119.409413,40.0169314],[119.4088375,40.016953],[119.4082675,40.0170178],[119.4077085,40.017125],[119.407166,40.0172737],[119.4066451,40.0174623],[119.4061508,40.0176892],[119.405688,40.0179521],[119.405261,40.0182484],[119.4048741,40.0185754],[119.4045308,40.0189298],[119.4042346,40.0193083],[119.4039882,40.0197072],[119.4037941,40.0201227],[119.4036541,40.0205508],[119.4035695,40.0209873],[119.4035413,40.021428],[119.4035695,40.0218687],[119.4036541,40.0223052],[119.4037941,40.0227333],[119.4039882,40.0231488],[119.4042346,40.0235477],[119.4045308,40.0239262],[119.4048741,40.0242806],[119.405261,40.0246076],[119.405688,40.0249039],[119.4061508,40.0251668],[119.4066451,40.0253937],[119.407166,40.0255823],[119.4077085,40.025731],[119.4082675,40.0258382],[119.4088375,40.025903],[119.409413,40.0259246]]]},"properties":{"name":"北天门581","peak_elev":581,"eq_radius":500,"layer":"等效突出半径","rank_pct":0.937,"center_lon":119.409413,"center_lat":40.021428,"max_mean_jut":62.8032,"max_ats":36.079,"r_prominence":500,"r_base":500}},{"type":"Feature","geometry":{"type":"Polygon","coordinates":[[[119.921452,40.5719206],[119.9220322,40.571899],[119.9226068,40.5718342],[119.9231703,40.571727],[119.9237173,40.5715783],[119.9242424,40.5713897],[119.9247406,40.5711628],[119.9252072,40.5708999],[119.9256376,40.5706036],[119.9260277,40.5702766],[119.9263738,40.5699222],[119.9266724,40.5695437],[119.9269208,40.5691448],[119.9271165,40.5687293],[119.9272576,40.5683012],[119.9273429,40.5678647],[119.9273714,40.567424],[119.9273429,40.5669833],[119.9272576,40.5665468],[119.9271165,40.5661187],[119.9269208,40.5657032],[119.9266724,40.5653043],[119.9263738,40.5649258],[119.9260277,40.5645714],[119.9256376,40.5642444],[119.9252072,40.5639481],[119.9247406,40.5636852],[119.9242424,40.5634583],[119.9237173,40.5632697],[119.9231703,40.563121],[119.9226068,40.5630138],[119.9220322,40.562949],[119.921452,40.5629274],[119.9208718,40.562949],[119.9202972,40.5630138],[119.9197337,40.563121],[119.9191867,40.5632697],[119.9186616,40.5634583],[119.9181634,40.5636852],[119.9176968,40.5639481],[119.9172664,40.5642444],[119.9168763,40.5645714],[119.9165302,40.5649258],[119.9162316,40.5653043],[119.9159832,40.5657032],[119.9157875,40.5661187],[119.9156464,40.5665468],[119.9155611,40.5669833],[119.9155326,40.567424],[119.9155611,40.5678647],[119.9156464,40.5683012],[119.9157875,40.5687293],[119.9159832,40.5691448],[119.9162316,40.5695437],[119.9165302,40.5699222],[119.9168763,40.5702766],[119.9172664,40.5706036],[119.9176968,40.5708999],[119.9181634,40.5711628],[119.9186616,40.5713897],[119.9191867,40.5715783],[119.9197337,40.571727],[119.9202972,40.5718342],[119.9208718,40.571899],[119.921452,40.5719206]]]},"properties":{"name":"635无名峰","peak_elev":635,"eq_radius":500,"layer":"等效突出半径","rank_pct":0.937,"center_lon":119.921452,"center_lat":40.567424,"max_mean_jut":60.503,"max_ats":35.0962,"r_prominence":500,"r_base":500}},{"type":"Feature","geometry":{"type":"Polygon","coordinates":[[[118.290202,40.5293406],[118.2907818,40.529319],[118.2913561,40.5292542],[118.2919192,40.529147],[118.2924658,40.5289983],[118.2929906,40.5288097],[118.2934885,40.5285828],[118.2939548,40.5283199],[118.294385,40.5280236],[118.2947748,40.5276966],[118.2951207,40.5273422],[118.2954191,40.5269637],[118.2956673,40.5265648],[118.2958629,40.5261493],[118.296004,40.5257212],[118.2960891,40.5252847],[118.2961176,40.524844],[118.2960891,40.5244033],[118.296004,40.5239668],[118.2958629,40.5235387],[118.2956673,40.5231232],[118.2954191,40.5227243],[118.2951207,40.5223458],[118.2947748,40.5219914],[118.294385,40.5216644],[118.2939548,40.5213681],[118.2934885,40.5211052],[118.2929906,40.5208783],[118.2924658,40.5206897],[118.2919192,40.520541],[118.2913561,40.5204338],[118.2907818,40.520369],[118.290202,40.5203474],[118.2896222,40.520369],[118.2890479,40.5204338],[118.2884848,40.520541],[118.2879382,40.5206897],[118.2874134,40.5208783],[118.2869155,40.5211052],[118.2864492,40.5213681],[118.286019,40.5216644],[118.2856292,40.5219914],[118.2852833,40.5223458],[118.2849849,40.5227243],[118.2847367,40.5231232],[118.2845411,40.5235387],[118.2844,40.5239668],[118.2843149,40.5244033],[118.2842864,40.524844],[118.2843149,40.5252847],[118.2844,40.5257212],[118.2845411,40.5261493],[118.2847367,40.5265648],[118.2849849,40.5269637],[118.2852833,40.5273422],[118.2856292,40.5276966],[118.286019,40.5280236],[118.2864492,40.5283199],[118.2869155,40.5285828],[118.2874134,40.5288097],[118.2879382,40.5289983],[118.2884848,40.529147],[118.2890479,40.5292542],[118.2896222,40.529319],[118.290202,40.5293406]]]},"properties":{"name":"719无名峰","peak_elev":719,"eq_radius":500,"layer":"等效突出半径","rank_pct":0.937,"center_lon":118.290202,"center_lat":40.524844,"max_mean_jut":103.0401,"max_ats":62.8041,"r_prominence":500,"r_base":1750}},{"type":"Feature","geometry":{"type":"Polygon","coordinates":[[[118.057358,40.6826826],[118.0579392,40.682661],[118.0585147,40.6825962],[118.0590792,40.682489],[118.059627,40.6823403],[118.060153,40.6821517],[118.0606521,40.6819248],[118.0611194,40.6816619],[118.0615506,40.6813656],[118.0619413,40.6810386],[118.062288,40.6806842],[118.0625871,40.6803057],[118.0628359,40.6799068],[118.0630319,40.6794913],[118.0631733,40.6790632],[118.0632587,40.6786267],[118.0632872,40.678186],[118.0632587,40.6777453],[118.0631733,40.6773088],[118.0630319,40.6768807],[118.0628359,40.6764652],[118.0625871,40.6760663],[118.062288,40.6756878],[118.0619413,40.6753334],[118.0615506,40.6750064],[118.0611194,40.6747101],[118.0606521,40.6744472],[118.060153,40.6742203],[118.059627,40.6740317],[118.0590792,40.673883],[118.0585147,40.6737758],[118.0579392,40.673711],[118.057358,40.6736894],[118.0567768,40.673711],[118.0562013,40.6737758],[118.0556368,40.673883],[118.055089,40.6740317],[118.054563,40.6742203],[118.0540639,40.6744472],[118.0535966,40.6747101],[118.0531654,40.6750064],[118.0527747,40.6753334],[118.052428,40.6756878],[118.0521289,40.6760663],[118.0518801,40.6764652],[118.0516841,40.6768807],[118.0515427,40.6773088],[118.0514573,40.6777453],[118.0514288,40.678186],[118.0514573,40.6786267],[118.0515427,40.6790632],[118.0516841,40.6794913],[118.0518801,40.6799068],[118.0521289,40.6803057],[118.052428,40.6806842],[118.0527747,40.6810386],[118.0531654,40.6813656],[118.0535966,40.6816619],[118.0540639,40.6819248],[118.054563,40.6821517],[118.055089,40.6823403],[118.0556368,40.682489],[118.0562013,40.6825962],[118.0567768,40.682661],[118.057358,40.6826826]]]},"properties":{"name":"727无名峰","peak_elev":727,"eq_radius":500,"layer":"等效突出半径","rank_pct":0.937,"center_lon":118.057358,"center_lat":40.678186,"max_mean_jut":67.6321,"max_ats":33.6484,"r_prominence":500,"r_base":375}},{"type":"Feature","geometry":{"type":"Polygon","coordinates":[[[119.715289,40.0919506],[119.7158651,40.091929],[119.7164356,40.0918642],[119.7169951,40.091757],[119.7175382,40.0916083],[119.7180596,40.0914197],[119.7185543,40.0911928],[119.7190176,40.0909299],[119.719445,40.0906336],[119.7198323,40.0903066],[119.7201759,40.0899522],[119.7204724,40.0895737],[119.720719,40.0891748],[119.7209134,40.0887593],[119.7210535,40.0883312],[119.7211381,40.0878947],[119.7211664,40.087454],[119.7211381,40.0870133],[119.7210535,40.0865768],[119.7209134,40.0861487],[119.720719,40.0857332],[119.7204724,40.0853343],[119.7201759,40.0849558],[119.7198323,40.0846014],[119.719445,40.0842744],[119.7190176,40.0839781],[119.7185543,40.0837152],[119.7180596,40.0834883],[119.7175382,40.0832997],[119.7169951,40.083151],[119.7164356,40.0830438],[119.7158651,40.082979],[119.715289,40.0829574],[119.7147129,40.082979],[119.7141424,40.0830438],[119.7135829,40.083151],[119.7130398,40.0832997],[119.7125184,40.0834883],[119.7120237,40.0837152],[119.7115604,40.0839781],[119.711133,40.0842744],[119.7107457,40.0846014],[119.7104021,40.0849558],[119.7101056,40.0853343],[119.709859,40.0857332],[119.7096646,40.0861487],[119.7095245,40.0865768],[119.7094399,40.0870133],[119.7094116,40.087454],[119.7094399,40.0878947],[119.7095245,40.0883312],[119.7096646,40.0887593],[119.709859,40.0891748],[119.7101056,40.0895737],[119.7104021,40.0899522],[119.7107457,40.0903066],[119.711133,40.0906336],[119.7115604,40.0909299],[119.7120237,40.0911928],[119.7125184,40.0914197],[119.7130398,40.0916083],[119.7135829,40.091757],[119.7141424,40.0918642],[119.7147129,40.091929],[119.715289,40.0919506]]]},"properties":{"name":"后寺湖山793","peak_elev":793,"eq_radius":500,"layer":"等效突出半径","rank_pct":0.937,"center_lon":119.715289,"center_lat":40.087454,"max_mean_jut":101.9017,"max_ats":55.2075,"r_prominence":500,"r_base":7750}},{"type":"Feature","geometry":{"type":"Polygon","coordinates":[[[118.0244827,40.7573326],[118.0250645,40.757311],[118.0256408,40.7572462],[118.0262058,40.757139],[118.0267543,40.7569903],[118.0272809,40.7568017],[118.0277805,40.7565748],[118.0282484,40.7563119],[118.02868,40.7560156],[118.0290712,40.7556886],[118.0294182,40.7553342],[118.0297177,40.7549557],[118.0299667,40.7545568],[118.030163,40.7541413],[118.0303045,40.7537132],[118.03039,40.7532767],[118.0304186,40.752836],[118.03039,40.7523953],[118.0303045,40.7519588],[118.030163,40.7515307],[118.0299667,40.7511152],[118.0297177,40.7507163],[118.0294182,40.7503378],[118.0290712,40.7499834],[118.02868,40.7496564],[118.0282484,40.7493601],[118.0277805,40.7490972],[118.0272809,40.7488703],[118.0267543,40.7486817],[118.0262058,40.748533],[118.0256408,40.7484258],[118.0250645,40.748361],[118.0244827,40.7483394],[118.0239009,40.748361],[118.0233247,40.7484258],[118.0227596,40.748533],[118.0222112,40.7486817],[118.0216846,40.7488703],[118.0211849,40.7490972],[118.0207171,40.7493601],[118.0202854,40.7496564],[118.0198942,40.7499834],[118.0195472,40.7503378],[118.0192478,40.7507163],[118.0189987,40.7511152],[118.0188025,40.7515307],[118.0186609,40.7519588],[118.0185754,40.7523953],[118.0185469,40.752836],[118.0185754,40.7532767],[118.0186609,40.7537132],[118.0188025,40.7541413],[118.0189987,40.7545568],[118.0192478,40.7549557],[118.0195472,40.7553342],[118.0198942,40.7556886],[118.0202854,40.7560156],[118.0207171,40.7563119],[118.0211849,40.7565748],[118.0216846,40.7568017],[118.0222112,40.7569903],[118.0227596,40.757139],[118.0233247,40.7572462],[118.0239009,40.757311],[118.0244827,40.7573326]]]},"properties":{"name":"821无名峰","peak_elev":821,"eq_radius":500,"layer":"等效突出半径","rank_pct":0.937,"center_lon":118.02448272705078,"center_lat":40.752836,"max_mean_jut":97.1537,"max_ats":53.4072,"r_prominence":500,"r_base":625}},{"type":"Feature","geometry":{"type":"Polygon","coordinates":[[[119.707743,40.4722076],[119.7083223,40.472186],[119.7088961,40.4721212],[119.7094588,40.472014],[119.7100049,40.4718653],[119.7105292,40.4716767],[119.7110267,40.4714498],[119.7114926,40.4711869],[119.7119224,40.4708906],[119.7123119,40.4705636],[119.7126575,40.4702092],[119.7129557,40.4698307],[119.7132037,40.4694318],[119.7133991,40.4690163],[119.71354,40.4685882],[119.7136251,40.4681517],[119.7136536,40.467711],[119.7136251,40.4672703],[119.71354,40.4668338],[119.7133991,40.4664057],[119.7132037,40.4659902],[119.7129557,40.4655913],[119.7126575,40.4652128],[119.7123119,40.4648584],[119.7119224,40.4645314],[119.7114926,40.4642351],[119.7110267,40.4639722],[119.7105292,40.4637453],[119.7100049,40.4635567],[119.7094588,40.463408],[119.7088961,40.4633008],[119.7083223,40.463236],[119.707743,40.4632144],[119.7071637,40.463236],[119.7065899,40.4633008],[119.7060272,40.463408],[119.7054811,40.4635567],[119.7049568,40.4637453],[119.7044593,40.4639722],[119.7039934,40.4642351],[119.7035636,40.4645314],[119.7031741,40.4648584],[119.7028285,40.4652128],[119.7025303,40.4655913],[119.7022823,40.4659902],[119.7020869,40.4664057],[119.701946,40.4668338],[119.7018609,40.4672703],[119.7018324,40.467711],[119.7018609,40.4681517],[119.701946,40.4685882],[119.7020869,40.4690163],[119.7022823,40.4694318],[119.7025303,40.4698307],[119.7028285,40.4702092],[119.7031741,40.4705636],[119.7035636,40.4708906],[119.7039934,40.4711869],[119.7044593,40.4714498],[119.7049568,40.4716767],[119.7054811,40.4718653],[119.7060272,40.472014],[119.7065899,40.4721212],[119.7071637,40.472186],[119.707743,40.4722076]]]},"properties":{"name":"850无名峰","peak_elev":850,"eq_radius":500,"layer":"等效突出半径","rank_pct":0.937,"center_lon":119.707743,"center_lat":40.467711,"max_mean_jut":88.5942,"max_ats":40.573,"r_prominence":500,"r_base":500}},{"type":"Feature","geometry":{"type":"Polygon","coordinates":[[[118.0644989,40.7158308],[118.0650804,40.7158092],[118.0656562,40.7157444],[118.0662209,40.7156372],[118.066769,40.7154886],[118.0672953,40.7152999],[118.0677946,40.715073],[118.0682622,40.7148102],[118.0686936,40.7145138],[118.0690845,40.7141868],[118.0694313,40.7138324],[118.0697306,40.7134539],[118.0699795,40.713055],[118.0701756,40.7126395],[118.0703171,40.7122115],[118.0704025,40.711775],[118.0704311,40.7113342],[118.0704025,40.7108935],[118.0703171,40.710457],[118.0701756,40.7100289],[118.0699795,40.7096135],[118.0697306,40.7092145],[118.0694313,40.708836],[118.0690845,40.7084816],[118.0686936,40.7081546],[118.0682622,40.7078583],[118.0677946,40.7075954],[118.0672953,40.7073686],[118.066769,40.7071799],[118.0662209,40.7070312],[118.0656562,40.706924],[118.0650804,40.7068593],[118.0644989,40.7068376],[118.0639174,40.7068593],[118.0633416,40.706924],[118.0627769,40.7070312],[118.0622288,40.7071799],[118.0617025,40.7073686],[118.0612032,40.7075954],[118.0607356,40.7078583],[118.0603042,40.7081546],[118.0599133,40.7084816],[118.0595665,40.708836],[118.0592672,40.7092145],[118.0590183,40.7096135],[118.0588222,40.7100289],[118.0586807,40.710457],[118.0585953,40.7108935],[118.0585667,40.7113342],[118.0585953,40.711775],[118.0586807,40.7122115],[118.0588222,40.7126395],[118.0590183,40.713055],[118.0592672,40.7134539],[118.0595665,40.7138324],[118.0599133,40.7141868],[118.0603042,40.7145138],[118.0607356,40.7148102],[118.0612032,40.715073],[118.0617025,40.7152999],[118.0622288,40.7154886],[118.0627769,40.7156372],[118.0633416,40.7157444],[118.0639174,40.7158092],[118.0644989,40.7158308]]]},"properties":{"name":"916无名峰","peak_elev":916,"eq_radius":500,"layer":"等效突出半径","rank_pct":0.937,"center_lon":118.0644989013672,"center_lat":40.711334228515625,"max_mean_jut":91.46,"max_ats":49.8915,"r_prominence":500,"r_base":500}},{"type":"Feature","geometry":{"type":"Polygon","coordinates":[[[119.665837,40.5126316],[119.6664167,40.51261],[119.6669908,40.5125452],[119.6675538,40.512438],[119.6681002,40.5122893],[119.6686249,40.5121007],[119.6691227,40.5118738],[119.6695889,40.5116109],[119.6700189,40.5113146],[119.6704087,40.5109876],[119.6707544,40.5106332],[119.6710528,40.5102547],[119.671301,40.5098558],[119.6714965,40.5094403],[119.6716375,40.5090122],[119.6717227,40.5085757],[119.6717511,40.508135],[119.6717227,40.5076943],[119.6716375,40.5072578],[119.6714965,40.5068297],[119.671301,40.5064142],[119.6710528,40.5060153],[119.6707544,40.5056368],[119.6704087,40.5052824],[119.6700189,40.5049554],[119.6695889,40.5046591],[119.6691227,40.5043962],[119.6686249,40.5041693],[119.6681002,40.5039807],[119.6675538,40.503832],[119.6669908,40.5037248],[119.6664167,40.50366],[119.665837,40.5036384],[119.6652573,40.50366],[119.6646832,40.5037248],[119.6641202,40.503832],[119.6635738,40.5039807],[119.6630491,40.5041693],[119.6625513,40.5043962],[119.6620851,40.5046591],[119.6616551,40.5049554],[119.6612653,40.5052824],[119.6609196,40.5056368],[119.6606212,40.5060153],[119.660373,40.5064142],[119.6601775,40.5068297],[119.6600365,40.5072578],[119.6599513,40.5076943],[119.6599229,40.508135],[119.6599513,40.5085757],[119.6600365,40.5090122],[119.6601775,40.5094403],[119.660373,40.5098558],[119.6606212,40.5102547],[119.6609196,40.5106332],[119.6612653,40.5109876],[119.6616551,40.5113146],[119.6620851,40.5116109],[119.6625513,40.5118738],[119.6630491,40.5121007],[119.6635738,40.5122893],[119.6641202,40.512438],[119.6646832,40.5125452],[119.6652573,40.51261],[119.665837,40.5126316]]]},"properties":{"name":"锁链砬山983","peak_elev":983,"eq_radius":500,"layer":"等效突出半径","rank_pct":0.937,"center_lon":119.665837,"center_lat":40.508135,"max_mean_jut":108.8745,"max_ats":67.5162,"r_prominence":500,"r_base":500}},{"type":"Feature","geometry":{"type":"Polygon","coordinates":[[[119.393782,40.0911426],[119.3943581,40.091121],[119.3949286,40.0910562],[119.3954881,40.090949],[119.3960312,40.0908003],[119.3965526,40.0906117],[119.3970473,40.0903848],[119.3975106,40.0901219],[119.3979379,40.0898256],[119.3983253,40.0894986],[119.3986689,40.0891442],[119.3989654,40.0887657],[119.399212,40.0883668],[119.3994063,40.0879513],[119.3995464,40.0875232],[119.3996311,40.0870867],[119.3996594,40.086646],[119.3996311,40.0862053],[119.3995464,40.0857688],[119.3994063,40.0853407],[119.399212,40.0849252],[119.3989654,40.0845263],[119.3986689,40.0841478],[119.3983253,40.0837934],[119.3979379,40.0834664],[119.3975106,40.0831701],[119.3970473,40.0829072],[119.3965526,40.0826803],[119.3960312,40.0824917],[119.3954881,40.082343],[119.3949286,40.0822358],[119.3943581,40.082171],[119.393782,40.0821494],[119.3932059,40.082171],[119.3926354,40.0822358],[119.3920759,40.082343],[119.3915328,40.0824917],[119.3910114,40.0826803],[119.3905167,40.0829072],[119.3900534,40.0831701],[119.3896261,40.0834664],[119.3892387,40.0837934],[119.3888951,40.0841478],[119.3885986,40.0845263],[119.388352,40.0849252],[119.3881577,40.0853407],[119.3880176,40.0857688],[119.3879329,40.0862053],[119.3879046,40.086646],[119.3879329,40.0870867],[119.3880176,40.0875232],[119.3881577,40.0879513],[119.388352,40.0883668],[119.3885986,40.0887657],[119.3888951,40.0891442],[119.3892387,40.0894986],[119.3896261,40.0898256],[119.3900534,40.0901219],[119.3905167,40.0903848],[119.3910114,40.0906117],[119.3915328,40.0908003],[119.3920759,40.090949],[119.3926354,40.0910562],[119.3932059,40.091121],[119.393782,40.0911426]]]},"properties":{"name":"背牛顶956","peak_elev":938,"eq_radius":500,"layer":"等效突出半径","rank_pct":0.937,"center_lon":119.393782,"center_lat":40.086646,"max_mean_jut":155.9443,"max_ats":92.5738,"r_prominence":500,"r_base":625}},{"type":"Feature","geometry":{"type":"Polygon","coordinates":[[[119.391895,40.1390665],[119.3923274,40.1390502],[119.3927556,40.1390017],[119.3931755,40.1389212],[119.3935831,40.1388097],[119.3939744,40.1386682],[119.3943457,40.1384981],[119.3946934,40.1383009],[119.3950142,40.1380787],[119.3953049,40.1378335],[119.3955628,40.1375676],[119.3957853,40.1372838],[119.3959704,40.1369846],[119.3961163,40.136673],[119.3962214,40.1363519],[119.396285,40.1360246],[119.3963062,40.135694],[119.396285,40.1353634],[119.3962214,40.1350361],[119.3961163,40.134715],[119.3959704,40.1344034],[119.3957853,40.1341042],[119.3955628,40.1338204],[119.3953049,40.1335545],[119.3950142,40.1333093],[119.3946934,40.1330871],[119.3943457,40.1328899],[119.3939744,40.1327198],[119.3935831,40.1325783],[119.3931755,40.1324668],[119.3927556,40.1323863],[119.3923274,40.1323378],[119.391895,40.1323215],[119.3914626,40.1323378],[119.3910344,40.1323863],[119.3906145,40.1324668],[119.3902069,40.1325783],[119.3898156,40.1327198],[119.3894443,40.1328899],[119.3890966,40.1330871],[119.3887758,40.1333093],[119.3884851,40.1335545],[119.3882272,40.1338204],[119.3880047,40.1341042],[119.3878196,40.1344034],[119.3876737,40.134715],[119.3875686,40.1350361],[119.387505,40.1353634],[119.3874838,40.135694],[119.387505,40.1360246],[119.3875686,40.1363519],[119.3876737,40.136673],[119.3878196,40.1369846],[119.3880047,40.1372838],[119.3882272,40.1375676],[119.3884851,40.1378335],[119.3887758,40.1380787],[119.3890966,40.1383009],[119.3894443,40.1384981],[119.3898156,40.1386682],[119.3902069,40.1388097],[119.3906145,40.1389212],[119.3910344,40.1390017],[119.3914626,40.1390502],[119.391895,40.1390665]]]},"properties":{"name":"1016无名峰","peak_elev":1016,"eq_radius":375,"layer":"等效突出半径","rank_pct":0.9882,"center_lon":119.391895,"center_lat":40.135694,"max_mean_jut":79.8833,"max_ats":40.0947,"r_prominence":375,"r_base":null}},{"type":"Feature","geometry":{"type":"Polygon","coordinates":[[[119.748167,40.4848275],[119.7486016,40.4848112],[119.749032,40.4847627],[119.7494541,40.4846822],[119.7498638,40.4845707],[119.7502571,40.4844292],[119.7506303,40.4842591],[119.7509798,40.4840619],[119.7513022,40.4838397],[119.7515944,40.4835945],[119.7518536,40.4833286],[119.7520773,40.4830448],[119.7522633,40.4827456],[119.7524099,40.482434],[119.7525157,40.4821129],[119.7525795,40.4817856],[119.7526008,40.481455],[119.7525795,40.4811244],[119.7525157,40.4807971],[119.7524099,40.480476],[119.7522633,40.4801644],[119.7520773,40.4798652],[119.7518536,40.4795814],[119.7515944,40.4793155],[119.7513022,40.4790703],[119.7509798,40.4788481],[119.7506303,40.4786509],[119.7502571,40.4784808],[119.7498638,40.4783393],[119.7494541,40.4782278],[119.749032,40.4781473],[119.7486016,40.4780988],[119.748167,40.4780825],[119.7477324,40.4780988],[119.747302,40.4781473],[119.7468799,40.4782278],[119.7464702,40.4783393],[119.7460769,40.4784808],[119.7457037,40.4786509],[119.7453542,40.4788481],[119.7450318,40.4790703],[119.7447396,40.4793155],[119.7444804,40.4795814],[119.7442567,40.4798652],[119.7440707,40.4801644],[119.7439241,40.480476],[119.7438183,40.4807971],[119.7437545,40.4811244],[119.7437332,40.481455],[119.7437545,40.4817856],[119.7438183,40.4821129],[119.7439241,40.482434],[119.7440707,40.4827456],[119.7442567,40.4830448],[119.7444804,40.4833286],[119.7447396,40.4835945],[119.7450318,40.4838397],[119.7453542,40.4840619],[119.7457037,40.4842591],[119.7460769,40.4844292],[119.7464702,40.4845707],[119.7468799,40.4846822],[119.747302,40.4847627],[119.7477324,40.4848112],[119.748167,40.4848275]]]},"properties":{"name":"795无名峰","peak_elev":795,"eq_radius":375,"layer":"等效突出半径","rank_pct":0.9882,"center_lon":119.748167,"center_lat":40.481455,"max_mean_jut":72.7606,"max_ats":34.3622,"r_prominence":375,"r_base":375}},{"type":"Feature","geometry":{"type":"Polygon","coordinates":[[[119.366563,40.1202015],[119.3669953,40.1201852],[119.3674233,40.1201367],[119.3678432,40.1200562],[119.3682506,40.1199447],[119.3686419,40.1198032],[119.3690131,40.1196331],[119.3693607,40.1194359],[119.3696813,40.1192137],[119.369972,40.1189685],[119.3702298,40.1187026],[119.3704523,40.1184188],[119.3706373,40.1181196],[119.3707831,40.117808],[119.3708882,40.1174869],[119.3709517,40.1171596],[119.370973,40.116829],[119.3709517,40.1164984],[119.3708882,40.1161711],[119.3707831,40.11585],[119.3706373,40.1155384],[119.3704523,40.1152392],[119.3702298,40.1149554],[119.369972,40.1146895],[119.3696813,40.1144443],[119.3693607,40.1142221],[119.3690131,40.1140249],[119.3686419,40.1138548],[119.3682506,40.1137133],[119.3678432,40.1136018],[119.3674233,40.1135213],[119.3669953,40.1134728],[119.366563,40.1134565],[119.3661307,40.1134728],[119.3657027,40.1135213],[119.3652828,40.1136018],[119.3648754,40.1137133],[119.3644841,40.1138548],[119.3641129,40.1140249],[119.3637653,40.1142221],[119.3634447,40.1144443],[119.363154,40.1146895],[119.3628962,40.1149554],[119.3626737,40.1152392],[119.3624887,40.1155384],[119.3623429,40.11585],[119.3622378,40.1161711],[119.3621743,40.1164984],[119.362153,40.116829],[119.3621743,40.1171596],[119.3622378,40.1174869],[119.3623429,40.117808],[119.3624887,40.1181196],[119.3626737,40.1184188],[119.3628962,40.1187026],[119.363154,40.1189685],[119.3634447,40.1192137],[119.3637653,40.1194359],[119.3641129,40.1196331],[119.3644841,40.1198032],[119.3648754,40.1199447],[119.3652828,40.1200562],[119.3657027,40.1201367],[119.3661307,40.1201852],[119.366563,40.1202015]]]},"properties":{"name":"826无名峰","peak_elev":826,"eq_radius":375,"layer":"等效突出半径","rank_pct":0.9882,"center_lon":119.366563,"center_lat":40.116829,"max_mean_jut":110.8819,"max_ats":56.4082,"r_prominence":375,"r_base":250}},{"type":"Feature","geometry":{"type":"Polygon","coordinates":[[[119.443638,40.1336765],[119.4440703,40.1336602],[119.4444985,40.1336117],[119.4449184,40.1335312],[119.445326,40.1334197],[119.4457173,40.1332782],[119.4460885,40.1331081],[119.4464362,40.1329109],[119.4467569,40.1326887],[119.4470476,40.1324435],[119.4473055,40.1321776],[119.447528,40.1318938],[119.4477131,40.1315946],[119.4478589,40.131283],[119.4479641,40.1309619],[119.4480276,40.1306346],[119.4480489,40.130304],[119.4480276,40.1299734],[119.4479641,40.1296461],[119.4478589,40.129325],[119.4477131,40.1290134],[119.447528,40.1287142],[119.4473055,40.1284304],[119.4470476,40.1281645],[119.4467569,40.1279193],[119.4464362,40.1276971],[119.4460885,40.1274999],[119.4457173,40.1273298],[119.445326,40.1271883],[119.4449184,40.1270768],[119.4444985,40.1269963],[119.4440703,40.1269478],[119.443638,40.1269315],[119.4432057,40.1269478],[119.4427775,40.1269963],[119.4423576,40.1270768],[119.44195,40.1271883],[119.4415587,40.1273298],[119.4411875,40.1274999],[119.4408398,40.1276971],[119.4405191,40.1279193],[119.4402284,40.1281645],[119.4399705,40.1284304],[119.439748,40.1287142],[119.4395629,40.1290134],[119.4394171,40.129325],[119.4393119,40.1296461],[119.4392484,40.1299734],[119.4392271,40.130304],[119.4392484,40.1306346],[119.4393119,40.1309619],[119.4394171,40.131283],[119.4395629,40.1315946],[119.439748,40.1318938],[119.4399705,40.1321776],[119.4402284,40.1324435],[119.4405191,40.1326887],[119.4408398,40.1329109],[119.4411875,40.1331081],[119.4415587,40.1332782],[119.44195,40.1334197],[119.4423576,40.1335312],[119.4427775,40.1336117],[119.4432057,40.1336602],[119.443638,40.1336765]]]},"properties":{"name":"913无名峰","peak_elev":913,"eq_radius":375,"layer":"等效突出半径","rank_pct":0.9882,"center_lon":119.443638,"center_lat":40.130304,"max_mean_jut":100.3448,"max_ats":49.8303,"r_prominence":375,"r_base":null}}]}