{"type":"FeatureCollection","features":[{"type":"Feature","geometry":{"type":"Polygon","coordinates":[[[118.842665,40.6779987],[118.8623794,40.6772625],[118.8819039,40.675061],[118.9010505,40.6714155],[118.9196349,40.666361],[118.937478,40.6599462],[118.9544079,40.652233],[118.9702618,40.6432955],[118.9848868,40.6332198],[118.9981421,40.622103],[119.0099001,40.6100522],[119.0200476,40.5971833],[119.0284867,40.5836204],[119.0351363,40.5694941],[119.0399323,40.5549403],[119.0428285,40.5400993],[119.043797,40.525114],[119.0428285,40.5101287],[119.0399323,40.4952877],[119.0351363,40.4807339],[119.0284867,40.4666076],[119.0200476,40.4530447],[119.0099001,40.4401758],[118.9981421,40.428125],[118.9848868,40.4170082],[118.9702618,40.4069325],[118.9544079,40.397995],[118.937478,40.3902818],[118.9196349,40.383867],[118.9010505,40.3788125],[118.8819039,40.375167],[118.8623794,40.3729655],[118.842665,40.3722293],[118.8229506,40.3729655],[118.8034261,40.375167],[118.7842795,40.3788125],[118.7656951,40.383867],[118.747852,40.3902818],[118.7309221,40.397995],[118.7150682,40.4069325],[118.7004432,40.4170082],[118.6871879,40.428125],[118.6754299,40.4401758],[118.6652824,40.4530447],[118.6568433,40.4666076],[118.6501937,40.4807339],[118.6453977,40.4952877],[118.6425015,40.5101287],[118.641533,40.525114],[118.6425015,40.5400993],[118.6453977,40.5549403],[118.6501937,40.5694941],[118.6568433,40.5836204],[118.6652824,40.5971833],[118.6754299,40.6100522],[118.6871879,40.622103],[118.7004432,40.6332198],[118.7150682,40.6432955],[118.7309221,40.652233],[118.747852,40.6599462],[118.7656951,40.666361],[118.7842795,40.6714155],[118.8034261,40.675061],[118.8229506,40.6772625],[118.842665,40.6779987]]]},"properties":{"name":"1445无名峰","peak_elev":1445,"radius_m":17000,"layer":"ATS峰值响应半径","rank_pct":0.0,"center_lon":118.842665,"center_lat":40.525114,"max_mean_jut":74.1493,"max_ats":46.5178,"r_jmean_peak":1125,"r_ats_peak":17000,"r_ats_marginal":312.5,"ats_marginal_rate_max":0.06512895972441772,"ats_marginal_interval_start":250.0,"ats_marginal_interval_end":375.0,"is_expanded":true}},{"type":"Feature","geometry":{"type":"Polygon","coordinates":[[[118.772597,40.6629907],[118.7917285,40.6622762],[118.8106758,40.6601395],[118.8292564,40.6566012],[118.8472913,40.6516954],[118.8646069,40.6454693],[118.8810364,40.6379828],[118.8964215,40.6293082],[118.9106141,40.6195289],[118.9234776,40.6087391],[118.934888,40.5970427],[118.9447354,40.5845523],[118.9529251,40.5713883],[118.9593781,40.5576774],[118.9640323,40.5435517],[118.9668428,40.5291472],[118.9677827,40.5146027],[118.9668428,40.5000581],[118.9640323,40.4856536],[118.9593781,40.4715279],[118.9529251,40.457817],[118.9447354,40.444653],[118.934888,40.4321627],[118.9234776,40.4204663],[118.9106141,40.4096765],[118.8964215,40.3998971],[118.8810364,40.3912225],[118.8646069,40.3837361],[118.8472913,40.37751],[118.8292564,40.3726041],[118.8106758,40.3690658],[118.7917285,40.3669291],[118.772597,40.3662146],[118.7534655,40.3669291],[118.7345182,40.3690658],[118.7159376,40.3726041],[118.6979027,40.37751],[118.6805871,40.3837361],[118.6641576,40.3912225],[118.6487725,40.3998971],[118.6345799,40.4096765],[118.6217164,40.4204663],[118.610306,40.4321627],[118.6004586,40.444653],[118.5922689,40.457817],[118.5858159,40.4715279],[118.5811617,40.4856536],[118.5783512,40.5000581],[118.5774113,40.5146027],[118.5783512,40.5291472],[118.5811617,40.5435517],[118.5858159,40.5576774],[118.5922689,40.5713883],[118.6004586,40.5845523],[118.610306,40.5970427],[118.6217164,40.6087391],[118.6345799,40.6195289],[118.6487725,40.6293082],[118.6641576,40.6379828],[118.6805871,40.6454693],[118.6979027,40.6516954],[118.7159376,40.6566012],[118.7345182,40.6601395],[118.7534655,40.6622762],[118.772597,40.6629907]]]},"properties":{"name":"1405无名峰","peak_elev":1405,"radius_m":16500,"layer":"ATS峰值响应半径","rank_pct":0.0039,"center_lon":118.772597,"center_lat":40.51460266113281,"max_mean_jut":61.9744,"max_ats":39.101,"r_jmean_peak":14000,"r_ats_peak":16500,"r_ats_marginal":312.5,"ats_marginal_rate_max":0.04165223233634072,"ats_marginal_interval_start":250.0,"ats_marginal_interval_end":375.0,"is_expanded":true}},{"type":"Feature","geometry":{"type":"Polygon","coordinates":[[[118.786072,40.6402538],[118.8040404,40.6395826],[118.8218357,40.6375754],[118.8392866,40.6342516],[118.856225,40.629643],[118.8724878,40.6237943],[118.8879184,40.6167616],[118.9023682,40.6086127],[118.9156979,40.599426],[118.9277793,40.5892902],[118.9384959,40.5783026],[118.9477447,40.5665693],[118.9554364,40.5542031],[118.9614971,40.5413232],[118.9658683,40.5280536],[118.968508,40.5145221],[118.9693907,40.500859],[118.968508,40.4871959],[118.9658683,40.4736644],[118.9614971,40.4603948],[118.9554364,40.4475149],[118.9477447,40.4351487],[118.9384959,40.4234154],[118.9277793,40.4124278],[118.9156979,40.402292],[118.9023682,40.3931053],[118.8879184,40.3849564],[118.8724878,40.3779237],[118.856225,40.372075],[118.8392866,40.3674664],[118.8218357,40.3641426],[118.8040404,40.3621354],[118.786072,40.3614642],[118.7681036,40.3621354],[118.7503083,40.3641426],[118.7328574,40.3674664],[118.715919,40.372075],[118.6996562,40.3779237],[118.6842256,40.3849564],[118.6697758,40.3931053],[118.6564461,40.402292],[118.6443647,40.4124278],[118.6336481,40.4234154],[118.6243993,40.4351487],[118.6167076,40.4475149],[118.6106469,40.4603948],[118.6062757,40.4736644],[118.603636,40.4871959],[118.6027533,40.500859],[118.603636,40.5145221],[118.6062757,40.5280536],[118.6106469,40.5413232],[118.6167076,40.5542031],[118.6243993,40.5665693],[118.6336481,40.5783026],[118.6443647,40.5892902],[118.6564461,40.599426],[118.6697758,40.6086127],[118.6842256,40.6167616],[118.6996562,40.6237943],[118.715919,40.629643],[118.7328574,40.6342516],[118.7503083,40.6375754],[118.7681036,40.6395826],[118.786072,40.6402538]]]},"properties":{"name":"1672无名峰","peak_elev":1672,"radius_m":15500,"layer":"ATS峰值响应半径","rank_pct":0.0077,"center_lon":118.786072,"center_lat":40.500859,"max_mean_jut":122.3781,"max_ats":79.1926,"r_jmean_peak":10000,"r_ats_peak":15500,"r_ats_marginal":562.5,"ats_marginal_rate_max":0.041079262589803704,"ats_marginal_interval_start":500.0,"ats_marginal_interval_end":625.0,"is_expanded":true}},{"type":"Feature","geometry":{"type":"Polygon","coordinates":[[[119.429625,40.2355567],[119.446911,40.2349071],[119.4640306,40.2329646],[119.4808188,40.229748],[119.4971141,40.2252881],[119.5127593,40.219628],[119.5276039,40.2128222],[119.5415049,40.2049362],[119.5543285,40.1960459],[119.5659511,40.186237],[119.5762608,40.1756039],[119.5851583,40.164249],[119.592558,40.1522817],[119.5983885,40.1398173],[119.6025937,40.1269758],[119.6051332,40.1138808],[119.6059824,40.1006584],[119.6051332,40.0874361],[119.6025937,40.0743411],[119.5983885,40.0614995],[119.592558,40.0490351],[119.5851583,40.0370678],[119.5762608,40.025713],[119.5659511,40.0150799],[119.5543285,40.005271],[119.5415049,39.9963807],[119.5276039,39.9884946],[119.5127593,39.9816888],[119.4971141,39.9760287],[119.4808188,39.9715688],[119.4640306,39.9683522],[119.446911,39.9664097],[119.429625,39.9657602],[119.412339,39.9664097],[119.3952194,39.9683522],[119.3784312,39.9715688],[119.3621359,39.9760287],[119.3464907,39.9816888],[119.3316461,39.9884946],[119.3177451,39.9963807],[119.3049215,40.005271],[119.2932989,40.0150799],[119.2829892,40.025713],[119.2740917,40.0370678],[119.266692,40.0490351],[119.2608615,40.0614995],[119.2566563,40.0743411],[119.2541168,40.0874361],[119.2532676,40.1006584],[119.2541168,40.1138808],[119.2566563,40.1269758],[119.2608615,40.1398173],[119.266692,40.1522817],[119.2740917,40.164249],[119.2829892,40.1756039],[119.2932989,40.186237],[119.3049215,40.1960459],[119.3177451,40.2049362],[119.3316461,40.2128222],[119.3464907,40.219628],[119.3621359,40.2252881],[119.3784312,40.229748],[119.3952194,40.2329646],[119.412339,40.2349071],[119.429625,40.2355567]]]},"properties":{"name":"1154无名峰","peak_elev":1154,"radius_m":15000,"layer":"ATS峰值响应半径","rank_pct":0.0116,"center_lon":119.429625,"center_lat":40.10065841674805,"max_mean_jut":76.6257,"max_ats":51.6239,"r_jmean_peak":10000,"r_ats_peak":15000,"r_ats_marginal":187.5,"ats_marginal_rate_max":0.0686443584741368,"ats_marginal_interval_start":125.0,"ats_marginal_interval_end":250.0,"is_expanded":true}},{"type":"Feature","geometry":{"type":"Polygon","coordinates":[[[118.794965,40.6183243],[118.8117709,40.6176964],[118.8284149,40.6158187],[118.8447368,40.6127093],[118.8605794,40.6083981],[118.87579,40.6029266],[118.8902223,40.5963477],[118.9037372,40.5887245],[118.9162046,40.5801305],[118.9275043,40.5706486],[118.9375276,40.5603699],[118.946178,40.5493936],[118.9533721,40.5378252],[118.9590407,40.5257763],[118.9631291,40.5133628],[118.965598,40.5007043],[118.9664236,40.4879227],[118.965598,40.4751411],[118.9631291,40.4624826],[118.9590407,40.4500691],[118.9533721,40.4380201],[118.946178,40.4264518],[118.9375276,40.4154754],[118.9275043,40.4051967],[118.9162046,40.3957148],[118.9037372,40.3871208],[118.8902223,40.3794977],[118.87579,40.3729187],[118.8605794,40.3674473],[118.8447368,40.3631361],[118.8284149,40.3600267],[118.8117709,40.358149],[118.794965,40.357521],[118.7781591,40.358149],[118.7615151,40.3600267],[118.7451932,40.3631361],[118.7293506,40.3674473],[118.71414,40.3729187],[118.6997077,40.3794977],[118.6861928,40.3871208],[118.6737254,40.3957148],[118.6624257,40.4051967],[118.6524024,40.4154754],[118.643752,40.4264518],[118.6365579,40.4380201],[118.6308893,40.4500691],[118.6268009,40.4624826],[118.624332,40.4751411],[118.6235064,40.4879227],[118.624332,40.5007043],[118.6268009,40.5133628],[118.6308893,40.5257763],[118.6365579,40.5378252],[118.643752,40.5493936],[118.6524024,40.5603699],[118.6624257,40.5706486],[118.6737254,40.5801305],[118.6861928,40.5887245],[118.6997077,40.5963477],[118.71414,40.6029266],[118.7293506,40.6083981],[118.7451932,40.6127093],[118.7615151,40.6158187],[118.7781591,40.6176964],[118.794965,40.6183243]]]},"properties":{"name":"1561无名峰","peak_elev":1561,"radius_m":14500,"layer":"ATS峰值响应半径","rank_pct":0.0154,"center_lon":118.794965,"center_lat":40.48792266845703,"max_mean_jut":113.3947,"max_ats":65.4191,"r_jmean_peak":1625,"r_ats_peak":14500,"r_ats_marginal":187.5,"ats_marginal_rate_max":0.06848976601713681,"ats_marginal_interval_start":125.0,"ats_marginal_interval_end":250.0,"is_expanded":true}},{"type":"Feature","geometry":{"type":"Polygon","coordinates":[[[119.396746,40.233976],[119.4128814,40.2333698],[119.4288614,40.2315568],[119.4445321,40.2285546],[119.4597426,40.2243921],[119.4743465,40.2191093],[119.488203,40.2127572],[119.5011787,40.2053969],[119.5131486,40.1970993],[119.5239976,40.1879443],[119.533621,40.1780201],[119.5419263,40.1674222],[119.5488334,40.1562528],[119.5542758,40.1446193],[119.5582011,40.1326339],[119.5605715,40.1204119],[119.5613642,40.108071],[119.5605715,40.0957301],[119.5582011,40.0835081],[119.5542758,40.0715227],[119.5488334,40.0598892],[119.5419263,40.0487198],[119.533621,40.0381219],[119.5239976,40.0281977],[119.5131486,40.0190427],[119.5011787,40.0107451],[119.488203,40.0033848],[119.4743465,39.9970327],[119.4597426,39.9917499],[119.4445321,39.9875874],[119.4288614,39.9845852],[119.4128814,39.9827722],[119.396746,39.982166],[119.3806106,39.9827722],[119.3646306,39.9845852],[119.3489599,39.9875874],[119.3337494,39.9917499],[119.3191455,39.9970327],[119.305289,40.0033848],[119.2923133,40.0107451],[119.2803434,40.0190427],[119.2694944,40.0281977],[119.259871,40.0381219],[119.2515657,40.0487198],[119.2446586,40.0598892],[119.2392162,40.0715227],[119.2352909,40.0835081],[119.2329205,40.0957301],[119.2321278,40.108071],[119.2329205,40.1204119],[119.2352909,40.1326339],[119.2392162,40.1446193],[119.2446586,40.1562528],[119.2515657,40.1674222],[119.259871,40.1780201],[119.2694944,40.1879443],[119.2803434,40.1970993],[119.2923133,40.2053969],[119.305289,40.2127572],[119.3191455,40.2191093],[119.3337494,40.2243921],[119.3489599,40.2285546],[119.3646306,40.2315568],[119.3806106,40.2333698],[119.396746,40.233976]]]},"properties":{"name":"1203无名峰","peak_elev":1203,"radius_m":14000,"layer":"ATS峰值响应半径","rank_pct":0.0193,"center_lon":119.396746,"center_lat":40.108071,"max_mean_jut":108.7793,"max_ats":54.8583,"r_jmean_peak":2000,"r_ats_peak":14000,"r_ats_marginal":187.5,"ats_marginal_rate_max":0.12956560514570775,"ats_marginal_interval_start":125.0,"ats_marginal_interval_end":250.0,"is_expanded":true}},{"type":"Feature","geometry":{"type":"Polygon","coordinates":[[[118.793348,40.641047],[118.809581,40.6404408],[118.8256576,40.6386278],[118.841423,40.6356256],[118.8567255,40.6314631],[118.8714176,40.6261803],[118.8853579,40.6198282],[118.8984121,40.6124679],[118.9104544,40.6041703],[118.9213689,40.5950153],[118.9310505,40.5850911],[118.939406,40.5744932],[118.9463549,40.5633238],[118.9518302,40.5516903],[118.9557792,40.5397049],[118.958164,40.5274829],[118.9589614,40.515142],[118.958164,40.5028011],[118.9557792,40.4905791],[118.9518302,40.4785937],[118.9463549,40.4669602],[118.939406,40.4557908],[118.9310505,40.4451929],[118.9213689,40.4352687],[118.9104544,40.4261137],[118.8984121,40.4178161],[118.8853579,40.4104558],[118.8714176,40.4041037],[118.8567255,40.3988209],[118.841423,40.3946584],[118.8256576,40.3916562],[118.809581,40.3898432],[118.793348,40.389237],[118.777115,40.3898432],[118.7610384,40.3916562],[118.745273,40.3946584],[118.7299705,40.3988209],[118.7152784,40.4041037],[118.7013381,40.4104558],[118.6882839,40.4178161],[118.6762416,40.4261137],[118.6653271,40.4352687],[118.6556455,40.4451929],[118.64729,40.4557908],[118.6403411,40.4669602],[118.6348658,40.4785937],[118.6309168,40.4905791],[118.628532,40.5028011],[118.6277346,40.515142],[118.628532,40.5274829],[118.6309168,40.5397049],[118.6348658,40.5516903],[118.6403411,40.5633238],[118.64729,40.5744932],[118.6556455,40.5850911],[118.6653271,40.5950153],[118.6762416,40.6041703],[118.6882839,40.6124679],[118.7013381,40.6198282],[118.7152784,40.6261803],[118.7299705,40.6314631],[118.745273,40.6356256],[118.7610384,40.6386278],[118.777115,40.6404408],[118.793348,40.641047]]]},"properties":{"name":"都山1846.3","peak_elev":1841,"radius_m":14000,"layer":"ATS峰值响应半径","rank_pct":0.0193,"center_lon":118.793348,"center_lat":40.515142,"max_mean_jut":166.8046,"max_ats":109.3134,"r_jmean_peak":5250,"r_ats_peak":14000,"r_ats_marginal":187.5,"ats_marginal_rate_max":0.0606322263462802,"ats_marginal_interval_start":125.0,"ats_marginal_interval_end":250.0,"is_expanded":true}},{"type":"Feature","geometry":{"type":"Polygon","coordinates":[[[119.398363,40.2332029],[119.4133477,40.2326399],[119.4281881,40.2309564],[119.4427412,40.2281687],[119.456867,40.2243035],[119.4704293,40.2193981],[119.4832976,40.2134997],[119.4953479,40.2066651],[119.5064642,40.1989602],[119.5165395,40.1904591],[119.5254766,40.1812438],[119.5331895,40.1714029],[119.539604,40.1610313],[119.5446583,40.1502288],[119.5483037,40.1390994],[119.5505051,40.1277504],[119.5512412,40.116291],[119.5505051,40.1048317],[119.5483037,40.0934827],[119.5446583,40.0823533],[119.539604,40.0715508],[119.5331895,40.0611792],[119.5254766,40.0513383],[119.5165395,40.042123],[119.5064642,40.0336219],[119.4953479,40.025917],[119.4832976,40.0190824],[119.4704293,40.013184],[119.456867,40.0082786],[119.4427412,40.0044134],[119.4281881,40.0016257],[119.4133477,39.9999422],[119.398363,39.9993792],[119.3833783,39.9999422],[119.3685379,40.0016257],[119.3539848,40.0044134],[119.339859,40.0082786],[119.3262967,40.013184],[119.3134284,40.0190824],[119.3013781,40.025917],[119.2902618,40.0336219],[119.2801865,40.042123],[119.2712494,40.0513383],[119.2635365,40.0611792],[119.257122,40.0715508],[119.2520677,40.0823533],[119.2484223,40.0934827],[119.2462209,40.1048317],[119.2454848,40.116291],[119.2462209,40.1277504],[119.2484223,40.1390994],[119.2520677,40.1502288],[119.257122,40.1610313],[119.2635365,40.1714029],[119.2712494,40.1812438],[119.2801865,40.1904591],[119.2902618,40.1989602],[119.3013781,40.2066651],[119.3134284,40.2134997],[119.3262967,40.2193981],[119.339859,40.2243035],[119.3539848,40.2281687],[119.3685379,40.2309564],[119.3833783,40.2326399],[119.398363,40.2332029]]]},"properties":{"name":"1266无名峰","peak_elev":1266,"radius_m":13000,"layer":"ATS峰值响应半径","rank_pct":0.027,"center_lon":119.398363,"center_lat":40.11629104614258,"max_mean_jut":93.762,"max_ats":62.1855,"r_jmean_peak":3250,"r_ats_peak":13000,"r_ats_marginal":437.5,"ats_marginal_rate_max":0.05273312879549166,"ats_marginal_interval_start":375.0,"ats_marginal_interval_end":500.0,"is_expanded":true}},{"type":"Feature","geometry":{"type":"Polygon","coordinates":[[[119.418306,40.2550308],[119.4332955,40.2544678],[119.4481406,40.2527844],[119.4626985,40.2499966],[119.4768287,40.2461314],[119.4903954,40.241226],[119.5032679,40.2353276],[119.5153221,40.2284931],[119.5264419,40.2207881],[119.5365204,40.2122871],[119.5454604,40.2030717],[119.5531758,40.1932308],[119.5595924,40.1828592],[119.5646483,40.1720567],[119.5682949,40.1609274],[119.5704969,40.1495784],[119.5712333,40.138119],[119.5704969,40.1266596],[119.5682949,40.1153106],[119.5646483,40.1041813],[119.5595924,40.0933788],[119.5531758,40.0830072],[119.5454604,40.0731663],[119.5365204,40.0639509],[119.5264419,40.0554499],[119.5153221,40.0477449],[119.5032679,40.0409104],[119.4903954,40.035012],[119.4768287,40.0301066],[119.4626985,40.0262414],[119.4481406,40.0234536],[119.4332955,40.0217702],[119.418306,40.0212072],[119.4033165,40.0217702],[119.3884714,40.0234536],[119.3739135,40.0262414],[119.3597833,40.0301066],[119.3462166,40.035012],[119.3333441,40.0409104],[119.3212899,40.0477449],[119.3101701,40.0554499],[119.3000916,40.0639509],[119.2911516,40.0731663],[119.2834362,40.0830072],[119.2770196,40.0933788],[119.2719637,40.1041813],[119.2683171,40.1153106],[119.2661151,40.1266596],[119.2653787,40.138119],[119.2661151,40.1495784],[119.2683171,40.1609274],[119.2719637,40.1720567],[119.2770196,40.1828592],[119.2834362,40.1932308],[119.2911516,40.2030717],[119.3000916,40.2122871],[119.3101701,40.2207881],[119.3212899,40.2284931],[119.3333441,40.2353276],[119.3462166,40.241226],[119.3597833,40.2461314],[119.3739135,40.2499966],[119.3884714,40.2527844],[119.4033165,40.2544678],[119.418306,40.2550308]]]},"properties":{"name":"1339无名峰","peak_elev":1339,"radius_m":13000,"layer":"ATS峰值响应半径","rank_pct":0.027,"center_lon":119.418306,"center_lat":40.138119,"max_mean_jut":103.0144,"max_ats":70.2561,"r_jmean_peak":10500,"r_ats_peak":13000,"r_ats_marginal":187.5,"ats_marginal_rate_max":0.040580212493455024,"ats_marginal_interval_start":125.0,"ats_marginal_interval_end":250.0,"is_expanded":true}},{"type":"Feature","geometry":{"type":"Polygon","coordinates":[[[119.424235,40.2501798],[119.4392234,40.2496168],[119.4540675,40.2479334],[119.4686243,40.2451456],[119.4827536,40.2412804],[119.4963193,40.236375],[119.5091908,40.2304766],[119.5212441,40.2236421],[119.5323632,40.2159371],[119.542441,40.2074361],[119.5513803,40.1982207],[119.5590952,40.1883798],[119.5655113,40.1780082],[119.5705669,40.1672057],[119.5742131,40.1560764],[119.5764151,40.1447274],[119.5771514,40.133268],[119.5764151,40.1218086],[119.5742131,40.1104596],[119.5705669,40.0993303],[119.5655113,40.0885278],[119.5590952,40.0781562],[119.5513803,40.0683153],[119.542441,40.0590999],[119.5323632,40.0505989],[119.5212441,40.0428939],[119.5091908,40.0360594],[119.4963193,40.030161],[119.4827536,40.0252556],[119.4686243,40.0213904],[119.4540675,40.0186026],[119.4392234,40.0169192],[119.424235,40.0163562],[119.4092466,40.0169192],[119.3944025,40.0186026],[119.3798457,40.0213904],[119.3657164,40.0252556],[119.3521507,40.030161],[119.3392792,40.0360594],[119.3272259,40.0428939],[119.3161068,40.0505989],[119.306029,40.0590999],[119.2970897,40.0683153],[119.2893748,40.0781562],[119.2829587,40.0885278],[119.2779031,40.0993303],[119.2742569,40.1104596],[119.2720549,40.1218086],[119.2713186,40.133268],[119.2720549,40.1447274],[119.2742569,40.1560764],[119.2779031,40.1672057],[119.2829587,40.1780082],[119.2893748,40.1883798],[119.2970897,40.1982207],[119.306029,40.2074361],[119.3161068,40.2159371],[119.3272259,40.2236421],[119.3392792,40.2304766],[119.3521507,40.236375],[119.3657164,40.2412804],[119.3798457,40.2451456],[119.3944025,40.2479334],[119.4092466,40.2496168],[119.424235,40.2501798]]]},"properties":{"name":"王母峰/娘娘顶1348","peak_elev":1344,"radius_m":13000,"layer":"ATS峰值响应半径","rank_pct":0.027,"center_lon":119.424235,"center_lat":40.133268,"max_mean_jut":106.3653,"max_ats":72.6178,"r_jmean_peak":10500,"r_ats_peak":13000,"r_ats_marginal":187.5,"ats_marginal_rate_max":0.0479708796945451,"ats_marginal_interval_start":125.0,"ats_marginal_interval_end":250.0,"is_expanded":true}},{"type":"Feature","geometry":{"type":"Polygon","coordinates":[[[119.410221,40.2322092],[119.4246301,40.2316679],[119.4389004,40.2300492],[119.4528945,40.2273686],[119.4664777,40.2236521],[119.4795191,40.2189354],[119.4918931,40.2132638],[119.5034805,40.2066921],[119.5141698,40.1992836],[119.5238581,40.1911094],[119.5324519,40.1822485],[119.5398686,40.1727862],[119.5460367,40.1628134],[119.5508968,40.1524264],[119.5544022,40.1417251],[119.556519,40.1308126],[119.5572268,40.119794],[119.556519,40.1087754],[119.5544022,40.0978629],[119.5508968,40.0871616],[119.5460367,40.0767746],[119.5398686,40.0668018],[119.5324519,40.0573395],[119.5238581,40.0484786],[119.5141698,40.0403044],[119.5034805,40.0328959],[119.4918931,40.0263242],[119.4795191,40.0206526],[119.4664777,40.0159359],[119.4528945,40.0122194],[119.4389004,40.0095388],[119.4246301,40.0079201],[119.410221,40.0073788],[119.3958119,40.0079201],[119.3815416,40.0095388],[119.3675475,40.0122194],[119.3539643,40.0159359],[119.3409229,40.0206526],[119.3285489,40.0263242],[119.3169615,40.0328959],[119.3062722,40.0403044],[119.2965839,40.0484786],[119.2879901,40.0573395],[119.2805734,40.0668018],[119.2744053,40.0767746],[119.2695452,40.0871616],[119.2660398,40.0978629],[119.263923,40.1087754],[119.2632152,40.119794],[119.263923,40.1308126],[119.2660398,40.1417251],[119.2695452,40.1524264],[119.2744053,40.1628134],[119.2805734,40.1727862],[119.2879901,40.1822485],[119.2965839,40.1911094],[119.3062722,40.1992836],[119.3169615,40.2066921],[119.3285489,40.2132638],[119.3409229,40.2189354],[119.3539643,40.2236521],[119.3675475,40.2273686],[119.3815416,40.2300492],[119.3958119,40.2316679],[119.410221,40.2322092]]]},"properties":{"name":"八仙顶/八仙台/八仙峰1390","peak_elev":1394,"radius_m":12500,"layer":"ATS峰值响应半径","rank_pct":0.0386,"center_lon":119.410221,"center_lat":40.119794,"max_mean_jut":120.7547,"max_ats":83.9031,"r_jmean_peak":10000,"r_ats_peak":12500,"r_ats_marginal":687.5,"ats_marginal_rate_max":0.05564666153301485,"ats_marginal_interval_start":625.0,"ats_marginal_interval_end":750.0,"is_expanded":true}},{"type":"Feature","geometry":{"type":"Polygon","coordinates":[[[119.425043,40.2327482],[119.4394522,40.2322069],[119.4537226,40.2305882],[119.4677169,40.2279076],[119.4813001,40.2241911],[119.4943416,40.2194744],[119.5067157,40.2138028],[119.5183033,40.2072311],[119.5289927,40.1998226],[119.538681,40.1916484],[119.5472749,40.1827875],[119.5546916,40.1733252],[119.5608598,40.1633524],[119.5657199,40.1529654],[119.5692253,40.1422641],[119.5713421,40.1313516],[119.57205,40.120333],[119.5713421,40.1093144],[119.5692253,40.0984019],[119.5657199,40.0877006],[119.5608598,40.0773136],[119.5546916,40.0673408],[119.5472749,40.0578785],[119.538681,40.0490176],[119.5289927,40.0408434],[119.5183033,40.0334349],[119.5067157,40.0268632],[119.4943416,40.0211916],[119.4813001,40.0164749],[119.4677169,40.0127584],[119.4537226,40.0100778],[119.4394522,40.0084591],[119.425043,40.0079178],[119.4106338,40.0084591],[119.3963634,40.0100778],[119.3823691,40.0127584],[119.3687859,40.0164749],[119.3557444,40.0211916],[119.3433703,40.0268632],[119.3317827,40.0334349],[119.3210933,40.0408434],[119.311405,40.0490176],[119.3028111,40.0578785],[119.2953944,40.0673408],[119.2892262,40.0773136],[119.2843661,40.0877006],[119.2808607,40.0984019],[119.2787439,40.1093144],[119.278036,40.120333],[119.2787439,40.1313516],[119.2808607,40.1422641],[119.2843661,40.1529654],[119.2892262,40.1633524],[119.2953944,40.1733252],[119.3028111,40.1827875],[119.311405,40.1916484],[119.3210933,40.1998226],[119.3317827,40.2072311],[119.3433703,40.2138028],[119.3557444,40.2194744],[119.3687859,40.2241911],[119.3823691,40.2279076],[119.3963634,40.2305882],[119.4106338,40.2322069],[119.425043,40.2327482]]]},"properties":{"name":"响山/黑尖顶/天女峰1421.8","peak_elev":1414,"radius_m":12500,"layer":"ATS峰值响应半径","rank_pct":0.0386,"center_lon":119.425043,"center_lat":40.120333,"max_mean_jut":129.3985,"max_ats":89.3964,"r_jmean_peak":9000,"r_ats_peak":12500,"r_ats_marginal":187.5,"ats_marginal_rate_max":0.0680930560386631,"ats_marginal_interval_start":125.0,"ats_marginal_interval_end":250.0,"is_expanded":true}},{"type":"Feature","geometry":{"type":"Polygon","coordinates":[[[119.433667,40.2485483],[119.4469283,40.2480503],[119.4600619,40.2465611],[119.4729413,40.244095],[119.4854425,40.2406758],[119.497445,40.2363364],[119.5088333,40.2311186],[119.5194977,40.2250726],[119.5293356,40.2182567],[119.5382521,40.2107366],[119.5461613,40.2025845],[119.5529872,40.1938791],[119.558664,40.1847042],[119.563137,40.1751482],[119.5663631,40.165303],[119.5683113,40.1552635],[119.5689628,40.1451263],[119.5683113,40.1349892],[119.5663631,40.1249497],[119.563137,40.1151045],[119.558664,40.1055485],[119.5529872,40.0963736],[119.5461613,40.0876682],[119.5382521,40.0795161],[119.5293356,40.071996],[119.5194977,40.0651801],[119.5088333,40.0591341],[119.497445,40.0539163],[119.4854425,40.0495769],[119.4729413,40.0461577],[119.4600619,40.0436916],[119.4469283,40.0422024],[119.433667,40.0417044],[119.4204057,40.0422024],[119.4072721,40.0436916],[119.3943927,40.0461577],[119.3818915,40.0495769],[119.369889,40.0539163],[119.3585007,40.0591341],[119.3478363,40.0651801],[119.3379984,40.071996],[119.3290819,40.0795161],[119.3211727,40.0876682],[119.3143468,40.0963736],[119.30867,40.1055485],[119.304197,40.1151045],[119.3009709,40.1249497],[119.2990227,40.1349892],[119.2983712,40.1451263],[119.2990227,40.1552635],[119.3009709,40.165303],[119.304197,40.1751482],[119.30867,40.1847042],[119.3143468,40.1938791],[119.3211727,40.2025845],[119.3290819,40.2107366],[119.3379984,40.2182567],[119.3478363,40.2250726],[119.3585007,40.2311186],[119.369889,40.2363364],[119.3818915,40.2406758],[119.3943927,40.244095],[119.4072721,40.2465611],[119.4204057,40.2480503],[119.433667,40.2485483]]]},"properties":{"name":"1285无名峰","peak_elev":1285,"radius_m":11500,"layer":"ATS峰值响应半径","rank_pct":0.0463,"center_lon":119.433667,"center_lat":40.14512634277344,"max_mean_jut":107.7588,"max_ats":63.7623,"r_jmean_peak":5000,"r_ats_peak":11500,"r_ats_marginal":562.5,"ats_marginal_rate_max":0.057767403531095454,"ats_marginal_interval_start":500.0,"ats_marginal_interval_end":625.0,"is_expanded":true}},{"type":"Feature","geometry":{"type":"Polygon","coordinates":[[[118.786072,40.59431],[118.7994014,40.593812],[118.8126024,40.5923228],[118.8255479,40.5898567],[118.8381133,40.5864375],[118.8501774,40.582098],[118.8616242,40.5768802],[118.8723434,40.5708343],[118.8822318,40.5640184],[118.891194,40.5564982],[118.8991439,40.5483462],[118.9060049,40.5396408],[118.9117108,40.5304659],[118.9162067,40.5209098],[118.9194494,40.5110646],[118.9214076,40.5010251],[118.9220624,40.490888],[118.9214076,40.4807509],[118.9194494,40.4707114],[118.9162067,40.4608662],[118.9117108,40.4513101],[118.9060049,40.4421352],[118.8991439,40.4334298],[118.891194,40.4252778],[118.8822318,40.4177576],[118.8723434,40.4109417],[118.8616242,40.4048958],[118.8501774,40.399678],[118.8381133,40.3953385],[118.8255479,40.3919193],[118.8126024,40.3894532],[118.7994014,40.387964],[118.786072,40.387466],[118.7727426,40.387964],[118.7595416,40.3894532],[118.7465961,40.3919193],[118.7340307,40.3953385],[118.7219666,40.399678],[118.7105198,40.4048958],[118.6998006,40.4109417],[118.6899122,40.4177576],[118.68095,40.4252778],[118.6730001,40.4334298],[118.6661391,40.4421352],[118.6604332,40.4513101],[118.6559373,40.4608662],[118.6526946,40.4707114],[118.6507364,40.4807509],[118.6500816,40.490888],[118.6507364,40.5010251],[118.6526946,40.5110646],[118.6559373,40.5209098],[118.6604332,40.5304659],[118.6661391,40.5396408],[118.6730001,40.5483462],[118.68095,40.5564982],[118.6899122,40.5640184],[118.6998006,40.5708343],[118.7105198,40.5768802],[118.7219666,40.582098],[118.7340307,40.5864375],[118.7465961,40.5898567],[118.7595416,40.5923228],[118.7727426,40.593812],[118.786072,40.59431]]]},"properties":{"name":"1647无名峰","peak_elev":1647,"radius_m":11500,"layer":"ATS峰值响应半径","rank_pct":0.0463,"center_lon":118.786072,"center_lat":40.490888,"max_mean_jut":125.7445,"max_ats":78.2289,"r_jmean_peak":9750,"r_ats_peak":11500,"r_ats_marginal":187.5,"ats_marginal_rate_max":0.0545877231494604,"ats_marginal_interval_start":125.0,"ats_marginal_interval_end":250.0,"is_expanded":true}},{"type":"Feature","geometry":{"type":"Polygon","coordinates":[[[118.814907,40.633925],[118.8282443,40.633427],[118.8414531,40.6319378],[118.8544063,40.6294717],[118.866979,40.6260525],[118.8790503,40.621713],[118.8905039,40.6164952],[118.9012294,40.6104493],[118.9111236,40.6036334],[118.9200911,40.5961132],[118.9280457,40.5879612],[118.9349107,40.5792558],[118.94062,40.5700809],[118.9451186,40.5605248],[118.9483632,40.5506796],[118.9503226,40.5406401],[118.9509778,40.530503],[118.9503226,40.5203659],[118.9483632,40.5103264],[118.9451186,40.5004812],[118.94062,40.4909251],[118.9349107,40.4817502],[118.9280457,40.4730448],[118.9200911,40.4648928],[118.9111236,40.4573726],[118.9012294,40.4505567],[118.8905039,40.4445108],[118.8790503,40.439293],[118.866979,40.4349535],[118.8544063,40.4315343],[118.8414531,40.4290682],[118.8282443,40.427579],[118.814907,40.427081],[118.8015697,40.427579],[118.7883609,40.4290682],[118.7754077,40.4315343],[118.762835,40.4349535],[118.7507637,40.439293],[118.7393101,40.4445108],[118.7285846,40.4505567],[118.7186904,40.4573726],[118.7097229,40.4648928],[118.7017683,40.4730448],[118.6949033,40.4817502],[118.689194,40.4909251],[118.6846954,40.5004812],[118.6814508,40.5103264],[118.6794914,40.5203659],[118.6788362,40.530503],[118.6794914,40.5406401],[118.6814508,40.5506796],[118.6846954,40.5605248],[118.689194,40.5700809],[118.6949033,40.5792558],[118.7017683,40.5879612],[118.7097229,40.5961132],[118.7186904,40.6036334],[118.7285846,40.6104493],[118.7393101,40.6164952],[118.7507637,40.621713],[118.762835,40.6260525],[118.7754077,40.6294717],[118.7883609,40.6319378],[118.8015697,40.633427],[118.814907,40.633925]]]},"properties":{"name":"1688无名峰","peak_elev":1688,"radius_m":11500,"layer":"ATS峰值响应半径","rank_pct":0.0463,"center_lon":118.814907,"center_lat":40.530503,"max_mean_jut":122.73,"max_ats":80.2933,"r_jmean_peak":5250,"r_ats_peak":11500,"r_ats_marginal":187.5,"ats_marginal_rate_max":0.03995273695777991,"ats_marginal_interval_start":125.0,"ats_marginal_interval_end":250.0,"is_expanded":true}},{"type":"Feature","geometry":{"type":"Polygon","coordinates":[[[118.766398,40.5681532],[118.7779866,40.5677201],[118.7894636,40.5664251],[118.8007184,40.5642807],[118.8116428,40.5613075],[118.8221313,40.5575341],[118.8320832,40.5529969],[118.8414025,40.5477395],[118.8499994,40.5418126],[118.8577912,40.5352734],[118.8647029,40.5281846],[118.8706678,40.5206147],[118.8756285,40.5126365],[118.8795373,40.5043269],[118.8823565,40.4957659],[118.8840589,40.4870359],[118.8846282,40.478221],[118.8840589,40.4694061],[118.8823565,40.4606761],[118.8795373,40.4521151],[118.8756285,40.4438055],[118.8706678,40.4358273],[118.8647029,40.4282574],[118.8577912,40.4211686],[118.8499994,40.4146294],[118.8414025,40.4087025],[118.8320832,40.4034451],[118.8221313,40.3989079],[118.8116428,40.3951345],[118.8007184,40.3921613],[118.7894636,40.3900169],[118.7779866,40.3887219],[118.766398,40.3882888],[118.7548094,40.3887219],[118.7433324,40.3900169],[118.7320776,40.3921613],[118.7211532,40.3951345],[118.7106647,40.3989079],[118.7007128,40.4034451],[118.6913935,40.4087025],[118.6827966,40.4146294],[118.6750048,40.4211686],[118.6680931,40.4282574],[118.6621282,40.4358273],[118.6571675,40.4438055],[118.6532587,40.4521151],[118.6504395,40.4606761],[118.6487371,40.4694061],[118.6481678,40.478221],[118.6487371,40.4870359],[118.6504395,40.4957659],[118.6532587,40.5043269],[118.6571675,40.5126365],[118.6621282,40.5206147],[118.6680931,40.5281846],[118.6750048,40.5352734],[118.6827966,40.5418126],[118.6913935,40.5477395],[118.7007128,40.5529969],[118.7106647,40.5575341],[118.7211532,40.5613075],[118.7320776,40.5642807],[118.7433324,40.5664251],[118.7548094,40.5677201],[118.766398,40.5681532]]]},"properties":{"name":"1438无名峰","peak_elev":1438,"radius_m":10000,"layer":"ATS峰值响应半径","rank_pct":0.0579,"center_lon":118.766398,"center_lat":40.478221,"max_mean_jut":104.6761,"max_ats":53.0241,"r_jmean_peak":2250,"r_ats_peak":10000,"r_ats_marginal":187.5,"ats_marginal_rate_max":0.08021906968091168,"ats_marginal_interval_start":125.0,"ats_marginal_interval_end":250.0,"is_expanded":false}},{"type":"Feature","geometry":{"type":"Polygon","coordinates":[[[119.4110336,40.2351009],[119.4222773,40.2346786],[119.4334127,40.233416],[119.4443325,40.2313252],[119.4549317,40.2284263],[119.4651081,40.2247473],[119.4747637,40.2203235],[119.4838056,40.2151975],[119.4921467,40.2094188],[119.4997066,40.203043],[119.5064125,40.1961315],[119.5121999,40.1887509],[119.5170129,40.1809722],[119.5208054,40.1728703],[119.5235407,40.1645233],[119.5251924,40.1560115],[119.5257448,40.147417],[119.5251924,40.1388225],[119.5235407,40.1303107],[119.5208054,40.1219637],[119.5170129,40.1138618],[119.5121999,40.1060831],[119.5064125,40.0987025],[119.4997066,40.091791],[119.4921467,40.0854152],[119.4838056,40.0796365],[119.4747637,40.0745105],[119.4651081,40.0700867],[119.4549317,40.0664077],[119.4443325,40.0635088],[119.4334127,40.061418],[119.4222773,40.0601554],[119.4110336,40.0597331],[119.39979,40.0601554],[119.3886546,40.061418],[119.3777347,40.0635088],[119.3671356,40.0664077],[119.3569592,40.0700867],[119.3473035,40.0745105],[119.3382616,40.0796365],[119.3299206,40.0854152],[119.3223607,40.091791],[119.3156548,40.0987025],[119.3098674,40.1060831],[119.3050543,40.1138618],[119.3012619,40.1219637],[119.2985266,40.1303107],[119.2968748,40.1388225],[119.2963225,40.147417],[119.2968748,40.1560115],[119.2985266,40.1645233],[119.3012619,40.1728703],[119.3050543,40.1809722],[119.3098674,40.1887509],[119.3156548,40.1961315],[119.3223607,40.203043],[119.3299206,40.2094188],[119.3382616,40.2151975],[119.3473035,40.2203235],[119.3569592,40.2247473],[119.3671356,40.2284263],[119.3777347,40.2313252],[119.3886546,40.233416],[119.39979,40.2346786],[119.4110336,40.2351009]]]},"properties":{"name":"老岭/祖山/香瓜顶/寿星峰1370.1","peak_elev":1371,"radius_m":9750,"layer":"ATS峰值响应半径","rank_pct":0.0618,"center_lon":119.4110336303711,"center_lat":40.147417,"max_mean_jut":117.1274,"max_ats":73.1282,"r_jmean_peak":6500,"r_ats_peak":9750,"r_ats_marginal":187.5,"ats_marginal_rate_max":0.028542596722080607,"ats_marginal_interval_start":125.0,"ats_marginal_interval_end":250.0,"is_expanded":false}},{"type":"Feature","geometry":{"type":"Polygon","coordinates":[[[119.9360046,40.9063622],[119.9467796,40.9059617],[119.9574509,40.9047638],[119.9679156,40.9027802],[119.9780729,40.90003],[119.9878252,40.8965396],[119.9970784,40.8923427],[120.0057434,40.8874796],[120.0137367,40.8819973],[120.0209815,40.8759484],[120.0274079,40.8693914],[120.0329541,40.8623892],[120.0375665,40.8550094],[120.0412009,40.847323],[120.0438222,40.839404],[120.0454051,40.8313288],[120.0459344,40.823175],[120.0454051,40.8150212],[120.0438222,40.806946],[120.0412009,40.799027],[120.0375665,40.7913406],[120.0329541,40.7839608],[120.0274079,40.7769586],[120.0209815,40.7704016],[120.0137367,40.7643527],[120.0057434,40.7588704],[119.9970784,40.7540073],[119.9878252,40.7498104],[119.9780729,40.74632],[119.9679156,40.7435698],[119.9574509,40.7415862],[119.9467796,40.7403883],[119.9360046,40.7399878],[119.9252296,40.7403883],[119.9145584,40.7415862],[119.9040937,40.7435698],[119.8939363,40.74632],[119.8841841,40.7498104],[119.8749309,40.7540073],[119.8662659,40.7588704],[119.8582725,40.7643527],[119.8510278,40.7704016],[119.8446014,40.7769586],[119.8390552,40.7839608],[119.8344428,40.7913406],[119.8308084,40.799027],[119.8281871,40.806946],[119.8266042,40.8150212],[119.8260748,40.823175],[119.8266042,40.8313288],[119.8281871,40.839404],[119.8308084,40.847323],[119.8344428,40.8550094],[119.8390552,40.8623892],[119.8446014,40.8693914],[119.8510278,40.8759484],[119.8582725,40.8819973],[119.8662659,40.8874796],[119.8749309,40.8923427],[119.8841841,40.8965396],[119.8939363,40.90003],[119.9040937,40.9027802],[119.9145584,40.9047638],[119.9252296,40.9059617],[119.9360046,40.9063622]]]},"properties":{"name":"1072无名峰","peak_elev":1072,"radius_m":9250,"layer":"ATS峰值响应半径","rank_pct":0.0656,"center_lon":119.93600463867188,"center_lat":40.823175,"max_mean_jut":75.5313,"max_ats":54.4233,"r_jmean_peak":7250,"r_ats_peak":9250,"r_ats_marginal":187.5,"ats_marginal_rate_max":0.05916616171796306,"ats_marginal_interval_start":125.0,"ats_marginal_interval_end":250.0,"is_expanded":false}},{"type":"Feature","geometry":{"type":"Polygon","coordinates":[[[119.941934,40.8989931],[119.952417,40.8986034],[119.962799,40.8974379],[119.9729801,40.8955079],[119.9828622,40.892832],[119.9923501,40.889436],[120.0013525,40.8853525],[120.0097827,40.8806208],[120.0175594,40.8752867],[120.0246078,40.8694013],[120.0308601,40.8630215],[120.0362559,40.8562086],[120.0407433,40.8490282],[120.0442792,40.8415495],[120.0468294,40.8338446],[120.0483695,40.8259876],[120.0488845,40.8180542],[120.0483695,40.8101208],[120.0468294,40.8022638],[120.0442792,40.7945589],[120.0407433,40.7870802],[120.0362559,40.7798998],[120.0308601,40.7730869],[120.0246078,40.7667071],[120.0175594,40.7608217],[120.0097827,40.7554875],[120.0013525,40.7507559],[119.9923501,40.7466724],[119.9828622,40.7432764],[119.9729801,40.7406005],[119.962799,40.7386705],[119.952417,40.737505],[119.941934,40.7371153],[119.931451,40.737505],[119.921069,40.7386705],[119.9108879,40.7406005],[119.9010058,40.7432764],[119.8915179,40.7466724],[119.8825155,40.7507559],[119.8740853,40.7554875],[119.8663086,40.7608217],[119.8592602,40.7667071],[119.8530079,40.7730869],[119.8476121,40.7798998],[119.8431247,40.7870802],[119.8395888,40.7945589],[119.8370386,40.8022638],[119.8354985,40.8101208],[119.8349835,40.8180542],[119.8354985,40.8259876],[119.8370386,40.8338446],[119.8395888,40.8415495],[119.8431247,40.8490282],[119.8476121,40.8562086],[119.8530079,40.8630215],[119.8592602,40.8694013],[119.8663086,40.8752867],[119.8740853,40.8806208],[119.8825155,40.8853525],[119.8915179,40.889436],[119.9010058,40.892832],[119.9108879,40.8955079],[119.921069,40.8974379],[119.931451,40.8986034],[119.941934,40.8989931]]]},"properties":{"name":"1041无名峰","peak_elev":1041,"radius_m":9000,"layer":"ATS峰值响应半径","rank_pct":0.0695,"center_lon":119.941934,"center_lat":40.81805419921875,"max_mean_jut":69.5003,"max_ats":49.5372,"r_jmean_peak":7500,"r_ats_peak":9000,"r_ats_marginal":187.5,"ats_marginal_rate_max":0.03383439724769408,"ats_marginal_interval_start":125.0,"ats_marginal_interval_end":250.0,"is_expanded":false}},{"type":"Feature","geometry":{"type":"Polygon","coordinates":[[[118.748881,40.5596987],[118.7593108,40.559309],[118.7696402,40.5581435],[118.7797696,40.5562135],[118.7896016,40.5535376],[118.7990414,40.5501415],[118.8079982,40.546058],[118.8163856,40.5413264],[118.8241229,40.5359922],[118.8311356,40.5301069],[118.8373561,40.523727],[118.8427245,40.5169141],[118.8471892,40.5097338],[118.8507072,40.5022551],[118.8532445,40.4945502],[118.8547767,40.4866932],[118.8552891,40.4787598],[118.8547767,40.4708264],[118.8532445,40.4629694],[118.8507072,40.4552644],[118.8471892,40.4477858],[118.8427245,40.4406054],[118.8373561,40.4337925],[118.8311356,40.4274126],[118.8241229,40.4215273],[118.8163856,40.4161931],[118.8079982,40.4114615],[118.7990414,40.407378],[118.7896016,40.4039819],[118.7797696,40.401306],[118.7696402,40.399376],[118.7593108,40.3982106],[118.748881,40.3978208],[118.7384512,40.3982106],[118.7281218,40.399376],[118.7179924,40.401306],[118.7081604,40.4039819],[118.6987206,40.407378],[118.6897638,40.4114615],[118.6813764,40.4161931],[118.6736391,40.4215273],[118.6666264,40.4274126],[118.6604059,40.4337925],[118.6550375,40.4406054],[118.6505728,40.4477858],[118.6470548,40.4552644],[118.6445175,40.4629694],[118.6429853,40.4708264],[118.6424729,40.4787598],[118.6429853,40.4866932],[118.6445175,40.4945502],[118.6470548,40.5022551],[118.6505728,40.5097338],[118.6550375,40.5169141],[118.6604059,40.523727],[118.6666264,40.5301069],[118.6736391,40.5359922],[118.6813764,40.5413264],[118.6897638,40.546058],[118.6987206,40.5501415],[118.7081604,40.5535376],[118.7179924,40.5562135],[118.7281218,40.5581435],[118.7384512,40.559309],[118.748881,40.5596987]]]},"properties":{"name":"柞子岭1401","peak_elev":1407,"radius_m":9000,"layer":"ATS峰值响应半径","rank_pct":0.0695,"center_lon":118.748881,"center_lat":40.478759765625,"max_mean_jut":100.9889,"max_ats":52.4149,"r_jmean_peak":3250,"r_ats_peak":9000,"r_ats_marginal":187.5,"ats_marginal_rate_max":0.06249061428447071,"ats_marginal_interval_start":125.0,"ats_marginal_interval_end":250.0,"is_expanded":false}},{"type":"Feature","geometry":{"type":"Polygon","coordinates":[[[119.933849,40.8874889],[119.9437485,40.8871208],[119.9535528,40.8860201],[119.9631672,40.8841974],[119.9724993,40.8816701],[119.9814592,40.8784627],[119.9899605,40.8746061],[119.9979215,40.8701373],[120.0052654,40.8650995],[120.0119216,40.8595411],[120.0178259,40.8535157],[120.0229214,40.8470813],[120.0271591,40.8402998],[120.0304982,40.8332366],[120.0329064,40.8259598],[120.0343608,40.8185393],[120.0348471,40.8110466],[120.0343608,40.8035539],[120.0329064,40.7961334],[120.0304982,40.7888566],[120.0271591,40.7817934],[120.0229214,40.7750119],[120.0178259,40.7685775],[120.0119216,40.7625521],[120.0052654,40.7569937],[119.9979215,40.7519559],[119.9899605,40.7474871],[119.9814592,40.7436305],[119.9724993,40.7404231],[119.9631672,40.7378958],[119.9535528,40.7360731],[119.9437485,40.7349724],[119.933849,40.7346043],[119.9239495,40.7349724],[119.9141452,40.7360731],[119.9045308,40.7378958],[119.8951987,40.7404231],[119.8862388,40.7436305],[119.8777375,40.7474871],[119.8697765,40.7519559],[119.8624326,40.7569937],[119.8557764,40.7625521],[119.8498721,40.7685775],[119.8447766,40.7750119],[119.8405389,40.7817934],[119.8371998,40.7888566],[119.8347916,40.7961334],[119.8333372,40.8035539],[119.8328509,40.8110466],[119.8333372,40.8185393],[119.8347916,40.8259598],[119.8371998,40.8332366],[119.8405389,40.8402998],[119.8447766,40.8470813],[119.8498721,40.8535157],[119.8557764,40.8595411],[119.8624326,40.8650995],[119.8697765,40.8701373],[119.8777375,40.8746061],[119.8862388,40.8784627],[119.8951987,40.8816701],[119.9045308,40.8841974],[119.9141452,40.8860201],[119.9239495,40.8871208],[119.933849,40.8874889]]]},"properties":{"name":"1061无名峰","peak_elev":1061,"radius_m":8500,"layer":"ATS峰值响应半径","rank_pct":0.0772,"center_lon":119.933849,"center_lat":40.8110466003418,"max_mean_jut":73.2055,"max_ats":52.1467,"r_jmean_peak":7750,"r_ats_peak":8500,"r_ats_marginal":187.5,"ats_marginal_rate_max":0.06485347447621584,"ats_marginal_interval_start":125.0,"ats_marginal_interval_end":250.0,"is_expanded":false}},{"type":"Feature","geometry":{"type":"Polygon","coordinates":[[[119.955409,40.87778],[119.9644347,40.8774444],[119.9733734,40.8764408],[119.9821391,40.8747789],[119.9906474,40.8724746],[119.9988163,40.8695502],[120.0065672,40.8660339],[120.0138254,40.8619594],[120.0205211,40.8573661],[120.0265896,40.8522982],[120.0319727,40.8468044],[120.0366184,40.8409377],[120.040482,40.8347546],[120.0435264,40.8283147],[120.0457221,40.8216799],[120.047048,40.8149141],[120.0474914,40.8080826],[120.047048,40.801251],[120.0457221,40.7944853],[120.0435264,40.7878505],[120.040482,40.7814105],[120.0366184,40.7752274],[120.0319727,40.7693608],[120.0265896,40.763867],[120.0205211,40.7587991],[120.0138254,40.7542057],[120.0065672,40.7501313],[119.9988163,40.7466149],[119.9906474,40.7436906],[119.9821391,40.7413863],[119.9733734,40.7397244],[119.9644347,40.7387208],[119.955409,40.7383852],[119.9463833,40.7387208],[119.9374446,40.7397244],[119.9286789,40.7413863],[119.9201706,40.7436906],[119.9120017,40.7466149],[119.9042508,40.7501313],[119.8969926,40.7542057],[119.8902969,40.7587991],[119.8842284,40.763867],[119.8788453,40.7693608],[119.8741996,40.7752274],[119.870336,40.7814105],[119.8672916,40.7878505],[119.8650959,40.7944853],[119.86377,40.801251],[119.8633266,40.8080826],[119.86377,40.8149141],[119.8650959,40.8216799],[119.8672916,40.8283147],[119.870336,40.8347546],[119.8741996,40.8409377],[119.8788453,40.8468044],[119.8842284,40.8522982],[119.8902969,40.8573661],[119.8969926,40.8619594],[119.9042508,40.8660339],[119.9120017,40.8695502],[119.9201706,40.8724746],[119.9286789,40.8747789],[119.9374446,40.8764408],[119.9463833,40.8774444],[119.955409,40.87778]]]},"properties":{"name":"1057无名峰","peak_elev":1057,"radius_m":7750,"layer":"ATS峰值响应半径","rank_pct":0.0811,"center_lon":119.955409,"center_lat":40.808082580566406,"max_mean_jut":81.2925,"max_ats":56.4818,"r_jmean_peak":6750,"r_ats_peak":7750,"r_ats_marginal":187.5,"ats_marginal_rate_max":0.04653264411250965,"ats_marginal_interval_start":125.0,"ats_marginal_interval_end":250.0,"is_expanded":false}},{"type":"Feature","geometry":{"type":"Polygon","coordinates":[[[118.849942,40.5975054],[118.8589298,40.5971698],[118.867831,40.5961662],[118.87656,40.5945043],[118.8850326,40.5922],[118.8931673,40.5892756],[118.9008857,40.5857593],[118.9081135,40.5816848],[118.914781,40.5770915],[118.9208241,40.5720236],[118.9261846,40.5665298],[118.9308108,40.5606631],[118.9346582,40.55448],[118.9376898,40.5480401],[118.9398763,40.5414053],[118.9411967,40.5346395],[118.9416382,40.527808],[118.9411967,40.5209765],[118.9398763,40.5142107],[118.9376898,40.5075759],[118.9346582,40.501136],[118.9308108,40.4949529],[118.9261846,40.4890862],[118.9208241,40.4835924],[118.914781,40.4785245],[118.9081135,40.4739312],[118.9008857,40.4698567],[118.8931673,40.4663404],[118.8850326,40.463416],[118.87656,40.4611117],[118.867831,40.4594498],[118.8589298,40.4584462],[118.849942,40.4581106],[118.8409542,40.4584462],[118.832053,40.4594498],[118.823324,40.4611117],[118.8148514,40.463416],[118.8067167,40.4663404],[118.7989983,40.4698567],[118.7917705,40.4739312],[118.785103,40.4785245],[118.7790599,40.4835924],[118.7736994,40.4890862],[118.7690732,40.4949529],[118.7652258,40.501136],[118.7621942,40.5075759],[118.7600077,40.5142107],[118.7586873,40.5209765],[118.7582458,40.527808],[118.7586873,40.5346395],[118.7600077,40.5414053],[118.7621942,40.5480401],[118.7652258,40.55448],[118.7690732,40.5606631],[118.7736994,40.5665298],[118.7790599,40.5720236],[118.785103,40.5770915],[118.7917705,40.5816848],[118.7989983,40.5857593],[118.8067167,40.5892756],[118.8148514,40.5922],[118.823324,40.5945043],[118.832053,40.5961662],[118.8409542,40.5971698],[118.849942,40.5975054]]]},"properties":{"name":"1534无名峰","peak_elev":1534,"radius_m":7750,"layer":"ATS峰值响应半径","rank_pct":0.0811,"center_lon":118.849942,"center_lat":40.527808,"max_mean_jut":103.1307,"max_ats":59.2037,"r_jmean_peak":2500,"r_ats_peak":7750,"r_ats_marginal":187.5,"ats_marginal_rate_max":0.05657221009587387,"ats_marginal_interval_start":125.0,"ats_marginal_interval_end":250.0,"is_expanded":false}},{"type":"Feature","geometry":{"type":"Polygon","coordinates":[[[119.715289,40.1571514],[119.7242184,40.1568158],[119.7330618,40.1558122],[119.741734,40.1541503],[119.7501516,40.151846],[119.7582334,40.1489216],[119.7659016,40.1454053],[119.7730824,40.1413308],[119.7797066,40.1367375],[119.7857105,40.1316696],[119.7910361,40.1261758],[119.7956323,40.1203091],[119.7994547,40.114126],[119.8024666,40.1076861],[119.8046388,40.1010513],[119.8059506,40.0942855],[119.8063893,40.087454],[119.8059506,40.0806225],[119.8046388,40.0738567],[119.8024666,40.0672219],[119.7994547,40.060782],[119.7956323,40.0545989],[119.7910361,40.0487322],[119.7857105,40.0432384],[119.7797066,40.0381705],[119.7730824,40.0335772],[119.7659016,40.0295027],[119.7582334,40.0259864],[119.7501516,40.023062],[119.741734,40.0207577],[119.7330618,40.0190958],[119.7242184,40.0180922],[119.715289,40.0177566],[119.7063596,40.0180922],[119.6975162,40.0190958],[119.688844,40.0207577],[119.6804264,40.023062],[119.6723446,40.0259864],[119.6646764,40.0295027],[119.6574956,40.0335772],[119.6508714,40.0381705],[119.6448675,40.0432384],[119.6395419,40.0487322],[119.6349457,40.0545989],[119.6311233,40.060782],[119.6281114,40.0672219],[119.6259392,40.0738567],[119.6246274,40.0806225],[119.6241887,40.087454],[119.6246274,40.0942855],[119.6259392,40.1010513],[119.6281114,40.1076861],[119.6311233,40.114126],[119.6349457,40.1203091],[119.6395419,40.1261758],[119.6448675,40.1316696],[119.6508714,40.1367375],[119.6574956,40.1413308],[119.6646764,40.1454053],[119.6723446,40.1489216],[119.6804264,40.151846],[119.688844,40.1541503],[119.6975162,40.1558122],[119.7063596,40.1568158],[119.715289,40.1571514]]]},"properties":{"name":"后寺湖山793","peak_elev":793,"radius_m":7750,"layer":"ATS峰值响应半径","rank_pct":0.0811,"center_lon":119.715289,"center_lat":40.087454,"max_mean_jut":101.9017,"max_ats":55.2075,"r_jmean_peak":500,"r_ats_peak":7750,"r_ats_marginal":187.5,"ats_marginal_rate_max":0.14383587053312724,"ats_marginal_interval_start":125.0,"ats_marginal_interval_end":250.0,"is_expanded":false}},{"type":"Feature","geometry":{"type":"Polygon","coordinates":[[[119.723374,40.5529471],[119.7320664,40.5526223],[119.7406751,40.5516511],[119.7491171,40.5500428],[119.7573112,40.5478129],[119.7651785,40.5449828],[119.7726432,40.5415799],[119.7796335,40.5376369],[119.7860819,40.5331917],[119.7919263,40.5282873],[119.7971106,40.5229707],[119.8015848,40.5172933],[119.8053058,40.5113097],[119.8082377,40.5050774],[119.8103523,40.4986567],[119.8116293,40.4921092],[119.8120563,40.485498],[119.8116293,40.4788868],[119.8103523,40.4723393],[119.8082377,40.4659186],[119.8053058,40.4596863],[119.8015848,40.4537027],[119.7971106,40.4480253],[119.7919263,40.4427087],[119.7860819,40.4378043],[119.7796335,40.4333591],[119.7726432,40.4294161],[119.7651785,40.4260132],[119.7573112,40.4231831],[119.7491171,40.4209532],[119.7406751,40.4193449],[119.7320664,40.4183737],[119.723374,40.4180489],[119.7146816,40.4183737],[119.7060729,40.4193449],[119.6976309,40.4209532],[119.6894368,40.4231831],[119.6815695,40.4260132],[119.6741048,40.4294161],[119.6671145,40.4333591],[119.6606661,40.4378043],[119.6548217,40.4427087],[119.6496374,40.4480253],[119.6451632,40.4537027],[119.6414422,40.4596863],[119.6385103,40.4659186],[119.6363957,40.4723393],[119.6351187,40.4788868],[119.6346917,40.485498],[119.6351187,40.4921092],[119.6363957,40.4986567],[119.6385103,40.5050774],[119.6414422,40.5113097],[119.6451632,40.5172933],[119.6496374,40.5229707],[119.6548217,40.5282873],[119.6606661,40.5331917],[119.6671145,40.5376369],[119.6741048,40.5415799],[119.6815695,40.5449828],[119.6894368,40.5478129],[119.6976309,40.5500428],[119.7060729,40.5516511],[119.7146816,40.5526223],[119.723374,40.5529471]]]},"properties":{"name":"972无名峰","peak_elev":972,"radius_m":7500,"layer":"ATS峰值响应半径","rank_pct":0.0927,"center_lon":119.723374,"center_lat":40.485498,"max_mean_jut":53.3591,"max_ats":30.0378,"r_jmean_peak":6250,"r_ats_peak":7500,"r_ats_marginal":187.5,"ats_marginal_rate_max":0.05172428831597659,"ats_marginal_interval_start":125.0,"ats_marginal_interval_end":250.0,"is_expanded":false}},{"type":"Feature","geometry":{"type":"Polygon","coordinates":[[[118.858027,40.5911228],[118.8664347,40.5908089],[118.8747614,40.58987],[118.882927,40.5883153],[118.8908528,40.5861597],[118.8984624,40.583424],[118.9056826,40.5801345],[118.9124439,40.5763229],[118.9186811,40.5720259],[118.9243342,40.567285],[118.9293487,40.5621456],[118.9336764,40.5566575],[118.9372754,40.5508733],[118.9401113,40.5448488],[118.9421567,40.538642],[118.9433919,40.5323128],[118.9438049,40.525922],[118.9433919,40.5195312],[118.9421567,40.513202],[118.9401113,40.5069952],[118.9372754,40.5009707],[118.9336764,40.4951865],[118.9293487,40.4896984],[118.9243342,40.484559],[118.9186811,40.4798181],[118.9124439,40.4755211],[118.9056826,40.4717095],[118.8984624,40.46842],[118.8908528,40.4656843],[118.882927,40.4635287],[118.8747614,40.461974],[118.8664347,40.4610351],[118.858027,40.4607212],[118.8496193,40.4610351],[118.8412926,40.461974],[118.833127,40.4635287],[118.8252012,40.4656843],[118.8175916,40.46842],[118.8103714,40.4717095],[118.8036101,40.4755211],[118.7973729,40.4798181],[118.7917198,40.484559],[118.7867053,40.4896984],[118.7823776,40.4951865],[118.7787786,40.5009707],[118.7759427,40.5069952],[118.7738973,40.513202],[118.7726621,40.5195312],[118.7722491,40.525922],[118.7726621,40.5323128],[118.7738973,40.538642],[118.7759427,40.5448488],[118.7787786,40.5508733],[118.7823776,40.5566575],[118.7867053,40.5621456],[118.7917198,40.567285],[118.7973729,40.5720259],[118.8036101,40.5763229],[118.8103714,40.5801345],[118.8175916,40.583424],[118.8252012,40.5861597],[118.833127,40.5883153],[118.8412926,40.58987],[118.8496193,40.5908089],[118.858027,40.5911228]]]},"properties":{"name":"芹菜顶1497.3","peak_elev":1497,"radius_m":7250,"layer":"ATS峰值响应半径","rank_pct":0.0965,"center_lon":118.858027,"center_lat":40.525922,"max_mean_jut":99.657,"max_ats":55.9711,"r_jmean_peak":3000,"r_ats_peak":7250,"r_ats_marginal":187.5,"ats_marginal_rate_max":0.04323957155109833,"ats_marginal_interval_start":125.0,"ats_marginal_interval_end":250.0,"is_expanded":false}},{"type":"Feature","geometry":{"type":"Polygon","coordinates":[[[118.465912,41.1700395],[118.4741012,41.1697364],[118.4822116,41.1688299],[118.4901649,41.1673288],[118.4978847,41.1652475],[118.5052966,41.1626062],[118.5123292,41.1594301],[118.5189148,41.15575],[118.5249899,41.1516011],[118.5304961,41.1470237],[118.5353803,41.1420615],[118.5395955,41.1367626],[118.543101,41.1311779],[118.5458632,41.1253611],[118.5478554,41.1193684],[118.5490585,41.1132574],[118.5494608,41.107087],[118.5490585,41.1009166],[118.5478554,41.0948056],[118.5458632,41.0888129],[118.543101,41.0829961],[118.5395955,41.0774114],[118.5353803,41.0721125],[118.5304961,41.0671503],[118.5249899,41.0625729],[118.5189148,41.058424],[118.5123292,41.0547439],[118.5052966,41.0515678],[118.4978847,41.0489265],[118.4901649,41.0468452],[118.4822116,41.0453441],[118.4741012,41.0444376],[118.465912,41.0441345],[118.4577228,41.0444376],[118.4496124,41.0453441],[118.4416591,41.0468452],[118.4339393,41.0489265],[118.4265274,41.0515678],[118.4194948,41.0547439],[118.4129092,41.058424],[118.4068341,41.0625729],[118.4013279,41.0671503],[118.3964437,41.0721125],[118.3922285,41.0774114],[118.388723,41.0829961],[118.3859608,41.0888129],[118.3839686,41.0948056],[118.3827655,41.1009166],[118.3823632,41.107087],[118.3827655,41.1132574],[118.3839686,41.1193684],[118.3859608,41.1253611],[118.388723,41.1311779],[118.3922285,41.1367626],[118.3964437,41.1420615],[118.4013279,41.1470237],[118.4068341,41.1516011],[118.4129092,41.15575],[118.4194948,41.1594301],[118.4265274,41.1626062],[118.4339393,41.1652475],[118.4416591,41.1673288],[118.4496124,41.1688299],[118.4577228,41.1697364],[118.465912,41.1700395]]]},"properties":{"name":"1554无名峰","peak_elev":1554,"radius_m":7000,"layer":"ATS峰值响应半径","rank_pct":0.1004,"center_lon":118.465912,"center_lat":41.107087,"max_mean_jut":68.7589,"max_ats":39.8275,"r_jmean_peak":6500,"r_ats_peak":7000,"r_ats_marginal":187.5,"ats_marginal_rate_max":0.034547157153959035,"ats_marginal_interval_start":125.0,"ats_marginal_interval_end":250.0,"is_expanded":false}},{"type":"Feature","geometry":{"type":"Polygon","coordinates":[[[118.095357,40.6397162],[118.1031911,40.6394239],[118.1109497,40.6385498],[118.1185582,40.6371023],[118.1259432,40.6350954],[118.1330336,40.6325483],[118.1397612,40.6294857],[118.1460612,40.625937],[118.1518729,40.6219364],[118.1571403,40.6175223],[118.1618126,40.6127375],[118.165845,40.6076278],[118.1691986,40.6022425],[118.171841,40.5966335],[118.1737468,40.5908548],[118.1748977,40.5849621],[118.1752825,40.579012],[118.1748977,40.5730619],[118.1737468,40.5671692],[118.171841,40.5613905],[118.1691986,40.5557815],[118.165845,40.5503962],[118.1618126,40.5452865],[118.1571403,40.5405017],[118.1518729,40.5360876],[118.1460612,40.532087],[118.1397612,40.5285383],[118.1330336,40.5254757],[118.1259432,40.5229286],[118.1185582,40.5209217],[118.1109497,40.5194742],[118.1031911,40.5186001],[118.095357,40.5183078],[118.0875229,40.5186001],[118.0797643,40.5194742],[118.0721558,40.5209217],[118.0647708,40.5229286],[118.0576804,40.5254757],[118.0509528,40.5285383],[118.0446528,40.532087],[118.0388411,40.5360876],[118.0335737,40.5405017],[118.0289014,40.5452865],[118.024869,40.5503962],[118.0215154,40.5557815],[118.018873,40.5613905],[118.0169672,40.5671692],[118.0158163,40.5730619],[118.0154315,40.579012],[118.0158163,40.5849621],[118.0169672,40.5908548],[118.018873,40.5966335],[118.0215154,40.6022425],[118.024869,40.6076278],[118.0289014,40.6127375],[118.0335737,40.6175223],[118.0388411,40.6219364],[118.0446528,40.625937],[118.0509528,40.6294857],[118.0576804,40.6325483],[118.0647708,40.6350954],[118.0721558,40.6371023],[118.0797643,40.6385498],[118.0875229,40.6394239],[118.095357,40.6397162]]]},"properties":{"name":"1133无名峰","peak_elev":1133,"radius_m":6750,"layer":"ATS峰值响应半径","rank_pct":0.1042,"center_lon":118.095357,"center_lat":40.579012,"max_mean_jut":105.4961,"max_ats":58.0272,"r_jmean_peak":2750,"r_ats_peak":6750,"r_ats_marginal":187.5,"ats_marginal_rate_max":0.07930915982973166,"ats_marginal_interval_start":125.0,"ats_marginal_interval_end":250.0,"is_expanded":false}},{"type":"Feature","geometry":{"type":"Polygon","coordinates":[[[119.722161,40.1585769],[119.7296516,40.1582954],[119.73707,40.1574537],[119.7443448,40.1560598],[119.751406,40.1541272],[119.7581856,40.1516745],[119.7646182,40.1487253],[119.7706419,40.145308],[119.7761988,40.1414556],[119.7812352,40.137205],[119.7857027,40.1325974],[119.7895582,40.1276769],[119.7927647,40.1224911],[119.7952913,40.1170899],[119.7971135,40.1115252],[119.7982139,40.1058507],[119.7985819,40.100121],[119.7982139,40.0943913],[119.7971135,40.0887168],[119.7952913,40.0831521],[119.7927647,40.0777509],[119.7895582,40.0725651],[119.7857027,40.0676446],[119.7812352,40.063037],[119.7761988,40.0587864],[119.7706419,40.054934],[119.7646182,40.0515167],[119.7581856,40.0485675],[119.751406,40.0461148],[119.7443448,40.0441822],[119.73707,40.0427883],[119.7296516,40.0419466],[119.722161,40.0416651],[119.7146704,40.0419466],[119.707252,40.0427883],[119.6999772,40.0441822],[119.692916,40.0461148],[119.6861364,40.0485675],[119.6797038,40.0515167],[119.6736801,40.054934],[119.6681232,40.0587864],[119.6630868,40.063037],[119.6586193,40.0676446],[119.6547638,40.0725651],[119.6515573,40.0777509],[119.6490307,40.0831521],[119.6472085,40.0887168],[119.6461081,40.0943913],[119.6457401,40.100121],[119.6461081,40.1058507],[119.6472085,40.1115252],[119.6490307,40.1170899],[119.6515573,40.1224911],[119.6547638,40.1276769],[119.6586193,40.1325974],[119.6630868,40.137205],[119.6681232,40.1414556],[119.6736801,40.145308],[119.6797038,40.1487253],[119.6861364,40.1516745],[119.692916,40.1541272],[119.6999772,40.1560598],[119.707252,40.1574537],[119.7146704,40.1582954],[119.722161,40.1585769]]]},"properties":{"name":"塔山889","peak_elev":889,"radius_m":6500,"layer":"ATS峰值响应半径","rank_pct":0.1081,"center_lon":119.722161,"center_lat":40.100121,"max_mean_jut":122.8325,"max_ats":78.9888,"r_jmean_peak":3500,"r_ats_peak":6500,"r_ats_marginal":437.5,"ats_marginal_rate_max":0.04136764717813119,"ats_marginal_interval_start":375.0,"ats_marginal_interval_end":500.0,"is_expanded":false}},{"type":"Feature","geometry":{"type":"Polygon","coordinates":[[[118.082421,40.6268656],[118.0896739,40.6265949],[118.0968569,40.6257856],[118.1039009,40.6244453],[118.110738,40.6225871],[118.1173024,40.6202287],[118.1235309,40.6173929],[118.1293635,40.6141071],[118.134744,40.6104028],[118.1396206,40.6063157],[118.1439463,40.6018853],[118.1476795,40.5971541],[118.1507843,40.5921677],[118.1532306,40.5869742],[118.1549951,40.5816236],[118.1560606,40.5761673],[118.1564169,40.570658],[118.1560606,40.5651487],[118.1549951,40.5596924],[118.1532306,40.5543418],[118.1507843,40.5491483],[118.1476795,40.5441619],[118.1439463,40.5394307],[118.1396206,40.5350003],[118.134744,40.5309132],[118.1293635,40.5272089],[118.1235309,40.5239231],[118.1173024,40.5210873],[118.110738,40.5187289],[118.1039009,40.5168707],[118.0968569,40.5155304],[118.0896739,40.5147211],[118.082421,40.5144504],[118.0751681,40.5147211],[118.0679851,40.5155304],[118.0609411,40.5168707],[118.054104,40.5187289],[118.0475396,40.5210873],[118.0413111,40.5239231],[118.0354785,40.5272089],[118.030098,40.5309132],[118.0252214,40.5350003],[118.0208957,40.5394307],[118.0171625,40.5441619],[118.0140577,40.5491483],[118.0116114,40.5543418],[118.0098469,40.5596924],[118.0087814,40.5651487],[118.0084251,40.570658],[118.0087814,40.5761673],[118.0098469,40.5816236],[118.0116114,40.5869742],[118.0140577,40.5921677],[118.0171625,40.5971541],[118.0208957,40.6018853],[118.0252214,40.6063157],[118.030098,40.6104028],[118.0354785,40.6141071],[118.0413111,40.6173929],[118.0475396,40.6202287],[118.054104,40.6225871],[118.0609411,40.6244453],[118.0679851,40.6257856],[118.0751681,40.6265949],[118.082421,40.6268656]]]},"properties":{"name":"转角楼大南山1150","peak_elev":1163,"radius_m":6250,"layer":"ATS峰值响应半径","rank_pct":0.112,"center_lon":118.082421,"center_lat":40.570658,"max_mean_jut":112.3929,"max_ats":55.7869,"r_jmean_peak":1875,"r_ats_peak":6250,"r_ats_marginal":187.5,"ats_marginal_rate_max":0.08178219609482809,"ats_marginal_interval_start":125.0,"ats_marginal_interval_end":250.0,"is_expanded":false}},{"type":"Feature","geometry":{"type":"Polygon","coordinates":[[[118.102633,40.6362053],[118.109597,40.6359455],[118.1164938,40.6351685],[118.1232572,40.6338818],[118.129822,40.6320979],[118.136125,40.6298339],[118.1421053,40.6271115],[118.1477056,40.6239571],[118.1528718,40.620401],[118.1575541,40.6164774],[118.1617075,40.6122242],[118.165292,40.6076822],[118.1682731,40.6028953],[118.170622,40.5979096],[118.1723162,40.5927729],[118.1733392,40.5875349],[118.1736813,40.582246],[118.1733392,40.5769571],[118.1723162,40.5717191],[118.170622,40.5665824],[118.1682731,40.5615967],[118.165292,40.5568098],[118.1617075,40.5522678],[118.1575541,40.5480146],[118.1528718,40.544091],[118.1477056,40.5405349],[118.1421053,40.5373805],[118.136125,40.5346581],[118.129822,40.5323941],[118.1232572,40.5306102],[118.1164938,40.5293235],[118.109597,40.5285465],[118.102633,40.5282867],[118.095669,40.5285465],[118.0887722,40.5293235],[118.0820088,40.5306102],[118.075444,40.5323941],[118.069141,40.5346581],[118.0631607,40.5373805],[118.0575604,40.5405349],[118.0523942,40.544091],[118.0477119,40.5480146],[118.0435585,40.5522678],[118.039974,40.5568098],[118.0369929,40.5615967],[118.034644,40.5665824],[118.0329498,40.5717191],[118.0319268,40.5769571],[118.0315847,40.582246],[118.0319268,40.5875349],[118.0329498,40.5927729],[118.034644,40.5979096],[118.0369929,40.6028953],[118.039974,40.6076822],[118.0435585,40.6122242],[118.0477119,40.6164774],[118.0523942,40.620401],[118.0575604,40.6239571],[118.0631607,40.6271115],[118.069141,40.6298339],[118.075444,40.6320979],[118.0820088,40.6338818],[118.0887722,40.6351685],[118.095669,40.6359455],[118.102633,40.6362053]]]},"properties":{"name":"1139无名峰","peak_elev":1139,"radius_m":6000,"layer":"ATS峰值响应半径","rank_pct":0.1158,"center_lon":118.102633,"center_lat":40.582246,"max_mean_jut":110.2965,"max_ats":63.7269,"r_jmean_peak":2750,"r_ats_peak":6000,"r_ats_marginal":187.5,"ats_marginal_rate_max":0.10850775009678323,"ats_marginal_interval_start":125.0,"ats_marginal_interval_end":250.0,"is_expanded":false}},{"type":"Feature","geometry":{"type":"Polygon","coordinates":[[[119.141804,39.8083183],[119.1486835,39.8080585],[119.1554968,39.8072815],[119.1621782,39.8059948],[119.1686634,39.8042109],[119.1748899,39.8019469],[119.1807978,39.7992245],[119.1863302,39.7960701],[119.1914337,39.792514],[119.1960593,39.7885904],[119.2001624,39.7843372],[119.2037034,39.7797952],[119.2066483,39.7750083],[119.2089688,39.7700226],[119.2106424,39.7648859],[119.211653,39.7596479],[119.211991,39.754359],[119.211653,39.7490701],[119.2106424,39.7438321],[119.2089688,39.7386954],[119.2066483,39.7337097],[119.2037034,39.7289228],[119.2001624,39.7243808],[119.1960593,39.7201276],[119.1914337,39.716204],[119.1863302,39.7126479],[119.1807978,39.7094935],[119.1748899,39.7067711],[119.1686634,39.7045071],[119.1621782,39.7027232],[119.1554968,39.7014365],[119.1486835,39.7006595],[119.141804,39.7003997],[119.1349245,39.7006595],[119.1281112,39.7014365],[119.1214298,39.7027232],[119.1149446,39.7045071],[119.1087181,39.7067711],[119.1028102,39.7094935],[119.0972778,39.7126479],[119.0921743,39.716204],[119.0875487,39.7201276],[119.0834456,39.7243808],[119.0799046,39.7289228],[119.0769597,39.7337097],[119.0746392,39.7386954],[119.0729656,39.7438321],[119.071955,39.7490701],[119.071617,39.754359],[119.071955,39.7596479],[119.0729656,39.7648859],[119.0746392,39.7700226],[119.0769597,39.7750083],[119.0799046,39.7797952],[119.0834456,39.7843372],[119.0875487,39.7885904],[119.0921743,39.792514],[119.0972778,39.7960701],[119.1028102,39.7992245],[119.1087181,39.8019469],[119.1149446,39.8042109],[119.1214298,39.8059948],[119.1281112,39.8072815],[119.1349245,39.8080585],[119.141804,39.8083183]]]},"properties":{"name":"碣石山仙台顶695.1","peak_elev":690,"radius_m":6000,"layer":"ATS峰值响应半径","rank_pct":0.1158,"center_lon":119.141804,"center_lat":39.754359,"max_mean_jut":104.3779,"max_ats":65.5165,"r_jmean_peak":2250,"r_ats_peak":6000,"r_ats_marginal":187.5,"ats_marginal_rate_max":0.12722290701567304,"ats_marginal_interval_start":125.0,"ats_marginal_interval_end":250.0,"is_expanded":false}},{"type":"Feature","geometry":{"type":"Polygon","coordinates":[[[119.697233,40.145094],[119.7038586,40.144845],[119.7104204,40.1441004],[119.7168552,40.1428673],[119.723101,40.1411577],[119.7290977,40.138988],[119.7347876,40.1363791],[119.7401157,40.1333561],[119.7450309,40.1299482],[119.7494858,40.1261881],[119.7534374,40.1221121],[119.7568477,40.1177594],[119.759684,40.1131719],[119.7619188,40.1083939],[119.7635306,40.1034713],[119.7645039,40.0984516],[119.7648294,40.093383],[119.7645039,40.0883144],[119.7635306,40.0832947],[119.7619188,40.0783721],[119.759684,40.0735941],[119.7568477,40.0690066],[119.7534374,40.0646539],[119.7494858,40.0605779],[119.7450309,40.0568178],[119.7401157,40.0534099],[119.7347876,40.0503869],[119.7290977,40.047778],[119.723101,40.0456083],[119.7168552,40.0438987],[119.7104204,40.0426656],[119.7038586,40.041921],[119.697233,40.041672],[119.6906074,40.041921],[119.6840456,40.0426656],[119.6776108,40.0438987],[119.671365,40.0456083],[119.6653683,40.047778],[119.6596784,40.0503869],[119.6543503,40.0534099],[119.6494351,40.0568178],[119.6449802,40.0605779],[119.6410286,40.0646539],[119.6376183,40.0690066],[119.634782,40.0735941],[119.6325472,40.0783721],[119.6309354,40.0832947],[119.6299621,40.0883144],[119.6296366,40.093383],[119.6299621,40.0984516],[119.6309354,40.1034713],[119.6325472,40.1083939],[119.634782,40.1131719],[119.6376183,40.1177594],[119.6410286,40.1221121],[119.6449802,40.1261881],[119.6494351,40.1299482],[119.6543503,40.1333561],[119.6596784,40.1363791],[119.6653683,40.138988],[119.671365,40.1411577],[119.6776108,40.1428673],[119.6840456,40.1441004],[119.6906074,40.144845],[119.697233,40.145094]]]},"properties":{"name":"老南山西峰830","peak_elev":830,"radius_m":5750,"layer":"ATS峰值响应半径","rank_pct":0.1236,"center_lon":119.697233,"center_lat":40.093383,"max_mean_jut":96.147,"max_ats":66.4434,"r_jmean_peak":4750,"r_ats_peak":5750,"r_ats_marginal":312.5,"ats_marginal_rate_max":0.0669742630616517,"ats_marginal_interval_start":250.0,"ats_marginal_interval_end":375.0,"is_expanded":false}},{"type":"Feature","geometry":{"type":"Polygon","coordinates":[[[118.296804,40.7858595],[118.3032024,40.7856213],[118.3095392,40.7849091],[118.3157533,40.7837296],[118.3217849,40.7820944],[118.327576,40.780019],[118.3330707,40.7775235],[118.3382161,40.774632],[118.3429627,40.7713722],[118.3472648,40.7677756],[118.3510809,40.7638768],[118.3543743,40.7597133],[118.3571133,40.7553253],[118.3592715,40.7507551],[118.360828,40.7460465],[118.361768,40.741245],[118.3620823,40.7363968],[118.361768,40.7315486],[118.360828,40.7267471],[118.3592715,40.7220385],[118.3571133,40.7174682],[118.3543743,40.7130802],[118.3510809,40.7089168],[118.3472648,40.705018],[118.3429627,40.7014214],[118.3382161,40.6981616],[118.3330707,40.6952701],[118.327576,40.6927746],[118.3217849,40.6906992],[118.3157533,40.6890639],[118.3095392,40.6878845],[118.3032024,40.6871723],[118.296804,40.6869341],[118.2904056,40.6871723],[118.2840688,40.6878845],[118.2778547,40.6890639],[118.2718231,40.6906992],[118.266032,40.6927746],[118.2605373,40.6952701],[118.2553919,40.6981616],[118.2506453,40.7014214],[118.2463432,40.705018],[118.2425271,40.7089168],[118.2392337,40.7130802],[118.2364947,40.7174682],[118.2343365,40.7220385],[118.23278,40.7267471],[118.23184,40.7315486],[118.2315257,40.7363968],[118.23184,40.741245],[118.23278,40.7460465],[118.2343365,40.7507551],[118.2364947,40.7553253],[118.2392337,40.7597133],[118.2425271,40.7638768],[118.2463432,40.7677756],[118.2506453,40.7713722],[118.2553919,40.774632],[118.2605373,40.7775235],[118.266032,40.780019],[118.2718231,40.7820944],[118.2778547,40.7837296],[118.2840688,40.7849091],[118.2904056,40.7856213],[118.296804,40.7858595]]]},"properties":{"name":"1087无名峰","peak_elev":1087,"radius_m":5500,"layer":"ATS峰值响应半径","rank_pct":0.1274,"center_lon":118.296804,"center_lat":40.73639678955078,"max_mean_jut":76.262,"max_ats":40.967,"r_jmean_peak":2500,"r_ats_peak":5500,"r_ats_marginal":187.5,"ats_marginal_rate_max":0.06688698855783887,"ats_marginal_interval_start":125.0,"ats_marginal_interval_end":250.0,"is_expanded":false}},{"type":"Feature","geometry":{"type":"Polygon","coordinates":[[[119.703701,40.1458105],[119.7100388,40.1455723],[119.7163156,40.1448601],[119.7224709,40.1436807],[119.7284454,40.1420454],[119.7341816,40.13997],[119.7396243,40.1374745],[119.744721,40.134583],[119.7494227,40.1313232],[119.7536841,40.1277266],[119.7574641,40.1238278],[119.7607263,40.1196644],[119.7634393,40.1152764],[119.765577,40.1107061],[119.7671189,40.1059975],[119.7680499,40.101196],[119.7683613,40.0963478],[119.7680499,40.0914996],[119.7671189,40.0866981],[119.765577,40.0819895],[119.7634393,40.0774193],[119.7607263,40.0730313],[119.7574641,40.0688678],[119.7536841,40.064969],[119.7494227,40.0613724],[119.744721,40.0581126],[119.7396243,40.0552211],[119.7341816,40.0527256],[119.7284454,40.0506502],[119.7224709,40.049015],[119.7163156,40.0478355],[119.7100388,40.0471233],[119.703701,40.0468851],[119.6973632,40.0471233],[119.6910864,40.0478355],[119.6849311,40.049015],[119.6789566,40.0506502],[119.6732204,40.0527256],[119.6677777,40.0552211],[119.662681,40.0581126],[119.6579793,40.0613724],[119.6537179,40.064969],[119.6499379,40.0688678],[119.6466757,40.0730313],[119.6439627,40.0774193],[119.641825,40.0819895],[119.6402831,40.0866981],[119.6393521,40.0914996],[119.6390407,40.0963478],[119.6393521,40.101196],[119.6402831,40.1059975],[119.641825,40.1107061],[119.6439627,40.1152764],[119.6466757,40.1196644],[119.6499379,40.1238278],[119.6537179,40.1277266],[119.6579793,40.1313232],[119.662681,40.134583],[119.6677777,40.1374745],[119.6732204,40.13997],[119.6789566,40.1420454],[119.6849311,40.1436807],[119.6910864,40.1448601],[119.6973632,40.1455723],[119.703701,40.1458105]]]},"properties":{"name":"大峪顶923","peak_elev":923,"radius_m":5500,"layer":"ATS峰值响应半径","rank_pct":0.1274,"center_lon":119.703701,"center_lat":40.09634780883789,"max_mean_jut":126.416,"max_ats":90.0518,"r_jmean_peak":3250,"r_ats_peak":5500,"r_ats_marginal":437.5,"ats_marginal_rate_max":0.05725695203318976,"ats_marginal_interval_start":375.0,"ats_marginal_interval_end":500.0,"is_expanded":false}},{"type":"Feature","geometry":{"type":"Polygon","coordinates":[[[118.245825,40.6505737],[118.2522104,40.6503355],[118.2585344,40.6496233],[118.2647359,40.6484438],[118.2707553,40.6468086],[118.2765346,40.6447332],[118.2820182,40.6422377],[118.2871532,40.6393462],[118.2918902,40.6360864],[118.2961836,40.6324898],[118.2999919,40.628591],[118.3032787,40.6244275],[118.3060121,40.6200396],[118.3081659,40.6154693],[118.3097193,40.6107607],[118.3106573,40.6059592],[118.310971,40.601111],[118.3106573,40.5962628],[118.3097193,40.5914613],[118.3081659,40.5867527],[118.3060121,40.5821824],[118.3032787,40.5777945],[118.2999919,40.573631],[118.2961836,40.5697322],[118.2918902,40.5661356],[118.2871532,40.5628758],[118.2820182,40.5599843],[118.2765346,40.5574888],[118.2707553,40.5554134],[118.2647359,40.5537782],[118.2585344,40.5525987],[118.2522104,40.5518865],[118.245825,40.5516483],[118.2394396,40.5518865],[118.2331156,40.5525987],[118.2269141,40.5537782],[118.2208947,40.5554134],[118.2151154,40.5574888],[118.2096318,40.5599843],[118.2044968,40.5628758],[118.1997598,40.5661356],[118.1954664,40.5697322],[118.1916581,40.573631],[118.1883713,40.5777945],[118.1856379,40.5821824],[118.1834841,40.5867527],[118.1819307,40.5914613],[118.1809927,40.5962628],[118.180679,40.601111],[118.1809927,40.6059592],[118.1819307,40.6107607],[118.1834841,40.6154693],[118.1856379,40.6200396],[118.1883713,40.6244275],[118.1916581,40.628591],[118.1954664,40.6324898],[118.1997598,40.6360864],[118.2044968,40.6393462],[118.2096318,40.6422377],[118.2151154,40.6447332],[118.2208947,40.6468086],[118.2269141,40.6484438],[118.2331156,40.6496233],[118.2394396,40.6503355],[118.245825,40.6505737]]]},"properties":{"name":"仙台山1004.5","peak_elev":997,"radius_m":5500,"layer":"ATS峰值响应半径","rank_pct":0.1274,"center_lon":118.245825,"center_lat":40.601111,"max_mean_jut":80.3982,"max_ats":48.1493,"r_jmean_peak":4500,"r_ats_peak":5500,"r_ats_marginal":187.5,"ats_marginal_rate_max":0.10066671462143108,"ats_marginal_interval_start":125.0,"ats_marginal_interval_end":250.0,"is_expanded":false}},{"type":"Feature","geometry":{"type":"Polygon","coordinates":[[[120.689512,40.9721651],[120.6953455,40.9719486],[120.7011228,40.9713011],[120.7067883,40.9702289],[120.7122874,40.9687422],[120.7175672,40.9668555],[120.7225767,40.9645869],[120.7272679,40.9619583],[120.7315954,40.9589948],[120.7355177,40.9557252],[120.7389969,40.9521808],[120.7419995,40.9483959],[120.7444966,40.9444068],[120.7464643,40.940252],[120.7478834,40.9359714],[120.7487404,40.9316064],[120.749027,40.927199],[120.7487404,40.9227916],[120.7478834,40.9184266],[120.7464643,40.914146],[120.7444966,40.9099912],[120.7419995,40.9060021],[120.7389969,40.9022172],[120.7355177,40.8986728],[120.7315954,40.8954032],[120.7272679,40.8924397],[120.7225767,40.8898111],[120.7175672,40.8875425],[120.7122874,40.8856558],[120.7067883,40.8841691],[120.7011228,40.8830969],[120.6953455,40.8824494],[120.689512,40.8822329],[120.6836785,40.8824494],[120.6779012,40.8830969],[120.6722357,40.8841691],[120.6667366,40.8856558],[120.6614568,40.8875425],[120.6564473,40.8898111],[120.6517561,40.8924397],[120.6474286,40.8954032],[120.6435063,40.8986728],[120.6400271,40.9022172],[120.6370245,40.9060021],[120.6345274,40.9099912],[120.6325597,40.914146],[120.6311406,40.9184266],[120.6302836,40.9227916],[120.629997,40.927199],[120.6302836,40.9316064],[120.6311406,40.9359714],[120.6325597,40.940252],[120.6345274,40.9444068],[120.6370245,40.9483959],[120.6400271,40.9521808],[120.6435063,40.9557252],[120.6474286,40.9589948],[120.6517561,40.9619583],[120.6564473,40.9645869],[120.6614568,40.9668555],[120.6667366,40.9687422],[120.6722357,40.9702289],[120.6779012,40.9713011],[120.6836785,40.9719486],[120.689512,40.9721651]]]},"properties":{"name":"天然寺顶峰696","peak_elev":696,"radius_m":5000,"layer":"ATS峰值响应半径","rank_pct":0.139,"center_lon":120.689512,"center_lat":40.927199,"max_mean_jut":77.6081,"max_ats":52.5118,"r_jmean_peak":null,"r_ats_peak":5000,"r_ats_marginal":187.5,"ats_marginal_rate_max":0.10088805937037654,"ats_marginal_interval_start":125.0,"ats_marginal_interval_end":250.0,"is_expanded":false}},{"type":"Feature","geometry":{"type":"Polygon","coordinates":[[[119.957295,40.8403831],[119.9631169,40.8401666],[119.9688827,40.8395191],[119.9745369,40.8384469],[119.9800251,40.8369602],[119.9852944,40.8350735],[119.990294,40.8328049],[119.9949758,40.8301763],[119.9992948,40.8272128],[120.0032092,40.8239432],[120.0066815,40.8203988],[120.0096782,40.8166139],[120.0121704,40.8126248],[120.0141341,40.80847],[120.0155504,40.8041894],[120.0164056,40.7998244],[120.0166917,40.795417],[120.0164056,40.7910096],[120.0155504,40.7866446],[120.0141341,40.782364],[120.0121704,40.7782092],[120.0096782,40.7742201],[120.0066815,40.7704352],[120.0032092,40.7668908],[119.9992948,40.7636212],[119.9949758,40.7606577],[119.990294,40.7580291],[119.9852944,40.7557605],[119.9800251,40.7538738],[119.9745369,40.7523871],[119.9688827,40.7513149],[119.9631169,40.7506674],[119.957295,40.7504509],[119.9514731,40.7506674],[119.9457073,40.7513149],[119.9400531,40.7523871],[119.9345649,40.7538738],[119.9292956,40.7557605],[119.924296,40.7580291],[119.9196142,40.7606577],[119.9152952,40.7636212],[119.9113808,40.7668908],[119.9079085,40.7704352],[119.9049118,40.7742201],[119.9024196,40.7782092],[119.9004559,40.782364],[119.8990396,40.7866446],[119.8981844,40.7910096],[119.8978983,40.795417],[119.8981844,40.7998244],[119.8990396,40.8041894],[119.9004559,40.80847],[119.9024196,40.8126248],[119.9049118,40.8166139],[119.9079085,40.8203988],[119.9113808,40.8239432],[119.9152952,40.8272128],[119.9196142,40.8301763],[119.924296,40.8328049],[119.9292956,40.8350735],[119.9345649,40.8369602],[119.9400531,40.8384469],[119.9457073,40.8395191],[119.9514731,40.8401666],[119.957295,40.8403831]]]},"properties":{"name":"黑山1140","peak_elev":1138,"radius_m":5000,"layer":"ATS峰值响应半径","rank_pct":0.139,"center_lon":119.957295,"center_lat":40.795417,"max_mean_jut":126.7871,"max_ats":79.9703,"r_jmean_peak":4000,"r_ats_peak":5000,"r_ats_marginal":187.5,"ats_marginal_rate_max":0.09006050733234623,"ats_marginal_interval_start":125.0,"ats_marginal_interval_end":250.0,"is_expanded":false}},{"type":"Feature","geometry":{"type":"Polygon","coordinates":[[[119.457652,40.1328668],[119.4631251,40.1326611],[119.4685454,40.132046],[119.4738609,40.1310274],[119.4790202,40.1296151],[119.4839738,40.1278227],[119.4886739,40.1256675],[119.4930752,40.1231703],[119.4971353,40.120355],[119.5008153,40.1172489],[119.5040795,40.1138817],[119.5068966,40.110286],[119.5092395,40.1064964],[119.5110855,40.1025493],[119.512417,40.0984828],[119.513221,40.0943361],[119.5134899,40.090149],[119.513221,40.0859619],[119.512417,40.0818152],[119.5110855,40.0777487],[119.5092395,40.0738016],[119.5068966,40.070012],[119.5040795,40.0664163],[119.5008153,40.0630491],[119.4971353,40.059943],[119.4930752,40.0571277],[119.4886739,40.0546305],[119.4839738,40.0524753],[119.4790202,40.0506829],[119.4738609,40.0492706],[119.4685454,40.048252],[119.4631251,40.0476369],[119.457652,40.0474312],[119.4521789,40.0476369],[119.4467586,40.048252],[119.4414431,40.0492706],[119.4362838,40.0506829],[119.4313302,40.0524753],[119.4266301,40.0546305],[119.4222288,40.0571277],[119.4181687,40.059943],[119.4144887,40.0630491],[119.4112245,40.0664163],[119.4084074,40.070012],[119.4060645,40.0738016],[119.4042185,40.0777487],[119.402887,40.0818152],[119.402083,40.0859619],[119.4018141,40.090149],[119.402083,40.0943361],[119.402887,40.0984828],[119.4042185,40.1025493],[119.4060645,40.1064964],[119.4084074,40.110286],[119.4112245,40.1138817],[119.4144887,40.1172489],[119.4181687,40.120355],[119.4222288,40.1231703],[119.4266301,40.1256675],[119.4313302,40.1278227],[119.4362838,40.1296151],[119.4414431,40.1310274],[119.4467586,40.132046],[119.4521789,40.1326611],[119.457652,40.1328668]]]},"properties":{"name":"1088无名峰(2)","peak_elev":1088,"radius_m":4750,"layer":"ATS峰值响应半径","rank_pct":0.1467,"center_lon":119.457652,"center_lat":40.090149,"max_mean_jut":108.0584,"max_ats":58.1561,"r_jmean_peak":4000,"r_ats_peak":4750,"r_ats_marginal":187.5,"ats_marginal_rate_max":0.06491702903248593,"ats_marginal_interval_start":125.0,"ats_marginal_interval_end":250.0,"is_expanded":false}},{"type":"Feature","geometry":{"type":"Polygon","coordinates":[[[118.240884,40.6376313],[118.2463982,40.6374256],[118.2518592,40.6368104],[118.2572146,40.6357918],[118.2624127,40.6343796],[118.2674035,40.6325872],[118.2721389,40.630432],[118.2765732,40.6279348],[118.2806639,40.6251195],[118.2843715,40.6220134],[118.2876602,40.6186462],[118.2904985,40.6150505],[118.2928589,40.6112609],[118.2947188,40.6073138],[118.2960603,40.6032473],[118.2968704,40.5991006],[118.2971413,40.5949135],[118.2968704,40.5907264],[118.2960603,40.5865797],[118.2947188,40.5825132],[118.2928589,40.5785661],[118.2904985,40.5747765],[118.2876602,40.5711808],[118.2843715,40.5678136],[118.2806639,40.5647075],[118.2765732,40.5618922],[118.2721389,40.5593949],[118.2674035,40.5572398],[118.2624127,40.5554474],[118.2572146,40.5540351],[118.2518592,40.5530165],[118.2463982,40.5524014],[118.240884,40.5521957],[118.2353698,40.5524014],[118.2299088,40.5530165],[118.2245534,40.5540351],[118.2193553,40.5554474],[118.2143645,40.5572398],[118.2096291,40.5593949],[118.2051948,40.5618922],[118.2011041,40.5647075],[118.1973965,40.5678136],[118.1941078,40.5711808],[118.1912695,40.5747765],[118.1889091,40.5785661],[118.1870492,40.5825132],[118.1857077,40.5865797],[118.1848976,40.5907264],[118.1846267,40.5949135],[118.1848976,40.5991006],[118.1857077,40.6032473],[118.1870492,40.6073138],[118.1889091,40.6112609],[118.1912695,40.6150505],[118.1941078,40.6186462],[118.1973965,40.6220134],[118.2011041,40.6251195],[118.2051948,40.6279348],[118.2096291,40.630432],[118.2143645,40.6325872],[118.2193553,40.6343796],[118.2245534,40.6357918],[118.2299088,40.6368104],[118.2353698,40.6374256],[118.240884,40.6376313]]]},"properties":{"name":"兴隆北大山1043","peak_elev":1054,"radius_m":4750,"layer":"ATS峰值响应半径","rank_pct":0.1467,"center_lon":118.240884,"center_lat":40.594913482666016,"max_mean_jut":113.31,"max_ats":68.1155,"r_jmean_peak":3500,"r_ats_peak":4750,"r_ats_marginal":187.5,"ats_marginal_rate_max":0.10889073971835099,"ats_marginal_interval_start":125.0,"ats_marginal_interval_end":250.0,"is_expanded":false}},{"type":"Feature","geometry":{"type":"Polygon","coordinates":[[[118.481004,40.7424638],[118.4865268,40.7422581],[118.4919965,40.741643],[118.4973603,40.7406244],[118.5025666,40.7392121],[118.5075652,40.7374197],[118.512308,40.7352645],[118.5167493,40.7327673],[118.5208464,40.729952],[118.5245598,40.7268459],[118.5278537,40.7234787],[118.5306965,40.719883],[118.5330606,40.7160934],[118.5349235,40.7121463],[118.536267,40.7080798],[118.5370784,40.7039331],[118.5373497,40.699746],[118.5370784,40.6955589],[118.536267,40.6914122],[118.5349235,40.6873457],[118.5330606,40.6833986],[118.5306965,40.679609],[118.5278537,40.6760133],[118.5245598,40.6726461],[118.5208464,40.66954],[118.5167493,40.6667247],[118.512308,40.6642275],[118.5075652,40.6620723],[118.5025666,40.6602799],[118.4973603,40.6588676],[118.4919965,40.657849],[118.4865268,40.6572339],[118.481004,40.6570282],[118.4754812,40.6572339],[118.4700115,40.657849],[118.4646477,40.6588676],[118.4594414,40.6602799],[118.4544428,40.6620723],[118.4497,40.6642275],[118.4452587,40.6667247],[118.4411616,40.66954],[118.4374482,40.6726461],[118.4341543,40.6760133],[118.4313115,40.679609],[118.4289474,40.6833986],[118.4270845,40.6873457],[118.425741,40.6914122],[118.4249296,40.6955589],[118.4246583,40.699746],[118.4249296,40.7039331],[118.425741,40.7080798],[118.4270845,40.7121463],[118.4289474,40.7160934],[118.4313115,40.719883],[118.4341543,40.7234787],[118.4374482,40.7268459],[118.4411616,40.729952],[118.4452587,40.7327673],[118.4497,40.7352645],[118.4544428,40.7374197],[118.4594414,40.7392121],[118.4646477,40.7406244],[118.4700115,40.741643],[118.4754812,40.7422581],[118.481004,40.7424638]]]},"properties":{"name":"广东山1299.2","peak_elev":1296,"radius_m":4750,"layer":"ATS峰值响应半径","rank_pct":0.1467,"center_lon":118.481004,"center_lat":40.699746,"max_mean_jut":120.5325,"max_ats":71.8883,"r_jmean_peak":4000,"r_ats_peak":4750,"r_ats_marginal":312.5,"ats_marginal_rate_max":0.05919648310096612,"ats_marginal_interval_start":250.0,"ats_marginal_interval_end":375.0,"is_expanded":false}},{"type":"Feature","geometry":{"type":"Polygon","coordinates":[[[118.058706,40.8049868],[118.064234,40.8047811],[118.0697088,40.804166],[118.0750777,40.8031474],[118.0802888,40.8017351],[118.0852922,40.7999427],[118.0900394,40.7977875],[118.0944849,40.7952903],[118.0985859,40.792475],[118.1023028,40.7893689],[118.1055998,40.7860017],[118.1084452,40.782406],[118.1108116,40.7786164],[118.1126762,40.7746693],[118.114021,40.7706028],[118.1148331,40.7664561],[118.1151047,40.762269],[118.1148331,40.7580819],[118.114021,40.7539352],[118.1126762,40.7498687],[118.1108116,40.7459216],[118.1084452,40.742132],[118.1055998,40.7385363],[118.1023028,40.7351691],[118.0985859,40.732063],[118.0944849,40.7292477],[118.0900394,40.7267505],[118.0852922,40.7245953],[118.0802888,40.7228029],[118.0750777,40.7213906],[118.0697088,40.720372],[118.064234,40.7197569],[118.058706,40.7195512],[118.053178,40.7197569],[118.0477032,40.720372],[118.0423343,40.7213906],[118.0371232,40.7228029],[118.0321198,40.7245953],[118.0273726,40.7267505],[118.0229271,40.7292477],[118.0188261,40.732063],[118.0151092,40.7351691],[118.0118122,40.7385363],[118.0089668,40.742132],[118.0066004,40.7459216],[118.0047358,40.7498687],[118.003391,40.7539352],[118.0025789,40.7580819],[118.0023073,40.762269],[118.0025789,40.7664561],[118.003391,40.7706028],[118.0047358,40.7746693],[118.0066004,40.7786164],[118.0089668,40.782406],[118.0118122,40.7860017],[118.0151092,40.7893689],[118.0188261,40.792475],[118.0229271,40.7952903],[118.0273726,40.7977875],[118.0321198,40.7999427],[118.0371232,40.8017351],[118.0423343,40.8031474],[118.0477032,40.804166],[118.053178,40.8047811],[118.058706,40.8049868]]]},"properties":{"name":"月牙山977","peak_elev":977,"radius_m":4750,"layer":"ATS峰值响应半径","rank_pct":0.1467,"center_lon":118.058706,"center_lat":40.762269,"max_mean_jut":79.0823,"max_ats":47.6001,"r_jmean_peak":3250,"r_ats_peak":4750,"r_ats_marginal":187.5,"ats_marginal_rate_max":0.08615684707516053,"ats_marginal_interval_start":125.0,"ats_marginal_interval_end":250.0,"is_expanded":false}},{"type":"Feature","geometry":{"type":"Polygon","coordinates":[[[119.1312943,39.7916868],[119.1367401,39.7914811],[119.1421335,39.790866],[119.1474226,39.7898474],[119.1525563,39.7884351],[119.1574852,39.7866427],[119.1621619,39.7844875],[119.1665414,39.7819903],[119.1705814,39.779175],[119.174243,39.7760689],[119.177491,39.7727017],[119.1802941,39.769106],[119.1826253,39.7653164],[119.1844622,39.7613693],[119.185787,39.7573028],[119.1865871,39.7531561],[119.1868546,39.748969],[119.1865871,39.7447819],[119.185787,39.7406352],[119.1844622,39.7365687],[119.1826253,39.7326216],[119.1802941,39.728832],[119.177491,39.7252363],[119.174243,39.7218691],[119.1705814,39.718763],[119.1665414,39.7159477],[119.1621619,39.7134505],[119.1574852,39.7112953],[119.1525563,39.7095029],[119.1474226,39.7080906],[119.1421335,39.707072],[119.1367401,39.7064569],[119.1312943,39.7062512],[119.1258484,39.7064569],[119.120455,39.707072],[119.1151659,39.7080906],[119.1100322,39.7095029],[119.1051033,39.7112953],[119.1004266,39.7134505],[119.0960471,39.7159477],[119.0920071,39.718763],[119.0883455,39.7218691],[119.0850975,39.7252363],[119.0822944,39.728832],[119.0799632,39.7326216],[119.0781263,39.7365687],[119.0768015,39.7406352],[119.0760014,39.7447819],[119.0757339,39.748969],[119.0760014,39.7531561],[119.0768015,39.7573028],[119.0781263,39.7613693],[119.0799632,39.7653164],[119.0822944,39.769106],[119.0850975,39.7727017],[119.0883455,39.7760689],[119.0920071,39.779175],[119.0960471,39.7819903],[119.1004266,39.7844875],[119.1051033,39.7866427],[119.1100322,39.7884351],[119.1151659,39.7898474],[119.120455,39.790866],[119.1258484,39.7914811],[119.1312943,39.7916868]]]},"properties":{"name":"翠屏山637","peak_elev":637,"radius_m":4750,"layer":"ATS峰值响应半径","rank_pct":0.1467,"center_lon":119.13129425048828,"center_lat":39.748969,"max_mean_jut":100.7232,"max_ats":55.6949,"r_jmean_peak":625,"r_ats_peak":4750,"r_ats_marginal":187.5,"ats_marginal_rate_max":0.11653323508263327,"ats_marginal_interval_start":125.0,"ats_marginal_interval_end":250.0,"is_expanded":false}},{"type":"Feature","geometry":{"type":"Polygon","coordinates":[[[119.7280884,40.5111459],[119.7333027,40.510951],[119.7384667,40.5103683],[119.7435308,40.5094033],[119.7484462,40.5080653],[119.7531656,40.5063673],[119.7576434,40.5043256],[119.7618366,40.5019597],[119.7657048,40.4992927],[119.7692107,40.49635],[119.7723206,40.4931601],[119.7750045,40.4897536],[119.7772366,40.4861634],[119.7789953,40.4824241],[119.7802638,40.4785716],[119.7810298,40.4746431],[119.781286,40.4706764],[119.7810298,40.4667097],[119.7802638,40.4627812],[119.7789953,40.4589288],[119.7772366,40.4551894],[119.7750045,40.4515992],[119.7723206,40.4481928],[119.7692107,40.4450029],[119.7657048,40.4420602],[119.7618366,40.4393931],[119.7576434,40.4370273],[119.7531656,40.4349855],[119.7484462,40.4332875],[119.7435308,40.4319496],[119.7384667,40.4309846],[119.7333027,40.4304018],[119.7280884,40.4302069],[119.7228741,40.4304018],[119.71771,40.4309846],[119.7126459,40.4319496],[119.7077305,40.4332875],[119.7030112,40.4349855],[119.6985334,40.4370273],[119.6943402,40.4393931],[119.690472,40.4420602],[119.6869661,40.4450029],[119.6838562,40.4481928],[119.6811723,40.4515992],[119.6789402,40.4551894],[119.6771814,40.4589288],[119.6759129,40.4627812],[119.6751469,40.4667097],[119.6748907,40.4706764],[119.6751469,40.4746431],[119.6759129,40.4785716],[119.6771814,40.4824241],[119.6789402,40.4861634],[119.6811723,40.4897536],[119.6838562,40.4931601],[119.6869661,40.49635],[119.690472,40.4992927],[119.6943402,40.5019597],[119.6985334,40.5043256],[119.7030112,40.5063673],[119.7077305,40.5080653],[119.7126459,40.5094033],[119.71771,40.5103683],[119.7228741,40.510951],[119.7280884,40.5111459]]]},"properties":{"name":"老秃顶1099","peak_elev":1099,"radius_m":4500,"layer":"ATS峰值响应半径","rank_pct":0.166,"center_lon":119.72808837890624,"center_lat":40.47067642211914,"max_mean_jut":117.3469,"max_ats":64.7025,"r_jmean_peak":null,"r_ats_peak":4500,"r_ats_marginal":187.5,"ats_marginal_rate_max":0.08713387872621238,"ats_marginal_interval_start":125.0,"ats_marginal_interval_end":250.0,"is_expanded":false}},{"type":"Feature","geometry":{"type":"Polygon","coordinates":[[[118.151681,40.8463967],[118.1569215,40.8462019],[118.1621116,40.8456191],[118.1672012,40.8446541],[118.1721413,40.8433162],[118.1768844,40.8416182],[118.1813848,40.8395764],[118.1855991,40.8372106],[118.1894868,40.8345435],[118.1930104,40.8316008],[118.1961359,40.8284109],[118.1988333,40.8250045],[118.2010766,40.8214143],[118.2028443,40.8176749],[118.2041191,40.8138225],[118.204889,40.809894],[118.2051465,40.8059273],[118.204889,40.8019606],[118.2041191,40.7980321],[118.2028443,40.7941796],[118.2010766,40.7904403],[118.1988333,40.7868501],[118.1961359,40.7834436],[118.1930104,40.7802537],[118.1894868,40.777311],[118.1855991,40.774644],[118.1813848,40.7722781],[118.1768844,40.7702364],[118.1721413,40.7685384],[118.1672012,40.7672004],[118.1621116,40.7662354],[118.1569215,40.7656527],[118.151681,40.7654578],[118.1464405,40.7656527],[118.1412504,40.7662354],[118.1361608,40.7672004],[118.1312207,40.7685384],[118.1264776,40.7702364],[118.1219772,40.7722781],[118.1177629,40.774644],[118.1138752,40.777311],[118.1103516,40.7802537],[118.1072261,40.7834436],[118.1045287,40.7868501],[118.1022854,40.7904403],[118.1005177,40.7941796],[118.0992429,40.7980321],[118.098473,40.8019606],[118.0982155,40.8059273],[118.098473,40.809894],[118.0992429,40.8138225],[118.1005177,40.8176749],[118.1022854,40.8214143],[118.1045287,40.8250045],[118.1072261,40.8284109],[118.1103516,40.8316008],[118.1138752,40.8345435],[118.1177629,40.8372106],[118.1219772,40.8395764],[118.1264776,40.8416182],[118.1312207,40.8433162],[118.1361608,40.8446541],[118.1412504,40.8456191],[118.1464405,40.8462019],[118.151681,40.8463967]]]},"properties":{"name":"五道沟北尖1017","peak_elev":1017,"radius_m":4500,"layer":"ATS峰值响应半径","rank_pct":0.166,"center_lon":118.151681,"center_lat":40.80592727661133,"max_mean_jut":128.2846,"max_ats":77.9619,"r_jmean_peak":1625,"r_ats_peak":4500,"r_ats_marginal":312.5,"ats_marginal_rate_max":0.1254700133876165,"ats_marginal_interval_start":250.0,"ats_marginal_interval_end":375.0,"is_expanded":false}},{"type":"Feature","geometry":{"type":"Polygon","coordinates":[[[120.705412,40.9709025],[120.7106624,40.9707076],[120.7158622,40.9701249],[120.7209614,40.9691599],[120.7259109,40.9678219],[120.7306629,40.9661239],[120.7351717,40.9640821],[120.739394,40.9617163],[120.7432889,40.9590492],[120.7468191,40.9561066],[120.7499506,40.9529166],[120.7526531,40.9495102],[120.7549006,40.94592],[120.7566715,40.9421807],[120.7579488,40.9383282],[120.7587201,40.9343997],[120.7589781,40.930433],[120.7587201,40.9264663],[120.7579488,40.9225378],[120.7566715,40.9186853],[120.7549006,40.914946],[120.7526531,40.9113558],[120.7499506,40.9079494],[120.7468191,40.9047594],[120.7432889,40.9018168],[120.739394,40.8991497],[120.7351717,40.8967839],[120.7306629,40.8947421],[120.7259109,40.8930441],[120.7209614,40.8917061],[120.7158622,40.8907411],[120.7106624,40.8901584],[120.705412,40.8899635],[120.7001616,40.8901584],[120.6949618,40.8907411],[120.6898626,40.8917061],[120.6849131,40.8930441],[120.6801611,40.8947421],[120.6756523,40.8967839],[120.67143,40.8991497],[120.6675351,40.9018168],[120.6640049,40.9047594],[120.6608734,40.9079494],[120.6581709,40.9113558],[120.6559234,40.914946],[120.6541525,40.9186853],[120.6528752,40.9225378],[120.6521039,40.9264663],[120.6518459,40.930433],[120.6521039,40.9343997],[120.6528752,40.9383282],[120.6541525,40.9421807],[120.6559234,40.94592],[120.6581709,40.9495102],[120.6608734,40.9529166],[120.6640049,40.9561066],[120.6675351,40.9590492],[120.67143,40.9617163],[120.6756523,40.9640821],[120.6801611,40.9661239],[120.6849131,40.9678219],[120.6898626,40.9691599],[120.6949618,40.9701249],[120.7001616,40.9707076],[120.705412,40.9709025]]]},"properties":{"name":"大虹螺山玉皇顶900.8","peak_elev":892,"radius_m":4500,"layer":"ATS峰值响应半径","rank_pct":0.166,"center_lon":120.705412,"center_lat":40.930433,"max_mean_jut":135.2164,"max_ats":105.5125,"r_jmean_peak":4000,"r_ats_peak":4500,"r_ats_marginal":312.5,"ats_marginal_rate_max":0.05145221107679582,"ats_marginal_interval_start":250.0,"ats_marginal_interval_end":375.0,"is_expanded":false}},{"type":"Feature","geometry":{"type":"Polygon","coordinates":[[[118.104248,41.115073],[118.1086334,41.1149106],[118.1129765,41.114425],[118.1172356,41.1136208],[118.1213696,41.1125059],[118.1253387,41.1110908],[118.1291047,41.1093894],[118.1326313,41.1074179],[118.1358845,41.1051953],[118.1388331,41.1027431],[118.1414486,41.1000848],[118.1437059,41.0972461],[118.1455831,41.0942542],[118.1470623,41.0911381],[118.1481291,41.0879278],[118.1487734,41.084654],[118.1489888,41.0813484],[118.1487734,41.0780428],[118.1481291,41.0747691],[118.1470623,41.0715587],[118.1455831,41.0684426],[118.1437059,41.0654508],[118.1414486,41.0626121],[118.1388331,41.0599538],[118.1358845,41.0575016],[118.1326313,41.055279],[118.1291047,41.0533075],[118.1253387,41.051606],[118.1213696,41.050191],[118.1172356,41.049076],[118.1129765,41.0482719],[118.1086334,41.0477863],[118.104248,41.0476239],[118.0998627,41.0477863],[118.0955196,41.0482719],[118.0912605,41.049076],[118.0871265,41.050191],[118.0831574,41.051606],[118.0793914,41.0533075],[118.0758648,41.055279],[118.0726116,41.0575016],[118.069663,41.0599538],[118.0670475,41.0626121],[118.0647902,41.0654508],[118.062913,41.0684426],[118.0614338,41.0715587],[118.060367,41.0747691],[118.0597227,41.0780428],[118.0595073,41.0813484],[118.0597227,41.084654],[118.060367,41.0879278],[118.0614338,41.0911381],[118.062913,41.0942542],[118.0647902,41.0972461],[118.0670475,41.1000848],[118.069663,41.1027431],[118.0726116,41.1051953],[118.0758648,41.1074179],[118.0793914,41.1093894],[118.0831574,41.1110908],[118.0871265,41.1125059],[118.0912605,41.1136208],[118.0955196,41.114425],[118.0998627,41.1149106],[118.104248,41.115073]]]},"properties":{"name":"1274无名峰","peak_elev":1274,"radius_m":3750,"layer":"ATS峰值响应半径","rank_pct":0.1776,"center_lon":118.104248046875,"center_lat":41.08134841918945,"max_mean_jut":133.8039,"max_ats":99.1683,"r_jmean_peak":3250,"r_ats_peak":3750,"r_ats_marginal":1562.5,"ats_marginal_rate_max":0.054076039228696235,"ats_marginal_interval_start":1500.0,"ats_marginal_interval_end":1625.0,"is_expanded":false}},{"type":"Feature","geometry":{"type":"Polygon","coordinates":[[[118.095087,41.1142666],[118.0994723,41.1141042],[118.1038154,41.1136186],[118.1080744,41.1128144],[118.1122083,41.1116994],[118.1161774,41.1102844],[118.1199433,41.1085829],[118.1234699,41.1066114],[118.1267231,41.1043889],[118.1296716,41.1019366],[118.1322871,41.0992784],[118.1345443,41.0964396],[118.1364216,41.0934478],[118.1379007,41.0903317],[118.1389675,41.0871213],[118.1396118,41.0838476],[118.1398272,41.080542],[118.1396118,41.0772364],[118.1389675,41.0739627],[118.1379007,41.0707523],[118.1364216,41.0676362],[118.1345443,41.0646444],[118.1322871,41.0618056],[118.1296716,41.0591474],[118.1267231,41.0566951],[118.1234699,41.0544726],[118.1199433,41.0525011],[118.1161774,41.0507996],[118.1122083,41.0493846],[118.1080744,41.0482696],[118.1038154,41.0474654],[118.0994723,41.0469798],[118.095087,41.0468174],[118.0907017,41.0469798],[118.0863586,41.0474654],[118.0820996,41.0482696],[118.0779657,41.0493846],[118.0739966,41.0507996],[118.0702307,41.0525011],[118.0667041,41.0544726],[118.0634509,41.0566951],[118.0605024,41.0591474],[118.0578869,41.0618056],[118.0556297,41.0646444],[118.0537524,41.0676362],[118.0522733,41.0707523],[118.0512065,41.0739627],[118.0505622,41.0772364],[118.0503468,41.080542],[118.0505622,41.0838476],[118.0512065,41.0871213],[118.0522733,41.0903317],[118.0537524,41.0934478],[118.0556297,41.0964396],[118.0578869,41.0992784],[118.0605024,41.1019366],[118.0634509,41.1043889],[118.0667041,41.1066114],[118.0702307,41.1085829],[118.0739966,41.1102844],[118.0779657,41.1116994],[118.0820996,41.1128144],[118.0863586,41.1136186],[118.0907017,41.1141042],[118.095087,41.1142666]]]},"properties":{"name":"黑山1275.8","peak_elev":1274,"radius_m":3750,"layer":"ATS峰值响应半径","rank_pct":0.1776,"center_lon":118.095087,"center_lat":41.080542,"max_mean_jut":128.8858,"max_ats":93.538,"r_jmean_peak":3250,"r_ats_peak":3750,"r_ats_marginal":187.5,"ats_marginal_rate_max":0.04535759586511786,"ats_marginal_interval_start":125.0,"ats_marginal_interval_end":250.0,"is_expanded":false}},{"type":"Feature","geometry":{"type":"Polygon","coordinates":[[[118.034047,40.7131665],[118.0381154,40.7130149],[118.0421445,40.7125617],[118.0460957,40.7118111],[118.0499309,40.7107705],[118.0536131,40.7094498],[118.0571069,40.7078618],[118.0603785,40.7060217],[118.0633966,40.7039473],[118.0661321,40.7016585],[118.0685585,40.6991775],[118.0706526,40.696528],[118.0723941,40.6937357],[118.0737664,40.6908273],[118.0747561,40.6878309],[118.0753538,40.6847754],[118.0755536,40.6816902],[118.0753538,40.678605],[118.0747561,40.6755495],[118.0737664,40.6725531],[118.0723941,40.6696448],[118.0706526,40.6668524],[118.0685585,40.6642029],[118.0661321,40.6617219],[118.0633966,40.6594331],[118.0603785,40.6573587],[118.0571069,40.6555187],[118.0536131,40.6539306],[118.0499309,40.6526099],[118.0460957,40.6515693],[118.0421445,40.6508188],[118.0381154,40.6503655],[118.034047,40.650214],[118.0299786,40.6503655],[118.0259495,40.6508188],[118.0219983,40.6515693],[118.0181631,40.6526099],[118.0144809,40.6539306],[118.0109871,40.6555187],[118.0077155,40.6573587],[118.0046974,40.6594331],[118.0019619,40.6617219],[117.9995355,40.6642029],[117.9974414,40.6668524],[117.9956999,40.6696448],[117.9943276,40.6725531],[117.9933379,40.6755495],[117.9927402,40.678605],[117.9925404,40.6816902],[117.9927402,40.6847754],[117.9933379,40.6878309],[117.9943276,40.6908273],[117.9956999,40.6937357],[117.9974414,40.696528],[117.9995355,40.6991775],[118.0019619,40.7016585],[118.0046974,40.7039473],[118.0077155,40.7060217],[118.0109871,40.7078618],[118.0144809,40.7094498],[118.0181631,40.7107705],[118.0219983,40.7118111],[118.0259495,40.7125617],[118.0299786,40.7130149],[118.034047,40.7131665]]]},"properties":{"name":"1098无名峰","peak_elev":1098,"radius_m":3500,"layer":"ATS峰值响应半径","rank_pct":0.1853,"center_lon":118.034047,"center_lat":40.68169021606445,"max_mean_jut":166.2861,"max_ats":94.1405,"r_jmean_peak":1500,"r_ats_peak":3500,"r_ats_marginal":437.5,"ats_marginal_rate_max":0.13673416922372097,"ats_marginal_interval_start":375.0,"ats_marginal_interval_end":500.0,"is_expanded":false}},{"type":"Feature","geometry":{"type":"Polygon","coordinates":[[[118.863821,40.5482353],[118.8678793,40.5480837],[118.8718986,40.5476304],[118.8758401,40.5468799],[118.8796658,40.5458393],[118.8833389,40.5445186],[118.886824,40.5429306],[118.8900876,40.5410905],[118.8930983,40.5390161],[118.895827,40.5367273],[118.8982475,40.5342463],[118.9003364,40.5315968],[118.9020736,40.5288044],[118.9034425,40.5258961],[118.9044298,40.5228997],[118.905026,40.5198442],[118.9052254,40.516759],[118.905026,40.5136738],[118.9044298,40.5106183],[118.9034425,40.5076219],[118.9020736,40.5047136],[118.9003364,40.5019212],[118.8982475,40.4992717],[118.895827,40.4967907],[118.8930983,40.4945019],[118.8900876,40.4924275],[118.886824,40.4905874],[118.8833389,40.4889994],[118.8796658,40.4876787],[118.8758401,40.4866381],[118.8718986,40.4858876],[118.8678793,40.4854343],[118.863821,40.4852827],[118.8597627,40.4854343],[118.8557434,40.4858876],[118.8518019,40.4866381],[118.8479762,40.4876787],[118.8443031,40.4889994],[118.840818,40.4905874],[118.8375544,40.4924275],[118.8345437,40.4945019],[118.831815,40.4967907],[118.8293945,40.4992717],[118.8273056,40.5019212],[118.8255684,40.5047136],[118.8241995,40.5076219],[118.8232122,40.5106183],[118.822616,40.5136738],[118.8224166,40.516759],[118.822616,40.5198442],[118.8232122,40.5228997],[118.8241995,40.5258961],[118.8255684,40.5288044],[118.8273056,40.5315968],[118.8293945,40.5342463],[118.831815,40.5367273],[118.8345437,40.5390161],[118.8375544,40.5410905],[118.840818,40.5429306],[118.8443031,40.5445186],[118.8479762,40.5458393],[118.8518019,40.5468799],[118.8557434,40.5476304],[118.8597627,40.5480837],[118.863821,40.5482353]]]},"properties":{"name":"1467无名峰","peak_elev":1467,"radius_m":3500,"layer":"ATS峰值响应半径","rank_pct":0.1853,"center_lon":118.863821,"center_lat":40.516759,"max_mean_jut":117.9191,"max_ats":62.4304,"r_jmean_peak":2750,"r_ats_peak":3500,"r_ats_marginal":312.5,"ats_marginal_rate_max":0.06753251071129236,"ats_marginal_interval_start":250.0,"ats_marginal_interval_end":375.0,"is_expanded":false}},{"type":"Feature","geometry":{"type":"Polygon","coordinates":[[[118.0244827,40.5474273],[118.028541,40.5472757],[118.0325602,40.5468224],[118.0365016,40.5460719],[118.0403273,40.5450313],[118.0440004,40.5437106],[118.0474855,40.5421226],[118.0507491,40.5402825],[118.0537597,40.5382081],[118.0564883,40.5359193],[118.0589088,40.5334383],[118.0609977,40.5307888],[118.0627349,40.5279964],[118.0641038,40.5250881],[118.065091,40.5220917],[118.0656872,40.5190362],[118.0658866,40.515951],[118.0656872,40.5128658],[118.065091,40.5098103],[118.0641038,40.5068139],[118.0627349,40.5039056],[118.0609977,40.5011132],[118.0589088,40.4984637],[118.0564883,40.4959827],[118.0537597,40.4936939],[118.0507491,40.4916195],[118.0474855,40.4897794],[118.0440004,40.4881914],[118.0403273,40.4868707],[118.0365016,40.4858301],[118.0325602,40.4850796],[118.028541,40.4846263],[118.0244827,40.4844747],[118.0204244,40.4846263],[118.0164052,40.4850796],[118.0124638,40.4858301],[118.0086382,40.4868707],[118.0049651,40.4881914],[118.00148,40.4897794],[117.9982164,40.4916195],[117.9952058,40.4936939],[117.9924771,40.4959827],[117.9900567,40.4984637],[117.9879678,40.5011132],[117.9862305,40.5039056],[117.9848617,40.5068139],[117.9838744,40.5098103],[117.9832782,40.5128658],[117.9830789,40.515951],[117.9832782,40.5190362],[117.9838744,40.5220917],[117.9848617,40.5250881],[117.9862305,40.5279964],[117.9879678,40.5307888],[117.9900567,40.5334383],[117.9924771,40.5359193],[117.9952058,40.5382081],[117.9982164,40.5402825],[118.00148,40.5421226],[118.0049651,40.5437106],[118.0086382,40.5450313],[118.0124638,40.5460719],[118.0164052,40.5468224],[118.0204244,40.5472757],[118.0244827,40.5474273]]]},"properties":{"name":"兴隆五指山1383.7","peak_elev":1391,"radius_m":3500,"layer":"ATS峰值响应半径","rank_pct":0.1853,"center_lon":118.02448272705078,"center_lat":40.515951,"max_mean_jut":217.4573,"max_ats":132.5325,"r_jmean_peak":2000,"r_ats_peak":3500,"r_ats_marginal":187.5,"ats_marginal_rate_max":0.18478129037402272,"ats_marginal_interval_start":125.0,"ats_marginal_interval_end":250.0,"is_expanded":false}},{"type":"Feature","geometry":{"type":"Polygon","coordinates":[[[118.417942,40.7360737],[118.4220118,40.7359222],[118.4260423,40.7354689],[118.4299949,40.7347184],[118.4338314,40.7336777],[118.4375148,40.7323571],[118.4410098,40.730769],[118.4442826,40.7289289],[118.4473017,40.7268545],[118.4500381,40.7245658],[118.4524654,40.7220847],[118.4545602,40.7194353],[118.4563023,40.7166429],[118.457675,40.7137345],[118.4586651,40.7107382],[118.459263,40.7076827],[118.4594629,40.7045975],[118.459263,40.7015123],[118.4586651,40.6984568],[118.457675,40.6954604],[118.4563023,40.692552],[118.4545602,40.6897597],[118.4524654,40.6871102],[118.4500381,40.6846291],[118.4473017,40.6823404],[118.4442826,40.680266],[118.4410098,40.6784259],[118.4375148,40.6768379],[118.4338314,40.6755172],[118.4299949,40.6744766],[118.4260423,40.673726],[118.4220118,40.6732728],[118.417942,40.6731212],[118.4138722,40.6732728],[118.4098417,40.673726],[118.4058891,40.6744766],[118.4020526,40.6755172],[118.3983692,40.6768379],[118.3948742,40.6784259],[118.3916014,40.680266],[118.3885823,40.6823404],[118.3858459,40.6846291],[118.3834186,40.6871102],[118.3813238,40.6897597],[118.3795817,40.692552],[118.378209,40.6954604],[118.3772189,40.6984568],[118.376621,40.7015123],[118.3764211,40.7045975],[118.376621,40.7076827],[118.3772189,40.7107382],[118.378209,40.7137345],[118.3795817,40.7166429],[118.3813238,40.7194353],[118.3834186,40.7220847],[118.3858459,40.7245658],[118.3885823,40.7268545],[118.3916014,40.7289289],[118.3948742,40.730769],[118.3983692,40.7323571],[118.4020526,40.7336777],[118.4058891,40.7347184],[118.4098417,40.7354689],[118.4138722,40.7359222],[118.417942,40.7360737]]]},"properties":{"name":"南大山1216.7","peak_elev":1214,"radius_m":3500,"layer":"ATS峰值响应半径","rank_pct":0.1853,"center_lon":118.417942,"center_lat":40.70459747314453,"max_mean_jut":110.7204,"max_ats":68.1157,"r_jmean_peak":2500,"r_ats_peak":3500,"r_ats_marginal":437.5,"ats_marginal_rate_max":0.07332798021052707,"ats_marginal_interval_start":375.0,"ats_marginal_interval_end":500.0,"is_expanded":false}},{"type":"Feature","geometry":{"type":"Polygon","coordinates":[[[119.272509,40.5291013],[119.2765662,40.5289497],[119.2805843,40.5284964],[119.2845246,40.5277459],[119.2883492,40.5267053],[119.2920213,40.5253846],[119.2955055,40.5237966],[119.2987682,40.5219565],[119.301778,40.5198821],[119.3045059,40.5175933],[119.3069256,40.5151123],[119.309014,40.5124628],[119.3107507,40.5096704],[119.3121192,40.5067621],[119.3131062,40.5037657],[119.3137022,40.5007102],[119.3139015,40.497625],[119.3137022,40.4945398],[119.3131062,40.4914843],[119.3121192,40.4884879],[119.3107507,40.4855796],[119.309014,40.4827872],[119.3069256,40.4801377],[119.3045059,40.4776567],[119.301778,40.4753679],[119.2987682,40.4732935],[119.2955055,40.4714534],[119.2920213,40.4698654],[119.2883492,40.4685447],[119.2845246,40.4675041],[119.2805843,40.4667536],[119.2765662,40.4663003],[119.272509,40.4661487],[119.2684518,40.4663003],[119.2644337,40.4667536],[119.2604934,40.4675041],[119.2566688,40.4685447],[119.2529967,40.4698654],[119.2495125,40.4714534],[119.2462498,40.4732935],[119.24324,40.4753679],[119.2405121,40.4776567],[119.2380924,40.4801377],[119.236004,40.4827872],[119.2342673,40.4855796],[119.2328988,40.4884879],[119.2319118,40.4914843],[119.2313158,40.4945398],[119.2311165,40.497625],[119.2313158,40.5007102],[119.2319118,40.5037657],[119.2328988,40.5067621],[119.2342673,40.5096704],[119.236004,40.5124628],[119.2380924,40.5151123],[119.2405121,40.5175933],[119.24324,40.5198821],[119.2462498,40.5219565],[119.2495125,40.5237966],[119.2529967,40.5253846],[119.2566688,40.5267053],[119.2604934,40.5277459],[119.2644337,40.5284964],[119.2684518,40.5289497],[119.272509,40.5291013]]]},"properties":{"name":"寿桃山978","peak_elev":967,"radius_m":3500,"layer":"ATS峰值响应半径","rank_pct":0.1853,"center_lon":119.272509,"center_lat":40.497625,"max_mean_jut":114.8764,"max_ats":75.2209,"r_jmean_peak":3000,"r_ats_peak":3500,"r_ats_marginal":187.5,"ats_marginal_rate_max":0.05475300401097817,"ats_marginal_interval_start":125.0,"ats_marginal_interval_end":250.0,"is_expanded":false}},{"type":"Feature","geometry":{"type":"Polygon","coordinates":[[[120.810515,40.9675693],[120.814599,40.9674177],[120.8186436,40.9669644],[120.82261,40.9662139],[120.8264599,40.9651733],[120.8301563,40.9638526],[120.8336634,40.9622646],[120.8369477,40.9604245],[120.8399774,40.9583501],[120.8427233,40.9560613],[120.8451591,40.9535803],[120.8472612,40.9509308],[120.8490094,40.9481384],[120.8503869,40.9452301],[120.8513805,40.9422337],[120.8519804,40.9391782],[120.8521811,40.936093],[120.8519804,40.9330078],[120.8513805,40.9299523],[120.8503869,40.9269559],[120.8490094,40.9240476],[120.8472612,40.9212552],[120.8451591,40.9186057],[120.8427233,40.9161247],[120.8399774,40.9138359],[120.8369477,40.9117615],[120.8336634,40.9099214],[120.8301563,40.9083334],[120.8264599,40.9070127],[120.82261,40.9059721],[120.8186436,40.9052216],[120.814599,40.9047683],[120.810515,40.9046167],[120.806431,40.9047683],[120.8023864,40.9052216],[120.79842,40.9059721],[120.7945701,40.9070127],[120.7908737,40.9083334],[120.7873666,40.9099214],[120.7840823,40.9117615],[120.7810526,40.9138359],[120.7783067,40.9161247],[120.7758709,40.9186057],[120.7737688,40.9212552],[120.7720206,40.9240476],[120.7706431,40.9269559],[120.7696495,40.9299523],[120.7690496,40.9330078],[120.7688489,40.936093],[120.7690496,40.9391782],[120.7696495,40.9422337],[120.7706431,40.9452301],[120.7720206,40.9481384],[120.7737688,40.9509308],[120.7758709,40.9535803],[120.7783067,40.9560613],[120.7810526,40.9583501],[120.7840823,40.9604245],[120.7873666,40.9622646],[120.7908737,40.9638526],[120.7945701,40.9651733],[120.79842,40.9662139],[120.8023864,40.9669644],[120.806431,40.9674177],[120.810515,40.9675693]]]},"properties":{"name":"小虹螺山鹰北顶717.2","peak_elev":715,"radius_m":3500,"layer":"ATS峰值响应半径","rank_pct":0.1853,"center_lon":120.810515,"center_lat":40.936093,"max_mean_jut":100.5103,"max_ats":70.687,"r_jmean_peak":2500,"r_ats_peak":3500,"r_ats_marginal":187.5,"ats_marginal_rate_max":0.0675188685677915,"ats_marginal_interval_start":125.0,"ats_marginal_interval_end":250.0,"is_expanded":false}},{"type":"Feature","geometry":{"type":"Polygon","coordinates":[[[118.085116,40.9338823],[118.0891979,40.9337307],[118.0932405,40.9332774],[118.0972049,40.9325269],[118.1010528,40.9314863],[118.1047472,40.9301656],[118.1082526,40.9285776],[118.1115352,40.9267375],[118.1145634,40.9246631],[118.1173079,40.9223743],[118.1197424,40.9198933],[118.1218435,40.9172438],[118.1235908,40.9144514],[118.1249676,40.9115431],[118.1259607,40.9085467],[118.1265603,40.9054912],[118.1267608,40.902406],[118.1265603,40.8993208],[118.1259607,40.8962653],[118.1249676,40.8932689],[118.1235908,40.8903606],[118.1218435,40.8875682],[118.1197424,40.8849187],[118.1173079,40.8824377],[118.1145634,40.8801489],[118.1115352,40.8780745],[118.1082526,40.8762344],[118.1047472,40.8746464],[118.1010528,40.8733257],[118.0972049,40.8722851],[118.0932405,40.8715346],[118.0891979,40.8710813],[118.085116,40.8709297],[118.0810341,40.8710813],[118.0769915,40.8715346],[118.0730271,40.8722851],[118.0691792,40.8733257],[118.0654848,40.8746464],[118.0619794,40.8762344],[118.0586968,40.8780745],[118.0556686,40.8801489],[118.0529241,40.8824377],[118.0504896,40.8849187],[118.0483885,40.8875682],[118.0466412,40.8903606],[118.0452644,40.8932689],[118.0442713,40.8962653],[118.0436717,40.8993208],[118.0434712,40.902406],[118.0436717,40.9054912],[118.0442713,40.9085467],[118.0452644,40.9115431],[118.0466412,40.9144514],[118.0483885,40.9172438],[118.0504896,40.9198933],[118.0529241,40.9223743],[118.0556686,40.9246631],[118.0586968,40.9267375],[118.0619794,40.9285776],[118.0654848,40.9301656],[118.0691792,40.9314863],[118.0730271,40.9325269],[118.0769915,40.9332774],[118.0810341,40.9337307],[118.085116,40.9338823]]]},"properties":{"name":"猫耳山1046.1","peak_elev":1044,"radius_m":3500,"layer":"ATS峰值响应半径","rank_pct":0.1853,"center_lon":118.085116,"center_lat":40.902406,"max_mean_jut":80.7887,"max_ats":46.4058,"r_jmean_peak":2250,"r_ats_peak":3500,"r_ats_marginal":187.5,"ats_marginal_rate_max":0.06334735988291049,"ats_marginal_interval_start":125.0,"ats_marginal_interval_end":250.0,"is_expanded":false}},{"type":"Feature","geometry":{"type":"Polygon","coordinates":[[[118.317959,40.7705683],[118.3220309,40.7704167],[118.3260635,40.7699634],[118.3300181,40.7692129],[118.3338566,40.7681723],[118.337542,40.7668516],[118.3410387,40.7652636],[118.3443132,40.7634235],[118.3473339,40.7613491],[118.3500717,40.7590603],[118.3525003,40.7565793],[118.3545962,40.7539298],[118.3563392,40.7511374],[118.3577126,40.7482291],[118.3587032,40.7452327],[118.3593014,40.7421772],[118.3595014,40.739092],[118.3593014,40.7360068],[118.3587032,40.7329513],[118.3577126,40.7299549],[118.3563392,40.7270466],[118.3545962,40.7242542],[118.3525003,40.7216047],[118.3500717,40.7191237],[118.3473339,40.7168349],[118.3443132,40.7147605],[118.3410387,40.7129204],[118.337542,40.7113324],[118.3338566,40.7100117],[118.3300181,40.7089711],[118.3260635,40.7082206],[118.3220309,40.7077673],[118.317959,40.7076157],[118.3138871,40.7077673],[118.3098545,40.7082206],[118.3058999,40.7089711],[118.3020614,40.7100117],[118.298376,40.7113324],[118.2948793,40.7129204],[118.2916048,40.7147605],[118.2885841,40.7168349],[118.2858463,40.7191237],[118.2834177,40.7216047],[118.2813218,40.7242542],[118.2795788,40.7270466],[118.2782054,40.7299549],[118.2772148,40.7329513],[118.2766166,40.7360068],[118.2764166,40.739092],[118.2766166,40.7421772],[118.2772148,40.7452327],[118.2782054,40.7482291],[118.2795788,40.7511374],[118.2813218,40.7539298],[118.2834177,40.7565793],[118.2858463,40.7590603],[118.2885841,40.7613491],[118.2916048,40.7634235],[118.2948793,40.7652636],[118.298376,40.7668516],[118.3020614,40.7681723],[118.3058999,40.7692129],[118.3098545,40.7699634],[118.3138871,40.7704167],[118.317959,40.7705683]]]},"properties":{"name":"黄羊洞1321.3","peak_elev":1315,"radius_m":3500,"layer":"ATS峰值响应半径","rank_pct":0.1853,"center_lon":118.317959,"center_lat":40.739092,"max_mean_jut":174.9829,"max_ats":114.3417,"r_jmean_peak":2500,"r_ats_peak":3500,"r_ats_marginal":187.5,"ats_marginal_rate_max":0.19134813837733303,"ats_marginal_interval_start":125.0,"ats_marginal_interval_end":250.0,"is_expanded":false}},{"type":"Feature","geometry":{"type":"Polygon","coordinates":[[[119.068771,41.209752],[119.0725774,41.2096112],[119.0763471,41.2091903],[119.0800439,41.2084934],[119.0836321,41.2075271],[119.0870772,41.2063008],[119.090346,41.2048262],[119.093407,41.2031175],[119.0962308,41.2011913],[119.0987901,41.199066],[119.1010603,41.1967622],[119.1030195,41.194302],[119.1046489,41.1917091],[119.1059328,41.1890084],[119.1068588,41.1862261],[119.107418,41.1833888],[119.107605,41.180524],[119.107418,41.1776592],[119.1068588,41.1748219],[119.1059328,41.1720396],[119.1046489,41.1693389],[119.1030195,41.166746],[119.1010603,41.1642858],[119.0987901,41.161982],[119.0962308,41.1598567],[119.093407,41.1579305],[119.090346,41.1562218],[119.0870772,41.1547472],[119.0836321,41.1535209],[119.0800439,41.1525546],[119.0763471,41.1518577],[119.0725774,41.1514368],[119.068771,41.151296],[119.0649646,41.1514368],[119.0611949,41.1518577],[119.0574981,41.1525546],[119.0539099,41.1535209],[119.0504648,41.1547472],[119.047196,41.1562218],[119.044135,41.1579305],[119.0413112,41.1598567],[119.0387519,41.161982],[119.0364817,41.1642858],[119.0345225,41.166746],[119.0328931,41.1693389],[119.0316092,41.1720396],[119.0306832,41.1748219],[119.030124,41.1776592],[119.029937,41.180524],[119.030124,41.1833888],[119.0306832,41.1862261],[119.0316092,41.1890084],[119.0328931,41.1917091],[119.0345225,41.194302],[119.0364817,41.1967622],[119.0387519,41.199066],[119.0413112,41.2011913],[119.044135,41.2031175],[119.047196,41.2048262],[119.0504648,41.2063008],[119.0539099,41.2075271],[119.0574981,41.2084934],[119.0611949,41.2091903],[119.0649646,41.2096112],[119.068771,41.209752]]]},"properties":{"name":"1025无名峰","peak_elev":1025,"radius_m":3250,"layer":"ATS峰值响应半径","rank_pct":0.2162,"center_lon":119.068771,"center_lat":41.180524,"max_mean_jut":54.1719,"max_ats":26.2099,"r_jmean_peak":500,"r_ats_peak":3250,"r_ats_marginal":187.5,"ats_marginal_rate_max":0.03674276484099423,"ats_marginal_interval_start":125.0,"ats_marginal_interval_end":250.0,"is_expanded":false}},{"type":"Feature","geometry":{"type":"Polygon","coordinates":[[[118.081613,41.116507],[118.085414,41.1163662],[118.0891784,41.1159453],[118.0928699,41.1152484],[118.096453,41.1142821],[118.0998932,41.1130558],[118.1031574,41.1115812],[118.106214,41.1098725],[118.1090338,41.1079463],[118.1115894,41.105821],[118.1138564,41.1035172],[118.1158129,41.101057],[118.11744,41.0984641],[118.118722,41.0957634],[118.1196467,41.0929811],[118.1202051,41.0901438],[118.1203918,41.087279],[118.1202051,41.0844142],[118.1196467,41.0815769],[118.118722,41.0787946],[118.11744,41.0760939],[118.1158129,41.073501],[118.1138564,41.0710408],[118.1115894,41.068737],[118.1090338,41.0666117],[118.106214,41.0646855],[118.1031574,41.0629768],[118.0998932,41.0615022],[118.096453,41.0602759],[118.0928699,41.0593096],[118.0891784,41.0586127],[118.085414,41.0581918],[118.081613,41.058051],[118.077812,41.0581918],[118.0740476,41.0586127],[118.0703561,41.0593096],[118.066773,41.0602759],[118.0633328,41.0615022],[118.0600686,41.0629768],[118.057012,41.0646855],[118.0541922,41.0666117],[118.0516366,41.068737],[118.0493696,41.0710408],[118.0474131,41.073501],[118.045786,41.0760939],[118.044504,41.0787946],[118.0435793,41.0815769],[118.0430209,41.0844142],[118.0428342,41.087279],[118.0430209,41.0901438],[118.0435793,41.0929811],[118.044504,41.0957634],[118.045786,41.0984641],[118.0474131,41.101057],[118.0493696,41.1035172],[118.0516366,41.105821],[118.0541922,41.1079463],[118.057012,41.1098725],[118.0600686,41.1115812],[118.0633328,41.1130558],[118.066773,41.1142821],[118.0703561,41.1152484],[118.0740476,41.1159453],[118.077812,41.1163662],[118.081613,41.116507]]]},"properties":{"name":"1123无名峰(1)","peak_elev":1123,"radius_m":3250,"layer":"ATS峰值响应半径","rank_pct":0.2162,"center_lon":118.081613,"center_lat":41.087279,"max_mean_jut":88.1691,"max_ats":53.2795,"r_jmean_peak":2750,"r_ats_peak":3250,"r_ats_marginal":187.5,"ats_marginal_rate_max":0.07867383569472136,"ats_marginal_interval_start":125.0,"ats_marginal_interval_end":250.0,"is_expanded":false}},{"type":"Feature","geometry":{"type":"Polygon","coordinates":[[[118.293974,40.831921],[118.2977586,40.8317802],[118.3015068,40.8313593],[118.3051825,40.8306624],[118.3087502,40.8296961],[118.3121756,40.8284698],[118.3154257,40.8269952],[118.3184692,40.8252865],[118.3212768,40.8233603],[118.3238215,40.821235],[118.3260788,40.8189312],[118.3280268,40.816471],[118.3296469,40.8138781],[118.3309234,40.8111774],[118.3318441,40.8083951],[118.3324001,40.8055578],[118.3325861,40.802693],[118.3324001,40.7998282],[118.3318441,40.7969909],[118.3309234,40.7942086],[118.3296469,40.7915079],[118.3280268,40.788915],[118.3260788,40.7864548],[118.3238215,40.784151],[118.3212768,40.7820257],[118.3184692,40.7800995],[118.3154257,40.7783908],[118.3121756,40.7769162],[118.3087502,40.7756899],[118.3051825,40.7747236],[118.3015068,40.7740267],[118.2977586,40.7736058],[118.293974,40.773465],[118.2901894,40.7736058],[118.2864412,40.7740267],[118.2827655,40.7747236],[118.2791978,40.7756899],[118.2757724,40.7769162],[118.2725223,40.7783908],[118.2694788,40.7800995],[118.2666712,40.7820257],[118.2641265,40.784151],[118.2618692,40.7864548],[118.2599212,40.788915],[118.2583011,40.7915079],[118.2570246,40.7942086],[118.2561039,40.7969909],[118.2555479,40.7998282],[118.2553619,40.802693],[118.2555479,40.8055578],[118.2561039,40.8083951],[118.2570246,40.8111774],[118.2583011,40.8138781],[118.2599212,40.816471],[118.2618692,40.8189312],[118.2641265,40.821235],[118.2666712,40.8233603],[118.2694788,40.8252865],[118.2725223,40.8269952],[118.2757724,40.8284698],[118.2791978,40.8296961],[118.2827655,40.8306624],[118.2864412,40.8313593],[118.2901894,40.8317802],[118.293974,40.831921]]]},"properties":{"name":"1169无名峰","peak_elev":1169,"radius_m":3250,"layer":"ATS峰值响应半径","rank_pct":0.2162,"center_lon":118.293974,"center_lat":40.802693,"max_mean_jut":152.3674,"max_ats":90.0227,"r_jmean_peak":2250,"r_ats_peak":3250,"r_ats_marginal":187.5,"ats_marginal_rate_max":0.15350353030793457,"ats_marginal_interval_start":125.0,"ats_marginal_interval_end":250.0,"is_expanded":false}},{"type":"Feature","geometry":{"type":"Polygon","coordinates":[[[118.314187,40.830304],[118.3179716,40.8301632],[118.3217197,40.8297423],[118.3253952,40.8290454],[118.3289628,40.8280791],[118.3323882,40.8268528],[118.3356382,40.8253782],[118.3386816,40.8236695],[118.3414892,40.8217433],[118.3440338,40.819618],[118.346291,40.8173142],[118.348239,40.814854],[118.349859,40.8122611],[118.3511355,40.8095604],[118.3520562,40.8067781],[118.3526122,40.8039408],[118.3527981,40.801076],[118.3526122,40.7982112],[118.3520562,40.7953739],[118.3511355,40.7925916],[118.349859,40.7898909],[118.348239,40.787298],[118.346291,40.7848378],[118.3440338,40.782534],[118.3414892,40.7804087],[118.3386816,40.7784825],[118.3356382,40.7767738],[118.3323882,40.7752992],[118.3289628,40.7740729],[118.3253952,40.7731066],[118.3217197,40.7724097],[118.3179716,40.7719888],[118.314187,40.771848],[118.3104024,40.7719888],[118.3066543,40.7724097],[118.3029788,40.7731066],[118.2994112,40.7740729],[118.2959858,40.7752992],[118.2927358,40.7767738],[118.2896924,40.7784825],[118.2868848,40.7804087],[118.2843402,40.782534],[118.282083,40.7848378],[118.280135,40.787298],[118.278515,40.7898909],[118.2772385,40.7925916],[118.2763178,40.7953739],[118.2757618,40.7982112],[118.2755759,40.801076],[118.2757618,40.8039408],[118.2763178,40.8067781],[118.2772385,40.8095604],[118.278515,40.8122611],[118.280135,40.814854],[118.282083,40.8173142],[118.2843402,40.819618],[118.2868848,40.8217433],[118.2896924,40.8236695],[118.2927358,40.8253782],[118.2959858,40.8268528],[118.2994112,40.8280791],[118.3029788,40.8290454],[118.3066543,40.8297423],[118.3104024,40.8301632],[118.314187,40.830304]]]},"properties":{"name":"1220无名峰(2)","peak_elev":1220,"radius_m":3250,"layer":"ATS峰值响应半径","rank_pct":0.2162,"center_lon":118.314187,"center_lat":40.801076,"max_mean_jut":152.7316,"max_ats":93.5166,"r_jmean_peak":3000,"r_ats_peak":3250,"r_ats_marginal":312.5,"ats_marginal_rate_max":0.0767107137451661,"ats_marginal_interval_start":250.0,"ats_marginal_interval_end":375.0,"is_expanded":false}},{"type":"Feature","geometry":{"type":"Polygon","coordinates":[[[118.063422,40.5858724],[118.0671927,40.5857317],[118.0709271,40.5853108],[118.0745892,40.5846138],[118.0781438,40.5836475],[118.0815565,40.5824212],[118.0847947,40.5809466],[118.087827,40.579238],[118.0906243,40.5773117],[118.0931596,40.5751865],[118.0954085,40.5728826],[118.0973493,40.5704224],[118.0989635,40.5678295],[118.1002353,40.5651289],[118.1011526,40.5623465],[118.1017066,40.5595093],[118.1018918,40.5566444],[118.1017066,40.5537796],[118.1011526,40.5509423],[118.1002353,40.54816],[118.0989635,40.5454594],[118.0973493,40.5428665],[118.0954085,40.5404063],[118.0931596,40.5381024],[118.0906243,40.5359772],[118.087827,40.5340509],[118.0847947,40.5323423],[118.0815565,40.5308677],[118.0781438,40.5296413],[118.0745892,40.528675],[118.0709271,40.5279781],[118.0671927,40.5275572],[118.063422,40.5274165],[118.0596513,40.5275572],[118.0559169,40.5279781],[118.0522548,40.528675],[118.0487002,40.5296413],[118.0452875,40.5308677],[118.0420493,40.5323423],[118.039017,40.5340509],[118.0362197,40.5359772],[118.0336844,40.5381024],[118.0314355,40.5404063],[118.0294947,40.5428665],[118.0278805,40.5454594],[118.0266087,40.54816],[118.0256914,40.5509423],[118.0251374,40.5537796],[118.0249522,40.5566444],[118.0251374,40.5595093],[118.0256914,40.5623465],[118.0266087,40.5651289],[118.0278805,40.5678295],[118.0294947,40.5704224],[118.0314355,40.5728826],[118.0336844,40.5751865],[118.0362197,40.5773117],[118.039017,40.579238],[118.0420493,40.5809466],[118.0452875,40.5824212],[118.0487002,40.5836475],[118.0522548,40.5846138],[118.0559169,40.5853108],[118.0596513,40.5857317],[118.063422,40.5858724]]]},"properties":{"name":"月牙山1257.9","peak_elev":1249,"radius_m":3250,"layer":"ATS峰值响应半径","rank_pct":0.2162,"center_lon":118.063422,"center_lat":40.55664443969727,"max_mean_jut":137.9668,"max_ats":77.9442,"r_jmean_peak":3000,"r_ats_peak":3250,"r_ats_marginal":187.5,"ats_marginal_rate_max":0.17011329867960254,"ats_marginal_interval_start":125.0,"ats_marginal_interval_end":250.0,"is_expanded":false}},{"type":"Feature","geometry":{"type":"Polygon","coordinates":[[[118.306641,40.829495],[118.3104255,40.8293542],[118.3141736,40.8289333],[118.3178491,40.8282364],[118.3214167,40.8272701],[118.3248419,40.8260438],[118.3280919,40.8245692],[118.3311353,40.8228605],[118.3339429,40.8209343],[118.3364874,40.818809],[118.3387446,40.8165052],[118.3406926,40.814045],[118.3423126,40.8114521],[118.3435891,40.8087514],[118.3445098,40.8059691],[118.3450657,40.8031318],[118.3452516,40.800267],[118.3450657,40.7974022],[118.3445098,40.7945649],[118.3435891,40.7917826],[118.3423126,40.7890819],[118.3406926,40.786489],[118.3387446,40.7840288],[118.3364874,40.781725],[118.3339429,40.7795997],[118.3311353,40.7776735],[118.3280919,40.7759648],[118.3248419,40.7744902],[118.3214167,40.7732639],[118.3178491,40.7722976],[118.3141736,40.7716007],[118.3104255,40.7711798],[118.306641,40.771039],[118.3028565,40.7711798],[118.2991084,40.7716007],[118.2954329,40.7722976],[118.2918653,40.7732639],[118.2884401,40.7744902],[118.2851901,40.7759648],[118.2821467,40.7776735],[118.2793391,40.7795997],[118.2767946,40.781725],[118.2745374,40.7840288],[118.2725894,40.786489],[118.2709694,40.7890819],[118.2696929,40.7917826],[118.2687722,40.7945649],[118.2682163,40.7974022],[118.2680304,40.800267],[118.2682163,40.8031318],[118.2687722,40.8059691],[118.2696929,40.8087514],[118.2709694,40.8114521],[118.2725894,40.814045],[118.2745374,40.8165052],[118.2767946,40.818809],[118.2793391,40.8209343],[118.2821467,40.8228605],[118.2851901,40.8245692],[118.2884401,40.8260438],[118.2918653,40.8272701],[118.2954329,40.8282364],[118.2991084,40.8289333],[118.3028565,40.8293542],[118.306641,40.829495]]]},"properties":{"name":"甲山1255.5","peak_elev":1246,"radius_m":3250,"layer":"ATS峰值响应半径","rank_pct":0.2162,"center_lon":118.306641,"center_lat":40.800267,"max_mean_jut":171.0359,"max_ats":109.1658,"r_jmean_peak":3000,"r_ats_peak":3250,"r_ats_marginal":187.5,"ats_marginal_rate_max":0.08175431285308088,"ats_marginal_interval_start":125.0,"ats_marginal_interval_end":250.0,"is_expanded":false}},{"type":"Feature","geometry":{"type":"Polygon","coordinates":[[[118.021246,40.714017],[118.0250239,40.7138762],[118.0287655,40.7134553],[118.0324346,40.7127584],[118.035996,40.7117921],[118.0394154,40.7105658],[118.0426597,40.7090912],[118.0456978,40.7073825],[118.0485005,40.7054563],[118.0510407,40.703331],[118.0532939,40.7010272],[118.0552385,40.698567],[118.0568557,40.6959741],[118.05813,40.6932734],[118.0590491,40.6904911],[118.0596041,40.6876538],[118.0597897,40.684789],[118.0596041,40.6819242],[118.0590491,40.6790869],[118.05813,40.6763046],[118.0568557,40.6736039],[118.0552385,40.671011],[118.0532939,40.6685508],[118.0510407,40.666247],[118.0485005,40.6641217],[118.0456978,40.6621955],[118.0426597,40.6604868],[118.0394154,40.6590122],[118.035996,40.6577859],[118.0324346,40.6568196],[118.0287655,40.6561227],[118.0250239,40.6557018],[118.021246,40.655561],[118.0174681,40.6557018],[118.0137265,40.6561227],[118.0100574,40.6568196],[118.006496,40.6577859],[118.0030766,40.6590122],[117.9998323,40.6604868],[117.9967942,40.6621955],[117.9939915,40.6641217],[117.9914513,40.666247],[117.9891981,40.6685508],[117.9872535,40.671011],[117.9856363,40.6736039],[117.984362,40.6763046],[117.9834429,40.6790869],[117.9828879,40.6819242],[117.9827023,40.684789],[117.9828879,40.6876538],[117.9834429,40.6904911],[117.984362,40.6932734],[117.9856363,40.6959741],[117.9872535,40.698567],[117.9891981,40.7010272],[117.9914513,40.703331],[117.9939915,40.7054563],[117.9967942,40.7073825],[117.9998323,40.7090912],[118.0030766,40.7105658],[118.006496,40.7117921],[118.0100574,40.7127584],[118.0137265,40.7134553],[118.0174681,40.7138762],[118.021246,40.714017]]]},"properties":{"name":"西梁高尖1100","peak_elev":1069,"radius_m":3250,"layer":"ATS峰值响应半径","rank_pct":0.2162,"center_lon":118.021246,"center_lat":40.684789,"max_mean_jut":140.6771,"max_ats":86.5501,"r_jmean_peak":2750,"r_ats_peak":3250,"r_ats_marginal":937.5,"ats_marginal_rate_max":0.05042848100454921,"ats_marginal_interval_start":875.0,"ats_marginal_interval_end":1000.0,"is_expanded":false}},{"type":"Feature","geometry":{"type":"Polygon","coordinates":[[[118.362965,40.651629],[118.3667394,40.6514882],[118.3704775,40.6510673],[118.3741432,40.6503704],[118.3777012,40.6494041],[118.3811174,40.6481778],[118.3843587,40.6467032],[118.387394,40.6449945],[118.390194,40.6430683],[118.3927318,40.640943],[118.3949829,40.6386392],[118.3969257,40.636179],[118.3985414,40.6335861],[118.3998145,40.6308854],[118.4007327,40.6281031],[118.4012872,40.6252658],[118.4014726,40.622401],[118.4012872,40.6195362],[118.4007327,40.6166989],[118.3998145,40.6139166],[118.3985414,40.6112159],[118.3969257,40.608623],[118.3949829,40.6061628],[118.3927318,40.603859],[118.390194,40.6017337],[118.387394,40.5998075],[118.3843587,40.5980988],[118.3811174,40.5966242],[118.3777012,40.5953979],[118.3741432,40.5944316],[118.3704775,40.5937347],[118.3667394,40.5933138],[118.362965,40.593173],[118.3591906,40.5933138],[118.3554525,40.5937347],[118.3517868,40.5944316],[118.3482288,40.5953979],[118.3448126,40.5966242],[118.3415713,40.5980988],[118.338536,40.5998075],[118.335736,40.6017337],[118.3331982,40.603859],[118.3309471,40.6061628],[118.3290043,40.608623],[118.3273886,40.6112159],[118.3261155,40.6139166],[118.3251973,40.6166989],[118.3246428,40.6195362],[118.3244574,40.622401],[118.3246428,40.6252658],[118.3251973,40.6281031],[118.3261155,40.6308854],[118.3273886,40.6335861],[118.3290043,40.636179],[118.3309471,40.6386392],[118.3331982,40.640943],[118.335736,40.6430683],[118.338536,40.6449945],[118.3415713,40.6467032],[118.3448126,40.6481778],[118.3482288,40.6494041],[118.3517868,40.6503704],[118.3554525,40.6510673],[118.3591906,40.6514882],[118.362965,40.651629]]]},"properties":{"name":"鸭嘴山1110","peak_elev":1105,"radius_m":3250,"layer":"ATS峰值响应半径","rank_pct":0.2162,"center_lon":118.362965,"center_lat":40.622401,"max_mean_jut":140.8126,"max_ats":82.2102,"r_jmean_peak":2750,"r_ats_peak":3250,"r_ats_marginal":187.5,"ats_marginal_rate_max":0.05914916557454177,"ats_marginal_interval_start":125.0,"ats_marginal_interval_end":250.0,"is_expanded":false}},{"type":"Feature","geometry":{"type":"Polygon","coordinates":[[[118.3632355,40.705797],[118.3670129,40.7056562],[118.370754,40.7052353],[118.3744227,40.7045384],[118.3779837,40.7035721],[118.3814026,40.7023458],[118.3846465,40.7008712],[118.3876843,40.6991625],[118.3904866,40.6972363],[118.3930265,40.695111],[118.3952794,40.6928072],[118.3972238,40.690347],[118.3988408,40.6877541],[118.4001149,40.6850534],[118.4010339,40.6822711],[118.4015888,40.6794338],[118.4017744,40.676569],[118.4015888,40.6737042],[118.4010339,40.6708669],[118.4001149,40.6680846],[118.3988408,40.6653839],[118.3972238,40.662791],[118.3952794,40.6603308],[118.3930265,40.658027],[118.3904866,40.6559017],[118.3876843,40.6539755],[118.3846465,40.6522668],[118.3814026,40.6507922],[118.3779837,40.6495659],[118.3744227,40.6485996],[118.370754,40.6479027],[118.3670129,40.6474818],[118.3632355,40.647341],[118.359458,40.6474818],[118.3557169,40.6479027],[118.3520482,40.6485996],[118.3484873,40.6495659],[118.3450684,40.6507922],[118.3418244,40.6522668],[118.3387866,40.6539755],[118.3359843,40.6559017],[118.3334445,40.658027],[118.3311915,40.6603308],[118.3292472,40.662791],[118.3276302,40.6653839],[118.326356,40.6680846],[118.3254371,40.6708669],[118.3248821,40.6737042],[118.3246966,40.676569],[118.3248821,40.6794338],[118.3254371,40.6822711],[118.326356,40.6850534],[118.3276302,40.6877541],[118.3292472,40.690347],[118.3311915,40.6928072],[118.3334445,40.695111],[118.3359843,40.6972363],[118.3387866,40.6991625],[118.3418244,40.7008712],[118.3450684,40.7023458],[118.3484873,40.7035721],[118.3520482,40.7045384],[118.3557169,40.7052353],[118.359458,40.7056562],[118.3632355,40.705797]]]},"properties":{"name":"龙桲罗洼1274","peak_elev":1268,"radius_m":3250,"layer":"ATS峰值响应半径","rank_pct":0.2162,"center_lon":118.3632354736328,"center_lat":40.676569,"max_mean_jut":109.2036,"max_ats":63.2827,"r_jmean_peak":2000,"r_ats_peak":3250,"r_ats_marginal":312.5,"ats_marginal_rate_max":0.09719733086027776,"ats_marginal_interval_start":250.0,"ats_marginal_interval_end":375.0,"is_expanded":false}},{"type":"Feature","geometry":{"type":"Polygon","coordinates":[[[118.289124,40.7596037],[118.2926138,40.7594738],[118.2960701,40.7590853],[118.2994594,40.758442],[118.3027492,40.75755],[118.3059078,40.756418],[118.3089047,40.7550568],[118.3117112,40.7534796],[118.3143001,40.7517015],[118.3166465,40.7497398],[118.3187279,40.7476131],[118.3205242,40.7453422],[118.3220181,40.7429487],[118.3231952,40.7404558],[118.3240442,40.7378875],[118.3245569,40.7352685],[118.3247283,40.7326241],[118.3245569,40.7299796],[118.3240442,40.7273606],[118.3231952,40.7247923],[118.3220181,40.7222994],[118.3205242,40.7199059],[118.3187279,40.717635],[118.3166465,40.7155083],[118.3143001,40.7135466],[118.3117112,40.7117685],[118.3089047,40.7101913],[118.3059078,40.7088301],[118.3027492,40.7076981],[118.2994594,40.7068061],[118.2960701,40.7061628],[118.2926138,40.7057743],[118.289124,40.7056444],[118.2856342,40.7057743],[118.2821779,40.7061628],[118.2787886,40.7068061],[118.2754988,40.7076981],[118.2723402,40.7088301],[118.2693433,40.7101913],[118.2665368,40.7117685],[118.2639479,40.7135466],[118.2616015,40.7155083],[118.2595201,40.717635],[118.2577238,40.7199059],[118.2562299,40.7222994],[118.2550528,40.7247923],[118.2542038,40.7273606],[118.2536911,40.7299796],[118.2535197,40.7326241],[118.2536911,40.7352685],[118.2542038,40.7378875],[118.2550528,40.7404558],[118.2562299,40.7429487],[118.2577238,40.7453422],[118.2595201,40.7476131],[118.2616015,40.7497398],[118.2639479,40.7517015],[118.2665368,40.7534796],[118.2693433,40.7550568],[118.2723402,40.756418],[118.2754988,40.75755],[118.2787886,40.758442],[118.2821779,40.7590853],[118.2856342,40.7594738],[118.289124,40.7596037]]]},"properties":{"name":"1105无名峰","peak_elev":1105,"radius_m":3000,"layer":"ATS峰值响应半径","rank_pct":0.251,"center_lon":118.289124,"center_lat":40.73262405395508,"max_mean_jut":91.756,"max_ats":45.5811,"r_jmean_peak":750,"r_ats_peak":3000,"r_ats_marginal":187.5,"ats_marginal_rate_max":0.1155666030183173,"ats_marginal_interval_start":125.0,"ats_marginal_interval_end":250.0,"is_expanded":false}},{"type":"Feature","geometry":{"type":"Polygon","coordinates":[[[118.329278,40.7649939],[118.3327681,40.764864],[118.3362246,40.7644755],[118.3396142,40.7638321],[118.3429043,40.7629402],[118.3460631,40.7618081],[118.3490603,40.760447],[118.351867,40.7588698],[118.3544561,40.7570917],[118.3568028,40.7551299],[118.3588843,40.7530033],[118.3606808,40.7507323],[118.3621748,40.7483389],[118.363352,40.745846],[118.364201,40.7432777],[118.3647138,40.7406587],[118.3648852,40.7380142],[118.3647138,40.7353698],[118.364201,40.7327508],[118.363352,40.7301824],[118.3621748,40.7276896],[118.3606808,40.7252961],[118.3588843,40.7230251],[118.3568028,40.7208985],[118.3544561,40.7189367],[118.351867,40.7171587],[118.3490603,40.7155815],[118.3460631,40.7142203],[118.3429043,40.7130883],[118.3396142,40.7121963],[118.3362246,40.711553],[118.3327681,40.7111645],[118.329278,40.7110346],[118.3257879,40.7111645],[118.3223314,40.711553],[118.3189418,40.7121963],[118.3156517,40.7130883],[118.3124929,40.7142203],[118.3094957,40.7155815],[118.306689,40.7171587],[118.3040999,40.7189367],[118.3017532,40.7208985],[118.2996717,40.7230251],[118.2978752,40.7252961],[118.2963812,40.7276896],[118.295204,40.7301824],[118.294355,40.7327508],[118.2938422,40.7353698],[118.2936708,40.7380142],[118.2938422,40.7406587],[118.294355,40.7432777],[118.295204,40.745846],[118.2963812,40.7483389],[118.2978752,40.7507323],[118.2996717,40.7530033],[118.3017532,40.7551299],[118.3040999,40.7570917],[118.306689,40.7588698],[118.3094957,40.760447],[118.3124929,40.7618081],[118.3156517,40.7629402],[118.3189418,40.7638321],[118.3223314,40.7644755],[118.3257879,40.764864],[118.329278,40.7649939]]]},"properties":{"name":"1222无名峰","peak_elev":1222,"radius_m":3000,"layer":"ATS峰值响应半径","rank_pct":0.251,"center_lon":118.329278,"center_lat":40.738014221191406,"max_mean_jut":140.0104,"max_ats":86.2965,"r_jmean_peak":2500,"r_ats_peak":3000,"r_ats_marginal":187.5,"ats_marginal_rate_max":0.08597319734432678,"ats_marginal_interval_start":125.0,"ats_marginal_interval_end":250.0,"is_expanded":false}},{"type":"Feature","geometry":{"type":"Polygon","coordinates":[[[118.293166,40.5884746],[118.2966469,40.5883447],[118.3000943,40.5879562],[118.3034749,40.5873129],[118.3067563,40.5864209],[118.3099068,40.5852889],[118.3128961,40.5839278],[118.3156953,40.5823506],[118.3182776,40.5805725],[118.320618,40.5786107],[118.3226941,40.5764841],[118.3244858,40.5742131],[118.3259759,40.5718197],[118.32715,40.5693268],[118.3279968,40.5667585],[118.3285082,40.5641395],[118.3286792,40.561495],[118.3285082,40.5588505],[118.3279968,40.5562315],[118.32715,40.5536632],[118.3259759,40.5511703],[118.3244858,40.5487769],[118.3226941,40.5465059],[118.320618,40.5443793],[118.3182776,40.5424175],[118.3156953,40.5406394],[118.3128961,40.5390622],[118.3099068,40.5377011],[118.3067563,40.5365691],[118.3034749,40.5356771],[118.3000943,40.5350338],[118.2966469,40.5346453],[118.293166,40.5345154],[118.2896851,40.5346453],[118.2862377,40.5350338],[118.2828571,40.5356771],[118.2795757,40.5365691],[118.2764252,40.5377011],[118.2734359,40.5390622],[118.2706367,40.5406394],[118.2680544,40.5424175],[118.265714,40.5443793],[118.2636379,40.5465059],[118.2618462,40.5487769],[118.2603561,40.5511703],[118.259182,40.5536632],[118.2583352,40.5562315],[118.2578238,40.5588505],[118.2576528,40.561495],[118.2578238,40.5641395],[118.2583352,40.5667585],[118.259182,40.5693268],[118.2603561,40.5718197],[118.2618462,40.5742131],[118.2636379,40.5764841],[118.265714,40.5786107],[118.2680544,40.5805725],[118.2706367,40.5823506],[118.2734359,40.5839278],[118.2764252,40.5852889],[118.2795757,40.5864209],[118.2828571,40.5873129],[118.2862377,40.5879562],[118.2896851,40.5883447],[118.293166,40.5884746]]]},"properties":{"name":"925无名峰(1)","peak_elev":925,"radius_m":3000,"layer":"ATS峰值响应半径","rank_pct":0.251,"center_lon":118.293166,"center_lat":40.561495,"max_mean_jut":123.1938,"max_ats":77.8742,"r_jmean_peak":2000,"r_ats_peak":3000,"r_ats_marginal":312.5,"ats_marginal_rate_max":0.0663146748982214,"ats_marginal_interval_start":250.0,"ats_marginal_interval_end":375.0,"is_expanded":false}},{"type":"Feature","geometry":{"type":"Polygon","coordinates":[[[119.150428,39.8984336],[119.1538736,39.8983037],[119.1572861,39.8979152],[119.1606325,39.8972719],[119.1638806,39.8963799],[119.1669992,39.8952479],[119.1699581,39.8938868],[119.172729,39.8923096],[119.1752852,39.8905315],[119.1776019,39.8885697],[119.1796569,39.8864431],[119.1814305,39.8841721],[119.1829055,39.8817787],[119.1840676,39.8792858],[119.1849059,39.8767175],[119.1854121,39.8740985],[119.1855813,39.871454],[119.1854121,39.8688095],[119.1849059,39.8661905],[119.1840676,39.8636222],[119.1829055,39.8611293],[119.1814305,39.8587359],[119.1796569,39.8564649],[119.1776019,39.8543383],[119.1752852,39.8523765],[119.172729,39.8505984],[119.1699581,39.8490212],[119.1669992,39.8476601],[119.1638806,39.8465281],[119.1606325,39.8456361],[119.1572861,39.8449928],[119.1538736,39.8446043],[119.150428,39.8444744],[119.1469824,39.8446043],[119.1435699,39.8449928],[119.1402235,39.8456361],[119.1369754,39.8465281],[119.1338568,39.8476601],[119.1308979,39.8490212],[119.128127,39.8505984],[119.1255708,39.8523765],[119.1232541,39.8543383],[119.1211991,39.8564649],[119.1194255,39.8587359],[119.1179505,39.8611293],[119.1167884,39.8636222],[119.1159501,39.8661905],[119.1154439,39.8688095],[119.1152747,39.871454],[119.1154439,39.8740985],[119.1159501,39.8767175],[119.1167884,39.8792858],[119.1179505,39.8817787],[119.1194255,39.8841721],[119.1211991,39.8864431],[119.1232541,39.8885697],[119.1255708,39.8905315],[119.128127,39.8923096],[119.1308979,39.8938868],[119.1338568,39.8952479],[119.1369754,39.8963799],[119.1402235,39.8972719],[119.1435699,39.8979152],[119.1469824,39.8983037],[119.150428,39.8984336]]]},"properties":{"name":"兔儿山571","peak_elev":562,"radius_m":3000,"layer":"ATS峰值响应半径","rank_pct":0.251,"center_lon":119.150428,"center_lat":39.871454,"max_mean_jut":88.3638,"max_ats":57.4154,"r_jmean_peak":1375,"r_ats_peak":3000,"r_ats_marginal":187.5,"ats_marginal_rate_max":0.1680809964510579,"ats_marginal_interval_start":125.0,"ats_marginal_interval_end":250.0,"is_expanded":false}},{"type":"Feature","geometry":{"type":"Polygon","coordinates":[[[118.739584,40.8091906],[118.7430764,40.8090607],[118.7465352,40.8086722],[118.7499271,40.8080289],[118.7532194,40.8071369],[118.7563803,40.8060049],[118.7593795,40.8046438],[118.762188,40.8030666],[118.7647789,40.8012885],[118.7671271,40.7993267],[118.76921,40.7972001],[118.7710077,40.7949291],[118.7725027,40.7925357],[118.7736807,40.7900428],[118.7745303,40.7874745],[118.7750433,40.7848555],[118.7752149,40.782211],[118.7750433,40.7795665],[118.7745303,40.7769475],[118.7736807,40.7743792],[118.7725027,40.7718863],[118.7710077,40.7694929],[118.76921,40.7672219],[118.7671271,40.7650953],[118.7647789,40.7631335],[118.762188,40.7613554],[118.7593795,40.7597782],[118.7563803,40.7584171],[118.7532194,40.7572851],[118.7499271,40.7563931],[118.7465352,40.7557498],[118.7430764,40.7553613],[118.739584,40.7552314],[118.7360916,40.7553613],[118.7326328,40.7557498],[118.7292409,40.7563931],[118.7259486,40.7572851],[118.7227877,40.7584171],[118.7197885,40.7597782],[118.71698,40.7613554],[118.7143891,40.7631335],[118.7120409,40.7650953],[118.709958,40.7672219],[118.7081603,40.7694929],[118.7066653,40.7718863],[118.7054873,40.7743792],[118.7046377,40.7769475],[118.7041247,40.7795665],[118.7039531,40.782211],[118.7041247,40.7848555],[118.7046377,40.7874745],[118.7054873,40.7900428],[118.7066653,40.7925357],[118.7081603,40.7949291],[118.709958,40.7972001],[118.7120409,40.7993267],[118.7143891,40.8012885],[118.71698,40.8030666],[118.7197885,40.8046438],[118.7227877,40.8060049],[118.7259486,40.8071369],[118.7292409,40.8080289],[118.7326328,40.8086722],[118.7360916,40.8090607],[118.739584,40.8091906]]]},"properties":{"name":"土山尖子1286.2","peak_elev":1287,"radius_m":3000,"layer":"ATS峰值响应半径","rank_pct":0.251,"center_lon":118.739584,"center_lat":40.782211,"max_mean_jut":98.8408,"max_ats":61.2443,"r_jmean_peak":2750,"r_ats_peak":3000,"r_ats_marginal":187.5,"ats_marginal_rate_max":0.05996765128970449,"ats_marginal_interval_start":125.0,"ats_marginal_interval_end":250.0,"is_expanded":false}},{"type":"Feature","geometry":{"type":"Polygon","coordinates":[[[120.190408,41.1013226],[120.1939159,41.1011927],[120.19739,41.1008042],[120.2007969,41.1001609],[120.2041038,41.0992689],[120.2072787,41.0981369],[120.2102912,41.0967758],[120.2131122,41.0951986],[120.2157145,41.0934205],[120.2180731,41.0914587],[120.2201653,41.0893321],[120.2219709,41.0870611],[120.2234725,41.0846677],[120.2246557,41.0821748],[120.2255091,41.0796065],[120.2260244,41.0769875],[120.2261968,41.074343],[120.2260244,41.0716985],[120.2255091,41.0690795],[120.2246557,41.0665112],[120.2234725,41.0640183],[120.2219709,41.0616249],[120.2201653,41.0593539],[120.2180731,41.0572273],[120.2157145,41.0552655],[120.2131122,41.0534874],[120.2102912,41.0519102],[120.2072787,41.0505491],[120.2041038,41.0494171],[120.2007969,41.0485251],[120.19739,41.0478818],[120.1939159,41.0474933],[120.190408,41.0473634],[120.1869001,41.0474933],[120.183426,41.0478818],[120.1800191,41.0485251],[120.1767122,41.0494171],[120.1735373,41.0505491],[120.1705248,41.0519102],[120.1677038,41.0534874],[120.1651015,41.0552655],[120.1627429,41.0572273],[120.1606507,41.0593539],[120.1588451,41.0616249],[120.1573435,41.0640183],[120.1561603,41.0665112],[120.1553069,41.0690795],[120.1547916,41.0716985],[120.1546192,41.074343],[120.1547916,41.0769875],[120.1553069,41.0796065],[120.1561603,41.0821748],[120.1573435,41.0846677],[120.1588451,41.0870611],[120.1606507,41.0893321],[120.1627429,41.0914587],[120.1651015,41.0934205],[120.1677038,41.0951986],[120.1705248,41.0967758],[120.1735373,41.0981369],[120.1767122,41.0992689],[120.1800191,41.1001609],[120.183426,41.1008042],[120.1869001,41.1011927],[120.190408,41.1013226]]]},"properties":{"name":"大柏山851","peak_elev":844,"radius_m":3000,"layer":"ATS峰值响应半径","rank_pct":0.251,"center_lon":120.190408,"center_lat":41.074343,"max_mean_jut":78.1717,"max_ats":48.0919,"r_jmean_peak":2000,"r_ats_peak":3000,"r_ats_marginal":187.5,"ats_marginal_rate_max":0.05317918104893403,"ats_marginal_interval_start":125.0,"ats_marginal_interval_end":250.0,"is_expanded":false}},{"type":"Feature","geometry":{"type":"Polygon","coordinates":[[[119.121458,39.7681334],[119.1248971,39.7680035],[119.1283031,39.767615],[119.1316432,39.7669716],[119.1348851,39.7660797],[119.1379978,39.7649476],[119.1409512,39.7635865],[119.1437168,39.7620093],[119.1462681,39.7602312],[119.1485804,39.7582694],[119.1506316,39.7561428],[119.1524018,39.7538718],[119.153874,39.7514784],[119.155034,39.7489855],[119.1558706,39.7464172],[119.1563758,39.7437982],[119.1565448,39.7411537],[119.1563758,39.7385092],[119.1558706,39.7358902],[119.155034,39.7333219],[119.153874,39.7308291],[119.1524018,39.7284356],[119.1506316,39.7261646],[119.1485804,39.724038],[119.1462681,39.7220762],[119.1437168,39.7202982],[119.1409512,39.718721],[119.1379978,39.7173598],[119.1348851,39.7162278],[119.1316432,39.7153358],[119.1283031,39.7146925],[119.1248971,39.714304],[119.121458,39.7141741],[119.1180189,39.714304],[119.1146129,39.7146925],[119.1112728,39.7153358],[119.1080309,39.7162278],[119.1049182,39.7173598],[119.1019648,39.718721],[119.0991992,39.7202982],[119.0966479,39.7220762],[119.0943356,39.724038],[119.0922844,39.7261646],[119.0905142,39.7284356],[119.089042,39.7308291],[119.087882,39.7333219],[119.0870454,39.7358902],[119.0865402,39.7385092],[119.0863712,39.7411537],[119.0865402,39.7437982],[119.0870454,39.7464172],[119.087882,39.7489855],[119.089042,39.7514784],[119.0905142,39.7538718],[119.0922844,39.7561428],[119.0943356,39.7582694],[119.0966479,39.7602312],[119.0991992,39.7620093],[119.1019648,39.7635865],[119.1049182,39.7649476],[119.1080309,39.7660797],[119.1112728,39.7669716],[119.1146129,39.767615],[119.1180189,39.7680035],[119.121458,39.7681334]]]},"properties":{"name":"狗头山589","peak_elev":589,"radius_m":3000,"layer":"ATS峰值响应半径","rank_pct":0.251,"center_lon":119.121458,"center_lat":39.741153717041016,"max_mean_jut":89.9479,"max_ats":61.4899,"r_jmean_peak":2500,"r_ats_peak":3000,"r_ats_marginal":187.5,"ats_marginal_rate_max":0.06746466141465458,"ats_marginal_interval_start":125.0,"ats_marginal_interval_end":250.0,"is_expanded":false}},{"type":"Feature","geometry":{"type":"Polygon","coordinates":[[[118.050082,40.7402006],[118.0535708,40.7400707],[118.057026,40.7396822],[118.0604144,40.7390389],[118.0637032,40.7381469],[118.0668609,40.7370149],[118.0698569,40.7356538],[118.0726626,40.7340766],[118.0752507,40.7322985],[118.0775965,40.7303367],[118.0796773,40.7282101],[118.0814731,40.7259391],[118.0829665,40.7235457],[118.0841433,40.7210528],[118.084992,40.7184845],[118.0855046,40.7158655],[118.085676,40.713221],[118.0855046,40.7105765],[118.084992,40.7079575],[118.0841433,40.7053892],[118.0829665,40.7028963],[118.0814731,40.7005029],[118.0796773,40.6982319],[118.0775965,40.6961053],[118.0752507,40.6941435],[118.0726626,40.6923654],[118.0698569,40.6907882],[118.0668609,40.6894271],[118.0637032,40.6882951],[118.0604144,40.6874031],[118.057026,40.6867598],[118.0535708,40.6863713],[118.050082,40.6862414],[118.0465932,40.6863713],[118.043138,40.6867598],[118.0397496,40.6874031],[118.0364608,40.6882951],[118.0333031,40.6894271],[118.0303071,40.6907882],[118.0275014,40.6923654],[118.0249133,40.6941435],[118.0225675,40.6961053],[118.0204867,40.6982319],[118.0186909,40.7005029],[118.0171975,40.7028963],[118.0160207,40.7053892],[118.015172,40.7079575],[118.0146594,40.7105765],[118.014488,40.713221],[118.0146594,40.7158655],[118.015172,40.7184845],[118.0160207,40.7210528],[118.0171975,40.7235457],[118.0186909,40.7259391],[118.0204867,40.7282101],[118.0225675,40.7303367],[118.0249133,40.7322985],[118.0275014,40.7340766],[118.0303071,40.7356538],[118.0333031,40.7370149],[118.0364608,40.7381469],[118.0397496,40.7390389],[118.043138,40.7396822],[118.0465932,40.7400707],[118.050082,40.7402006]]]},"properties":{"name":"西山顶1000","peak_elev":1007,"radius_m":3000,"layer":"ATS峰值响应半径","rank_pct":0.251,"center_lon":118.050082,"center_lat":40.713221,"max_mean_jut":79.3275,"max_ats":47.5717,"r_jmean_peak":2750,"r_ats_peak":3000,"r_ats_marginal":812.5,"ats_marginal_rate_max":0.03053066204554385,"ats_marginal_interval_start":750.0,"ats_marginal_interval_end":875.0,"is_expanded":false}},{"type":"Feature","geometry":{"type":"Polygon","coordinates":[[[118.379404,41.0447294],[118.3829089,41.0445995],[118.38638,41.044211],[118.389784,41.0435677],[118.393088,41.0426757],[118.3962602,41.0415437],[118.3992701,41.0401825],[118.4020886,41.0386053],[118.4046887,41.0368273],[118.4070453,41.0348655],[118.4091357,41.0327389],[118.4109398,41.0304679],[118.4124401,41.0280745],[118.4136223,41.0255816],[118.4144749,41.0230133],[118.4149898,41.0203943],[118.415162,41.0177498],[118.4149898,41.0151053],[118.4144749,41.0124863],[118.4136223,41.009918],[118.4124401,41.0074251],[118.4109398,41.0050317],[118.4091357,41.0027607],[118.4070453,41.0006341],[118.4046887,40.9986723],[118.4020886,40.9968942],[118.3992701,40.995317],[118.3962602,40.9939559],[118.393088,40.9928238],[118.389784,40.9919319],[118.38638,40.9912885],[118.3829089,40.9909001],[118.379404,40.9907701],[118.3758991,40.9909001],[118.372428,40.9912885],[118.369024,40.9919319],[118.36572,40.9928238],[118.3625478,40.9939559],[118.3595379,40.995317],[118.3567194,40.9968942],[118.3541193,40.9986723],[118.3517627,41.0006341],[118.3496723,41.0027607],[118.3478682,41.0050317],[118.3463679,41.0074251],[118.3451857,41.009918],[118.3443331,41.0124863],[118.3438182,41.0151053],[118.343646,41.0177498],[118.3438182,41.0203943],[118.3443331,41.0230133],[118.3451857,41.0255816],[118.3463679,41.0280745],[118.3478682,41.0304679],[118.3496723,41.0327389],[118.3517627,41.0348655],[118.3541193,41.0368273],[118.3567194,41.0386053],[118.3595379,41.0401825],[118.3625478,41.0415437],[118.36572,41.0426757],[118.369024,41.0435677],[118.372428,41.044211],[118.3758991,41.0445995],[118.379404,41.0447294]]]},"properties":{"name":"西沟脑1183(2)","peak_elev":1173,"radius_m":3000,"layer":"ATS峰值响应半径","rank_pct":0.251,"center_lon":118.379404,"center_lat":41.01774978637695,"max_mean_jut":116.9692,"max_ats":70.9601,"r_jmean_peak":2250,"r_ats_peak":3000,"r_ats_marginal":437.5,"ats_marginal_rate_max":0.07512391960953718,"ats_marginal_interval_start":375.0,"ats_marginal_interval_end":500.0,"is_expanded":false}},{"type":"Feature","geometry":{"type":"Polygon","coordinates":[[[119.828207,40.4871446],[119.8316826,40.4870147],[119.8351248,40.4866262],[119.8385004,40.4859829],[119.8417768,40.4850909],[119.8449225,40.4839589],[119.8479073,40.4825978],[119.8507023,40.4810206],[119.8532807,40.4792425],[119.8556176,40.4772807],[119.8576905,40.4751541],[119.8594795,40.4728831],[119.8609673,40.4704897],[119.8621397,40.4679968],[119.8629852,40.4654285],[119.8634958,40.4628095],[119.8636665,40.460165],[119.8634958,40.4575205],[119.8629852,40.4549015],[119.8621397,40.4523332],[119.8609673,40.4498403],[119.8594795,40.4474469],[119.8576905,40.4451759],[119.8556176,40.4430493],[119.8532807,40.4410875],[119.8507023,40.4393094],[119.8479073,40.4377322],[119.8449225,40.4363711],[119.8417768,40.4352391],[119.8385004,40.4343471],[119.8351248,40.4337038],[119.8316826,40.4333153],[119.828207,40.4331854],[119.8247314,40.4333153],[119.8212892,40.4337038],[119.8179136,40.4343471],[119.8146372,40.4352391],[119.8114915,40.4363711],[119.8085067,40.4377322],[119.8057117,40.4393094],[119.8031333,40.4410875],[119.8007964,40.4430493],[119.7987235,40.4451759],[119.7969345,40.4474469],[119.7954467,40.4498403],[119.7942743,40.4523332],[119.7934288,40.4549015],[119.7929182,40.4575205],[119.7927475,40.460165],[119.7929182,40.4628095],[119.7934288,40.4654285],[119.7942743,40.4679968],[119.7954467,40.4704897],[119.7969345,40.4728831],[119.7987235,40.4751541],[119.8007964,40.4772807],[119.8031333,40.4792425],[119.8057117,40.4810206],[119.8085067,40.4825978],[119.8114915,40.4839589],[119.8146372,40.4850909],[119.8179136,40.4859829],[119.8212892,40.4866262],[119.8247314,40.4870147],[119.828207,40.4871446]]]},"properties":{"name":"鹦鹉山786","peak_elev":786,"radius_m":3000,"layer":"ATS峰值响应半径","rank_pct":0.251,"center_lon":119.828207,"center_lat":40.460165,"max_mean_jut":109.7351,"max_ats":75.2474,"r_jmean_peak":1750,"r_ats_peak":3000,"r_ats_marginal":187.5,"ats_marginal_rate_max":0.09771072224158872,"ats_marginal_interval_start":125.0,"ats_marginal_interval_end":250.0,"is_expanded":false}},{"type":"Feature","geometry":{"type":"Polygon","coordinates":[[[119.584584,40.3008323],[119.5877613,40.3007133],[119.590908,40.3003571],[119.5939938,40.2997674],[119.596989,40.2989498],[119.5998648,40.2979121],[119.6025933,40.2966644],[119.6051484,40.2952186],[119.6075055,40.2935887],[119.6096419,40.2917904],[119.6115369,40.289841],[119.6131723,40.2877593],[119.6145324,40.2855653],[119.6156041,40.2832801],[119.6163771,40.2809258],[119.6168438,40.2785251],[119.6169999,40.276101],[119.6168438,40.2736769],[119.6163771,40.2712762],[119.6156041,40.2689219],[119.6145324,40.2666367],[119.6131723,40.2644427],[119.6115369,40.262361],[119.6096419,40.2604116],[119.6075055,40.2586133],[119.6051484,40.2569834],[119.6025933,40.2555376],[119.5998648,40.2542899],[119.596989,40.2532522],[119.5939938,40.2524346],[119.590908,40.2518449],[119.5877613,40.2514887],[119.584584,40.2513697],[119.5814067,40.2514887],[119.57826,40.2518449],[119.5751742,40.2524346],[119.572179,40.2532522],[119.5693032,40.2542899],[119.5665747,40.2555376],[119.5640196,40.2569834],[119.5616625,40.2586133],[119.5595261,40.2604116],[119.5576311,40.262361],[119.5559957,40.2644427],[119.5546356,40.2666367],[119.5535639,40.2689219],[119.5527909,40.2712762],[119.5523242,40.2736769],[119.5521681,40.276101],[119.5523242,40.2785251],[119.5527909,40.2809258],[119.5535639,40.2832801],[119.5546356,40.2855653],[119.5559957,40.2877593],[119.5576311,40.289841],[119.5595261,40.2917904],[119.5616625,40.2935887],[119.5640196,40.2952186],[119.5665747,40.2966644],[119.5693032,40.2979121],[119.572179,40.2989498],[119.5751742,40.2997674],[119.57826,40.3003571],[119.5814067,40.3007133],[119.584584,40.3008323]]]},"properties":{"name":"1081无名峰","peak_elev":1081,"radius_m":2750,"layer":"ATS峰值响应半径","rank_pct":0.2896,"center_lon":119.584584,"center_lat":40.276101,"max_mean_jut":88.8777,"max_ats":43.6828,"r_jmean_peak":2750,"r_ats_peak":2750,"r_ats_marginal":187.5,"ats_marginal_rate_max":0.07965769995696187,"ats_marginal_interval_start":125.0,"ats_marginal_interval_end":250.0,"is_expanded":false}},{"type":"Feature","geometry":{"type":"Polygon","coordinates":[[[118.746456,40.8099073],[118.7496575,40.8097883],[118.7528283,40.8094321],[118.7559376,40.8088424],[118.7589556,40.8080248],[118.7618533,40.8069871],[118.7646027,40.8057394],[118.7671773,40.8042936],[118.7695523,40.8026637],[118.7717049,40.8008654],[118.7736144,40.798916],[118.7752623,40.7968343],[118.7766328,40.7946403],[118.7777127,40.7923551],[118.7784915,40.7900008],[118.7789618,40.7876001],[118.7791191,40.785176],[118.7789618,40.7827519],[118.7784915,40.7803512],[118.7777127,40.7779969],[118.7766328,40.7757117],[118.7752623,40.7735177],[118.7736144,40.771436],[118.7717049,40.7694866],[118.7695523,40.7676883],[118.7671773,40.7660584],[118.7646027,40.7646126],[118.7618533,40.7633649],[118.7589556,40.7623272],[118.7559376,40.7615096],[118.7528283,40.7609199],[118.7496575,40.7605637],[118.746456,40.7604447],[118.7432545,40.7605637],[118.7400837,40.7609199],[118.7369744,40.7615096],[118.7339564,40.7623272],[118.7310587,40.7633649],[118.7283093,40.7646126],[118.7257347,40.7660584],[118.7233597,40.7676883],[118.7212071,40.7694866],[118.7192976,40.771436],[118.7176497,40.7735177],[118.7162792,40.7757117],[118.7151993,40.7779969],[118.7144205,40.7803512],[118.7139502,40.7827519],[118.7137929,40.785176],[118.7139502,40.7876001],[118.7144205,40.7900008],[118.7151993,40.7923551],[118.7162792,40.7946403],[118.7176497,40.7968343],[118.7192976,40.798916],[118.7212071,40.8008654],[118.7233597,40.8026637],[118.7257347,40.8042936],[118.7283093,40.8057394],[118.7310587,40.8069871],[118.7339564,40.8080248],[118.7369744,40.8088424],[118.7400837,40.8094321],[118.7432545,40.8097883],[118.746456,40.8099073]]]},"properties":{"name":"1264无名峰","peak_elev":1264,"radius_m":2750,"layer":"ATS峰值响应半径","rank_pct":0.2896,"center_lon":118.746456,"center_lat":40.785176,"max_mean_jut":84.916,"max_ats":49.6953,"r_jmean_peak":2250,"r_ats_peak":2750,"r_ats_marginal":187.5,"ats_marginal_rate_max":0.056738227956756385,"ats_marginal_interval_start":125.0,"ats_marginal_interval_end":250.0,"is_expanded":false}},{"type":"Feature","geometry":{"type":"Polygon","coordinates":[[[118.423197,40.5288245],[118.4263851,40.5287054],[118.4295425,40.5283493],[118.4326388,40.5277596],[118.4356441,40.526942],[118.4385296,40.5259043],[118.4412674,40.5246565],[118.4438312,40.5232108],[118.4461963,40.5215809],[118.4483398,40.5197826],[118.4502413,40.5178332],[118.4518822,40.5157514],[118.453247,40.5135574],[118.4543223,40.5112723],[118.4550979,40.508918],[118.4555662,40.5065173],[118.4557229,40.5040932],[118.4555662,40.5016691],[118.4550979,40.4992683],[118.4543223,40.496914],[118.453247,40.4946289],[118.4518822,40.4924349],[118.4502413,40.4903532],[118.4483398,40.4884038],[118.4461963,40.4866055],[118.4438312,40.4849756],[118.4412674,40.4835298],[118.4385296,40.4822821],[118.4356441,40.4812444],[118.4326388,40.4804267],[118.4295425,40.479837],[118.4263851,40.4794809],[118.423197,40.4793618],[118.4200089,40.4794809],[118.4168515,40.479837],[118.4137552,40.4804267],[118.4107499,40.4812444],[118.4078644,40.4822821],[118.4051266,40.4835298],[118.4025628,40.4849756],[118.4001977,40.4866055],[118.3980542,40.4884038],[118.3961527,40.4903532],[118.3945118,40.4924349],[118.393147,40.4946289],[118.3920717,40.496914],[118.3912961,40.4992683],[118.3908278,40.5016691],[118.3906711,40.5040932],[118.3908278,40.5065173],[118.3912961,40.508918],[118.3920717,40.5112723],[118.393147,40.5135574],[118.3945118,40.5157514],[118.3961527,40.5178332],[118.3980542,40.5197826],[118.4001977,40.5215809],[118.4025628,40.5232108],[118.4051266,40.5246565],[118.4078644,40.5259043],[118.4107499,40.526942],[118.4137552,40.5277596],[118.4168515,40.5283493],[118.4200089,40.5287054],[118.423197,40.5288245]]]},"properties":{"name":"946无名峰","peak_elev":946,"radius_m":2750,"layer":"ATS峰值响应半径","rank_pct":0.2896,"center_lon":118.423197,"center_lat":40.504093170166016,"max_mean_jut":96.4308,"max_ats":59.6617,"r_jmean_peak":2000,"r_ats_peak":2750,"r_ats_marginal":312.5,"ats_marginal_rate_max":0.08705521501534279,"ats_marginal_interval_start":250.0,"ats_marginal_interval_end":375.0,"is_expanded":false}},{"type":"Feature","geometry":{"type":"Polygon","coordinates":[[[118.023941,40.5466124],[118.0271299,40.5464934],[118.0302882,40.5461372],[118.0333853,40.5455475],[118.0363914,40.5447299],[118.0392776,40.5436922],[118.0420162,40.5424445],[118.0445807,40.5409987],[118.0469464,40.5393688],[118.0490905,40.5375705],[118.0509924,40.5356211],[118.0526339,40.5335394],[118.0539989,40.5313454],[118.0550746,40.5290602],[118.0558503,40.5267059],[118.0563188,40.5243052],[118.0564755,40.5218811],[118.0563188,40.519457],[118.0558503,40.5170563],[118.0550746,40.514702],[118.0539989,40.5124168],[118.0526339,40.5102228],[118.0509924,40.5081411],[118.0490905,40.5061917],[118.0469464,40.5043934],[118.0445807,40.5027635],[118.0420162,40.5013177],[118.0392776,40.50007],[118.0363914,40.4990323],[118.0333853,40.4982147],[118.0302882,40.497625],[118.0271299,40.4972688],[118.023941,40.4971498],[118.0207521,40.4972688],[118.0175938,40.497625],[118.0144967,40.4982147],[118.0114906,40.4990323],[118.0086044,40.50007],[118.0058658,40.5013177],[118.0033013,40.5027635],[118.0009356,40.5043934],[117.9987915,40.5061917],[117.9968896,40.5081411],[117.9952481,40.5102228],[117.9938831,40.5124168],[117.9928074,40.514702],[117.9920317,40.5170563],[117.9915632,40.519457],[117.9914065,40.5218811],[117.9915632,40.5243052],[117.9920317,40.5267059],[117.9928074,40.5290602],[117.9938831,40.5313454],[117.9952481,40.5335394],[117.9968896,40.5356211],[117.9987915,40.5375705],[118.0009356,40.5393688],[118.0033013,40.5409987],[118.0058658,40.5424445],[118.0086044,40.5436922],[118.0114906,40.5447299],[118.0144967,40.5455475],[118.0175938,40.5461372],[118.0207521,40.5464934],[118.023941,40.5466124]]]},"properties":{"name":"五指山1389","peak_elev":1356,"radius_m":2750,"layer":"ATS峰值响应半径","rank_pct":0.2896,"center_lon":118.023941,"center_lat":40.521881103515625,"max_mean_jut":218.9061,"max_ats":136.4095,"r_jmean_peak":2500,"r_ats_peak":2750,"r_ats_marginal":187.5,"ats_marginal_rate_max":0.10381151241571973,"ats_marginal_interval_start":125.0,"ats_marginal_interval_end":250.0,"is_expanded":false}},{"type":"Feature","geometry":{"type":"Polygon","coordinates":[[[118.370511,40.701478],[118.3734169,40.7013698],[118.3762947,40.701046],[118.3791169,40.7005099],[118.3818562,40.6997666],[118.3844862,40.6988233],[118.3869817,40.697689],[118.3893185,40.6963746],[118.3914742,40.6948929],[118.393428,40.6932581],[118.3951611,40.6914859],[118.3966568,40.6895934],[118.3979007,40.6875989],[118.3988808,40.6855215],[118.3995878,40.6833812],[118.4000146,40.6811987],[118.4001574,40.678995],[118.4000146,40.6767913],[118.3995878,40.6746088],[118.3988808,40.6724685],[118.3979007,40.6703911],[118.3966568,40.6683966],[118.3951611,40.6665041],[118.393428,40.6647319],[118.3914742,40.6630971],[118.3893185,40.6616154],[118.3869817,40.660301],[118.3844862,40.6591667],[118.3818562,40.6582234],[118.3791169,40.6574801],[118.3762947,40.656944],[118.3734169,40.6566202],[118.370511,40.656512],[118.3676051,40.6566202],[118.3647273,40.656944],[118.3619051,40.6574801],[118.3591658,40.6582234],[118.3565358,40.6591667],[118.3540403,40.660301],[118.3517035,40.6616154],[118.3495478,40.6630971],[118.347594,40.6647319],[118.3458609,40.6665041],[118.3443652,40.6683966],[118.3431213,40.6703911],[118.3421412,40.6724685],[118.3414342,40.6746088],[118.3410074,40.6767913],[118.3408646,40.678995],[118.3410074,40.6811987],[118.3414342,40.6833812],[118.3421412,40.6855215],[118.3431213,40.6875989],[118.3443652,40.6895934],[118.3458609,40.6914859],[118.347594,40.6932581],[118.3495478,40.6948929],[118.3517035,40.6963746],[118.3540403,40.697689],[118.3565358,40.6988233],[118.3591658,40.6997666],[118.3619051,40.7005099],[118.3647273,40.701046],[118.3676051,40.7013698],[118.370511,40.701478]]]},"properties":{"name":"1231无名峰","peak_elev":1231,"radius_m":2500,"layer":"ATS峰值响应半径","rank_pct":0.305,"center_lon":118.370511,"center_lat":40.678995,"max_mean_jut":96.4353,"max_ats":53.3406,"r_jmean_peak":2250,"r_ats_peak":2500,"r_ats_marginal":312.5,"ats_marginal_rate_max":0.07143484051685342,"ats_marginal_interval_start":250.0,"ats_marginal_interval_end":375.0,"is_expanded":false}},{"type":"Feature","geometry":{"type":"Polygon","coordinates":[[[118.005076,40.514718],[118.0079738,40.5146098],[118.0108436,40.514286],[118.0136579,40.5137499],[118.0163896,40.5130066],[118.0190122,40.5120633],[118.0215007,40.510929],[118.023831,40.5096146],[118.0259807,40.5081329],[118.0279291,40.5064981],[118.0296573,40.5047259],[118.0311489,40.5028334],[118.0323893,40.5008389],[118.0333667,40.4987615],[118.0340717,40.4966212],[118.0344974,40.4944387],[118.0346397,40.492235],[118.0344974,40.4900313],[118.0340717,40.4878488],[118.0333667,40.4857085],[118.0323893,40.4836311],[118.0311489,40.4816366],[118.0296573,40.4797441],[118.0279291,40.4779719],[118.0259807,40.4763371],[118.023831,40.4748554],[118.0215007,40.473541],[118.0190122,40.4724067],[118.0163896,40.4714634],[118.0136579,40.4707201],[118.0108436,40.470184],[118.0079738,40.4698602],[118.005076,40.469752],[118.0021782,40.4698602],[117.9993084,40.470184],[117.9964941,40.4707201],[117.9937624,40.4714634],[117.9911398,40.4724067],[117.9886513,40.473541],[117.986321,40.4748554],[117.9841713,40.4763371],[117.9822229,40.4779719],[117.9804947,40.4797441],[117.9790031,40.4816366],[117.9777627,40.4836311],[117.9767853,40.4857085],[117.9760803,40.4878488],[117.9756546,40.4900313],[117.9755123,40.492235],[117.9756546,40.4944387],[117.9760803,40.4966212],[117.9767853,40.4987615],[117.9777627,40.5008389],[117.9790031,40.5028334],[117.9804947,40.5047259],[117.9822229,40.5064981],[117.9841713,40.5081329],[117.986321,40.5096146],[117.9886513,40.510929],[117.9911398,40.5120633],[117.9937624,40.5130066],[117.9964941,40.5137499],[117.9993084,40.514286],[118.0021782,40.5146098],[118.005076,40.514718]]]},"properties":{"name":"1321无名峰","peak_elev":1321,"radius_m":2500,"layer":"ATS峰值响应半径","rank_pct":0.305,"center_lon":118.005076,"center_lat":40.492235,"max_mean_jut":130.2301,"max_ats":64.5694,"r_jmean_peak":2500,"r_ats_peak":2500,"r_ats_marginal":187.5,"ats_marginal_rate_max":0.07889381586274498,"ats_marginal_interval_start":125.0,"ats_marginal_interval_end":250.0,"is_expanded":false}},{"type":"Feature","geometry":{"type":"Polygon","coordinates":[[[118.259883,40.42848],[118.262777,40.4283718],[118.2656432,40.428048],[118.2684539,40.4275119],[118.271182,40.4267686],[118.2738014,40.4258253],[118.2762867,40.424691],[118.278614,40.4233766],[118.2807609,40.4218949],[118.2827068,40.4202601],[118.2844328,40.4184879],[118.2859224,40.4165954],[118.2871613,40.4146009],[118.2881374,40.4125235],[118.2888415,40.4103832],[118.2892666,40.4082007],[118.2894088,40.405997],[118.2892666,40.4037933],[118.2888415,40.4016108],[118.2881374,40.3994705],[118.2871613,40.3973931],[118.2859224,40.3953986],[118.2844328,40.3935061],[118.2827068,40.3917339],[118.2807609,40.3900991],[118.278614,40.3886174],[118.2762867,40.387303],[118.2738014,40.3861687],[118.271182,40.3852254],[118.2684539,40.3844821],[118.2656432,40.383946],[118.262777,40.3836222],[118.259883,40.383514],[118.256989,40.3836222],[118.2541228,40.383946],[118.2513121,40.3844821],[118.248584,40.3852254],[118.2459646,40.3861687],[118.2434793,40.387303],[118.241152,40.3886174],[118.2390051,40.3900991],[118.2370592,40.3917339],[118.2353332,40.3935061],[118.2338436,40.3953986],[118.2326047,40.3973931],[118.2316286,40.3994705],[118.2309245,40.4016108],[118.2304994,40.4037933],[118.2303572,40.405997],[118.2304994,40.4082007],[118.2309245,40.4103832],[118.2316286,40.4125235],[118.2326047,40.4146009],[118.2338436,40.4165954],[118.2353332,40.4184879],[118.2370592,40.4202601],[118.2390051,40.4218949],[118.241152,40.4233766],[118.2434793,40.424691],[118.2459646,40.4258253],[118.248584,40.4267686],[118.2513121,40.4275119],[118.2541228,40.428048],[118.256989,40.4283718],[118.259883,40.42848]]]},"properties":{"name":"三十二壳楞697","peak_elev":697,"radius_m":2500,"layer":"ATS峰值响应半径","rank_pct":0.305,"center_lon":118.259883,"center_lat":40.405997,"max_mean_jut":100.9879,"max_ats":69.0582,"r_jmean_peak":1625,"r_ats_peak":2500,"r_ats_marginal":187.5,"ats_marginal_rate_max":0.05439420775143225,"ats_marginal_interval_start":125.0,"ats_marginal_interval_end":250.0,"is_expanded":false}},{"type":"Feature","geometry":{"type":"Polygon","coordinates":[[[119.497807,40.164914],[119.5006898,40.1648058],[119.5035448,40.164482],[119.5063446,40.1639459],[119.5090621,40.1632026],[119.5116712,40.1622593],[119.5141469,40.161125],[119.5164651,40.1598106],[119.5186037,40.1583289],[119.520542,40.1566941],[119.5222613,40.1549219],[119.5237452,40.1530294],[119.5249792,40.1510349],[119.5259515,40.1489575],[119.5266528,40.1468172],[119.5270763,40.1446347],[119.527218,40.142431],[119.5270763,40.1402273],[119.5266528,40.1380448],[119.5259515,40.1359045],[119.5249792,40.1338271],[119.5237452,40.1318326],[119.5222613,40.1299401],[119.520542,40.1281679],[119.5186037,40.1265331],[119.5164651,40.1250514],[119.5141469,40.123737],[119.5116712,40.1226027],[119.5090621,40.1216594],[119.5063446,40.1209161],[119.5035448,40.12038],[119.5006898,40.1200562],[119.497807,40.119948],[119.4949242,40.1200562],[119.4920692,40.12038],[119.4892694,40.1209161],[119.4865519,40.1216594],[119.4839428,40.1226027],[119.4814671,40.123737],[119.4791489,40.1250514],[119.4770103,40.1265331],[119.475072,40.1281679],[119.4733527,40.1299401],[119.4718688,40.1318326],[119.4706348,40.1338271],[119.4696625,40.1359045],[119.4689612,40.1380448],[119.4685377,40.1402273],[119.468396,40.142431],[119.4685377,40.1446347],[119.4689612,40.1468172],[119.4696625,40.1489575],[119.4706348,40.1510349],[119.4718688,40.1530294],[119.4733527,40.1549219],[119.475072,40.1566941],[119.4770103,40.1583289],[119.4791489,40.1598106],[119.4814671,40.161125],[119.4839428,40.1622593],[119.4865519,40.1632026],[119.4892694,40.1639459],[119.4920692,40.164482],[119.4949242,40.1648058],[119.497807,40.164914]]]},"properties":{"name":"751无名峰","peak_elev":751,"radius_m":2500,"layer":"ATS峰值响应半径","rank_pct":0.305,"center_lon":119.497807,"center_lat":40.142431,"max_mean_jut":85.3191,"max_ats":49.4831,"r_jmean_peak":2500,"r_ats_peak":2500,"r_ats_marginal":187.5,"ats_marginal_rate_max":0.09794106271425397,"ats_marginal_interval_start":125.0,"ats_marginal_interval_end":250.0,"is_expanded":false}},{"type":"Feature","geometry":{"type":"Polygon","coordinates":[[[118.207736,40.562149],[118.2106358,40.5620408],[118.2135077,40.561717],[118.216324,40.5611809],[118.2190576,40.5604376],[118.2216821,40.5594943],[118.2241724,40.55836],[118.2265043,40.5570456],[118.2286555,40.5555639],[118.2306052,40.5539291],[118.2323347,40.5521569],[118.2338273,40.5502644],[118.2350687,40.5482699],[118.2360467,40.5461925],[118.2367522,40.5440522],[118.2371782,40.5418697],[118.2373207,40.539666],[118.2371782,40.5374623],[118.2367522,40.5352798],[118.2360467,40.5331395],[118.2350687,40.5310621],[118.2338273,40.5290676],[118.2323347,40.5271751],[118.2306052,40.5254029],[118.2286555,40.5237681],[118.2265043,40.5222864],[118.2241724,40.520972],[118.2216821,40.5198377],[118.2190576,40.5188944],[118.216324,40.5181511],[118.2135077,40.517615],[118.2106358,40.5172912],[118.207736,40.517183],[118.2048362,40.5172912],[118.2019643,40.517615],[118.199148,40.5181511],[118.1964144,40.5188944],[118.1937899,40.5198377],[118.1912996,40.520972],[118.1889677,40.5222864],[118.1868165,40.5237681],[118.1848668,40.5254029],[118.1831373,40.5271751],[118.1816447,40.5290676],[118.1804033,40.5310621],[118.1794253,40.5331395],[118.1787198,40.5352798],[118.1782938,40.5374623],[118.1781513,40.539666],[118.1782938,40.5418697],[118.1787198,40.5440522],[118.1794253,40.5461925],[118.1804033,40.5482699],[118.1816447,40.5502644],[118.1831373,40.5521569],[118.1848668,40.5539291],[118.1868165,40.5555639],[118.1889677,40.5570456],[118.1912996,40.55836],[118.1937899,40.5594943],[118.1964144,40.5604376],[118.199148,40.5611809],[118.2019643,40.561717],[118.2048362,40.5620408],[118.207736,40.562149]]]},"properties":{"name":"787无名峰","peak_elev":787,"radius_m":2500,"layer":"ATS峰值响应半径","rank_pct":0.305,"center_lon":118.207736,"center_lat":40.539666,"max_mean_jut":89.182,"max_ats":55.3331,"r_jmean_peak":2250,"r_ats_peak":2500,"r_ats_marginal":187.5,"ats_marginal_rate_max":0.06588016685640777,"ats_marginal_interval_start":125.0,"ats_marginal_interval_end":250.0,"is_expanded":false}},{"type":"Feature","geometry":{"type":"Polygon","coordinates":[[[118.216091,40.689081],[118.2189963,40.6889728],[118.2218737,40.688649],[118.2246953,40.6881129],[118.2274341,40.6873696],[118.2300636,40.6864263],[118.2325586,40.685292],[118.234895,40.6839776],[118.2370503,40.6824959],[118.2390037,40.6808611],[118.2407365,40.6790889],[118.2422319,40.6771964],[118.2434756,40.6752019],[118.2444556,40.6731245],[118.2451623,40.6709842],[118.2455892,40.6688017],[118.2457319,40.666598],[118.2455892,40.6643943],[118.2451623,40.6622118],[118.2444556,40.6600715],[118.2434756,40.6579941],[118.2422319,40.6559996],[118.2407365,40.6541071],[118.2390037,40.6523349],[118.2370503,40.6507001],[118.234895,40.6492184],[118.2325586,40.647904],[118.2300636,40.6467697],[118.2274341,40.6458264],[118.2246953,40.6450831],[118.2218737,40.644547],[118.2189963,40.6442232],[118.216091,40.644115],[118.2131857,40.6442232],[118.2103083,40.644547],[118.2074867,40.6450831],[118.2047479,40.6458264],[118.2021184,40.6467697],[118.1996234,40.647904],[118.197287,40.6492184],[118.1951317,40.6507001],[118.1931783,40.6523349],[118.1914455,40.6541071],[118.1899501,40.6559996],[118.1887064,40.6579941],[118.1877264,40.6600715],[118.1870197,40.6622118],[118.1865928,40.6643943],[118.1864501,40.666598],[118.1865928,40.6688017],[118.1870197,40.6709842],[118.1877264,40.6731245],[118.1887064,40.6752019],[118.1899501,40.6771964],[118.1914455,40.6790889],[118.1931783,40.6808611],[118.1951317,40.6824959],[118.197287,40.6839776],[118.1996234,40.685292],[118.2021184,40.6864263],[118.2047479,40.6873696],[118.2074867,40.6881129],[118.2103083,40.688649],[118.2131857,40.6889728],[118.216091,40.689081]]]},"properties":{"name":"809无名峰","peak_elev":809,"radius_m":2500,"layer":"ATS峰值响应半径","rank_pct":0.305,"center_lon":118.216091,"center_lat":40.666598,"max_mean_jut":117.7196,"max_ats":65.3149,"r_jmean_peak":750,"r_ats_peak":2500,"r_ats_marginal":437.5,"ats_marginal_rate_max":0.11339522123285593,"ats_marginal_interval_start":375.0,"ats_marginal_interval_end":500.0,"is_expanded":false}},{"type":"Feature","geometry":{"type":"Polygon","coordinates":[[[118.753867,40.316235],[118.7567562,40.3161268],[118.7596176,40.315803],[118.7624236,40.3152669],[118.7651473,40.3145236],[118.7677622,40.3135803],[118.7702434,40.312446],[118.7725668,40.3111316],[118.7747102,40.3096499],[118.7766528,40.3080151],[118.778376,40.3062429],[118.7798631,40.3043504],[118.7810999,40.3023559],[118.7820745,40.3002785],[118.7827773,40.2981382],[118.7832018,40.2959557],[118.7833437,40.293752],[118.7832018,40.2915483],[118.7827773,40.2893658],[118.7820745,40.2872255],[118.7810999,40.2851481],[118.7798631,40.2831536],[118.778376,40.2812611],[118.7766528,40.2794889],[118.7747102,40.2778541],[118.7725668,40.2763724],[118.7702434,40.275058],[118.7677622,40.2739237],[118.7651473,40.2729804],[118.7624236,40.2722371],[118.7596176,40.271701],[118.7567562,40.2713772],[118.753867,40.271269],[118.7509778,40.2713772],[118.7481164,40.271701],[118.7453104,40.2722371],[118.7425867,40.2729804],[118.7399718,40.2739237],[118.7374906,40.275058],[118.7351672,40.2763724],[118.7330238,40.2778541],[118.7310812,40.2794889],[118.729358,40.2812611],[118.7278709,40.2831536],[118.7266341,40.2851481],[118.7256595,40.2872255],[118.7249567,40.2893658],[118.7245322,40.2915483],[118.7243903,40.293752],[118.7245322,40.2959557],[118.7249567,40.2981382],[118.7256595,40.3002785],[118.7266341,40.3023559],[118.7278709,40.3043504],[118.729358,40.3062429],[118.7310812,40.3080151],[118.7330238,40.3096499],[118.7351672,40.3111316],[118.7374906,40.312446],[118.7399718,40.3135803],[118.7425867,40.3145236],[118.7453104,40.3152669],[118.7481164,40.315803],[118.7509778,40.3161268],[118.753867,40.316235]]]},"properties":{"name":"848无名峰(2)","peak_elev":848,"radius_m":2500,"layer":"ATS峰值响应半径","rank_pct":0.305,"center_lon":118.753867,"center_lat":40.293752,"max_mean_jut":91.71,"max_ats":53.4058,"r_jmean_peak":2250,"r_ats_peak":2500,"r_ats_marginal":187.5,"ats_marginal_rate_max":0.08675758201192411,"ats_marginal_interval_start":125.0,"ats_marginal_interval_end":250.0,"is_expanded":false}},{"type":"Feature","geometry":{"type":"Polygon","coordinates":[[[119.207022,40.174885],[119.2099052,40.1747768],[119.2127606,40.174453],[119.2155608,40.1739169],[119.2182787,40.1731736],[119.2208883,40.1722303],[119.2233643,40.171096],[119.2256829,40.1697816],[119.2278217,40.1682999],[119.2297603,40.1666651],[119.2314799,40.1648929],[119.232964,40.1630004],[119.2341982,40.1610059],[119.2351707,40.1589285],[119.2358721,40.1567882],[119.2362956,40.1546057],[119.2364373,40.152402],[119.2362956,40.1501983],[119.2358721,40.1480158],[119.2351707,40.1458755],[119.2341982,40.1437981],[119.232964,40.1418036],[119.2314799,40.1399111],[119.2297603,40.1381389],[119.2278217,40.1365041],[119.2256829,40.1350224],[119.2233643,40.133708],[119.2208883,40.1325737],[119.2182787,40.1316304],[119.2155608,40.1308871],[119.2127606,40.130351],[119.2099052,40.1300272],[119.207022,40.129919],[119.2041388,40.1300272],[119.2012834,40.130351],[119.1984832,40.1308871],[119.1957653,40.1316304],[119.1931557,40.1325737],[119.1906797,40.133708],[119.1883611,40.1350224],[119.1862223,40.1365041],[119.1842837,40.1381389],[119.1825641,40.1399111],[119.18108,40.1418036],[119.1798458,40.1437981],[119.1788733,40.1458755],[119.1781719,40.1480158],[119.1777484,40.1501983],[119.1776067,40.152402],[119.1777484,40.1546057],[119.1781719,40.1567882],[119.1788733,40.1589285],[119.1798458,40.1610059],[119.18108,40.1630004],[119.1825641,40.1648929],[119.1842837,40.1666651],[119.1862223,40.1682999],[119.1883611,40.1697816],[119.1906797,40.171096],[119.1931557,40.1722303],[119.1957653,40.1731736],[119.1984832,40.1739169],[119.2012834,40.174453],[119.2041388,40.1747768],[119.207022,40.174885]]]},"properties":{"name":"黑龙头山862","peak_elev":862,"radius_m":2500,"layer":"ATS峰值响应半径","rank_pct":0.305,"center_lon":119.207022,"center_lat":40.152402,"max_mean_jut":110.0913,"max_ats":70.0098,"r_jmean_peak":2250,"r_ats_peak":2500,"r_ats_marginal":187.5,"ats_marginal_rate_max":0.07935931175407575,"ats_marginal_interval_start":125.0,"ats_marginal_interval_end":250.0,"is_expanded":false}},{"type":"Feature","geometry":{"type":"Polygon","coordinates":[[[118.039841,40.9014427],[118.0427556,40.9013344],[118.0456422,40.9010107],[118.0484728,40.9004746],[118.0512204,40.8997313],[118.0538583,40.8987879],[118.0563613,40.8976536],[118.0587052,40.8963393],[118.0608674,40.8948576],[118.0628271,40.8932227],[118.0645654,40.8914506],[118.0660656,40.8895581],[118.0673133,40.8875635],[118.0682964,40.8854861],[118.0690054,40.8833459],[118.0694336,40.8811634],[118.0695768,40.8789597],[118.0694336,40.8767559],[118.0690054,40.8745734],[118.0682964,40.8724332],[118.0673133,40.8703558],[118.0660656,40.8683612],[118.0645654,40.8664687],[118.0628271,40.8646966],[118.0608674,40.8630617],[118.0587052,40.86158],[118.0563613,40.8602657],[118.0538583,40.8591314],[118.0512204,40.858188],[118.0484728,40.8574447],[118.0456422,40.8569086],[118.0427556,40.8565849],[118.039841,40.8564766],[118.0369264,40.8565849],[118.0340398,40.8569086],[118.0312092,40.8574447],[118.0284616,40.858188],[118.0258237,40.8591314],[118.0233207,40.8602657],[118.0209768,40.86158],[118.0188146,40.8630617],[118.0168549,40.8646966],[118.0151166,40.8664687],[118.0136164,40.8683612],[118.0123687,40.8703558],[118.0113856,40.8724332],[118.0106766,40.8745734],[118.0102484,40.8767559],[118.0101052,40.8789597],[118.0102484,40.8811634],[118.0106766,40.8833459],[118.0113856,40.8854861],[118.0123687,40.8875635],[118.0136164,40.8895581],[118.0151166,40.8914506],[118.0168549,40.8932227],[118.0188146,40.8948576],[118.0209768,40.8963393],[118.0233207,40.8976536],[118.0258237,40.8987879],[118.0284616,40.8997313],[118.0312092,40.9004746],[118.0340398,40.9010107],[118.0369264,40.9013344],[118.039841,40.9014427]]]},"properties":{"name":"鸡冠山938","peak_elev":938,"radius_m":2500,"layer":"ATS峰值响应半径","rank_pct":0.305,"center_lon":118.039841,"center_lat":40.87895965576172,"max_mean_jut":119.2337,"max_ats":74.617,"r_jmean_peak":null,"r_ats_peak":2500,"r_ats_marginal":187.5,"ats_marginal_rate_max":0.13283253918637042,"ats_marginal_interval_start":125.0,"ats_marginal_interval_end":250.0,"is_expanded":false}},{"type":"Feature","geometry":{"type":"Polygon","coordinates":[[[118.428722,40.530888],[118.4316205,40.5307798],[118.434491,40.530456],[118.437306,40.5299199],[118.4400383,40.5291766],[118.4426616,40.5282333],[118.4451507,40.527099],[118.4474816,40.5257846],[118.4496318,40.5243029],[118.4515806,40.5226681],[118.4533093,40.5208959],[118.4548012,40.5190034],[118.4560419,40.5170089],[118.4570195,40.5149315],[118.4577247,40.5127912],[118.4581505,40.5106087],[118.4582929,40.508405],[118.4581505,40.5062013],[118.4577247,40.5040188],[118.4570195,40.5018785],[118.4560419,40.4998011],[118.4548012,40.4978066],[118.4533093,40.4959141],[118.4515806,40.4941419],[118.4496318,40.4925071],[118.4474816,40.4910254],[118.4451507,40.489711],[118.4426616,40.4885767],[118.4400383,40.4876334],[118.437306,40.4868901],[118.434491,40.486354],[118.4316205,40.4860302],[118.428722,40.485922],[118.4258235,40.4860302],[118.422953,40.486354],[118.420138,40.4868901],[118.4174057,40.4876334],[118.4147824,40.4885767],[118.4122933,40.489711],[118.4099624,40.4910254],[118.4078122,40.4925071],[118.4058634,40.4941419],[118.4041347,40.4959141],[118.4026428,40.4978066],[118.4014021,40.4998011],[118.4004245,40.5018785],[118.3997193,40.5040188],[118.3992935,40.5062013],[118.3991511,40.508405],[118.3992935,40.5106087],[118.3997193,40.5127912],[118.4004245,40.5149315],[118.4014021,40.5170089],[118.4026428,40.5190034],[118.4041347,40.5208959],[118.4058634,40.5226681],[118.4078122,40.5243029],[118.4099624,40.5257846],[118.4122933,40.527099],[118.4147824,40.5282333],[118.4174057,40.5291766],[118.420138,40.5299199],[118.422953,40.530456],[118.4258235,40.5307798],[118.428722,40.530888]]]},"properties":{"name":"955无名峰(1)","peak_elev":955,"radius_m":2500,"layer":"ATS峰值响应半径","rank_pct":0.305,"center_lon":118.428722,"center_lat":40.508405,"max_mean_jut":98.5356,"max_ats":61.444,"r_jmean_peak":2250,"r_ats_peak":2500,"r_ats_marginal":187.5,"ats_marginal_rate_max":0.09679666329455548,"ats_marginal_interval_start":125.0,"ats_marginal_interval_end":250.0,"is_expanded":false}},{"type":"Feature","geometry":{"type":"Polygon","coordinates":[[[118.257054,40.886351],[118.259968,40.8862428],[118.2628538,40.885919],[118.2656839,40.8853829],[118.2684308,40.8846396],[118.2710682,40.8836963],[118.2735705,40.882562],[118.2759139,40.8812476],[118.2780756,40.8797659],[118.2800348,40.8781311],[118.2817728,40.8763589],[118.2832726,40.8744664],[118.28452,40.8724719],[118.2855029,40.8703945],[118.2862118,40.8682542],[118.2866398,40.8660717],[118.286783,40.863868],[118.2866398,40.8616643],[118.2862118,40.8594818],[118.2855029,40.8573415],[118.28452,40.8552641],[118.2832726,40.8532696],[118.2817728,40.8513771],[118.2800348,40.8496049],[118.2780756,40.8479701],[118.2759139,40.8464884],[118.2735705,40.845174],[118.2710682,40.8440397],[118.2684308,40.8430964],[118.2656839,40.8423531],[118.2628538,40.841817],[118.259968,40.8414932],[118.257054,40.841385],[118.25414,40.8414932],[118.2512542,40.841817],[118.2484241,40.8423531],[118.2456772,40.8430964],[118.2430398,40.8440397],[118.2405375,40.845174],[118.2381941,40.8464884],[118.2360324,40.8479701],[118.2340732,40.8496049],[118.2323352,40.8513771],[118.2308354,40.8532696],[118.229588,40.8552641],[118.2286051,40.8573415],[118.2278962,40.8594818],[118.2274682,40.8616643],[118.227325,40.863868],[118.2274682,40.8660717],[118.2278962,40.8682542],[118.2286051,40.8703945],[118.229588,40.8724719],[118.2308354,40.8744664],[118.2323352,40.8763589],[118.2340732,40.8781311],[118.2360324,40.8797659],[118.2381941,40.8812476],[118.2405375,40.882562],[118.2430398,40.8836963],[118.2456772,40.8846396],[118.2484241,40.8853829],[118.2512542,40.885919],[118.25414,40.8862428],[118.257054,40.886351]]]},"properties":{"name":"河西东大山944","peak_elev":944,"radius_m":2500,"layer":"ATS峰值响应半径","rank_pct":0.305,"center_lon":118.257054,"center_lat":40.863868,"max_mean_jut":124.6132,"max_ats":79.6207,"r_jmean_peak":1750,"r_ats_peak":2500,"r_ats_marginal":437.5,"ats_marginal_rate_max":0.07070537972204696,"ats_marginal_interval_start":375.0,"ats_marginal_interval_end":500.0,"is_expanded":false}},{"type":"Feature","geometry":{"type":"Polygon","coordinates":[[[118.351377,40.847544],[118.3542892,40.8474358],[118.3571734,40.847112],[118.3600018,40.8465759],[118.3627471,40.8458326],[118.365383,40.8448893],[118.3678839,40.843755],[118.3702258,40.8424406],[118.3723863,40.8409589],[118.3743444,40.8393241],[118.3760813,40.8375519],[118.3775803,40.8356594],[118.3788269,40.8336649],[118.3798092,40.8315875],[118.3805177,40.8294472],[118.3809455,40.8272647],[118.3810886,40.825061],[118.3809455,40.8228573],[118.3805177,40.8206748],[118.3798092,40.8185345],[118.3788269,40.8164571],[118.3775803,40.8144626],[118.3760813,40.8125701],[118.3743444,40.8107979],[118.3723863,40.8091631],[118.3702258,40.8076814],[118.3678839,40.806367],[118.365383,40.8052327],[118.3627471,40.8042894],[118.3600018,40.8035461],[118.3571734,40.80301],[118.3542892,40.8026862],[118.351377,40.802578],[118.3484648,40.8026862],[118.3455806,40.80301],[118.3427522,40.8035461],[118.3400069,40.8042894],[118.337371,40.8052327],[118.3348701,40.806367],[118.3325282,40.8076814],[118.3303677,40.8091631],[118.3284096,40.8107979],[118.3266727,40.8125701],[118.3251737,40.8144626],[118.3239271,40.8164571],[118.3229448,40.8185345],[118.3222363,40.8206748],[118.3218085,40.8228573],[118.3216654,40.825061],[118.3218085,40.8272647],[118.3222363,40.8294472],[118.3229448,40.8315875],[118.3239271,40.8336649],[118.3251737,40.8356594],[118.3266727,40.8375519],[118.3284096,40.8393241],[118.3303677,40.8409589],[118.3325282,40.8424406],[118.3348701,40.843755],[118.337371,40.8448893],[118.3400069,40.8458326],[118.3427522,40.8465759],[118.3455806,40.847112],[118.3484648,40.8474358],[118.351377,40.847544]]]},"properties":{"name":"甲山梁1129.2","peak_elev":1135,"radius_m":2500,"layer":"ATS峰值响应半径","rank_pct":0.305,"center_lon":118.351377,"center_lat":40.825061,"max_mean_jut":92.3666,"max_ats":54.8066,"r_jmean_peak":2000,"r_ats_peak":2500,"r_ats_marginal":187.5,"ats_marginal_rate_max":0.08707671375739293,"ats_marginal_interval_start":125.0,"ats_marginal_interval_end":250.0,"is_expanded":false}},{"type":"Feature","geometry":{"type":"Polygon","coordinates":[[[118.925939,40.809006],[118.9288496,40.8088978],[118.9317321,40.808574],[118.9345588,40.8080379],[118.9373025,40.8072946],[118.9399368,40.8063513],[118.9424363,40.805217],[118.9447769,40.8039026],[118.9469361,40.8024209],[118.948893,40.8007861],[118.950629,40.7990139],[118.9521271,40.7971214],[118.953373,40.7951269],[118.9543547,40.7930495],[118.9550628,40.7909092],[118.9554904,40.7887267],[118.9556334,40.786523],[118.9554904,40.7843193],[118.9550628,40.7821368],[118.9543547,40.7799965],[118.953373,40.7779191],[118.9521271,40.7759246],[118.950629,40.7740321],[118.948893,40.7722599],[118.9469361,40.7706251],[118.9447769,40.7691434],[118.9424363,40.767829],[118.9399368,40.7666947],[118.9373025,40.7657514],[118.9345588,40.7650081],[118.9317321,40.764472],[118.9288496,40.7641482],[118.925939,40.76404],[118.9230284,40.7641482],[118.9201459,40.764472],[118.9173192,40.7650081],[118.9145755,40.7657514],[118.9119412,40.7666947],[118.9094417,40.767829],[118.9071011,40.7691434],[118.9049419,40.7706251],[118.902985,40.7722599],[118.901249,40.7740321],[118.8997509,40.7759246],[118.898505,40.7779191],[118.8975233,40.7799965],[118.8968152,40.7821368],[118.8963876,40.7843193],[118.8962446,40.786523],[118.8963876,40.7887267],[118.8968152,40.7909092],[118.8975233,40.7930495],[118.898505,40.7951269],[118.8997509,40.7971214],[118.901249,40.7990139],[118.902985,40.8007861],[118.9049419,40.8024209],[118.9071011,40.8039026],[118.9094417,40.805217],[118.9119412,40.8063513],[118.9145755,40.8072946],[118.9173192,40.8080379],[118.9201459,40.808574],[118.9230284,40.8088978],[118.925939,40.809006]]]},"properties":{"name":"红石砬子1257","peak_elev":1258,"radius_m":2500,"layer":"ATS峰值响应半径","rank_pct":0.305,"center_lon":118.925939,"center_lat":40.786523,"max_mean_jut":135.8149,"max_ats":84.5843,"r_jmean_peak":2000,"r_ats_peak":2500,"r_ats_marginal":312.5,"ats_marginal_rate_max":0.08612953770527007,"ats_marginal_interval_start":250.0,"ats_marginal_interval_end":375.0,"is_expanded":false}},{"type":"Feature","geometry":{"type":"Polygon","coordinates":[[[119.554131,40.33227],[119.5570209,40.3321618],[119.559883,40.331838],[119.5626897,40.3313019],[119.5654139,40.3305586],[119.5680295,40.3296153],[119.5705113,40.328481],[119.5728353,40.3271666],[119.5749791,40.3256849],[119.5769222,40.3240501],[119.5786458,40.3222779],[119.5801333,40.3203854],[119.5813704,40.3183909],[119.5823452,40.3163135],[119.5830482,40.3141732],[119.5834727,40.3119907],[119.5836147,40.309787],[119.5834727,40.3075833],[119.5830482,40.3054008],[119.5823452,40.3032605],[119.5813704,40.3011831],[119.5801333,40.2991886],[119.5786458,40.2972961],[119.5769222,40.2955239],[119.5749791,40.2938891],[119.5728353,40.2924074],[119.5705113,40.291093],[119.5680295,40.2899587],[119.5654139,40.2890154],[119.5626897,40.2882721],[119.559883,40.287736],[119.5570209,40.2874122],[119.554131,40.287304],[119.5512411,40.2874122],[119.548379,40.287736],[119.5455723,40.2882721],[119.5428481,40.2890154],[119.5402325,40.2899587],[119.5377507,40.291093],[119.5354267,40.2924074],[119.5332829,40.2938891],[119.5313398,40.2955239],[119.5296162,40.2972961],[119.5281287,40.2991886],[119.5268916,40.3011831],[119.5259168,40.3032605],[119.5252138,40.3054008],[119.5247893,40.3075833],[119.5246473,40.309787],[119.5247893,40.3119907],[119.5252138,40.3141732],[119.5259168,40.3163135],[119.5268916,40.3183909],[119.5281287,40.3203854],[119.5296162,40.3222779],[119.5313398,40.3240501],[119.5332829,40.3256849],[119.5354267,40.3271666],[119.5377507,40.328481],[119.5402325,40.3296153],[119.5428481,40.3305586],[119.5455723,40.3313019],[119.548379,40.331838],[119.5512411,40.3321618],[119.554131,40.33227]]]},"properties":{"name":"鞍子山1167.7","peak_elev":1168,"radius_m":2500,"layer":"ATS峰值响应半径","rank_pct":0.305,"center_lon":119.554131,"center_lat":40.309787,"max_mean_jut":118.982,"max_ats":74.4537,"r_jmean_peak":2250,"r_ats_peak":2500,"r_ats_marginal":187.5,"ats_marginal_rate_max":0.061470823056825726,"ats_marginal_interval_start":125.0,"ats_marginal_interval_end":250.0,"is_expanded":false}},{"type":"Feature","geometry":{"type":"Polygon","coordinates":[[[118.535981,40.580744],[118.5388816,40.5806358],[118.5417543,40.580312],[118.5445714,40.5797759],[118.5473057,40.5790326],[118.549931,40.5780893],[118.5524219,40.576955],[118.5547545,40.5756406],[118.5569063,40.5741589],[118.5588566,40.5725241],[118.5605866,40.5707519],[118.5620796,40.5688594],[118.5633212,40.5668649],[118.5642996,40.5647875],[118.5650053,40.5626472],[118.5654314,40.5604647],[118.5655739,40.558261],[118.5654314,40.5560573],[118.5650053,40.5538748],[118.5642996,40.5517345],[118.5633212,40.5496571],[118.5620796,40.5476626],[118.5605866,40.5457701],[118.5588566,40.5439979],[118.5569063,40.5423631],[118.5547545,40.5408814],[118.5524219,40.539567],[118.549931,40.5384327],[118.5473057,40.5374894],[118.5445714,40.5367461],[118.5417543,40.53621],[118.5388816,40.5358862],[118.535981,40.535778],[118.5330804,40.5358862],[118.5302077,40.53621],[118.5273906,40.5367461],[118.5246563,40.5374894],[118.522031,40.5384327],[118.5195401,40.539567],[118.5172075,40.5408814],[118.5150557,40.5423631],[118.5131054,40.5439979],[118.5113754,40.5457701],[118.5098824,40.5476626],[118.5086408,40.5496571],[118.5076624,40.5517345],[118.5069567,40.5538748],[118.5065306,40.5560573],[118.5063881,40.558261],[118.5065306,40.5604647],[118.5069567,40.5626472],[118.5076624,40.5647875],[118.5086408,40.5668649],[118.5098824,40.5688594],[118.5113754,40.5707519],[118.5131054,40.5725241],[118.5150557,40.5741589],[118.5172075,40.5756406],[118.5195401,40.576955],[118.522031,40.5780893],[118.5246563,40.5790326],[118.5273906,40.5797759],[118.5302077,40.580312],[118.5330804,40.5806358],[118.535981,40.580744]]]},"properties":{"name":"鸡冠子山1083.4","peak_elev":1082,"radius_m":2500,"layer":"ATS峰值响应半径","rank_pct":0.305,"center_lon":118.535981,"center_lat":40.558261,"max_mean_jut":145.2787,"max_ats":94.5487,"r_jmean_peak":1625,"r_ats_peak":2500,"r_ats_marginal":187.5,"ats_marginal_rate_max":0.11489206683874116,"ats_marginal_interval_start":125.0,"ats_marginal_interval_end":250.0,"is_expanded":false}},{"type":"Feature","geometry":{"type":"Polygon","coordinates":[[[118.639736,40.8871605],[118.64265,40.8870522],[118.6455359,40.8867285],[118.648366,40.8861924],[118.6511129,40.885449],[118.6537503,40.8845057],[118.6562528,40.8833714],[118.6585961,40.8820571],[118.6607578,40.8805753],[118.6627171,40.8789405],[118.6644551,40.8771683],[118.665955,40.8752759],[118.6672024,40.8732813],[118.6681852,40.8712039],[118.6688941,40.8690637],[118.6693222,40.8668812],[118.6694654,40.8646774],[118.6693222,40.8624737],[118.6688941,40.8602912],[118.6681852,40.8581509],[118.6672024,40.8560735],[118.665955,40.854079],[118.6644551,40.8521865],[118.6627171,40.8504143],[118.6607578,40.8487795],[118.6585961,40.8472978],[118.6562528,40.8459835],[118.6537503,40.8448492],[118.6511129,40.8439058],[118.648366,40.8431625],[118.6455359,40.8426264],[118.64265,40.8423027],[118.639736,40.8421944],[118.636822,40.8423027],[118.6339361,40.8426264],[118.631106,40.8431625],[118.6283591,40.8439058],[118.6257217,40.8448492],[118.6232192,40.8459835],[118.6208759,40.8472978],[118.6187142,40.8487795],[118.6167549,40.8504143],[118.6150169,40.8521865],[118.613517,40.854079],[118.6122696,40.8560735],[118.6112868,40.8581509],[118.6105779,40.8602912],[118.6101498,40.8624737],[118.6100066,40.8646774],[118.6101498,40.8668812],[118.6105779,40.8690637],[118.6112868,40.8712039],[118.6122696,40.8732813],[118.613517,40.8752759],[118.6150169,40.8771683],[118.6167549,40.8789405],[118.6187142,40.8805753],[118.6208759,40.8820571],[118.6232192,40.8833714],[118.6257217,40.8845057],[118.6283591,40.885449],[118.631106,40.8861924],[118.6339361,40.8867285],[118.636822,40.8870522],[118.639736,40.8871605]]]},"properties":{"name":"黑山1004.7","peak_elev":1006,"radius_m":2500,"layer":"ATS峰值响应半径","rank_pct":0.305,"center_lon":118.639736,"center_lat":40.86467742919922,"max_mean_jut":120.2611,"max_ats":86.9368,"r_jmean_peak":1875,"r_ats_peak":2500,"r_ats_marginal":312.5,"ats_marginal_rate_max":0.09362987833115528,"ats_marginal_interval_start":250.0,"ats_marginal_interval_end":375.0,"is_expanded":false}},{"type":"Feature","geometry":{"type":"Polygon","coordinates":[[[118.176744,40.6429057],[118.1793571,40.6428083],[118.181945,40.6425169],[118.1844828,40.6420344],[118.1869461,40.6413655],[118.1893111,40.6405164],[118.1915551,40.6394956],[118.1936564,40.6383127],[118.1955949,40.6369791],[118.1973519,40.6355078],[118.1989104,40.6339128],[118.2002554,40.6322096],[118.2013739,40.6304145],[118.2022553,40.6285448],[118.202891,40.6266186],[118.2032749,40.6246544],[118.2034032,40.622671],[118.2032749,40.6206876],[118.202891,40.6187234],[118.2022553,40.6167972],[118.2013739,40.6149275],[118.2002554,40.6131324],[118.1989104,40.6114292],[118.1973519,40.6098342],[118.1955949,40.6083629],[118.1936564,40.6070293],[118.1915551,40.6058464],[118.1893111,40.6048256],[118.1869461,40.6039765],[118.1844828,40.6033076],[118.181945,40.6028251],[118.1793571,40.6025337],[118.176744,40.6024363],[118.1741309,40.6025337],[118.171543,40.6028251],[118.1690052,40.6033076],[118.1665419,40.6039765],[118.1641769,40.6048256],[118.1619329,40.6058464],[118.1598316,40.6070293],[118.1578931,40.6083629],[118.1561361,40.6098342],[118.1545776,40.6114292],[118.1532326,40.6131324],[118.1521141,40.6149275],[118.1512327,40.6167972],[118.150597,40.6187234],[118.1502131,40.6206876],[118.1500848,40.622671],[118.1502131,40.6246544],[118.150597,40.6266186],[118.1512327,40.6285448],[118.1521141,40.6304145],[118.1532326,40.6322096],[118.1545776,40.6339128],[118.1561361,40.6355078],[118.1578931,40.6369791],[118.1598316,40.6383127],[118.1619329,40.6394956],[118.1641769,40.6405164],[118.1665419,40.6413655],[118.1690052,40.6420344],[118.171543,40.6425169],[118.1741309,40.6428083],[118.176744,40.6429057]]]},"properties":{"name":"1079无名峰","peak_elev":1079,"radius_m":2250,"layer":"ATS峰值响应半径","rank_pct":0.3668,"center_lon":118.176744,"center_lat":40.622671,"max_mean_jut":230.0472,"max_ats":145.9269,"r_jmean_peak":1875,"r_ats_peak":2250,"r_ats_marginal":437.5,"ats_marginal_rate_max":0.14009238820177103,"ats_marginal_interval_start":375.0,"ats_marginal_interval_end":500.0,"is_expanded":false}},{"type":"Feature","geometry":{"type":"Polygon","coordinates":[[[119.057183,40.2262667],[119.0597799,40.2261693],[119.0623519,40.2258779],[119.064874,40.2253954],[119.0673221,40.2247265],[119.0696725,40.2238774],[119.0719027,40.2228566],[119.0739911,40.2216737],[119.0759176,40.2203401],[119.0776637,40.2188688],[119.0792125,40.2172738],[119.0805492,40.2155706],[119.0816609,40.2137755],[119.0825368,40.2119058],[119.0831686,40.2099796],[119.0835501,40.2080154],[119.0836777,40.206032],[119.0835501,40.2040486],[119.0831686,40.2020844],[119.0825368,40.2001582],[119.0816609,40.1982885],[119.0805492,40.1964934],[119.0792125,40.1947902],[119.0776637,40.1931952],[119.0759176,40.1917239],[119.0739911,40.1903903],[119.0719027,40.1892074],[119.0696725,40.1881866],[119.0673221,40.1873375],[119.064874,40.1866686],[119.0623519,40.1861861],[119.0597799,40.1858947],[119.057183,40.1857973],[119.0545861,40.1858947],[119.0520141,40.1861861],[119.049492,40.1866686],[119.0470439,40.1873375],[119.0446935,40.1881866],[119.0424633,40.1892074],[119.0403749,40.1903903],[119.0384484,40.1917239],[119.0367023,40.1931952],[119.0351535,40.1947902],[119.0338168,40.1964934],[119.0327051,40.1982885],[119.0318292,40.2001582],[119.0311974,40.2020844],[119.0308159,40.2040486],[119.0306883,40.206032],[119.0308159,40.2080154],[119.0311974,40.2099796],[119.0318292,40.2119058],[119.0327051,40.2137755],[119.0338168,40.2155706],[119.0351535,40.2172738],[119.0367023,40.2188688],[119.0384484,40.2203401],[119.0403749,40.2216737],[119.0424633,40.2228566],[119.0446935,40.2238774],[119.0470439,40.2247265],[119.049492,40.2253954],[119.0520141,40.2258779],[119.0545861,40.2261693],[119.057183,40.2262667]]]},"properties":{"name":"681无名峰(1)","peak_elev":681,"radius_m":2250,"layer":"ATS峰值响应半径","rank_pct":0.3668,"center_lon":119.057183,"center_lat":40.206032,"max_mean_jut":113.1822,"max_ats":78.2598,"r_jmean_peak":1875,"r_ats_peak":2250,"r_ats_marginal":187.5,"ats_marginal_rate_max":0.08299564720757724,"ats_marginal_interval_start":125.0,"ats_marginal_interval_end":250.0,"is_expanded":false}},{"type":"Feature","geometry":{"type":"Polygon","coordinates":[[[118.129313,40.3987427],[118.1319166,40.3986453],[118.1344951,40.3983539],[118.1370237,40.3978714],[118.139478,40.3972025],[118.1418344,40.3963534],[118.1440703,40.3953326],[118.146164,40.3941497],[118.1480954,40.3928161],[118.149846,40.3913448],[118.1513988,40.3897498],[118.1527389,40.3880466],[118.1538535,40.3862515],[118.1547316,40.3843818],[118.155365,40.3824556],[118.1557475,40.3804914],[118.1558754,40.378508],[118.1557475,40.3765246],[118.155365,40.3745604],[118.1547316,40.3726342],[118.1538535,40.3707645],[118.1527389,40.3689694],[118.1513988,40.3672662],[118.149846,40.3656712],[118.1480954,40.3641999],[118.146164,40.3628663],[118.1440703,40.3616834],[118.1418344,40.3606626],[118.139478,40.3598135],[118.1370237,40.3591446],[118.1344951,40.3586621],[118.1319166,40.3583707],[118.129313,40.3582733],[118.1267094,40.3583707],[118.1241309,40.3586621],[118.1216023,40.3591446],[118.119148,40.3598135],[118.1167916,40.3606626],[118.1145557,40.3616834],[118.112462,40.3628663],[118.1105306,40.3641999],[118.10878,40.3656712],[118.1072272,40.3672662],[118.1058871,40.3689694],[118.1047725,40.3707645],[118.1038944,40.3726342],[118.103261,40.3745604],[118.1028785,40.3765246],[118.1027506,40.378508],[118.1028785,40.3804914],[118.103261,40.3824556],[118.1038944,40.3843818],[118.1047725,40.3862515],[118.1058871,40.3880466],[118.1072272,40.3897498],[118.10878,40.3913448],[118.1105306,40.3928161],[118.112462,40.3941497],[118.1145557,40.3953326],[118.1167916,40.3963534],[118.119148,40.3972025],[118.1216023,40.3978714],[118.1241309,40.3983539],[118.1267094,40.3986453],[118.129313,40.3987427]]]},"properties":{"name":"694无名峰","peak_elev":694,"radius_m":2250,"layer":"ATS峰值响应半径","rank_pct":0.3668,"center_lon":118.129313,"center_lat":40.378508,"max_mean_jut":114.3133,"max_ats":68.5323,"r_jmean_peak":875,"r_ats_peak":2250,"r_ats_marginal":187.5,"ats_marginal_rate_max":0.1560984181612406,"ats_marginal_interval_start":125.0,"ats_marginal_interval_end":250.0,"is_expanded":false}},{"type":"Feature","geometry":{"type":"Polygon","coordinates":[[[118.392879,40.4914497],[118.3954862,40.4913523],[118.3980682,40.4910609],[118.4006003,40.4905784],[118.403058,40.4899095],[118.4054177,40.4890604],[118.4076566,40.4880396],[118.4097532,40.4868567],[118.4116874,40.4855231],[118.4134403,40.4840518],[118.4149953,40.4824568],[118.4163372,40.4807536],[118.4174533,40.4789585],[118.4183327,40.4770888],[118.4189669,40.4751626],[118.4193499,40.4731984],[118.419478,40.471215],[118.4193499,40.4692316],[118.4189669,40.4672674],[118.4183327,40.4653412],[118.4174533,40.4634715],[118.4163372,40.4616764],[118.4149953,40.4599732],[118.4134403,40.4583782],[118.4116874,40.4569069],[118.4097532,40.4555733],[118.4076566,40.4543904],[118.4054177,40.4533696],[118.403058,40.4525205],[118.4006003,40.4518516],[118.3980682,40.4513691],[118.3954862,40.4510777],[118.392879,40.4509803],[118.3902718,40.4510777],[118.3876898,40.4513691],[118.3851577,40.4518516],[118.3827,40.4525205],[118.3803403,40.4533696],[118.3781014,40.4543904],[118.3760048,40.4555733],[118.3740706,40.4569069],[118.3723177,40.4583782],[118.3707627,40.4599732],[118.3694208,40.4616764],[118.3683047,40.4634715],[118.3674253,40.4653412],[118.3667911,40.4672674],[118.3664081,40.4692316],[118.36628,40.471215],[118.3664081,40.4731984],[118.3667911,40.4751626],[118.3674253,40.4770888],[118.3683047,40.4789585],[118.3694208,40.4807536],[118.3707627,40.4824568],[118.3723177,40.4840518],[118.3740706,40.4855231],[118.3760048,40.4868567],[118.3781014,40.4880396],[118.3803403,40.4890604],[118.3827,40.4899095],[118.3851577,40.4905784],[118.3876898,40.4910609],[118.3902718,40.4913523],[118.392879,40.4914497]]]},"properties":{"name":"794无名峰(2)","peak_elev":794,"radius_m":2250,"layer":"ATS峰值响应半径","rank_pct":0.3668,"center_lon":118.392879,"center_lat":40.471215,"max_mean_jut":105.2873,"max_ats":63.9123,"r_jmean_peak":1375,"r_ats_peak":2250,"r_ats_marginal":187.5,"ats_marginal_rate_max":0.13641849154043154,"ats_marginal_interval_start":125.0,"ats_marginal_interval_end":250.0,"is_expanded":false}},{"type":"Feature","geometry":{"type":"Polygon","coordinates":[[[118.0937424,40.7986727],[118.0963616,40.7985753],[118.0989555,40.7982839],[118.1014993,40.7978014],[118.1039683,40.7971325],[118.1063389,40.7962834],[118.1085881,40.7952626],[118.1106944,40.7940797],[118.1126374,40.7927461],[118.1143985,40.7912748],[118.1159606,40.7896798],[118.1173088,40.7879766],[118.11843,40.7861815],[118.1193134,40.7843118],[118.1199506,40.7823856],[118.1203354,40.7804214],[118.120464,40.778438],[118.1203354,40.7764546],[118.1199506,40.7744904],[118.1193134,40.7725642],[118.11843,40.7706945],[118.1173088,40.7688994],[118.1159606,40.7671962],[118.1143985,40.7656012],[118.1126374,40.7641299],[118.1106944,40.7627963],[118.1085881,40.7616134],[118.1063389,40.7605926],[118.1039683,40.7597435],[118.1014993,40.7590746],[118.0989555,40.7585921],[118.0963616,40.7583007],[118.0937424,40.7582033],[118.0911232,40.7583007],[118.0885292,40.7585921],[118.0859855,40.7590746],[118.0835164,40.7597435],[118.0811459,40.7605926],[118.0788966,40.7616134],[118.0767903,40.7627963],[118.0748473,40.7641299],[118.0730862,40.7656012],[118.0715241,40.7671962],[118.070176,40.7688994],[118.0690548,40.7706945],[118.0681713,40.7725642],[118.0675342,40.7744904],[118.0671494,40.7764546],[118.0670207,40.778438],[118.0671494,40.7804214],[118.0675342,40.7823856],[118.0681713,40.7843118],[118.0690548,40.7861815],[118.070176,40.7879766],[118.0715241,40.7896798],[118.0730862,40.7912748],[118.0748473,40.7927461],[118.0767903,40.7940797],[118.0788966,40.7952626],[118.0811459,40.7962834],[118.0835164,40.7971325],[118.0859855,40.7978014],[118.0885292,40.7982839],[118.0911232,40.7985753],[118.0937424,40.7986727]]]},"properties":{"name":"840无名峰","peak_elev":840,"radius_m":2250,"layer":"ATS峰值响应半径","rank_pct":0.3668,"center_lon":118.09374237060548,"center_lat":40.778438,"max_mean_jut":111.4822,"max_ats":69.9503,"r_jmean_peak":1375,"r_ats_peak":2250,"r_ats_marginal":312.5,"ats_marginal_rate_max":0.08999399760373697,"ats_marginal_interval_start":250.0,"ats_marginal_interval_end":375.0,"is_expanded":false}},{"type":"Feature","geometry":{"type":"Polygon","coordinates":[[[118.053046,40.7229439],[118.0556622,40.7228465],[118.0582532,40.7225551],[118.0607941,40.7220726],[118.0632603,40.7214037],[118.0656282,40.7205546],[118.0678749,40.7195338],[118.0699788,40.7183509],[118.0719196,40.7170173],[118.0736786,40.715546],[118.075239,40.713951],[118.0765856,40.7122478],[118.0777055,40.7104527],[118.0785879,40.708583],[118.0792244,40.7066568],[118.0796087,40.7046925],[118.0797373,40.7027092],[118.0796087,40.7007258],[118.0792244,40.6987616],[118.0785879,40.6968354],[118.0777055,40.6949657],[118.0765856,40.6931706],[118.075239,40.6914674],[118.0736786,40.6898724],[118.0719196,40.6884011],[118.0699788,40.6870675],[118.0678749,40.6858846],[118.0656282,40.6848638],[118.0632603,40.6840147],[118.0607941,40.6833458],[118.0582532,40.6828633],[118.0556622,40.6825719],[118.053046,40.6824745],[118.0504298,40.6825719],[118.0478388,40.6828633],[118.0452979,40.6833458],[118.0428317,40.6840147],[118.0404638,40.6848638],[118.0382171,40.6858846],[118.0361132,40.6870675],[118.0341724,40.6884011],[118.0324134,40.6898724],[118.030853,40.6914674],[118.0295064,40.6931706],[118.0283865,40.6949657],[118.0275041,40.6968354],[118.0268676,40.6987616],[118.0264833,40.7007258],[118.0263547,40.7027092],[118.0264833,40.7046925],[118.0268676,40.7066568],[118.0275041,40.708583],[118.0283865,40.7104527],[118.0295064,40.7122478],[118.030853,40.713951],[118.0324134,40.715546],[118.0341724,40.7170173],[118.0361132,40.7183509],[118.0382171,40.7195338],[118.0404638,40.7205546],[118.0428317,40.7214037],[118.0452979,40.7220726],[118.0478388,40.7225551],[118.0504298,40.7228465],[118.053046,40.7229439]]]},"properties":{"name":"北梁顶1126","peak_elev":1133,"radius_m":2250,"layer":"ATS峰值响应半径","rank_pct":0.3668,"center_lon":118.053046,"center_lat":40.70270919799805,"max_mean_jut":143.997,"max_ats":82.4645,"r_jmean_peak":1750,"r_ats_peak":2250,"r_ats_marginal":187.5,"ats_marginal_rate_max":0.10020437214765254,"ats_marginal_interval_start":125.0,"ats_marginal_interval_end":250.0,"is_expanded":false}},{"type":"Feature","geometry":{"type":"Polygon","coordinates":[[[118.013026,40.5175912],[118.0156342,40.5174937],[118.0182172,40.5172023],[118.0207503,40.5167198],[118.023209,40.5160509],[118.0255696,40.5152019],[118.0278094,40.514181],[118.0299068,40.5129981],[118.0318417,40.5116645],[118.0335953,40.5101932],[118.0351509,40.5085982],[118.0364934,40.506895],[118.0376099,40.5050999],[118.0384896,40.5032302],[118.0391241,40.501304],[118.0395073,40.4993398],[118.0396354,40.4973564],[118.0395073,40.4953731],[118.0391241,40.4934088],[118.0384896,40.4914826],[118.0376099,40.4896129],[118.0364934,40.4878178],[118.0351509,40.4861146],[118.0335953,40.4845196],[118.0318417,40.4830483],[118.0299068,40.4817148],[118.0278094,40.4805318],[118.0255696,40.479511],[118.023209,40.478662],[118.0207503,40.477993],[118.0182172,40.4775105],[118.0156342,40.4772191],[118.013026,40.4771217],[118.0104178,40.4772191],[118.0078348,40.4775105],[118.0053017,40.477993],[118.002843,40.478662],[118.0004824,40.479511],[117.9982426,40.4805318],[117.9961452,40.4817148],[117.9942103,40.4830483],[117.9924567,40.4845196],[117.9909011,40.4861146],[117.9895586,40.4878178],[117.9884421,40.4896129],[117.9875624,40.4914826],[117.9869279,40.4934088],[117.9865447,40.4953731],[117.9864166,40.4973564],[117.9865447,40.4993398],[117.9869279,40.501304],[117.9875624,40.5032302],[117.9884421,40.5050999],[117.9895586,40.506895],[117.9909011,40.5085982],[117.9924567,40.5101932],[117.9942103,40.5116645],[117.9961452,40.5129981],[117.9982426,40.514181],[118.0004824,40.5152019],[118.002843,40.5160509],[118.0053017,40.5167198],[118.0078348,40.5172023],[118.0104178,40.5174937],[118.013026,40.5175912]]]},"properties":{"name":"十二顶1254","peak_elev":1291,"radius_m":2250,"layer":"ATS峰值响应半径","rank_pct":0.3668,"center_lon":118.013026,"center_lat":40.49735641479492,"max_mean_jut":143.4977,"max_ats":68.4093,"r_jmean_peak":2000,"r_ats_peak":2250,"r_ats_marginal":187.5,"ats_marginal_rate_max":0.09582099922159688,"ats_marginal_interval_start":125.0,"ats_marginal_interval_end":250.0,"is_expanded":false}},{"type":"Feature","geometry":{"type":"Polygon","coordinates":[[[119.065403,40.5515467],[119.0680125,40.5514493],[119.0705969,40.5511579],[119.0731312,40.5506754],[119.0755911,40.5500065],[119.0779529,40.5491574],[119.0801939,40.5481366],[119.0822924,40.5469537],[119.0842282,40.5456201],[119.0859828,40.5441488],[119.0875391,40.5425538],[119.0888823,40.5408506],[119.0899993,40.5390555],[119.0908795,40.5371858],[119.0915143,40.5352596],[119.0918977,40.5332954],[119.0920259,40.531312],[119.0918977,40.5293286],[119.0915143,40.5273644],[119.0908795,40.5254382],[119.0899993,40.5235685],[119.0888823,40.5217734],[119.0875391,40.5200702],[119.0859828,40.5184752],[119.0842282,40.5170039],[119.0822924,40.5156703],[119.0801939,40.5144874],[119.0779529,40.5134666],[119.0755911,40.5126175],[119.0731312,40.5119486],[119.0705969,40.5114661],[119.0680125,40.5111747],[119.065403,40.5110773],[119.0627935,40.5111747],[119.0602091,40.5114661],[119.0576748,40.5119486],[119.0552149,40.5126175],[119.0528531,40.5134666],[119.0506121,40.5144874],[119.0485136,40.5156703],[119.0465778,40.5170039],[119.0448232,40.5184752],[119.0432669,40.5200702],[119.0419237,40.5217734],[119.0408067,40.5235685],[119.0399265,40.5254382],[119.0392917,40.5273644],[119.0389083,40.5293286],[119.0387801,40.531312],[119.0389083,40.5332954],[119.0392917,40.5352596],[119.0399265,40.5371858],[119.0408067,40.5390555],[119.0419237,40.5408506],[119.0432669,40.5425538],[119.0448232,40.5441488],[119.0465778,40.5456201],[119.0485136,40.5469537],[119.0506121,40.5481366],[119.0528531,40.5491574],[119.0552149,40.5500065],[119.0576748,40.5506754],[119.0602091,40.5511579],[119.0627935,40.5514493],[119.065403,40.5515467]]]},"properties":{"name":"架子山834","peak_elev":834,"radius_m":2250,"layer":"ATS峰值响应半径","rank_pct":0.3668,"center_lon":119.065403,"center_lat":40.531312,"max_mean_jut":102.8426,"max_ats":67.9734,"r_jmean_peak":1750,"r_ats_peak":2250,"r_ats_marginal":187.5,"ats_marginal_rate_max":0.09235533101127837,"ats_marginal_interval_start":125.0,"ats_marginal_interval_end":250.0,"is_expanded":false}},{"type":"Feature","geometry":{"type":"Polygon","coordinates":[[[118.298017,40.8523027],[118.3006383,40.8522053],[118.3032344,40.8519139],[118.3057802,40.8514314],[118.3082512,40.8507625],[118.3106237,40.8499134],[118.3128748,40.8488926],[118.3149827,40.8477097],[118.3169273,40.8463761],[118.3186898,40.8449048],[118.3202532,40.8433098],[118.3216025,40.8416066],[118.3227246,40.8398115],[118.3236087,40.8379418],[118.3242464,40.8360156],[118.3246315,40.8340514],[118.3247603,40.832068],[118.3246315,40.8300846],[118.3242464,40.8281204],[118.3236087,40.8261942],[118.3227246,40.8243245],[118.3216025,40.8225294],[118.3202532,40.8208262],[118.3186898,40.8192312],[118.3169273,40.8177599],[118.3149827,40.8164263],[118.3128748,40.8152434],[118.3106237,40.8142226],[118.3082512,40.8133735],[118.3057802,40.8127046],[118.3032344,40.8122221],[118.3006383,40.8119307],[118.298017,40.8118333],[118.2953957,40.8119307],[118.2927996,40.8122221],[118.2902538,40.8127046],[118.2877828,40.8133735],[118.2854103,40.8142226],[118.2831592,40.8152434],[118.2810513,40.8164263],[118.2791067,40.8177599],[118.2773442,40.8192312],[118.2757808,40.8208262],[118.2744315,40.8225294],[118.2733094,40.8243245],[118.2724253,40.8261942],[118.2717876,40.8281204],[118.2714025,40.8300846],[118.2712737,40.832068],[118.2714025,40.8340514],[118.2717876,40.8360156],[118.2724253,40.8379418],[118.2733094,40.8398115],[118.2744315,40.8416066],[118.2757808,40.8433098],[118.2773442,40.8449048],[118.2791067,40.8463761],[118.2810513,40.8477097],[118.2831592,40.8488926],[118.2854103,40.8499134],[118.2877828,40.8507625],[118.2902538,40.8514314],[118.2927996,40.8519139],[118.2953957,40.8522053],[118.298017,40.8523027]]]},"properties":{"name":"牛盘山1244.5","peak_elev":1130,"radius_m":2250,"layer":"ATS峰值响应半径","rank_pct":0.3668,"center_lon":118.298017,"center_lat":40.832068,"max_mean_jut":103.7521,"max_ats":61.309,"r_jmean_peak":2250,"r_ats_peak":2250,"r_ats_marginal":187.5,"ats_marginal_rate_max":0.07098788198621343,"ats_marginal_interval_start":125.0,"ats_marginal_interval_end":250.0,"is_expanded":false}},{"type":"Feature","geometry":{"type":"Polygon","coordinates":[[[118.259749,40.6469475],[118.2623622,40.6468501],[118.2649503,40.6465587],[118.2674882,40.6460762],[118.2699517,40.6454073],[118.2723168,40.6445582],[118.274561,40.6435374],[118.2766625,40.6423545],[118.2786011,40.6410209],[118.2803581,40.6395496],[118.2819167,40.6379546],[118.2832618,40.6362514],[118.2843804,40.6344563],[118.2852619,40.6325866],[118.2858976,40.6306604],[118.2862815,40.6286962],[118.2864099,40.6267128],[118.2862815,40.6247294],[118.2858976,40.6227652],[118.2852619,40.620839],[118.2843804,40.6189693],[118.2832618,40.6171742],[118.2819167,40.615471],[118.2803581,40.613876],[118.2786011,40.6124047],[118.2766625,40.6110711],[118.274561,40.6098882],[118.2723168,40.6088674],[118.2699517,40.6080183],[118.2674882,40.6073494],[118.2649503,40.6068669],[118.2623622,40.6065755],[118.259749,40.6064781],[118.2571358,40.6065755],[118.2545477,40.6068669],[118.2520098,40.6073494],[118.2495463,40.6080183],[118.2471812,40.6088674],[118.244937,40.6098882],[118.2428355,40.6110711],[118.2408969,40.6124047],[118.2391399,40.613876],[118.2375813,40.615471],[118.2362362,40.6171742],[118.2351176,40.6189693],[118.2342361,40.620839],[118.2336004,40.6227652],[118.2332165,40.6247294],[118.2330881,40.6267128],[118.2332165,40.6286962],[118.2336004,40.6306604],[118.2342361,40.6325866],[118.2351176,40.6344563],[118.2362362,40.6362514],[118.2375813,40.6379546],[118.2391399,40.6395496],[118.2408969,40.6410209],[118.2428355,40.6423545],[118.244937,40.6435374],[118.2471812,40.6445582],[118.2495463,40.6454073],[118.2520098,40.6460762],[118.2545477,40.6465587],[118.2571358,40.6468501],[118.259749,40.6469475]]]},"properties":{"name":"窟窿洞972","peak_elev":975,"radius_m":2250,"layer":"ATS峰值响应半径","rank_pct":0.3668,"center_lon":118.259749,"center_lat":40.626712799072266,"max_mean_jut":110.3796,"max_ats":64.1418,"r_jmean_peak":2000,"r_ats_peak":2250,"r_ats_marginal":187.5,"ats_marginal_rate_max":0.08846226186266926,"ats_marginal_interval_start":125.0,"ats_marginal_interval_end":250.0,"is_expanded":false}},{"type":"Feature","geometry":{"type":"Polygon","coordinates":[[[119.7624512,40.3750277],[119.7650538,40.3749303],[119.7676314,40.3746389],[119.7701591,40.3741564],[119.7726126,40.3734875],[119.7749682,40.3726384],[119.7772033,40.3716176],[119.7792962,40.3704347],[119.781227,40.3691011],[119.782977,40.3676298],[119.7845292,40.3660348],[119.7858689,40.3643316],[119.786983,40.3625365],[119.7878609,40.3606668],[119.788494,40.3587406],[119.7888764,40.3567764],[119.7890042,40.354793],[119.7888764,40.3528096],[119.788494,40.3508454],[119.7878609,40.3489192],[119.786983,40.3470495],[119.7858689,40.3452544],[119.7845292,40.3435512],[119.782977,40.3419562],[119.781227,40.3404849],[119.7792962,40.3391513],[119.7772033,40.3379684],[119.7749682,40.3369476],[119.7726126,40.3360985],[119.7701591,40.3354296],[119.7676314,40.3349471],[119.7650538,40.3346557],[119.7624512,40.3345583],[119.7598485,40.3346557],[119.7572709,40.3349471],[119.7547432,40.3354296],[119.7522898,40.3360985],[119.7499342,40.3369476],[119.7476991,40.3379684],[119.7456061,40.3391513],[119.7436753,40.3404849],[119.7419254,40.3419562],[119.7403731,40.3435512],[119.7390335,40.3452544],[119.7379194,40.3470495],[119.7370415,40.3489192],[119.7364083,40.3508454],[119.736026,40.3528096],[119.7358981,40.354793],[119.736026,40.3567764],[119.7364083,40.3587406],[119.7370415,40.3606668],[119.7379194,40.3625365],[119.7390335,40.3643316],[119.7403731,40.3660348],[119.7419254,40.3676298],[119.7436753,40.3691011],[119.7456061,40.3704347],[119.7476991,40.3716176],[119.7499342,40.3726384],[119.7522898,40.3734875],[119.7547432,40.3741564],[119.7572709,40.3746389],[119.7598485,40.3749303],[119.7624512,40.3750277]]]},"properties":{"name":"老佛山754","peak_elev":750,"radius_m":2250,"layer":"ATS峰值响应半径","rank_pct":0.3668,"center_lon":119.762451171875,"center_lat":40.354793,"max_mean_jut":119.8398,"max_ats":84.3373,"r_jmean_peak":2000,"r_ats_peak":2250,"r_ats_marginal":187.5,"ats_marginal_rate_max":0.07453096466253506,"ats_marginal_interval_start":125.0,"ats_marginal_interval_end":250.0,"is_expanded":false}},{"type":"Feature","geometry":{"type":"Polygon","coordinates":[[[118.214204,40.5604397],[118.2168138,40.5603423],[118.2193986,40.5600509],[118.2219332,40.5595684],[118.2243935,40.5588995],[118.2267556,40.5580504],[118.2289968,40.5570296],[118.2310956,40.5558467],[118.2330317,40.5545131],[118.2347865,40.5530418],[118.236343,40.5514468],[118.2376864,40.5497436],[118.2388036,40.5479485],[118.2396839,40.5460788],[118.2403188,40.5441526],[118.2407022,40.5421884],[118.2408304,40.540205],[118.2407022,40.5382216],[118.2403188,40.5362574],[118.2396839,40.5343312],[118.2388036,40.5324615],[118.2376864,40.5306664],[118.236343,40.5289632],[118.2347865,40.5273682],[118.2330317,40.5258969],[118.2310956,40.5245633],[118.2289968,40.5233804],[118.2267556,40.5223596],[118.2243935,40.5215105],[118.2219332,40.5208416],[118.2193986,40.5203591],[118.2168138,40.5200677],[118.214204,40.5199703],[118.2115942,40.5200677],[118.2090094,40.5203591],[118.2064748,40.5208416],[118.2040145,40.5215105],[118.2016524,40.5223596],[118.1994112,40.5233804],[118.1973124,40.5245633],[118.1953763,40.5258969],[118.1936215,40.5273682],[118.192065,40.5289632],[118.1907216,40.5306664],[118.1896044,40.5324615],[118.1887241,40.5343312],[118.1880892,40.5362574],[118.1877058,40.5382216],[118.1875776,40.540205],[118.1877058,40.5421884],[118.1880892,40.5441526],[118.1887241,40.5460788],[118.1896044,40.5479485],[118.1907216,40.5497436],[118.192065,40.5514468],[118.1936215,40.5530418],[118.1953763,40.5545131],[118.1973124,40.5558467],[118.1994112,40.5570296],[118.2016524,40.5580504],[118.2040145,40.5588995],[118.2064748,40.5595684],[118.2090094,40.5600509],[118.2115942,40.5603423],[118.214204,40.5604397]]]},"properties":{"name":"西石湖高尖808","peak_elev":799,"radius_m":2250,"layer":"ATS峰值响应半径","rank_pct":0.3668,"center_lon":118.214204,"center_lat":40.540205,"max_mean_jut":108.2752,"max_ats":68.4769,"r_jmean_peak":2000,"r_ats_peak":2250,"r_ats_marginal":187.5,"ats_marginal_rate_max":0.11413149449883604,"ats_marginal_interval_start":125.0,"ats_marginal_interval_end":250.0,"is_expanded":false}},{"type":"Feature","geometry":{"type":"Polygon","coordinates":[[[118.999242,40.8160984],[119.0015709,40.8160118],[119.0038773,40.8157528],[119.0061391,40.8153239],[119.0083344,40.8147293],[119.0104422,40.8139746],[119.0124421,40.8130672],[119.0143149,40.8120157],[119.0160426,40.8108303],[119.0176084,40.8095225],[119.0189974,40.8081047],[119.0201961,40.8065907],[119.021193,40.8049951],[119.0219785,40.8033332],[119.0225451,40.801621],[119.0228872,40.799875],[119.0230016,40.798112],[119.0228872,40.796349],[119.0225451,40.794603],[119.0219785,40.7928908],[119.021193,40.7912289],[119.0201961,40.7896333],[119.0189974,40.7881193],[119.0176084,40.7867015],[119.0160426,40.7853937],[119.0143149,40.7842083],[119.0124421,40.7831568],[119.0104422,40.7822494],[119.0083344,40.7814947],[119.0061391,40.7809001],[119.0038773,40.7804712],[119.0015709,40.7802122],[118.999242,40.7801256],[118.9969131,40.7802122],[118.9946067,40.7804712],[118.9923449,40.7809001],[118.9901496,40.7814947],[118.9880418,40.7822494],[118.9860419,40.7831568],[118.9841691,40.7842083],[118.9824414,40.7853937],[118.9808756,40.7867015],[118.9794866,40.7881193],[118.9782879,40.7896333],[118.977291,40.7912289],[118.9765055,40.7928908],[118.9759389,40.794603],[118.9755968,40.796349],[118.9754824,40.798112],[118.9755968,40.799875],[118.9759389,40.801621],[118.9765055,40.8033332],[118.977291,40.8049951],[118.9782879,40.8065907],[118.9794866,40.8081047],[118.9808756,40.8095225],[118.9824414,40.8108303],[118.9841691,40.8120157],[118.9860419,40.8130672],[118.9880418,40.8139746],[118.9901496,40.8147293],[118.9923449,40.8153239],[118.9946067,40.8157528],[118.9969131,40.8160118],[118.999242,40.8160984]]]},"properties":{"name":"1002无名峰","peak_elev":1002,"radius_m":2000,"layer":"ATS峰值响应半径","rank_pct":0.4131,"center_lon":118.999242,"center_lat":40.798112,"max_mean_jut":109.7918,"max_ats":66.9498,"r_jmean_peak":1500,"r_ats_peak":2000,"r_ats_marginal":187.5,"ats_marginal_rate_max":0.09713449995286089,"ats_marginal_interval_start":125.0,"ats_marginal_interval_end":250.0,"is_expanded":false}},{"type":"Feature","geometry":{"type":"Polygon","coordinates":[[[119.5759583,40.3250784],[119.5782701,40.3249918],[119.5805597,40.3247328],[119.5828049,40.3243039],[119.5849842,40.3237093],[119.5870766,40.3229546],[119.5890619,40.3220472],[119.5909211,40.3209957],[119.5926361,40.3198103],[119.5941905,40.3185025],[119.5955693,40.3170847],[119.5967593,40.3155707],[119.5977489,40.3139751],[119.5985287,40.3123132],[119.5990911,40.310601],[119.5994307,40.308855],[119.5995443,40.307092],[119.5994307,40.305329],[119.5990911,40.303583],[119.5985287,40.3018708],[119.5977489,40.3002089],[119.5967593,40.2986133],[119.5955693,40.2970993],[119.5941905,40.2956815],[119.5926361,40.2943737],[119.5909211,40.2931883],[119.5890619,40.2921368],[119.5870766,40.2912294],[119.5849842,40.2904747],[119.5828049,40.2898801],[119.5805597,40.2894512],[119.5782701,40.2891922],[119.5759583,40.2891056],[119.5736464,40.2891922],[119.5713568,40.2894512],[119.5691116,40.2898801],[119.5669323,40.2904747],[119.5648399,40.2912294],[119.5628546,40.2921368],[119.5609954,40.2931883],[119.5592804,40.2943737],[119.557726,40.2956815],[119.5563472,40.2970993],[119.5551572,40.2986133],[119.5541676,40.3002089],[119.5533878,40.3018708],[119.5528254,40.303583],[119.5524858,40.305329],[119.5523722,40.307092],[119.5524858,40.308855],[119.5528254,40.310601],[119.5533878,40.3123132],[119.5541676,40.3139751],[119.5551572,40.3155707],[119.5563472,40.3170847],[119.557726,40.3185025],[119.5592804,40.3198103],[119.5609954,40.3209957],[119.5628546,40.3220472],[119.5648399,40.3229546],[119.5669323,40.3237093],[119.5691116,40.3243039],[119.5713568,40.3247328],[119.5736464,40.3249918],[119.5759583,40.3250784]]]},"properties":{"name":"1110无名峰","peak_elev":1110,"radius_m":2000,"layer":"ATS峰值响应半径","rank_pct":0.4131,"center_lon":119.57595825195312,"center_lat":40.307092,"max_mean_jut":98.7903,"max_ats":53.1335,"r_jmean_peak":1750,"r_ats_peak":2000,"r_ats_marginal":187.5,"ats_marginal_rate_max":0.09509506139606141,"ats_marginal_interval_start":125.0,"ats_marginal_interval_end":250.0,"is_expanded":false}},{"type":"Feature","geometry":{"type":"Polygon","coordinates":[[[118.553498,41.2146804],[118.555841,41.2145938],[118.5581614,41.2143348],[118.5604369,41.2139059],[118.5626456,41.2133113],[118.5647661,41.2125566],[118.5667782,41.2116492],[118.5686624,41.2105977],[118.5704005,41.2094123],[118.5719758,41.2081045],[118.5733732,41.2066867],[118.5745792,41.2051727],[118.5755822,41.2035771],[118.5763724,41.2019152],[118.5769424,41.200203],[118.5772866,41.198457],[118.5774017,41.196694],[118.5772866,41.194931],[118.5769424,41.193185],[118.5763724,41.1914728],[118.5755822,41.1898109],[118.5745792,41.1882153],[118.5733732,41.1867013],[118.5719758,41.1852835],[118.5704005,41.1839757],[118.5686624,41.1827903],[118.5667782,41.1817388],[118.5647661,41.1808314],[118.5626456,41.1800767],[118.5604369,41.1794821],[118.5581614,41.1790532],[118.555841,41.1787942],[118.553498,41.1787076],[118.551155,41.1787942],[118.5488346,41.1790532],[118.5465591,41.1794821],[118.5443504,41.1800767],[118.5422299,41.1808314],[118.5402178,41.1817388],[118.5383336,41.1827903],[118.5365955,41.1839757],[118.5350202,41.1852835],[118.5336228,41.1867013],[118.5324168,41.1882153],[118.5314138,41.1898109],[118.5306236,41.1914728],[118.5300536,41.193185],[118.5297094,41.194931],[118.5295943,41.196694],[118.5297094,41.198457],[118.5300536,41.200203],[118.5306236,41.2019152],[118.5314138,41.2035771],[118.5324168,41.2051727],[118.5336228,41.2066867],[118.5350202,41.2081045],[118.5365955,41.2094123],[118.5383336,41.2105977],[118.5402178,41.2116492],[118.5422299,41.2125566],[118.5443504,41.2133113],[118.5465591,41.2139059],[118.5488346,41.2143348],[118.551155,41.2145938],[118.553498,41.2146804]]]},"properties":{"name":"1254无名峰","peak_elev":1254,"radius_m":2000,"layer":"ATS峰值响应半径","rank_pct":0.4131,"center_lon":118.553498,"center_lat":41.196694,"max_mean_jut":56.9578,"max_ats":33.2557,"r_jmean_peak":1750,"r_ats_peak":2000,"r_ats_marginal":312.5,"ats_marginal_rate_max":0.029987717179769675,"ats_marginal_interval_start":250.0,"ats_marginal_interval_end":375.0,"is_expanded":false}},{"type":"Feature","geometry":{"type":"Polygon","coordinates":[[[118.597156,40.6088563],[118.5994776,40.6087697],[118.6017769,40.6085107],[118.6040316,40.6080818],[118.6062202,40.6074872],[118.6083214,40.6067325],[118.6103151,40.6058251],[118.6121821,40.6047736],[118.6139044,40.6035882],[118.6154654,40.6022804],[118.6168501,40.6008626],[118.618045,40.5993486],[118.6190389,40.597753],[118.6198219,40.5960911],[118.6203867,40.5943789],[118.6207278,40.5926329],[118.6208418,40.5908699],[118.6207278,40.5891069],[118.6203867,40.5873609],[118.6198219,40.5856487],[118.6190389,40.5839868],[118.618045,40.5823912],[118.6168501,40.5808772],[118.6154654,40.5794594],[118.6139044,40.5781516],[118.6121821,40.5769662],[118.6103151,40.5759147],[118.6083214,40.5750073],[118.6062202,40.5742526],[118.6040316,40.573658],[118.6017769,40.5732291],[118.5994776,40.5729701],[118.597156,40.5728835],[118.5948344,40.5729701],[118.5925351,40.5732291],[118.5902804,40.573658],[118.5880918,40.5742526],[118.5859906,40.5750073],[118.5839969,40.5759147],[118.5821299,40.5769662],[118.5804076,40.5781516],[118.5788466,40.5794594],[118.5774619,40.5808772],[118.576267,40.5823912],[118.5752731,40.5839868],[118.5744901,40.5856487],[118.5739253,40.5873609],[118.5735842,40.5891069],[118.5734702,40.5908699],[118.5735842,40.5926329],[118.5739253,40.5943789],[118.5744901,40.5960911],[118.5752731,40.597753],[118.576267,40.5993486],[118.5774619,40.6008626],[118.5788466,40.6022804],[118.5804076,40.6035882],[118.5821299,40.6047736],[118.5839969,40.6058251],[118.5859906,40.6067325],[118.5880918,40.6074872],[118.5902804,40.6080818],[118.5925351,40.6085107],[118.5948344,40.6087697],[118.597156,40.6088563]]]},"properties":{"name":"八大坑山尖917","peak_elev":917,"radius_m":2000,"layer":"ATS峰值响应半径","rank_pct":0.4131,"center_lon":118.597156,"center_lat":40.59086990356445,"max_mean_jut":135.6951,"max_ats":100.3918,"r_jmean_peak":1625,"r_ats_peak":2000,"r_ats_marginal":187.5,"ats_marginal_rate_max":0.13810979374007598,"ats_marginal_interval_start":125.0,"ats_marginal_interval_end":250.0,"is_expanded":false}},{"type":"Feature","geometry":{"type":"Polygon","coordinates":[[[119.212412,40.7926514],[119.21474,40.7925648],[119.2170456,40.7923058],[119.2193066,40.7918769],[119.2215012,40.7912823],[119.2236083,40.7905276],[119.2256075,40.7896202],[119.2274796,40.7885687],[119.2292067,40.7873833],[119.230772,40.7860755],[119.2321604,40.7846577],[119.2333587,40.7831437],[119.2343553,40.7815481],[119.2351405,40.7798862],[119.2357069,40.778174],[119.2360489,40.776428],[119.2361632,40.774665],[119.2360489,40.772902],[119.2357069,40.771156],[119.2351405,40.7694438],[119.2343553,40.7677819],[119.2333587,40.7661863],[119.2321604,40.7646723],[119.230772,40.7632545],[119.2292067,40.7619467],[119.2274796,40.7607613],[119.2256075,40.7597098],[119.2236083,40.7588024],[119.2215012,40.7580477],[119.2193066,40.7574531],[119.2170456,40.7570242],[119.21474,40.7567652],[119.212412,40.7566786],[119.210084,40.7567652],[119.2077784,40.7570242],[119.2055174,40.7574531],[119.2033228,40.7580477],[119.2012157,40.7588024],[119.1992165,40.7597098],[119.1973444,40.7607613],[119.1956173,40.7619467],[119.194052,40.7632545],[119.1926636,40.7646723],[119.1914653,40.7661863],[119.1904687,40.7677819],[119.1896835,40.7694438],[119.1891171,40.771156],[119.1887751,40.772902],[119.1886608,40.774665],[119.1887751,40.776428],[119.1891171,40.778174],[119.1896835,40.7798862],[119.1904687,40.7815481],[119.1914653,40.7831437],[119.1926636,40.7846577],[119.194052,40.7860755],[119.1956173,40.7873833],[119.1973444,40.7885687],[119.1992165,40.7896202],[119.2012157,40.7905276],[119.2033228,40.7912823],[119.2055174,40.7918769],[119.2077784,40.7923058],[119.210084,40.7925648],[119.212412,40.7926514]]]},"properties":{"name":"980无名峰","peak_elev":980,"radius_m":2000,"layer":"ATS峰值响应半径","rank_pct":0.4131,"center_lon":119.212412,"center_lat":40.774665,"max_mean_jut":95.6029,"max_ats":59.1013,"r_jmean_peak":1750,"r_ats_peak":2000,"r_ats_marginal":187.5,"ats_marginal_rate_max":0.0814122929063603,"ats_marginal_interval_start":125.0,"ats_marginal_interval_end":250.0,"is_expanded":false}},{"type":"Feature","geometry":{"type":"Polygon","coordinates":[[[118.212048,40.7339021],[118.214374,40.7338155],[118.2166775,40.7335565],[118.2189365,40.7331276],[118.2211292,40.732533],[118.2232344,40.7317783],[118.2252318,40.7308709],[118.2271023,40.7298194],[118.2288278,40.728634],[118.2303917,40.7273262],[118.231779,40.7259084],[118.2329762,40.7243944],[118.2339719,40.7227988],[118.2347565,40.7211369],[118.2353223,40.7194247],[118.235664,40.7176787],[118.2357783,40.7159157],[118.235664,40.7141527],[118.2353223,40.7124067],[118.2347565,40.7106945],[118.2339719,40.7090326],[118.2329762,40.7074369],[118.231779,40.705923],[118.2303917,40.7045052],[118.2288278,40.7031974],[118.2271023,40.702012],[118.2252318,40.7009605],[118.2232344,40.7000531],[118.2211292,40.6992984],[118.2189365,40.6987037],[118.2166775,40.6982749],[118.214374,40.6980159],[118.212048,40.6979292],[118.209722,40.6980159],[118.2074185,40.6982749],[118.2051595,40.6987037],[118.2029668,40.6992984],[118.2008616,40.7000531],[118.1988642,40.7009605],[118.1969937,40.702012],[118.1952682,40.7031974],[118.1937043,40.7045052],[118.192317,40.705923],[118.1911198,40.7074369],[118.1901241,40.7090326],[118.1893395,40.7106945],[118.1887737,40.7124067],[118.188432,40.7141527],[118.1883177,40.7159157],[118.188432,40.7176787],[118.1887737,40.7194247],[118.1893395,40.7211369],[118.1901241,40.7227988],[118.1911198,40.7243944],[118.192317,40.7259084],[118.1937043,40.7273262],[118.1952682,40.728634],[118.1969937,40.7298194],[118.1988642,40.7308709],[118.2008616,40.7317783],[118.2029668,40.732533],[118.2051595,40.7331276],[118.2074185,40.7335565],[118.209722,40.7338155],[118.212048,40.7339021]]]},"properties":{"name":"北砬子山1223.6","peak_elev":1217,"radius_m":2000,"layer":"ATS峰值响应半径","rank_pct":0.4131,"center_lon":118.212048,"center_lat":40.71591567993164,"max_mean_jut":189.0332,"max_ats":119.4928,"r_jmean_peak":1500,"r_ats_peak":2000,"r_ats_marginal":187.5,"ats_marginal_rate_max":0.2570495209828645,"ats_marginal_interval_start":125.0,"ats_marginal_interval_end":250.0,"is_expanded":false}},{"type":"Feature","geometry":{"type":"Polygon","coordinates":[[[118.379674,40.6992723],[118.3819988,40.6991857],[118.3843011,40.6989267],[118.386559,40.6984978],[118.3887505,40.6979032],[118.3908546,40.6971485],[118.392851,40.696241],[118.3947205,40.6951896],[118.3964451,40.6940042],[118.3980082,40.6926963],[118.3993947,40.6912786],[118.4005914,40.6897646],[118.4015865,40.688169],[118.4023706,40.686507],[118.4029362,40.6847948],[118.4032777,40.6830488],[118.4033919,40.6812859],[118.4032777,40.6795229],[118.4029362,40.6777769],[118.4023706,40.6760647],[118.4015865,40.6744027],[118.4005914,40.6728071],[118.3993947,40.6712931],[118.3980082,40.6698754],[118.3964451,40.6685675],[118.3947205,40.6673822],[118.392851,40.6663307],[118.3908546,40.6654232],[118.3887505,40.6646686],[118.386559,40.6640739],[118.3843011,40.663645],[118.3819988,40.663386],[118.379674,40.6632994],[118.3773492,40.663386],[118.3750469,40.663645],[118.372789,40.6640739],[118.3705975,40.6646686],[118.3684934,40.6654232],[118.366497,40.6663307],[118.3646275,40.6673822],[118.3629029,40.6685675],[118.3613398,40.6698754],[118.3599533,40.6712931],[118.3587566,40.6728071],[118.3577615,40.6744027],[118.3569774,40.6760647],[118.3564118,40.6777769],[118.3560703,40.6795229],[118.3559561,40.6812859],[118.3560703,40.6830488],[118.3564118,40.6847948],[118.3569774,40.686507],[118.3577615,40.688169],[118.3587566,40.6897646],[118.3599533,40.6912786],[118.3613398,40.6926963],[118.3629029,40.6940042],[118.3646275,40.6951896],[118.366497,40.696241],[118.3684934,40.6971485],[118.3705975,40.6979032],[118.372789,40.6984978],[118.3750469,40.6989267],[118.3773492,40.6991857],[118.379674,40.6992723]]]},"properties":{"name":"大北山1180","peak_elev":1195,"radius_m":2000,"layer":"ATS峰值响应半径","rank_pct":0.4131,"center_lon":118.379674,"center_lat":40.6812858581543,"max_mean_jut":94.2028,"max_ats":47.0877,"r_jmean_peak":1500,"r_ats_peak":2000,"r_ats_marginal":312.5,"ats_marginal_rate_max":0.06505625085912708,"ats_marginal_interval_start":250.0,"ats_marginal_interval_end":375.0,"is_expanded":false}},{"type":"Feature","geometry":{"type":"Polygon","coordinates":[[[118.424679,40.5794814],[118.4269996,40.5793948],[118.4292978,40.5791358],[118.4315516,40.5787069],[118.4337392,40.5781123],[118.4358395,40.5773576],[118.4378324,40.5764502],[118.4396985,40.5753987],[118.4414201,40.5742133],[118.4429804,40.5729055],[118.4443644,40.5714877],[118.4455589,40.5699737],[118.4465523,40.5683781],[118.447335,40.5667162],[118.4478995,40.565004],[118.4482404,40.563258],[118.4483544,40.561495],[118.4482404,40.559732],[118.4478995,40.557986],[118.447335,40.5562738],[118.4465523,40.5546119],[118.4455589,40.5530163],[118.4443644,40.5515023],[118.4429804,40.5500845],[118.4414201,40.5487767],[118.4396985,40.5475913],[118.4378324,40.5465398],[118.4358395,40.5456324],[118.4337392,40.5448777],[118.4315516,40.5442831],[118.4292978,40.5438542],[118.4269996,40.5435952],[118.424679,40.5435086],[118.4223584,40.5435952],[118.4200602,40.5438542],[118.4178064,40.5442831],[118.4156188,40.5448777],[118.4135185,40.5456324],[118.4115256,40.5465398],[118.4096595,40.5475913],[118.4079379,40.5487767],[118.4063776,40.5500845],[118.4049936,40.5515023],[118.4037991,40.5530163],[118.4028057,40.5546119],[118.402023,40.5562738],[118.4014585,40.557986],[118.4011176,40.559732],[118.4010036,40.561495],[118.4011176,40.563258],[118.4014585,40.565004],[118.402023,40.5667162],[118.4028057,40.5683781],[118.4037991,40.5699737],[118.4049936,40.5714877],[118.4063776,40.5729055],[118.4079379,40.5742133],[118.4096595,40.5753987],[118.4115256,40.5764502],[118.4135185,40.5773576],[118.4156188,40.5781123],[118.4178064,40.5787069],[118.4200602,40.5791358],[118.4223584,40.5793948],[118.424679,40.5794814]]]},"properties":{"name":"头道沟梁尖858","peak_elev":858,"radius_m":2000,"layer":"ATS峰值响应半径","rank_pct":0.4131,"center_lon":118.424679,"center_lat":40.561495,"max_mean_jut":109.5754,"max_ats":70.282,"r_jmean_peak":1625,"r_ats_peak":2000,"r_ats_marginal":187.5,"ats_marginal_rate_max":0.07859636790537493,"ats_marginal_interval_start":125.0,"ats_marginal_interval_end":250.0,"is_expanded":false}},{"type":"Feature","geometry":{"type":"Polygon","coordinates":[[[119.754905,40.3172634],[119.7572166,40.3171768],[119.7595059,40.3169178],[119.7617509,40.3164889],[119.7639299,40.3158943],[119.7660221,40.3151396],[119.7680072,40.3142322],[119.7698661,40.3131807],[119.7715809,40.3119953],[119.7731351,40.3106875],[119.7745138,40.3092697],[119.7757036,40.3077557],[119.7766931,40.3061601],[119.7774728,40.3044982],[119.7780352,40.302786],[119.7783747,40.30104],[119.7784883,40.299277],[119.7783747,40.297514],[119.7780352,40.295768],[119.7774728,40.2940558],[119.7766931,40.2923939],[119.7757036,40.2907983],[119.7745138,40.2892843],[119.7731351,40.2878665],[119.7715809,40.2865587],[119.7698661,40.2853733],[119.7680072,40.2843218],[119.7660221,40.2834144],[119.7639299,40.2826597],[119.7617509,40.2820651],[119.7595059,40.2816362],[119.7572166,40.2813772],[119.754905,40.2812906],[119.7525934,40.2813772],[119.7503041,40.2816362],[119.7480591,40.2820651],[119.7458801,40.2826597],[119.7437879,40.2834144],[119.7418028,40.2843218],[119.7399439,40.2853733],[119.7382291,40.2865587],[119.7366749,40.2878665],[119.7352962,40.2892843],[119.7341064,40.2907983],[119.7331169,40.2923939],[119.7323372,40.2940558],[119.7317748,40.295768],[119.7314353,40.297514],[119.7313217,40.299277],[119.7314353,40.30104],[119.7317748,40.302786],[119.7323372,40.3044982],[119.7331169,40.3061601],[119.7341064,40.3077557],[119.7352962,40.3092697],[119.7366749,40.3106875],[119.7382291,40.3119953],[119.7399439,40.3131807],[119.7418028,40.3142322],[119.7437879,40.3151396],[119.7458801,40.3158943],[119.7480591,40.3164889],[119.7503041,40.3169178],[119.7525934,40.3171768],[119.754905,40.3172634]]]},"properties":{"name":"平顶山925","peak_elev":922,"radius_m":2000,"layer":"ATS峰值响应半径","rank_pct":0.4131,"center_lon":119.754905,"center_lat":40.299277,"max_mean_jut":109.4591,"max_ats":63.7164,"r_jmean_peak":1625,"r_ats_peak":2000,"r_ats_marginal":187.5,"ats_marginal_rate_max":0.15434525343619845,"ats_marginal_interval_start":125.0,"ats_marginal_interval_end":250.0,"is_expanded":false}},{"type":"Feature","geometry":{"type":"Polygon","coordinates":[[[118.343022,40.6910524],[118.3453465,40.6909658],[118.3476486,40.6907068],[118.3499061,40.6902779],[118.3520973,40.6896833],[118.3542012,40.6889286],[118.3561974,40.6880212],[118.3580666,40.6869697],[118.359791,40.6857843],[118.361354,40.6844765],[118.3627403,40.6830587],[118.3639368,40.6815447],[118.3649318,40.6799491],[118.3657159,40.6782872],[118.3662813,40.676575],[118.3666228,40.674829],[118.366737,40.673066],[118.3666228,40.671303],[118.3662813,40.669557],[118.3657159,40.6678448],[118.3649318,40.6661829],[118.3639368,40.6645873],[118.3627403,40.6630733],[118.361354,40.6616555],[118.359791,40.6603477],[118.3580666,40.6591623],[118.3561974,40.6581108],[118.3542012,40.6572034],[118.3520973,40.6564487],[118.3499061,40.6558541],[118.3476486,40.6554252],[118.3453465,40.6551662],[118.343022,40.6550796],[118.3406975,40.6551662],[118.3383954,40.6554252],[118.3361379,40.6558541],[118.3339467,40.6564487],[118.3318428,40.6572034],[118.3298466,40.6581108],[118.3279774,40.6591623],[118.326253,40.6603477],[118.32469,40.6616555],[118.3233037,40.6630733],[118.3221072,40.6645873],[118.3211122,40.6661829],[118.3203281,40.6678448],[118.3197627,40.669557],[118.3194212,40.671303],[118.319307,40.673066],[118.3194212,40.674829],[118.3197627,40.676575],[118.3203281,40.6782872],[118.3211122,40.6799491],[118.3221072,40.6815447],[118.3233037,40.6830587],[118.32469,40.6844765],[118.326253,40.6857843],[118.3279774,40.6869697],[118.3298466,40.6880212],[118.3318428,40.6889286],[118.3339467,40.6896833],[118.3361379,40.6902779],[118.3383954,40.6907068],[118.3406975,40.6909658],[118.343022,40.6910524]]]},"properties":{"name":"牛盘山1136","peak_elev":1242,"radius_m":2000,"layer":"ATS峰值响应半径","rank_pct":0.4131,"center_lon":118.343022,"center_lat":40.673066,"max_mean_jut":120.6568,"max_ats":68.7624,"r_jmean_peak":2000,"r_ats_peak":2000,"r_ats_marginal":437.5,"ats_marginal_rate_max":0.09346565325918064,"ats_marginal_interval_start":375.0,"ats_marginal_interval_end":500.0,"is_expanded":false}},{"type":"Feature","geometry":{"type":"Polygon","coordinates":[[[119.570975,40.3574184],[119.5732879,40.3573318],[119.5755786,40.3570728],[119.5778249,40.3566439],[119.5800053,40.3560493],[119.5820987,40.3552946],[119.584085,40.3543872],[119.585945,40.3533357],[119.5876608,40.3521503],[119.589216,40.3508425],[119.5905955,40.3494247],[119.591786,40.3479107],[119.5927761,40.3463151],[119.5935562,40.3446532],[119.5941189,40.342941],[119.5944587,40.341195],[119.5945723,40.339432],[119.5944587,40.337669],[119.5941189,40.335923],[119.5935562,40.3342108],[119.5927761,40.3325489],[119.591786,40.3309533],[119.5905955,40.3294393],[119.589216,40.3280215],[119.5876608,40.3267137],[119.585945,40.3255283],[119.584085,40.3244768],[119.5820987,40.3235694],[119.5800053,40.3228147],[119.5778249,40.3222201],[119.5755786,40.3217912],[119.5732879,40.3215322],[119.570975,40.3214456],[119.5686621,40.3215322],[119.5663714,40.3217912],[119.5641251,40.3222201],[119.5619447,40.3228147],[119.5598513,40.3235694],[119.557865,40.3244768],[119.556005,40.3255283],[119.5542892,40.3267137],[119.552734,40.3280215],[119.5513545,40.3294393],[119.550164,40.3309533],[119.5491739,40.3325489],[119.5483938,40.3342108],[119.5478311,40.335923],[119.5474913,40.337669],[119.5473777,40.339432],[119.5474913,40.341195],[119.5478311,40.342941],[119.5483938,40.3446532],[119.5491739,40.3463151],[119.550164,40.3479107],[119.5513545,40.3494247],[119.552734,40.3508425],[119.5542892,40.3521503],[119.556005,40.3533357],[119.557865,40.3543872],[119.5598513,40.3552946],[119.5619447,40.3560493],[119.5641251,40.3566439],[119.5663714,40.3570728],[119.5686621,40.3573318],[119.570975,40.3574184]]]},"properties":{"name":"秃老顶1100.9","peak_elev":1099,"radius_m":2000,"layer":"ATS峰值响应半径","rank_pct":0.4131,"center_lon":119.570975,"center_lat":40.339432,"max_mean_jut":105.1137,"max_ats":65.737,"r_jmean_peak":2000,"r_ats_peak":2000,"r_ats_marginal":437.5,"ats_marginal_rate_max":0.0756760798401306,"ats_marginal_interval_start":375.0,"ats_marginal_interval_end":500.0,"is_expanded":false}},{"type":"Feature","geometry":{"type":"Polygon","coordinates":[[[118.200999,40.8576004],[118.2033293,40.8575138],[118.2056372,40.8572548],[118.2079004,40.8568259],[118.2100971,40.8562313],[118.2122062,40.8554766],[118.2142074,40.8545692],[118.2160814,40.8535177],[118.2178101,40.8523323],[118.2193769,40.8510245],[118.2207668,40.8496067],[118.2219662,40.8480927],[118.2229638,40.8464971],[118.2237498,40.8448352],[118.2243167,40.843123],[118.224659,40.841377],[118.2247735,40.839614],[118.224659,40.837851],[118.2243167,40.836105],[118.2237498,40.8343928],[118.2229638,40.8327309],[118.2219662,40.8311353],[118.2207668,40.8296213],[118.2193769,40.8282035],[118.2178101,40.8268957],[118.2160814,40.8257103],[118.2142074,40.8246588],[118.2122062,40.8237514],[118.2100971,40.8229967],[118.2079004,40.8224021],[118.2056372,40.8219732],[118.2033293,40.8217142],[118.200999,40.8216276],[118.1986687,40.8217142],[118.1963608,40.8219732],[118.1940976,40.8224021],[118.1919009,40.8229967],[118.1897918,40.8237514],[118.1877906,40.8246588],[118.1859166,40.8257103],[118.1841879,40.8268957],[118.1826211,40.8282035],[118.1812312,40.8296213],[118.1800318,40.8311353],[118.1790342,40.8327309],[118.1782482,40.8343928],[118.1776813,40.836105],[118.177339,40.837851],[118.1772245,40.839614],[118.177339,40.841377],[118.1776813,40.843123],[118.1782482,40.8448352],[118.1790342,40.8464971],[118.1800318,40.8480927],[118.1812312,40.8496067],[118.1826211,40.8510245],[118.1841879,40.8523323],[118.1859166,40.8535177],[118.1877906,40.8545692],[118.1897918,40.8554766],[118.1919009,40.8562313],[118.1940976,40.8568259],[118.1963608,40.8572548],[118.1986687,40.8575138],[118.200999,40.8576004]]]},"properties":{"name":"笔架山1022.3","peak_elev":1012,"radius_m":2000,"layer":"ATS峰值响应半径","rank_pct":0.4131,"center_lon":118.200999,"center_lat":40.839614,"max_mean_jut":183.758,"max_ats":122.4336,"r_jmean_peak":1500,"r_ats_peak":2000,"r_ats_marginal":187.5,"ats_marginal_rate_max":0.1542744157603684,"ats_marginal_interval_start":125.0,"ats_marginal_interval_end":250.0,"is_expanded":false}},{"type":"Feature","geometry":{"type":"Polygon","coordinates":[[[118.755619,40.3002854],[118.75793,40.3001988],[118.7602187,40.2999398],[118.7624632,40.2995109],[118.7646417,40.2989163],[118.7667333,40.2981616],[118.7687179,40.2972542],[118.7705763,40.2962027],[118.7722907,40.2950173],[118.7738446,40.2937095],[118.7752229,40.2922917],[118.7764124,40.2907777],[118.7774017,40.2891821],[118.7781811,40.2875202],[118.7787433,40.285808],[118.7790828,40.284062],[118.7791964,40.282299],[118.7790828,40.280536],[118.7787433,40.27879],[118.7781811,40.2770778],[118.7774017,40.2754159],[118.7764124,40.2738203],[118.7752229,40.2723063],[118.7738446,40.2708885],[118.7722907,40.2695807],[118.7705763,40.2683953],[118.7687179,40.2673438],[118.7667333,40.2664364],[118.7646417,40.2656817],[118.7624632,40.2650871],[118.7602187,40.2646582],[118.75793,40.2643992],[118.755619,40.2643126],[118.753308,40.2643992],[118.7510193,40.2646582],[118.7487748,40.2650871],[118.7465963,40.2656817],[118.7445047,40.2664364],[118.7425201,40.2673438],[118.7406617,40.2683953],[118.7389473,40.2695807],[118.7373934,40.2708885],[118.7360151,40.2723063],[118.7348256,40.2738203],[118.7338363,40.2754159],[118.7330569,40.2770778],[118.7324947,40.27879],[118.7321552,40.280536],[118.7320416,40.282299],[118.7321552,40.284062],[118.7324947,40.285808],[118.7330569,40.2875202],[118.7338363,40.2891821],[118.7348256,40.2907777],[118.7360151,40.2922917],[118.7373934,40.2937095],[118.7389473,40.2950173],[118.7406617,40.2962027],[118.7425201,40.2972542],[118.7445047,40.2981616],[118.7465963,40.2989163],[118.7487748,40.2995109],[118.7510193,40.2999398],[118.753308,40.3001988],[118.755619,40.3002854]]]},"properties":{"name":"锥子山北帽/马山雨854","peak_elev":853,"radius_m":2000,"layer":"ATS峰值响应半径","rank_pct":0.4131,"center_lon":118.755619,"center_lat":40.282299,"max_mean_jut":110.6043,"max_ats":63.9328,"r_jmean_peak":1125,"r_ats_peak":2000,"r_ats_marginal":187.5,"ats_marginal_rate_max":0.12502565233939852,"ats_marginal_interval_start":125.0,"ats_marginal_interval_end":250.0,"is_expanded":false}},{"type":"Feature","geometry":{"type":"Polygon","coordinates":[[[118.155993,40.6662133],[118.1581714,40.6661321],[118.1603289,40.6658893],[118.1624446,40.6654872],[118.1644981,40.6649297],[118.1664698,40.6642222],[118.1683405,40.6633715],[118.1700923,40.6623857],[118.1717084,40.6612744],[118.1731731,40.6600483],[118.1744723,40.6587192],[118.1755936,40.6572998],[118.1765261,40.6558039],[118.1772609,40.6542459],[118.1777909,40.6526407],[118.1781109,40.6510038],[118.1782179,40.649351],[118.1781109,40.6476982],[118.1777909,40.6460613],[118.1772609,40.6444561],[118.1765261,40.6428981],[118.1755936,40.6414022],[118.1744723,40.6399828],[118.1731731,40.6386537],[118.1717084,40.6374276],[118.1700923,40.6363163],[118.1683405,40.6353305],[118.1664698,40.6344798],[118.1644981,40.6337723],[118.1624446,40.6332148],[118.1603289,40.6328127],[118.1581714,40.6325699],[118.155993,40.6324887],[118.1538146,40.6325699],[118.1516571,40.6328127],[118.1495414,40.6332148],[118.1474879,40.6337723],[118.1455162,40.6344798],[118.1436455,40.6353305],[118.1418937,40.6363163],[118.1402776,40.6374276],[118.1388129,40.6386537],[118.1375137,40.6399828],[118.1363924,40.6414022],[118.1354599,40.6428981],[118.1347251,40.6444561],[118.1341951,40.6460613],[118.1338751,40.6476982],[118.1337681,40.649351],[118.1338751,40.6510038],[118.1341951,40.6526407],[118.1347251,40.6542459],[118.1354599,40.6558039],[118.1363924,40.6572998],[118.1375137,40.6587192],[118.1388129,40.6600483],[118.1402776,40.6612744],[118.1418937,40.6623857],[118.1436455,40.6633715],[118.1455162,40.6642222],[118.1474879,40.6649297],[118.1495414,40.6654872],[118.1516571,40.6658893],[118.1538146,40.6661321],[118.155993,40.6662133]]]},"properties":{"name":"784无名峰","peak_elev":784,"radius_m":1875,"layer":"ATS峰值响应半径","rank_pct":0.4633,"center_lon":118.155993,"center_lat":40.649351,"max_mean_jut":117.537,"max_ats":74.1857,"r_jmean_peak":1500,"r_ats_peak":1875,"r_ats_marginal":187.5,"ats_marginal_rate_max":0.14486445772504342,"ats_marginal_interval_start":125.0,"ats_marginal_interval_end":250.0,"is_expanded":false}},{"type":"Feature","geometry":{"type":"Polygon","coordinates":[[[118.158419,40.6376463],[118.1605965,40.6375651],[118.162753,40.6373223],[118.1648678,40.6369202],[118.1669205,40.6363627],[118.1688913,40.6356552],[118.1707612,40.6348045],[118.1725123,40.6338187],[118.1741277,40.6327074],[118.1755917,40.6314813],[118.1768904,40.6301522],[118.1780112,40.6287328],[118.1789434,40.6272369],[118.1796778,40.6256789],[118.1802075,40.6240737],[118.1805274,40.6224368],[118.1806344,40.620784],[118.1805274,40.6191312],[118.1802075,40.6174943],[118.1796778,40.6158891],[118.1789434,40.6143311],[118.1780112,40.6128352],[118.1768904,40.6114158],[118.1755917,40.6100867],[118.1741277,40.6088606],[118.1725123,40.6077493],[118.1707612,40.6067635],[118.1688913,40.6059128],[118.1669205,40.6052053],[118.1648678,40.6046478],[118.162753,40.6042457],[118.1605965,40.6040029],[118.158419,40.6039217],[118.1562415,40.6040029],[118.154085,40.6042457],[118.1519702,40.6046478],[118.1499175,40.6052053],[118.1479467,40.6059128],[118.1460768,40.6067635],[118.1443257,40.6077493],[118.1427103,40.6088606],[118.1412463,40.6100867],[118.1399476,40.6114158],[118.1388268,40.6128352],[118.1378946,40.6143311],[118.1371602,40.6158891],[118.1366305,40.6174943],[118.1363106,40.6191312],[118.1362036,40.620784],[118.1363106,40.6224368],[118.1366305,40.6240737],[118.1371602,40.6256789],[118.1378946,40.6272369],[118.1388268,40.6287328],[118.1399476,40.6301522],[118.1412463,40.6314813],[118.1427103,40.6327074],[118.1443257,40.6338187],[118.1460768,40.6348045],[118.1479467,40.6356552],[118.1499175,40.6363627],[118.1519702,40.6369202],[118.154085,40.6373223],[118.1562415,40.6375651],[118.158419,40.6376463]]]},"properties":{"name":"900无名峰","peak_elev":900,"radius_m":1875,"layer":"ATS峰值响应半径","rank_pct":0.4633,"center_lon":118.158419,"center_lat":40.620784,"max_mean_jut":198.4032,"max_ats":131.4249,"r_jmean_peak":1375,"r_ats_peak":1875,"r_ats_marginal":187.5,"ats_marginal_rate_max":0.1949384379189766,"ats_marginal_interval_start":125.0,"ats_marginal_interval_end":250.0,"is_expanded":false}},{"type":"Feature","geometry":{"type":"Polygon","coordinates":[[[118.4618683,40.5479043],[118.4640429,40.5478231],[118.4661965,40.5475803],[118.4683084,40.5471782],[118.4703584,40.5466207],[118.4723265,40.5459132],[118.474194,40.5450625],[118.4759427,40.5440767],[118.4775559,40.5429654],[118.479018,40.5417393],[118.480315,40.5404102],[118.4814343,40.5389908],[118.4823651,40.5374949],[118.4830986,40.5359369],[118.4836276,40.5343317],[118.4839471,40.5326948],[118.4840539,40.531042],[118.4839471,40.5293892],[118.4836276,40.5277523],[118.4830986,40.5261471],[118.4823651,40.5245891],[118.4814343,40.5230932],[118.480315,40.5216738],[118.479018,40.5203447],[118.4775559,40.5191186],[118.4759427,40.5180073],[118.474194,40.5170215],[118.4723265,40.5161708],[118.4703584,40.5154633],[118.4683084,40.5149058],[118.4661965,40.5145037],[118.4640429,40.5142609],[118.4618683,40.5141797],[118.4596937,40.5142609],[118.4575401,40.5145037],[118.4554281,40.5149058],[118.4533782,40.5154633],[118.4514101,40.5161708],[118.4495426,40.5170215],[118.4477939,40.5180073],[118.4461807,40.5191186],[118.4447186,40.5203447],[118.4434216,40.5216738],[118.4423023,40.5230932],[118.4413714,40.5245891],[118.440638,40.5261471],[118.4401089,40.5277523],[118.4397895,40.5293892],[118.4396827,40.531042],[118.4397895,40.5326948],[118.4401089,40.5343317],[118.440638,40.5359369],[118.4413714,40.5374949],[118.4423023,40.5389908],[118.4434216,40.5404102],[118.4447186,40.5417393],[118.4461807,40.5429654],[118.4477939,40.5440767],[118.4495426,40.5450625],[118.4514101,40.5459132],[118.4533782,40.5466207],[118.4554281,40.5471782],[118.4575401,40.5475803],[118.4596937,40.5478231],[118.4618683,40.5479043]]]},"properties":{"name":"910无名峰","peak_elev":910,"radius_m":1875,"layer":"ATS峰值响应半径","rank_pct":0.4633,"center_lon":118.4618682861328,"center_lat":40.531042,"max_mean_jut":104.0336,"max_ats":61.3347,"r_jmean_peak":1000,"r_ats_peak":1875,"r_ats_marginal":187.5,"ats_marginal_rate_max":0.16564643609347177,"ats_marginal_interval_start":125.0,"ats_marginal_interval_end":250.0,"is_expanded":false}},{"type":"Feature","geometry":{"type":"Polygon","coordinates":[[[118.312839,40.6505827],[118.3150169,40.6505015],[118.3171739,40.6502587],[118.319289,40.6498566],[118.3213421,40.6492991],[118.3233133,40.6485916],[118.3251836,40.6477409],[118.326935,40.6467551],[118.3285507,40.6456438],[118.3300151,40.6444177],[118.331314,40.6430886],[118.332435,40.6416692],[118.3333673,40.6401733],[118.3341019,40.6386153],[118.3346318,40.6370101],[118.3349517,40.6353732],[118.3350587,40.6337204],[118.3349517,40.6320676],[118.3346318,40.6304307],[118.3341019,40.6288255],[118.3333673,40.6272675],[118.332435,40.6257716],[118.331314,40.6243522],[118.3300151,40.6230231],[118.3285507,40.621797],[118.326935,40.6206857],[118.3251836,40.6196999],[118.3233133,40.6188492],[118.3213421,40.6181417],[118.319289,40.6175842],[118.3171739,40.6171821],[118.3150169,40.6169393],[118.312839,40.6168581],[118.3106611,40.6169393],[118.3085041,40.6171821],[118.306389,40.6175842],[118.3043359,40.6181417],[118.3023647,40.6188492],[118.3004944,40.6196999],[118.298743,40.6206857],[118.2971273,40.621797],[118.2956629,40.6230231],[118.294364,40.6243522],[118.293243,40.6257716],[118.2923107,40.6272675],[118.2915761,40.6288255],[118.2910462,40.6304307],[118.2907263,40.6320676],[118.2906193,40.6337204],[118.2907263,40.6353732],[118.2910462,40.6370101],[118.2915761,40.6386153],[118.2923107,40.6401733],[118.293243,40.6416692],[118.294364,40.6430886],[118.2956629,40.6444177],[118.2971273,40.6456438],[118.298743,40.6467551],[118.3004944,40.6477409],[118.3023647,40.6485916],[118.3043359,40.6492991],[118.306389,40.6498566],[118.3085041,40.6502587],[118.3106611,40.6505015],[118.312839,40.6505827]]]},"properties":{"name":"919无名峰","peak_elev":919,"radius_m":1875,"layer":"ATS峰值响应半径","rank_pct":0.4633,"center_lon":118.312839,"center_lat":40.63372039794922,"max_mean_jut":104.7556,"max_ats":63.5449,"r_jmean_peak":1750,"r_ats_peak":1875,"r_ats_marginal":187.5,"ats_marginal_rate_max":0.09082330661726443,"ats_marginal_interval_start":125.0,"ats_marginal_interval_end":250.0,"is_expanded":false}},{"type":"Feature","geometry":{"type":"Polygon","coordinates":[[[118.174723,40.9807133],[118.1769118,40.9806321],[118.1790795,40.9803893],[118.1812052,40.9799872],[118.1832685,40.9794297],[118.1852495,40.9787222],[118.1871292,40.9778715],[118.1888893,40.9768857],[118.190513,40.9757744],[118.1919847,40.9745483],[118.1932901,40.9732192],[118.1944167,40.9717998],[118.1953537,40.9703039],[118.196092,40.9687459],[118.1966244,40.9671407],[118.196946,40.9655038],[118.1970535,40.963851],[118.196946,40.9621982],[118.1966244,40.9605613],[118.196092,40.9589561],[118.1953537,40.9573981],[118.1944167,40.9559022],[118.1932901,40.9544828],[118.1919847,40.9531537],[118.190513,40.9519276],[118.1888893,40.9508163],[118.1871292,40.9498305],[118.1852495,40.9489798],[118.1832685,40.9482723],[118.1812052,40.9477148],[118.1790795,40.9473127],[118.1769118,40.9470699],[118.174723,40.9469887],[118.1725342,40.9470699],[118.1703665,40.9473127],[118.1682408,40.9477148],[118.1661775,40.9482723],[118.1641965,40.9489798],[118.1623168,40.9498305],[118.1605567,40.9508163],[118.158933,40.9519276],[118.1574613,40.9531537],[118.1561559,40.9544828],[118.1550293,40.9559022],[118.1540923,40.9573981],[118.153354,40.9589561],[118.1528216,40.9605613],[118.1525,40.9621982],[118.1523925,40.963851],[118.1525,40.9655038],[118.1528216,40.9671407],[118.153354,40.9687459],[118.1540923,40.9703039],[118.1550293,40.9717998],[118.1561559,40.9732192],[118.1574613,40.9745483],[118.158933,40.9757744],[118.1605567,40.9768857],[118.1623168,40.9778715],[118.1641965,40.9787222],[118.1661775,40.9794297],[118.1682408,40.9799872],[118.1703665,40.9803893],[118.1725342,40.9806321],[118.174723,40.9807133]]]},"properties":{"name":"976无名峰(1)","peak_elev":976,"radius_m":1875,"layer":"ATS峰值响应半径","rank_pct":0.4633,"center_lon":118.174723,"center_lat":40.963851,"max_mean_jut":128.1157,"max_ats":86.0655,"r_jmean_peak":1125,"r_ats_peak":1875,"r_ats_marginal":187.5,"ats_marginal_rate_max":0.19850533514756705,"ats_marginal_interval_start":125.0,"ats_marginal_interval_end":250.0,"is_expanded":false}},{"type":"Feature","geometry":{"type":"Polygon","coordinates":[[[119.970231,40.2883813],[119.9723972,40.2883001],[119.9745425,40.2880573],[119.9766464,40.2876552],[119.9786884,40.2870977],[119.980649,40.2863902],[119.9825093,40.2855395],[119.9842513,40.2845537],[119.9858583,40.2834424],[119.9873147,40.2822163],[119.9886067,40.2808872],[119.9897217,40.2794678],[119.990649,40.2779719],[119.9913796,40.2764139],[119.9919066,40.2748087],[119.9922249,40.2731718],[119.9923313,40.271519],[119.9922249,40.2698662],[119.9919066,40.2682293],[119.9913796,40.2666241],[119.990649,40.2650661],[119.9897217,40.2635702],[119.9886067,40.2621508],[119.9873147,40.2608217],[119.9858583,40.2595956],[119.9842513,40.2584843],[119.9825093,40.2574985],[119.980649,40.2566478],[119.9786884,40.2559403],[119.9766464,40.2553828],[119.9745425,40.2549807],[119.9723972,40.2547379],[119.970231,40.2546567],[119.9680648,40.2547379],[119.9659195,40.2549807],[119.9638156,40.2553828],[119.9617736,40.2559403],[119.959813,40.2566478],[119.9579527,40.2574985],[119.9562107,40.2584843],[119.9546037,40.2595956],[119.9531473,40.2608217],[119.9518553,40.2621508],[119.9507403,40.2635702],[119.949813,40.2650661],[119.9490824,40.2666241],[119.9485554,40.2682293],[119.9482371,40.2698662],[119.9481307,40.271519],[119.9482371,40.2731718],[119.9485554,40.2748087],[119.9490824,40.2764139],[119.949813,40.2779719],[119.9507403,40.2794678],[119.9518553,40.2808872],[119.9531473,40.2822163],[119.9546037,40.2834424],[119.9562107,40.2845537],[119.9579527,40.2855395],[119.959813,40.2863902],[119.9617736,40.2870977],[119.9638156,40.2876552],[119.9659195,40.2880573],[119.9680648,40.2883001],[119.970231,40.2883813]]]},"properties":{"name":"三山710","peak_elev":705,"radius_m":1875,"layer":"ATS峰值响应半径","rank_pct":0.4633,"center_lon":119.970231,"center_lat":40.271519,"max_mean_jut":173.868,"max_ats":127.9794,"r_jmean_peak":1500,"r_ats_peak":1875,"r_ats_marginal":187.5,"ats_marginal_rate_max":0.1432309533992494,"ats_marginal_interval_start":125.0,"ats_marginal_interval_end":250.0,"is_expanded":false}},{"type":"Feature","geometry":{"type":"Polygon","coordinates":[[[118.217168,40.7330473],[118.2193486,40.7329661],[118.2215082,40.7327233],[118.223626,40.7323212],[118.2256816,40.7317637],[118.2276553,40.7310562],[118.2295279,40.7302055],[118.2312815,40.7292197],[118.2328992,40.7281084],[118.2343653,40.7268823],[118.2356659,40.7255532],[118.2367883,40.7241338],[118.2377217,40.7226379],[118.2384573,40.7210799],[118.2389877,40.7194747],[118.2393081,40.7178378],[118.2394152,40.716185],[118.2393081,40.7145322],[118.2389877,40.7128953],[118.2384573,40.7112901],[118.2377217,40.7097321],[118.2367883,40.7082362],[118.2356659,40.7068168],[118.2343653,40.7054877],[118.2328992,40.7042616],[118.2312815,40.7031503],[118.2295279,40.7021645],[118.2276553,40.7013138],[118.2256816,40.7006063],[118.223626,40.7000488],[118.2215082,40.6996467],[118.2193486,40.6994039],[118.217168,40.6993227],[118.2149874,40.6994039],[118.2128278,40.6996467],[118.21071,40.7000488],[118.2086544,40.7006063],[118.2066807,40.7013138],[118.2048081,40.7021645],[118.2030545,40.7031503],[118.2014368,40.7042616],[118.1999707,40.7054877],[118.1986701,40.7068168],[118.1975477,40.7082362],[118.1966143,40.7097321],[118.1958787,40.7112901],[118.1953483,40.7128953],[118.1950279,40.7145322],[118.1949208,40.716185],[118.1950279,40.7178378],[118.1953483,40.7194747],[118.1958787,40.7210799],[118.1966143,40.7226379],[118.1975477,40.7241338],[118.1986701,40.7255532],[118.1999707,40.7268823],[118.2014368,40.7281084],[118.2030545,40.7292197],[118.2048081,40.7302055],[118.2066807,40.7310562],[118.2086544,40.7317637],[118.21071,40.7323212],[118.2128278,40.7327233],[118.2149874,40.7329661],[118.217168,40.7330473]]]},"properties":{"name":"北砬子山东峰1204","peak_elev":1204,"radius_m":1875,"layer":"ATS峰值响应半径","rank_pct":0.4633,"center_lon":118.217168,"center_lat":40.716185,"max_mean_jut":181.297,"max_ats":111.8336,"r_jmean_peak":1125,"r_ats_peak":1875,"r_ats_marginal":187.5,"ats_marginal_rate_max":0.28528616427758596,"ats_marginal_interval_start":125.0,"ats_marginal_interval_end":250.0,"is_expanded":false}},{"type":"Feature","geometry":{"type":"Polygon","coordinates":[[[118.784185,40.9154953],[118.7863716,40.9154141],[118.7885372,40.9151713],[118.7906608,40.9147692],[118.7927221,40.9142117],[118.7947011,40.9135042],[118.7965789,40.9126535],[118.7983373,40.9116677],[118.7999595,40.9105564],[118.8014297,40.9093303],[118.8027338,40.9080012],[118.8038593,40.9065818],[118.8047953,40.9050859],[118.8055329,40.9035279],[118.8060648,40.9019227],[118.806386,40.9002858],[118.8064935,40.898633],[118.806386,40.8969802],[118.8060648,40.8953433],[118.8055329,40.8937381],[118.8047953,40.8921801],[118.8038593,40.8906842],[118.8027338,40.8892648],[118.8014297,40.8879357],[118.7999595,40.8867096],[118.7983373,40.8855983],[118.7965789,40.8846125],[118.7947011,40.8837618],[118.7927221,40.8830543],[118.7906608,40.8824968],[118.7885372,40.8820947],[118.7863716,40.8818519],[118.784185,40.8817707],[118.7819984,40.8818519],[118.7798328,40.8820947],[118.7777092,40.8824968],[118.7756479,40.8830543],[118.7736689,40.8837618],[118.7717911,40.8846125],[118.7700327,40.8855983],[118.7684105,40.8867096],[118.7669403,40.8879357],[118.7656362,40.8892648],[118.7645107,40.8906842],[118.7635747,40.8921801],[118.7628371,40.8937381],[118.7623052,40.8953433],[118.761984,40.8969802],[118.7618765,40.898633],[118.761984,40.9002858],[118.7623052,40.9019227],[118.7628371,40.9035279],[118.7635747,40.9050859],[118.7645107,40.9065818],[118.7656362,40.9080012],[118.7669403,40.9093303],[118.7684105,40.9105564],[118.7700327,40.9116677],[118.7717911,40.9126535],[118.7736689,40.9135042],[118.7756479,40.9142117],[118.7777092,40.9147692],[118.7798328,40.9151713],[118.7819984,40.9154141],[118.784185,40.9154953]]]},"properties":{"name":"双山尖1201.4","peak_elev":1205,"radius_m":1875,"layer":"ATS峰值响应半径","rank_pct":0.4633,"center_lon":118.784185,"center_lat":40.898633,"max_mean_jut":112.2301,"max_ats":71.9397,"r_jmean_peak":1750,"r_ats_peak":1875,"r_ats_marginal":187.5,"ats_marginal_rate_max":0.0747854772513704,"ats_marginal_interval_start":125.0,"ats_marginal_interval_end":250.0,"is_expanded":false}},{"type":"Feature","geometry":{"type":"Polygon","coordinates":[[[119.718253,40.0894943],[119.7204129,40.0894131],[119.7225519,40.0891703],[119.7246496,40.0887682],[119.7266857,40.0882107],[119.7286405,40.0875032],[119.7304953,40.0866525],[119.7322322,40.0856667],[119.7338345,40.0845554],[119.7352867,40.0833293],[119.7365749,40.0820002],[119.7376867,40.0805808],[119.7386112,40.0790849],[119.7393398,40.0775269],[119.7398652,40.0759217],[119.7401825,40.0742848],[119.7402886,40.072632],[119.7401825,40.0709792],[119.7398652,40.0693423],[119.7393398,40.0677371],[119.7386112,40.0661791],[119.7376867,40.0646832],[119.7365749,40.0632638],[119.7352867,40.0619347],[119.7338345,40.0607086],[119.7322322,40.0595973],[119.7304953,40.0586115],[119.7286405,40.0577608],[119.7266857,40.0570533],[119.7246496,40.0564958],[119.7225519,40.0560937],[119.7204129,40.0558509],[119.718253,40.0557697],[119.7160931,40.0558509],[119.7139541,40.0560937],[119.7118564,40.0564958],[119.7098203,40.0570533],[119.7078655,40.0577608],[119.7060107,40.0586115],[119.7042738,40.0595973],[119.7026715,40.0607086],[119.7012193,40.0619347],[119.6999311,40.0632638],[119.6988193,40.0646832],[119.6978948,40.0661791],[119.6971662,40.0677371],[119.6966408,40.0693423],[119.6963235,40.0709792],[119.6962174,40.072632],[119.6963235,40.0742848],[119.6966408,40.0759217],[119.6971662,40.0775269],[119.6978948,40.0790849],[119.6988193,40.0805808],[119.6999311,40.0820002],[119.7012193,40.0833293],[119.7026715,40.0845554],[119.7042738,40.0856667],[119.7060107,40.0866525],[119.7078655,40.0875032],[119.7098203,40.0882107],[119.7118564,40.0887682],[119.7139541,40.0891703],[119.7160931,40.0894131],[119.718253,40.0894943]]]},"properties":{"name":"大流子山776","peak_elev":776,"radius_m":1875,"layer":"ATS峰值响应半径","rank_pct":0.4633,"center_lon":119.718253,"center_lat":40.072632,"max_mean_jut":112.7077,"max_ats":60.5259,"r_jmean_peak":1875,"r_ats_peak":1875,"r_ats_marginal":687.5,"ats_marginal_rate_max":0.051947622176923516,"ats_marginal_interval_start":625.0,"ats_marginal_interval_end":750.0,"is_expanded":false}},{"type":"Feature","geometry":{"type":"Polygon","coordinates":[[[120.040299,41.1783873],[120.0424944,41.1783061],[120.0446686,41.1780633],[120.0468007,41.1776612],[120.0488702,41.1771037],[120.0508572,41.1763962],[120.0527425,41.1755455],[120.054508,41.1745597],[120.0561366,41.1734484],[120.0576127,41.1722223],[120.058922,41.1708932],[120.060052,41.1694738],[120.0609918,41.1679779],[120.0617323,41.1664199],[120.0622664,41.1648147],[120.0625889,41.1631778],[120.0626967,41.161525],[120.0625889,41.1598722],[120.0622664,41.1582353],[120.0617323,41.1566301],[120.0609918,41.1550721],[120.060052,41.1535762],[120.058922,41.1521568],[120.0576127,41.1508277],[120.0561366,41.1496016],[120.054508,41.1484903],[120.0527425,41.1475045],[120.0508572,41.1466538],[120.0488702,41.1459463],[120.0468007,41.1453888],[120.0446686,41.1449867],[120.0424944,41.1447439],[120.040299,41.1446627],[120.0381036,41.1447439],[120.0359294,41.1449867],[120.0337973,41.1453888],[120.0317278,41.1459463],[120.0297408,41.1466538],[120.0278555,41.1475045],[120.02609,41.1484903],[120.0244614,41.1496016],[120.0229853,41.1508277],[120.021676,41.1521568],[120.020546,41.1535762],[120.0196062,41.1550721],[120.0188657,41.1566301],[120.0183316,41.1582353],[120.0180091,41.1598722],[120.0179013,41.161525],[120.0180091,41.1631778],[120.0183316,41.1648147],[120.0188657,41.1664199],[120.0196062,41.1679779],[120.020546,41.1694738],[120.021676,41.1708932],[120.0229853,41.1722223],[120.0244614,41.1734484],[120.02609,41.1745597],[120.0278555,41.1755455],[120.0297408,41.1763962],[120.0317278,41.1771037],[120.0337973,41.1776612],[120.0359294,41.1780633],[120.0381036,41.1783061],[120.040299,41.1783873]]]},"properties":{"name":"大铁山1022","peak_elev":1022,"radius_m":1875,"layer":"ATS峰值响应半径","rank_pct":0.4633,"center_lon":120.040299,"center_lat":41.161525,"max_mean_jut":85.7577,"max_ats":54.9461,"r_jmean_peak":1875,"r_ats_peak":1875,"r_ats_marginal":437.5,"ats_marginal_rate_max":0.06081282943045486,"ats_marginal_interval_start":375.0,"ats_marginal_interval_end":500.0,"is_expanded":false}},{"type":"Feature","geometry":{"type":"Polygon","coordinates":[[[118.291549,40.8430013],[118.2937332,40.8429201],[118.2958964,40.8426773],[118.2980177,40.8422752],[118.3000767,40.8417177],[118.3020536,40.8410102],[118.3039294,40.8401595],[118.3056859,40.8391737],[118.3073062,40.8380624],[118.3087748,40.8368363],[118.3100775,40.8355072],[118.3112018,40.8340878],[118.3121368,40.8325919],[118.3128735,40.8310339],[118.3134049,40.8294287],[118.3137258,40.8277918],[118.3138331,40.826139],[118.3137258,40.8244862],[118.3134049,40.8228493],[118.3128735,40.8212441],[118.3121368,40.8196861],[118.3112018,40.8181902],[118.3100775,40.8167708],[118.3087748,40.8154417],[118.3073062,40.8142156],[118.3056859,40.8131043],[118.3039294,40.8121185],[118.3020536,40.8112678],[118.3000767,40.8105603],[118.2980177,40.8100028],[118.2958964,40.8096007],[118.2937332,40.8093579],[118.291549,40.8092767],[118.2893648,40.8093579],[118.2872016,40.8096007],[118.2850803,40.8100028],[118.2830213,40.8105603],[118.2810444,40.8112678],[118.2791686,40.8121185],[118.2774121,40.8131043],[118.2757918,40.8142156],[118.2743232,40.8154417],[118.2730205,40.8167708],[118.2718962,40.8181902],[118.2709612,40.8196861],[118.2702245,40.8212441],[118.2696931,40.8228493],[118.2693722,40.8244862],[118.2692649,40.826139],[118.2693722,40.8277918],[118.2696931,40.8294287],[118.2702245,40.8310339],[118.2709612,40.8325919],[118.2718962,40.8340878],[118.2730205,40.8355072],[118.2743232,40.8368363],[118.2757918,40.8380624],[118.2774121,40.8391737],[118.2791686,40.8401595],[118.2810444,40.8410102],[118.2830213,40.8417177],[118.2850803,40.8422752],[118.2872016,40.8426773],[118.2893648,40.8429201],[118.291549,40.8430013]]]},"properties":{"name":"盘龙山1140","peak_elev":1143,"radius_m":1875,"layer":"ATS峰值响应半径","rank_pct":0.4633,"center_lon":118.291549,"center_lat":40.826139,"max_mean_jut":131.4416,"max_ats":70.4603,"r_jmean_peak":1500,"r_ats_peak":1875,"r_ats_marginal":812.5,"ats_marginal_rate_max":0.07278004497782575,"ats_marginal_interval_start":750.0,"ats_marginal_interval_end":875.0,"is_expanded":false}},{"type":"Feature","geometry":{"type":"Polygon","coordinates":[[[119.099494,40.2331353],[119.1016584,40.2330541],[119.103802,40.2328113],[119.1059041,40.2324092],[119.1079445,40.2318517],[119.1099035,40.2311442],[119.1117622,40.2302935],[119.1135028,40.2293077],[119.1151085,40.2281964],[119.1165638,40.2269703],[119.1178547,40.2256412],[119.1189688,40.2242218],[119.1198953,40.2227259],[119.1206254,40.2211679],[119.1211519,40.2195627],[119.1214699,40.2179258],[119.1215762,40.216273],[119.1214699,40.2146202],[119.1211519,40.2129833],[119.1206254,40.2113781],[119.1198953,40.2098201],[119.1189688,40.2083242],[119.1178547,40.2069048],[119.1165638,40.2055757],[119.1151085,40.2043496],[119.1135028,40.2032383],[119.1117622,40.2022525],[119.1099035,40.2014018],[119.1079445,40.2006943],[119.1059041,40.2001368],[119.103802,40.1997347],[119.1016584,40.1994919],[119.099494,40.1994107],[119.0973296,40.1994919],[119.095186,40.1997347],[119.0930839,40.2001368],[119.0910435,40.2006943],[119.0890845,40.2014018],[119.0872258,40.2022525],[119.0854852,40.2032383],[119.0838795,40.2043496],[119.0824242,40.2055757],[119.0811333,40.2069048],[119.0800192,40.2083242],[119.0790927,40.2098201],[119.0783626,40.2113781],[119.0778361,40.2129833],[119.0775181,40.2146202],[119.0774118,40.216273],[119.0775181,40.2179258],[119.0778361,40.2195627],[119.0783626,40.2211679],[119.0790927,40.2227259],[119.0800192,40.2242218],[119.0811333,40.2256412],[119.0824242,40.2269703],[119.0838795,40.2281964],[119.0854852,40.2293077],[119.0872258,40.2302935],[119.0890845,40.2311442],[119.0910435,40.2318517],[119.0930839,40.2324092],[119.095186,40.2328113],[119.0973296,40.2330541],[119.099494,40.2331353]]]},"properties":{"name":"鸡冠山704","peak_elev":704,"radius_m":1875,"layer":"ATS峰值响应半径","rank_pct":0.4633,"center_lon":119.099494,"center_lat":40.216273,"max_mean_jut":125.5931,"max_ats":83.6587,"r_jmean_peak":1500,"r_ats_peak":1875,"r_ats_marginal":187.5,"ats_marginal_rate_max":0.1295543746778116,"ats_marginal_interval_start":125.0,"ats_marginal_interval_end":250.0,"is_expanded":false}},{"type":"Feature","geometry":{"type":"Polygon","coordinates":[[[118.203963,40.7297671],[118.2059982,40.7296913],[118.2080137,40.7294647],[118.2099903,40.7290894],[118.2119088,40.7285691],[118.2137508,40.7279088],[118.2154985,40.7271148],[118.2171352,40.7261947],[118.2186449,40.7251575],[118.2200133,40.7240132],[118.2212271,40.7227726],[118.2222747,40.7214479],[118.2231459,40.7200517],[118.2238323,40.7185975],[118.2243274,40.7170994],[118.2246264,40.7155716],[118.2247264,40.714029],[118.2246264,40.7124864],[118.2243274,40.7109586],[118.2238323,40.7094605],[118.2231459,40.7080063],[118.2222747,40.7066101],[118.2212271,40.7052854],[118.2200133,40.7040448],[118.2186449,40.7029005],[118.2171352,40.7018633],[118.2154985,40.7009432],[118.2137508,40.7001492],[118.2119088,40.6994889],[118.2099903,40.6989686],[118.2080137,40.6985933],[118.2059982,40.6983667],[118.203963,40.6982909],[118.2019278,40.6983667],[118.1999123,40.6985933],[118.1979357,40.6989686],[118.1960172,40.6994889],[118.1941752,40.7001492],[118.1924275,40.7009432],[118.1907908,40.7018633],[118.1892811,40.7029005],[118.1879127,40.7040448],[118.1866989,40.7052854],[118.1856513,40.7066101],[118.1847801,40.7080063],[118.1840937,40.7094605],[118.1835986,40.7109586],[118.1832996,40.7124864],[118.1831996,40.714029],[118.1832996,40.7155716],[118.1835986,40.7170994],[118.1840937,40.7185975],[118.1847801,40.7200517],[118.1856513,40.7214479],[118.1866989,40.7227726],[118.1879127,40.7240132],[118.1892811,40.7251575],[118.1907908,40.7261947],[118.1924275,40.7271148],[118.1941752,40.7279088],[118.1960172,40.7285691],[118.1979357,40.7290894],[118.1999123,40.7294647],[118.2019278,40.7296913],[118.203963,40.7297671]]]},"properties":{"name":"1146无名峰","peak_elev":1146,"radius_m":1750,"layer":"ATS峰值响应半径","rank_pct":0.5097,"center_lon":118.203963,"center_lat":40.714029,"max_mean_jut":176.1208,"max_ats":97.0895,"r_jmean_peak":1000,"r_ats_peak":1750,"r_ats_marginal":187.5,"ats_marginal_rate_max":0.22603324247396508,"ats_marginal_interval_start":125.0,"ats_marginal_interval_end":250.0,"is_expanded":false}},{"type":"Feature","geometry":{"type":"Polygon","coordinates":[[[119.843029,40.2888743],[119.8450508,40.2887985],[119.8470532,40.2885719],[119.8490168,40.2881966],[119.8509228,40.2876763],[119.8527527,40.2870159],[119.854489,40.2862219],[119.8561149,40.2853019],[119.8576148,40.2842647],[119.8589742,40.2831203],[119.8601801,40.2818798],[119.8612208,40.280555],[119.8620862,40.2791589],[119.8627682,40.2777047],[119.8632601,40.2762065],[119.8635571,40.2746787],[119.8636564,40.2731361],[119.8635571,40.2715935],[119.8632601,40.2700658],[119.8627682,40.2685676],[119.8620862,40.2671134],[119.8612208,40.2657172],[119.8601801,40.2643925],[119.8589742,40.263152],[119.8576148,40.2620076],[119.8561149,40.2609704],[119.854489,40.2600504],[119.8527527,40.2592563],[119.8509228,40.258596],[119.8490168,40.2580757],[119.8470532,40.2577004],[119.8450508,40.2574738],[119.843029,40.257398],[119.8410072,40.2574738],[119.8390048,40.2577004],[119.8370412,40.2580757],[119.8351352,40.258596],[119.8333053,40.2592563],[119.831569,40.2600504],[119.8299431,40.2609704],[119.8284432,40.2620076],[119.8270838,40.263152],[119.8258779,40.2643925],[119.8248372,40.2657172],[119.8239718,40.2671134],[119.8232898,40.2685676],[119.8227979,40.2700658],[119.8225009,40.2715935],[119.8224016,40.2731361],[119.8225009,40.2746787],[119.8227979,40.2762065],[119.8232898,40.2777047],[119.8239718,40.2791589],[119.8248372,40.280555],[119.8258779,40.2818798],[119.8270838,40.2831203],[119.8284432,40.2842647],[119.8299431,40.2853019],[119.831569,40.2862219],[119.8333053,40.2870159],[119.8351352,40.2876763],[119.8370412,40.2881966],[119.8390048,40.2885719],[119.8410072,40.2887985],[119.843029,40.2888743]]]},"properties":{"name":"685无名峰","peak_elev":685,"radius_m":1750,"layer":"ATS峰值响应半径","rank_pct":0.5097,"center_lon":119.843029,"center_lat":40.273136138916016,"max_mean_jut":80.31,"max_ats":43.5401,"r_jmean_peak":625,"r_ats_peak":1750,"r_ats_marginal":187.5,"ats_marginal_rate_max":0.10221619091704942,"ats_marginal_interval_start":125.0,"ats_marginal_interval_end":250.0,"is_expanded":false}},{"type":"Feature","geometry":{"type":"Polygon","coordinates":[[[118.290202,40.5405821],[118.2922314,40.5405063],[118.2942413,40.5402797],[118.2962123,40.5399044],[118.2981253,40.5393841],[118.2999621,40.5387238],[118.3017049,40.5379298],[118.3033369,40.5370097],[118.3048424,40.5359725],[118.3062069,40.5348282],[118.3074173,40.5335876],[118.3084619,40.5322629],[118.3093306,40.5308667],[118.3100151,40.5294125],[118.3105088,40.5279144],[118.310807,40.5263866],[118.3109067,40.524844],[118.310807,40.5233014],[118.3105088,40.5217736],[118.3100151,40.5202755],[118.3093306,40.5188213],[118.3084619,40.5174251],[118.3074173,40.5161004],[118.3062069,40.5148598],[118.3048424,40.5137155],[118.3033369,40.5126783],[118.3017049,40.5117582],[118.2999621,40.5109642],[118.2981253,40.5103039],[118.2962123,40.5097836],[118.2942413,40.5094083],[118.2922314,40.5091817],[118.290202,40.5091059],[118.2881726,40.5091817],[118.2861627,40.5094083],[118.2841917,40.5097836],[118.2822787,40.5103039],[118.2804419,40.5109642],[118.2786991,40.5117582],[118.2770671,40.5126783],[118.2755616,40.5137155],[118.2741971,40.5148598],[118.2729867,40.5161004],[118.2719421,40.5174251],[118.2710734,40.5188213],[118.2703889,40.5202755],[118.2698952,40.5217736],[118.269597,40.5233014],[118.2694973,40.524844],[118.269597,40.5263866],[118.2698952,40.5279144],[118.2703889,40.5294125],[118.2710734,40.5308667],[118.2719421,40.5322629],[118.2729867,40.5335876],[118.2741971,40.5348282],[118.2755616,40.5359725],[118.2770671,40.5370097],[118.2786991,40.5379298],[118.2804419,40.5387238],[118.2822787,40.5393841],[118.2841917,40.5399044],[118.2861627,40.5402797],[118.2881726,40.5405063],[118.290202,40.5405821]]]},"properties":{"name":"719无名峰","peak_elev":719,"radius_m":1750,"layer":"ATS峰值响应半径","rank_pct":0.5097,"center_lon":118.290202,"center_lat":40.524844,"max_mean_jut":103.0401,"max_ats":62.8041,"r_jmean_peak":500,"r_ats_peak":1750,"r_ats_marginal":187.5,"ats_marginal_rate_max":0.19458528352615986,"ats_marginal_interval_start":125.0,"ats_marginal_interval_end":250.0,"is_expanded":false}},{"type":"Feature","geometry":{"type":"Polygon","coordinates":[[[118.523449,40.4232171],[118.5254749,40.4231413],[118.5274812,40.4229147],[118.5294488,40.4225394],[118.5313585,40.4220191],[118.5331921,40.4213588],[118.5349318,40.4205648],[118.536561,40.4196447],[118.5380639,40.4186075],[118.539426,40.4174632],[118.5406343,40.4162226],[118.541677,40.4148979],[118.5425442,40.4135017],[118.5432275,40.4120475],[118.5437204,40.4105494],[118.544018,40.4090216],[118.5441175,40.407479],[118.544018,40.4059364],[118.5437204,40.4044086],[118.5432275,40.4029105],[118.5425442,40.4014563],[118.541677,40.4000601],[118.5406343,40.3987354],[118.539426,40.3974948],[118.5380639,40.3963505],[118.536561,40.3953133],[118.5349318,40.3943932],[118.5331921,40.3935992],[118.5313585,40.3929389],[118.5294488,40.3924186],[118.5274812,40.3920433],[118.5254749,40.3918167],[118.523449,40.3917409],[118.5214231,40.3918167],[118.5194168,40.3920433],[118.5174492,40.3924186],[118.5155395,40.3929389],[118.5137059,40.3935992],[118.5119662,40.3943932],[118.510337,40.3953133],[118.5088341,40.3963505],[118.507472,40.3974948],[118.5062637,40.3987354],[118.505221,40.4000601],[118.5043538,40.4014563],[118.5036705,40.4029105],[118.5031776,40.4044086],[118.50288,40.4059364],[118.5027805,40.407479],[118.50288,40.4090216],[118.5031776,40.4105494],[118.5036705,40.4120475],[118.5043538,40.4135017],[118.505221,40.4148979],[118.5062637,40.4162226],[118.507472,40.4174632],[118.5088341,40.4186075],[118.510337,40.4196447],[118.5119662,40.4205648],[118.5137059,40.4213588],[118.5155395,40.4220191],[118.5174492,40.4225394],[118.5194168,40.4229147],[118.5214231,40.4231413],[118.523449,40.4232171]]]},"properties":{"name":"八面峰844","peak_elev":844,"radius_m":1750,"layer":"ATS峰值响应半径","rank_pct":0.5097,"center_lon":118.523449,"center_lat":40.407479,"max_mean_jut":125.1137,"max_ats":82.8433,"r_jmean_peak":1375,"r_ats_peak":1750,"r_ats_marginal":187.5,"ats_marginal_rate_max":0.09556827728702959,"ats_marginal_interval_start":125.0,"ats_marginal_interval_end":250.0,"is_expanded":false}},{"type":"Feature","geometry":{"type":"Polygon","coordinates":[[[118.4085083,40.5050091],[118.4105366,40.5049333],[118.4125454,40.5047067],[118.4145154,40.5043314],[118.4164274,40.5038111],[118.4182632,40.5031508],[118.4200051,40.5023568],[118.4216362,40.5014367],[118.423141,40.5003995],[118.4245047,40.4992552],[118.4257145,40.4980146],[118.4267585,40.4966899],[118.4276268,40.4952937],[118.4283109,40.4938395],[118.4288044,40.4923414],[118.4291024,40.4908136],[118.429202,40.489271],[118.4291024,40.4877284],[118.4288044,40.4862006],[118.4283109,40.4847025],[118.4276268,40.4832483],[118.4267585,40.4818521],[118.4257145,40.4805274],[118.4245047,40.4792868],[118.423141,40.4781425],[118.4216362,40.4771053],[118.4200051,40.4761852],[118.4182632,40.4753912],[118.4164274,40.4747309],[118.4145154,40.4742106],[118.4125454,40.4738353],[118.4105366,40.4736087],[118.4085083,40.4735329],[118.40648,40.4736087],[118.4044712,40.4738353],[118.4025012,40.4742106],[118.4005892,40.4747309],[118.3987534,40.4753912],[118.3970115,40.4761852],[118.3953804,40.4771053],[118.3938756,40.4781425],[118.3925119,40.4792868],[118.3913021,40.4805274],[118.3902581,40.4818521],[118.3893898,40.4832483],[118.3887057,40.4847025],[118.3882122,40.4862006],[118.3879142,40.4877284],[118.3878146,40.489271],[118.3879142,40.4908136],[118.3882122,40.4923414],[118.3887057,40.4938395],[118.3893898,40.4952937],[118.3902581,40.4966899],[118.3913021,40.4980146],[118.3925119,40.4992552],[118.3938756,40.5003995],[118.3953804,40.5014367],[118.3970115,40.5023568],[118.3987534,40.5031508],[118.4005892,40.5038111],[118.4025012,40.5043314],[118.4044712,40.5047067],[118.40648,40.5049333],[118.4085083,40.5050091]]]},"properties":{"name":"904无名峰","peak_elev":904,"radius_m":1750,"layer":"ATS峰值响应半径","rank_pct":0.5097,"center_lon":118.40850830078124,"center_lat":40.489271,"max_mean_jut":121.3064,"max_ats":74.081,"r_jmean_peak":1375,"r_ats_peak":1750,"r_ats_marginal":187.5,"ats_marginal_rate_max":0.11814934132626963,"ats_marginal_interval_start":125.0,"ats_marginal_interval_end":250.0,"is_expanded":false}},{"type":"Feature","geometry":{"type":"Polygon","coordinates":[[[119.637944,40.4492231],[119.6399707,40.4491473],[119.6419778,40.4489207],[119.6439461,40.4485454],[119.6458566,40.4480251],[119.6476908,40.4473648],[119.6494313,40.4465708],[119.651061,40.4456507],[119.6525645,40.4446135],[119.6539272,40.4434692],[119.6551359,40.4422286],[119.6561791,40.4409039],[119.6570466,40.4395077],[119.6577302,40.4380535],[119.6582232,40.4365554],[119.658521,40.4350276],[119.6586205,40.433485],[119.658521,40.4319424],[119.6582232,40.4304146],[119.6577302,40.4289165],[119.6570466,40.4274623],[119.6561791,40.4260661],[119.6551359,40.4247414],[119.6539272,40.4235008],[119.6525645,40.4223565],[119.651061,40.4213193],[119.6494313,40.4203992],[119.6476908,40.4196052],[119.6458566,40.4189449],[119.6439461,40.4184246],[119.6419778,40.4180493],[119.6399707,40.4178227],[119.637944,40.4177469],[119.6359173,40.4178227],[119.6339102,40.4180493],[119.6319419,40.4184246],[119.6300314,40.4189449],[119.6281972,40.4196052],[119.6264567,40.4203992],[119.624827,40.4213193],[119.6233235,40.4223565],[119.6219608,40.4235008],[119.6207521,40.4247414],[119.6197089,40.4260661],[119.6188414,40.4274623],[119.6181578,40.4289165],[119.6176648,40.4304146],[119.617367,40.4319424],[119.6172675,40.433485],[119.617367,40.4350276],[119.6176648,40.4365554],[119.6181578,40.4380535],[119.6188414,40.4395077],[119.6197089,40.4409039],[119.6207521,40.4422286],[119.6219608,40.4434692],[119.6233235,40.4446135],[119.624827,40.4456507],[119.6264567,40.4465708],[119.6281972,40.4473648],[119.6300314,40.4480251],[119.6319419,40.4485454],[119.6339102,40.4489207],[119.6359173,40.4491473],[119.637944,40.4492231]]]},"properties":{"name":"冰沟大顶1145","peak_elev":1145,"radius_m":1750,"layer":"ATS峰值响应半径","rank_pct":0.5097,"center_lon":119.637944,"center_lat":40.433485,"max_mean_jut":127.5147,"max_ats":72.3174,"r_jmean_peak":1750,"r_ats_peak":1750,"r_ats_marginal":187.5,"ats_marginal_rate_max":0.10523344610276969,"ats_marginal_interval_start":125.0,"ats_marginal_interval_end":250.0,"is_expanded":false}},{"type":"Feature","geometry":{"type":"Polygon","coordinates":[[[118.945612,40.3856231],[118.9476367,40.3855473],[118.949642,40.3853207],[118.9516084,40.3849454],[118.9535171,40.3844251],[118.9553496,40.3837648],[118.9570884,40.3829708],[118.9587167,40.3820507],[118.9602187,40.3810135],[118.9615801,40.3798692],[118.9627877,40.3786286],[118.9638298,40.3773039],[118.9646966,40.3759077],[118.9653795,40.3744535],[118.9658721,40.3729554],[118.9661695,40.3714276],[118.966269,40.369885],[118.9661695,40.3683424],[118.9658721,40.3668146],[118.9653795,40.3653165],[118.9646966,40.3638623],[118.9638298,40.3624661],[118.9627877,40.3611414],[118.9615801,40.3599008],[118.9602187,40.3587565],[118.9587167,40.3577193],[118.9570884,40.3567992],[118.9553496,40.3560052],[118.9535171,40.3553449],[118.9516084,40.3548246],[118.949642,40.3544493],[118.9476367,40.3542227],[118.945612,40.3541469],[118.9435873,40.3542227],[118.941582,40.3544493],[118.9396156,40.3548246],[118.9377069,40.3553449],[118.9358744,40.3560052],[118.9341356,40.3567992],[118.9325073,40.3577193],[118.9310053,40.3587565],[118.9296439,40.3599008],[118.9284363,40.3611414],[118.9273942,40.3624661],[118.9265274,40.3638623],[118.9258445,40.3653165],[118.9253519,40.3668146],[118.9250545,40.3683424],[118.924955,40.369885],[118.9250545,40.3714276],[118.9253519,40.3729554],[118.9258445,40.3744535],[118.9265274,40.3759077],[118.9273942,40.3773039],[118.9284363,40.3786286],[118.9296439,40.3798692],[118.9310053,40.3810135],[118.9325073,40.3820507],[118.9341356,40.3829708],[118.9358744,40.3837648],[118.9377069,40.3844251],[118.9396156,40.3849454],[118.941582,40.3853207],[118.9435873,40.3855473],[118.945612,40.3856231]]]},"properties":{"name":"南大山678","peak_elev":678,"radius_m":1750,"layer":"ATS峰值响应半径","rank_pct":0.5097,"center_lon":118.945612,"center_lat":40.369885,"max_mean_jut":72.5586,"max_ats":44.8028,"r_jmean_peak":1000,"r_ats_peak":1750,"r_ats_marginal":187.5,"ats_marginal_rate_max":0.11398006201316757,"ats_marginal_interval_start":125.0,"ats_marginal_interval_end":250.0,"is_expanded":false}},{"type":"Feature","geometry":{"type":"Polygon","coordinates":[[[119.958104,40.3425031],[119.9601274,40.3424273],[119.9621314,40.3422007],[119.9640966,40.3418254],[119.966004,40.3413051],[119.9678354,40.3406448],[119.9695731,40.3398508],[119.9712003,40.3389307],[119.9727014,40.3378935],[119.9740619,40.3367492],[119.9752687,40.3355086],[119.9763102,40.3341839],[119.9771764,40.3327877],[119.9778589,40.3313335],[119.9783511,40.3298354],[119.9786484,40.3283076],[119.9787478,40.326765],[119.9786484,40.3252224],[119.9783511,40.3236946],[119.9778589,40.3221965],[119.9771764,40.3207423],[119.9763102,40.3193461],[119.9752687,40.3180214],[119.9740619,40.3167808],[119.9727014,40.3156365],[119.9712003,40.3145993],[119.9695731,40.3136792],[119.9678354,40.3128852],[119.966004,40.3122249],[119.9640966,40.3117046],[119.9621314,40.3113293],[119.9601274,40.3111027],[119.958104,40.3110269],[119.9560806,40.3111027],[119.9540766,40.3113293],[119.9521114,40.3117046],[119.950204,40.3122249],[119.9483726,40.3128852],[119.9466349,40.3136792],[119.9450077,40.3145993],[119.9435066,40.3156365],[119.9421461,40.3167808],[119.9409393,40.3180214],[119.9398978,40.3193461],[119.9390316,40.3207423],[119.9383491,40.3221965],[119.9378569,40.3236946],[119.9375596,40.3252224],[119.9374602,40.326765],[119.9375596,40.3283076],[119.9378569,40.3298354],[119.9383491,40.3313335],[119.9390316,40.3327877],[119.9398978,40.3341839],[119.9409393,40.3355086],[119.9421461,40.3367492],[119.9435066,40.3378935],[119.9450077,40.3389307],[119.9466349,40.3398508],[119.9483726,40.3406448],[119.950204,40.3413051],[119.9521114,40.3418254],[119.9540766,40.3422007],[119.9560806,40.3424273],[119.958104,40.3425031]]]},"properties":{"name":"大谷山658","peak_elev":643,"radius_m":1750,"layer":"ATS峰值响应半径","rank_pct":0.5097,"center_lon":119.958104,"center_lat":40.326765,"max_mean_jut":142.674,"max_ats":100.6996,"r_jmean_peak":1125,"r_ats_peak":1750,"r_ats_marginal":312.5,"ats_marginal_rate_max":0.16156281092018612,"ats_marginal_interval_start":250.0,"ats_marginal_interval_end":375.0,"is_expanded":false}},{"type":"Feature","geometry":{"type":"Polygon","coordinates":[[[119.6665115,40.4918031],[119.6685395,40.4917273],[119.6705479,40.4915007],[119.6725174,40.4911254],[119.6744291,40.4906051],[119.6762646,40.4899448],[119.6780061,40.4891508],[119.6796369,40.4882307],[119.6811413,40.4871935],[119.6825048,40.4860492],[119.6837143,40.4848086],[119.6847582,40.4834839],[119.6856263,40.4820877],[119.6863103,40.4806335],[119.6868036,40.4791354],[119.6871015,40.4776076],[119.6872012,40.476065],[119.6871015,40.4745224],[119.6868036,40.4729946],[119.6863103,40.4714965],[119.6856263,40.4700423],[119.6847582,40.4686461],[119.6837143,40.4673214],[119.6825048,40.4660808],[119.6811413,40.4649365],[119.6796369,40.4638993],[119.6780061,40.4629792],[119.6762646,40.4621852],[119.6744291,40.4615249],[119.6725174,40.4610046],[119.6705479,40.4606293],[119.6685395,40.4604027],[119.6665115,40.4603269],[119.6644836,40.4604027],[119.6624752,40.4606293],[119.6605057,40.4610046],[119.658594,40.4615249],[119.6567585,40.4621852],[119.655017,40.4629792],[119.6533862,40.4638993],[119.6518818,40.4649365],[119.6505182,40.4660808],[119.6493087,40.4673214],[119.6482649,40.4686461],[119.6473968,40.4700423],[119.6467128,40.4714965],[119.6462195,40.4729946],[119.6459215,40.4745224],[119.6458219,40.476065],[119.6459215,40.4776076],[119.6462195,40.4791354],[119.6467128,40.4806335],[119.6473968,40.4820877],[119.6482649,40.4834839],[119.6493087,40.4848086],[119.6505182,40.4860492],[119.6518818,40.4871935],[119.6533862,40.4882307],[119.655017,40.4891508],[119.6567585,40.4899448],[119.658594,40.4906051],[119.6605057,40.4911254],[119.6624752,40.4915007],[119.6644836,40.4917273],[119.6665115,40.4918031]]]},"properties":{"name":"大青山1224","peak_elev":1217,"radius_m":1750,"layer":"ATS峰值响应半径","rank_pct":0.5097,"center_lon":119.66651153564452,"center_lat":40.476065,"max_mean_jut":159.655,"max_ats":92.7748,"r_jmean_peak":1625,"r_ats_peak":1750,"r_ats_marginal":437.5,"ats_marginal_rate_max":0.10553727895092226,"ats_marginal_interval_start":375.0,"ats_marginal_interval_end":500.0,"is_expanded":false}},{"type":"Feature","geometry":{"type":"Polygon","coordinates":[[[119.311317,41.0919672],[119.3133633,41.0918914],[119.31539,41.0916648],[119.3173774,41.0912895],[119.3193064,41.0907692],[119.3211585,41.0901089],[119.3229159,41.0893149],[119.3245615,41.0883948],[119.3260795,41.0873576],[119.3274554,41.0862133],[119.3286759,41.0849727],[119.3297292,41.083648],[119.3306052,41.0822518],[119.3312954,41.0807976],[119.3317932,41.0792995],[119.3320939,41.0777717],[119.3321944,41.0762291],[119.3320939,41.0746865],[119.3317932,41.0731587],[119.3312954,41.0716606],[119.3306052,41.0702064],[119.3297292,41.0688102],[119.3286759,41.0674855],[119.3274554,41.0662449],[119.3260795,41.0651006],[119.3245615,41.0640634],[119.3229159,41.0631433],[119.3211585,41.0623493],[119.3193064,41.061689],[119.3173774,41.0611686],[119.31539,41.0607934],[119.3133633,41.0605668],[119.311317,41.060491],[119.3092707,41.0605668],[119.307244,41.0607934],[119.3052566,41.0611686],[119.3033276,41.061689],[119.3014755,41.0623493],[119.2997181,41.0631433],[119.2980725,41.0640634],[119.2965545,41.0651006],[119.2951786,41.0662449],[119.2939581,41.0674855],[119.2929048,41.0688102],[119.2920288,41.0702064],[119.2913386,41.0716606],[119.2908408,41.0731587],[119.2905401,41.0746865],[119.2904396,41.0762291],[119.2905401,41.0777717],[119.2908408,41.0792995],[119.2913386,41.0807976],[119.2920288,41.0822518],[119.2929048,41.083648],[119.2939581,41.0849727],[119.2951786,41.0862133],[119.2965545,41.0873576],[119.2980725,41.0883948],[119.2997181,41.0893149],[119.3014755,41.0901089],[119.3033276,41.0907692],[119.3052566,41.0912895],[119.307244,41.0916648],[119.3092707,41.0918914],[119.311317,41.0919672]]]},"properties":{"name":"黄金带山982","peak_elev":982,"radius_m":1750,"layer":"ATS峰值响应半径","rank_pct":0.5097,"center_lon":119.311317,"center_lat":41.07622909545898,"max_mean_jut":106.0855,"max_ats":64.6078,"r_jmean_peak":1000,"r_ats_peak":1750,"r_ats_marginal":187.5,"ats_marginal_rate_max":0.1413885042610447,"ats_marginal_interval_start":125.0,"ats_marginal_interval_end":250.0,"is_expanded":false}},{"type":"Feature","geometry":{"type":"Polygon","coordinates":[[[119.004093,40.8402136],[119.005986,40.8401433],[119.0078607,40.8399328],[119.0096992,40.8395844],[119.0114836,40.8391012],[119.0131969,40.838488],[119.0148226,40.8377507],[119.0163448,40.8368964],[119.0177491,40.8359333],[119.0190219,40.8348707],[119.0201509,40.8337188],[119.0211253,40.8324887],[119.0219356,40.8311922],[119.0225741,40.8298419],[119.0230346,40.8284507],[119.0233127,40.8270321],[119.0234057,40.8255997],[119.0233127,40.8241673],[119.0230346,40.8227486],[119.0225741,40.8213575],[119.0219356,40.8200071],[119.0211253,40.8187107],[119.0201509,40.8174806],[119.0190219,40.8163287],[119.0177491,40.815266],[119.0163448,40.8143029],[119.0148226,40.8134486],[119.0131969,40.8127113],[119.0114836,40.8120981],[119.0096992,40.811615],[119.0078607,40.8112665],[119.005986,40.8110561],[119.004093,40.8109857],[119.0022,40.8110561],[119.0003253,40.8112665],[118.9984868,40.811615],[118.9967024,40.8120981],[118.9949891,40.8127113],[118.9933634,40.8134486],[118.9918412,40.8143029],[118.9904369,40.815266],[118.9891641,40.8163287],[118.9880351,40.8174806],[118.9870607,40.8187107],[118.9862504,40.8200071],[118.9856119,40.8213575],[118.9851514,40.8227486],[118.9848733,40.8241673],[118.9847803,40.8255997],[118.9848733,40.8270321],[118.9851514,40.8284507],[118.9856119,40.8298419],[118.9862504,40.8311922],[118.9870607,40.8324887],[118.9880351,40.8337188],[118.9891641,40.8348707],[118.9904369,40.8359333],[118.9918412,40.8368964],[118.9933634,40.8377507],[118.9949891,40.838488],[118.9967024,40.8391012],[118.9984868,40.8395844],[119.0003253,40.8399328],[119.0022,40.8401433],[119.004093,40.8402136]]]},"properties":{"name":"1005无名峰","peak_elev":1005,"radius_m":1625,"layer":"ATS峰值响应半径","rank_pct":0.5483,"center_lon":119.004093,"center_lat":40.82559967041016,"max_mean_jut":89.0132,"max_ats":52.6181,"r_jmean_peak":1375,"r_ats_peak":1625,"r_ats_marginal":187.5,"ats_marginal_rate_max":0.11090380271964084,"ats_marginal_interval_start":125.0,"ats_marginal_interval_end":250.0,"is_expanded":false}},{"type":"Feature","geometry":{"type":"Polygon","coordinates":[[[119.634441,40.453085],[119.636323,40.4530146],[119.6381869,40.4528042],[119.6400148,40.4524557],[119.6417889,40.4519726],[119.6434923,40.4513594],[119.6451085,40.4506221],[119.646622,40.4497678],[119.6480182,40.4488046],[119.6492836,40.447742],[119.6504061,40.4465901],[119.6513748,40.44536],[119.6521805,40.4440635],[119.6528153,40.4427132],[119.6532731,40.441322],[119.6535496,40.4399034],[119.6536421,40.438471],[119.6535496,40.4370386],[119.6532731,40.43562],[119.6528153,40.4342288],[119.6521805,40.4328785],[119.6513748,40.431582],[119.6504061,40.4303519],[119.6492836,40.4292],[119.6480182,40.4281374],[119.646622,40.4271742],[119.6451085,40.4263199],[119.6434923,40.4255826],[119.6417889,40.4249694],[119.6400148,40.4244863],[119.6381869,40.4241378],[119.636323,40.4239274],[119.634441,40.423857],[119.632559,40.4239274],[119.6306951,40.4241378],[119.6288672,40.4244863],[119.6270931,40.4249694],[119.6253897,40.4255826],[119.6237735,40.4263199],[119.62226,40.4271742],[119.6208638,40.4281374],[119.6195984,40.4292],[119.6184759,40.4303519],[119.6175072,40.431582],[119.6167015,40.4328785],[119.6160667,40.4342288],[119.6156089,40.43562],[119.6153324,40.4370386],[119.6152399,40.438471],[119.6153324,40.4399034],[119.6156089,40.441322],[119.6160667,40.4427132],[119.6167015,40.4440635],[119.6175072,40.44536],[119.6184759,40.4465901],[119.6195984,40.447742],[119.6208638,40.4488046],[119.62226,40.4497678],[119.6237735,40.4506221],[119.6253897,40.4513594],[119.6270931,40.4519726],[119.6288672,40.4524557],[119.6306951,40.4528042],[119.632559,40.4530146],[119.634441,40.453085]]]},"properties":{"name":"1122无名峰","peak_elev":1122,"radius_m":1625,"layer":"ATS峰值响应半径","rank_pct":0.5483,"center_lon":119.634441,"center_lat":40.438471,"max_mean_jut":100.1849,"max_ats":53.7107,"r_jmean_peak":1500,"r_ats_peak":1625,"r_ats_marginal":312.5,"ats_marginal_rate_max":0.06584237555429154,"ats_marginal_interval_start":250.0,"ats_marginal_interval_end":375.0,"is_expanded":false}},{"type":"Feature","geometry":{"type":"Polygon","coordinates":[[[118.0349884,40.383151],[118.0368685,40.3830806],[118.0387305,40.3828702],[118.0405564,40.3825217],[118.0423287,40.3820386],[118.0440303,40.3814254],[118.0456449,40.3806881],[118.0471568,40.3798338],[118.0485515,40.3788706],[118.0498156,40.377808],[118.0509369,40.3766561],[118.0519046,40.375426],[118.0527094,40.3741295],[118.0533436,40.3727792],[118.053801,40.371388],[118.0540772,40.3699694],[118.0541695,40.368537],[118.0540772,40.3671046],[118.053801,40.365686],[118.0533436,40.3642948],[118.0527094,40.3629445],[118.0519046,40.361648],[118.0509369,40.3604179],[118.0498156,40.359266],[118.0485515,40.3582034],[118.0471568,40.3572402],[118.0456449,40.3563859],[118.0440303,40.3556486],[118.0423287,40.3550354],[118.0405564,40.3545523],[118.0387305,40.3542038],[118.0368685,40.3539934],[118.0349884,40.353923],[118.0331083,40.3539934],[118.0312464,40.3542038],[118.0294204,40.3545523],[118.0276481,40.3550354],[118.0259465,40.3556486],[118.0243319,40.3563859],[118.02282,40.3572402],[118.0214253,40.3582034],[118.0201612,40.359266],[118.0190399,40.3604179],[118.0180722,40.361648],[118.0172674,40.3629445],[118.0166332,40.3642948],[118.0161759,40.365686],[118.0158997,40.3671046],[118.0158073,40.368537],[118.0158997,40.3699694],[118.0161759,40.371388],[118.0166332,40.3727792],[118.0172674,40.3741295],[118.0180722,40.375426],[118.0190399,40.3766561],[118.0201612,40.377808],[118.0214253,40.3788706],[118.02282,40.3798338],[118.0243319,40.3806881],[118.0259465,40.3814254],[118.0276481,40.3820386],[118.0294204,40.3825217],[118.0312464,40.3828702],[118.0331083,40.3830806],[118.0349884,40.383151]]]},"properties":{"name":"662无名峰","peak_elev":662,"radius_m":1625,"layer":"ATS峰值响应半径","rank_pct":0.5483,"center_lon":118.03498840332033,"center_lat":40.368537,"max_mean_jut":108.4884,"max_ats":72.0763,"r_jmean_peak":875,"r_ats_peak":1625,"r_ats_marginal":187.5,"ats_marginal_rate_max":0.12931394995290868,"ats_marginal_interval_start":125.0,"ats_marginal_interval_end":250.0,"is_expanded":false}},{"type":"Feature","geometry":{"type":"Polygon","coordinates":[[[118.381964,40.4583396],[118.3838462,40.4582692],[118.3857102,40.4580588],[118.3875382,40.4577103],[118.3893125,40.4572271],[118.391016,40.456614],[118.3926324,40.4558767],[118.394146,40.4550223],[118.3955423,40.4540592],[118.3968078,40.4529966],[118.3979303,40.4518447],[118.3988991,40.4506146],[118.3997048,40.4493181],[118.4003397,40.4479678],[118.4007976,40.4465766],[118.4010741,40.445158],[118.4011666,40.4437256],[118.4010741,40.4422932],[118.4007976,40.4408745],[118.4003397,40.4394834],[118.3997048,40.4381331],[118.3988991,40.4368366],[118.3979303,40.4356065],[118.3968078,40.4344546],[118.3955423,40.4333919],[118.394146,40.4324288],[118.3926324,40.4315745],[118.391016,40.4308372],[118.3893125,40.430224],[118.3875382,40.4297409],[118.3857102,40.4293924],[118.3838462,40.429182],[118.381964,40.4291116],[118.3800818,40.429182],[118.3782178,40.4293924],[118.3763898,40.4297409],[118.3746155,40.430224],[118.372912,40.4308372],[118.3712956,40.4315745],[118.369782,40.4324288],[118.3683857,40.4333919],[118.3671202,40.4344546],[118.3659977,40.4356065],[118.3650289,40.4368366],[118.3642232,40.4381331],[118.3635883,40.4394834],[118.3631304,40.4408745],[118.3628539,40.4422932],[118.3627614,40.4437256],[118.3628539,40.445158],[118.3631304,40.4465766],[118.3635883,40.4479678],[118.3642232,40.4493181],[118.3650289,40.4506146],[118.3659977,40.4518447],[118.3671202,40.4529966],[118.3683857,40.4540592],[118.369782,40.4550223],[118.3712956,40.4558767],[118.372912,40.456614],[118.3746155,40.4572271],[118.3763898,40.4577103],[118.3782178,40.4580588],[118.3800818,40.4582692],[118.381964,40.4583396]]]},"properties":{"name":"715无名峰","peak_elev":715,"radius_m":1625,"layer":"ATS峰值响应半径","rank_pct":0.5483,"center_lon":118.381964,"center_lat":40.4437255859375,"max_mean_jut":97.2465,"max_ats":61.8565,"r_jmean_peak":1500,"r_ats_peak":1625,"r_ats_marginal":312.5,"ats_marginal_rate_max":0.07838922657453944,"ats_marginal_interval_start":250.0,"ats_marginal_interval_end":375.0,"is_expanded":false}},{"type":"Feature","geometry":{"type":"Polygon","coordinates":[[[119.8319778,40.286403],[119.8338552,40.2863326],[119.8357145,40.2861222],[119.8375379,40.2857737],[119.8393076,40.2852906],[119.8410068,40.2846774],[119.842619,40.2839401],[119.8441288,40.2830858],[119.8455215,40.2821226],[119.8467838,40.28106],[119.8479035,40.2799081],[119.8488699,40.278678],[119.8496735,40.2773815],[119.8503067,40.2760312],[119.8507635,40.27464],[119.8510393,40.2732214],[119.8511315,40.271789],[119.8510393,40.2703566],[119.8507635,40.268938],[119.8503067,40.2675468],[119.8496735,40.2661965],[119.8488699,40.2649],[119.8479035,40.2636699],[119.8467838,40.262518],[119.8455215,40.2614554],[119.8441288,40.2604922],[119.842619,40.2596379],[119.8410068,40.2589006],[119.8393076,40.2582874],[119.8375379,40.2578043],[119.8357145,40.2574558],[119.8338552,40.2572454],[119.8319778,40.257175],[119.8301005,40.2572454],[119.8282412,40.2574558],[119.8264178,40.2578043],[119.8246481,40.2582874],[119.8229489,40.2589006],[119.8213366,40.2596379],[119.8198269,40.2604922],[119.8184342,40.2614554],[119.8171719,40.262518],[119.8160522,40.2636699],[119.8150858,40.2649],[119.8142822,40.2661965],[119.8136489,40.2675468],[119.8131922,40.268938],[119.8129164,40.2703566],[119.8128242,40.271789],[119.8129164,40.2732214],[119.8131922,40.27464],[119.8136489,40.2760312],[119.8142822,40.2773815],[119.8150858,40.278678],[119.8160522,40.2799081],[119.8171719,40.28106],[119.8184342,40.2821226],[119.8198269,40.2830858],[119.8213366,40.2839401],[119.8229489,40.2846774],[119.8246481,40.2852906],[119.8264178,40.2857737],[119.8282412,40.2861222],[119.8301005,40.2863326],[119.8319778,40.286403]]]},"properties":{"name":"歪脖子山724","peak_elev":724,"radius_m":1625,"layer":"ATS峰值响应半径","rank_pct":0.5483,"center_lon":119.83197784423828,"center_lat":40.271789,"max_mean_jut":101.2604,"max_ats":60.0643,"r_jmean_peak":1375,"r_ats_peak":1625,"r_ats_marginal":187.5,"ats_marginal_rate_max":0.11632427473086641,"ats_marginal_interval_start":125.0,"ats_marginal_interval_end":250.0,"is_expanded":false}},{"type":"Feature","geometry":{"type":"Polygon","coordinates":[[[118.148986,40.8014067],[118.1508779,40.8013364],[118.1527515,40.8011259],[118.1545889,40.8007775],[118.1563723,40.8002943],[118.1580846,40.7996811],[118.1597093,40.7989438],[118.1612307,40.7980895],[118.1626342,40.7971264],[118.1639062,40.7960638],[118.1650345,40.7949118],[118.1660083,40.7936817],[118.1668182,40.7923853],[118.1674563,40.791035],[118.1679165,40.7896438],[118.1681945,40.7882252],[118.1682874,40.7867928],[118.1681945,40.7853603],[118.1679165,40.7839417],[118.1674563,40.7825505],[118.1668182,40.7812002],[118.1660083,40.7799038],[118.1650345,40.7786737],[118.1639062,40.7775217],[118.1626342,40.7764591],[118.1612307,40.775496],[118.1597093,40.7746417],[118.1580846,40.7739044],[118.1563723,40.7732912],[118.1545889,40.7728081],[118.1527515,40.7724596],[118.1508779,40.7722491],[118.148986,40.7721788],[118.1470941,40.7722491],[118.1452205,40.7724596],[118.1433831,40.7728081],[118.1415997,40.7732912],[118.1398874,40.7739044],[118.1382627,40.7746417],[118.1367413,40.775496],[118.1353378,40.7764591],[118.1340658,40.7775217],[118.1329375,40.7786737],[118.1319637,40.7799038],[118.1311538,40.7812002],[118.1305157,40.7825505],[118.1300555,40.7839417],[118.1297775,40.7853603],[118.1296846,40.7867928],[118.1297775,40.7882252],[118.1300555,40.7896438],[118.1305157,40.791035],[118.1311538,40.7923853],[118.1319637,40.7936817],[118.1329375,40.7949118],[118.1340658,40.7960638],[118.1353378,40.7971264],[118.1367413,40.7980895],[118.1382627,40.7989438],[118.1398874,40.7996811],[118.1415997,40.8002943],[118.1433831,40.8007775],[118.1452205,40.8011259],[118.1470941,40.8013364],[118.148986,40.8014067]]]},"properties":{"name":"752无名峰","peak_elev":752,"radius_m":1625,"layer":"ATS峰值响应半径","rank_pct":0.5483,"center_lon":118.148986,"center_lat":40.78679275512695,"max_mean_jut":85.9004,"max_ats":47.6385,"r_jmean_peak":750,"r_ats_peak":1625,"r_ats_marginal":187.5,"ats_marginal_rate_max":0.08911033548982812,"ats_marginal_interval_start":125.0,"ats_marginal_interval_end":250.0,"is_expanded":false}},{"type":"Feature","geometry":{"type":"Polygon","coordinates":[[[118.222289,40.867433],[118.2241828,40.8673626],[118.2260583,40.8671522],[118.2278975,40.8668037],[118.2296827,40.8663206],[118.2313967,40.8657074],[118.233023,40.8649701],[118.2345459,40.8641158],[118.2359507,40.8631526],[118.237224,40.86209],[118.2383535,40.8609381],[118.2393283,40.859708],[118.2401389,40.8584115],[118.2407777,40.8570612],[118.2412384,40.85567],[118.2415166,40.8542514],[118.2416096,40.852819],[118.2415166,40.8513866],[118.2412384,40.849968],[118.2407777,40.8485768],[118.2401389,40.8472265],[118.2393283,40.84593],[118.2383535,40.8446999],[118.237224,40.843548],[118.2359507,40.8424854],[118.2345459,40.8415222],[118.233023,40.8406679],[118.2313967,40.8399306],[118.2296827,40.8393174],[118.2278975,40.8388343],[118.2260583,40.8384858],[118.2241828,40.8382754],[118.222289,40.838205],[118.2203952,40.8382754],[118.2185197,40.8384858],[118.2166805,40.8388343],[118.2148953,40.8393174],[118.2131813,40.8399306],[118.211555,40.8406679],[118.2100321,40.8415222],[118.2086273,40.8424854],[118.207354,40.843548],[118.2062245,40.8446999],[118.2052497,40.84593],[118.2044391,40.8472265],[118.2038003,40.8485768],[118.2033396,40.849968],[118.2030614,40.8513866],[118.2029684,40.852819],[118.2030614,40.8542514],[118.2033396,40.85567],[118.2038003,40.8570612],[118.2044391,40.8584115],[118.2052497,40.859708],[118.2062245,40.8609381],[118.207354,40.86209],[118.2086273,40.8631526],[118.2100321,40.8641158],[118.211555,40.8649701],[118.2131813,40.8657074],[118.2148953,40.8663206],[118.2166805,40.8668037],[118.2185197,40.8671522],[118.2203952,40.8673626],[118.222289,40.867433]]]},"properties":{"name":"796无名峰","peak_elev":796,"radius_m":1625,"layer":"ATS峰值响应半径","rank_pct":0.5483,"center_lon":118.222289,"center_lat":40.852819,"max_mean_jut":111.5191,"max_ats":72.567,"r_jmean_peak":1125,"r_ats_peak":1625,"r_ats_marginal":187.5,"ats_marginal_rate_max":0.12971504398975003,"ats_marginal_interval_start":125.0,"ats_marginal_interval_end":250.0,"is_expanded":false}},{"type":"Feature","geometry":{"type":"Polygon","coordinates":[[[118.166234,40.5680236],[118.1681193,40.5679532],[118.1699864,40.5677427],[118.1718173,40.5673943],[118.1735945,40.5669111],[118.1753008,40.566298],[118.1769198,40.5655607],[118.1784359,40.5647063],[118.1798345,40.5637432],[118.1811021,40.5626806],[118.1822265,40.5615287],[118.1831968,40.5602986],[118.1840039,40.5590021],[118.1846398,40.5576518],[118.1850984,40.5562606],[118.1853754,40.554842],[118.185468,40.5534096],[118.1853754,40.5519772],[118.1850984,40.5505585],[118.1846398,40.5491674],[118.1840039,40.547817],[118.1831968,40.5465206],[118.1822265,40.5452905],[118.1811021,40.5441386],[118.1798345,40.5430759],[118.1784359,40.5421128],[118.1769198,40.5412585],[118.1753008,40.5405212],[118.1735945,40.539908],[118.1718173,40.5394249],[118.1699864,40.5390764],[118.1681193,40.538866],[118.166234,40.5387956],[118.1643487,40.538866],[118.1624816,40.5390764],[118.1606507,40.5394249],[118.1588735,40.539908],[118.1571672,40.5405212],[118.1555482,40.5412585],[118.1540321,40.5421128],[118.1526335,40.5430759],[118.1513659,40.5441386],[118.1502415,40.5452905],[118.1492712,40.5465206],[118.1484641,40.547817],[118.1478282,40.5491674],[118.1473696,40.5505585],[118.1470926,40.5519772],[118.147,40.5534096],[118.1470926,40.554842],[118.1473696,40.5562606],[118.1478282,40.5576518],[118.1484641,40.5590021],[118.1492712,40.5602986],[118.1502415,40.5615287],[118.1513659,40.5626806],[118.1526335,40.5637432],[118.1540321,40.5647063],[118.1555482,40.5655607],[118.1571672,40.566298],[118.1588735,40.5669111],[118.1606507,40.5673943],[118.1624816,40.5677427],[118.1643487,40.5679532],[118.166234,40.5680236]]]},"properties":{"name":"804无名峰","peak_elev":804,"radius_m":1625,"layer":"ATS峰值响应半径","rank_pct":0.5483,"center_lon":118.166234,"center_lat":40.553409576416016,"max_mean_jut":142.4613,"max_ats":87.9548,"r_jmean_peak":1375,"r_ats_peak":1625,"r_ats_marginal":187.5,"ats_marginal_rate_max":0.12510698401077247,"ats_marginal_interval_start":125.0,"ats_marginal_interval_end":250.0,"is_expanded":false}},{"type":"Feature","geometry":{"type":"Polygon","coordinates":[[[118.1708145,40.562635],[118.1726996,40.5625646],[118.1745666,40.5623542],[118.1763974,40.5620057],[118.1781744,40.5615226],[118.1798806,40.5609094],[118.1814995,40.5601721],[118.1830154,40.5593178],[118.1844139,40.5583546],[118.1856814,40.557292],[118.1868057,40.5561401],[118.187776,40.55491],[118.188583,40.5536135],[118.1892188,40.5522632],[118.1896774,40.550872],[118.1899543,40.5494534],[118.1900469,40.548021],[118.1899543,40.5465886],[118.1896774,40.54517],[118.1892188,40.5437788],[118.188583,40.5424285],[118.187776,40.541132],[118.1868057,40.5399019],[118.1856814,40.53875],[118.1844139,40.5376874],[118.1830154,40.5367242],[118.1814995,40.5358699],[118.1798806,40.5351326],[118.1781744,40.5345194],[118.1763974,40.5340363],[118.1745666,40.5336878],[118.1726996,40.5334774],[118.1708145,40.533407],[118.1689294,40.5334774],[118.1670625,40.5336878],[118.1652316,40.5340363],[118.1634546,40.5345194],[118.1617484,40.5351326],[118.1601296,40.5358699],[118.1586136,40.5367242],[118.1572151,40.5376874],[118.1559476,40.53875],[118.1548233,40.5399019],[118.153853,40.541132],[118.1530461,40.5424285],[118.1524102,40.5437788],[118.1519516,40.54517],[118.1516747,40.5465886],[118.1515821,40.548021],[118.1516747,40.5494534],[118.1519516,40.550872],[118.1524102,40.5522632],[118.1530461,40.5536135],[118.153853,40.55491],[118.1548233,40.5561401],[118.1559476,40.557292],[118.1572151,40.5583546],[118.1586136,40.5593178],[118.1601296,40.5601721],[118.1617484,40.5609094],[118.1634546,40.5615226],[118.1652316,40.5620057],[118.1670625,40.5623542],[118.1689294,40.5625646],[118.1708145,40.562635]]]},"properties":{"name":"837无名峰(2)","peak_elev":837,"radius_m":1625,"layer":"ATS峰值响应半径","rank_pct":0.5483,"center_lon":118.17081451416016,"center_lat":40.548021,"max_mean_jut":145.5263,"max_ats":82.8994,"r_jmean_peak":1250,"r_ats_peak":1625,"r_ats_marginal":312.5,"ats_marginal_rate_max":0.12355544524479858,"ats_marginal_interval_start":250.0,"ats_marginal_interval_end":375.0,"is_expanded":false}},{"type":"Feature","geometry":{"type":"Polygon","coordinates":[[[118.100208,40.6922606],[118.1020968,40.6921902],[118.1039673,40.6919798],[118.1058017,40.6916313],[118.1075822,40.6911482],[118.1092917,40.690535],[118.1109137,40.6897977],[118.1124326,40.6889434],[118.1138338,40.6879803],[118.1151037,40.6869176],[118.1162302,40.6857657],[118.1172024,40.6845356],[118.1180109,40.6832392],[118.118648,40.6818889],[118.1191075,40.6804977],[118.119385,40.6790791],[118.1194778,40.6776466],[118.119385,40.6762142],[118.1191075,40.6747956],[118.118648,40.6734044],[118.1180109,40.6720541],[118.1172024,40.6707577],[118.1162302,40.6695275],[118.1151037,40.6683756],[118.1138338,40.667313],[118.1124326,40.6663499],[118.1109137,40.6654956],[118.1092917,40.6647583],[118.1075822,40.6641451],[118.1058017,40.6636619],[118.1039673,40.6633135],[118.1020968,40.663103],[118.100208,40.6630327],[118.0983192,40.663103],[118.0964487,40.6633135],[118.0946143,40.6636619],[118.0928338,40.6641451],[118.0911243,40.6647583],[118.0895023,40.6654956],[118.0879834,40.6663499],[118.0865822,40.667313],[118.0853123,40.6683756],[118.0841858,40.6695275],[118.0832136,40.6707577],[118.0824051,40.6720541],[118.081768,40.6734044],[118.0813085,40.6747956],[118.081031,40.6762142],[118.0809382,40.6776466],[118.081031,40.6790791],[118.0813085,40.6804977],[118.081768,40.6818889],[118.0824051,40.6832392],[118.0832136,40.6845356],[118.0841858,40.6857657],[118.0853123,40.6869176],[118.0865822,40.6879803],[118.0879834,40.6889434],[118.0895023,40.6897977],[118.0911243,40.690535],[118.0928338,40.6911482],[118.0946143,40.6916313],[118.0964487,40.6919798],[118.0983192,40.6921902],[118.100208,40.6922606]]]},"properties":{"name":"896无名峰","peak_elev":896,"radius_m":1625,"layer":"ATS峰值响应半径","rank_pct":0.5483,"center_lon":118.100208,"center_lat":40.67764663696289,"max_mean_jut":124.3874,"max_ats":73.0251,"r_jmean_peak":1375,"r_ats_peak":1625,"r_ats_marginal":437.5,"ats_marginal_rate_max":0.09262736819102528,"ats_marginal_interval_start":375.0,"ats_marginal_interval_end":500.0,"is_expanded":false}},{"type":"Feature","geometry":{"type":"Polygon","coordinates":[[[118.132143,40.50631],[118.1340265,40.5062396],[118.1358919,40.5060292],[118.1377212,40.5056807],[118.1394967,40.5051976],[118.1412015,40.5045844],[118.142819,40.5038471],[118.1443337,40.5029928],[118.145731,40.5020296],[118.1469974,40.500967],[118.1481207,40.4998151],[118.1490902,40.498585],[118.1498965,40.4972885],[118.1505318,40.4959382],[118.15099,40.494547],[118.1512667,40.4931284],[118.1513593,40.491696],[118.1512667,40.4902636],[118.15099,40.488845],[118.1505318,40.4874538],[118.1498965,40.4861035],[118.1490902,40.484807],[118.1481207,40.4835769],[118.1469974,40.482425],[118.145731,40.4813624],[118.1443337,40.4803992],[118.142819,40.4795449],[118.1412015,40.4788076],[118.1394967,40.4781944],[118.1377212,40.4777113],[118.1358919,40.4773628],[118.1340265,40.4771524],[118.132143,40.477082],[118.1302595,40.4771524],[118.1283941,40.4773628],[118.1265648,40.4777113],[118.1247893,40.4781944],[118.1230845,40.4788076],[118.121467,40.4795449],[118.1199523,40.4803992],[118.118555,40.4813624],[118.1172886,40.482425],[118.1161653,40.4835769],[118.1151958,40.484807],[118.1143895,40.4861035],[118.1137542,40.4874538],[118.113296,40.488845],[118.1130193,40.4902636],[118.1129267,40.491696],[118.1130193,40.4931284],[118.113296,40.494547],[118.1137542,40.4959382],[118.1143895,40.4972885],[118.1151958,40.498585],[118.1161653,40.4998151],[118.1172886,40.500967],[118.118555,40.5020296],[118.1199523,40.5029928],[118.121467,40.5038471],[118.1230845,40.5045844],[118.1247893,40.5051976],[118.1265648,40.5056807],[118.1283941,40.5060292],[118.1302595,40.5062396],[118.132143,40.50631]]]},"properties":{"name":"黑沟峪939","peak_elev":939,"radius_m":1625,"layer":"ATS峰值响应半径","rank_pct":0.5483,"center_lon":118.132143,"center_lat":40.491696,"max_mean_jut":159.3074,"max_ats":100.2658,"r_jmean_peak":1625,"r_ats_peak":1625,"r_ats_marginal":187.5,"ats_marginal_rate_max":0.08434602096409989,"ats_marginal_interval_start":125.0,"ats_marginal_interval_end":250.0,"is_expanded":false}},{"type":"Feature","geometry":{"type":"Polygon","coordinates":[[[118.301251,40.431121],[118.3031324,40.4310506],[118.3049957,40.4308402],[118.306823,40.4304917],[118.3085965,40.4300086],[118.3102994,40.4293954],[118.311915,40.4286581],[118.313428,40.4278038],[118.3148238,40.4268406],[118.3160888,40.425778],[118.3172109,40.4246261],[118.3181793,40.423396],[118.3189847,40.4220995],[118.3196193,40.4207492],[118.320077,40.419358],[118.3203534,40.4179394],[118.3204458,40.416507],[118.3203534,40.4150746],[118.320077,40.413656],[118.3196193,40.4122648],[118.3189847,40.4109145],[118.3181793,40.409618],[118.3172109,40.4083879],[118.3160888,40.407236],[118.3148238,40.4061734],[118.313428,40.4052102],[118.311915,40.4043559],[118.3102994,40.4036186],[118.3085965,40.4030054],[118.306823,40.4025223],[118.3049957,40.4021738],[118.3031324,40.4019634],[118.301251,40.401893],[118.2993696,40.4019634],[118.2975063,40.4021738],[118.295679,40.4025223],[118.2939055,40.4030054],[118.2922026,40.4036186],[118.290587,40.4043559],[118.289074,40.4052102],[118.2876782,40.4061734],[118.2864132,40.407236],[118.2852911,40.4083879],[118.2843227,40.409618],[118.2835173,40.4109145],[118.2828827,40.4122648],[118.282425,40.413656],[118.2821486,40.4150746],[118.2820562,40.416507],[118.2821486,40.4179394],[118.282425,40.419358],[118.2828827,40.4207492],[118.2835173,40.4220995],[118.2843227,40.423396],[118.2852911,40.4246261],[118.2864132,40.425778],[118.2876782,40.4268406],[118.289074,40.4278038],[118.290587,40.4286581],[118.2922026,40.4293954],[118.2939055,40.4300086],[118.295679,40.4304917],[118.2975063,40.4308402],[118.2993696,40.4310506],[118.301251,40.431121]]]},"properties":{"name":"南山647","peak_elev":647,"radius_m":1625,"layer":"ATS峰值响应半径","rank_pct":0.5483,"center_lon":118.301251,"center_lat":40.416507,"max_mean_jut":114.5074,"max_ats":82.3773,"r_jmean_peak":1250,"r_ats_peak":1625,"r_ats_marginal":187.5,"ats_marginal_rate_max":0.18020617792115673,"ats_marginal_interval_start":125.0,"ats_marginal_interval_end":250.0,"is_expanded":false}},{"type":"Feature","geometry":{"type":"Polygon","coordinates":[[[118.082152,40.400129],[118.0840326,40.4000586],[118.085895,40.3998482],[118.0877214,40.3994997],[118.0894941,40.3990166],[118.0911962,40.3984034],[118.0928111,40.3976661],[118.0943234,40.3968118],[118.0957185,40.3958486],[118.0969829,40.394786],[118.0981045,40.3936341],[118.0990725,40.392404],[118.0998775,40.3911075],[118.1005118,40.3897572],[118.1009693,40.388366],[118.1012456,40.3869474],[118.1013379,40.385515],[118.1012456,40.3840826],[118.1009693,40.382664],[118.1005118,40.3812728],[118.0998775,40.3799225],[118.0990725,40.378626],[118.0981045,40.3773959],[118.0969829,40.376244],[118.0957185,40.3751814],[118.0943234,40.3742182],[118.0928111,40.3733639],[118.0911962,40.3726266],[118.0894941,40.3720134],[118.0877214,40.3715303],[118.085895,40.3711818],[118.0840326,40.3709714],[118.082152,40.370901],[118.0802714,40.3709714],[118.078409,40.3711818],[118.0765826,40.3715303],[118.0748099,40.3720134],[118.0731078,40.3726266],[118.0714929,40.3733639],[118.0699806,40.3742182],[118.0685855,40.3751814],[118.0673211,40.376244],[118.0661995,40.3773959],[118.0652315,40.378626],[118.0644265,40.3799225],[118.0637922,40.3812728],[118.0633347,40.382664],[118.0630584,40.3840826],[118.0629661,40.385515],[118.0630584,40.3869474],[118.0633347,40.388366],[118.0637922,40.3897572],[118.0644265,40.3911075],[118.0652315,40.392404],[118.0661995,40.3936341],[118.0673211,40.394786],[118.0685855,40.3958486],[118.0699806,40.3968118],[118.0714929,40.3976661],[118.0731078,40.3984034],[118.0748099,40.3990166],[118.0765826,40.3994997],[118.078409,40.3998482],[118.0802714,40.4000586],[118.082152,40.400129]]]},"properties":{"name":"熊山700","peak_elev":700,"radius_m":1625,"layer":"ATS峰值响应半径","rank_pct":0.5483,"center_lon":118.082152,"center_lat":40.385515,"max_mean_jut":149.7736,"max_ats":110.9349,"r_jmean_peak":1250,"r_ats_peak":1625,"r_ats_marginal":562.5,"ats_marginal_rate_max":0.1270597956769526,"ats_marginal_interval_start":500.0,"ats_marginal_interval_end":625.0,"is_expanded":false}},{"type":"Feature","geometry":{"type":"Polygon","coordinates":[[[118.0721817,40.897347],[118.0740763,40.8972766],[118.0759527,40.8970662],[118.0777927,40.8967177],[118.0795787,40.8962346],[118.0812935,40.8956214],[118.0829205,40.8948841],[118.0844441,40.8940298],[118.0858496,40.8930666],[118.0871235,40.892004],[118.0882535,40.8908521],[118.0892287,40.889622],[118.0900397,40.8883255],[118.0906787,40.8869752],[118.0911397,40.885584],[118.091418,40.8841654],[118.0915111,40.882733],[118.091418,40.8813006],[118.0911397,40.879882],[118.0906787,40.8784908],[118.0900397,40.8771405],[118.0892287,40.875844],[118.0882535,40.8746139],[118.0871235,40.873462],[118.0858496,40.8723994],[118.0844441,40.8714362],[118.0829205,40.8705819],[118.0812935,40.8698446],[118.0795787,40.8692314],[118.0777927,40.8687483],[118.0759527,40.8683998],[118.0740763,40.8681894],[118.0721817,40.868119],[118.0702871,40.8681894],[118.0684107,40.8683998],[118.0665707,40.8687483],[118.0647847,40.8692314],[118.0630699,40.8698446],[118.0614429,40.8705819],[118.0599193,40.8714362],[118.0585138,40.8723994],[118.0572399,40.873462],[118.0561099,40.8746139],[118.0551347,40.875844],[118.0543237,40.8771405],[118.0536847,40.8784908],[118.0532238,40.879882],[118.0529454,40.8813006],[118.0528523,40.882733],[118.0529454,40.8841654],[118.0532238,40.885584],[118.0536847,40.8869752],[118.0543237,40.8883255],[118.0551347,40.889622],[118.0561099,40.8908521],[118.0572399,40.892004],[118.0585138,40.8930666],[118.0599193,40.8940298],[118.0614429,40.8948841],[118.0630699,40.8956214],[118.0647847,40.8962346],[118.0665707,40.8967177],[118.0684107,40.8970662],[118.0702871,40.8972766],[118.0721817,40.897347]]]},"properties":{"name":"狮子山854","peak_elev":854,"radius_m":1625,"layer":"ATS峰值响应半径","rank_pct":0.5483,"center_lon":118.07218170166016,"center_lat":40.882733,"max_mean_jut":90.0984,"max_ats":50.621,"r_jmean_peak":1375,"r_ats_peak":1625,"r_ats_marginal":187.5,"ats_marginal_rate_max":0.07547061623828247,"ats_marginal_interval_start":125.0,"ats_marginal_interval_end":250.0,"is_expanded":false}},{"type":"Feature","geometry":{"type":"Polygon","coordinates":[[[119.852731,40.30931],[119.854609,40.3092396],[119.856469,40.3090292],[119.8582929,40.3086807],[119.8600633,40.3081976],[119.861763,40.3075844],[119.8633758,40.3068471],[119.8648861,40.3059928],[119.8662793,40.3050296],[119.867542,40.303967],[119.8686621,40.3028151],[119.8696287,40.301585],[119.8704327,40.3002885],[119.8710661,40.2989382],[119.871523,40.297547],[119.8717989,40.2961284],[119.8718911,40.294696],[119.8717989,40.2932636],[119.871523,40.291845],[119.8710661,40.2904538],[119.8704327,40.2891035],[119.8696287,40.287807],[119.8686621,40.2865769],[119.867542,40.285425],[119.8662793,40.2843624],[119.8648861,40.2833992],[119.8633758,40.2825449],[119.861763,40.2818076],[119.8600633,40.2811944],[119.8582929,40.2807113],[119.856469,40.2803628],[119.854609,40.2801524],[119.852731,40.280082],[119.850853,40.2801524],[119.848993,40.2803628],[119.8471691,40.2807113],[119.8453987,40.2811944],[119.843699,40.2818076],[119.8420862,40.2825449],[119.8405759,40.2833992],[119.8391827,40.2843624],[119.83792,40.285425],[119.8367999,40.2865769],[119.8358333,40.287807],[119.8350293,40.2891035],[119.8343959,40.2904538],[119.833939,40.291845],[119.8336631,40.2932636],[119.8335709,40.294696],[119.8336631,40.2961284],[119.833939,40.297547],[119.8343959,40.2989382],[119.8350293,40.3002885],[119.8358333,40.301585],[119.8367999,40.3028151],[119.83792,40.303967],[119.8391827,40.3050296],[119.8405759,40.3059928],[119.8420862,40.3068471],[119.843699,40.3075844],[119.8453987,40.3081976],[119.8471691,40.3086807],[119.848993,40.3090292],[119.850853,40.3092396],[119.852731,40.30931]]]},"properties":{"name":"龙门山878","peak_elev":875,"radius_m":1625,"layer":"ATS峰值响应半径","rank_pct":0.5483,"center_lon":119.852731,"center_lat":40.294696,"max_mean_jut":175.4726,"max_ats":106.8455,"r_jmean_peak":1375,"r_ats_peak":1625,"r_ats_marginal":437.5,"ats_marginal_rate_max":0.16388126057751215,"ats_marginal_interval_start":375.0,"ats_marginal_interval_end":500.0,"is_expanded":false}},{"type":"Feature","geometry":{"type":"Polygon","coordinates":[[[119.761642,40.2216778],[119.7633733,40.2216129],[119.765088,40.2214186],[119.7667695,40.221097],[119.7684016,40.220651],[119.7699686,40.220085],[119.7714554,40.2194044],[119.7728477,40.2186158],[119.7741321,40.2177267],[119.7752962,40.2167459],[119.7763288,40.2156825],[119.77722,40.2145471],[119.7779611,40.2133503],[119.7785451,40.2121039],[119.7789663,40.2108197],[119.7792206,40.2095102],[119.7793057,40.208188],[119.7792206,40.2068658],[119.7789663,40.2055563],[119.7785451,40.2042721],[119.7779611,40.2030257],[119.77722,40.2018289],[119.7763288,40.2006935],[119.7752962,40.1996301],[119.7741321,40.1986493],[119.7728477,40.1977602],[119.7714554,40.1969716],[119.7699686,40.196291],[119.7684016,40.195725],[119.7667695,40.195279],[119.765088,40.1949574],[119.7633733,40.1947631],[119.761642,40.1946982],[119.7599107,40.1947631],[119.758196,40.1949574],[119.7565145,40.195279],[119.7548824,40.195725],[119.7533154,40.196291],[119.7518286,40.1969716],[119.7504363,40.1977602],[119.7491519,40.1986493],[119.7479878,40.1996301],[119.7469552,40.2006935],[119.746064,40.2018289],[119.7453229,40.2030257],[119.7447389,40.2042721],[119.7443177,40.2055563],[119.7440634,40.2068658],[119.7439783,40.208188],[119.7440634,40.2095102],[119.7443177,40.2108197],[119.7447389,40.2121039],[119.7453229,40.2133503],[119.746064,40.2145471],[119.7469552,40.2156825],[119.7479878,40.2167459],[119.7491519,40.2177267],[119.7504363,40.2186158],[119.7518286,40.2194044],[119.7533154,40.220085],[119.7548824,40.220651],[119.7565145,40.221097],[119.758196,40.2214186],[119.7599107,40.2216129],[119.761642,40.2216778]]]},"properties":{"name":"575无名峰","peak_elev":575,"radius_m":1500,"layer":"ATS峰值响应半径","rank_pct":0.6062,"center_lon":119.761642,"center_lat":40.208188,"max_mean_jut":89.0526,"max_ats":49.1861,"r_jmean_peak":500,"r_ats_peak":1500,"r_ats_marginal":187.5,"ats_marginal_rate_max":0.1520050853331768,"ats_marginal_interval_start":125.0,"ats_marginal_interval_end":250.0,"is_expanded":false}},{"type":"Feature","geometry":{"type":"Polygon","coordinates":[[[118.072989,40.3984658],[118.0747249,40.3984009],[118.076444,40.3982066],[118.0781299,40.397885],[118.0797663,40.397439],[118.0813374,40.396873],[118.0828281,40.3961924],[118.0842241,40.3954038],[118.0855118,40.3945147],[118.086679,40.3935339],[118.0877143,40.3924705],[118.0886078,40.3913351],[118.0893509,40.3901383],[118.0899364,40.3888919],[118.0903587,40.3876077],[118.0906137,40.3862982],[118.090699,40.384976],[118.0906137,40.3836538],[118.0903587,40.3823443],[118.0899364,40.3810601],[118.0893509,40.3798137],[118.0886078,40.3786169],[118.0877143,40.3774815],[118.086679,40.3764181],[118.0855118,40.3754373],[118.0842241,40.3745482],[118.0828281,40.3737596],[118.0813374,40.373079],[118.0797663,40.372513],[118.0781299,40.372067],[118.076444,40.3717454],[118.0747249,40.3715511],[118.072989,40.3714862],[118.0712531,40.3715511],[118.069534,40.3717454],[118.0678481,40.372067],[118.0662117,40.372513],[118.0646406,40.373079],[118.0631499,40.3737596],[118.0617539,40.3745482],[118.0604662,40.3754373],[118.059299,40.3764181],[118.0582637,40.3774815],[118.0573702,40.3786169],[118.0566271,40.3798137],[118.0560416,40.3810601],[118.0556193,40.3823443],[118.0553643,40.3836538],[118.055279,40.384976],[118.0553643,40.3862982],[118.0556193,40.3876077],[118.0560416,40.3888919],[118.0566271,40.3901383],[118.0573702,40.3913351],[118.0582637,40.3924705],[118.059299,40.3935339],[118.0604662,40.3945147],[118.0617539,40.3954038],[118.0631499,40.3961924],[118.0646406,40.396873],[118.0662117,40.397439],[118.0678481,40.397885],[118.069534,40.3982066],[118.0712531,40.3984009],[118.072989,40.3984658]]]},"properties":{"name":"630无名峰","peak_elev":630,"radius_m":1500,"layer":"ATS峰值响应半径","rank_pct":0.6062,"center_lon":118.072989,"center_lat":40.384976,"max_mean_jut":114.0875,"max_ats":80.0157,"r_jmean_peak":1000,"r_ats_peak":1500,"r_ats_marginal":312.5,"ats_marginal_rate_max":0.10109193027255842,"ats_marginal_interval_start":250.0,"ats_marginal_interval_end":375.0,"is_expanded":false}},{"type":"Feature","geometry":{"type":"Polygon","coordinates":[[[118.141983,40.3981968],[118.1437189,40.3981319],[118.1454381,40.3979376],[118.1471239,40.397616],[118.1487603,40.39717],[118.1503314,40.396604],[118.1518221,40.3959234],[118.1532181,40.3951348],[118.1545058,40.3942457],[118.155673,40.3932649],[118.1567083,40.3922015],[118.1576018,40.3910661],[118.1583448,40.3898693],[118.1589303,40.3886229],[118.1593526,40.3873387],[118.1596076,40.3860292],[118.1596929,40.384707],[118.1596076,40.3833848],[118.1593526,40.3820753],[118.1589303,40.3807911],[118.1583448,40.3795447],[118.1576018,40.3783479],[118.1567083,40.3772125],[118.155673,40.3761491],[118.1545058,40.3751683],[118.1532181,40.3742792],[118.1518221,40.3734906],[118.1503314,40.37281],[118.1487603,40.372244],[118.1471239,40.371798],[118.1454381,40.3714764],[118.1437189,40.3712821],[118.141983,40.3712172],[118.1402472,40.3712821],[118.138528,40.3714764],[118.1368421,40.371798],[118.1352058,40.372244],[118.1336346,40.37281],[118.1321439,40.3734906],[118.130748,40.3742792],[118.1294602,40.3751683],[118.1282931,40.3761491],[118.1272578,40.3772125],[118.1263643,40.3783479],[118.1256212,40.3795447],[118.1250357,40.3807911],[118.1246134,40.3820753],[118.1243584,40.3833848],[118.1242731,40.384707],[118.1243584,40.3860292],[118.1246134,40.3873387],[118.1250357,40.3886229],[118.1256212,40.3898693],[118.1263643,40.3910661],[118.1272578,40.3922015],[118.1282931,40.3932649],[118.1294602,40.3942457],[118.130748,40.3951348],[118.1321439,40.3959234],[118.1336346,40.396604],[118.1352058,40.39717],[118.1368421,40.397616],[118.138528,40.3979376],[118.1402472,40.3981319],[118.141983,40.3981968]]]},"properties":{"name":"651无名峰","peak_elev":651,"radius_m":1500,"layer":"ATS峰值响应半径","rank_pct":0.6062,"center_lon":118.14198303222656,"center_lat":40.384707,"max_mean_jut":125.7583,"max_ats":87.2772,"r_jmean_peak":1250,"r_ats_peak":1500,"r_ats_marginal":187.5,"ats_marginal_rate_max":0.16426831637520334,"ats_marginal_interval_start":125.0,"ats_marginal_interval_end":250.0,"is_expanded":false}},{"type":"Feature","geometry":{"type":"Polygon","coordinates":[[[119.171449,40.1122628],[119.1731776,40.1121979],[119.1748895,40.1120036],[119.1765682,40.111682],[119.1781977,40.111236],[119.1797622,40.11067],[119.1812466,40.1099894],[119.1826367,40.1092008],[119.183919,40.1083117],[119.1850812,40.1073309],[119.1861122,40.1062675],[119.1870019,40.1051321],[119.1877418,40.1039353],[119.1883249,40.1026889],[119.1887454,40.1014047],[119.1889993,40.1000952],[119.1890843,40.098773],[119.1889993,40.0974508],[119.1887454,40.0961413],[119.1883249,40.0948571],[119.1877418,40.0936107],[119.1870019,40.0924139],[119.1861122,40.0912785],[119.1850812,40.0902151],[119.183919,40.0892343],[119.1826367,40.0883452],[119.1812466,40.0875566],[119.1797622,40.086876],[119.1781977,40.08631],[119.1765682,40.085864],[119.1748895,40.0855424],[119.1731776,40.0853481],[119.171449,40.0852832],[119.1697204,40.0853481],[119.1680085,40.0855424],[119.1663298,40.085864],[119.1647003,40.08631],[119.1631358,40.086876],[119.1616514,40.0875566],[119.1602613,40.0883452],[119.158979,40.0892343],[119.1578168,40.0902151],[119.1567858,40.0912785],[119.1558961,40.0924139],[119.1551562,40.0936107],[119.1545731,40.0948571],[119.1541526,40.0961413],[119.1538987,40.0974508],[119.1538137,40.098773],[119.1538987,40.1000952],[119.1541526,40.1014047],[119.1545731,40.1026889],[119.1551562,40.1039353],[119.1558961,40.1051321],[119.1567858,40.1062675],[119.1578168,40.1073309],[119.158979,40.1083117],[119.1602613,40.1092008],[119.1616514,40.1099894],[119.1631358,40.11067],[119.1647003,40.111236],[119.1663298,40.111682],[119.1680085,40.1120036],[119.1697204,40.1121979],[119.171449,40.1122628]]]},"properties":{"name":"660无名峰","peak_elev":660,"radius_m":1500,"layer":"ATS峰值响应半径","rank_pct":0.6062,"center_lon":119.171449,"center_lat":40.098773,"max_mean_jut":117.0034,"max_ats":79.6702,"r_jmean_peak":1375,"r_ats_peak":1500,"r_ats_marginal":312.5,"ats_marginal_rate_max":0.12984610816885248,"ats_marginal_interval_start":250.0,"ats_marginal_interval_end":375.0,"is_expanded":false}},{"type":"Feature","geometry":{"type":"Polygon","coordinates":[[[119.7042389,40.2852788],[119.7059719,40.2852139],[119.7076881,40.2850196],[119.7093712,40.284698],[119.7110048,40.284252],[119.7125733,40.283686],[119.7140615,40.2830054],[119.7154551,40.2822168],[119.7167407,40.2813277],[119.7179059,40.2803469],[119.7189395,40.2792835],[119.7198315,40.2781481],[119.7205733,40.2769513],[119.7211579,40.2757049],[119.7215795,40.2744207],[119.721834,40.2731112],[119.7219192,40.271789],[119.721834,40.2704668],[119.7215795,40.2691573],[119.7211579,40.2678731],[119.7205733,40.2666267],[119.7198315,40.2654299],[119.7189395,40.2642945],[119.7179059,40.2632311],[119.7167407,40.2622503],[119.7154551,40.2613612],[119.7140615,40.2605726],[119.7125733,40.259892],[119.7110048,40.259326],[119.7093712,40.25888],[119.7076881,40.2585584],[119.7059719,40.2583641],[119.7042389,40.2582992],[119.7025059,40.2583641],[119.7007896,40.2585584],[119.6991066,40.25888],[119.6974729,40.259326],[119.6959045,40.259892],[119.6944163,40.2605726],[119.6930226,40.2613612],[119.691737,40.2622503],[119.6905718,40.2632311],[119.6895383,40.2642945],[119.6886463,40.2654299],[119.6879044,40.2666267],[119.6873199,40.2678731],[119.6868983,40.2691573],[119.6866437,40.2704668],[119.6865586,40.271789],[119.6866437,40.2731112],[119.6868983,40.2744207],[119.6873199,40.2757049],[119.6879044,40.2769513],[119.6886463,40.2781481],[119.6895383,40.2792835],[119.6905718,40.2803469],[119.691737,40.2813277],[119.6930226,40.2822168],[119.6944163,40.2830054],[119.6959045,40.283686],[119.6974729,40.284252],[119.6991066,40.284698],[119.7007896,40.2850196],[119.7025059,40.2852139],[119.7042389,40.2852788]]]},"properties":{"name":"825无名峰","peak_elev":825,"radius_m":1500,"layer":"ATS峰值响应半径","rank_pct":0.6062,"center_lon":119.70423889160156,"center_lat":40.271789,"max_mean_jut":79.943,"max_ats":40.4001,"r_jmean_peak":1375,"r_ats_peak":1500,"r_ats_marginal":187.5,"ats_marginal_rate_max":0.09469943626967782,"ats_marginal_interval_start":125.0,"ats_marginal_interval_end":250.0,"is_expanded":false}},{"type":"Feature","geometry":{"type":"Polygon","coordinates":[[[118.569667,40.5202778],[118.571406,40.5202129],[118.5731283,40.5200186],[118.5748173,40.519697],[118.5764566,40.519251],[118.5780306,40.518685],[118.579524,40.5180044],[118.5809225,40.5172158],[118.5822126,40.5163267],[118.5833818,40.5153459],[118.584419,40.5142825],[118.5853141,40.5131471],[118.5860586,40.5119503],[118.5866451,40.5107039],[118.5870682,40.5094197],[118.5873237,40.5081102],[118.5874091,40.506788],[118.5873237,40.5054658],[118.5870682,40.5041563],[118.5866451,40.5028721],[118.5860586,40.5016257],[118.5853141,40.5004289],[118.584419,40.4992935],[118.5833818,40.4982301],[118.5822126,40.4972493],[118.5809225,40.4963602],[118.579524,40.4955716],[118.5780306,40.494891],[118.5764566,40.494325],[118.5748173,40.493879],[118.5731283,40.4935574],[118.571406,40.4933631],[118.569667,40.4932982],[118.567928,40.4933631],[118.5662057,40.4935574],[118.5645167,40.493879],[118.5628774,40.494325],[118.5613034,40.494891],[118.55981,40.4955716],[118.5584115,40.4963602],[118.5571214,40.4972493],[118.5559522,40.4982301],[118.554915,40.4992935],[118.5540199,40.5004289],[118.5532754,40.5016257],[118.5526889,40.5028721],[118.5522658,40.5041563],[118.5520103,40.5054658],[118.5519249,40.506788],[118.5520103,40.5081102],[118.5522658,40.5094197],[118.5526889,40.5107039],[118.5532754,40.5119503],[118.5540199,40.5131471],[118.554915,40.5142825],[118.5559522,40.5153459],[118.5571214,40.5163267],[118.5584115,40.5172158],[118.55981,40.5180044],[118.5613034,40.518685],[118.5628774,40.519251],[118.5645167,40.519697],[118.5662057,40.5200186],[118.567928,40.5202129],[118.569667,40.5202778]]]},"properties":{"name":"855无名峰","peak_elev":855,"radius_m":1500,"layer":"ATS峰值响应半径","rank_pct":0.6062,"center_lon":118.569667,"center_lat":40.506788,"max_mean_jut":104.6001,"max_ats":64.7897,"r_jmean_peak":1125,"r_ats_peak":1500,"r_ats_marginal":312.5,"ats_marginal_rate_max":0.08771911547367703,"ats_marginal_interval_start":250.0,"ats_marginal_interval_end":375.0,"is_expanded":false}},{"type":"Feature","geometry":{"type":"Polygon","coordinates":[[[118.589071,40.8089068],[118.5908176,40.8088419],[118.5925473,40.8086476],[118.5942436,40.808326],[118.59589,40.80788],[118.5974708,40.807314],[118.5989707,40.8066334],[118.6003753,40.8058448],[118.6016709,40.8049557],[118.6028453,40.8039749],[118.603887,40.8029115],[118.604786,40.8017761],[118.6055336,40.8005793],[118.6061227,40.7993329],[118.6065476,40.7980487],[118.6068042,40.7967392],[118.60689,40.795417],[118.6068042,40.7940948],[118.6065476,40.7927853],[118.6061227,40.7915011],[118.6055336,40.7902547],[118.604786,40.7890579],[118.603887,40.7879225],[118.6028453,40.7868591],[118.6016709,40.7858783],[118.6003753,40.7849892],[118.5989707,40.7842006],[118.5974708,40.78352],[118.59589,40.782954],[118.5942436,40.782508],[118.5925473,40.7821864],[118.5908176,40.7819921],[118.589071,40.7819272],[118.5873244,40.7819921],[118.5855947,40.7821864],[118.5838984,40.782508],[118.582252,40.782954],[118.5806712,40.78352],[118.5791713,40.7842006],[118.5777667,40.7849892],[118.5764711,40.7858783],[118.5752967,40.7868591],[118.574255,40.7879225],[118.573356,40.7890579],[118.5726084,40.7902547],[118.5720193,40.7915011],[118.5715944,40.7927853],[118.5713378,40.7940948],[118.571252,40.795417],[118.5713378,40.7967392],[118.5715944,40.7980487],[118.5720193,40.7993329],[118.5726084,40.8005793],[118.573356,40.8017761],[118.574255,40.8029115],[118.5752967,40.8039749],[118.5764711,40.8049557],[118.5777667,40.8058448],[118.5791713,40.8066334],[118.5806712,40.807314],[118.582252,40.80788],[118.5838984,40.808326],[118.5855947,40.8086476],[118.5873244,40.8088419],[118.589071,40.8089068]]]},"properties":{"name":"881无名峰","peak_elev":881,"radius_m":1500,"layer":"ATS峰值响应半径","rank_pct":0.6062,"center_lon":118.589071,"center_lat":40.795417,"max_mean_jut":106.4855,"max_ats":72.9599,"r_jmean_peak":1250,"r_ats_peak":1500,"r_ats_marginal":312.5,"ats_marginal_rate_max":0.10193271952764466,"ats_marginal_interval_start":250.0,"ats_marginal_interval_end":375.0,"is_expanded":false}},{"type":"Feature","geometry":{"type":"Polygon","coordinates":[[[118.049004,40.7630918],[118.0507494,40.7630269],[118.0524779,40.7628326],[118.054173,40.762511],[118.0558183,40.762065],[118.057398,40.761499],[118.0588969,40.7608184],[118.0603005,40.7600298],[118.0615952,40.7591407],[118.0627688,40.7581599],[118.0638097,40.7570965],[118.0647081,40.7559611],[118.0654553,40.7547643],[118.066044,40.7535179],[118.0664686,40.7522337],[118.066725,40.7509242],[118.0668107,40.749602],[118.066725,40.7482798],[118.0664686,40.7469703],[118.066044,40.7456861],[118.0654553,40.7444397],[118.0647081,40.7432429],[118.0638097,40.7421075],[118.0627688,40.7410441],[118.0615952,40.7400633],[118.0603005,40.7391742],[118.0588969,40.7383856],[118.057398,40.737705],[118.0558183,40.737139],[118.054173,40.736693],[118.0524779,40.7363714],[118.0507494,40.7361771],[118.049004,40.7361122],[118.0472586,40.7361771],[118.0455301,40.7363714],[118.043835,40.736693],[118.0421897,40.737139],[118.04061,40.737705],[118.0391111,40.7383856],[118.0377075,40.7391742],[118.0364128,40.7400633],[118.0352392,40.7410441],[118.0341983,40.7421075],[118.0332999,40.7432429],[118.0325527,40.7444397],[118.031964,40.7456861],[118.0315394,40.7469703],[118.031283,40.7482798],[118.0311973,40.749602],[118.031283,40.7509242],[118.0315394,40.7522337],[118.031964,40.7535179],[118.0325527,40.7547643],[118.0332999,40.7559611],[118.0341983,40.7570965],[118.0352392,40.7581599],[118.0364128,40.7591407],[118.0377075,40.7600298],[118.0391111,40.7608184],[118.04061,40.761499],[118.0421897,40.762065],[118.043835,40.762511],[118.0455301,40.7628326],[118.0472586,40.7630269],[118.049004,40.7630918]]]},"properties":{"name":"兴隆山1072.1","peak_elev":1064,"radius_m":1500,"layer":"ATS峰值响应半径","rank_pct":0.6062,"center_lon":118.049004,"center_lat":40.749602,"max_mean_jut":124.8522,"max_ats":73.5195,"r_jmean_peak":1500,"r_ats_peak":1500,"r_ats_marginal":562.5,"ats_marginal_rate_max":0.07006739724487744,"ats_marginal_interval_start":500.0,"ats_marginal_interval_end":625.0,"is_expanded":false}},{"type":"Feature","geometry":{"type":"Polygon","coordinates":[[[118.439906,40.4229899],[118.4416425,40.422925],[118.4433623,40.4227307],[118.4450488,40.4224091],[118.4466858,40.4219631],[118.4482575,40.4213971],[118.4497487,40.4207165],[118.4511452,40.4199279],[118.4524334,40.4190389],[118.453601,40.418058],[118.4546367,40.4169947],[118.4555305,40.4158592],[118.4562738,40.4146625],[118.4568596,40.413416],[118.457282,40.4121319],[118.4575371,40.4108224],[118.4576224,40.4095001],[118.4575371,40.4081779],[118.457282,40.4068684],[118.4568596,40.4055842],[118.4562738,40.4043378],[118.4555305,40.4031411],[118.4546367,40.4020056],[118.453601,40.4009423],[118.4524334,40.3999614],[118.4511452,40.3990723],[118.4497487,40.3982837],[118.4482575,40.3976032],[118.4466858,40.3970371],[118.4450488,40.3965912],[118.4433623,40.3962695],[118.4416425,40.3960753],[118.439906,40.3960103],[118.4381695,40.3960753],[118.4364497,40.3962695],[118.4347632,40.3965912],[118.4331262,40.3970371],[118.4315545,40.3976032],[118.4300633,40.3982837],[118.4286668,40.3990723],[118.4273786,40.3999614],[118.426211,40.4009423],[118.4251753,40.4020056],[118.4242815,40.4031411],[118.4235382,40.4043378],[118.4229524,40.4055842],[118.42253,40.4068684],[118.4222749,40.4081779],[118.4221896,40.4095001],[118.4222749,40.4108224],[118.42253,40.4121319],[118.4229524,40.413416],[118.4235382,40.4146625],[118.4242815,40.4158592],[118.4251753,40.4169947],[118.426211,40.418058],[118.4273786,40.4190389],[118.4286668,40.4199279],[118.4300633,40.4207165],[118.4315545,40.4213971],[118.4331262,40.4219631],[118.4347632,40.4224091],[118.4364497,40.4227307],[118.4381695,40.422925],[118.439906,40.4229899]]]},"properties":{"name":"女儿山757","peak_elev":757,"radius_m":1500,"layer":"ATS峰值响应半径","rank_pct":0.6062,"center_lon":118.439906,"center_lat":40.40950012207031,"max_mean_jut":121.467,"max_ats":84.6369,"r_jmean_peak":1250,"r_ats_peak":1500,"r_ats_marginal":187.5,"ats_marginal_rate_max":0.09178474649131337,"ats_marginal_interval_start":125.0,"ats_marginal_interval_end":250.0,"is_expanded":false}},{"type":"Feature","geometry":{"type":"Polygon","coordinates":[[[119.966727,41.1085848],[119.9684815,41.1085199],[119.9702191,41.1083256],[119.9719231,41.108004],[119.973577,41.107558],[119.975165,41.106992],[119.9766717,41.1063114],[119.9780827,41.1055228],[119.9793842,41.1046337],[119.9805639,41.1036529],[119.9816103,41.1025895],[119.9825134,41.1014541],[119.9832645,41.1002573],[119.9838563,41.0990109],[119.9842831,41.0977267],[119.9845408,41.0964172],[119.984627,41.095095],[119.9845408,41.0937728],[119.9842831,41.0924633],[119.9838563,41.0911791],[119.9832645,41.0899327],[119.9825134,41.0887359],[119.9816103,41.0876005],[119.9805639,41.0865371],[119.9793842,41.0855563],[119.9780827,41.0846672],[119.9766717,41.0838786],[119.975165,41.083198],[119.973577,41.082632],[119.9719231,41.082186],[119.9702191,41.0818644],[119.9684815,41.0816701],[119.966727,41.0816052],[119.9649725,41.0816701],[119.9632349,41.0818644],[119.9615309,41.082186],[119.959877,41.082632],[119.958289,41.083198],[119.9567823,41.0838786],[119.9553713,41.0846672],[119.9540698,41.0855563],[119.9528901,41.0865371],[119.9518437,41.0876005],[119.9509406,41.0887359],[119.9501895,41.0899327],[119.9495977,41.0911791],[119.9491709,41.0924633],[119.9489132,41.0937728],[119.948827,41.095095],[119.9489132,41.0964172],[119.9491709,41.0977267],[119.9495977,41.0990109],[119.9501895,41.1002573],[119.9509406,41.1014541],[119.9518437,41.1025895],[119.9528901,41.1036529],[119.9540698,41.1046337],[119.9553713,41.1055228],[119.9567823,41.1063114],[119.958289,41.106992],[119.959877,41.107558],[119.9615309,41.108004],[119.9632349,41.1083256],[119.9649725,41.1085199],[119.966727,41.1085848]]]},"properties":{"name":"楼子山1091","peak_elev":1088,"radius_m":1500,"layer":"ATS峰值响应半径","rank_pct":0.6062,"center_lon":119.966727,"center_lat":41.095095,"max_mean_jut":104.8917,"max_ats":67.1295,"r_jmean_peak":1125,"r_ats_peak":1500,"r_ats_marginal":187.5,"ats_marginal_rate_max":0.1823233377621701,"ats_marginal_interval_start":125.0,"ats_marginal_interval_end":250.0,"is_expanded":false}},{"type":"Feature","geometry":{"type":"Polygon","coordinates":[[[118.381291,40.6684537],[118.3828887,40.6683941],[118.384471,40.6682161],[118.3860226,40.6679212],[118.3875287,40.6675124],[118.3889747,40.6669935],[118.3903468,40.6663697],[118.3916316,40.6656468],[118.3928168,40.6648319],[118.393891,40.6639327],[118.3948439,40.662958],[118.3956662,40.6619171],[118.3963502,40.6608201],[118.3968891,40.6596776],[118.3972777,40.6585004],[118.3975124,40.6573],[118.3975909,40.656088],[118.3975124,40.654876],[118.3972777,40.6536756],[118.3968891,40.6524984],[118.3963502,40.6513559],[118.3956662,40.6502589],[118.3948439,40.649218],[118.393891,40.6482433],[118.3928168,40.6473441],[118.3916316,40.6465292],[118.3903468,40.6458063],[118.3889747,40.6451825],[118.3875287,40.6446636],[118.3860226,40.6442548],[118.384471,40.6439599],[118.3828887,40.6437819],[118.381291,40.6437223],[118.3796933,40.6437819],[118.378111,40.6439599],[118.3765594,40.6442548],[118.3750533,40.6446636],[118.3736073,40.6451825],[118.3722352,40.6458063],[118.3709504,40.6465292],[118.3697652,40.6473441],[118.368691,40.6482433],[118.3677381,40.649218],[118.3669158,40.6502589],[118.3662318,40.6513559],[118.3656929,40.6524984],[118.3653043,40.6536756],[118.3650696,40.654876],[118.3649911,40.656088],[118.3650696,40.6573],[118.3653043,40.6585004],[118.3656929,40.6596776],[118.3662318,40.6608201],[118.3669158,40.6619171],[118.3677381,40.662958],[118.368691,40.6639327],[118.3697652,40.6648319],[118.3709504,40.6656468],[118.3722352,40.6663697],[118.3736073,40.6669935],[118.3750533,40.6675124],[118.3765594,40.6679212],[118.378111,40.6682161],[118.3796933,40.6683941],[118.381291,40.6684537]]]},"properties":{"name":"1034无名峰","peak_elev":1034,"radius_m":1375,"layer":"ATS峰值响应半径","rank_pct":0.6448,"center_lon":118.381291,"center_lat":40.656088,"max_mean_jut":94.2461,"max_ats":53.9815,"r_jmean_peak":1250,"r_ats_peak":1375,"r_ats_marginal":312.5,"ats_marginal_rate_max":0.07235316513764778,"ats_marginal_interval_start":250.0,"ats_marginal_interval_end":375.0,"is_expanded":false}},{"type":"Feature","geometry":{"type":"Polygon","coordinates":[[[118.204233,40.6722267],[118.2058308,40.6721671],[118.2074131,40.6719891],[118.2089649,40.6716942],[118.2104711,40.6712854],[118.2119172,40.6707665],[118.2132893,40.6701427],[118.2145741,40.6694198],[118.2157594,40.6686049],[118.2168337,40.6677057],[118.2177867,40.666731],[118.2186091,40.6656901],[118.219293,40.6645931],[118.2198319,40.6634506],[118.2202206,40.6622734],[118.2204553,40.661073],[118.2205338,40.659861],[118.2204553,40.658649],[118.2202206,40.6574486],[118.2198319,40.6562714],[118.219293,40.6551289],[118.2186091,40.6540319],[118.2177867,40.652991],[118.2168337,40.6520163],[118.2157594,40.6511171],[118.2145741,40.6503022],[118.2132893,40.6495793],[118.2119172,40.6489555],[118.2104711,40.6484366],[118.2089649,40.6480278],[118.2074131,40.6477329],[118.2058308,40.6475549],[118.204233,40.6474953],[118.2026352,40.6475549],[118.2010529,40.6477329],[118.1995011,40.6480278],[118.1979949,40.6484366],[118.1965488,40.6489555],[118.1951767,40.6495793],[118.1938919,40.6503022],[118.1927066,40.6511171],[118.1916323,40.6520163],[118.1906793,40.652991],[118.1898569,40.6540319],[118.189173,40.6551289],[118.1886341,40.6562714],[118.1882454,40.6574486],[118.1880107,40.658649],[118.1879322,40.659861],[118.1880107,40.661073],[118.1882454,40.6622734],[118.1886341,40.6634506],[118.189173,40.6645931],[118.1898569,40.6656901],[118.1906793,40.666731],[118.1916323,40.6677057],[118.1927066,40.6686049],[118.1938919,40.6694198],[118.1951767,40.6701427],[118.1965488,40.6707665],[118.1979949,40.6712854],[118.1995011,40.6716942],[118.2010529,40.6719891],[118.2026352,40.6721671],[118.204233,40.6722267]]]},"properties":{"name":"733无名峰(1)","peak_elev":733,"radius_m":1375,"layer":"ATS峰值响应半径","rank_pct":0.6448,"center_lon":118.204233,"center_lat":40.659861,"max_mean_jut":121.8788,"max_ats":75.0932,"r_jmean_peak":null,"r_ats_peak":1375,"r_ats_marginal":312.5,"ats_marginal_rate_max":0.08686818363054201,"ats_marginal_interval_start":250.0,"ats_marginal_interval_end":375.0,"is_expanded":false}},{"type":"Feature","geometry":{"type":"Polygon","coordinates":[[[119.376804,40.0602047],[119.3783873,40.0601451],[119.3799554,40.0599671],[119.3814931,40.0596722],[119.3829857,40.0592634],[119.3844187,40.0587445],[119.3857784,40.0581207],[119.3870517,40.0573978],[119.3882263,40.0565829],[119.3892909,40.0556837],[119.3902352,40.054709],[119.3910502,40.0536681],[119.3917279,40.0525711],[119.392262,40.0514286],[119.3926472,40.0502514],[119.3928798,40.049051],[119.3929576,40.047839],[119.3928798,40.046627],[119.3926472,40.0454266],[119.392262,40.0442494],[119.3917279,40.0431069],[119.3910502,40.0420099],[119.3902352,40.040969],[119.3892909,40.0399943],[119.3882263,40.0390951],[119.3870517,40.0382802],[119.3857784,40.0375573],[119.3844187,40.0369335],[119.3829857,40.0364146],[119.3814931,40.0360058],[119.3799554,40.0357109],[119.3783873,40.0355329],[119.376804,40.0354733],[119.3752207,40.0355329],[119.3736526,40.0357109],[119.3721149,40.0360058],[119.3706223,40.0364146],[119.3691893,40.0369335],[119.3678296,40.0375573],[119.3665563,40.0382802],[119.3653817,40.0390951],[119.3643171,40.0399943],[119.3633728,40.040969],[119.3625578,40.0420099],[119.3618801,40.0431069],[119.361346,40.0442494],[119.3609608,40.0454266],[119.3607282,40.046627],[119.3606504,40.047839],[119.3607282,40.049051],[119.3609608,40.0502514],[119.361346,40.0514286],[119.3618801,40.0525711],[119.3625578,40.0536681],[119.3633728,40.054709],[119.3643171,40.0556837],[119.3653817,40.0565829],[119.3665563,40.0573978],[119.3678296,40.0581207],[119.3691893,40.0587445],[119.3706223,40.0592634],[119.3721149,40.0596722],[119.3736526,40.0599671],[119.3752207,40.0601451],[119.376804,40.0602047]]]},"properties":{"name":"774无名峰","peak_elev":774,"radius_m":1375,"layer":"ATS峰值响应半径","rank_pct":0.6448,"center_lon":119.376804,"center_lat":40.047839,"max_mean_jut":99.8242,"max_ats":50.0017,"r_jmean_peak":1125,"r_ats_peak":1375,"r_ats_marginal":187.5,"ats_marginal_rate_max":0.08105966483336022,"ats_marginal_interval_start":125.0,"ats_marginal_interval_end":250.0,"is_expanded":false}},{"type":"Feature","geometry":{"type":"Polygon","coordinates":[[[118.208814,40.5240047],[118.2104082,40.5239451],[118.2119871,40.5237671],[118.2135354,40.5234722],[118.2150383,40.5230634],[118.2164812,40.5225445],[118.2178502,40.5219207],[118.2191323,40.5211978],[118.2203149,40.5203829],[118.2213868,40.5194837],[118.2223377,40.518509],[118.2231582,40.5174681],[118.2238407,40.5163711],[118.2243784,40.5152286],[118.2247662,40.5140514],[118.2250004,40.512851],[118.2250788,40.511639],[118.2250004,40.510427],[118.2247662,40.5092266],[118.2243784,40.5080494],[118.2238407,40.5069069],[118.2231582,40.5058099],[118.2223377,40.504769],[118.2213868,40.5037943],[118.2203149,40.5028951],[118.2191323,40.5020802],[118.2178502,40.5013573],[118.2164812,40.5007335],[118.2150383,40.5002146],[118.2135354,40.4998058],[118.2119871,40.4995109],[118.2104082,40.4993329],[118.208814,40.4992733],[118.2072198,40.4993329],[118.2056409,40.4995109],[118.2040926,40.4998058],[118.2025897,40.5002146],[118.2011468,40.5007335],[118.1997778,40.5013573],[118.1984957,40.5020802],[118.1973131,40.5028951],[118.1962412,40.5037943],[118.1952903,40.504769],[118.1944698,40.5058099],[118.1937873,40.5069069],[118.1932496,40.5080494],[118.1928618,40.5092266],[118.1926276,40.510427],[118.1925492,40.511639],[118.1926276,40.512851],[118.1928618,40.5140514],[118.1932496,40.5152286],[118.1937873,40.5163711],[118.1944698,40.5174681],[118.1952903,40.518509],[118.1962412,40.5194837],[118.1973131,40.5203829],[118.1984957,40.5211978],[118.1997778,40.5219207],[118.2011468,40.5225445],[118.2025897,40.5230634],[118.2040926,40.5234722],[118.2056409,40.5237671],[118.2072198,40.5239451],[118.208814,40.5240047]]]},"properties":{"name":"803无名峰(1)","peak_elev":803,"radius_m":1375,"layer":"ATS峰值响应半径","rank_pct":0.6448,"center_lon":118.208814,"center_lat":40.511639,"max_mean_jut":103.6689,"max_ats":56.1827,"r_jmean_peak":null,"r_ats_peak":1375,"r_ats_marginal":187.5,"ats_marginal_rate_max":0.1033101585080919,"ats_marginal_interval_start":125.0,"ats_marginal_interval_end":250.0,"is_expanded":false}},{"type":"Feature","geometry":{"type":"Polygon","coordinates":[[[118.107754,40.5385567],[118.1093486,40.5384971],[118.1109278,40.5383191],[118.1124764,40.5380242],[118.1139796,40.5376154],[118.1154228,40.5370965],[118.1167922,40.5364727],[118.1180745,40.5357498],[118.1192574,40.5349349],[118.1203296,40.5340357],[118.1212806,40.533061],[118.1221013,40.5320201],[118.1227839,40.5309231],[118.1233218,40.5297806],[118.1237097,40.5286034],[118.123944,40.527403],[118.1240223,40.526191],[118.123944,40.524979],[118.1237097,40.5237786],[118.1233218,40.5226014],[118.1227839,40.5214589],[118.1221013,40.5203619],[118.1212806,40.519321],[118.1203296,40.5183463],[118.1192574,40.5174471],[118.1180745,40.5166322],[118.1167922,40.5159093],[118.1154228,40.5152855],[118.1139796,40.5147666],[118.1124764,40.5143578],[118.1109278,40.5140629],[118.1093486,40.5138849],[118.107754,40.5138253],[118.1061594,40.5138849],[118.1045802,40.5140629],[118.1030316,40.5143578],[118.1015284,40.5147666],[118.1000852,40.5152855],[118.0987158,40.5159093],[118.0974335,40.5166322],[118.0962506,40.5174471],[118.0951784,40.5183463],[118.0942274,40.519321],[118.0934067,40.5203619],[118.0927241,40.5214589],[118.0921862,40.5226014],[118.0917983,40.5237786],[118.091564,40.524979],[118.0914857,40.526191],[118.091564,40.527403],[118.0917983,40.5286034],[118.0921862,40.5297806],[118.0927241,40.5309231],[118.0934067,40.5320201],[118.0942274,40.533061],[118.0951784,40.5340357],[118.0962506,40.5349349],[118.0974335,40.5357498],[118.0987158,40.5364727],[118.1000852,40.5370965],[118.1015284,40.5376154],[118.1030316,40.5380242],[118.1045802,40.5383191],[118.1061594,40.5384971],[118.107754,40.5385567]]]},"properties":{"name":"872无名峰","peak_elev":872,"radius_m":1375,"layer":"ATS峰值响应半径","rank_pct":0.6448,"center_lon":118.107754,"center_lat":40.526191,"max_mean_jut":104.2255,"max_ats":54.6819,"r_jmean_peak":875,"r_ats_peak":1375,"r_ats_marginal":187.5,"ats_marginal_rate_max":0.134043181463913,"ats_marginal_interval_start":125.0,"ats_marginal_interval_end":250.0,"is_expanded":false}},{"type":"Feature","geometry":{"type":"Polygon","coordinates":[[[118.226331,40.604853],[118.2279272,40.6047935],[118.2295079,40.6046154],[118.2310581,40.6043205],[118.2325628,40.6039117],[118.2340074,40.6033929],[118.2353781,40.602769],[118.2366617,40.6020461],[118.2378458,40.6012312],[118.238919,40.600332],[118.239871,40.5993573],[118.2406926,40.5983165],[118.2413758,40.5972195],[118.2419142,40.5960769],[118.2423025,40.5948998],[118.242537,40.5936994],[118.2426154,40.5924873],[118.242537,40.5912753],[118.2423025,40.5900749],[118.2419142,40.5888978],[118.2413758,40.5877552],[118.2406926,40.5866582],[118.239871,40.5856173],[118.238919,40.5846426],[118.2378458,40.5837435],[118.2366617,40.5829285],[118.2353781,40.5822057],[118.2340074,40.5815818],[118.2325628,40.5810629],[118.2310581,40.5806541],[118.2295079,40.5803593],[118.2279272,40.5801812],[118.226331,40.5801217],[118.2247348,40.5801812],[118.2231541,40.5803593],[118.2216039,40.5806541],[118.2200992,40.5810629],[118.2186546,40.5815818],[118.2172839,40.5822057],[118.2160003,40.5829285],[118.2148162,40.5837435],[118.213743,40.5846426],[118.212791,40.5856173],[118.2119694,40.5866582],[118.2112862,40.5877552],[118.2107478,40.5888978],[118.2103595,40.5900749],[118.210125,40.5912753],[118.2100466,40.5924873],[118.210125,40.5936994],[118.2103595,40.5948998],[118.2107478,40.5960769],[118.2112862,40.5972195],[118.2119694,40.5983165],[118.212791,40.5993573],[118.213743,40.600332],[118.2148162,40.6012312],[118.2160003,40.6020461],[118.2172839,40.602769],[118.2186546,40.6033929],[118.2200992,40.6039117],[118.2216039,40.6043205],[118.2231541,40.6046154],[118.2247348,40.6047935],[118.226331,40.604853]]]},"properties":{"name":"965无名峰","peak_elev":965,"radius_m":1375,"layer":"ATS峰值响应半径","rank_pct":0.6448,"center_lon":118.226331,"center_lat":40.59248733520508,"max_mean_jut":126.9272,"max_ats":61.9256,"r_jmean_peak":1375,"r_ats_peak":1375,"r_ats_marginal":187.5,"ats_marginal_rate_max":0.1048315051982052,"ats_marginal_interval_start":125.0,"ats_marginal_interval_end":250.0,"is_expanded":false}},{"type":"Feature","geometry":{"type":"Polygon","coordinates":[[[118.205041,40.7067217],[118.2066396,40.7066621],[118.2082228,40.7064841],[118.2097753,40.7061892],[118.2112823,40.7057804],[118.2127291,40.7052615],[118.214102,40.7046377],[118.2153875,40.7039148],[118.2165734,40.7030999],[118.2176482,40.7022007],[118.2186017,40.701226],[118.2194245,40.7001851],[118.2201088,40.6990881],[118.220648,40.6979456],[118.2210369,40.6967684],[118.2212717,40.695568],[118.2213503,40.694356],[118.2212717,40.693144],[118.2210369,40.6919436],[118.220648,40.6907664],[118.2201088,40.6896239],[118.2194245,40.6885269],[118.2186017,40.687486],[118.2176482,40.6865113],[118.2165734,40.6856121],[118.2153875,40.6847972],[118.214102,40.6840743],[118.2127291,40.6834505],[118.2112823,40.6829316],[118.2097753,40.6825228],[118.2082228,40.6822279],[118.2066396,40.6820499],[118.205041,40.6819903],[118.2034424,40.6820499],[118.2018592,40.6822279],[118.2003067,40.6825228],[118.1987997,40.6829316],[118.1973529,40.6834505],[118.19598,40.6840743],[118.1946945,40.6847972],[118.1935086,40.6856121],[118.1924338,40.6865113],[118.1914803,40.687486],[118.1906575,40.6885269],[118.1899732,40.6896239],[118.189434,40.6907664],[118.1890451,40.6919436],[118.1888103,40.693144],[118.1887317,40.694356],[118.1888103,40.695568],[118.1890451,40.6967684],[118.189434,40.6979456],[118.1899732,40.6990881],[118.1906575,40.7001851],[118.1914803,40.701226],[118.1924338,40.7022007],[118.1935086,40.7030999],[118.1946945,40.7039148],[118.19598,40.7046377],[118.1973529,40.7052615],[118.1987997,40.7057804],[118.2003067,40.7061892],[118.2018592,40.7064841],[118.2034424,40.7066621],[118.205041,40.7067217]]]},"properties":{"name":"968无名峰","peak_elev":968,"radius_m":1375,"layer":"ATS峰值响应半径","rank_pct":0.6448,"center_lon":118.205041,"center_lat":40.694356,"max_mean_jut":174.1269,"max_ats":105.7022,"r_jmean_peak":1250,"r_ats_peak":1375,"r_ats_marginal":562.5,"ats_marginal_rate_max":0.10284170493626658,"ats_marginal_interval_start":500.0,"ats_marginal_interval_end":625.0,"is_expanded":false}},{"type":"Feature","geometry":{"type":"Polygon","coordinates":[[[118.514152,40.5591737],[118.5157471,40.5591141],[118.5173268,40.5589361],[118.5188759,40.5586412],[118.5203795,40.5582324],[118.5218232,40.5577135],[118.523193,40.5570897],[118.5244757,40.5563668],[118.525659,40.5555519],[118.5267314,40.5546527],[118.5276827,40.553678],[118.5285038,40.5526371],[118.5291866,40.5515401],[118.5297246,40.5503976],[118.5301126,40.5492204],[118.5303469,40.54802],[118.5304253,40.546808],[118.5303469,40.545596],[118.5301126,40.5443956],[118.5297246,40.5432184],[118.5291866,40.5420759],[118.5285038,40.5409789],[118.5276827,40.539938],[118.5267314,40.5389633],[118.525659,40.5380641],[118.5244757,40.5372492],[118.523193,40.5365263],[118.5218232,40.5359025],[118.5203795,40.5353836],[118.5188759,40.5349748],[118.5173268,40.5346799],[118.5157471,40.5345019],[118.514152,40.5344423],[118.5125569,40.5345019],[118.5109772,40.5346799],[118.5094281,40.5349748],[118.5079245,40.5353836],[118.5064808,40.5359025],[118.505111,40.5365263],[118.5038283,40.5372492],[118.502645,40.5380641],[118.5015726,40.5389633],[118.5006213,40.539938],[118.4998002,40.5409789],[118.4991174,40.5420759],[118.4985794,40.5432184],[118.4981914,40.5443956],[118.4979571,40.545596],[118.4978787,40.546808],[118.4979571,40.54802],[118.4981914,40.5492204],[118.4985794,40.5503976],[118.4991174,40.5515401],[118.4998002,40.5526371],[118.5006213,40.553678],[118.5015726,40.5546527],[118.502645,40.5555519],[118.5038283,40.5563668],[118.505111,40.5570897],[118.5064808,40.5577135],[118.5079245,40.5582324],[118.5094281,40.5586412],[118.5109772,40.5589361],[118.5125569,40.5591141],[118.514152,40.5591737]]]},"properties":{"name":"990无名峰","peak_elev":990,"radius_m":1375,"layer":"ATS峰值响应半径","rank_pct":0.6448,"center_lon":118.514152,"center_lat":40.546808,"max_mean_jut":102.702,"max_ats":61.4326,"r_jmean_peak":1375,"r_ats_peak":1375,"r_ats_marginal":437.5,"ats_marginal_rate_max":0.10213594843776408,"ats_marginal_interval_start":375.0,"ats_marginal_interval_end":500.0,"is_expanded":false}},{"type":"Feature","geometry":{"type":"Polygon","coordinates":[[[118.062479,40.604853],[118.0640752,40.6047935],[118.0656559,40.6046154],[118.0672061,40.6043205],[118.0687108,40.6039117],[118.0701554,40.6033929],[118.0715261,40.602769],[118.0728097,40.6020461],[118.0739938,40.6012312],[118.075067,40.600332],[118.076019,40.5993573],[118.0768406,40.5983165],[118.0775238,40.5972195],[118.0780622,40.5960769],[118.0784505,40.5948998],[118.078685,40.5936994],[118.0787634,40.5924873],[118.078685,40.5912753],[118.0784505,40.5900749],[118.0780622,40.5888978],[118.0775238,40.5877552],[118.0768406,40.5866582],[118.076019,40.5856173],[118.075067,40.5846426],[118.0739938,40.5837435],[118.0728097,40.5829285],[118.0715261,40.5822057],[118.0701554,40.5815818],[118.0687108,40.5810629],[118.0672061,40.5806541],[118.0656559,40.5803593],[118.0640752,40.5801812],[118.062479,40.5801217],[118.0608828,40.5801812],[118.0593021,40.5803593],[118.0577519,40.5806541],[118.0562472,40.5810629],[118.0548026,40.5815818],[118.0534319,40.5822057],[118.0521483,40.5829285],[118.0509642,40.5837435],[118.049891,40.5846426],[118.048939,40.5856173],[118.0481174,40.5866582],[118.0474342,40.5877552],[118.0468958,40.5888978],[118.0465075,40.5900749],[118.046273,40.5912753],[118.0461946,40.5924873],[118.046273,40.5936994],[118.0465075,40.5948998],[118.0468958,40.5960769],[118.0474342,40.5972195],[118.0481174,40.5983165],[118.048939,40.5993573],[118.049891,40.600332],[118.0509642,40.6012312],[118.0521483,40.6020461],[118.0534319,40.602769],[118.0548026,40.6033929],[118.0562472,40.6039117],[118.0577519,40.6043205],[118.0593021,40.6046154],[118.0608828,40.6047935],[118.062479,40.604853]]]},"properties":{"name":"995无名峰(1)","peak_elev":995,"radius_m":1375,"layer":"ATS峰值响应半径","rank_pct":0.6448,"center_lon":118.062479,"center_lat":40.59248733520508,"max_mean_jut":155.6955,"max_ats":82.7747,"r_jmean_peak":1250,"r_ats_peak":1375,"r_ats_marginal":562.5,"ats_marginal_rate_max":0.09031375582897544,"ats_marginal_interval_start":500.0,"ats_marginal_interval_end":625.0,"is_expanded":false}},{"type":"Feature","geometry":{"type":"Polygon","coordinates":[[[118.2190552,40.5754777],[118.2206506,40.5754181],[118.2222307,40.5752401],[118.2237802,40.5749452],[118.2252842,40.5745364],[118.2267282,40.5740175],[118.2280983,40.5733937],[118.2293814,40.5726708],[118.2305649,40.5718559],[118.2316377,40.5709567],[118.2325892,40.569982],[118.2334104,40.5689411],[118.2340934,40.5678441],[118.2346315,40.5667016],[118.2350197,40.5655244],[118.2352541,40.564324],[118.2353324,40.563112],[118.2352541,40.5619],[118.2350197,40.5606996],[118.2346315,40.5595224],[118.2340934,40.5583799],[118.2334104,40.5572829],[118.2325892,40.556242],[118.2316377,40.5552673],[118.2305649,40.5543681],[118.2293814,40.5535532],[118.2280983,40.5528303],[118.2267282,40.5522065],[118.2252842,40.5516876],[118.2237802,40.5512788],[118.2222307,40.5509839],[118.2206506,40.5508059],[118.2190552,40.5507463],[118.2174597,40.5508059],[118.2158796,40.5509839],[118.2143301,40.5512788],[118.2128261,40.5516876],[118.2113821,40.5522065],[118.210012,40.5528303],[118.208729,40.5535532],[118.2075454,40.5543681],[118.2064727,40.5552673],[118.2055211,40.556242],[118.2046999,40.5572829],[118.204017,40.5583799],[118.2034788,40.5595224],[118.2030907,40.5606996],[118.2028563,40.5619],[118.2027779,40.563112],[118.2028563,40.564324],[118.2030907,40.5655244],[118.2034788,40.5667016],[118.204017,40.5678441],[118.2046999,40.5689411],[118.2055211,40.569982],[118.2064727,40.5709567],[118.2075454,40.5718559],[118.208729,40.5726708],[118.210012,40.5733937],[118.2113821,40.5740175],[118.2128261,40.5745364],[118.2143301,40.5749452],[118.2158796,40.5752401],[118.2174597,40.5754181],[118.2190552,40.5754777]]]},"properties":{"name":"东山643","peak_elev":643,"radius_m":1375,"layer":"ATS峰值响应半径","rank_pct":0.6448,"center_lon":118.21905517578124,"center_lat":40.563112,"max_mean_jut":130.1116,"max_ats":97.8057,"r_jmean_peak":1250,"r_ats_peak":1375,"r_ats_marginal":187.5,"ats_marginal_rate_max":0.10059524653125756,"ats_marginal_interval_start":125.0,"ats_marginal_interval_end":250.0,"is_expanded":false}},{"type":"Feature","geometry":{"type":"Polygon","coordinates":[[[118.193722,40.6347667],[118.1953189,40.6347071],[118.1969004,40.6345291],[118.1984512,40.6342342],[118.1999566,40.6338254],[118.2014019,40.6333065],[118.2027732,40.6326827],[118.2040573,40.6319598],[118.205242,40.6311449],[118.2063157,40.6302457],[118.2072681,40.629271],[118.20809,40.6282301],[118.2087736,40.6271331],[118.2093122,40.6259906],[118.2097007,40.6248134],[118.2099352,40.623613],[118.2100137,40.622401],[118.2099352,40.621189],[118.2097007,40.6199886],[118.2093122,40.6188114],[118.2087736,40.6176689],[118.20809,40.6165719],[118.2072681,40.615531],[118.2063157,40.6145563],[118.205242,40.6136571],[118.2040573,40.6128422],[118.2027732,40.6121193],[118.2014019,40.6114955],[118.1999566,40.6109766],[118.1984512,40.6105678],[118.1969004,40.6102729],[118.1953189,40.6100949],[118.193722,40.6100353],[118.1921251,40.6100949],[118.1905436,40.6102729],[118.1889928,40.6105678],[118.1874874,40.6109766],[118.1860421,40.6114955],[118.1846708,40.6121193],[118.1833867,40.6128422],[118.182202,40.6136571],[118.1811283,40.6145563],[118.1801759,40.615531],[118.179354,40.6165719],[118.1786704,40.6176689],[118.1781318,40.6188114],[118.1777433,40.6199886],[118.1775088,40.621189],[118.1774303,40.622401],[118.1775088,40.623613],[118.1777433,40.6248134],[118.1781318,40.6259906],[118.1786704,40.6271331],[118.179354,40.6282301],[118.1801759,40.629271],[118.1811283,40.6302457],[118.182202,40.6311449],[118.1833867,40.6319598],[118.1846708,40.6326827],[118.1860421,40.6333065],[118.1874874,40.6338254],[118.1889928,40.6342342],[118.1905436,40.6345291],[118.1921251,40.6347071],[118.193722,40.6347667]]]},"properties":{"name":"卡杈山1094","peak_elev":1151,"radius_m":1375,"layer":"ATS峰值响应半径","rank_pct":0.6448,"center_lon":118.193722,"center_lat":40.622401,"max_mean_jut":241.4844,"max_ats":153.4555,"r_jmean_peak":1250,"r_ats_peak":1375,"r_ats_marginal":562.5,"ats_marginal_rate_max":0.20450485171671995,"ats_marginal_interval_start":500.0,"ats_marginal_interval_end":625.0,"is_expanded":false}},{"type":"Feature","geometry":{"type":"Polygon","coordinates":[[[118.499868,40.5345147],[118.5014625,40.5344551],[118.5030416,40.5342771],[118.5045901,40.5339822],[118.5060932,40.5335734],[118.5075364,40.5330545],[118.5089056,40.5324307],[118.5101879,40.5317078],[118.5113707,40.5308929],[118.5124428,40.5299937],[118.5133938,40.529019],[118.5142145,40.5279781],[118.514897,40.5268811],[118.5154348,40.5257386],[118.5158227,40.5245614],[118.516057,40.523361],[118.5161353,40.522149],[118.516057,40.520937],[118.5158227,40.5197366],[118.5154348,40.5185594],[118.514897,40.5174169],[118.5142145,40.5163199],[118.5133938,40.515279],[118.5124428,40.5143043],[118.5113707,40.5134051],[118.5101879,40.5125902],[118.5089056,40.5118673],[118.5075364,40.5112435],[118.5060932,40.5107246],[118.5045901,40.5103158],[118.5030416,40.5100209],[118.5014625,40.5098429],[118.499868,40.5097833],[118.4982735,40.5098429],[118.4966944,40.5100209],[118.4951459,40.5103158],[118.4936428,40.5107246],[118.4921996,40.5112435],[118.4908304,40.5118673],[118.4895481,40.5125902],[118.4883653,40.5134051],[118.4872932,40.5143043],[118.4863422,40.515279],[118.4855215,40.5163199],[118.484839,40.5174169],[118.4843012,40.5185594],[118.4839133,40.5197366],[118.483679,40.520937],[118.4836007,40.522149],[118.483679,40.523361],[118.4839133,40.5245614],[118.4843012,40.5257386],[118.484839,40.5268811],[118.4855215,40.5279781],[118.4863422,40.529019],[118.4872932,40.5299937],[118.4883653,40.5308929],[118.4895481,40.5317078],[118.4908304,40.5324307],[118.4921996,40.5330545],[118.4936428,40.5335734],[118.4951459,40.5339822],[118.4966944,40.5342771],[118.4982735,40.5344551],[118.499868,40.5345147]]]},"properties":{"name":"干巴山975","peak_elev":975,"radius_m":1375,"layer":"ATS峰值响应半径","rank_pct":0.6448,"center_lon":118.499868,"center_lat":40.522149,"max_mean_jut":128.4573,"max_ats":84.7226,"r_jmean_peak":1250,"r_ats_peak":1375,"r_ats_marginal":312.5,"ats_marginal_rate_max":0.11595354491291414,"ats_marginal_interval_start":250.0,"ats_marginal_interval_end":375.0,"is_expanded":false}},{"type":"Feature","geometry":{"type":"Polygon","coordinates":[[[118.348682,40.7215437],[118.3502809,40.7214841],[118.3518645,40.7213061],[118.3534174,40.7210112],[118.3549247,40.7206024],[118.3563719,40.7200835],[118.357745,40.7194597],[118.3590308,40.7187368],[118.360217,40.7179219],[118.361292,40.7170227],[118.3622457,40.716048],[118.3630687,40.7150071],[118.3637532,40.7139101],[118.3642925,40.7127676],[118.3646815,40.7115904],[118.3649164,40.71039],[118.3649949,40.709178],[118.3649164,40.707966],[118.3646815,40.7067656],[118.3642925,40.7055884],[118.3637532,40.7044459],[118.3630687,40.7033489],[118.3622457,40.702308],[118.361292,40.7013333],[118.360217,40.7004341],[118.3590308,40.6996192],[118.357745,40.6988963],[118.3563719,40.6982725],[118.3549247,40.6977536],[118.3534174,40.6973448],[118.3518645,40.6970499],[118.3502809,40.6968719],[118.348682,40.6968123],[118.3470831,40.6968719],[118.3454995,40.6970499],[118.3439466,40.6973448],[118.3424393,40.6977536],[118.3409921,40.6982725],[118.339619,40.6988963],[118.3383332,40.6996192],[118.337147,40.7004341],[118.336072,40.7013333],[118.3351183,40.702308],[118.3342953,40.7033489],[118.3336108,40.7044459],[118.3330715,40.7055884],[118.3326825,40.7067656],[118.3324476,40.707966],[118.3323691,40.709178],[118.3324476,40.71039],[118.3326825,40.7115904],[118.3330715,40.7127676],[118.3336108,40.7139101],[118.3342953,40.7150071],[118.3351183,40.716048],[118.336072,40.7170227],[118.337147,40.7179219],[118.3383332,40.7187368],[118.339619,40.7194597],[118.3409921,40.7200835],[118.3424393,40.7206024],[118.3439466,40.7210112],[118.3454995,40.7213061],[118.3470831,40.7214841],[118.348682,40.7215437]]]},"properties":{"name":"猴头子山1007","peak_elev":1048,"radius_m":1375,"layer":"ATS峰值响应半径","rank_pct":0.6448,"center_lon":118.348682,"center_lat":40.709178,"max_mean_jut":179.5263,"max_ats":111.3498,"r_jmean_peak":1125,"r_ats_peak":1375,"r_ats_marginal":187.5,"ats_marginal_rate_max":0.13459152135782743,"ats_marginal_interval_start":125.0,"ats_marginal_interval_end":250.0,"is_expanded":false}},{"type":"Feature","geometry":{"type":"Polygon","coordinates":[[[119.567606,40.3846763],[119.5691969,40.3846168],[119.5707725,40.3844387],[119.5723176,40.3841438],[119.5738174,40.383735],[119.5752573,40.3832162],[119.5766235,40.3825923],[119.5779029,40.3818694],[119.5790831,40.3810545],[119.5801528,40.3801553],[119.5811017,40.3791806],[119.5819205,40.3781398],[119.5826016,40.3770428],[119.5831382,40.3759002],[119.5835252,40.3747231],[119.5837589,40.3735227],[119.5838371,40.3723106],[119.5837589,40.3710986],[119.5835252,40.3698982],[119.5831382,40.3687211],[119.5826016,40.3675785],[119.5819205,40.3664815],[119.5811017,40.3654406],[119.5801528,40.3644659],[119.5790831,40.3635668],[119.5779029,40.3627518],[119.5766235,40.362029],[119.5752573,40.3614051],[119.5738174,40.3608862],[119.5723176,40.3604774],[119.5707725,40.3601826],[119.5691969,40.3600045],[119.567606,40.359945],[119.5660151,40.3600045],[119.5644395,40.3601826],[119.5628944,40.3604774],[119.5613946,40.3608862],[119.5599547,40.3614051],[119.5585885,40.362029],[119.5573091,40.3627518],[119.5561289,40.3635668],[119.5550592,40.3644659],[119.5541103,40.3654406],[119.5532915,40.3664815],[119.5526104,40.3675785],[119.5520738,40.3687211],[119.5516868,40.3698982],[119.5514531,40.3710986],[119.5513749,40.3723106],[119.5514531,40.3735227],[119.5516868,40.3747231],[119.5520738,40.3759002],[119.5526104,40.3770428],[119.5532915,40.3781398],[119.5541103,40.3791806],[119.5550592,40.3801553],[119.5561289,40.3810545],[119.5573091,40.3818694],[119.5585885,40.3825923],[119.5599547,40.3832162],[119.5613946,40.383735],[119.5628944,40.3841438],[119.5644395,40.3844387],[119.5660151,40.3846168],[119.567606,40.3846763]]]},"properties":{"name":"锥山985","peak_elev":985,"radius_m":1375,"layer":"ATS峰值响应半径","rank_pct":0.6448,"center_lon":119.567606,"center_lat":40.37231063842773,"max_mean_jut":129.9463,"max_ats":89.2952,"r_jmean_peak":1125,"r_ats_peak":1375,"r_ats_marginal":187.5,"ats_marginal_rate_max":0.22505468848565052,"ats_marginal_interval_start":125.0,"ats_marginal_interval_end":250.0,"is_expanded":false}},{"type":"Feature","geometry":{"type":"Polygon","coordinates":[[[119.354436,40.0863441],[119.3560199,40.0862846],[119.3575886,40.0861065],[119.3591269,40.0858116],[119.3606201,40.0854028],[119.3620537,40.084884],[119.3634139,40.0842601],[119.3646876,40.0835372],[119.3658627,40.0827223],[119.3669277,40.0818231],[119.3678723,40.0808484],[119.3686876,40.0798076],[119.3693657,40.0787106],[119.3698999,40.077568],[119.3702853,40.0763908],[119.3705179,40.0751905],[119.3705958,40.0739784],[119.3705179,40.0727664],[119.3702853,40.071566],[119.3698999,40.0703889],[119.3693657,40.0692463],[119.3686876,40.0681493],[119.3678723,40.0671084],[119.3669277,40.0661337],[119.3658627,40.0652346],[119.3646876,40.0644196],[119.3634139,40.0636967],[119.3620537,40.0630729],[119.3606201,40.062554],[119.3591269,40.0621452],[119.3575886,40.0618504],[119.3560199,40.0616723],[119.354436,40.0616128],[119.3528521,40.0616723],[119.3512834,40.0618504],[119.3497451,40.0621452],[119.3482519,40.062554],[119.3468183,40.0630729],[119.3454581,40.0636967],[119.3441844,40.0644196],[119.3430093,40.0652346],[119.3419443,40.0661337],[119.3409997,40.0671084],[119.3401844,40.0681493],[119.3395063,40.0692463],[119.3389721,40.0703889],[119.3385867,40.071566],[119.3383541,40.0727664],[119.3382762,40.0739784],[119.3383541,40.0751905],[119.3385867,40.0763908],[119.3389721,40.077568],[119.3395063,40.0787106],[119.3401844,40.0798076],[119.3409997,40.0808484],[119.3419443,40.0818231],[119.3430093,40.0827223],[119.3441844,40.0835372],[119.3454581,40.0842601],[119.3468183,40.084884],[119.3482519,40.0854028],[119.3497451,40.0858116],[119.3512834,40.0861065],[119.3528521,40.0862846],[119.354436,40.0863441]]]},"properties":{"name":"黄牛顶897","peak_elev":897,"radius_m":1375,"layer":"ATS峰值响应半径","rank_pct":0.6448,"center_lon":119.354436,"center_lat":40.073978424072266,"max_mean_jut":117.2289,"max_ats":54.7397,"r_jmean_peak":1250,"r_ats_peak":1375,"r_ats_marginal":562.5,"ats_marginal_rate_max":0.09801174820032134,"ats_marginal_interval_start":500.0,"ats_marginal_interval_end":625.0,"is_expanded":false}},{"type":"Feature","geometry":{"type":"Polygon","coordinates":[[[119.366832,40.6921225],[119.368285,40.6920684],[119.3697239,40.6919065],[119.3711351,40.6916385],[119.3725048,40.6912668],[119.3738198,40.6907951],[119.3750676,40.690228],[119.376236,40.6895708],[119.3773139,40.68883],[119.3782908,40.6880125],[119.3791574,40.6871265],[119.3799053,40.6861802],[119.3805272,40.6851829],[119.3810173,40.6841442],[119.3813708,40.6830741],[119.3815842,40.6819829],[119.3816556,40.680881],[119.3815842,40.6797791],[119.3813708,40.6786879],[119.3810173,40.6776178],[119.3805272,40.6765791],[119.3799053,40.6755818],[119.3791574,40.6746355],[119.3782908,40.6737495],[119.3773139,40.672932],[119.376236,40.6721912],[119.3750676,40.671534],[119.3738198,40.6709669],[119.3725048,40.6704952],[119.3711351,40.6701235],[119.3697239,40.6698555],[119.368285,40.6696936],[119.366832,40.6696395],[119.365379,40.6696936],[119.3639401,40.6698555],[119.3625289,40.6701235],[119.3611592,40.6704952],[119.3598442,40.6709669],[119.3585964,40.671534],[119.357428,40.6721912],[119.3563501,40.672932],[119.3553732,40.6737495],[119.3545066,40.6746355],[119.3537587,40.6755818],[119.3531368,40.6765791],[119.3526467,40.6776178],[119.3522932,40.6786879],[119.3520798,40.6797791],[119.3520084,40.680881],[119.3520798,40.6819829],[119.3522932,40.6830741],[119.3526467,40.6841442],[119.3531368,40.6851829],[119.3537587,40.6861802],[119.3545066,40.6871265],[119.3553732,40.6880125],[119.3563501,40.68883],[119.357428,40.6895708],[119.3585964,40.690228],[119.3598442,40.6907951],[119.3611592,40.6912668],[119.3625289,40.6916385],[119.3639401,40.6919065],[119.365379,40.6920684],[119.366832,40.6921225]]]},"properties":{"name":"1050无名峰(1)","peak_elev":1050,"radius_m":1250,"layer":"ATS峰值响应半径","rank_pct":0.7027,"center_lon":119.366832,"center_lat":40.680881,"max_mean_jut":88.6572,"max_ats":52.1674,"r_jmean_peak":null,"r_ats_peak":1250,"r_ats_marginal":187.5,"ats_marginal_rate_max":0.04786871861309555,"ats_marginal_interval_start":125.0,"ats_marginal_interval_end":250.0,"is_expanded":false}},{"type":"Feature","geometry":{"type":"Polygon","coordinates":[[[119.651149,40.5158735],[119.6525981,40.5158194],[119.6540333,40.5156575],[119.6554407,40.5153895],[119.6568068,40.5150178],[119.6581184,40.5145461],[119.6593629,40.513979],[119.6605282,40.5133218],[119.6616033,40.512581],[119.6625776,40.5117635],[119.6634419,40.5108775],[119.6641879,40.5099312],[119.6648082,40.5089339],[119.665297,40.5078952],[119.6656495,40.5068251],[119.6658624,40.5057339],[119.6659336,40.504632],[119.6658624,40.5035301],[119.6656495,40.5024389],[119.665297,40.5013688],[119.6648082,40.5003301],[119.6641879,40.4993328],[119.6634419,40.4983865],[119.6625776,40.4975005],[119.6616033,40.496683],[119.6605282,40.4959422],[119.6593629,40.495285],[119.6581184,40.4947179],[119.6568068,40.4942462],[119.6554407,40.4938745],[119.6540333,40.4936065],[119.6525981,40.4934446],[119.651149,40.4933905],[119.6496999,40.4934446],[119.6482647,40.4936065],[119.6468573,40.4938745],[119.6454912,40.4942462],[119.6441796,40.4947179],[119.6429351,40.495285],[119.6417698,40.4959422],[119.6406947,40.496683],[119.6397204,40.4975005],[119.6388561,40.4983865],[119.6381101,40.4993328],[119.6374898,40.5003301],[119.637001,40.5013688],[119.6366485,40.5024389],[119.6364356,40.5035301],[119.6363644,40.504632],[119.6364356,40.5057339],[119.6366485,40.5068251],[119.637001,40.5078952],[119.6374898,40.5089339],[119.6381101,40.5099312],[119.6388561,40.5108775],[119.6397204,40.5117635],[119.6406947,40.512581],[119.6417698,40.5133218],[119.6429351,40.513979],[119.6441796,40.5145461],[119.6454912,40.5150178],[119.6468573,40.5153895],[119.6482647,40.5156575],[119.6496999,40.5158194],[119.651149,40.5158735]]]},"properties":{"name":"1080无名峰","peak_elev":1080,"radius_m":1250,"layer":"ATS峰值响应半径","rank_pct":0.7027,"center_lon":119.651149,"center_lat":40.504632,"max_mean_jut":113.3212,"max_ats":70.429,"r_jmean_peak":1125,"r_ats_peak":1250,"r_ats_marginal":312.5,"ats_marginal_rate_max":0.09332272662681285,"ats_marginal_interval_start":250.0,"ats_marginal_interval_end":375.0,"is_expanded":false}},{"type":"Feature","geometry":{"type":"Polygon","coordinates":[[[119.873213,40.5296175],[119.8746624,40.5295634],[119.8760979,40.5294015],[119.8775056,40.5291335],[119.878872,40.5287618],[119.8801838,40.5282901],[119.8814286,40.527723],[119.8825942,40.5270658],[119.8836694,40.526325],[119.884644,40.5255075],[119.8855085,40.5246215],[119.8862545,40.5236752],[119.886875,40.5226779],[119.8873639,40.5216392],[119.8877165,40.5205691],[119.8879294,40.5194779],[119.8880006,40.518376],[119.8879294,40.5172741],[119.8877165,40.5161829],[119.8873639,40.5151128],[119.886875,40.5140741],[119.8862545,40.5130768],[119.8855085,40.5121305],[119.884644,40.5112445],[119.8836694,40.510427],[119.8825942,40.5096862],[119.8814286,40.509029],[119.8801838,40.5084619],[119.878872,40.5079902],[119.8775056,40.5076185],[119.8760979,40.5073505],[119.8746624,40.5071886],[119.873213,40.5071345],[119.8717636,40.5071886],[119.8703281,40.5073505],[119.8689204,40.5076185],[119.867554,40.5079902],[119.8662422,40.5084619],[119.8649974,40.509029],[119.8638318,40.5096862],[119.8627566,40.510427],[119.861782,40.5112445],[119.8609175,40.5121305],[119.8601715,40.5130768],[119.859551,40.5140741],[119.8590621,40.5151128],[119.8587095,40.5161829],[119.8584966,40.5172741],[119.8584254,40.518376],[119.8584966,40.5194779],[119.8587095,40.5205691],[119.8590621,40.5216392],[119.859551,40.5226779],[119.8601715,40.5236752],[119.8609175,40.5246215],[119.861782,40.5255075],[119.8627566,40.526325],[119.8638318,40.5270658],[119.8649974,40.527723],[119.8662422,40.5282901],[119.867554,40.5287618],[119.8689204,40.5291335],[119.8703281,40.5294015],[119.8717636,40.5295634],[119.873213,40.5296175]]]},"properties":{"name":"五指山690","peak_elev":690,"radius_m":1250,"layer":"ATS峰值响应半径","rank_pct":0.7027,"center_lon":119.873213,"center_lat":40.518376,"max_mean_jut":135.5154,"max_ats":91.3921,"r_jmean_peak":1125,"r_ats_peak":1250,"r_ats_marginal":187.5,"ats_marginal_rate_max":0.20655177002842584,"ats_marginal_interval_start":125.0,"ats_marginal_interval_end":250.0,"is_expanded":false}},{"type":"Feature","geometry":{"type":"Polygon","coordinates":[[[118.452976,40.5668075],[118.4544262,40.5667534],[118.4558625,40.5665915],[118.457271,40.5663235],[118.4586381,40.5659518],[118.4599507,40.5654801],[118.4611961,40.564913],[118.4623624,40.5642558],[118.4634382,40.563515],[118.4644133,40.5626975],[118.4652783,40.5618115],[118.4660248,40.5608652],[118.4666456,40.5598679],[118.4671347,40.5588292],[118.4674875,40.5577591],[118.4677006,40.5566679],[118.4677718,40.555566],[118.4677006,40.5544641],[118.4674875,40.5533729],[118.4671347,40.5523028],[118.4666456,40.5512641],[118.4660248,40.5502668],[118.4652783,40.5493205],[118.4644133,40.5484345],[118.4634382,40.547617],[118.4623624,40.5468762],[118.4611961,40.546219],[118.4599507,40.5456519],[118.4586381,40.5451802],[118.457271,40.5448085],[118.4558625,40.5445405],[118.4544262,40.5443786],[118.452976,40.5443245],[118.4515258,40.5443786],[118.4500895,40.5445405],[118.448681,40.5448085],[118.4473139,40.5451802],[118.4460013,40.5456519],[118.4447559,40.546219],[118.4435896,40.5468762],[118.4425138,40.547617],[118.4415387,40.5484345],[118.4406737,40.5493205],[118.4399272,40.5502668],[118.4393064,40.5512641],[118.4388173,40.5523028],[118.4384645,40.5533729],[118.4382514,40.5544641],[118.4381802,40.555566],[118.4382514,40.5566679],[118.4384645,40.5577591],[118.4388173,40.5588292],[118.4393064,40.5598679],[118.4399272,40.5608652],[118.4406737,40.5618115],[118.4415387,40.5626975],[118.4425138,40.563515],[118.4435896,40.5642558],[118.4447559,40.564913],[118.4460013,40.5654801],[118.4473139,40.5659518],[118.448681,40.5663235],[118.4500895,40.5665915],[118.4515258,40.5667534],[118.452976,40.5668075]]]},"properties":{"name":"750无名峰","peak_elev":750,"radius_m":1250,"layer":"ATS峰值响应半径","rank_pct":0.7027,"center_lon":118.452976,"center_lat":40.555566,"max_mean_jut":101.4087,"max_ats":67.8341,"r_jmean_peak":1125,"r_ats_peak":1250,"r_ats_marginal":187.5,"ats_marginal_rate_max":0.07659285829420258,"ats_marginal_interval_start":125.0,"ats_marginal_interval_end":250.0,"is_expanded":false}},{"type":"Feature","geometry":{"type":"Polygon","coordinates":[[[119.622852,40.2970435],[119.6242964,40.2969894],[119.625727,40.2968275],[119.6271298,40.2965595],[119.6284915,40.2961878],[119.6297988,40.2957161],[119.6310392,40.295149],[119.6322008,40.2944918],[119.6332724,40.293751],[119.6342436,40.2929335],[119.6351051,40.2920475],[119.6358485,40.2911012],[119.6364669,40.2901039],[119.6369541,40.2890652],[119.6373055,40.2879951],[119.6375177,40.2869039],[119.6375886,40.285802],[119.6375177,40.2847001],[119.6373055,40.2836089],[119.6369541,40.2825388],[119.6364669,40.2815001],[119.6358485,40.2805028],[119.6351051,40.2795565],[119.6342436,40.2786705],[119.6332724,40.277853],[119.6322008,40.2771122],[119.6310392,40.276455],[119.6297988,40.2758879],[119.6284915,40.2754162],[119.6271298,40.2750445],[119.625727,40.2747765],[119.6242964,40.2746146],[119.622852,40.2745605],[119.6214076,40.2746146],[119.619977,40.2747765],[119.6185742,40.2750445],[119.6172125,40.2754162],[119.6159052,40.2758879],[119.6146648,40.276455],[119.6135032,40.2771122],[119.6124316,40.277853],[119.6114604,40.2786705],[119.6105989,40.2795565],[119.6098555,40.2805028],[119.6092371,40.2815001],[119.6087499,40.2825388],[119.6083985,40.2836089],[119.6081863,40.2847001],[119.6081154,40.285802],[119.6081863,40.2869039],[119.6083985,40.2879951],[119.6087499,40.2890652],[119.6092371,40.2901039],[119.6098555,40.2911012],[119.6105989,40.2920475],[119.6114604,40.2929335],[119.6124316,40.293751],[119.6135032,40.2944918],[119.6146648,40.295149],[119.6159052,40.2957161],[119.6172125,40.2961878],[119.6185742,40.2965595],[119.619977,40.2968275],[119.6214076,40.2969894],[119.622852,40.2970435]]]},"properties":{"name":"783无名峰","peak_elev":783,"radius_m":1250,"layer":"ATS峰值响应半径","rank_pct":0.7027,"center_lon":119.622852,"center_lat":40.285802,"max_mean_jut":65.5508,"max_ats":32.0645,"r_jmean_peak":750,"r_ats_peak":1250,"r_ats_marginal":187.5,"ats_marginal_rate_max":0.049212893794019094,"ats_marginal_interval_start":125.0,"ats_marginal_interval_end":250.0,"is_expanded":false}},{"type":"Feature","geometry":{"type":"Polygon","coordinates":[[[119.095993,40.9241575],[119.0974511,40.9241034],[119.0988951,40.9239415],[119.1003112,40.9236735],[119.1016857,40.9233018],[119.1030053,40.9228301],[119.1042574,40.922263],[119.10543,40.9216058],[119.1065116,40.920865],[119.107492,40.9200475],[119.1083616,40.9191615],[119.1091121,40.9182152],[119.1097362,40.9172179],[119.110228,40.9161792],[119.1105827,40.9151091],[119.1107969,40.9140179],[119.1108686,40.912916],[119.1107969,40.9118141],[119.1105827,40.9107229],[119.110228,40.9096528],[119.1097362,40.9086141],[119.1091121,40.9076168],[119.1083616,40.9066705],[119.107492,40.9057845],[119.1065116,40.904967],[119.10543,40.9042262],[119.1042574,40.903569],[119.1030053,40.9030019],[119.1016857,40.9025302],[119.1003112,40.9021585],[119.0988951,40.9018905],[119.0974511,40.9017286],[119.095993,40.9016745],[119.094535,40.9017286],[119.093091,40.9018905],[119.0916749,40.9021585],[119.0903004,40.9025302],[119.0889808,40.9030019],[119.0877286,40.903569],[119.0865561,40.9042262],[119.0854745,40.904967],[119.0844941,40.9057845],[119.0836245,40.9066705],[119.082874,40.9076168],[119.0822499,40.9086141],[119.0817581,40.9096528],[119.0814033,40.9107229],[119.0811891,40.9118141],[119.0811175,40.912916],[119.0811891,40.9140179],[119.0814033,40.9151091],[119.0817581,40.9161792],[119.0822499,40.9172179],[119.082874,40.9182152],[119.0836245,40.9191615],[119.0844941,40.9200475],[119.0854745,40.920865],[119.0865561,40.9216058],[119.0877286,40.922263],[119.0889808,40.9228301],[119.0903004,40.9233018],[119.0916749,40.9236735],[119.093091,40.9239415],[119.094535,40.9241034],[119.095993,40.9241575]]]},"properties":{"name":"859无名峰","peak_elev":859,"radius_m":1250,"layer":"ATS峰值响应半径","rank_pct":0.7027,"center_lon":119.0959930419922,"center_lat":40.912916,"max_mean_jut":97.3026,"max_ats":62.8968,"r_jmean_peak":1125,"r_ats_peak":1250,"r_ats_marginal":187.5,"ats_marginal_rate_max":0.09890161203357951,"ats_marginal_interval_start":125.0,"ats_marginal_interval_end":250.0,"is_expanded":false}},{"type":"Feature","geometry":{"type":"Polygon","coordinates":[[[118.039302,40.4735625],[118.0407502,40.4735084],[118.0421845,40.4733465],[118.043591,40.4730785],[118.0449563,40.4727068],[118.046267,40.4722351],[118.0475107,40.471668],[118.0486753,40.4710108],[118.0497497,40.47027],[118.0507234,40.4694525],[118.0515872,40.4685665],[118.0523326,40.4676202],[118.0529526,40.4666229],[118.0534411,40.4655842],[118.0537934,40.4645141],[118.0540061,40.4634229],[118.0540773,40.462321],[118.0540061,40.4612191],[118.0537934,40.4601279],[118.0534411,40.4590578],[118.0529526,40.4580191],[118.0523326,40.4570218],[118.0515872,40.4560755],[118.0507234,40.4551895],[118.0497497,40.454372],[118.0486753,40.4536312],[118.0475107,40.452974],[118.046267,40.4524069],[118.0449563,40.4519352],[118.043591,40.4515635],[118.0421845,40.4512955],[118.0407502,40.4511336],[118.039302,40.4510795],[118.0378538,40.4511336],[118.0364195,40.4512955],[118.035013,40.4515635],[118.0336477,40.4519352],[118.032337,40.4524069],[118.0310933,40.452974],[118.0299287,40.4536312],[118.0288543,40.454372],[118.0278806,40.4551895],[118.0270168,40.4560755],[118.0262714,40.4570218],[118.0256514,40.4580191],[118.0251629,40.4590578],[118.0248106,40.4601279],[118.0245979,40.4612191],[118.0245267,40.462321],[118.0245979,40.4634229],[118.0248106,40.4645141],[118.0251629,40.4655842],[118.0256514,40.4666229],[118.0262714,40.4676202],[118.0270168,40.4685665],[118.0278806,40.4694525],[118.0288543,40.47027],[118.0299287,40.4710108],[118.0310933,40.471668],[118.032337,40.4722351],[118.0336477,40.4727068],[118.035013,40.4730785],[118.0364195,40.4733465],[118.0378538,40.4735084],[118.039302,40.4735625]]]},"properties":{"name":"905无名峰","peak_elev":905,"radius_m":1250,"layer":"ATS峰值响应半径","rank_pct":0.7027,"center_lon":118.039302,"center_lat":40.462321,"max_mean_jut":89.1209,"max_ats":50.3732,"r_jmean_peak":1250,"r_ats_peak":1250,"r_ats_marginal":187.5,"ats_marginal_rate_max":0.0741487089678008,"ats_marginal_interval_start":125.0,"ats_marginal_interval_end":250.0,"is_expanded":false}},{"type":"Feature","geometry":{"type":"Polygon","coordinates":[[[118.280769,40.7161075],[118.2822225,40.7160534],[118.283662,40.7158915],[118.2850736,40.7156235],[118.2864438,40.7152518],[118.2877593,40.7147801],[118.2890075,40.714213],[118.2901764,40.7135558],[118.2912547,40.712815],[118.2922319,40.7119975],[118.2930988,40.7111115],[118.293847,40.7101652],[118.2944692,40.7091679],[118.2949594,40.7081292],[118.295313,40.7070591],[118.2955266,40.7059679],[118.295598,40.704866],[118.2955266,40.7037641],[118.295313,40.7026729],[118.2949594,40.7016028],[118.2944692,40.7005641],[118.293847,40.6995668],[118.2930988,40.6986205],[118.2922319,40.6977345],[118.2912547,40.696917],[118.2901764,40.6961762],[118.2890075,40.695519],[118.2877593,40.6949519],[118.2864438,40.6944802],[118.2850736,40.6941085],[118.283662,40.6938405],[118.2822225,40.6936786],[118.280769,40.6936245],[118.2793155,40.6936786],[118.277876,40.6938405],[118.2764644,40.6941085],[118.2750942,40.6944802],[118.2737787,40.6949519],[118.2725305,40.695519],[118.2713616,40.6961762],[118.2702833,40.696917],[118.2693061,40.6977345],[118.2684392,40.6986205],[118.267691,40.6995668],[118.2670688,40.7005641],[118.2665786,40.7016028],[118.266225,40.7026729],[118.2660114,40.7037641],[118.26594,40.704866],[118.2660114,40.7059679],[118.266225,40.7070591],[118.2665786,40.7081292],[118.2670688,40.7091679],[118.267691,40.7101652],[118.2684392,40.7111115],[118.2693061,40.7119975],[118.2702833,40.712815],[118.2713616,40.7135558],[118.2725305,40.714213],[118.2737787,40.7147801],[118.2750942,40.7152518],[118.2764644,40.7156235],[118.277876,40.7158915],[118.2793155,40.7160534],[118.280769,40.7161075]]]},"properties":{"name":"960无名峰","peak_elev":960,"radius_m":1250,"layer":"ATS峰值响应半径","rank_pct":0.7027,"center_lon":118.280769,"center_lat":40.704866,"max_mean_jut":122.9486,"max_ats":65.9948,"r_jmean_peak":1250,"r_ats_peak":1250,"r_ats_marginal":187.5,"ats_marginal_rate_max":0.12422354493420987,"ats_marginal_interval_start":125.0,"ats_marginal_interval_end":250.0,"is_expanded":false}},{"type":"Feature","geometry":{"type":"Polygon","coordinates":[[[118.195339,40.7228455],[118.1967926,40.7227914],[118.1982323,40.7226295],[118.1996441,40.7223615],[118.2010144,40.7219898],[118.20233,40.7215181],[118.2035784,40.720951],[118.2047473,40.7202938],[118.2058257,40.719553],[118.2068031,40.7187355],[118.2076701,40.7178495],[118.2084183,40.7169032],[118.2090406,40.7159059],[118.2095309,40.7148672],[118.2098845,40.7137971],[118.210098,40.7127059],[118.2101695,40.711604],[118.210098,40.7105021],[118.2098845,40.7094109],[118.2095309,40.7083408],[118.2090406,40.7073021],[118.2084183,40.7063048],[118.2076701,40.7053585],[118.2068031,40.7044725],[118.2058257,40.703655],[118.2047473,40.7029142],[118.2035784,40.702257],[118.20233,40.7016899],[118.2010144,40.7012182],[118.1996441,40.7008465],[118.1982323,40.7005785],[118.1967926,40.7004166],[118.195339,40.7003625],[118.1938854,40.7004166],[118.1924457,40.7005785],[118.1910339,40.7008465],[118.1896636,40.7012182],[118.188348,40.7016899],[118.1870996,40.702257],[118.1859307,40.7029142],[118.1848523,40.703655],[118.1838749,40.7044725],[118.1830079,40.7053585],[118.1822597,40.7063048],[118.1816374,40.7073021],[118.1811471,40.7083408],[118.1807935,40.7094109],[118.18058,40.7105021],[118.1805085,40.711604],[118.18058,40.7127059],[118.1807935,40.7137971],[118.1811471,40.7148672],[118.1816374,40.7159059],[118.1822597,40.7169032],[118.1830079,40.7178495],[118.1838749,40.7187355],[118.1848523,40.719553],[118.1859307,40.7202938],[118.1870996,40.720951],[118.188348,40.7215181],[118.1896636,40.7219898],[118.1910339,40.7223615],[118.1924457,40.7226295],[118.1938854,40.7227914],[118.195339,40.7228455]]]},"properties":{"name":"986无名峰","peak_elev":986,"radius_m":1250,"layer":"ATS峰值响应半径","rank_pct":0.7027,"center_lon":118.195339,"center_lat":40.711604,"max_mean_jut":131.0667,"max_ats":69.5096,"r_jmean_peak":750,"r_ats_peak":1250,"r_ats_marginal":187.5,"ats_marginal_rate_max":0.20324448809932097,"ats_marginal_interval_start":125.0,"ats_marginal_interval_end":250.0,"is_expanded":false}},{"type":"Feature","geometry":{"type":"Polygon","coordinates":[[[118.989001,40.8031545],[118.9904564,40.8031004],[118.9918978,40.8029385],[118.9933113,40.8026705],[118.9946832,40.8022988],[118.9960005,40.8018271],[118.9972503,40.80126],[118.9984207,40.8006028],[118.9995004,40.799862],[119.000479,40.7990445],[119.001347,40.7981585],[119.0020961,40.7972122],[119.0027191,40.7962149],[119.00321,40.7951762],[119.0035641,40.7941061],[119.0037779,40.7930149],[119.0038494,40.791913],[119.0037779,40.7908111],[119.0035641,40.7897199],[119.00321,40.7886498],[119.0027191,40.7876111],[119.0020961,40.7866138],[119.001347,40.7856675],[119.000479,40.7847815],[118.9995004,40.783964],[118.9984207,40.7832232],[118.9972503,40.782566],[118.9960005,40.7819989],[118.9946832,40.7815272],[118.9933113,40.7811555],[118.9918978,40.7808875],[118.9904564,40.7807256],[118.989001,40.7806715],[118.9875456,40.7807256],[118.9861042,40.7808875],[118.9846907,40.7811555],[118.9833188,40.7815272],[118.9820015,40.7819989],[118.9807517,40.782566],[118.9795813,40.7832232],[118.9785016,40.783964],[118.977523,40.7847815],[118.976655,40.7856675],[118.9759059,40.7866138],[118.9752829,40.7876111],[118.974792,40.7886498],[118.9744379,40.7897199],[118.9742241,40.7908111],[118.9741526,40.791913],[118.9742241,40.7930149],[118.9744379,40.7941061],[118.974792,40.7951762],[118.9752829,40.7962149],[118.9759059,40.7972122],[118.976655,40.7981585],[118.977523,40.7990445],[118.9785016,40.799862],[118.9795813,40.8006028],[118.9807517,40.80126],[118.9820015,40.8018271],[118.9833188,40.8022988],[118.9846907,40.8026705],[118.9861042,40.8029385],[118.9875456,40.8031004],[118.989001,40.8031545]]]},"properties":{"name":"小窑沟梁尖989","peak_elev":989,"radius_m":1250,"layer":"ATS峰值响应半径","rank_pct":0.7027,"center_lon":118.989001,"center_lat":40.791913,"max_mean_jut":123.9263,"max_ats":75.6532,"r_jmean_peak":1125,"r_ats_peak":1250,"r_ats_marginal":187.5,"ats_marginal_rate_max":0.14105281716880785,"ats_marginal_interval_start":125.0,"ats_marginal_interval_end":250.0,"is_expanded":false}},{"type":"Feature","geometry":{"type":"Polygon","coordinates":[[[118.070024,40.769199],[118.0714787,40.7691448],[118.0729193,40.768983],[118.0743321,40.7687149],[118.0757033,40.7683433],[118.0770199,40.7678716],[118.0782691,40.7673044],[118.0794389,40.7666473],[118.080518,40.7659064],[118.0814961,40.765089],[118.0823637,40.7642029],[118.0831124,40.7632567],[118.0837351,40.7622594],[118.0842258,40.7612207],[118.0845796,40.7601506],[118.0847933,40.7590593],[118.0848648,40.7579575],[118.0847933,40.7568556],[118.0845796,40.7557643],[118.0842258,40.7546942],[118.0837351,40.7536555],[118.0831124,40.7526582],[118.0823637,40.751712],[118.0814961,40.7508259],[118.080518,40.7500085],[118.0794389,40.7492676],[118.0782691,40.7486105],[118.0770199,40.7480433],[118.0757033,40.7475716],[118.0743321,40.7472],[118.0729193,40.7469319],[118.0714787,40.7467701],[118.070024,40.7467159],[118.0685693,40.7467701],[118.0671287,40.7469319],[118.0657159,40.7472],[118.0643447,40.7475716],[118.0630281,40.7480433],[118.0617789,40.7486105],[118.0606091,40.7492676],[118.05953,40.7500085],[118.0585519,40.7508259],[118.0576843,40.751712],[118.0569356,40.7526582],[118.0563129,40.7536555],[118.0558222,40.7546942],[118.0554684,40.7557643],[118.0552547,40.7568556],[118.0551832,40.7579575],[118.0552547,40.7590593],[118.0554684,40.7601506],[118.0558222,40.7612207],[118.0563129,40.7622594],[118.0569356,40.7632567],[118.0576843,40.7642029],[118.0585519,40.765089],[118.05953,40.7659064],[118.0606091,40.7666473],[118.0617789,40.7673044],[118.0630281,40.7678716],[118.0643447,40.7683433],[118.0657159,40.7687149],[118.0671287,40.768983],[118.0685693,40.7691448],[118.070024,40.769199]]]},"properties":{"name":"北山大尖1027","peak_elev":1040,"radius_m":1250,"layer":"ATS峰值响应半径","rank_pct":0.7027,"center_lon":118.070024,"center_lat":40.757957458496094,"max_mean_jut":142.3538,"max_ats":77.9655,"r_jmean_peak":1250,"r_ats_peak":1250,"r_ats_marginal":187.5,"ats_marginal_rate_max":0.14260786491119723,"ats_marginal_interval_start":125.0,"ats_marginal_interval_end":250.0,"is_expanded":false}},{"type":"Feature","geometry":{"type":"Polygon","coordinates":[[[118.183751,40.6856555],[118.1852038,40.6856014],[118.1866427,40.6854395],[118.1880537,40.6851715],[118.1894232,40.6847998],[118.1907381,40.6843281],[118.1919858,40.683761],[118.1931541,40.6831038],[118.1942319,40.682363],[118.1952087,40.6815455],[118.1960752,40.6806595],[118.196823,40.6797132],[118.1974449,40.6787159],[118.1979349,40.6776772],[118.1982884,40.6766071],[118.1985018,40.6755159],[118.1985732,40.674414],[118.1985018,40.6733121],[118.1982884,40.6722209],[118.1979349,40.6711508],[118.1974449,40.6701121],[118.196823,40.6691148],[118.1960752,40.6681685],[118.1952087,40.6672825],[118.1942319,40.666465],[118.1931541,40.6657242],[118.1919858,40.665067],[118.1907381,40.6644999],[118.1894232,40.6640282],[118.1880537,40.6636565],[118.1866427,40.6633885],[118.1852038,40.6632266],[118.183751,40.6631725],[118.1822982,40.6632266],[118.1808593,40.6633885],[118.1794483,40.6636565],[118.1780788,40.6640282],[118.1767639,40.6644999],[118.1755162,40.665067],[118.1743479,40.6657242],[118.1732701,40.666465],[118.1722933,40.6672825],[118.1714268,40.6681685],[118.170679,40.6691148],[118.1700571,40.6701121],[118.1695671,40.6711508],[118.1692136,40.6722209],[118.1690002,40.6733121],[118.1689288,40.674414],[118.1690002,40.6755159],[118.1692136,40.6766071],[118.1695671,40.6776772],[118.1700571,40.6787159],[118.170679,40.6797132],[118.1714268,40.6806595],[118.1722933,40.6815455],[118.1732701,40.682363],[118.1743479,40.6831038],[118.1755162,40.683761],[118.1767639,40.6843281],[118.1780788,40.6847998],[118.1794483,40.6851715],[118.1808593,40.6854395],[118.1822982,40.6856014],[118.183751,40.6856555]]]},"properties":{"name":"大老头子沟山顶673","peak_elev":673,"radius_m":1250,"layer":"ATS峰值响应半径","rank_pct":0.7027,"center_lon":118.183751,"center_lat":40.674414,"max_mean_jut":111.0868,"max_ats":71.7867,"r_jmean_peak":1000,"r_ats_peak":1250,"r_ats_marginal":437.5,"ats_marginal_rate_max":0.08250252800059403,"ats_marginal_interval_start":375.0,"ats_marginal_interval_end":500.0,"is_expanded":false}},{"type":"Feature","geometry":{"type":"Polygon","coordinates":[[[119.902857,40.8058495],[119.9043125,40.8057954],[119.9057539,40.8056335],[119.9071674,40.8053655],[119.9085395,40.8049938],[119.9098568,40.8045221],[119.9111067,40.803955],[119.9122771,40.8032978],[119.9133568,40.802557],[119.9143354,40.8017395],[119.9152035,40.8008535],[119.9159526,40.7999072],[119.9165757,40.7989099],[119.9170666,40.7978712],[119.9174207,40.7968011],[119.9176345,40.7957099],[119.917706,40.794608],[119.9176345,40.7935061],[119.9174207,40.7924149],[119.9170666,40.7913448],[119.9165757,40.7903061],[119.9159526,40.7893088],[119.9152035,40.7883625],[119.9143354,40.7874765],[119.9133568,40.786659],[119.9122771,40.7859182],[119.9111067,40.785261],[119.9098568,40.7846939],[119.9085395,40.7842222],[119.9071674,40.7838505],[119.9057539,40.7835825],[119.9043125,40.7834206],[119.902857,40.7833665],[119.9014015,40.7834206],[119.8999601,40.7835825],[119.8985466,40.7838505],[119.8971745,40.7842222],[119.8958572,40.7846939],[119.8946073,40.785261],[119.8934369,40.7859182],[119.8923572,40.786659],[119.8913786,40.7874765],[119.8905105,40.7883625],[119.8897614,40.7893088],[119.8891383,40.7903061],[119.8886474,40.7913448],[119.8882933,40.7924149],[119.8880795,40.7935061],[119.888008,40.794608],[119.8880795,40.7957099],[119.8882933,40.7968011],[119.8886474,40.7978712],[119.8891383,40.7989099],[119.8897614,40.7999072],[119.8905105,40.8008535],[119.8913786,40.8017395],[119.8923572,40.802557],[119.8934369,40.8032978],[119.8946073,40.803955],[119.8958572,40.8045221],[119.8971745,40.8049938],[119.8985466,40.8053655],[119.8999601,40.8056335],[119.9014015,40.8057954],[119.902857,40.8058495]]]},"properties":{"name":"小猴山1012","peak_elev":1012,"radius_m":1250,"layer":"ATS峰值响应半径","rank_pct":0.7027,"center_lon":119.902857,"center_lat":40.794608,"max_mean_jut":119.988,"max_ats":76.5919,"r_jmean_peak":1250,"r_ats_peak":1250,"r_ats_marginal":187.5,"ats_marginal_rate_max":0.13633979619675382,"ats_marginal_interval_start":125.0,"ats_marginal_interval_end":250.0,"is_expanded":false}},{"type":"Feature","geometry":{"type":"Polygon","coordinates":[[[118.8828201,40.7853211],[118.8841297,40.7852724],[118.8854266,40.7851267],[118.8866984,40.7848854],[118.8879328,40.7845509],[118.8891181,40.7841264],[118.8902426,40.783616],[118.8912957,40.7830245],[118.8922672,40.7823578],[118.8931477,40.7816221],[118.8939287,40.7808246],[118.8946028,40.779973],[118.8951633,40.7790755],[118.895605,40.7781406],[118.8959236,40.7771775],[118.896116,40.7761954],[118.8961803,40.7752037],[118.896116,40.774212],[118.8959236,40.7732299],[118.895605,40.7722668],[118.8951633,40.771332],[118.8946028,40.7704344],[118.8939287,40.7695828],[118.8931477,40.7687853],[118.8922672,40.7680496],[118.8912957,40.7673829],[118.8902426,40.7667914],[118.8891181,40.766281],[118.8879328,40.7658565],[118.8866984,40.765522],[118.8854266,40.7652807],[118.8841297,40.7651351],[118.8828201,40.7650863],[118.8815106,40.7651351],[118.8802137,40.7652807],[118.8789419,40.765522],[118.8777074,40.7658565],[118.8765222,40.766281],[118.8753976,40.7667914],[118.8743445,40.7673829],[118.8733731,40.7680496],[118.8724926,40.7687853],[118.8717115,40.7695828],[118.8710375,40.7704344],[118.8704769,40.771332],[118.8700352,40.7722668],[118.8697167,40.7732299],[118.8695243,40.774212],[118.8694599,40.7752037],[118.8695243,40.7761954],[118.8697167,40.7771775],[118.8700352,40.7781406],[118.8704769,40.7790755],[118.8710375,40.779973],[118.8717115,40.7808246],[118.8724926,40.7816221],[118.8733731,40.7823578],[118.8743445,40.7830245],[118.8753976,40.783616],[118.8765222,40.7841264],[118.8777074,40.7845509],[118.8789419,40.7848854],[118.8802137,40.7851267],[118.8815106,40.7852724],[118.8828201,40.7853211]]]},"properties":{"name":"1062无名峰","peak_elev":1062,"radius_m":1125,"layer":"ATS峰值响应半径","rank_pct":0.7529,"center_lon":118.88282012939452,"center_lat":40.775203704833984,"max_mean_jut":67.4234,"max_ats":37.8238,"r_jmean_peak":1000,"r_ats_peak":1125,"r_ats_marginal":187.5,"ats_marginal_rate_max":0.08473464827975348,"ats_marginal_interval_start":125.0,"ats_marginal_interval_end":250.0,"is_expanded":false}},{"type":"Feature","geometry":{"type":"Polygon","coordinates":[[[118.013161,40.3729954],[118.0144625,40.3729467],[118.0157514,40.372801],[118.0170154,40.3725597],[118.0182423,40.3722252],[118.0194203,40.3718007],[118.0205379,40.3712903],[118.0215845,40.3706988],[118.02255,40.3700321],[118.0234251,40.3692964],[118.0242014,40.3684989],[118.0248713,40.3676473],[118.0254284,40.3667497],[118.0258674,40.3658149],[118.026184,40.3648518],[118.0263752,40.3638697],[118.0264391,40.362878],[118.0263752,40.3618863],[118.026184,40.3609042],[118.0258674,40.3599411],[118.0254284,40.3590063],[118.0248713,40.3581087],[118.0242014,40.3572571],[118.0234251,40.3564596],[118.02255,40.3557239],[118.0215845,40.3550572],[118.0205379,40.3544657],[118.0194203,40.3539553],[118.0182423,40.3535308],[118.0170154,40.3531963],[118.0157514,40.352955],[118.0144625,40.3528093],[118.013161,40.3527606],[118.0118595,40.3528093],[118.0105706,40.352955],[118.0093066,40.3531963],[118.0080797,40.3535308],[118.0069017,40.3539553],[118.0057841,40.3544657],[118.0047375,40.3550572],[118.003772,40.3557239],[118.0028969,40.3564596],[118.0021206,40.3572571],[118.0014507,40.3581087],[118.0008936,40.3590063],[118.0004546,40.3599411],[118.000138,40.3609042],[117.9999468,40.3618863],[117.9998829,40.362878],[117.9999468,40.3638697],[118.000138,40.3648518],[118.0004546,40.3658149],[118.0008936,40.3667497],[118.0014507,40.3676473],[118.0021206,40.3684989],[118.0028969,40.3692964],[118.003772,40.3700321],[118.0047375,40.3706988],[118.0057841,40.3712903],[118.0069017,40.3718007],[118.0080797,40.3722252],[118.0093066,40.3725597],[118.0105706,40.372801],[118.0118595,40.3729467],[118.013161,40.3729954]]]},"properties":{"name":"665无名峰(1)","peak_elev":665,"radius_m":1125,"layer":"ATS峰值响应半径","rank_pct":0.7529,"center_lon":118.013161,"center_lat":40.362878,"max_mean_jut":121.2064,"max_ats":81.263,"r_jmean_peak":1000,"r_ats_peak":1125,"r_ats_marginal":312.5,"ats_marginal_rate_max":0.11288768854638866,"ats_marginal_interval_start":250.0,"ats_marginal_interval_end":375.0,"is_expanded":false}},{"type":"Feature","geometry":{"type":"Polygon","coordinates":[[[118.069755,40.6861466],[118.0710626,40.6860979],[118.0723576,40.6859522],[118.0736275,40.6857109],[118.0748601,40.6853764],[118.0760436,40.6849519],[118.0771665,40.6844415],[118.078218,40.68385],[118.079188,40.6831833],[118.0800672,40.6824476],[118.080847,40.6816501],[118.0815201,40.6807985],[118.0820798,40.679901],[118.0825209,40.6789661],[118.082839,40.678003],[118.083031,40.6770209],[118.0830953,40.6760292],[118.083031,40.6750375],[118.082839,40.6740554],[118.0825209,40.6730923],[118.0820798,40.6721575],[118.0815201,40.6712599],[118.080847,40.6704083],[118.0800672,40.6696108],[118.079188,40.6688751],[118.078218,40.6682084],[118.0771665,40.6676169],[118.0760436,40.6671065],[118.0748601,40.666682],[118.0736275,40.6663475],[118.0723576,40.6661062],[118.0710626,40.6659606],[118.069755,40.6659118],[118.0684474,40.6659606],[118.0671524,40.6661062],[118.0658825,40.6663475],[118.0646499,40.666682],[118.0634664,40.6671065],[118.0623435,40.6676169],[118.061292,40.6682084],[118.060322,40.6688751],[118.0594428,40.6696108],[118.058663,40.6704083],[118.0579899,40.6712599],[118.0574302,40.6721575],[118.0569891,40.6730923],[118.056671,40.6740554],[118.056479,40.6750375],[118.0564147,40.6760292],[118.056479,40.6770209],[118.056671,40.678003],[118.0569891,40.6789661],[118.0574302,40.679901],[118.0579899,40.6807985],[118.058663,40.6816501],[118.0594428,40.6824476],[118.060322,40.6831833],[118.061292,40.68385],[118.0623435,40.6844415],[118.0634664,40.6849519],[118.0646499,40.6853764],[118.0658825,40.6857109],[118.0671524,40.6859522],[118.0684474,40.6860979],[118.069755,40.6861466]]]},"properties":{"name":"742无名峰","peak_elev":742,"radius_m":1125,"layer":"ATS峰值响应半径","rank_pct":0.7529,"center_lon":118.069755,"center_lat":40.676029205322266,"max_mean_jut":96.2364,"max_ats":57.0453,"r_jmean_peak":1000,"r_ats_peak":1125,"r_ats_marginal":187.5,"ats_marginal_rate_max":0.12164072072641843,"ats_marginal_interval_start":125.0,"ats_marginal_interval_end":250.0,"is_expanded":false}},{"type":"Feature","geometry":{"type":"Polygon","coordinates":[[[118.3738785,40.5837404],[118.3751841,40.5836917],[118.3764771,40.583546],[118.377745,40.5833047],[118.3789758,40.5829702],[118.3801574,40.5825457],[118.3812786,40.5820353],[118.3823285,40.5814438],[118.383297,40.5807771],[118.3841749,40.5800414],[118.3849535,40.5792439],[118.3856255,40.5783923],[118.3861844,40.5774947],[118.3866248,40.5765599],[118.3869424,40.5755968],[118.3871342,40.5746147],[118.3871983,40.573623],[118.3871342,40.5726313],[118.3869424,40.5716492],[118.3866248,40.5706861],[118.3861844,40.5697513],[118.3856255,40.5688537],[118.3849535,40.5680021],[118.3841749,40.5672046],[118.383297,40.5664689],[118.3823285,40.5658022],[118.3812786,40.5652107],[118.3801574,40.5647003],[118.3789758,40.5642758],[118.377745,40.5639413],[118.3764771,40.5637],[118.3751841,40.5635543],[118.3738785,40.5635056],[118.3725729,40.5635543],[118.3712799,40.5637],[118.3700119,40.5639413],[118.3687812,40.5642758],[118.3675995,40.5647003],[118.3664784,40.5652107],[118.3654285,40.5658022],[118.3644599,40.5664689],[118.3635821,40.5672046],[118.3628034,40.5680021],[118.3621314,40.5688537],[118.3615725,40.5697513],[118.3611322,40.5706861],[118.3608146,40.5716492],[118.3606228,40.5726313],[118.3605586,40.573623],[118.3606228,40.5746147],[118.3608146,40.5755968],[118.3611322,40.5765599],[118.3615725,40.5774947],[118.3621314,40.5783923],[118.3628034,40.5792439],[118.3635821,40.5800414],[118.3644599,40.5807771],[118.3654285,40.5814438],[118.3664784,40.5820353],[118.3675995,40.5825457],[118.3687812,40.5829702],[118.3700119,40.5833047],[118.3712799,40.583546],[118.3725729,40.5836917],[118.3738785,40.5837404]]]},"properties":{"name":"747无名峰","peak_elev":747,"radius_m":1125,"layer":"ATS峰值响应半径","rank_pct":0.7529,"center_lon":118.3738784790039,"center_lat":40.573623,"max_mean_jut":136.7836,"max_ats":79.1992,"r_jmean_peak":875,"r_ats_peak":1125,"r_ats_marginal":187.5,"ats_marginal_rate_max":0.16452144750400055,"ats_marginal_interval_start":125.0,"ats_marginal_interval_end":250.0,"is_expanded":false}},{"type":"Feature","geometry":{"type":"Polygon","coordinates":[[[118.012622,40.7721164],[118.0139313,40.7720677],[118.0152279,40.771922],[118.0164995,40.7716807],[118.0177337,40.7713462],[118.0189187,40.7709217],[118.020043,40.7704113],[118.0210959,40.7698198],[118.0220672,40.7691531],[118.0229475,40.7684174],[118.0237284,40.7676199],[118.0244023,40.7667683],[118.0249627,40.7658707],[118.0254044,40.7649359],[118.0257229,40.7639728],[118.0259152,40.7629907],[118.0259795,40.761999],[118.0259152,40.7610073],[118.0257229,40.7600252],[118.0254044,40.7590621],[118.0249627,40.7581273],[118.0244023,40.7572297],[118.0237284,40.7563781],[118.0229475,40.7555806],[118.0220672,40.7548449],[118.0210959,40.7541782],[118.020043,40.7535867],[118.0189187,40.7530763],[118.0177337,40.7526518],[118.0164995,40.7523173],[118.0152279,40.752076],[118.0139313,40.7519303],[118.012622,40.7518816],[118.0113127,40.7519303],[118.0100161,40.752076],[118.0087445,40.7523173],[118.0075103,40.7526518],[118.0063253,40.7530763],[118.005201,40.7535867],[118.0041481,40.7541782],[118.0031768,40.7548449],[118.0022965,40.7555806],[118.0015156,40.7563781],[118.0008417,40.7572297],[118.0002813,40.7581273],[117.9998396,40.7590621],[117.9995211,40.7600252],[117.9993288,40.7610073],[117.9992645,40.761999],[117.9993288,40.7629907],[117.9995211,40.7639728],[117.9998396,40.7649359],[118.0002813,40.7658707],[118.0008417,40.7667683],[118.0015156,40.7676199],[118.0022965,40.7684174],[118.0031768,40.7691531],[118.0041481,40.7698198],[118.005201,40.7704113],[118.0063253,40.7709217],[118.0075103,40.7713462],[118.0087445,40.7716807],[118.0100161,40.771922],[118.0113127,40.7720677],[118.012622,40.7721164]]]},"properties":{"name":"779无名峰","peak_elev":779,"radius_m":1125,"layer":"ATS峰值响应半径","rank_pct":0.7529,"center_lon":118.012622,"center_lat":40.761999,"max_mean_jut":108.6419,"max_ats":63.2848,"r_jmean_peak":875,"r_ats_peak":1125,"r_ats_marginal":187.5,"ats_marginal_rate_max":0.0943532282945175,"ats_marginal_interval_start":125.0,"ats_marginal_interval_end":250.0,"is_expanded":false}},{"type":"Feature","geometry":{"type":"Polygon","coordinates":[[[118.320924,40.57808],[118.3222295,40.5780313],[118.3235224,40.5778856],[118.3247902,40.5776444],[118.3260209,40.5773099],[118.3272024,40.5768854],[118.3283235,40.5763749],[118.3293733,40.5757835],[118.3303418,40.5751167],[118.3312195,40.574381],[118.3319981,40.5735836],[118.3326701,40.5727319],[118.3332289,40.5718344],[118.3336692,40.5708996],[118.3339868,40.5699364],[118.3341786,40.5689543],[118.3342427,40.5679626],[118.3341786,40.566971],[118.3339868,40.5659888],[118.3336692,40.5650257],[118.3332289,40.5640909],[118.3326701,40.5631934],[118.3319981,40.5623417],[118.3312195,40.5615443],[118.3303418,40.5608086],[118.3293733,40.5601418],[118.3283235,40.5595504],[118.3272024,40.5590399],[118.3260209,40.5586154],[118.3247902,40.5582809],[118.3235224,40.5580397],[118.3222295,40.557894],[118.320924,40.5578453],[118.3196185,40.557894],[118.3183256,40.5580397],[118.3170578,40.5582809],[118.3158271,40.5586154],[118.3146456,40.5590399],[118.3135245,40.5595504],[118.3124747,40.5601418],[118.3115062,40.5608086],[118.3106285,40.5615443],[118.3098499,40.5623417],[118.3091779,40.5631934],[118.3086191,40.5640909],[118.3081788,40.5650257],[118.3078612,40.5659888],[118.3076694,40.566971],[118.3076053,40.5679626],[118.3076694,40.5689543],[118.3078612,40.5699364],[118.3081788,40.5708996],[118.3086191,40.5718344],[118.3091779,40.5727319],[118.3098499,40.5735836],[118.3106285,40.574381],[118.3115062,40.5751167],[118.3124747,40.5757835],[118.3135245,40.5763749],[118.3146456,40.5768854],[118.3158271,40.5773099],[118.3170578,40.5776444],[118.3183256,40.5778856],[118.3196185,40.5780313],[118.320924,40.57808]]]},"properties":{"name":"792无名峰","peak_elev":792,"radius_m":1125,"layer":"ATS峰值响应半径","rank_pct":0.7529,"center_lon":118.320924,"center_lat":40.567962646484375,"max_mean_jut":114.7171,"max_ats":51.1524,"r_jmean_peak":875,"r_ats_peak":1125,"r_ats_marginal":187.5,"ats_marginal_rate_max":0.1204792598054907,"ats_marginal_interval_start":125.0,"ats_marginal_interval_end":250.0,"is_expanded":false}},{"type":"Feature","geometry":{"type":"Polygon","coordinates":[[[118.660487,40.6435669],[118.6617937,40.6435182],[118.6630879,40.6433725],[118.664357,40.6431313],[118.6655888,40.6427968],[118.6667716,40.6423723],[118.6678937,40.6418618],[118.6689446,40.6412704],[118.669914,40.6406036],[118.6707926,40.6398679],[118.671572,40.6390705],[118.6722446,40.6382188],[118.672804,40.6373213],[118.6732447,40.6363865],[118.6735626,40.6354234],[118.6737546,40.6344412],[118.6738188,40.6334496],[118.6737546,40.6324579],[118.6735626,40.6314758],[118.6732447,40.6305126],[118.672804,40.6295778],[118.6722446,40.6286803],[118.671572,40.6278286],[118.6707926,40.6270312],[118.669914,40.6262955],[118.6689446,40.6256287],[118.6678937,40.6250373],[118.6667716,40.6245268],[118.6655888,40.6241023],[118.664357,40.6237678],[118.6630879,40.6235266],[118.6617937,40.6233809],[118.660487,40.6233322],[118.6591803,40.6233809],[118.6578861,40.6235266],[118.656617,40.6237678],[118.6553852,40.6241023],[118.6542024,40.6245268],[118.6530803,40.6250373],[118.6520294,40.6256287],[118.65106,40.6262955],[118.6501814,40.6270312],[118.649402,40.6278286],[118.6487294,40.6286803],[118.64817,40.6295778],[118.6477293,40.6305126],[118.6474114,40.6314758],[118.6472194,40.6324579],[118.6471552,40.6334496],[118.6472194,40.6344412],[118.6474114,40.6354234],[118.6477293,40.6363865],[118.64817,40.6373213],[118.6487294,40.6382188],[118.649402,40.6390705],[118.6501814,40.6398679],[118.65106,40.6406036],[118.6520294,40.6412704],[118.6530803,40.6418618],[118.6542024,40.6423723],[118.6553852,40.6427968],[118.656617,40.6431313],[118.6578861,40.6433725],[118.6591803,40.6435182],[118.660487,40.6435669]]]},"properties":{"name":"892无名峰","peak_elev":892,"radius_m":1125,"layer":"ATS峰值响应半径","rank_pct":0.7529,"center_lon":118.660487,"center_lat":40.63344955444336,"max_mean_jut":109.9216,"max_ats":66.8692,"r_jmean_peak":750,"r_ats_peak":1125,"r_ats_marginal":187.5,"ats_marginal_rate_max":0.17799499337194327,"ats_marginal_interval_start":125.0,"ats_marginal_interval_end":250.0,"is_expanded":false}},{"type":"Feature","geometry":{"type":"Polygon","coordinates":[[[118.6048355,40.8186043],[118.6061457,40.8185556],[118.6074433,40.8184099],[118.6087157,40.8181687],[118.6099508,40.8178342],[118.6111366,40.8174097],[118.6122618,40.8168992],[118.6133154,40.8163078],[118.6142873,40.815641],[118.6151682,40.8149053],[118.6159497,40.8141078],[118.616624,40.8132562],[118.6171849,40.8123587],[118.6176268,40.8114239],[118.6179455,40.8104607],[118.618138,40.8094786],[118.6182024,40.8084869],[118.618138,40.8074953],[118.6179455,40.8065131],[118.6176268,40.80555],[118.6171849,40.8046152],[118.616624,40.8037176],[118.6159497,40.802866],[118.6151682,40.8020685],[118.6142873,40.8013329],[118.6133154,40.8006661],[118.6122618,40.8000747],[118.6111366,40.7995642],[118.6099508,40.7991397],[118.6087157,40.7988052],[118.6074433,40.798564],[118.6061457,40.7984183],[118.6048355,40.7983696],[118.6035253,40.7984183],[118.6022278,40.798564],[118.6009553,40.7988052],[118.5997202,40.7991397],[118.5985344,40.7995642],[118.5974093,40.8000747],[118.5963557,40.8006661],[118.5953837,40.8013329],[118.5945028,40.8020685],[118.5937214,40.802866],[118.593047,40.8037176],[118.5924861,40.8046152],[118.5920442,40.80555],[118.5917255,40.8065131],[118.591533,40.8074953],[118.5914686,40.8084869],[118.591533,40.8094786],[118.5917255,40.8104607],[118.5920442,40.8114239],[118.5924861,40.8123587],[118.593047,40.8132562],[118.5937214,40.8141078],[118.5945028,40.8149053],[118.5953837,40.815641],[118.5963557,40.8163078],[118.5974093,40.8168992],[118.5985344,40.8174097],[118.5997202,40.8178342],[118.6009553,40.8181687],[118.6022278,40.8184099],[118.6035253,40.8185556],[118.6048355,40.8186043]]]},"properties":{"name":"911无名峰(3)","peak_elev":911,"radius_m":1125,"layer":"ATS峰值响应半径","rank_pct":0.7529,"center_lon":118.6048355102539,"center_lat":40.80848693847656,"max_mean_jut":117.5965,"max_ats":75.6834,"r_jmean_peak":875,"r_ats_peak":1125,"r_ats_marginal":187.5,"ats_marginal_rate_max":0.1324207518960609,"ats_marginal_interval_start":125.0,"ats_marginal_interval_end":250.0,"is_expanded":false}},{"type":"Feature","geometry":{"type":"Polygon","coordinates":[[[118.026905,40.4411782],[118.0282078,40.4411294],[118.0294981,40.4409838],[118.0307633,40.4407425],[118.0319915,40.440408],[118.0331706,40.4399835],[118.0342894,40.4394731],[118.0353371,40.4388816],[118.0363036,40.4382149],[118.0371795,40.4374792],[118.0379565,40.4366817],[118.0386271,40.4358301],[118.0391848,40.4349325],[118.0396242,40.4339977],[118.0399412,40.4330346],[118.0401326,40.4320525],[118.0401966,40.4310608],[118.0401326,40.4300691],[118.0399412,40.429087],[118.0396242,40.4281239],[118.0391848,40.427189],[118.0386271,40.4262915],[118.0379565,40.4254399],[118.0371795,40.4246424],[118.0363036,40.4239067],[118.0353371,40.42324],[118.0342894,40.4226485],[118.0331706,40.4221381],[118.0319915,40.4217136],[118.0307633,40.4213791],[118.0294981,40.4211378],[118.0282078,40.4209921],[118.026905,40.4209434],[118.0256022,40.4209921],[118.0243119,40.4211378],[118.0230467,40.4213791],[118.0218185,40.4217136],[118.0206394,40.4221381],[118.0195206,40.4226485],[118.0184729,40.42324],[118.0175064,40.4239067],[118.0166305,40.4246424],[118.0158535,40.4254399],[118.0151829,40.4262915],[118.0146252,40.427189],[118.0141858,40.4281239],[118.0138688,40.429087],[118.0136774,40.4300691],[118.0136134,40.4310608],[118.0136774,40.4320525],[118.0138688,40.4330346],[118.0141858,40.4339977],[118.0146252,40.4349325],[118.0151829,40.4358301],[118.0158535,40.4366817],[118.0166305,40.4374792],[118.0175064,40.4382149],[118.0184729,40.4388816],[118.0195206,40.4394731],[118.0206394,40.4399835],[118.0218185,40.440408],[118.0230467,40.4407425],[118.0243119,40.4409838],[118.0256022,40.4411294],[118.026905,40.4411782]]]},"properties":{"name":"东蛇皮741","peak_elev":741,"radius_m":1125,"layer":"ATS峰值响应半径","rank_pct":0.7529,"center_lon":118.026905,"center_lat":40.431060791015625,"max_mean_jut":93.5632,"max_ats":55.1862,"r_jmean_peak":1000,"r_ats_peak":1125,"r_ats_marginal":187.5,"ats_marginal_rate_max":0.06967419639173733,"ats_marginal_interval_start":125.0,"ats_marginal_interval_end":250.0,"is_expanded":false}},{"type":"Feature","geometry":{"type":"Polygon","coordinates":[[[118.314187,40.5922294],[118.3154927,40.5921807],[118.3167859,40.592035],[118.318054,40.5917937],[118.3192849,40.5914592],[118.3204667,40.5910347],[118.3215881,40.5905243],[118.3226381,40.5899328],[118.3236068,40.5892661],[118.3244847,40.5885304],[118.3252635,40.5877329],[118.3259355,40.5868813],[118.3264945,40.5859837],[118.3269349,40.5850489],[118.3272526,40.5840858],[118.3274444,40.5831037],[118.3275085,40.582112],[118.3274444,40.5811203],[118.3272526,40.5801382],[118.3269349,40.5791751],[118.3264945,40.5782403],[118.3259355,40.5773427],[118.3252635,40.5764911],[118.3244847,40.5756936],[118.3236068,40.5749579],[118.3226381,40.5742912],[118.3215881,40.5736997],[118.3204667,40.5731893],[118.3192849,40.5727648],[118.318054,40.5724303],[118.3167859,40.572189],[118.3154927,40.5720433],[118.314187,40.5719946],[118.3128813,40.5720433],[118.3115881,40.572189],[118.31032,40.5724303],[118.3090891,40.5727648],[118.3079073,40.5731893],[118.3067859,40.5736997],[118.3057359,40.5742912],[118.3047672,40.5749579],[118.3038893,40.5756936],[118.3031105,40.5764911],[118.3024385,40.5773427],[118.3018795,40.5782403],[118.3014391,40.5791751],[118.3011214,40.5801382],[118.3009296,40.5811203],[118.3008655,40.582112],[118.3009296,40.5831037],[118.3011214,40.5840858],[118.3014391,40.5850489],[118.3018795,40.5859837],[118.3024385,40.5868813],[118.3031105,40.5877329],[118.3038893,40.5885304],[118.3047672,40.5892661],[118.3057359,40.5899328],[118.3067859,40.5905243],[118.3079073,40.5910347],[118.3090891,40.5914592],[118.31032,40.5917937],[118.3115881,40.592035],[118.3128813,40.5921807],[118.314187,40.5922294]]]},"properties":{"name":"塌山813","peak_elev":813,"radius_m":1125,"layer":"ATS峰值响应半径","rank_pct":0.7529,"center_lon":118.314187,"center_lat":40.582112,"max_mean_jut":112.6968,"max_ats":66.0127,"r_jmean_peak":1000,"r_ats_peak":1125,"r_ats_marginal":312.5,"ats_marginal_rate_max":0.12487874905070345,"ats_marginal_interval_start":250.0,"ats_marginal_interval_end":375.0,"is_expanded":false}},{"type":"Feature","geometry":{"type":"Polygon","coordinates":[[[119.099763,40.2005184],[119.1010612,40.2004697],[119.1023468,40.200324],[119.1036076,40.2000827],[119.1048314,40.1997482],[119.1060063,40.1993237],[119.1071211,40.1988133],[119.1081651,40.1982218],[119.1091281,40.1975551],[119.110001,40.1968194],[119.1107752,40.1960219],[119.1114434,40.1951703],[119.1119991,40.1942727],[119.112437,40.1933379],[119.1127528,40.1923748],[119.1129435,40.1913927],[119.1130073,40.190401],[119.1129435,40.1894093],[119.1127528,40.1884272],[119.112437,40.1874641],[119.1119991,40.1865293],[119.1114434,40.1856317],[119.1107752,40.1847801],[119.110001,40.1839826],[119.1091281,40.1832469],[119.1081651,40.1825802],[119.1071211,40.1819887],[119.1060063,40.1814783],[119.1048314,40.1810538],[119.1036076,40.1807193],[119.1023468,40.180478],[119.1010612,40.1803323],[119.099763,40.1802836],[119.0984648,40.1803323],[119.0971792,40.180478],[119.0959184,40.1807193],[119.0946946,40.1810538],[119.0935197,40.1814783],[119.0924049,40.1819887],[119.0913609,40.1825802],[119.0903979,40.1832469],[119.089525,40.1839826],[119.0887508,40.1847801],[119.0880826,40.1856317],[119.0875269,40.1865293],[119.087089,40.1874641],[119.0867732,40.1884272],[119.0865825,40.1894093],[119.0865187,40.190401],[119.0865825,40.1913927],[119.0867732,40.1923748],[119.087089,40.1933379],[119.0875269,40.1942727],[119.0880826,40.1951703],[119.0887508,40.1960219],[119.089525,40.1968194],[119.0903979,40.1975551],[119.0913609,40.1982218],[119.0924049,40.1988133],[119.0935197,40.1993237],[119.0946946,40.1997482],[119.0959184,40.2000827],[119.0971792,40.200324],[119.0984648,40.2004697],[119.099763,40.2005184]]]},"properties":{"name":"影午山566","peak_elev":566,"radius_m":1125,"layer":"ATS峰值响应半径","rank_pct":0.7529,"center_lon":119.099763,"center_lat":40.190401,"max_mean_jut":136.9736,"max_ats":98.2589,"r_jmean_peak":1000,"r_ats_peak":1125,"r_ats_marginal":687.5,"ats_marginal_rate_max":0.13967765070828045,"ats_marginal_interval_start":625.0,"ats_marginal_interval_end":750.0,"is_expanded":false}},{"type":"Feature","geometry":{"type":"Polygon","coordinates":[[[118.169468,40.5920944],[118.1707737,40.5920457],[118.1720669,40.5919],[118.173335,40.5916587],[118.1745659,40.5913242],[118.1757477,40.5908997],[118.176869,40.5903893],[118.1779191,40.5897978],[118.1788877,40.5891311],[118.1797657,40.5883954],[118.1805444,40.5875979],[118.1812165,40.5867463],[118.1817755,40.5858487],[118.1822159,40.5849139],[118.1825335,40.5839508],[118.1827254,40.5829687],[118.1827895,40.581977],[118.1827254,40.5809853],[118.1825335,40.5800032],[118.1822159,40.5790401],[118.1817755,40.5781053],[118.1812165,40.5772077],[118.1805444,40.5763561],[118.1797657,40.5755586],[118.1788877,40.5748229],[118.1779191,40.5741562],[118.176869,40.5735647],[118.1757477,40.5730543],[118.1745659,40.5726298],[118.173335,40.5722953],[118.1720669,40.572054],[118.1707737,40.5719083],[118.169468,40.5718596],[118.1681623,40.5719083],[118.1668691,40.572054],[118.165601,40.5722953],[118.1643701,40.5726298],[118.1631883,40.5730543],[118.162067,40.5735647],[118.1610169,40.5741562],[118.1600483,40.5748229],[118.1591703,40.5755586],[118.1583916,40.5763561],[118.1577195,40.5772077],[118.1571605,40.5781053],[118.1567201,40.5790401],[118.1564025,40.5800032],[118.1562106,40.5809853],[118.1561465,40.581977],[118.1562106,40.5829687],[118.1564025,40.5839508],[118.1567201,40.5849139],[118.1571605,40.5858487],[118.1577195,40.5867463],[118.1583916,40.5875979],[118.1591703,40.5883954],[118.1600483,40.5891311],[118.1610169,40.5897978],[118.162067,40.5903893],[118.1631883,40.5908997],[118.1643701,40.5913242],[118.165601,40.5916587],[118.1668691,40.5919],[118.1681623,40.5920457],[118.169468,40.5920944]]]},"properties":{"name":"河口西山624","peak_elev":624,"radius_m":1125,"layer":"ATS峰值响应半径","rank_pct":0.7529,"center_lon":118.169468,"center_lat":40.581977,"max_mean_jut":128.2964,"max_ats":94.1645,"r_jmean_peak":1000,"r_ats_peak":1125,"r_ats_marginal":812.5,"ats_marginal_rate_max":0.13893344961975185,"ats_marginal_interval_start":750.0,"ats_marginal_interval_end":875.0,"is_expanded":false}},{"type":"Feature","geometry":{"type":"Polygon","coordinates":[[[118.394496,41.0370294],[118.3958105,41.0369807],[118.3971124,41.036835],[118.398389,41.0365937],[118.3996282,41.0362592],[118.400818,41.0358347],[118.4019468,41.0353243],[118.4030039,41.0347328],[118.4039791,41.0340661],[118.4048629,41.0333304],[118.4056469,41.0325329],[118.4063236,41.0316813],[118.4068863,41.0307837],[118.4073296,41.0298489],[118.4076494,41.0288858],[118.4078425,41.0279037],[118.4079071,41.026912],[118.4078425,41.0259203],[118.4076494,41.0249382],[118.4073296,41.0239751],[118.4068863,41.0230403],[118.4063236,41.0221427],[118.4056469,41.0212911],[118.4048629,41.0204936],[118.4039791,41.0197579],[118.4030039,41.0190912],[118.4019468,41.0184997],[118.400818,41.0179893],[118.3996282,41.0175648],[118.398389,41.0172303],[118.3971124,41.016989],[118.3958105,41.0168433],[118.394496,41.0167946],[118.3931815,41.0168433],[118.3918796,41.016989],[118.390603,41.0172303],[118.3893638,41.0175648],[118.388174,41.0179893],[118.3870452,41.0184997],[118.3859881,41.0190912],[118.3850129,41.0197579],[118.3841291,41.0204936],[118.3833451,41.0212911],[118.3826684,41.0221427],[118.3821057,41.0230403],[118.3816624,41.0239751],[118.3813426,41.0249382],[118.3811495,41.0259203],[118.3810849,41.026912],[118.3811495,41.0279037],[118.3813426,41.0288858],[118.3816624,41.0298489],[118.3821057,41.0307837],[118.3826684,41.0316813],[118.3833451,41.0325329],[118.3841291,41.0333304],[118.3850129,41.0340661],[118.3859881,41.0347328],[118.3870452,41.0353243],[118.388174,41.0358347],[118.3893638,41.0362592],[118.390603,41.0365937],[118.3918796,41.036835],[118.3931815,41.0369807],[118.394496,41.0370294]]]},"properties":{"name":"石湖上1070","peak_elev":1063,"radius_m":1125,"layer":"ATS峰值响应半径","rank_pct":0.7529,"center_lon":118.394496,"center_lat":41.026912,"max_mean_jut":94.8778,"max_ats":50.9461,"r_jmean_peak":750,"r_ats_peak":1125,"r_ats_marginal":187.5,"ats_marginal_rate_max":0.134114685788771,"ats_marginal_interval_start":125.0,"ats_marginal_interval_end":250.0,"is_expanded":false}},{"type":"Feature","geometry":{"type":"Polygon","coordinates":[[[118.905188,40.7853211],[118.9064975,40.7852724],[118.9077944,40.7851267],[118.9090663,40.7848854],[118.9103007,40.7845509],[118.9114859,40.7841264],[118.9126105,40.783616],[118.9136636,40.7830245],[118.9146351,40.7823578],[118.9155156,40.7816221],[118.9162966,40.7808246],[118.9169706,40.779973],[118.9175312,40.7790755],[118.9179729,40.7781406],[118.9182915,40.7771775],[118.9184838,40.7761954],[118.9185482,40.7752037],[118.9184838,40.774212],[118.9182915,40.7732299],[118.9179729,40.7722668],[118.9175312,40.771332],[118.9169706,40.7704344],[118.9162966,40.7695828],[118.9155156,40.7687853],[118.9146351,40.7680496],[118.9136636,40.7673829],[118.9126105,40.7667914],[118.9114859,40.766281],[118.9103007,40.7658565],[118.9090663,40.765522],[118.9077944,40.7652807],[118.9064975,40.7651351],[118.905188,40.7650863],[118.9038785,40.7651351],[118.9025816,40.7652807],[118.9013097,40.765522],[118.9000753,40.7658565],[118.8988901,40.766281],[118.8977655,40.7667914],[118.8967124,40.7673829],[118.8957409,40.7680496],[118.8948604,40.7687853],[118.8940794,40.7695828],[118.8934054,40.7704344],[118.8928448,40.771332],[118.8924031,40.7722668],[118.8920845,40.7732299],[118.8918922,40.774212],[118.8918278,40.7752037],[118.8918922,40.7761954],[118.8920845,40.7771775],[118.8924031,40.7781406],[118.8928448,40.7790755],[118.8934054,40.779973],[118.8940794,40.7808246],[118.8948604,40.7816221],[118.8957409,40.7823578],[118.8967124,40.7830245],[118.8977655,40.783616],[118.8988901,40.7841264],[118.9000753,40.7845509],[118.9013097,40.7848854],[118.9025816,40.7851267],[118.9038785,40.7852724],[118.905188,40.7853211]]]},"properties":{"name":"红石砬1204","peak_elev":1200,"radius_m":1125,"layer":"ATS峰值响应半径","rank_pct":0.7529,"center_lon":118.905188,"center_lat":40.775203704833984,"max_mean_jut":131.4805,"max_ats":76.3559,"r_jmean_peak":1000,"r_ats_peak":1125,"r_ats_marginal":187.5,"ats_marginal_rate_max":0.16619714283343034,"ats_marginal_interval_start":125.0,"ats_marginal_interval_end":250.0,"is_expanded":false}},{"type":"Feature","geometry":{"type":"Polygon","coordinates":[[[118.976604,41.0193784],[118.9779182,41.0193297],[118.9792197,41.019184],[118.980496,41.0189427],[118.9817348,41.0186082],[118.9829243,41.0181837],[118.9840528,41.0176733],[118.9851096,41.0170818],[118.9860846,41.0164151],[118.9869682,41.0156794],[118.987752,41.0148819],[118.9884284,41.0140303],[118.9889909,41.0131327],[118.9894342,41.0121979],[118.9897539,41.0112348],[118.989947,41.0102527],[118.9900115,41.009261],[118.989947,41.0082693],[118.9897539,41.0072872],[118.9894342,41.0063241],[118.9889909,41.0053893],[118.9884284,41.0044917],[118.987752,41.0036401],[118.9869682,41.0028426],[118.9860846,41.0021069],[118.9851096,41.0014402],[118.9840528,41.0008487],[118.9829243,41.0003383],[118.9817348,40.9999138],[118.980496,40.9995793],[118.9792197,40.999338],[118.9779182,40.9991923],[118.976604,40.9991436],[118.9752898,40.9991923],[118.9739883,40.999338],[118.972712,40.9995793],[118.9714732,40.9999138],[118.9702837,41.0003383],[118.9691552,41.0008487],[118.9680984,41.0014402],[118.9671234,41.0021069],[118.9662398,41.0028426],[118.965456,41.0036401],[118.9647796,41.0044917],[118.9642171,41.0053893],[118.9637738,41.0063241],[118.9634541,41.0072872],[118.963261,41.0082693],[118.9631965,41.009261],[118.963261,41.0102527],[118.9634541,41.0112348],[118.9637738,41.0121979],[118.9642171,41.0131327],[118.9647796,41.0140303],[118.965456,41.0148819],[118.9662398,41.0156794],[118.9671234,41.0164151],[118.9680984,41.0170818],[118.9691552,41.0176733],[118.9702837,41.0181837],[118.9714732,41.0186082],[118.972712,41.0189427],[118.9739883,41.019184],[118.9752898,41.0193297],[118.976604,41.0193784]]]},"properties":{"name":"裂山921","peak_elev":921,"radius_m":1125,"layer":"ATS峰值响应半径","rank_pct":0.7529,"center_lon":118.976604,"center_lat":41.009261,"max_mean_jut":102.4221,"max_ats":71.4839,"r_jmean_peak":1000,"r_ats_peak":1125,"r_ats_marginal":187.5,"ats_marginal_rate_max":0.10365196149504809,"ats_marginal_interval_start":125.0,"ats_marginal_interval_end":250.0,"is_expanded":false}},{"type":"Feature","geometry":{"type":"Polygon","coordinates":[[[119.461694,40.1495381],[119.4628471,40.1494948],[119.4639891,40.1493653],[119.4651089,40.1491509],[119.4661959,40.1488535],[119.4672395,40.1484762],[119.4682298,40.1480225],[119.469157,40.1474967],[119.4700124,40.1469041],[119.4707877,40.1462501],[119.4714755,40.1455413],[119.472069,40.1447843],[119.4725626,40.1439864],[119.4729515,40.1431555],[119.473232,40.1422994],[119.4734014,40.1414264],[119.4734581,40.1405449],[119.4734014,40.1396634],[119.473232,40.1387904],[119.4729515,40.1379343],[119.4725626,40.1371033],[119.472069,40.1363055],[119.4714755,40.1355485],[119.4707877,40.1348397],[119.4700124,40.1341857],[119.469157,40.133593],[119.4682298,40.1330673],[119.4672395,40.1326136],[119.4661959,40.1322362],[119.4651089,40.1319389],[119.4639891,40.1317245],[119.4628471,40.131595],[119.461694,40.1315517],[119.4605409,40.131595],[119.4593989,40.1317245],[119.4582791,40.1319389],[119.4571921,40.1322362],[119.4561485,40.1326136],[119.4551582,40.1330673],[119.454231,40.133593],[119.4533756,40.1341857],[119.4526003,40.1348397],[119.4519125,40.1355485],[119.451319,40.1363055],[119.4508254,40.1371033],[119.4504365,40.1379343],[119.450156,40.1387904],[119.4499866,40.1396634],[119.4499299,40.1405449],[119.4499866,40.1414264],[119.450156,40.1422994],[119.4504365,40.1431555],[119.4508254,40.1439864],[119.451319,40.1447843],[119.4519125,40.1455413],[119.4526003,40.1462501],[119.4533756,40.1469041],[119.454231,40.1474967],[119.4551582,40.1480225],[119.4561485,40.1484762],[119.4571921,40.1488535],[119.4582791,40.1491509],[119.4593989,40.1493653],[119.4605409,40.1494948],[119.461694,40.1495381]]]},"properties":{"name":"1018无名峰","peak_elev":1018,"radius_m":1000,"layer":"ATS峰值响应半径","rank_pct":0.8108,"center_lon":119.461694,"center_lat":40.14054489135742,"max_mean_jut":173.5076,"max_ats":93.5722,"r_jmean_peak":1000,"r_ats_peak":1000,"r_ats_marginal":187.5,"ats_marginal_rate_max":0.15485346019484356,"ats_marginal_interval_start":125.0,"ats_marginal_interval_end":250.0,"is_expanded":false}},{"type":"Feature","geometry":{"type":"Polygon","coordinates":[[[118.283464,40.7338022],[118.2846271,40.7337589],[118.2857791,40.7336294],[118.2869087,40.733415],[118.2880052,40.7331176],[118.2890579,40.7327403],[118.2900568,40.7322866],[118.2909922,40.7317609],[118.291855,40.7311682],[118.2926371,40.7305142],[118.2933308,40.7298054],[118.2939295,40.7290484],[118.2944274,40.7282506],[118.2948197,40.7274196],[118.2951027,40.7265635],[118.2952736,40.7256905],[118.2953307,40.724809],[118.2952736,40.7239275],[118.2951027,40.7230545],[118.2948197,40.7221984],[118.2944274,40.7213674],[118.2939295,40.7205696],[118.2933308,40.7198126],[118.2926371,40.7191038],[118.291855,40.7184498],[118.2909922,40.7178571],[118.2900568,40.7173314],[118.2890579,40.7168777],[118.2880052,40.7165004],[118.2869087,40.716203],[118.2857791,40.7159886],[118.2846271,40.7158591],[118.283464,40.7158158],[118.2823009,40.7158591],[118.2811489,40.7159886],[118.2800193,40.716203],[118.2789228,40.7165004],[118.2778701,40.7168777],[118.2768712,40.7173314],[118.2759358,40.7178571],[118.275073,40.7184498],[118.2742909,40.7191038],[118.2735972,40.7198126],[118.2729985,40.7205696],[118.2725006,40.7213674],[118.2721083,40.7221984],[118.2718253,40.7230545],[118.2716544,40.7239275],[118.2715973,40.724809],[118.2716544,40.7256905],[118.2718253,40.7265635],[118.2721083,40.7274196],[118.2725006,40.7282506],[118.2729985,40.7290484],[118.2735972,40.7298054],[118.2742909,40.7305142],[118.275073,40.7311682],[118.2759358,40.7317609],[118.2768712,40.7322866],[118.2778701,40.7327403],[118.2789228,40.7331176],[118.2800193,40.733415],[118.2811489,40.7336294],[118.2823009,40.7337589],[118.283464,40.7338022]]]},"properties":{"name":"1084无名峰","peak_elev":1084,"radius_m":1000,"layer":"ATS峰值响应半径","rank_pct":0.8108,"center_lon":118.283464,"center_lat":40.724809,"max_mean_jut":100.0218,"max_ats":46.5245,"r_jmean_peak":625,"r_ats_peak":1000,"r_ats_marginal":187.5,"ats_marginal_rate_max":0.10622411100497152,"ats_marginal_interval_start":125.0,"ats_marginal_interval_end":250.0,"is_expanded":false}},{"type":"Feature","geometry":{"type":"Polygon","coordinates":[[[118.172432,40.8348622],[118.1735969,40.8348189],[118.1747506,40.8346894],[118.175882,40.834475],[118.1769801,40.8341776],[118.1780344,40.8338003],[118.1790348,40.8333466],[118.1799716,40.8328209],[118.1808358,40.8322282],[118.1816191,40.8315742],[118.1823138,40.8308654],[118.1829134,40.8301084],[118.1834121,40.8293106],[118.183805,40.8284796],[118.1840884,40.8276235],[118.1842596,40.8267505],[118.1843168,40.825869],[118.1842596,40.8249875],[118.1840884,40.8241145],[118.183805,40.8232584],[118.1834121,40.8224274],[118.1829134,40.8216296],[118.1823138,40.8208726],[118.1816191,40.8201638],[118.1808358,40.8195098],[118.1799716,40.8189171],[118.1790348,40.8183914],[118.1780344,40.8179377],[118.1769801,40.8175604],[118.175882,40.817263],[118.1747506,40.8170486],[118.1735969,40.8169191],[118.172432,40.8168758],[118.1712671,40.8169191],[118.1701134,40.8170486],[118.168982,40.817263],[118.1678839,40.8175604],[118.1668296,40.8179377],[118.1658292,40.8183914],[118.1648924,40.8189171],[118.1640282,40.8195098],[118.1632449,40.8201638],[118.1625502,40.8208726],[118.1619506,40.8216296],[118.1614519,40.8224274],[118.161059,40.8232584],[118.1607756,40.8241145],[118.1606044,40.8249875],[118.1605472,40.825869],[118.1606044,40.8267505],[118.1607756,40.8276235],[118.161059,40.8284796],[118.1614519,40.8293106],[118.1619506,40.8301084],[118.1625502,40.8308654],[118.1632449,40.8315742],[118.1640282,40.8322282],[118.1648924,40.8328209],[118.1658292,40.8333466],[118.1668296,40.8338003],[118.1678839,40.8341776],[118.168982,40.834475],[118.1701134,40.8346894],[118.1712671,40.8348189],[118.172432,40.8348622]]]},"properties":{"name":"756无名峰","peak_elev":756,"radius_m":1000,"layer":"ATS峰值响应半径","rank_pct":0.8108,"center_lon":118.172432,"center_lat":40.825869,"max_mean_jut":105.3663,"max_ats":61.8508,"r_jmean_peak":750,"r_ats_peak":1000,"r_ats_marginal":312.5,"ats_marginal_rate_max":0.10432700645166568,"ats_marginal_interval_start":250.0,"ats_marginal_interval_end":375.0,"is_expanded":false}},{"type":"Feature","geometry":{"type":"Polygon","coordinates":[[[119.476786,40.1643602],[119.4779393,40.1643169],[119.4790816,40.1641874],[119.4802017,40.163973],[119.4812889,40.1636756],[119.4823327,40.1632983],[119.4833232,40.1628446],[119.4842507,40.1623189],[119.4851063,40.1617262],[119.4858817,40.1610722],[119.4865696,40.1603634],[119.4871632,40.1596064],[119.4876569,40.1588086],[119.488046,40.1579776],[119.4883265,40.1571215],[119.488496,40.1562485],[119.4885526,40.155367],[119.488496,40.1544855],[119.4883265,40.1536125],[119.488046,40.1527564],[119.4876569,40.1519254],[119.4871632,40.1511276],[119.4865696,40.1503706],[119.4858817,40.1496618],[119.4851063,40.1490078],[119.4842507,40.1484151],[119.4833232,40.1478894],[119.4823327,40.1474357],[119.4812889,40.1470584],[119.4802017,40.146761],[119.4790816,40.1465466],[119.4779393,40.1464171],[119.476786,40.1463738],[119.4756327,40.1464171],[119.4744904,40.1465466],[119.4733703,40.146761],[119.4722831,40.1470584],[119.4712393,40.1474357],[119.4702488,40.1478894],[119.4693213,40.1484151],[119.4684657,40.1490078],[119.4676903,40.1496618],[119.4670024,40.1503706],[119.4664088,40.1511276],[119.4659151,40.1519254],[119.465526,40.1527564],[119.4652455,40.1536125],[119.465076,40.1544855],[119.4650194,40.155367],[119.465076,40.1562485],[119.4652455,40.1571215],[119.465526,40.1579776],[119.4659151,40.1588086],[119.4664088,40.1596064],[119.4670024,40.1603634],[119.4676903,40.1610722],[119.4684657,40.1617262],[119.4693213,40.1623189],[119.4702488,40.1628446],[119.4712393,40.1632983],[119.4722831,40.1636756],[119.4733703,40.163973],[119.4744904,40.1641874],[119.4756327,40.1643169],[119.476786,40.1643602]]]},"properties":{"name":"红旗尖768","peak_elev":768,"radius_m":1000,"layer":"ATS峰值响应半径","rank_pct":0.8108,"center_lon":119.476786,"center_lat":40.155367,"max_mean_jut":96.253,"max_ats":50.1162,"r_jmean_peak":1125,"r_ats_peak":1000,"r_ats_marginal":187.5,"ats_marginal_rate_max":0.10754955257494343,"ats_marginal_interval_start":125.0,"ats_marginal_interval_end":250.0,"is_expanded":false}},{"type":"Feature","geometry":{"type":"Polygon","coordinates":[[[118.400964,40.5788441],[118.4021244,40.5788008],[118.4032737,40.5786713],[118.4044007,40.5784569],[118.4054947,40.5781596],[118.406545,40.5777822],[118.4075415,40.5773285],[118.4084747,40.5768028],[118.4093356,40.5762101],[118.4101158,40.5755562],[118.4108079,40.5748473],[118.4114052,40.5740903],[118.411902,40.5732925],[118.4122934,40.5724615],[118.4125757,40.5716054],[118.4127462,40.5707324],[118.4128032,40.5698509],[118.4127462,40.5689694],[118.4125757,40.5680964],[118.4122934,40.5672403],[118.411902,40.5664094],[118.4114052,40.5656115],[118.4108079,40.5648546],[118.4101158,40.5641457],[118.4093356,40.5634918],[118.4084747,40.5628991],[118.4075415,40.5623733],[118.406545,40.5619196],[118.4054947,40.5615423],[118.4044007,40.561245],[118.4032737,40.5610305],[118.4021244,40.560901],[118.400964,40.5608577],[118.3998036,40.560901],[118.3986543,40.5610305],[118.3975273,40.561245],[118.3964333,40.5615423],[118.395383,40.5619196],[118.3943865,40.5623733],[118.3934533,40.5628991],[118.3925924,40.5634918],[118.3918122,40.5641457],[118.3911201,40.5648546],[118.3905228,40.5656115],[118.390026,40.5664094],[118.3896346,40.5672403],[118.3893523,40.5680964],[118.3891818,40.5689694],[118.3891248,40.5698509],[118.3891818,40.5707324],[118.3893523,40.5716054],[118.3896346,40.5724615],[118.390026,40.5732925],[118.3905228,40.5740903],[118.3911201,40.5748473],[118.3918122,40.5755562],[118.3925924,40.5762101],[118.3934533,40.5768028],[118.3943865,40.5773285],[118.395383,40.5777822],[118.3964333,40.5781596],[118.3975273,40.5784569],[118.3986543,40.5786713],[118.3998036,40.5788008],[118.400964,40.5788441]]]},"properties":{"name":"805无名峰(1)","peak_elev":805,"radius_m":1000,"layer":"ATS峰值响应半径","rank_pct":0.8108,"center_lon":118.400964,"center_lat":40.56985092163086,"max_mean_jut":131.793,"max_ats":69.0151,"r_jmean_peak":875,"r_ats_peak":1000,"r_ats_marginal":187.5,"ats_marginal_rate_max":0.14026346965474074,"ats_marginal_interval_start":125.0,"ats_marginal_interval_end":250.0,"is_expanded":false}},{"type":"Feature","geometry":{"type":"Polygon","coordinates":[[[119.693999,40.0929442],[119.6951511,40.0929009],[119.6962921,40.0927714],[119.6974111,40.092557],[119.6984972,40.0922596],[119.6995399,40.0918823],[119.7005293,40.0914286],[119.7014558,40.0909029],[119.7023105,40.0903102],[119.7030852,40.0896562],[119.7037723,40.0889474],[119.7043653,40.0881904],[119.7048585,40.0873926],[119.7052471,40.0865616],[119.7055274,40.0857055],[119.7056967,40.0848325],[119.7057533,40.083951],[119.7056967,40.0830695],[119.7055274,40.0821965],[119.7052471,40.0813404],[119.7048585,40.0805094],[119.7043653,40.0797116],[119.7037723,40.0789546],[119.7030852,40.0782458],[119.7023105,40.0775918],[119.7014558,40.0769991],[119.7005293,40.0764734],[119.6995399,40.0760197],[119.6984972,40.0756424],[119.6974111,40.075345],[119.6962921,40.0751306],[119.6951511,40.0750011],[119.693999,40.0749578],[119.6928469,40.0750011],[119.6917059,40.0751306],[119.6905869,40.075345],[119.6895008,40.0756424],[119.6884581,40.0760197],[119.6874687,40.0764734],[119.6865422,40.0769991],[119.6856875,40.0775918],[119.6849128,40.0782458],[119.6842257,40.0789546],[119.6836327,40.0797116],[119.6831395,40.0805094],[119.6827509,40.0813404],[119.6824706,40.0821965],[119.6823013,40.0830695],[119.6822447,40.083951],[119.6823013,40.0848325],[119.6824706,40.0857055],[119.6827509,40.0865616],[119.6831395,40.0873926],[119.6836327,40.0881904],[119.6842257,40.0889474],[119.6849128,40.0896562],[119.6856875,40.0903102],[119.6865422,40.0909029],[119.6874687,40.0914286],[119.6884581,40.0918823],[119.6895008,40.0922596],[119.6905869,40.092557],[119.6917059,40.0927714],[119.6928469,40.0929009],[119.693999,40.0929442]]]},"properties":{"name":"没缝山818","peak_elev":818,"radius_m":1000,"layer":"ATS峰值响应半径","rank_pct":0.8108,"center_lon":119.693999,"center_lat":40.083951,"max_mean_jut":124.3635,"max_ats":66.2392,"r_jmean_peak":1250,"r_ats_peak":1000,"r_ats_marginal":187.5,"ats_marginal_rate_max":0.0960700724600471,"ats_marginal_interval_start":125.0,"ats_marginal_interval_end":250.0,"is_expanded":false}},{"type":"Feature","geometry":{"type":"Polygon","coordinates":[[[118.313648,40.7192492],[118.3148109,40.7192059],[118.3159626,40.7190764],[118.317092,40.718862],[118.3181882,40.7185646],[118.3192407,40.7181873],[118.3202394,40.7177336],[118.3211745,40.7172079],[118.3220372,40.7166152],[118.3228191,40.7159612],[118.3235127,40.7152524],[118.3241112,40.7144954],[118.324609,40.7136976],[118.3250013,40.7128666],[118.3252842,40.7120105],[118.325455,40.7111375],[118.3255121,40.710256],[118.325455,40.7093745],[118.3252842,40.7085015],[118.3250013,40.7076454],[118.324609,40.7068144],[118.3241112,40.7060166],[118.3235127,40.7052596],[118.3228191,40.7045508],[118.3220372,40.7038968],[118.3211745,40.7033041],[118.3202394,40.7027784],[118.3192407,40.7023247],[118.3181882,40.7019474],[118.317092,40.70165],[118.3159626,40.7014356],[118.3148109,40.7013061],[118.313648,40.7012628],[118.3124851,40.7013061],[118.3113334,40.7014356],[118.310204,40.70165],[118.3091078,40.7019474],[118.3080553,40.7023247],[118.3070566,40.7027784],[118.3061215,40.7033041],[118.3052588,40.7038968],[118.3044769,40.7045508],[118.3037833,40.7052596],[118.3031848,40.7060166],[118.302687,40.7068144],[118.3022947,40.7076454],[118.3020118,40.7085015],[118.301841,40.7093745],[118.3017839,40.710256],[118.301841,40.7111375],[118.3020118,40.7120105],[118.3022947,40.7128666],[118.302687,40.7136976],[118.3031848,40.7144954],[118.3037833,40.7152524],[118.3044769,40.7159612],[118.3052588,40.7166152],[118.3061215,40.7172079],[118.3070566,40.7177336],[118.3080553,40.7181873],[118.3091078,40.7185646],[118.310204,40.718862],[118.3113334,40.7190764],[118.3124851,40.7192059],[118.313648,40.7192492]]]},"properties":{"name":"835无名峰","peak_elev":835,"radius_m":1000,"layer":"ATS峰值响应半径","rank_pct":0.8108,"center_lon":118.313648,"center_lat":40.710256,"max_mean_jut":107.2178,"max_ats":65.1565,"r_jmean_peak":750,"r_ats_peak":1000,"r_ats_marginal":187.5,"ats_marginal_rate_max":0.10098380924228587,"ats_marginal_interval_start":125.0,"ats_marginal_interval_end":250.0,"is_expanded":false}},{"type":"Feature","geometry":{"type":"Polygon","coordinates":[[[119.0854797,40.9574834],[119.0866468,40.9574401],[119.0878026,40.9573106],[119.0889361,40.9570961],[119.0900363,40.9567988],[119.0910926,40.9564215],[119.0920948,40.9559677],[119.0930333,40.955442],[119.0938991,40.9548493],[119.0946838,40.9541954],[119.0953799,40.9534865],[119.0959806,40.9527295],[119.0964802,40.9519317],[119.0968739,40.9511007],[119.0971578,40.9502446],[119.0973292,40.9493716],[119.0973866,40.9484901],[119.0973292,40.9476087],[119.0971578,40.9467357],[119.0968739,40.9458796],[119.0964802,40.9450486],[119.0959806,40.9442508],[119.0953799,40.9434938],[119.0946838,40.9427849],[119.0938991,40.942131],[119.0930333,40.9415383],[119.0920948,40.9410126],[119.0910926,40.9405588],[119.0900363,40.9401815],[119.0889361,40.9398842],[119.0878026,40.9396697],[119.0866468,40.9395402],[119.0854797,40.9394969],[119.0843127,40.9395402],[119.0831568,40.9396697],[119.0820234,40.9398842],[119.0809232,40.9401815],[119.0798669,40.9405588],[119.0788647,40.9410126],[119.0779261,40.9415383],[119.0770603,40.942131],[119.0762756,40.9427849],[119.0755796,40.9434938],[119.0749789,40.9442508],[119.0744793,40.9450486],[119.0740856,40.9458796],[119.0738017,40.9467357],[119.0736302,40.9476087],[119.0735729,40.9484901],[119.0736302,40.9493716],[119.0738017,40.9502446],[119.0740856,40.9511007],[119.0744793,40.9519317],[119.0749789,40.9527295],[119.0755796,40.9534865],[119.0762756,40.9541954],[119.0770603,40.9548493],[119.0779261,40.955442],[119.0788647,40.9559677],[119.0798669,40.9564215],[119.0809232,40.9567988],[119.0820234,40.9570961],[119.0831568,40.9573106],[119.0843127,40.9574401],[119.0854797,40.9574834]]]},"properties":{"name":"912无名峰(2)","peak_elev":912,"radius_m":1000,"layer":"ATS峰值响应半径","rank_pct":0.8108,"center_lon":119.08547973632812,"center_lat":40.948490142822266,"max_mean_jut":83.264,"max_ats":48.0089,"r_jmean_peak":875,"r_ats_peak":1000,"r_ats_marginal":187.5,"ats_marginal_rate_max":0.15011747047887694,"ats_marginal_interval_start":125.0,"ats_marginal_interval_end":250.0,"is_expanded":false}},{"type":"Feature","geometry":{"type":"Polygon","coordinates":[[[119.373031,40.1255551],[119.3741837,40.1255118],[119.3753252,40.1253823],[119.3764447,40.1251679],[119.3775313,40.1248705],[119.3785746,40.1244932],[119.3795645,40.1240395],[119.3804914,40.1235137],[119.3813465,40.1229211],[119.3821215,40.1222671],[119.382809,40.1215583],[119.3834023,40.1208013],[119.3838957,40.1200034],[119.3842845,40.1191725],[119.3845649,40.1183164],[119.3847343,40.1174434],[119.3847909,40.1165619],[119.3847343,40.1156804],[119.3845649,40.1148074],[119.3842845,40.1139513],[119.3838957,40.1131203],[119.3834023,40.1123225],[119.382809,40.1115655],[119.3821215,40.1108567],[119.3813465,40.1102027],[119.3804914,40.10961],[119.3795645,40.1090843],[119.3785746,40.1086306],[119.3775313,40.1082532],[119.3764447,40.1079559],[119.3753252,40.1077415],[119.3741837,40.107612],[119.373031,40.1075687],[119.3718783,40.107612],[119.3707368,40.1077415],[119.3696173,40.1079559],[119.3685307,40.1082532],[119.3674874,40.1086306],[119.3664975,40.1090843],[119.3655706,40.10961],[119.3647155,40.1102027],[119.3639405,40.1108567],[119.363253,40.1115655],[119.3626597,40.1123225],[119.3621663,40.1131203],[119.3617775,40.1139513],[119.3614971,40.1148074],[119.3613277,40.1156804],[119.3612711,40.1165619],[119.3613277,40.1174434],[119.3614971,40.1183164],[119.3617775,40.1191725],[119.3621663,40.1200034],[119.3626597,40.1208013],[119.363253,40.1215583],[119.3639405,40.1222671],[119.3647155,40.1229211],[119.3655706,40.1235137],[119.3664975,40.1240395],[119.3674874,40.1244932],[119.3685307,40.1248705],[119.3696173,40.1251679],[119.3707368,40.1253823],[119.3718783,40.1255118],[119.373031,40.1255551]]]},"properties":{"name":"922无名峰","peak_elev":922,"radius_m":1000,"layer":"ATS峰值响应半径","rank_pct":0.8108,"center_lon":119.373031,"center_lat":40.11656188964844,"max_mean_jut":116.8067,"max_ats":55.3405,"r_jmean_peak":750,"r_ats_peak":1000,"r_ats_marginal":187.5,"ats_marginal_rate_max":0.16159383303080133,"ats_marginal_interval_start":125.0,"ats_marginal_interval_end":250.0,"is_expanded":false}},{"type":"Feature","geometry":{"type":"Polygon","coordinates":[[[118.390184,40.6640034],[118.3913459,40.6639601],[118.3924967,40.6638306],[118.3936251,40.6636162],[118.3947204,40.6633189],[118.3957721,40.6629415],[118.3967699,40.6624878],[118.3977043,40.6619621],[118.3985663,40.6613694],[118.3993475,40.6607155],[118.4000405,40.6600066],[118.4006386,40.6592496],[118.4011359,40.6584518],[118.4015279,40.6576208],[118.4018105,40.6567647],[118.4019812,40.6558917],[118.4020383,40.6550102],[118.4019812,40.6541287],[118.4018105,40.6532557],[118.4015279,40.6523996],[118.4011359,40.6515687],[118.4006386,40.6507709],[118.4000405,40.6500139],[118.3993475,40.649305],[118.3985663,40.6486511],[118.3977043,40.6480584],[118.3967699,40.6475326],[118.3957721,40.6470789],[118.3947204,40.6467016],[118.3936251,40.6464043],[118.3924967,40.6461898],[118.3913459,40.6460603],[118.390184,40.646017],[118.3890221,40.6460603],[118.3878713,40.6461898],[118.3867429,40.6464043],[118.3856476,40.6467016],[118.3845959,40.6470789],[118.3835981,40.6475326],[118.3826637,40.6480584],[118.3818017,40.6486511],[118.3810205,40.649305],[118.3803275,40.6500139],[118.3797294,40.6507709],[118.3792321,40.6515687],[118.3788401,40.6523996],[118.3785575,40.6532557],[118.3783868,40.6541287],[118.3783297,40.6550102],[118.3783868,40.6558917],[118.3785575,40.6567647],[118.3788401,40.6576208],[118.3792321,40.6584518],[118.3797294,40.6592496],[118.3803275,40.6600066],[118.3810205,40.6607155],[118.3818017,40.6613694],[118.3826637,40.6619621],[118.3835981,40.6624878],[118.3845959,40.6629415],[118.3856476,40.6633189],[118.3867429,40.6636162],[118.3878713,40.6638306],[118.3890221,40.6639601],[118.390184,40.6640034]]]},"properties":{"name":"988无名峰","peak_elev":988,"radius_m":1000,"layer":"ATS峰值响应半径","rank_pct":0.8108,"center_lon":118.390184,"center_lat":40.65501022338867,"max_mean_jut":118.6774,"max_ats":65.7987,"r_jmean_peak":875,"r_ats_peak":1000,"r_ats_marginal":187.5,"ats_marginal_rate_max":0.16404488542612813,"ats_marginal_interval_start":125.0,"ats_marginal_interval_end":250.0,"is_expanded":false}},{"type":"Feature","geometry":{"type":"Polygon","coordinates":[[[120.019009,41.1552922],[120.0201796,41.1552489],[120.0213389,41.1551194],[120.0224758,41.154905],[120.0235793,41.1546076],[120.0246387,41.1542303],[120.025644,41.1537766],[120.0265854,41.1532509],[120.0274537,41.1526582],[120.0282408,41.1520042],[120.028939,41.1512954],[120.0295415,41.1505384],[120.0300426,41.1497406],[120.0304374,41.1489096],[120.0307222,41.1480535],[120.0308942,41.1471805],[120.0309517,41.146299],[120.0308942,41.1454175],[120.0307222,41.1445445],[120.0304374,41.1436884],[120.0300426,41.1428574],[120.0295415,41.1420596],[120.028939,41.1413026],[120.0282408,41.1405938],[120.0274537,41.1399398],[120.0265854,41.1393471],[120.025644,41.1388214],[120.0246387,41.1383677],[120.0235793,41.1379904],[120.0224758,41.137693],[120.0213389,41.1374786],[120.0201796,41.1373491],[120.019009,41.1373058],[120.0178384,41.1373491],[120.0166791,41.1374786],[120.0155422,41.137693],[120.0144387,41.1379904],[120.0133793,41.1383677],[120.012374,41.1388214],[120.0114326,41.1393471],[120.0105643,41.1399398],[120.0097772,41.1405938],[120.009079,41.1413026],[120.0084765,41.1420596],[120.0079754,41.1428574],[120.0075806,41.1436884],[120.0072958,41.1445445],[120.0071238,41.1454175],[120.0070663,41.146299],[120.0071238,41.1471805],[120.0072958,41.1480535],[120.0075806,41.1489096],[120.0079754,41.1497406],[120.0084765,41.1505384],[120.009079,41.1512954],[120.0097772,41.1520042],[120.0105643,41.1526582],[120.0114326,41.1532509],[120.012374,41.1537766],[120.0133793,41.1542303],[120.0144387,41.1546076],[120.0155422,41.154905],[120.0166791,41.1551194],[120.0178384,41.1552489],[120.019009,41.1552922]]]},"properties":{"name":"东大楼856","peak_elev":856,"radius_m":1000,"layer":"ATS峰值响应半径","rank_pct":0.8108,"center_lon":120.019009,"center_lat":41.146299,"max_mean_jut":110.4946,"max_ats":66.8328,"r_jmean_peak":875,"r_ats_peak":1000,"r_ats_marginal":187.5,"ats_marginal_rate_max":0.20812838678895226,"ats_marginal_interval_start":125.0,"ats_marginal_interval_end":250.0,"is_expanded":false}},{"type":"Feature","geometry":{"type":"Polygon","coordinates":[[[119.409682,40.0810862],[119.4108339,40.0810429],[119.4119747,40.0809134],[119.4130935,40.080699],[119.4141794,40.0804016],[119.415222,40.0800243],[119.4162112,40.0795706],[119.4171375,40.0790449],[119.4179921,40.0784522],[119.4187666,40.0777982],[119.4194536,40.0770894],[119.4200465,40.0763324],[119.4205396,40.0755346],[119.4209282,40.0747036],[119.4212084,40.0738475],[119.4213776,40.0729745],[119.4214342,40.072093],[119.4213776,40.0712115],[119.4212084,40.0703385],[119.4209282,40.0694824],[119.4205396,40.0686514],[119.4200465,40.0678536],[119.4194536,40.0670966],[119.4187666,40.0663878],[119.4179921,40.0657338],[119.4171375,40.0651411],[119.4162112,40.0646154],[119.415222,40.0641617],[119.4141794,40.0637844],[119.4130935,40.063487],[119.4119747,40.0632726],[119.4108339,40.0631431],[119.409682,40.0630998],[119.4085301,40.0631431],[119.4073893,40.0632726],[119.4062705,40.063487],[119.4051846,40.0637844],[119.404142,40.0641617],[119.4031528,40.0646154],[119.4022265,40.0651411],[119.4013719,40.0657338],[119.4005974,40.0663878],[119.3999104,40.0670966],[119.3993175,40.0678536],[119.3988244,40.0686514],[119.3984358,40.0694824],[119.3981556,40.0703385],[119.3979864,40.0712115],[119.3979298,40.072093],[119.3979864,40.0729745],[119.3981556,40.0738475],[119.3984358,40.0747036],[119.3988244,40.0755346],[119.3993175,40.0763324],[119.3999104,40.0770894],[119.4005974,40.0777982],[119.4013719,40.0784522],[119.4022265,40.0790449],[119.4031528,40.0795706],[119.404142,40.0800243],[119.4051846,40.0804016],[119.4062705,40.080699],[119.4073893,40.0809134],[119.4085301,40.0810429],[119.409682,40.0810862]]]},"properties":{"name":"大石崫745","peak_elev":745,"radius_m":1000,"layer":"ATS峰值响应半径","rank_pct":0.8108,"center_lon":119.409682,"center_lat":40.072093,"max_mean_jut":83.4391,"max_ats":49.7241,"r_jmean_peak":750,"r_ats_peak":1000,"r_ats_marginal":187.5,"ats_marginal_rate_max":0.14502040901240032,"ats_marginal_interval_start":125.0,"ats_marginal_interval_end":250.0,"is_expanded":false}},{"type":"Feature","geometry":{"type":"Polygon","coordinates":[[[119.127521,39.8805822],[119.1286695,39.8805389],[119.129807,39.8804094],[119.1309225,39.880195],[119.1320052,39.8798976],[119.1330447,39.8795203],[119.1340311,39.8790666],[119.1349547,39.8785409],[119.1358067,39.8779482],[119.136579,39.8772942],[119.137264,39.8765854],[119.1378552,39.8758284],[119.1383468,39.8750306],[119.1387342,39.8741996],[119.1390136,39.8733435],[119.1391824,39.8724705],[119.1392388,39.871589],[119.1391824,39.8707075],[119.1390136,39.8698345],[119.1387342,39.8689784],[119.1383468,39.8681474],[119.1378552,39.8673496],[119.137264,39.8665926],[119.136579,39.8658838],[119.1358067,39.8652298],[119.1349547,39.8646371],[119.1340311,39.8641114],[119.1330447,39.8636577],[119.1320052,39.8632804],[119.1309225,39.862983],[119.129807,39.8627686],[119.1286695,39.8626391],[119.127521,39.8625958],[119.1263725,39.8626391],[119.125235,39.8627686],[119.1241195,39.862983],[119.1230368,39.8632804],[119.1219973,39.8636577],[119.1210109,39.8641114],[119.1200873,39.8646371],[119.1192353,39.8652298],[119.118463,39.8658838],[119.117778,39.8665926],[119.1171868,39.8673496],[119.1166952,39.8681474],[119.1163078,39.8689784],[119.1160284,39.8698345],[119.1158596,39.8707075],[119.1158032,39.871589],[119.1158596,39.8724705],[119.1160284,39.8733435],[119.1163078,39.8741996],[119.1166952,39.8750306],[119.1171868,39.8758284],[119.117778,39.8765854],[119.118463,39.8772942],[119.1192353,39.8779482],[119.1200873,39.8785409],[119.1210109,39.8790666],[119.1219973,39.8795203],[119.1230368,39.8798976],[119.1241195,39.880195],[119.125235,39.8804094],[119.1263725,39.8805389],[119.127521,39.8805822]]]},"properties":{"name":"天台山528","peak_elev":528,"radius_m":1000,"layer":"ATS峰值响应半径","rank_pct":0.8108,"center_lon":119.127521,"center_lat":39.871589,"max_mean_jut":126.9014,"max_ats":79.6468,"r_jmean_peak":750,"r_ats_peak":1000,"r_ats_marginal":187.5,"ats_marginal_rate_max":0.18251277431909294,"ats_marginal_interval_start":125.0,"ats_marginal_interval_end":250.0,"is_expanded":false}},{"type":"Feature","geometry":{"type":"Polygon","coordinates":[[[118.269181,40.7318701],[118.2701987,40.7318322],[118.2712067,40.7317189],[118.2721951,40.7315312],[118.2731545,40.7312711],[118.2740756,40.7309409],[118.2749496,40.7305439],[118.2757681,40.7300839],[118.2765231,40.7295653],[118.2772074,40.7289931],[118.2778144,40.7283728],[118.2783382,40.7277105],[118.2787739,40.7270124],[118.2791172,40.7262853],[118.2793647,40.7255362],[118.2795143,40.7247723],[118.2795643,40.724001],[118.2795143,40.7232297],[118.2793647,40.7224658],[118.2791172,40.7217167],[118.2787739,40.7209896],[118.2783382,40.7202915],[118.2778144,40.7196292],[118.2772074,40.7190089],[118.2765231,40.7184367],[118.2757681,40.7179181],[118.2749496,40.7174581],[118.2740756,40.7170611],[118.2731545,40.7167309],[118.2721951,40.7164708],[118.2712067,40.7162831],[118.2701987,40.7161698],[118.269181,40.7161319],[118.2681633,40.7161698],[118.2671553,40.7162831],[118.2661669,40.7164708],[118.2652075,40.7167309],[118.2642864,40.7170611],[118.2634124,40.7174581],[118.2625939,40.7179181],[118.2618389,40.7184367],[118.2611546,40.7190089],[118.2605476,40.7196292],[118.2600238,40.7202915],[118.2595881,40.7209896],[118.2592448,40.7217167],[118.2589973,40.7224658],[118.2588477,40.7232297],[118.2587977,40.724001],[118.2588477,40.7247723],[118.2589973,40.7255362],[118.2592448,40.7262853],[118.2595881,40.7270124],[118.2600238,40.7277105],[118.2605476,40.7283728],[118.2611546,40.7289931],[118.2618389,40.7295653],[118.2625939,40.7300839],[118.2634124,40.7305439],[118.2642864,40.7309409],[118.2652075,40.7312711],[118.2661669,40.7315312],[118.2671553,40.7317189],[118.2681633,40.7318322],[118.269181,40.7318701]]]},"properties":{"name":"1066无名峰","peak_elev":1066,"radius_m":875,"layer":"ATS峰值响应半径","rank_pct":0.861,"center_lon":118.269181,"center_lat":40.724001,"max_mean_jut":93.6616,"max_ats":49.8599,"r_jmean_peak":750,"r_ats_peak":875,"r_ats_marginal":187.5,"ats_marginal_rate_max":0.12969170422840506,"ats_marginal_interval_start":125.0,"ats_marginal_interval_end":250.0,"is_expanded":false}},{"type":"Feature","geometry":{"type":"Polygon","coordinates":[[[118.171624,40.5699031],[118.1726393,40.5698652],[118.1736448,40.5697519],[118.1746308,40.5695642],[118.1755879,40.5693041],[118.1765068,40.5689739],[118.1773786,40.5685769],[118.1781951,40.5681169],[118.1789483,40.5675983],[118.1796309,40.5670261],[118.1802364,40.5664058],[118.180759,40.5657435],[118.1811936,40.5650454],[118.1815361,40.5643183],[118.1817831,40.5635692],[118.1819322,40.5628053],[118.1819821,40.562034],[118.1819322,40.5612627],[118.1817831,40.5604988],[118.1815361,40.5597497],[118.1811936,40.5590226],[118.180759,40.5583245],[118.1802364,40.5576622],[118.1796309,40.5570419],[118.1789483,40.5564697],[118.1781951,40.5559511],[118.1773786,40.5554911],[118.1765068,40.5550941],[118.1755879,40.5547639],[118.1746308,40.5545038],[118.1736448,40.5543161],[118.1726393,40.5542028],[118.171624,40.5541649],[118.1706087,40.5542028],[118.1696032,40.5543161],[118.1686172,40.5545038],[118.1676601,40.5547639],[118.1667412,40.5550941],[118.1658694,40.5554911],[118.1650529,40.5559511],[118.1642997,40.5564697],[118.1636171,40.5570419],[118.1630116,40.5576622],[118.162489,40.5583245],[118.1620544,40.5590226],[118.1617119,40.5597497],[118.1614649,40.5604988],[118.1613158,40.5612627],[118.1612659,40.562034],[118.1613158,40.5628053],[118.1614649,40.5635692],[118.1617119,40.5643183],[118.1620544,40.5650454],[118.162489,40.5657435],[118.1630116,40.5664058],[118.1636171,40.5670261],[118.1642997,40.5675983],[118.1650529,40.5681169],[118.1658694,40.5685769],[118.1667412,40.5689739],[118.1676601,40.5693041],[118.1686172,40.5695642],[118.1696032,40.5697519],[118.1706087,40.5698652],[118.171624,40.5699031]]]},"properties":{"name":"629无名峰","peak_elev":629,"radius_m":875,"layer":"ATS峰值响应半径","rank_pct":0.861,"center_lon":118.171624,"center_lat":40.562034,"max_mean_jut":128.2528,"max_ats":78.7578,"r_jmean_peak":750,"r_ats_peak":875,"r_ats_marginal":437.5,"ats_marginal_rate_max":0.13835013392534046,"ats_marginal_interval_start":375.0,"ats_marginal_interval_end":500.0,"is_expanded":false}},{"type":"Feature","geometry":{"type":"Polygon","coordinates":[[[118.221211,40.6679986],[118.2222278,40.6679607],[118.2232347,40.6678474],[118.2242222,40.6676598],[118.2251807,40.6673996],[118.2261009,40.6670694],[118.2269741,40.6666724],[118.2277918,40.6662124],[118.228546,40.6656938],[118.2292297,40.6651216],[118.2298361,40.6645014],[118.2303594,40.663839],[118.2307947,40.6631409],[118.2311376,40.6624138],[118.231385,40.6616647],[118.2315344,40.6609009],[118.2315843,40.6601295],[118.2315344,40.6593582],[118.231385,40.6585944],[118.2311376,40.6578453],[118.2307947,40.6571182],[118.2303594,40.6564201],[118.2298361,40.6557577],[118.2292297,40.6551375],[118.228546,40.6545653],[118.2277918,40.6540467],[118.2269741,40.6535867],[118.2261009,40.6531897],[118.2251807,40.6528595],[118.2242222,40.6525993],[118.2232347,40.6524117],[118.2222278,40.6522984],[118.221211,40.6522605],[118.2201942,40.6522984],[118.2191873,40.6524117],[118.2181998,40.6525993],[118.2172413,40.6528595],[118.2163211,40.6531897],[118.2154479,40.6535867],[118.2146302,40.6540467],[118.213876,40.6545653],[118.2131923,40.6551375],[118.2125859,40.6557577],[118.2120626,40.6564201],[118.2116273,40.6571182],[118.2112844,40.6578453],[118.211037,40.6585944],[118.2108876,40.6593582],[118.2108377,40.6601295],[118.2108876,40.6609009],[118.211037,40.6616647],[118.2112844,40.6624138],[118.2116273,40.6631409],[118.2120626,40.663839],[118.2125859,40.6645014],[118.2131923,40.6651216],[118.213876,40.6656938],[118.2146302,40.6662124],[118.2154479,40.6666724],[118.2163211,40.6670694],[118.2172413,40.6673996],[118.2181998,40.6676598],[118.2191873,40.6678474],[118.2201942,40.6679607],[118.221211,40.6679986]]]},"properties":{"name":"754无名峰(1)","peak_elev":754,"radius_m":875,"layer":"ATS峰值响应半径","rank_pct":0.861,"center_lon":118.221211,"center_lat":40.66012954711914,"max_mean_jut":156.6008,"max_ats":95.8471,"r_jmean_peak":750,"r_ats_peak":875,"r_ats_marginal":187.5,"ats_marginal_rate_max":0.2277289012343873,"ats_marginal_interval_start":125.0,"ats_marginal_interval_end":250.0,"is_expanded":false}},{"type":"Feature","geometry":{"type":"Polygon","coordinates":[[[118.220672,40.6836301],[118.221689,40.6835922],[118.2226962,40.6834789],[118.2236839,40.6832912],[118.2246426,40.6830311],[118.2255631,40.6827009],[118.2264365,40.6823039],[118.2272543,40.6818439],[118.2280088,40.6813253],[118.2286926,40.6807531],[118.2292991,40.6801328],[118.2298226,40.6794705],[118.2302579,40.6787724],[118.230601,40.6780453],[118.2308484,40.6772962],[118.2309978,40.6765323],[118.2310477,40.675761],[118.2309978,40.6749897],[118.2308484,40.6742258],[118.230601,40.6734767],[118.2302579,40.6727496],[118.2298226,40.6720515],[118.2292991,40.6713892],[118.2286926,40.6707689],[118.2280088,40.6701967],[118.2272543,40.6696781],[118.2264365,40.6692181],[118.2255631,40.6688211],[118.2246426,40.6684909],[118.2236839,40.6682308],[118.2226962,40.6680431],[118.221689,40.6679298],[118.220672,40.6678919],[118.219655,40.6679298],[118.2186478,40.6680431],[118.2176601,40.6682308],[118.2167014,40.6684909],[118.2157809,40.6688211],[118.2149075,40.6692181],[118.2140897,40.6696781],[118.2133352,40.6701967],[118.2126514,40.6707689],[118.2120449,40.6713892],[118.2115214,40.6720515],[118.2110861,40.6727496],[118.210743,40.6734767],[118.2104956,40.6742258],[118.2103462,40.6749897],[118.2102963,40.675761],[118.2103462,40.6765323],[118.2104956,40.6772962],[118.210743,40.6780453],[118.2110861,40.6787724],[118.2115214,40.6794705],[118.2120449,40.6801328],[118.2126514,40.6807531],[118.2133352,40.6813253],[118.2140897,40.6818439],[118.2149075,40.6823039],[118.2157809,40.6827009],[118.2167014,40.6830311],[118.2176601,40.6832912],[118.2186478,40.6834789],[118.219655,40.6835922],[118.220672,40.6836301]]]},"properties":{"name":"772无名峰","peak_elev":772,"radius_m":875,"layer":"ATS峰值响应半径","rank_pct":0.861,"center_lon":118.220672,"center_lat":40.675761,"max_mean_jut":79.2699,"max_ats":38.1894,"r_jmean_peak":750,"r_ats_peak":875,"r_ats_marginal":187.5,"ats_marginal_rate_max":0.12237502950184205,"ats_marginal_interval_start":125.0,"ats_marginal_interval_end":250.0,"is_expanded":false}},{"type":"Feature","geometry":{"type":"Polygon","coordinates":[[[118.196687,40.6092485],[118.1977029,40.6092106],[118.198709,40.6090973],[118.1996956,40.6089096],[118.2006532,40.6086495],[118.2015726,40.6083193],[118.202445,40.6079223],[118.203262,40.6074623],[118.2040156,40.6069437],[118.2046986,40.6063715],[118.2053045,40.6057512],[118.2058274,40.6050888],[118.2062623,40.6043908],[118.2066049,40.6036637],[118.206852,40.6029146],[118.2070013,40.6021507],[118.2070512,40.6013794],[118.2070013,40.6006081],[118.206852,40.5998442],[118.2066049,40.5990951],[118.2062623,40.598368],[118.2058274,40.5976699],[118.2053045,40.5970076],[118.2046986,40.5963873],[118.2040156,40.5958151],[118.203262,40.5952965],[118.202445,40.5948365],[118.2015726,40.5944395],[118.2006532,40.5941093],[118.1996956,40.5938492],[118.198709,40.5936615],[118.1977029,40.5935482],[118.196687,40.5935103],[118.1956711,40.5935482],[118.194665,40.5936615],[118.1936784,40.5938492],[118.1927208,40.5941093],[118.1918014,40.5944395],[118.190929,40.5948365],[118.190112,40.5952965],[118.1893584,40.5958151],[118.1886754,40.5963873],[118.1880695,40.5970076],[118.1875466,40.5976699],[118.1871117,40.598368],[118.1867691,40.5990951],[118.186522,40.5998442],[118.1863727,40.6006081],[118.1863228,40.6013794],[118.1863727,40.6021507],[118.186522,40.6029146],[118.1867691,40.6036637],[118.1871117,40.6043908],[118.1875466,40.6050888],[118.1880695,40.6057512],[118.1886754,40.6063715],[118.1893584,40.6069437],[118.190112,40.6074623],[118.190929,40.6079223],[118.1918014,40.6083193],[118.1927208,40.6086495],[118.1936784,40.6089096],[118.194665,40.6090973],[118.1956711,40.6092106],[118.196687,40.6092485]]]},"properties":{"name":"860无名峰(1)","peak_elev":860,"radius_m":875,"layer":"ATS峰值响应半径","rank_pct":0.861,"center_lon":118.196687,"center_lat":40.60137939453125,"max_mean_jut":163.7859,"max_ats":88.7478,"r_jmean_peak":875,"r_ats_peak":875,"r_ats_marginal":437.5,"ats_marginal_rate_max":0.14614861578615632,"ats_marginal_interval_start":375.0,"ats_marginal_interval_end":500.0,"is_expanded":false}},{"type":"Feature","geometry":{"type":"Polygon","coordinates":[[[118.984689,41.0277751],[118.9857113,41.0277372],[118.9867237,41.0276239],[118.9877166,41.0274362],[118.9886803,41.0271761],[118.9896056,41.0268459],[118.9904835,41.0264489],[118.9913056,41.0259889],[118.992064,41.0254703],[118.9927513,41.0248981],[118.993361,41.0242778],[118.9938872,41.0236155],[118.9943248,41.0229174],[118.9946697,41.0221903],[118.9949184,41.0214412],[118.9950685,41.0206773],[118.9951188,41.019906],[118.9950685,41.0191347],[118.9949184,41.0183708],[118.9946697,41.0176217],[118.9943248,41.0168946],[118.9938872,41.0161965],[118.993361,41.0155342],[118.9927513,41.0149139],[118.992064,41.0143417],[118.9913056,41.0138231],[118.9904835,41.0133631],[118.9896056,41.0129661],[118.9886803,41.0126359],[118.9877166,41.0123758],[118.9867237,41.0121881],[118.9857113,41.0120748],[118.984689,41.0120369],[118.9836667,41.0120748],[118.9826543,41.0121881],[118.9816614,41.0123758],[118.9806977,41.0126359],[118.9797724,41.0129661],[118.9788945,41.0133631],[118.9780724,41.0138231],[118.977314,41.0143417],[118.9766267,41.0149139],[118.976017,41.0155342],[118.9754908,41.0161965],[118.9750532,41.0168946],[118.9747083,41.0176217],[118.9744596,41.0183708],[118.9743095,41.0191347],[118.9742592,41.019906],[118.9743095,41.0206773],[118.9744596,41.0214412],[118.9747083,41.0221903],[118.9750532,41.0229174],[118.9754908,41.0236155],[118.976017,41.0242778],[118.9766267,41.0248981],[118.977314,41.0254703],[118.9780724,41.0259889],[118.9788945,41.0264489],[118.9797724,41.0268459],[118.9806977,41.0271761],[118.9816614,41.0274362],[118.9826543,41.0276239],[118.9836667,41.0277372],[118.984689,41.0277751]]]},"properties":{"name":"879无名峰","peak_elev":879,"radius_m":875,"layer":"ATS峰值响应半径","rank_pct":0.861,"center_lon":118.984689,"center_lat":41.019906,"max_mean_jut":77.6715,"max_ats":47.2279,"r_jmean_peak":625,"r_ats_peak":875,"r_ats_marginal":187.5,"ats_marginal_rate_max":0.0893223449149088,"ats_marginal_interval_start":125.0,"ats_marginal_interval_end":250.0,"is_expanded":false}},{"type":"Feature","geometry":{"type":"Polygon","coordinates":[[[118.236303,40.7030341],[118.2373203,40.7029962],[118.2383278,40.7028829],[118.2393158,40.7026952],[118.2402748,40.7024351],[118.2411955,40.7021049],[118.2420691,40.7017079],[118.2428872,40.7012479],[118.2436419,40.7007293],[118.2443259,40.7001571],[118.2449326,40.6995368],[118.2454562,40.6988745],[118.2458917,40.6981764],[118.2462349,40.6974493],[118.2464823,40.6967002],[118.2466318,40.6959363],[118.2466818,40.695165],[118.2466318,40.6943937],[118.2464823,40.6936298],[118.2462349,40.6928807],[118.2458917,40.6921536],[118.2454562,40.6914555],[118.2449326,40.6907932],[118.2443259,40.6901729],[118.2436419,40.6896007],[118.2428872,40.6890821],[118.2420691,40.6886221],[118.2411955,40.6882251],[118.2402748,40.6878949],[118.2393158,40.6876348],[118.2383278,40.6874471],[118.2373203,40.6873338],[118.236303,40.6872959],[118.2352857,40.6873338],[118.2342782,40.6874471],[118.2332902,40.6876348],[118.2323312,40.6878949],[118.2314105,40.6882251],[118.2305369,40.6886221],[118.2297188,40.6890821],[118.2289641,40.6896007],[118.2282801,40.6901729],[118.2276734,40.6907932],[118.2271498,40.6914555],[118.2267143,40.6921536],[118.2263711,40.6928807],[118.2261237,40.6936298],[118.2259742,40.6943937],[118.2259242,40.695165],[118.2259742,40.6959363],[118.2261237,40.6967002],[118.2263711,40.6974493],[118.2267143,40.6981764],[118.2271498,40.6988745],[118.2276734,40.6995368],[118.2282801,40.7001571],[118.2289641,40.7007293],[118.2297188,40.7012479],[118.2305369,40.7017079],[118.2314105,40.7021049],[118.2323312,40.7024351],[118.2332902,40.7026952],[118.2342782,40.7028829],[118.2352857,40.7029962],[118.236303,40.7030341]]]},"properties":{"name":"888无名峰","peak_elev":888,"radius_m":875,"layer":"ATS峰值响应半径","rank_pct":0.861,"center_lon":118.236303,"center_lat":40.695165,"max_mean_jut":107.9039,"max_ats":53.0829,"r_jmean_peak":750,"r_ats_peak":875,"r_ats_marginal":187.5,"ats_marginal_rate_max":0.161747949571538,"ats_marginal_interval_start":125.0,"ats_marginal_interval_end":250.0,"is_expanded":false}},{"type":"Feature","geometry":{"type":"Polygon","coordinates":[[[118.216362,40.6157171],[118.217378,40.6156792],[118.2183841,40.6155659],[118.2193709,40.6153782],[118.2203286,40.6151181],[118.2212481,40.6147879],[118.2221206,40.6143909],[118.2229376,40.6139309],[118.2236913,40.6134123],[118.2243744,40.6128401],[118.2249803,40.6122198],[118.2255033,40.6115575],[118.2259382,40.6108594],[118.2262809,40.6101323],[118.226528,40.6093832],[118.2266773,40.6086193],[118.2267272,40.607848],[118.2266773,40.6070767],[118.226528,40.6063128],[118.2262809,40.6055637],[118.2259382,40.6048366],[118.2255033,40.6041385],[118.2249803,40.6034762],[118.2243744,40.6028559],[118.2236913,40.6022837],[118.2229376,40.6017651],[118.2221206,40.6013051],[118.2212481,40.6009081],[118.2203286,40.6005779],[118.2193709,40.6003178],[118.2183841,40.6001301],[118.217378,40.6000168],[118.216362,40.5999789],[118.215346,40.6000168],[118.2143399,40.6001301],[118.2133531,40.6003178],[118.2123954,40.6005779],[118.2114759,40.6009081],[118.2106034,40.6013051],[118.2097864,40.6017651],[118.2090327,40.6022837],[118.2083496,40.6028559],[118.2077437,40.6034762],[118.2072207,40.6041385],[118.2067858,40.6048366],[118.2064431,40.6055637],[118.206196,40.6063128],[118.2060467,40.6070767],[118.2059968,40.607848],[118.2060467,40.6086193],[118.206196,40.6093832],[118.2064431,40.6101323],[118.2067858,40.6108594],[118.2072207,40.6115575],[118.2077437,40.6122198],[118.2083496,40.6128401],[118.2090327,40.6134123],[118.2097864,40.6139309],[118.2106034,40.6143909],[118.2114759,40.6147879],[118.2123954,40.6151181],[118.2133531,40.6153782],[118.2143399,40.6155659],[118.215346,40.6156792],[118.216362,40.6157171]]]},"properties":{"name":"994无名峰(1)","peak_elev":994,"radius_m":875,"layer":"ATS峰值响应半径","rank_pct":0.861,"center_lon":118.21636199951172,"center_lat":40.607848,"max_mean_jut":157.4778,"max_ats":79.3804,"r_jmean_peak":625,"r_ats_peak":875,"r_ats_marginal":187.5,"ats_marginal_rate_max":0.2739721968735643,"ats_marginal_interval_start":125.0,"ats_marginal_interval_end":250.0,"is_expanded":false}},{"type":"Feature","geometry":{"type":"Polygon","coordinates":[[[119.490261,40.0988267],[119.4912692,40.0987888],[119.4922677,40.0986755],[119.4932469,40.0984879],[119.4941973,40.0982277],[119.4951098,40.0978975],[119.4959756,40.0975005],[119.4967864,40.0970405],[119.4975343,40.0965219],[119.4982122,40.0959497],[119.4988135,40.0953295],[119.4993325,40.0946671],[119.4997641,40.093969],[119.5001041,40.0932419],[119.5003494,40.0924928],[119.5004975,40.0917289],[119.500547,40.0909576],[119.5004975,40.0901863],[119.5003494,40.0894225],[119.5001041,40.0886734],[119.4997641,40.0879463],[119.4993325,40.0872482],[119.4988135,40.0865858],[119.4982122,40.0859656],[119.4975343,40.0853934],[119.4967864,40.0848748],[119.4959756,40.0844148],[119.4951098,40.0840177],[119.4941973,40.0836876],[119.4932469,40.0834274],[119.4922677,40.0832398],[119.4912692,40.0831265],[119.490261,40.0830886],[119.4892528,40.0831265],[119.4882543,40.0832398],[119.4872751,40.0834274],[119.4863247,40.0836876],[119.4854122,40.0840177],[119.4845464,40.0844148],[119.4837356,40.0848748],[119.4829877,40.0853934],[119.4823098,40.0859656],[119.4817085,40.0865858],[119.4811895,40.0872482],[119.4807579,40.0879463],[119.4804179,40.0886734],[119.4801726,40.0894225],[119.4800245,40.0901863],[119.479975,40.0909576],[119.4800245,40.0917289],[119.4801726,40.0924928],[119.4804179,40.0932419],[119.4807579,40.093969],[119.4811895,40.0946671],[119.4817085,40.0953295],[119.4823098,40.0959497],[119.4829877,40.0965219],[119.4837356,40.0970405],[119.4845464,40.0975005],[119.4854122,40.0978975],[119.4863247,40.0982277],[119.4872751,40.0984879],[119.4882543,40.0986755],[119.4892528,40.0987888],[119.490261,40.0988267]]]},"properties":{"name":"小金刚崖682","peak_elev":682,"radius_m":875,"layer":"ATS峰值响应半径","rank_pct":0.861,"center_lon":119.490261,"center_lat":40.09095764160156,"max_mean_jut":90.4713,"max_ats":46.7349,"r_jmean_peak":875,"r_ats_peak":875,"r_ats_marginal":187.5,"ats_marginal_rate_max":0.1696377772851989,"ats_marginal_interval_start":125.0,"ats_marginal_interval_end":250.0,"is_expanded":false}},{"type":"Feature","geometry":{"type":"Polygon","coordinates":[[[118.5168457,41.0854461],[118.5178689,41.0854082],[118.5188822,41.0852949],[118.519876,41.0851072],[118.5208405,41.0848471],[118.5217666,41.0845169],[118.5226452,41.0841199],[118.5234681,41.0836599],[118.5242271,41.0831413],[118.5249151,41.0825691],[118.5255253,41.0819488],[118.526052,41.0812865],[118.52649,41.0805884],[118.5268351,41.0798613],[118.527084,41.0791122],[118.5272343,41.0783483],[118.5272846,41.077577],[118.5272343,41.0768057],[118.527084,41.0760418],[118.5268351,41.0752927],[118.52649,41.0745656],[118.526052,41.0738675],[118.5255253,41.0732052],[118.5249151,41.0725849],[118.5242271,41.0720127],[118.5234681,41.0714941],[118.5226452,41.0710341],[118.5217666,41.0706371],[118.5208405,41.0703069],[118.519876,41.0700468],[118.5188822,41.0698591],[118.5178689,41.0697458],[118.5168457,41.0697079],[118.5158225,41.0697458],[118.5148092,41.0698591],[118.5138154,41.0700468],[118.5128509,41.0703069],[118.5119248,41.0706371],[118.5110462,41.0710341],[118.5102233,41.0714941],[118.5094643,41.0720127],[118.5087763,41.0725849],[118.5081661,41.0732052],[118.5076394,41.0738675],[118.5072014,41.0745656],[118.5068563,41.0752927],[118.5066074,41.0760418],[118.5064571,41.0768057],[118.5064068,41.077577],[118.5064571,41.0783483],[118.5066074,41.0791122],[118.5068563,41.0798613],[118.5072014,41.0805884],[118.5076394,41.0812865],[118.5081661,41.0819488],[118.5087763,41.0825691],[118.5094643,41.0831413],[118.5102233,41.0836599],[118.5110462,41.0841199],[118.5119248,41.0845169],[118.5128509,41.0848471],[118.5138154,41.0851072],[118.5148092,41.0852949],[118.5158225,41.0854082],[118.5168457,41.0854461]]]},"properties":{"name":"莲花山1200","peak_elev":1187,"radius_m":875,"layer":"ATS峰值响应半径","rank_pct":0.861,"center_lon":118.516845703125,"center_lat":41.077577,"max_mean_jut":109.0596,"max_ats":62.8097,"r_jmean_peak":750,"r_ats_peak":875,"r_ats_marginal":187.5,"ats_marginal_rate_max":0.14080539478933565,"ats_marginal_interval_start":125.0,"ats_marginal_interval_end":250.0,"is_expanded":false}},{"type":"Feature","geometry":{"type":"Polygon","coordinates":[[[118.121767,40.4604421],[118.1226358,40.4604096],[118.1234963,40.4603125],[118.1243401,40.4601517],[118.1251591,40.4599287],[118.1259455,40.4596457],[118.1266916,40.4593054],[118.1273903,40.4589111],[118.1280348,40.4584666],[118.128619,40.4579761],[118.1291372,40.4574445],[118.1295844,40.4568767],[118.1299563,40.4562784],[118.1302493,40.4556551],[118.1304607,40.4550131],[118.1305883,40.4543583],[118.130631,40.4536972],[118.1305883,40.4530361],[118.1304607,40.4523813],[118.1302493,40.4517393],[118.1299563,40.451116],[118.1295844,40.4505177],[118.1291372,40.4499499],[118.128619,40.4494183],[118.1280348,40.4489278],[118.1273903,40.4484833],[118.1266916,40.448089],[118.1259455,40.4477487],[118.1251591,40.4474657],[118.1243401,40.4472427],[118.1234963,40.4470819],[118.1226358,40.4469848],[118.121767,40.4469523],[118.1208982,40.4469848],[118.1200377,40.4470819],[118.1191939,40.4472427],[118.1183749,40.4474657],[118.1175885,40.4477487],[118.1168424,40.448089],[118.1161437,40.4484833],[118.1154992,40.4489278],[118.114915,40.4494183],[118.1143968,40.4499499],[118.1139496,40.4505177],[118.1135777,40.451116],[118.1132847,40.4517393],[118.1130733,40.4523813],[118.1129457,40.4530361],[118.112903,40.4536972],[118.1129457,40.4543583],[118.1130733,40.4550131],[118.1132847,40.4556551],[118.1135777,40.4562784],[118.1139496,40.4568767],[118.1143968,40.4574445],[118.114915,40.4579761],[118.1154992,40.4584666],[118.1161437,40.4589111],[118.1168424,40.4593054],[118.1175885,40.4596457],[118.1183749,40.4599287],[118.1191939,40.4601517],[118.1200377,40.4603125],[118.1208982,40.4604096],[118.121767,40.4604421]]]},"properties":{"name":"758无名峰","peak_elev":758,"radius_m":750,"layer":"ATS峰值响应半径","rank_pct":0.8996,"center_lon":118.121767,"center_lat":40.45369720458984,"max_mean_jut":94.841,"max_ats":52.2574,"r_jmean_peak":875,"r_ats_peak":750,"r_ats_marginal":187.5,"ats_marginal_rate_max":0.11199061615687901,"ats_marginal_interval_start":125.0,"ats_marginal_interval_end":250.0,"is_expanded":false}},{"type":"Feature","geometry":{"type":"Polygon","coordinates":[[[118.1312027,40.8075509],[118.1320761,40.8075184],[118.132941,40.8074213],[118.1337892,40.8072605],[118.1346125,40.8070375],[118.1354029,40.8067545],[118.136153,40.8064142],[118.1368553,40.8060199],[118.1375032,40.8055754],[118.1380904,40.8050849],[118.1386113,40.8045533],[118.1390608,40.8039855],[118.1394347,40.8033872],[118.1397292,40.8027639],[118.1399417,40.8021219],[118.14007,40.8014671],[118.1401129,40.800806],[118.14007,40.8001449],[118.1399417,40.7994901],[118.1397292,40.7988481],[118.1394347,40.7982248],[118.1390608,40.7976265],[118.1386113,40.7970587],[118.1380904,40.7965271],[118.1375032,40.7960366],[118.1368553,40.7955921],[118.136153,40.7951978],[118.1354029,40.7948575],[118.1346125,40.7945745],[118.1337892,40.7943515],[118.132941,40.7941907],[118.1320761,40.7940936],[118.1312027,40.7940611],[118.1303293,40.7940936],[118.1294644,40.7941907],[118.1286162,40.7943515],[118.1277929,40.7945745],[118.1270024,40.7948575],[118.1262524,40.7951978],[118.1255501,40.7955921],[118.1249022,40.7960366],[118.124315,40.7965271],[118.1237941,40.7970587],[118.1233446,40.7976265],[118.1229707,40.7982248],[118.1226761,40.7988481],[118.1224637,40.7994901],[118.1223354,40.8001449],[118.1222925,40.800806],[118.1223354,40.8014671],[118.1224637,40.8021219],[118.1226761,40.8027639],[118.1229707,40.8033872],[118.1233446,40.8039855],[118.1237941,40.8045533],[118.124315,40.8050849],[118.1249022,40.8055754],[118.1255501,40.8060199],[118.1262524,40.8064142],[118.1270024,40.8067545],[118.1277929,40.8070375],[118.1286162,40.8072605],[118.1294644,40.8074213],[118.1303293,40.8075184],[118.1312027,40.8075509]]]},"properties":{"name":"766无名峰","peak_elev":766,"radius_m":750,"layer":"ATS峰值响应半径","rank_pct":0.8996,"center_lon":118.1312026977539,"center_lat":40.800806,"max_mean_jut":87.3325,"max_ats":47.3128,"r_jmean_peak":625,"r_ats_peak":750,"r_ats_marginal":187.5,"ats_marginal_rate_max":0.09480851484527472,"ats_marginal_interval_start":125.0,"ats_marginal_interval_end":250.0,"is_expanded":false}},{"type":"Feature","geometry":{"type":"Polygon","coordinates":[[[119.903396,40.5736299],[119.9042663,40.5735974],[119.9051282,40.5735003],[119.9059734,40.5733395],[119.9067938,40.5731165],[119.9075815,40.5728335],[119.9083289,40.5724932],[119.9090288,40.5720989],[119.9096744,40.5716544],[119.9102596,40.5711639],[119.9107786,40.5706323],[119.9112266,40.5700645],[119.9115991,40.5694662],[119.9118927,40.5688429],[119.9121044,40.5682009],[119.9122322,40.5675461],[119.912275,40.566885],[119.9122322,40.5662239],[119.9121044,40.5655691],[119.9118927,40.5649271],[119.9115991,40.5643038],[119.9112266,40.5637055],[119.9107786,40.5631377],[119.9102596,40.5626061],[119.9096744,40.5621156],[119.9090288,40.5616711],[119.9083289,40.5612768],[119.9075815,40.5609365],[119.9067938,40.5606535],[119.9059734,40.5604305],[119.9051282,40.5602697],[119.9042663,40.5601726],[119.903396,40.5601401],[119.9025257,40.5601726],[119.9016638,40.5602697],[119.9008186,40.5604305],[119.8999982,40.5606535],[119.8992105,40.5609365],[119.8984631,40.5612768],[119.8977632,40.5616711],[119.8971176,40.5621156],[119.8965324,40.5626061],[119.8960134,40.5631377],[119.8955654,40.5637055],[119.8951929,40.5643038],[119.8948993,40.5649271],[119.8946876,40.5655691],[119.8945598,40.5662239],[119.894517,40.566885],[119.8945598,40.5675461],[119.8946876,40.5682009],[119.8948993,40.5688429],[119.8951929,40.5694662],[119.8955654,40.5700645],[119.8960134,40.5706323],[119.8965324,40.5711639],[119.8971176,40.5716544],[119.8977632,40.5720989],[119.8984631,40.5724932],[119.8992105,40.5728335],[119.8999982,40.5731165],[119.9008186,40.5733395],[119.9016638,40.5735003],[119.9025257,40.5735974],[119.903396,40.5736299]]]},"properties":{"name":"五指山775","peak_elev":775,"radius_m":750,"layer":"ATS峰值响应半径","rank_pct":0.8996,"center_lon":119.903396,"center_lat":40.566885,"max_mean_jut":108.1388,"max_ats":61.5028,"r_jmean_peak":750,"r_ats_peak":750,"r_ats_marginal":187.5,"ats_marginal_rate_max":0.1643767569893495,"ats_marginal_interval_start":125.0,"ats_marginal_interval_end":250.0,"is_expanded":false}},{"type":"Feature","geometry":{"type":"Polygon","coordinates":[[[118.380213,40.6982709],[118.3810849,40.6982384],[118.3819484,40.6981413],[118.3827953,40.6979805],[118.3836172,40.6977575],[118.3844064,40.6974745],[118.3851551,40.6971342],[118.3858563,40.6967399],[118.3865031,40.6962954],[118.3870894,40.6958049],[118.3876094,40.6952733],[118.3880582,40.6947055],[118.3884315,40.6941072],[118.3887256,40.6934839],[118.3889377,40.6928419],[118.3890658,40.6921871],[118.3891086,40.691526],[118.3890658,40.6908649],[118.3889377,40.6902101],[118.3887256,40.6895681],[118.3884315,40.6889448],[118.3880582,40.6883465],[118.3876094,40.6877787],[118.3870894,40.6872471],[118.3865031,40.6867566],[118.3858563,40.6863121],[118.3851551,40.6859178],[118.3844064,40.6855775],[118.3836172,40.6852945],[118.3827953,40.6850715],[118.3819484,40.6849107],[118.3810849,40.6848136],[118.380213,40.6847811],[118.3793411,40.6848136],[118.3784776,40.6849107],[118.3776307,40.6850715],[118.3768088,40.6852945],[118.3760196,40.6855775],[118.3752709,40.6859178],[118.3745697,40.6863121],[118.3739229,40.6867566],[118.3733366,40.6872471],[118.3728166,40.6877787],[118.3723678,40.6883465],[118.3719945,40.6889448],[118.3717004,40.6895681],[118.3714883,40.6902101],[118.3713602,40.6908649],[118.3713174,40.691526],[118.3713602,40.6921871],[118.3714883,40.6928419],[118.3717004,40.6934839],[118.3719945,40.6941072],[118.3723678,40.6947055],[118.3728166,40.6952733],[118.3733366,40.6958049],[118.3739229,40.6962954],[118.3745697,40.6967399],[118.3752709,40.6971342],[118.3760196,40.6974745],[118.3768088,40.6977575],[118.3776307,40.6979805],[118.3784776,40.6981413],[118.3793411,40.6982384],[118.380213,40.6982709]]]},"properties":{"name":"小甲山1170","peak_elev":1191,"radius_m":750,"layer":"ATS峰值响应半径","rank_pct":0.8996,"center_lon":118.380213,"center_lat":40.691526,"max_mean_jut":107.6404,"max_ats":62.1436,"r_jmean_peak":1000,"r_ats_peak":750,"r_ats_marginal":187.5,"ats_marginal_rate_max":0.1216906042887983,"ats_marginal_interval_start":125.0,"ats_marginal_interval_end":250.0,"is_expanded":false}},{"type":"Feature","geometry":{"type":"Polygon","coordinates":[[[118.372667,40.7315539],[118.3735394,40.7315214],[118.3744033,40.7314243],[118.3752505,40.7312635],[118.3760729,40.7310405],[118.3768624,40.7307575],[118.3776116,40.7304172],[118.3783131,40.7300229],[118.3789603,40.7295784],[118.3795468,40.7290879],[118.3800671,40.7285563],[118.3805161,40.7279885],[118.3808896,40.7273902],[118.3811838,40.7267669],[118.381396,40.7261249],[118.3815242,40.7254701],[118.381567,40.724809],[118.3815242,40.7241479],[118.381396,40.7234931],[118.3811838,40.7228511],[118.3808896,40.7222278],[118.3805161,40.7216295],[118.3800671,40.7210617],[118.3795468,40.7205301],[118.3789603,40.7200396],[118.3783131,40.7195951],[118.3776116,40.7192008],[118.3768624,40.7188605],[118.3760729,40.7185775],[118.3752505,40.7183545],[118.3744033,40.7181937],[118.3735394,40.7180966],[118.372667,40.7180641],[118.3717946,40.7180966],[118.3709307,40.7181937],[118.3700835,40.7183545],[118.3692611,40.7185775],[118.3684716,40.7188605],[118.3677224,40.7192008],[118.3670209,40.7195951],[118.3663737,40.7200396],[118.3657872,40.7205301],[118.3652669,40.7210617],[118.3648179,40.7216295],[118.3644444,40.7222278],[118.3641502,40.7228511],[118.363938,40.7234931],[118.3638098,40.7241479],[118.363767,40.724809],[118.3638098,40.7254701],[118.363938,40.7261249],[118.3641502,40.7267669],[118.3644444,40.7273902],[118.3648179,40.7279885],[118.3652669,40.7285563],[118.3657872,40.7290879],[118.3663737,40.7295784],[118.3670209,40.7300229],[118.3677224,40.7304172],[118.3684716,40.7307575],[118.3692611,40.7310405],[118.3700835,40.7312635],[118.3709307,40.7314243],[118.3717946,40.7315214],[118.372667,40.7315539]]]},"properties":{"name":"小甲山819","peak_elev":819,"radius_m":750,"layer":"ATS峰值响应半径","rank_pct":0.8996,"center_lon":118.372667,"center_lat":40.724809,"max_mean_jut":117.9785,"max_ats":77.0054,"r_jmean_peak":625,"r_ats_peak":750,"r_ats_marginal":187.5,"ats_marginal_rate_max":0.1567264110760165,"ats_marginal_interval_start":125.0,"ats_marginal_interval_end":250.0,"is_expanded":false}},{"type":"Feature","geometry":{"type":"Polygon","coordinates":[[[118.845091,40.7331709],[118.8459634,40.7331384],[118.8468274,40.7330413],[118.8476746,40.7328805],[118.848497,40.7326575],[118.8492866,40.7323745],[118.8500357,40.7320342],[118.8507373,40.7316399],[118.8513844,40.7311954],[118.851971,40.7307049],[118.8524913,40.7301733],[118.8529403,40.7296055],[118.8533138,40.7290072],[118.853608,40.7283839],[118.8538202,40.7277419],[118.8539484,40.7270871],[118.8539913,40.726426],[118.8539484,40.7257649],[118.8538202,40.7251101],[118.853608,40.7244681],[118.8533138,40.7238448],[118.8529403,40.7232465],[118.8524913,40.7226787],[118.851971,40.7221471],[118.8513844,40.7216566],[118.8507373,40.7212121],[118.8500357,40.7208178],[118.8492866,40.7204775],[118.848497,40.7201945],[118.8476746,40.7199715],[118.8468274,40.7198107],[118.8459634,40.7197136],[118.845091,40.7196811],[118.8442186,40.7197136],[118.8433546,40.7198107],[118.8425074,40.7199715],[118.841685,40.7201945],[118.8408954,40.7204775],[118.8401463,40.7208178],[118.8394447,40.7212121],[118.8387976,40.7216566],[118.838211,40.7221471],[118.8376907,40.7226787],[118.8372417,40.7232465],[118.8368682,40.7238448],[118.836574,40.7244681],[118.8363618,40.7251101],[118.8362336,40.7257649],[118.8361907,40.726426],[118.8362336,40.7270871],[118.8363618,40.7277419],[118.836574,40.7283839],[118.8368682,40.7290072],[118.8372417,40.7296055],[118.8376907,40.7301733],[118.838211,40.7307049],[118.8387976,40.7311954],[118.8394447,40.7316399],[118.8401463,40.7320342],[118.8408954,40.7323745],[118.841685,40.7326575],[118.8425074,40.7328805],[118.8433546,40.7330413],[118.8442186,40.7331384],[118.845091,40.7331709]]]},"properties":{"name":"鸡冠山966","peak_elev":966,"radius_m":750,"layer":"ATS峰值响应半径","rank_pct":0.8996,"center_lon":118.845091,"center_lat":40.726426,"max_mean_jut":83.3989,"max_ats":47.2443,"r_jmean_peak":750,"r_ats_peak":750,"r_ats_marginal":187.5,"ats_marginal_rate_max":0.10737058069959264,"ats_marginal_interval_start":125.0,"ats_marginal_interval_end":250.0,"is_expanded":false}},{"type":"Feature","geometry":{"type":"Polygon","coordinates":[[[118.291818,40.7309688],[118.292545,40.7309417],[118.2932649,40.7308608],[118.293971,40.7307267],[118.2946563,40.7305409],[118.2953142,40.7303051],[118.2959385,40.7300215],[118.2965231,40.7296929],[118.2970624,40.7293225],[118.2975512,40.7289138],[118.2979848,40.7284707],[118.298359,40.7279976],[118.2986702,40.727499],[118.2989154,40.7269796],[118.2990922,40.7264446],[118.299199,40.7258989],[118.2992348,40.725348],[118.299199,40.7247971],[118.2990922,40.7242514],[118.2989154,40.7237164],[118.2986702,40.723197],[118.298359,40.7226984],[118.2979848,40.7222253],[118.2975512,40.7217822],[118.2970624,40.7213735],[118.2965231,40.7210031],[118.2959385,40.7206745],[118.2953142,40.7203909],[118.2946563,40.7201551],[118.293971,40.7199693],[118.2932649,40.7198352],[118.292545,40.7197543],[118.291818,40.7197272],[118.291091,40.7197543],[118.2903711,40.7198352],[118.289665,40.7199693],[118.2889797,40.7201551],[118.2883218,40.7203909],[118.2876975,40.7206745],[118.2871129,40.7210031],[118.2865736,40.7213735],[118.2860848,40.7217822],[118.2856512,40.7222253],[118.285277,40.7226984],[118.2849658,40.723197],[118.2847206,40.7237164],[118.2845438,40.7242514],[118.284437,40.7247971],[118.2844012,40.725348],[118.284437,40.7258989],[118.2845438,40.7264446],[118.2847206,40.7269796],[118.2849658,40.727499],[118.285277,40.7279976],[118.2856512,40.7284707],[118.2860848,40.7289138],[118.2865736,40.7293225],[118.2871129,40.7296929],[118.2876975,40.7300215],[118.2883218,40.7303051],[118.2889797,40.7305409],[118.289665,40.7307267],[118.2903711,40.7308608],[118.291091,40.7309417],[118.291818,40.7309688]]]},"properties":{"name":"1086无名峰","peak_elev":1086,"radius_m":625,"layer":"ATS峰值响应半径","rank_pct":0.9228,"center_lon":118.291818,"center_lat":40.725348,"max_mean_jut":120.3587,"max_ats":58.389,"r_jmean_peak":750,"r_ats_peak":625,"r_ats_marginal":187.5,"ats_marginal_rate_max":0.18246500690819573,"ats_marginal_interval_start":125.0,"ats_marginal_interval_end":250.0,"is_expanded":false}},{"type":"Feature","geometry":{"type":"Polygon","coordinates":[[[119.743855,40.2930398],[119.7445772,40.2930127],[119.7452925,40.2929318],[119.745994,40.2927977],[119.7466748,40.2926119],[119.7473285,40.2923761],[119.7479487,40.2920925],[119.7485295,40.2917639],[119.7490653,40.2913935],[119.7495509,40.2909848],[119.7499817,40.2905417],[119.7503534,40.2900686],[119.7506626,40.28957],[119.7509062,40.2890506],[119.7510819,40.2885156],[119.751188,40.2879699],[119.7512235,40.287419],[119.751188,40.2868681],[119.7510819,40.2863224],[119.7509062,40.2857874],[119.7506626,40.285268],[119.7503534,40.2847694],[119.7499817,40.2842963],[119.7495509,40.2838532],[119.7490653,40.2834445],[119.7485295,40.2830741],[119.7479487,40.2827455],[119.7473285,40.2824619],[119.7466748,40.2822261],[119.745994,40.2820403],[119.7452925,40.2819062],[119.7445772,40.2818253],[119.743855,40.2817982],[119.7431328,40.2818253],[119.7424175,40.2819062],[119.741716,40.2820403],[119.7410352,40.2822261],[119.7403815,40.2824619],[119.7397613,40.2827455],[119.7391805,40.2830741],[119.7386447,40.2834445],[119.7381591,40.2838532],[119.7377283,40.2842963],[119.7373566,40.2847694],[119.7370474,40.285268],[119.7368038,40.2857874],[119.7366281,40.2863224],[119.736522,40.2868681],[119.7364865,40.287419],[119.736522,40.2879699],[119.7366281,40.2885156],[119.7368038,40.2890506],[119.7370474,40.28957],[119.7373566,40.2900686],[119.7377283,40.2905417],[119.7381591,40.2909848],[119.7386447,40.2913935],[119.7391805,40.2917639],[119.7397613,40.2920925],[119.7403815,40.2923761],[119.7410352,40.2926119],[119.741716,40.2927977],[119.7424175,40.2929318],[119.7431328,40.2930127],[119.743855,40.2930398]]]},"properties":{"name":"738无名峰","peak_elev":738,"radius_m":625,"layer":"ATS峰值响应半径","rank_pct":0.9228,"center_lon":119.743855,"center_lat":40.287419,"max_mean_jut":72.5318,"max_ats":37.2683,"r_jmean_peak":625,"r_ats_peak":625,"r_ats_marginal":187.5,"ats_marginal_rate_max":0.15959636854963918,"ats_marginal_interval_start":125.0,"ats_marginal_interval_end":250.0,"is_expanded":false}},{"type":"Feature","geometry":{"type":"Polygon","coordinates":[[[118.215013,40.5202234],[118.2157377,40.5201964],[118.2164554,40.5201154],[118.2171592,40.5199814],[118.2178423,40.5197956],[118.2184982,40.5195597],[118.2191206,40.5192762],[118.2197033,40.5189476],[118.2202409,40.5185771],[118.2207282,40.5181684],[118.2211604,40.5177254],[118.2215334,40.5172523],[118.2218436,40.5167536],[118.222088,40.5162343],[118.2222643,40.5156992],[118.2223708,40.5151536],[118.2224064,40.5146027],[118.2223708,40.5140517],[118.2222643,40.5135061],[118.222088,40.512971],[118.2218436,40.5124517],[118.2215334,40.5119531],[118.2211604,40.5114799],[118.2207282,40.5110369],[118.2202409,40.5106282],[118.2197033,40.5102578],[118.2191206,40.5099292],[118.2184982,40.5096456],[118.2178423,40.5094098],[118.2171592,40.5092239],[118.2164554,40.5090899],[118.2157377,40.509009],[118.215013,40.5089819],[118.2142883,40.509009],[118.2135706,40.5090899],[118.2128668,40.5092239],[118.2121837,40.5094098],[118.2115278,40.5096456],[118.2109054,40.5099292],[118.2103227,40.5102578],[118.2097851,40.5106282],[118.2092978,40.5110369],[118.2088656,40.5114799],[118.2084926,40.5119531],[118.2081824,40.5124517],[118.207938,40.512971],[118.2077617,40.5135061],[118.2076552,40.5140517],[118.2076196,40.5146027],[118.2076552,40.5151536],[118.2077617,40.5156992],[118.207938,40.5162343],[118.2081824,40.5167536],[118.2084926,40.5172523],[118.2088656,40.5177254],[118.2092978,40.5181684],[118.2097851,40.5185771],[118.2103227,40.5189476],[118.2109054,40.5192762],[118.2115278,40.5195597],[118.2121837,40.5197956],[118.2128668,40.5199814],[118.2135706,40.5201154],[118.2142883,40.5201964],[118.215013,40.5202234]]]},"properties":{"name":"740无名峰","peak_elev":740,"radius_m":625,"layer":"ATS峰值响应半径","rank_pct":0.9228,"center_lon":118.215013,"center_lat":40.51460266113281,"max_mean_jut":89.3451,"max_ats":46.1979,"r_jmean_peak":625,"r_ats_peak":625,"r_ats_marginal":187.5,"ats_marginal_rate_max":0.10231324475182053,"ats_marginal_interval_start":125.0,"ats_marginal_interval_end":250.0,"is_expanded":false}},{"type":"Feature","geometry":{"type":"Polygon","coordinates":[[[118.0244827,40.7584568],[118.02521,40.7584297],[118.0259303,40.7583488],[118.0266366,40.7582147],[118.0273222,40.7580289],[118.0279804,40.7577931],[118.028605,40.7575095],[118.0291898,40.7571809],[118.0297293,40.7568105],[118.0302183,40.7564018],[118.0306521,40.7559587],[118.0310264,40.7554856],[118.0313378,40.754987],[118.0315831,40.7544676],[118.03176,40.7539326],[118.0318668,40.7533869],[118.0319026,40.752836],[118.0318668,40.7522851],[118.03176,40.7517394],[118.0315831,40.7512044],[118.0313378,40.750685],[118.0310264,40.7501864],[118.0306521,40.7497133],[118.0302183,40.7492702],[118.0297293,40.7488615],[118.0291898,40.7484911],[118.028605,40.7481625],[118.0279804,40.7478789],[118.0273222,40.7476431],[118.0266366,40.7474573],[118.0259303,40.7473232],[118.02521,40.7472423],[118.0244827,40.7472152],[118.0237555,40.7472423],[118.0230352,40.7473232],[118.0223289,40.7474573],[118.0216433,40.7476431],[118.020985,40.7478789],[118.0203605,40.7481625],[118.0197756,40.7484911],[118.0192361,40.7488615],[118.0187471,40.7492702],[118.0183134,40.7497133],[118.017939,40.7501864],[118.0176277,40.750685],[118.0173824,40.7512044],[118.0172055,40.7517394],[118.0170986,40.7522851],[118.0170629,40.752836],[118.0170986,40.7533869],[118.0172055,40.7539326],[118.0173824,40.7544676],[118.0176277,40.754987],[118.017939,40.7554856],[118.0183134,40.7559587],[118.0187471,40.7564018],[118.0192361,40.7568105],[118.0197756,40.7571809],[118.0203605,40.7575095],[118.020985,40.7577931],[118.0216433,40.7580289],[118.0223289,40.7582147],[118.0230352,40.7583488],[118.0237555,40.7584297],[118.0244827,40.7584568]]]},"properties":{"name":"821无名峰","peak_elev":821,"radius_m":625,"layer":"ATS峰值响应半径","rank_pct":0.9228,"center_lon":118.02448272705078,"center_lat":40.752836,"max_mean_jut":97.1537,"max_ats":53.4072,"r_jmean_peak":500,"r_ats_peak":625,"r_ats_marginal":187.5,"ats_marginal_rate_max":0.10445925397809648,"ats_marginal_interval_start":125.0,"ats_marginal_interval_end":250.0,"is_expanded":false}},{"type":"Feature","geometry":{"type":"Polygon","coordinates":[[[118.089698,40.7080618],[118.0904247,40.7080347],[118.0911444,40.7079538],[118.0918502,40.7078197],[118.0925353,40.7076339],[118.093193,40.7073981],[118.0938171,40.7071145],[118.0944015,40.7067859],[118.0949406,40.7064155],[118.0954293,40.7060068],[118.0958627,40.7055637],[118.0962367,40.7050906],[118.0965478,40.704592],[118.096793,40.7040726],[118.0969697,40.7035376],[118.0970765,40.7029919],[118.0971122,40.702441],[118.0970765,40.7018901],[118.0969697,40.7013444],[118.096793,40.7008094],[118.0965478,40.70029],[118.0962367,40.6997914],[118.0958627,40.6993183],[118.0954293,40.6988752],[118.0949406,40.6984665],[118.0944015,40.6980961],[118.0938171,40.6977675],[118.093193,40.6974839],[118.0925353,40.6972481],[118.0918502,40.6970623],[118.0911444,40.6969282],[118.0904247,40.6968473],[118.089698,40.6968202],[118.0889713,40.6968473],[118.0882516,40.6969282],[118.0875458,40.6970623],[118.0868607,40.6972481],[118.086203,40.6974839],[118.0855789,40.6977675],[118.0849945,40.6980961],[118.0844554,40.6984665],[118.0839667,40.6988752],[118.0835333,40.6993183],[118.0831593,40.6997914],[118.0828482,40.70029],[118.082603,40.7008094],[118.0824263,40.7013444],[118.0823195,40.7018901],[118.0822838,40.702441],[118.0823195,40.7029919],[118.0824263,40.7035376],[118.082603,40.7040726],[118.0828482,40.704592],[118.0831593,40.7050906],[118.0835333,40.7055637],[118.0839667,40.7060068],[118.0844554,40.7064155],[118.0849945,40.7067859],[118.0855789,40.7071145],[118.086203,40.7073981],[118.0868607,40.7076339],[118.0875458,40.7078197],[118.0882516,40.7079538],[118.0889713,40.7080347],[118.089698,40.7080618]]]},"properties":{"name":"846无名峰","peak_elev":846,"radius_m":625,"layer":"ATS峰值响应半径","rank_pct":0.9228,"center_lon":118.089698,"center_lat":40.702441,"max_mean_jut":99.7829,"max_ats":56.3833,"r_jmean_peak":625,"r_ats_peak":625,"r_ats_marginal":187.5,"ats_marginal_rate_max":0.12231554563823309,"ats_marginal_interval_start":125.0,"ats_marginal_interval_end":250.0,"is_expanded":false}},{"type":"Feature","geometry":{"type":"Polygon","coordinates":[[[118.502833,40.7098139],[118.5035597,40.7097868],[118.5042795,40.7097059],[118.5049853,40.7095718],[118.5056704,40.709386],[118.5063281,40.7091502],[118.5069522,40.7088666],[118.5075366,40.708538],[118.5080758,40.7081676],[118.5085644,40.7077589],[118.5089979,40.7073158],[118.5093719,40.7068427],[118.509683,40.7063441],[118.5099281,40.7058247],[118.5101049,40.7052897],[118.5102117,40.704744],[118.5102474,40.7041931],[118.5102117,40.7036422],[118.5101049,40.7030966],[118.5099281,40.7025615],[118.509683,40.7020421],[118.5093719,40.7015435],[118.5089979,40.7010704],[118.5085644,40.7006273],[118.5080758,40.7002186],[118.5075366,40.6998482],[118.5069522,40.6995196],[118.5063281,40.699236],[118.5056704,40.6990002],[118.5049853,40.6988144],[118.5042795,40.6986804],[118.5035597,40.6985994],[118.502833,40.6985724],[118.5021063,40.6985994],[118.5013865,40.6986804],[118.5006807,40.6988144],[118.4999956,40.6990002],[118.4993379,40.699236],[118.4987138,40.6995196],[118.4981294,40.6998482],[118.4975902,40.7002186],[118.4971016,40.7006273],[118.4966681,40.7010704],[118.4962941,40.7015435],[118.495983,40.7020421],[118.4957379,40.7025615],[118.4955611,40.7030966],[118.4954543,40.7036422],[118.4954186,40.7041931],[118.4954543,40.704744],[118.4955611,40.7052897],[118.4957379,40.7058247],[118.495983,40.7063441],[118.4962941,40.7068427],[118.4966681,40.7073158],[118.4971016,40.7077589],[118.4975902,40.7081676],[118.4981294,40.708538],[118.4987138,40.7088666],[118.4993379,40.7091502],[118.4999956,40.709386],[118.5006807,40.7095718],[118.5013865,40.7097059],[118.5021063,40.7097868],[118.502833,40.7098139]]]},"properties":{"name":"877无名峰","peak_elev":877,"radius_m":625,"layer":"ATS峰值响应半径","rank_pct":0.9228,"center_lon":118.502833,"center_lat":40.704193115234375,"max_mean_jut":88.0865,"max_ats":41.3432,"r_jmean_peak":750,"r_ats_peak":625,"r_ats_marginal":187.5,"ats_marginal_rate_max":0.11228201711829358,"ats_marginal_interval_start":125.0,"ats_marginal_interval_end":250.0,"is_expanded":false}},{"type":"Feature","geometry":{"type":"Polygon","coordinates":[[[118.014509,40.5372018],[118.0152339,40.5371747],[118.0159517,40.5370938],[118.0166557,40.5369597],[118.017339,40.5367739],[118.0179951,40.5365381],[118.0186176,40.5362545],[118.0192005,40.5359259],[118.0197382,40.5355555],[118.0202256,40.5351468],[118.0206579,40.5347037],[118.021031,40.5342306],[118.0213413,40.533732],[118.0215858,40.5332126],[118.0217622,40.5326776],[118.0218687,40.5321319],[118.0219043,40.531581],[118.0218687,40.5310301],[118.0217622,40.5304844],[118.0215858,40.5299494],[118.0213413,40.52943],[118.021031,40.5289314],[118.0206579,40.5284583],[118.0202256,40.5280152],[118.0197382,40.5276065],[118.0192005,40.5272361],[118.0186176,40.5269075],[118.0179951,40.5266239],[118.017339,40.5263881],[118.0166557,40.5262023],[118.0159517,40.5260682],[118.0152339,40.5259873],[118.014509,40.5259602],[118.0137841,40.5259873],[118.0130663,40.5260682],[118.0123623,40.5262023],[118.011679,40.5263881],[118.0110229,40.5266239],[118.0104004,40.5269075],[118.0098175,40.5272361],[118.0092798,40.5276065],[118.0087924,40.5280152],[118.0083601,40.5284583],[118.007987,40.5289314],[118.0076767,40.52943],[118.0074322,40.5299494],[118.0072558,40.5304844],[118.0071493,40.5310301],[118.0071137,40.531581],[118.0071493,40.5321319],[118.0072558,40.5326776],[118.0074322,40.5332126],[118.0076767,40.533732],[118.007987,40.5342306],[118.0083601,40.5347037],[118.0087924,40.5351468],[118.0092798,40.5355555],[118.0098175,40.5359259],[118.0104004,40.5362545],[118.0110229,40.5365381],[118.011679,40.5367739],[118.0123623,40.5369597],[118.0130663,40.5370938],[118.0137841,40.5371747],[118.014509,40.5372018]]]},"properties":{"name":"943无名峰","peak_elev":943,"radius_m":625,"layer":"ATS峰值响应半径","rank_pct":0.9228,"center_lon":118.014509,"center_lat":40.531581,"max_mean_jut":109.6556,"max_ats":62.8149,"r_jmean_peak":750,"r_ats_peak":625,"r_ats_marginal":187.5,"ats_marginal_rate_max":0.16296203039237458,"ats_marginal_interval_start":125.0,"ats_marginal_interval_end":250.0,"is_expanded":false}},{"type":"Feature","geometry":{"type":"Polygon","coordinates":[[[118.250047,40.6285608],[118.2507729,40.6285338],[118.2514917,40.6284528],[118.2521967,40.6283188],[118.2528809,40.628133],[118.2535379,40.6278971],[118.2541612,40.6276136],[118.2547449,40.627285],[118.2552834,40.6269145],[118.2557714,40.6265058],[118.2562043,40.6260628],[118.256578,40.6255897],[118.2568887,40.625091],[118.2571335,40.6245717],[118.2573101,40.6240366],[118.2574167,40.623491],[118.2574524,40.6229401],[118.2574167,40.6223891],[118.2573101,40.6218435],[118.2571335,40.6213084],[118.2568887,40.6207891],[118.256578,40.6202905],[118.2562043,40.6198173],[118.2557714,40.6193743],[118.2552834,40.6189656],[118.2547449,40.6185952],[118.2541612,40.6182666],[118.2535379,40.617983],[118.2528809,40.6177472],[118.2521967,40.6175613],[118.2514917,40.6174273],[118.2507729,40.6173464],[118.250047,40.6173193],[118.2493211,40.6173464],[118.2486023,40.6174273],[118.2478973,40.6175613],[118.2472131,40.6177472],[118.2465561,40.617983],[118.2459328,40.6182666],[118.2453491,40.6185952],[118.2448106,40.6189656],[118.2443226,40.6193743],[118.2438897,40.6198173],[118.243516,40.6202905],[118.2432053,40.6207891],[118.2429605,40.6213084],[118.2427839,40.6218435],[118.2426773,40.6223891],[118.2426416,40.6229401],[118.2426773,40.623491],[118.2427839,40.6240366],[118.2429605,40.6245717],[118.2432053,40.625091],[118.243516,40.6255897],[118.2438897,40.6260628],[118.2443226,40.6265058],[118.2448106,40.6269145],[118.2453491,40.627285],[118.2459328,40.6276136],[118.2465561,40.6278971],[118.2472131,40.628133],[118.2478973,40.6283188],[118.2486023,40.6284528],[118.2493211,40.6285338],[118.250047,40.6285608]]]},"properties":{"name":"967无名峰","peak_elev":967,"radius_m":625,"layer":"ATS峰值响应半径","rank_pct":0.9228,"center_lon":118.250047,"center_lat":40.62294006347656,"max_mean_jut":151.512,"max_ats":88.0293,"r_jmean_peak":625,"r_ats_peak":625,"r_ats_marginal":187.5,"ats_marginal_rate_max":0.3430511427240638,"ats_marginal_interval_start":125.0,"ats_marginal_interval_end":250.0,"is_expanded":false}},{"type":"Feature","geometry":{"type":"Polygon","coordinates":[[[118.185907,40.5051328],[118.1866315,40.5051057],[118.1873491,40.5050248],[118.1880527,40.5048907],[118.1887357,40.5047049],[118.1893914,40.5044691],[118.1900136,40.5041855],[118.1905963,40.5038569],[118.1911337,40.5034865],[118.1916209,40.5030778],[118.192053,40.5026347],[118.1924259,40.5021616],[118.1927361,40.501663],[118.1929804,40.5011436],[118.1931567,40.5006086],[118.1932631,40.5000629],[118.1932987,40.499512],[118.1932631,40.4989611],[118.1931567,40.4984154],[118.1929804,40.4978804],[118.1927361,40.497361],[118.1924259,40.4968624],[118.192053,40.4963893],[118.1916209,40.4959462],[118.1911337,40.4955375],[118.1905963,40.4951671],[118.1900136,40.4948385],[118.1893914,40.4945549],[118.1887357,40.4943191],[118.1880527,40.4941333],[118.1873491,40.4939992],[118.1866315,40.4939183],[118.185907,40.4938912],[118.1851825,40.4939183],[118.1844649,40.4939992],[118.1837613,40.4941333],[118.1830783,40.4943191],[118.1824226,40.4945549],[118.1818004,40.4948385],[118.1812177,40.4951671],[118.1806803,40.4955375],[118.1801931,40.4959462],[118.179761,40.4963893],[118.1793881,40.4968624],[118.1790779,40.497361],[118.1788336,40.4978804],[118.1786573,40.4984154],[118.1785509,40.4989611],[118.1785153,40.499512],[118.1785509,40.5000629],[118.1786573,40.5006086],[118.1788336,40.5011436],[118.1790779,40.501663],[118.1793881,40.5021616],[118.179761,40.5026347],[118.1801931,40.5030778],[118.1806803,40.5034865],[118.1812177,40.5038569],[118.1818004,40.5041855],[118.1824226,40.5044691],[118.1830783,40.5047049],[118.1837613,40.5048907],[118.1844649,40.5050248],[118.1851825,40.5051057],[118.185907,40.5051328]]]},"properties":{"name":"大东岭832","peak_elev":832,"radius_m":625,"layer":"ATS峰值响应半径","rank_pct":0.9228,"center_lon":118.185907,"center_lat":40.499512,"max_mean_jut":86.7282,"max_ats":39.9431,"r_jmean_peak":625,"r_ats_peak":625,"r_ats_marginal":187.5,"ats_marginal_rate_max":0.08269933257701446,"ats_marginal_interval_start":125.0,"ats_marginal_interval_end":250.0,"is_expanded":false}},{"type":"Feature","geometry":{"type":"Polygon","coordinates":[[[119.393782,40.0922668],[119.3945021,40.0922397],[119.3952153,40.0921588],[119.3959146,40.0920247],[119.3965935,40.0918389],[119.3972452,40.0916031],[119.3978636,40.0913195],[119.3984427,40.0909909],[119.3989769,40.0906205],[119.3994611,40.0902118],[119.3998906,40.0897687],[119.4002612,40.0892956],[119.4005695,40.088797],[119.4008124,40.0882776],[119.4009875,40.0877426],[119.4010933,40.0871969],[119.4011287,40.086646],[119.4010933,40.0860951],[119.4009875,40.0855494],[119.4008124,40.0850144],[119.4005695,40.084495],[119.4002612,40.0839964],[119.3998906,40.0835233],[119.3994611,40.0830802],[119.3989769,40.0826715],[119.3984427,40.0823011],[119.3978636,40.0819725],[119.3972452,40.0816889],[119.3965935,40.0814531],[119.3959146,40.0812673],[119.3952153,40.0811332],[119.3945021,40.0810523],[119.393782,40.0810252],[119.3930619,40.0810523],[119.3923487,40.0811332],[119.3916494,40.0812673],[119.3909705,40.0814531],[119.3903188,40.0816889],[119.3897004,40.0819725],[119.3891213,40.0823011],[119.3885871,40.0826715],[119.3881029,40.0830802],[119.3876734,40.0835233],[119.3873028,40.0839964],[119.3869945,40.084495],[119.3867516,40.0850144],[119.3865765,40.0855494],[119.3864707,40.0860951],[119.3864353,40.086646],[119.3864707,40.0871969],[119.3865765,40.0877426],[119.3867516,40.0882776],[119.3869945,40.088797],[119.3873028,40.0892956],[119.3876734,40.0897687],[119.3881029,40.0902118],[119.3885871,40.0906205],[119.3891213,40.0909909],[119.3897004,40.0913195],[119.3903188,40.0916031],[119.3909705,40.0918389],[119.3916494,40.0920247],[119.3923487,40.0921588],[119.3930619,40.0922397],[119.393782,40.0922668]]]},"properties":{"name":"背牛顶956","peak_elev":938,"radius_m":625,"layer":"ATS峰值响应半径","rank_pct":0.9228,"center_lon":119.393782,"center_lat":40.086646,"max_mean_jut":155.9443,"max_ats":92.5738,"r_jmean_peak":500,"r_ats_peak":625,"r_ats_marginal":187.5,"ats_marginal_rate_max":0.34196253980835273,"ats_marginal_interval_start":125.0,"ats_marginal_interval_end":250.0,"is_expanded":false}},{"type":"Feature","geometry":{"type":"Polygon","coordinates":[[[118.305697,40.7349646],[118.3062786,40.734943],[118.3068546,40.7348782],[118.3074195,40.734771],[118.3079678,40.7346223],[118.3084942,40.7344337],[118.3089937,40.7342068],[118.3094614,40.7339439],[118.3098929,40.7336476],[118.3102839,40.7333206],[118.3106308,40.7329662],[118.3109302,40.7325877],[118.3111792,40.7321888],[118.3113754,40.7317733],[118.3115168,40.7313452],[118.3116023,40.7309087],[118.3116309,40.730468],[118.3116023,40.7300273],[118.3115168,40.7295908],[118.3113754,40.7291627],[118.3111792,40.7287472],[118.3109302,40.7283483],[118.3106308,40.7279698],[118.3102839,40.7276154],[118.3098929,40.7272884],[118.3094614,40.7269921],[118.3089937,40.7267292],[118.3084942,40.7265023],[118.3079678,40.7263137],[118.3074195,40.726165],[118.3068546,40.7260578],[118.3062786,40.725993],[118.305697,40.7259714],[118.3051154,40.725993],[118.3045394,40.7260578],[118.3039745,40.726165],[118.3034262,40.7263137],[118.3028998,40.7265023],[118.3024003,40.7267292],[118.3019326,40.7269921],[118.3015011,40.7272884],[118.3011101,40.7276154],[118.3007632,40.7279698],[118.3004638,40.7283483],[118.3002148,40.7287472],[118.3000186,40.7291627],[118.2998772,40.7295908],[118.2997917,40.7300273],[118.2997631,40.730468],[118.2997917,40.7309087],[118.2998772,40.7313452],[118.3000186,40.7317733],[118.3002148,40.7321888],[118.3004638,40.7325877],[118.3007632,40.7329662],[118.3011101,40.7333206],[118.3015011,40.7336476],[118.3019326,40.7339439],[118.3024003,40.7342068],[118.3028998,40.7344337],[118.3034262,40.7346223],[118.3039745,40.734771],[118.3045394,40.7348782],[118.3051154,40.734943],[118.305697,40.7349646]]]},"properties":{"name":"1065无名峰","peak_elev":1065,"radius_m":500,"layer":"ATS峰值响应半径","rank_pct":0.9614,"center_lon":118.305697,"center_lat":40.730468,"max_mean_jut":124.652,"max_ats":68.5491,"r_jmean_peak":500,"r_ats_peak":500,"r_ats_marginal":187.5,"ats_marginal_rate_max":0.22434501996337256,"ats_marginal_interval_start":125.0,"ats_marginal_interval_end":250.0,"is_expanded":false}},{"type":"Feature","geometry":{"type":"Polygon","coordinates":[[[119.921452,40.5719206],[119.9220322,40.571899],[119.9226068,40.5718342],[119.9231703,40.571727],[119.9237173,40.5715783],[119.9242424,40.5713897],[119.9247406,40.5711628],[119.9252072,40.5708999],[119.9256376,40.5706036],[119.9260277,40.5702766],[119.9263738,40.5699222],[119.9266724,40.5695437],[119.9269208,40.5691448],[119.9271165,40.5687293],[119.9272576,40.5683012],[119.9273429,40.5678647],[119.9273714,40.567424],[119.9273429,40.5669833],[119.9272576,40.5665468],[119.9271165,40.5661187],[119.9269208,40.5657032],[119.9266724,40.5653043],[119.9263738,40.5649258],[119.9260277,40.5645714],[119.9256376,40.5642444],[119.9252072,40.5639481],[119.9247406,40.5636852],[119.9242424,40.5634583],[119.9237173,40.5632697],[119.9231703,40.563121],[119.9226068,40.5630138],[119.9220322,40.562949],[119.921452,40.5629274],[119.9208718,40.562949],[119.9202972,40.5630138],[119.9197337,40.563121],[119.9191867,40.5632697],[119.9186616,40.5634583],[119.9181634,40.5636852],[119.9176968,40.5639481],[119.9172664,40.5642444],[119.9168763,40.5645714],[119.9165302,40.5649258],[119.9162316,40.5653043],[119.9159832,40.5657032],[119.9157875,40.5661187],[119.9156464,40.5665468],[119.9155611,40.5669833],[119.9155326,40.567424],[119.9155611,40.5678647],[119.9156464,40.5683012],[119.9157875,40.5687293],[119.9159832,40.5691448],[119.9162316,40.5695437],[119.9165302,40.5699222],[119.9168763,40.5702766],[119.9172664,40.5706036],[119.9176968,40.5708999],[119.9181634,40.5711628],[119.9186616,40.5713897],[119.9191867,40.5715783],[119.9197337,40.571727],[119.9202972,40.5718342],[119.9208718,40.571899],[119.921452,40.5719206]]]},"properties":{"name":"635无名峰","peak_elev":635,"radius_m":500,"layer":"ATS峰值响应半径","rank_pct":0.9614,"center_lon":119.921452,"center_lat":40.567424,"max_mean_jut":60.503,"max_ats":35.0962,"r_jmean_peak":500,"r_ats_peak":500,"r_ats_marginal":187.5,"ats_marginal_rate_max":0.11987784184620207,"ats_marginal_interval_start":125.0,"ats_marginal_interval_end":250.0,"is_expanded":false}},{"type":"Feature","geometry":{"type":"Polygon","coordinates":[[[119.5867386,40.2563429],[119.5873161,40.2563213],[119.587888,40.2562565],[119.5884489,40.2561493],[119.5889932,40.2560006],[119.5895159,40.255812],[119.5900118,40.2555851],[119.5904762,40.2553222],[119.5909046,40.2550259],[119.5912929,40.2546989],[119.5916373,40.2543445],[119.5919346,40.253966],[119.5921818,40.2535671],[119.5923766,40.2531516],[119.5925171,40.2527236],[119.5926019,40.2522871],[119.5926303,40.2518463],[119.5926019,40.2514056],[119.5925171,40.2509691],[119.5923766,40.250541],[119.5921818,40.2501255],[119.5919346,40.2497266],[119.5916373,40.2493481],[119.5912929,40.2489937],[119.5909046,40.2486667],[119.5904762,40.2483704],[119.5900118,40.2481075],[119.5895159,40.2478807],[119.5889932,40.247692],[119.5884489,40.2475433],[119.587888,40.2474361],[119.5873161,40.2473714],[119.5867386,40.2473497],[119.5861611,40.2473714],[119.5855892,40.2474361],[119.5850283,40.2475433],[119.5844839,40.247692],[119.5839613,40.2478807],[119.5834653,40.2481075],[119.5830009,40.2483704],[119.5825725,40.2486667],[119.5821842,40.2489937],[119.5818398,40.2493481],[119.5815426,40.2497266],[119.5812954,40.2501255],[119.5811006,40.250541],[119.5809601,40.2509691],[119.5808753,40.2514056],[119.5808469,40.2518463],[119.5808753,40.2522871],[119.5809601,40.2527236],[119.5811006,40.2531516],[119.5812954,40.2535671],[119.5815426,40.253966],[119.5818398,40.2543445],[119.5821842,40.2546989],[119.5825725,40.2550259],[119.5830009,40.2553222],[119.5834653,40.2555851],[119.5839613,40.255812],[119.5844839,40.2560006],[119.5850283,40.2561493],[119.5855892,40.2562565],[119.5861611,40.2563213],[119.5867386,40.2563429]]]},"properties":{"name":"732无名峰","peak_elev":732,"radius_m":500,"layer":"ATS峰值响应半径","rank_pct":0.9614,"center_lon":119.58673858642578,"center_lat":40.25184631347656,"max_mean_jut":82.0744,"max_ats":44.3398,"r_jmean_peak":625,"r_ats_peak":500,"r_ats_marginal":187.5,"ats_marginal_rate_max":0.121948497682233,"ats_marginal_interval_start":125.0,"ats_marginal_interval_end":250.0,"is_expanded":false}},{"type":"Feature","geometry":{"type":"Polygon","coordinates":[[[119.707743,40.4722076],[119.7083223,40.472186],[119.7088961,40.4721212],[119.7094588,40.472014],[119.7100049,40.4718653],[119.7105292,40.4716767],[119.7110267,40.4714498],[119.7114926,40.4711869],[119.7119224,40.4708906],[119.7123119,40.4705636],[119.7126575,40.4702092],[119.7129557,40.4698307],[119.7132037,40.4694318],[119.7133991,40.4690163],[119.71354,40.4685882],[119.7136251,40.4681517],[119.7136536,40.467711],[119.7136251,40.4672703],[119.71354,40.4668338],[119.7133991,40.4664057],[119.7132037,40.4659902],[119.7129557,40.4655913],[119.7126575,40.4652128],[119.7123119,40.4648584],[119.7119224,40.4645314],[119.7114926,40.4642351],[119.7110267,40.4639722],[119.7105292,40.4637453],[119.7100049,40.4635567],[119.7094588,40.463408],[119.7088961,40.4633008],[119.7083223,40.463236],[119.707743,40.4632144],[119.7071637,40.463236],[119.7065899,40.4633008],[119.7060272,40.463408],[119.7054811,40.4635567],[119.7049568,40.4637453],[119.7044593,40.4639722],[119.7039934,40.4642351],[119.7035636,40.4645314],[119.7031741,40.4648584],[119.7028285,40.4652128],[119.7025303,40.4655913],[119.7022823,40.4659902],[119.7020869,40.4664057],[119.701946,40.4668338],[119.7018609,40.4672703],[119.7018324,40.467711],[119.7018609,40.4681517],[119.701946,40.4685882],[119.7020869,40.4690163],[119.7022823,40.4694318],[119.7025303,40.4698307],[119.7028285,40.4702092],[119.7031741,40.4705636],[119.7035636,40.4708906],[119.7039934,40.4711869],[119.7044593,40.4714498],[119.7049568,40.4716767],[119.7054811,40.4718653],[119.7060272,40.472014],[119.7065899,40.4721212],[119.7071637,40.472186],[119.707743,40.4722076]]]},"properties":{"name":"850无名峰","peak_elev":850,"radius_m":500,"layer":"ATS峰值响应半径","rank_pct":0.9614,"center_lon":119.707743,"center_lat":40.467711,"max_mean_jut":88.5942,"max_ats":40.573,"r_jmean_peak":500,"r_ats_peak":500,"r_ats_marginal":187.5,"ats_marginal_rate_max":0.12984091781155604,"ats_marginal_interval_start":125.0,"ats_marginal_interval_end":250.0,"is_expanded":false}},{"type":"Feature","geometry":{"type":"Polygon","coordinates":[[[118.0644989,40.7158308],[118.0650804,40.7158092],[118.0656562,40.7157444],[118.0662209,40.7156372],[118.066769,40.7154886],[118.0672953,40.7152999],[118.0677946,40.715073],[118.0682622,40.7148102],[118.0686936,40.7145138],[118.0690845,40.7141868],[118.0694313,40.7138324],[118.0697306,40.7134539],[118.0699795,40.713055],[118.0701756,40.7126395],[118.0703171,40.7122115],[118.0704025,40.711775],[118.0704311,40.7113342],[118.0704025,40.7108935],[118.0703171,40.710457],[118.0701756,40.7100289],[118.0699795,40.7096135],[118.0697306,40.7092145],[118.0694313,40.708836],[118.0690845,40.7084816],[118.0686936,40.7081546],[118.0682622,40.7078583],[118.0677946,40.7075954],[118.0672953,40.7073686],[118.066769,40.7071799],[118.0662209,40.7070312],[118.0656562,40.706924],[118.0650804,40.7068593],[118.0644989,40.7068376],[118.0639174,40.7068593],[118.0633416,40.706924],[118.0627769,40.7070312],[118.0622288,40.7071799],[118.0617025,40.7073686],[118.0612032,40.7075954],[118.0607356,40.7078583],[118.0603042,40.7081546],[118.0599133,40.7084816],[118.0595665,40.708836],[118.0592672,40.7092145],[118.0590183,40.7096135],[118.0588222,40.7100289],[118.0586807,40.710457],[118.0585953,40.7108935],[118.0585667,40.7113342],[118.0585953,40.711775],[118.0586807,40.7122115],[118.0588222,40.7126395],[118.0590183,40.713055],[118.0592672,40.7134539],[118.0595665,40.7138324],[118.0599133,40.7141868],[118.0603042,40.7145138],[118.0607356,40.7148102],[118.0612032,40.715073],[118.0617025,40.7152999],[118.0622288,40.7154886],[118.0627769,40.7156372],[118.0633416,40.7157444],[118.0639174,40.7158092],[118.0644989,40.7158308]]]},"properties":{"name":"916无名峰","peak_elev":916,"radius_m":500,"layer":"ATS峰值响应半径","rank_pct":0.9614,"center_lon":118.0644989013672,"center_lat":40.711334228515625,"max_mean_jut":91.46,"max_ats":49.8915,"r_jmean_peak":500,"r_ats_peak":500,"r_ats_marginal":187.5,"ats_marginal_rate_max":0.18167478889493052,"ats_marginal_interval_start":125.0,"ats_marginal_interval_end":250.0,"is_expanded":false}},{"type":"Feature","geometry":{"type":"Polygon","coordinates":[[[119.409413,40.0259246],[119.4099885,40.025903],[119.4105585,40.0258382],[119.4111175,40.025731],[119.41166,40.0255823],[119.4121809,40.0253937],[119.4126752,40.0251668],[119.413138,40.0249039],[119.413565,40.0246076],[119.4139519,40.0242806],[119.4142952,40.0239262],[119.4145914,40.0235477],[119.4148378,40.0231488],[119.4150319,40.0227333],[119.4151719,40.0223052],[119.4152565,40.0218687],[119.4152847,40.021428],[119.4152565,40.0209873],[119.4151719,40.0205508],[119.4150319,40.0201227],[119.4148378,40.0197072],[119.4145914,40.0193083],[119.4142952,40.0189298],[119.4139519,40.0185754],[119.413565,40.0182484],[119.413138,40.0179521],[119.4126752,40.0176892],[119.4121809,40.0174623],[119.41166,40.0172737],[119.4111175,40.017125],[119.4105585,40.0170178],[119.4099885,40.016953],[119.409413,40.0169314],[119.4088375,40.016953],[119.4082675,40.0170178],[119.4077085,40.017125],[119.407166,40.0172737],[119.4066451,40.0174623],[119.4061508,40.0176892],[119.405688,40.0179521],[119.405261,40.0182484],[119.4048741,40.0185754],[119.4045308,40.0189298],[119.4042346,40.0193083],[119.4039882,40.0197072],[119.4037941,40.0201227],[119.4036541,40.0205508],[119.4035695,40.0209873],[119.4035413,40.021428],[119.4035695,40.0218687],[119.4036541,40.0223052],[119.4037941,40.0227333],[119.4039882,40.0231488],[119.4042346,40.0235477],[119.4045308,40.0239262],[119.4048741,40.0242806],[119.405261,40.0246076],[119.405688,40.0249039],[119.4061508,40.0251668],[119.4066451,40.0253937],[119.407166,40.0255823],[119.4077085,40.025731],[119.4082675,40.0258382],[119.4088375,40.025903],[119.409413,40.0259246]]]},"properties":{"name":"北天门581","peak_elev":581,"radius_m":500,"layer":"ATS峰值响应半径","rank_pct":0.9614,"center_lon":119.409413,"center_lat":40.021428,"max_mean_jut":62.8032,"max_ats":36.079,"r_jmean_peak":500,"r_ats_peak":500,"r_ats_marginal":187.5,"ats_marginal_rate_max":0.08153546802454807,"ats_marginal_interval_start":125.0,"ats_marginal_interval_end":250.0,"is_expanded":false}},{"type":"Feature","geometry":{"type":"Polygon","coordinates":[[[119.665837,40.5126316],[119.6664167,40.51261],[119.6669908,40.5125452],[119.6675538,40.512438],[119.6681002,40.5122893],[119.6686249,40.5121007],[119.6691227,40.5118738],[119.6695889,40.5116109],[119.6700189,40.5113146],[119.6704087,40.5109876],[119.6707544,40.5106332],[119.6710528,40.5102547],[119.671301,40.5098558],[119.6714965,40.5094403],[119.6716375,40.5090122],[119.6717227,40.5085757],[119.6717511,40.508135],[119.6717227,40.5076943],[119.6716375,40.5072578],[119.6714965,40.5068297],[119.671301,40.5064142],[119.6710528,40.5060153],[119.6707544,40.5056368],[119.6704087,40.5052824],[119.6700189,40.5049554],[119.6695889,40.5046591],[119.6691227,40.5043962],[119.6686249,40.5041693],[119.6681002,40.5039807],[119.6675538,40.503832],[119.6669908,40.5037248],[119.6664167,40.50366],[119.665837,40.5036384],[119.6652573,40.50366],[119.6646832,40.5037248],[119.6641202,40.503832],[119.6635738,40.5039807],[119.6630491,40.5041693],[119.6625513,40.5043962],[119.6620851,40.5046591],[119.6616551,40.5049554],[119.6612653,40.5052824],[119.6609196,40.5056368],[119.6606212,40.5060153],[119.660373,40.5064142],[119.6601775,40.5068297],[119.6600365,40.5072578],[119.6599513,40.5076943],[119.6599229,40.508135],[119.6599513,40.5085757],[119.6600365,40.5090122],[119.6601775,40.5094403],[119.660373,40.5098558],[119.6606212,40.5102547],[119.6609196,40.5106332],[119.6612653,40.5109876],[119.6616551,40.5113146],[119.6620851,40.5116109],[119.6625513,40.5118738],[119.6630491,40.5121007],[119.6635738,40.5122893],[119.6641202,40.512438],[119.6646832,40.5125452],[119.6652573,40.51261],[119.665837,40.5126316]]]},"properties":{"name":"锁链砬山983","peak_elev":983,"radius_m":500,"layer":"ATS峰值响应半径","rank_pct":0.9614,"center_lon":119.665837,"center_lat":40.508135,"max_mean_jut":108.8745,"max_ats":67.5162,"r_jmean_peak":500,"r_ats_peak":500,"r_ats_marginal":187.5,"ats_marginal_rate_max":0.19286383246685662,"ats_marginal_interval_start":125.0,"ats_marginal_interval_end":250.0,"is_expanded":false}},{"type":"Feature","geometry":{"type":"Polygon","coordinates":[[[118.057358,40.6815585],[118.0577939,40.6815422],[118.0582255,40.6814937],[118.0586489,40.6814132],[118.0590598,40.6813017],[118.0594543,40.6811602],[118.0598286,40.6809901],[118.0601791,40.6807929],[118.0605024,40.6805707],[118.0607955,40.6803255],[118.0610555,40.6800596],[118.0612798,40.6797758],[118.0614664,40.6794766],[118.0616134,40.679165],[118.0617195,40.6788439],[118.0617835,40.6785166],[118.0618049,40.678186],[118.0617835,40.6778554],[118.0617195,40.6775281],[118.0616134,40.677207],[118.0614664,40.6768954],[118.0612798,40.6765962],[118.0610555,40.6763124],[118.0607955,40.6760465],[118.0605024,40.6758013],[118.0601791,40.6755791],[118.0598286,40.6753819],[118.0594543,40.6752118],[118.0590598,40.6750703],[118.0586489,40.6749588],[118.0582255,40.6748783],[118.0577939,40.6748298],[118.057358,40.6748135],[118.0569221,40.6748298],[118.0564905,40.6748783],[118.0560671,40.6749588],[118.0556562,40.6750703],[118.0552617,40.6752118],[118.0548874,40.6753819],[118.0545369,40.6755791],[118.0542136,40.6758013],[118.0539205,40.6760465],[118.0536605,40.6763124],[118.0534362,40.6765962],[118.0532496,40.6768954],[118.0531026,40.677207],[118.0529965,40.6775281],[118.0529325,40.6778554],[118.0529111,40.678186],[118.0529325,40.6785166],[118.0529965,40.6788439],[118.0531026,40.679165],[118.0532496,40.6794766],[118.0534362,40.6797758],[118.0536605,40.6800596],[118.0539205,40.6803255],[118.0542136,40.6805707],[118.0545369,40.6807929],[118.0548874,40.6809901],[118.0552617,40.6811602],[118.0556562,40.6813017],[118.0560671,40.6814132],[118.0564905,40.6814937],[118.0569221,40.6815422],[118.057358,40.6815585]]]},"properties":{"name":"727无名峰","peak_elev":727,"radius_m":375,"layer":"ATS峰值响应半径","rank_pct":0.9884,"center_lon":118.057358,"center_lat":40.678186,"max_mean_jut":67.6321,"max_ats":33.6484,"r_jmean_peak":500,"r_ats_peak":375,"r_ats_marginal":187.5,"ats_marginal_rate_max":0.09980648519310359,"ats_marginal_interval_start":125.0,"ats_marginal_interval_end":250.0,"is_expanded":false}},{"type":"Feature","geometry":{"type":"Polygon","coordinates":[[[119.748167,40.4848275],[119.7486016,40.4848112],[119.749032,40.4847627],[119.7494541,40.4846822],[119.7498638,40.4845707],[119.7502571,40.4844292],[119.7506303,40.4842591],[119.7509798,40.4840619],[119.7513022,40.4838397],[119.7515944,40.4835945],[119.7518536,40.4833286],[119.7520773,40.4830448],[119.7522633,40.4827456],[119.7524099,40.482434],[119.7525157,40.4821129],[119.7525795,40.4817856],[119.7526008,40.481455],[119.7525795,40.4811244],[119.7525157,40.4807971],[119.7524099,40.480476],[119.7522633,40.4801644],[119.7520773,40.4798652],[119.7518536,40.4795814],[119.7515944,40.4793155],[119.7513022,40.4790703],[119.7509798,40.4788481],[119.7506303,40.4786509],[119.7502571,40.4784808],[119.7498638,40.4783393],[119.7494541,40.4782278],[119.749032,40.4781473],[119.7486016,40.4780988],[119.748167,40.4780825],[119.7477324,40.4780988],[119.747302,40.4781473],[119.7468799,40.4782278],[119.7464702,40.4783393],[119.7460769,40.4784808],[119.7457037,40.4786509],[119.7453542,40.4788481],[119.7450318,40.4790703],[119.7447396,40.4793155],[119.7444804,40.4795814],[119.7442567,40.4798652],[119.7440707,40.4801644],[119.7439241,40.480476],[119.7438183,40.4807971],[119.7437545,40.4811244],[119.7437332,40.481455],[119.7437545,40.4817856],[119.7438183,40.4821129],[119.7439241,40.482434],[119.7440707,40.4827456],[119.7442567,40.4830448],[119.7444804,40.4833286],[119.7447396,40.4835945],[119.7450318,40.4838397],[119.7453542,40.4840619],[119.7457037,40.4842591],[119.7460769,40.4844292],[119.7464702,40.4845707],[119.7468799,40.4846822],[119.747302,40.4847627],[119.7477324,40.4848112],[119.748167,40.4848275]]]},"properties":{"name":"795无名峰","peak_elev":795,"radius_m":375,"layer":"ATS峰值响应半径","rank_pct":0.9884,"center_lon":119.748167,"center_lat":40.481455,"max_mean_jut":72.7606,"max_ats":34.3622,"r_jmean_peak":375,"r_ats_peak":375,"r_ats_marginal":187.5,"ats_marginal_rate_max":0.0980802933586297,"ats_marginal_interval_start":125.0,"ats_marginal_interval_end":250.0,"is_expanded":false}},{"type":"Feature","geometry":{"type":"Polygon","coordinates":[[[119.404831,40.7031185],[119.405267,40.7031022],[119.4056988,40.7030537],[119.4061223,40.7029732],[119.4065333,40.7028617],[119.4069279,40.7027202],[119.4073024,40.7025501],[119.407653,40.7023529],[119.4079765,40.7021307],[119.4082696,40.7018855],[119.4085297,40.7016196],[119.4087541,40.7013358],[119.4089407,40.7010366],[119.4090878,40.700725],[119.4091939,40.7004039],[119.4092579,40.7000766],[119.4092793,40.699746],[119.4092579,40.6994154],[119.4091939,40.6990881],[119.4090878,40.698767],[119.4089407,40.6984554],[119.4087541,40.6981562],[119.4085297,40.6978724],[119.4082696,40.6976065],[119.4079765,40.6973613],[119.407653,40.6971391],[119.4073024,40.6969419],[119.4069279,40.6967718],[119.4065333,40.6966303],[119.4061223,40.6965188],[119.4056988,40.6964383],[119.405267,40.6963898],[119.404831,40.6963735],[119.404395,40.6963898],[119.4039632,40.6964383],[119.4035397,40.6965188],[119.4031287,40.6966303],[119.4027341,40.6967718],[119.4023596,40.6969419],[119.402009,40.6971391],[119.4016855,40.6973613],[119.4013924,40.6976065],[119.4011323,40.6978724],[119.4009079,40.6981562],[119.4007213,40.6984554],[119.4005742,40.698767],[119.4004681,40.6990881],[119.4004041,40.6994154],[119.4003827,40.699746],[119.4004041,40.7000766],[119.4004681,40.7004039],[119.4005742,40.700725],[119.4007213,40.7010366],[119.4009079,40.7013358],[119.4011323,40.7016196],[119.4013924,40.7018855],[119.4016855,40.7021307],[119.402009,40.7023529],[119.4023596,40.7025501],[119.4027341,40.7027202],[119.4031287,40.7028617],[119.4035397,40.7029732],[119.4039632,40.7030537],[119.404395,40.7031022],[119.404831,40.7031185]]]},"properties":{"name":"牛犄山947","peak_elev":947,"radius_m":375,"layer":"ATS峰值响应半径","rank_pct":0.9884,"center_lon":119.404831,"center_lat":40.699746,"max_mean_jut":67.6124,"max_ats":37.5447,"r_jmean_peak":null,"r_ats_peak":375,"r_ats_marginal":187.5,"ats_marginal_rate_max":0.13677687460709345,"ats_marginal_interval_start":125.0,"ats_marginal_interval_end":250.0,"is_expanded":false}},{"type":"Feature","geometry":{"type":"Polygon","coordinates":[[[119.366563,40.1190773],[119.3668512,40.1190665],[119.3671366,40.1190341],[119.3674164,40.1189805],[119.3676881,40.1189062],[119.3679489,40.1188118],[119.3681964,40.1186984],[119.3684281,40.118567],[119.3686419,40.1184188],[119.3688356,40.1182553],[119.3690075,40.1180781],[119.3691558,40.1178888],[119.3692792,40.1176894],[119.3693764,40.1174816],[119.3694465,40.1172676],[119.3694888,40.1170494],[119.369503,40.116829],[119.3694888,40.1166086],[119.3694465,40.1163904],[119.3693764,40.1161764],[119.3692792,40.1159686],[119.3691558,40.1157692],[119.3690075,40.1155799],[119.3688356,40.1154027],[119.3686419,40.1152392],[119.3684281,40.115091],[119.3681964,40.1149596],[119.3679489,40.1148462],[119.3676881,40.1147518],[119.3674164,40.1146775],[119.3671366,40.1146239],[119.3668512,40.1145915],[119.366563,40.1145807],[119.3662748,40.1145915],[119.3659894,40.1146239],[119.3657096,40.1146775],[119.3654379,40.1147518],[119.3651771,40.1148462],[119.3649296,40.1149596],[119.3646979,40.115091],[119.3644841,40.1152392],[119.3642904,40.1154027],[119.3641185,40.1155799],[119.3639702,40.1157692],[119.3638468,40.1159686],[119.3637496,40.1161764],[119.3636795,40.1163904],[119.3636372,40.1166086],[119.363623,40.116829],[119.3636372,40.1170494],[119.3636795,40.1172676],[119.3637496,40.1174816],[119.3638468,40.1176894],[119.3639702,40.1178888],[119.3641185,40.1180781],[119.3642904,40.1182553],[119.3644841,40.1184188],[119.3646979,40.118567],[119.3649296,40.1186984],[119.3651771,40.1188118],[119.3654379,40.1189062],[119.3657096,40.1189805],[119.3659894,40.1190341],[119.3662748,40.1190665],[119.366563,40.1190773]]]},"properties":{"name":"826无名峰","peak_elev":826,"radius_m":250,"layer":"ATS峰值响应半径","rank_pct":1.0,"center_lon":119.366563,"center_lat":40.116829,"max_mean_jut":110.8819,"max_ats":56.4082,"r_jmean_peak":375,"r_ats_peak":250,"r_ats_marginal":187.5,"ats_marginal_rate_max":0.1875925417996828,"ats_marginal_interval_start":125.0,"ats_marginal_interval_end":250.0,"is_expanded":false}}]}