{"type":"FeatureCollection","features":[{"type":"Feature","geometry":{"type":"Polygon","coordinates":[[[113.411811,41.4277227],[113.441101,41.4266401],[113.4701089,41.4234027],[113.4985553,41.4180416],[113.5261664,41.4106085],[113.5526761,41.401175],[113.5778292,41.389832],[113.6013835,41.3766886],[113.6231121,41.3618714],[113.6428058,41.3455232],[113.6602749,41.3278014],[113.6753511,41.3088766],[113.6878892,41.2889312],[113.6977686,41.2681571],[113.7048941,41.2467545],[113.709197,41.2249295],[113.7106359,41.2028923],[113.709197,41.1808551],[113.7048941,41.1590301],[113.6977686,41.1376275],[113.6878892,41.1168534],[113.6753511,41.096908],[113.6602749,41.0779832],[113.6428058,41.0602614],[113.6231121,41.0439132],[113.6013835,41.0290961],[113.5778292,41.0159527],[113.5526761,41.0046096],[113.5261664,40.9951761],[113.4985553,40.987743],[113.4701089,40.982382],[113.441101,40.9791445],[113.411811,40.9780619],[113.382521,40.9791445],[113.3535131,40.982382],[113.3250667,40.987743],[113.2974556,40.9951761],[113.2709459,41.0046096],[113.2457928,41.0159527],[113.2222385,41.0290961],[113.2005099,41.0439132],[113.1808162,41.0602614],[113.1633471,41.0779832],[113.1482709,41.096908],[113.1357328,41.1168534],[113.1258534,41.1376275],[113.1187279,41.1590301],[113.114425,41.1808551],[113.1129861,41.2028923],[113.114425,41.2249295],[113.1187279,41.2467545],[113.1258534,41.2681571],[113.1357328,41.2889312],[113.1482709,41.3088766],[113.1633471,41.3278014],[113.1808162,41.3455232],[113.2005099,41.3618714],[113.2222385,41.3766886],[113.2457928,41.389832],[113.2709459,41.401175],[113.2974556,41.4106085],[113.3250667,41.4180416],[113.3535131,41.4234027],[113.382521,41.4266401],[113.411811,41.4277227]]]},"properties":{"name":"1762无名峰","peak_elev":1762,"radius_m":25000,"layer":"ATS峰值响应半径","rank_pct":0.0,"center_lon":113.411811,"center_lat":41.2028923034668,"max_mean_jut":6.2589,"max_ats":3.3622,"r_jmean_peak":2750,"r_ats_peak":25000,"r_ats_marginal":1562.5,"ats_marginal_rate_max":0.001983073452344769,"ats_marginal_interval_start":1500.0,"ats_marginal_interval_end":1625.0,"is_expanded":true}},{"type":"Feature","geometry":{"type":"Polygon","coordinates":[[[114.178118,42.5584208],[114.1906646,42.5579661],[114.2030903,42.5566063],[114.2152756,42.5543547],[114.227103,42.5512328],[114.2384587,42.5472707],[114.2492332,42.5425067],[114.2593229,42.5369864],[114.2686305,42.5307632],[114.2770664,42.523897],[114.2845494,42.5164538],[114.2910074,42.5085054],[114.2963783,42.5001283],[114.3006102,42.4914032],[114.3036624,42.4824141],[114.3055056,42.4732476],[114.306122,42.463992],[114.3055056,42.4547364],[114.3036624,42.4455699],[114.3006102,42.4365808],[114.2963783,42.4278557],[114.2910074,42.4194786],[114.2845494,42.4115302],[114.2770664,42.404087],[114.2686305,42.3972208],[114.2593229,42.3909976],[114.2492332,42.3854773],[114.2384587,42.3807133],[114.227103,42.3767512],[114.2152756,42.3736293],[114.2030903,42.3713777],[114.1906646,42.3700179],[114.178118,42.3695632],[114.1655714,42.3700179],[114.1531457,42.3713777],[114.1409604,42.3736293],[114.129133,42.3767512],[114.1177773,42.3807133],[114.1070028,42.3854773],[114.0969131,42.3909976],[114.0876055,42.3972208],[114.0791696,42.404087],[114.0716866,42.4115302],[114.0652286,42.4194786],[114.0598577,42.4278557],[114.0556258,42.4365808],[114.0525736,42.4455699],[114.0507304,42.4547364],[114.050114,42.463992],[114.0507304,42.4732476],[114.0525736,42.4824141],[114.0556258,42.4914032],[114.0598577,42.5001283],[114.0652286,42.5085054],[114.0716866,42.5164538],[114.0791696,42.523897],[114.0876055,42.5307632],[114.0969131,42.5369864],[114.1070028,42.5425067],[114.1177773,42.5472707],[114.129133,42.5512328],[114.1409604,42.5543547],[114.1531457,42.5566063],[114.1655714,42.5579661],[114.178118,42.5584208]]]},"properties":{"name":"1423无名峰","peak_elev":1424,"radius_m":10500,"layer":"ATS峰值响应半径","rank_pct":0.0037,"center_lon":114.178118,"center_lat":42.463992,"max_mean_jut":4.9886,"max_ats":3.2207,"r_jmean_peak":9500,"r_ats_peak":10500,"r_ats_marginal":687.5,"ats_marginal_rate_max":0.0020402019825105527,"ats_marginal_interval_start":625.0,"ats_marginal_interval_end":750.0,"is_expanded":true}},{"type":"Feature","geometry":{"type":"Polygon","coordinates":[[[114.161275,42.5511796],[114.172627,42.5507682],[114.1838697,42.549538],[114.1948947,42.5475007],[114.205596,42.5446762],[114.2158705,42.5410914],[114.2256191,42.5367811],[114.2347481,42.5317866],[114.2431695,42.5261561],[114.2508023,42.5199438],[114.2575728,42.5132095],[114.2634159,42.5060181],[114.2682754,42.4984388],[114.2721044,42.4905447],[114.274866,42.4824117],[114.2765337,42.4741182],[114.2770914,42.465744],[114.2765337,42.4573699],[114.274866,42.4490764],[114.2721044,42.4409434],[114.2682754,42.4330492],[114.2634159,42.42547],[114.2575728,42.4182786],[114.2508023,42.4115443],[114.2431695,42.405332],[114.2347481,42.3997014],[114.2256191,42.394707],[114.2158705,42.3903966],[114.205596,42.3868119],[114.1948947,42.3839873],[114.1838697,42.3819501],[114.172627,42.3807199],[114.161275,42.3803085],[114.149923,42.3807199],[114.1386803,42.3819501],[114.1276553,42.3839873],[114.116954,42.3868119],[114.1066795,42.3903966],[114.0969309,42.394707],[114.0878019,42.3997014],[114.0793805,42.405332],[114.0717477,42.4115443],[114.0649772,42.4182786],[114.0591341,42.42547],[114.0542746,42.4330492],[114.0504456,42.4409434],[114.047684,42.4490764],[114.0460163,42.4573699],[114.0454586,42.465744],[114.0460163,42.4741182],[114.047684,42.4824117],[114.0504456,42.4905447],[114.0542746,42.4984388],[114.0591341,42.5060181],[114.0649772,42.5132095],[114.0717477,42.5199438],[114.0793805,42.5261561],[114.0878019,42.5317866],[114.0969309,42.5367811],[114.1066795,42.5410914],[114.116954,42.5446762],[114.1276553,42.5475007],[114.1386803,42.549538],[114.149923,42.5507682],[114.161275,42.5511796]]]},"properties":{"name":"1428无名峰","peak_elev":1428,"radius_m":9500,"layer":"ATS峰值响应半径","rank_pct":0.0075,"center_lon":114.161275,"center_lat":42.46574401855469,"max_mean_jut":5.0763,"max_ats":3.2766,"r_jmean_peak":9750,"r_ats_peak":9500,"r_ats_marginal":1062.5,"ats_marginal_rate_max":0.0016303345544280052,"ats_marginal_interval_start":1000.0,"ats_marginal_interval_end":1125.0,"is_expanded":false}},{"type":"Feature","geometry":{"type":"Polygon","coordinates":[[[113.360876,41.3398563],[113.3679145,41.3395965],[113.3748853,41.3388195],[113.3817211,41.3375328],[113.3883562,41.3357489],[113.3947266,41.3334849],[113.400771,41.3307625],[113.4064312,41.3276081],[113.4116527,41.324052],[113.4163852,41.3201284],[113.4205831,41.3158752],[113.424206,41.3113332],[113.427219,41.3065463],[113.4295931,41.3015606],[113.4313053,41.2964239],[113.4323394,41.2911859],[113.4326851,41.285897],[113.4323394,41.2806081],[113.4313053,41.2753701],[113.4295931,41.2702334],[113.427219,41.2652477],[113.424206,41.2604608],[113.4205831,41.2559188],[113.4163852,41.2516656],[113.4116527,41.247742],[113.4064312,41.2441859],[113.400771,41.2410315],[113.3947266,41.2383091],[113.3883562,41.2360451],[113.3817211,41.2342612],[113.3748853,41.2329745],[113.3679145,41.2321975],[113.360876,41.2319377],[113.3538375,41.2321975],[113.3468667,41.2329745],[113.3400309,41.2342612],[113.3333958,41.2360451],[113.3270254,41.2383091],[113.320981,41.2410315],[113.3153208,41.2441859],[113.3100993,41.247742],[113.3053668,41.2516656],[113.3011689,41.2559188],[113.297546,41.2604608],[113.294533,41.2652477],[113.2921589,41.2702334],[113.2904467,41.2753701],[113.2894126,41.2806081],[113.2890669,41.285897],[113.2894126,41.2911859],[113.2904467,41.2964239],[113.2921589,41.3015606],[113.294533,41.3065463],[113.297546,41.3113332],[113.3011689,41.3158752],[113.3053668,41.3201284],[113.3100993,41.324052],[113.3153208,41.3276081],[113.320981,41.3307625],[113.3270254,41.3334849],[113.3333958,41.3357489],[113.3400309,41.3375328],[113.3468667,41.3388195],[113.3538375,41.3395965],[113.360876,41.3398563]]]},"properties":{"name":"1676无名峰","peak_elev":1676,"radius_m":6000,"layer":"ATS峰值响应半径","rank_pct":0.0112,"center_lon":113.360876,"center_lat":41.285897,"max_mean_jut":5.4165,"max_ats":3.4487,"r_jmean_peak":5500,"r_ats_peak":6000,"r_ats_marginal":1312.5,"ats_marginal_rate_max":0.0019731553409185272,"ats_marginal_interval_start":1250.0,"ats_marginal_interval_end":1375.0,"is_expanded":false}},{"type":"Feature","geometry":{"type":"Polygon","coordinates":[[[113.418817,41.4039884],[113.4249824,41.403761],[113.4310884,41.4030812],[113.4370763,41.4019553],[113.4428883,41.4003944],[113.4484685,41.3984134],[113.4537631,41.3960313],[113.4587212,41.3932712],[113.463295,41.3901596],[113.4674404,41.3867265],[113.4711176,41.3830049],[113.4742911,41.3790307],[113.4769303,41.3748422],[113.4790099,41.3704796],[113.4805097,41.3659851],[113.4814155,41.3614018],[113.4817184,41.356774],[113.4814155,41.3521462],[113.4805097,41.3475629],[113.4790099,41.3430684],[113.4769303,41.3387058],[113.4742911,41.3345173],[113.4711176,41.3305431],[113.4674404,41.3268215],[113.463295,41.3233884],[113.4587212,41.3202768],[113.4537631,41.3175167],[113.4484685,41.3151346],[113.4428883,41.3131536],[113.4370763,41.3115927],[113.4310884,41.3104668],[113.4249824,41.309787],[113.418817,41.3095596],[113.4126516,41.309787],[113.4065456,41.3104668],[113.4005577,41.3115927],[113.3947457,41.3131536],[113.3891655,41.3151346],[113.3838709,41.3175167],[113.3789128,41.3202768],[113.374339,41.3233884],[113.3701936,41.3268215],[113.3665164,41.3305431],[113.3633429,41.3345173],[113.3607037,41.3387058],[113.3586241,41.3430684],[113.3571243,41.3475629],[113.3562185,41.3521462],[113.3559156,41.356774],[113.3562185,41.3614018],[113.3571243,41.3659851],[113.3586241,41.3704796],[113.3607037,41.3748422],[113.3633429,41.3790307],[113.3665164,41.3830049],[113.3701936,41.3867265],[113.374339,41.3901596],[113.3789128,41.3932712],[113.3838709,41.3960313],[113.3891655,41.3984134],[113.3947457,41.4003944],[113.4005577,41.4019553],[113.4065456,41.4030812],[113.4126516,41.403761],[113.418817,41.4039884]]]},"properties":{"name":"1667无名峰","peak_elev":1667,"radius_m":5250,"layer":"ATS峰值响应半径","rank_pct":0.015,"center_lon":113.418817,"center_lat":41.356774,"max_mean_jut":9.5516,"max_ats":6.0382,"r_jmean_peak":5000,"r_ats_peak":5250,"r_ats_marginal":1812.5,"ats_marginal_rate_max":0.0024649081263915865,"ats_marginal_interval_start":1750.0,"ats_marginal_interval_end":1875.0,"is_expanded":false}},{"type":"Feature","geometry":{"type":"Polygon","coordinates":[[[113.428789,41.2592696],[113.4349408,41.2590422],[113.4410333,41.2583624],[113.4470079,41.2572366],[113.452807,41.2556756],[113.4583748,41.2536946],[113.4636577,41.2513125],[113.4686048,41.2485524],[113.4731685,41.2454408],[113.4773047,41.2420077],[113.4809737,41.2382861],[113.4841402,41.2343119],[113.4867736,41.2301234],[113.4888485,41.2257608],[113.4903451,41.2212663],[113.4912488,41.216683],[113.491551,41.2120552],[113.4912488,41.2074274],[113.4903451,41.2028441],[113.4888485,41.1983496],[113.4867736,41.193987],[113.4841402,41.1897985],[113.4809737,41.1858243],[113.4773047,41.1821027],[113.4731685,41.1786696],[113.4686048,41.175558],[113.4636577,41.1727979],[113.4583748,41.1704158],[113.452807,41.1684348],[113.4470079,41.1668739],[113.4410333,41.165748],[113.4349408,41.1650682],[113.428789,41.1648408],[113.4226372,41.1650682],[113.4165447,41.165748],[113.4105701,41.1668739],[113.404771,41.1684348],[113.3992032,41.1704158],[113.3939203,41.1727979],[113.3889732,41.175558],[113.3844095,41.1786696],[113.3802733,41.1821027],[113.3766043,41.1858243],[113.3734378,41.1897985],[113.3708044,41.193987],[113.3687295,41.1983496],[113.3672329,41.2028441],[113.3663292,41.2074274],[113.366027,41.2120552],[113.3663292,41.216683],[113.3672329,41.2212663],[113.3687295,41.2257608],[113.3708044,41.2301234],[113.3734378,41.2343119],[113.3766043,41.2382861],[113.3802733,41.2420077],[113.3844095,41.2454408],[113.3889732,41.2485524],[113.3939203,41.2513125],[113.3992032,41.2536946],[113.404771,41.2556756],[113.4105701,41.2572366],[113.4165447,41.2583624],[113.4226372,41.2590422],[113.428789,41.2592696]]]},"properties":{"name":"1766无名峰","peak_elev":1766,"radius_m":5250,"layer":"ATS峰值响应半径","rank_pct":0.015,"center_lon":113.428789,"center_lat":41.21205520629883,"max_mean_jut":9.3359,"max_ats":4.9839,"r_jmean_peak":4500,"r_ats_peak":5250,"r_ats_marginal":3125.0,"ats_marginal_rate_max":0.002124776999356639,"ats_marginal_interval_start":3000.0,"ats_marginal_interval_end":3250.0,"is_expanded":false}},{"type":"Feature","geometry":{"type":"Polygon","coordinates":[[[113.142451,41.2855881],[113.1483124,41.2853716],[113.1541173,41.2847241],[113.1598099,41.2836519],[113.1653353,41.2821652],[113.1706403,41.2802785],[113.1756738,41.2780099],[113.1803874,41.2753813],[113.1847356,41.2724178],[113.1886766,41.2691482],[113.1921724,41.2656038],[113.1951894,41.2618189],[113.1976985,41.2578298],[113.1996755,41.253675],[113.2011014,41.2493944],[113.2019625,41.2450294],[113.2022505,41.240622],[113.2019625,41.2362146],[113.2011014,41.2318496],[113.1996755,41.227569],[113.1976985,41.2234142],[113.1951894,41.2194251],[113.1921724,41.2156402],[113.1886766,41.2120958],[113.1847356,41.2088262],[113.1803874,41.2058627],[113.1756738,41.2032341],[113.1706403,41.2009655],[113.1653353,41.1990788],[113.1598099,41.1975921],[113.1541173,41.1965199],[113.1483124,41.1958724],[113.142451,41.1956559],[113.1365896,41.1958724],[113.1307847,41.1965199],[113.1250921,41.1975921],[113.1195667,41.1990788],[113.1142617,41.2009655],[113.1092282,41.2032341],[113.1045146,41.2058627],[113.1001664,41.2088262],[113.0962254,41.2120958],[113.0927296,41.2156402],[113.0897126,41.2194251],[113.0872035,41.2234142],[113.0852265,41.227569],[113.0838006,41.2318496],[113.0829395,41.2362146],[113.0826515,41.240622],[113.0829395,41.2450294],[113.0838006,41.2493944],[113.0852265,41.253675],[113.0872035,41.2578298],[113.0897126,41.2618189],[113.0927296,41.2656038],[113.0962254,41.2691482],[113.1001664,41.2724178],[113.1045146,41.2753813],[113.1092282,41.2780099],[113.1142617,41.2802785],[113.1195667,41.2821652],[113.1250921,41.2836519],[113.1307847,41.2847241],[113.1365896,41.2853716],[113.142451,41.2855881]]]},"properties":{"name":"刘原山1777","peak_elev":1777,"radius_m":5000,"layer":"ATS峰值响应半径","rank_pct":0.0225,"center_lon":113.142451,"center_lat":41.240622,"max_mean_jut":8.0657,"max_ats":4.3323,"r_jmean_peak":4750,"r_ats_peak":5000,"r_ats_marginal":1562.5,"ats_marginal_rate_max":0.0019644716949269564,"ats_marginal_interval_start":1500.0,"ats_marginal_interval_end":1625.0,"is_expanded":false}},{"type":"Feature","geometry":{"type":"Polygon","coordinates":[[[113.503978,41.3410039],[113.5086717,41.3408306],[113.5133203,41.3403127],[113.5178788,41.3394549],[113.5223035,41.3382656],[113.5265517,41.3367562],[113.5305825,41.3349413],[113.5343571,41.3328384],[113.5378391,41.3304677],[113.540995,41.3278519],[113.5437944,41.3250165],[113.5462104,41.3219885],[113.5482196,41.3187972],[113.5498028,41.3154734],[113.5509447,41.312049],[113.5516342,41.308557],[113.5518648,41.305031],[113.5516342,41.301505],[113.5509447,41.298013],[113.5498028,41.2945886],[113.5482196,41.2912648],[113.5462104,41.2880735],[113.5437944,41.2850455],[113.540995,41.2822101],[113.5378391,41.2795943],[113.5343571,41.2772236],[113.5305825,41.2751207],[113.5265517,41.2733058],[113.5223035,41.2717964],[113.5178788,41.2706071],[113.5133203,41.2697493],[113.5086717,41.2692314],[113.503978,41.2690581],[113.4992843,41.2692314],[113.4946357,41.2697493],[113.4900772,41.2706071],[113.4856525,41.2717964],[113.4814043,41.2733058],[113.4773735,41.2751207],[113.4735989,41.2772236],[113.4701169,41.2795943],[113.466961,41.2822101],[113.4641616,41.2850455],[113.4617456,41.2880735],[113.4597364,41.2912648],[113.4581532,41.2945886],[113.4570113,41.298013],[113.4563218,41.301505],[113.4560912,41.305031],[113.4563218,41.308557],[113.4570113,41.312049],[113.4581532,41.3154734],[113.4597364,41.3187972],[113.4617456,41.3219885],[113.4641616,41.3250165],[113.466961,41.3278519],[113.4701169,41.3304677],[113.4735989,41.3328384],[113.4773735,41.3349413],[113.4814043,41.3367562],[113.4856525,41.3382656],[113.4900772,41.3394549],[113.4946357,41.3403127],[113.4992843,41.3408306],[113.503978,41.3410039]]]},"properties":{"name":"大尖山1660","peak_elev":1660,"radius_m":4000,"layer":"ATS峰值响应半径","rank_pct":0.0262,"center_lon":113.503978,"center_lat":41.305031,"max_mean_jut":12.4746,"max_ats":8.4182,"r_jmean_peak":2750,"r_ats_peak":4000,"r_ats_marginal":187.5,"ats_marginal_rate_max":0.0077476728421522695,"ats_marginal_interval_start":125.0,"ats_marginal_interval_end":250.0,"is_expanded":false}},{"type":"Feature","geometry":{"type":"Polygon","coordinates":[[[114.121569,42.460656],[114.1254504,42.4605152],[114.1292945,42.4600943],[114.1330642,42.4593974],[114.1367231,42.4584311],[114.1402362,42.4572048],[114.1435694,42.4557302],[114.1466908,42.4540215],[114.1495702,42.4520953],[114.15218,42.44997],[114.1544949,42.4476662],[114.1564928,42.445206],[114.1581543,42.4426131],[114.1594635,42.4399124],[114.1604078,42.4371301],[114.160978,42.4342928],[114.1611687,42.431428],[114.160978,42.4285632],[114.1604078,42.4257259],[114.1594635,42.4229436],[114.1581543,42.4202429],[114.1564928,42.41765],[114.1544949,42.4151898],[114.15218,42.412886],[114.1495702,42.4107607],[114.1466908,42.4088345],[114.1435694,42.4071258],[114.1402362,42.4056512],[114.1367231,42.4044249],[114.1330642,42.4034586],[114.1292945,42.4027617],[114.1254504,42.4023408],[114.121569,42.4022],[114.1176876,42.4023408],[114.1138435,42.4027617],[114.1100738,42.4034586],[114.1064149,42.4044249],[114.1029018,42.4056512],[114.0995686,42.4071258],[114.0964472,42.4088345],[114.0935678,42.4107607],[114.090958,42.412886],[114.0886431,42.4151898],[114.0866452,42.41765],[114.0849837,42.4202429],[114.0836745,42.4229436],[114.0827302,42.4257259],[114.08216,42.4285632],[114.0819693,42.431428],[114.08216,42.4342928],[114.0827302,42.4371301],[114.0836745,42.4399124],[114.0849837,42.4426131],[114.0866452,42.445206],[114.0886431,42.4476662],[114.090958,42.44997],[114.0935678,42.4520953],[114.0964472,42.4540215],[114.0995686,42.4557302],[114.1029018,42.4572048],[114.1064149,42.4584311],[114.1100738,42.4593974],[114.1138435,42.4600943],[114.1176876,42.4605152],[114.121569,42.460656]]]},"properties":{"name":"1425无名峰","peak_elev":1425,"radius_m":3250,"layer":"ATS峰值响应半径","rank_pct":0.03,"center_lon":114.121569,"center_lat":42.431428,"max_mean_jut":6.4097,"max_ats":3.4347,"r_jmean_peak":1625,"r_ats_peak":3250,"r_ats_marginal":437.5,"ats_marginal_rate_max":0.0035771747809387744,"ats_marginal_interval_start":375.0,"ats_marginal_interval_end":500.0,"is_expanded":false}},{"type":"Feature","geometry":{"type":"Polygon","coordinates":[[[113.239199,41.4547231],[113.2430197,41.4545824],[113.2468036,41.4541615],[113.2505143,41.4534646],[113.254116,41.4524983],[113.2575741,41.4512719],[113.2608552,41.4497973],[113.2639277,41.4480887],[113.2667621,41.4461624],[113.269331,41.4440372],[113.2716098,41.4417333],[113.2735764,41.4392731],[113.2752119,41.4366802],[113.2765007,41.4339796],[113.2774301,41.4311972],[113.2779914,41.42836],[113.2781791,41.4254951],[113.2779914,41.4226303],[113.2774301,41.4197931],[113.2765007,41.4170107],[113.2752119,41.4143101],[113.2735764,41.4117172],[113.2716098,41.409257],[113.269331,41.4069531],[113.2667621,41.4048279],[113.2639277,41.4029016],[113.2608552,41.401193],[113.2575741,41.3997184],[113.254116,41.398492],[113.2505143,41.3975257],[113.2468036,41.3968288],[113.2430197,41.3964079],[113.239199,41.3962672],[113.2353783,41.3964079],[113.2315944,41.3968288],[113.2278837,41.3975257],[113.224282,41.398492],[113.2208239,41.3997184],[113.2175428,41.401193],[113.2144703,41.4029016],[113.2116359,41.4048279],[113.209067,41.4069531],[113.2067882,41.409257],[113.2048216,41.4117172],[113.2031861,41.4143101],[113.2018973,41.4170107],[113.2009679,41.4197931],[113.2004066,41.4226303],[113.2002189,41.4254951],[113.2004066,41.42836],[113.2009679,41.4311972],[113.2018973,41.4339796],[113.2031861,41.4366802],[113.2048216,41.4392731],[113.2067882,41.4417333],[113.209067,41.4440372],[113.2116359,41.4461624],[113.2144703,41.4480887],[113.2175428,41.4497973],[113.2208239,41.4512719],[113.224282,41.4524983],[113.2278837,41.4534646],[113.2315944,41.4541615],[113.2353783,41.4545824],[113.239199,41.4547231]]]},"properties":{"name":"1638无名峰(2)","peak_elev":1638,"radius_m":3250,"layer":"ATS峰值响应半径","rank_pct":0.03,"center_lon":113.239199,"center_lat":41.42549514770508,"max_mean_jut":11.4058,"max_ats":7.0044,"r_jmean_peak":null,"r_ats_peak":3250,"r_ats_marginal":187.5,"ats_marginal_rate_max":0.012378707618625568,"ats_marginal_interval_start":125.0,"ats_marginal_interval_end":250.0,"is_expanded":false}},{"type":"Feature","geometry":{"type":"Polygon","coordinates":[[[113.041255,42.0026052],[113.0451084,42.0024644],[113.0489247,42.0020436],[113.0526671,42.0013466],[113.0562997,42.0003803],[113.0597873,41.999154],[113.0630965,41.9976794],[113.0661953,41.9959707],[113.0690539,41.9940445],[113.0716449,41.9919192],[113.0739431,41.9896154],[113.0759265,41.9871552],[113.0775761,41.9845623],[113.0788758,41.9818617],[113.0798132,41.9790793],[113.0803793,41.9762421],[113.0805686,41.9733772],[113.0803793,41.9705124],[113.0798132,41.9676751],[113.0788758,41.9648928],[113.0775761,41.9621922],[113.0759265,41.9595993],[113.0739431,41.957139],[113.0716449,41.9548352],[113.0690539,41.9527099],[113.0661953,41.9507837],[113.0630965,41.9490751],[113.0597873,41.9476005],[113.0562997,41.9463741],[113.0526671,41.9454078],[113.0489247,41.9447109],[113.0451084,41.94429],[113.041255,41.9441493],[113.0374016,41.94429],[113.0335853,41.9447109],[113.0298429,41.9454078],[113.0262103,41.9463741],[113.0227227,41.9476005],[113.0194135,41.9490751],[113.0163147,41.9507837],[113.0134561,41.9527099],[113.0108651,41.9548352],[113.0085669,41.957139],[113.0065835,41.9595993],[113.0049339,41.9621922],[113.0036342,41.9648928],[113.0026968,41.9676751],[113.0021307,41.9705124],[113.0019414,41.9733772],[113.0021307,41.9762421],[113.0026968,41.9790793],[113.0036342,41.9818617],[113.0049339,41.9845623],[113.0065835,41.9871552],[113.0085669,41.9896154],[113.0108651,41.9919192],[113.0134561,41.9940445],[113.0163147,41.9959707],[113.0194135,41.9976794],[113.0227227,41.999154],[113.0262103,42.0003803],[113.0298429,42.0013466],[113.0335853,42.0020436],[113.0374016,42.0024644],[113.041255,42.0026052]]]},"properties":{"name":"1654无名峰","peak_elev":1654,"radius_m":3250,"layer":"ATS峰值响应半径","rank_pct":0.03,"center_lon":113.041255,"center_lat":41.9733772277832,"max_mean_jut":7.8419,"max_ats":4.7833,"r_jmean_peak":750,"r_ats_peak":3250,"r_ats_marginal":187.5,"ats_marginal_rate_max":0.010443736689340309,"ats_marginal_interval_start":125.0,"ats_marginal_interval_end":250.0,"is_expanded":false}},{"type":"Feature","geometry":{"type":"Polygon","coordinates":[[[113.407229,41.377917],[113.4110452,41.3777762],[113.4148247,41.3773553],[113.418531,41.3766584],[113.4221284,41.3756921],[113.4255824,41.3744658],[113.4288596,41.3729912],[113.4319285,41.3712825],[113.4347596,41.3693563],[113.4373255,41.367231],[113.4396015,41.3649272],[113.4415658,41.362467],[113.4431994,41.3598741],[113.4444866,41.3571734],[113.445415,41.3543911],[113.4459756,41.3515538],[113.4461631,41.348689],[113.4459756,41.3458242],[113.445415,41.3429869],[113.4444866,41.3402046],[113.4431994,41.3375039],[113.4415658,41.334911],[113.4396015,41.3324508],[113.4373255,41.330147],[113.4347596,41.3280217],[113.4319285,41.3260955],[113.4288596,41.3243868],[113.4255824,41.3229122],[113.4221284,41.3216859],[113.418531,41.3207196],[113.4148247,41.3200227],[113.4110452,41.3196018],[113.407229,41.319461],[113.4034128,41.3196018],[113.3996333,41.3200227],[113.395927,41.3207196],[113.3923296,41.3216859],[113.3888756,41.3229122],[113.3855984,41.3243868],[113.3825295,41.3260955],[113.3796984,41.3280217],[113.3771325,41.330147],[113.3748565,41.3324508],[113.3728922,41.334911],[113.3712586,41.3375039],[113.3699714,41.3402046],[113.369043,41.3429869],[113.3684824,41.3458242],[113.3682949,41.348689],[113.3684824,41.3515538],[113.369043,41.3543911],[113.3699714,41.3571734],[113.3712586,41.3598741],[113.3728922,41.362467],[113.3748565,41.3649272],[113.3771325,41.367231],[113.3796984,41.3693563],[113.3825295,41.3712825],[113.3855984,41.3729912],[113.3888756,41.3744658],[113.3923296,41.3756921],[113.395927,41.3766584],[113.3996333,41.3773553],[113.4034128,41.3777762],[113.407229,41.377917]]]},"properties":{"name":"1674无名峰","peak_elev":1674,"radius_m":3250,"layer":"ATS峰值响应半径","rank_pct":0.03,"center_lon":113.407229,"center_lat":41.348689,"max_mean_jut":11.1096,"max_ats":6.3089,"r_jmean_peak":1000,"r_ats_peak":3250,"r_ats_marginal":437.5,"ats_marginal_rate_max":0.008482797196789578,"ats_marginal_interval_start":375.0,"ats_marginal_interval_end":500.0,"is_expanded":false}},{"type":"Feature","geometry":{"type":"Polygon","coordinates":[[[113.3588104,41.252692],[113.3626193,41.2525512],[113.3663915,41.2521303],[113.3700907,41.2514334],[113.3736813,41.2504671],[113.3771286,41.2492408],[113.3803996,41.2477662],[113.3834626,41.2460575],[113.3862882,41.2441313],[113.3888492,41.242006],[113.3911209,41.2397022],[113.3930814,41.237242],[113.3947119,41.2346491],[113.3959966,41.2319484],[113.3969232,41.2291661],[113.3974828,41.2263288],[113.3976699,41.223464],[113.3974828,41.2205992],[113.3969232,41.2177619],[113.3959966,41.2149796],[113.3947119,41.2122789],[113.3930814,41.209686],[113.3911209,41.2072258],[113.3888492,41.204922],[113.3862882,41.2027967],[113.3834626,41.2008705],[113.3803996,41.1991618],[113.3771286,41.1976872],[113.3736813,41.1964609],[113.3700907,41.1954946],[113.3663915,41.1947977],[113.3626193,41.1943768],[113.3588104,41.194236],[113.3550015,41.1943768],[113.3512293,41.1947977],[113.3475301,41.1954946],[113.3439396,41.1964609],[113.3404922,41.1976872],[113.3372213,41.1991618],[113.3341582,41.2008705],[113.3313326,41.2027967],[113.3287717,41.204922],[113.3265,41.2072258],[113.3245394,41.209686],[113.322909,41.2122789],[113.3216242,41.2149796],[113.3206976,41.2177619],[113.3201381,41.2205992],[113.319951,41.223464],[113.3201381,41.2263288],[113.3206976,41.2291661],[113.3216242,41.2319484],[113.322909,41.2346491],[113.3245394,41.237242],[113.3265,41.2397022],[113.3287717,41.242006],[113.3313326,41.2441313],[113.3341582,41.2460575],[113.3372213,41.2477662],[113.3404922,41.2492408],[113.3439396,41.2504671],[113.3475301,41.2514334],[113.3512293,41.2521303],[113.3550015,41.2525512],[113.3588104,41.252692]]]},"properties":{"name":"1726无名峰","peak_elev":1726,"radius_m":3250,"layer":"ATS峰值响应半径","rank_pct":0.03,"center_lon":113.35881042480467,"center_lat":41.223464,"max_mean_jut":8.7381,"max_ats":4.645,"r_jmean_peak":3000,"r_ats_peak":3250,"r_ats_marginal":1937.5,"ats_marginal_rate_max":0.0025361955119094473,"ats_marginal_interval_start":1875.0,"ats_marginal_interval_end":2000.0,"is_expanded":false}},{"type":"Feature","geometry":{"type":"Polygon","coordinates":[[[113.359798,41.235759],[113.3636059,41.2356182],[113.3673771,41.2351973],[113.3710754,41.2345004],[113.374665,41.2335341],[113.3781115,41.2323078],[113.3813816,41.2308332],[113.3844438,41.2291245],[113.3872687,41.2271983],[113.389829,41.225073],[113.3921001,41.2227692],[113.3940601,41.220309],[113.3956902,41.2177161],[113.3969746,41.2150154],[113.3979009,41.2122331],[113.3984603,41.2093958],[113.3986474,41.206531],[113.3984603,41.2036662],[113.3979009,41.2008289],[113.3969746,41.1980466],[113.3956902,41.1953459],[113.3940601,41.192753],[113.3921001,41.1902928],[113.389829,41.187989],[113.3872687,41.1858637],[113.3844438,41.1839375],[113.3813816,41.1822288],[113.3781115,41.1807542],[113.374665,41.1795279],[113.3710754,41.1785616],[113.3673771,41.1778647],[113.3636059,41.1774438],[113.359798,41.177303],[113.3559901,41.1774438],[113.3522189,41.1778647],[113.3485206,41.1785616],[113.344931,41.1795279],[113.3414845,41.1807542],[113.3382144,41.1822288],[113.3351522,41.1839375],[113.3323273,41.1858637],[113.329767,41.187989],[113.3274959,41.1902928],[113.3255359,41.192753],[113.3239058,41.1953459],[113.3226214,41.1980466],[113.3216951,41.2008289],[113.3211357,41.2036662],[113.3209486,41.206531],[113.3211357,41.2093958],[113.3216951,41.2122331],[113.3226214,41.2150154],[113.3239058,41.2177161],[113.3255359,41.220309],[113.3274959,41.2227692],[113.329767,41.225073],[113.3323273,41.2271983],[113.3351522,41.2291245],[113.3382144,41.2308332],[113.3414845,41.2323078],[113.344931,41.2335341],[113.3485206,41.2345004],[113.3522189,41.2351973],[113.3559901,41.2356182],[113.359798,41.235759]]]},"properties":{"name":"1794无名峰","peak_elev":1794,"radius_m":3250,"layer":"ATS峰值响应半径","rank_pct":0.03,"center_lon":113.359798,"center_lat":41.206531,"max_mean_jut":13.149,"max_ats":6.1849,"r_jmean_peak":1250,"r_ats_peak":3250,"r_ats_marginal":437.5,"ats_marginal_rate_max":0.011779878897009996,"ats_marginal_interval_start":375.0,"ats_marginal_interval_end":500.0,"is_expanded":false}},{"type":"Feature","geometry":{"type":"Polygon","coordinates":[[[113.549118,41.2864656],[113.5526358,41.2863357],[113.5561198,41.2859472],[113.5595363,41.2853039],[113.5628525,41.2844119],[113.5660365,41.2832799],[113.5690574,41.2819188],[113.5718864,41.2803416],[113.5744961,41.2785635],[113.5768614,41.2766017],[113.5789595,41.2744751],[113.5807702,41.2722041],[113.5822761,41.2698107],[113.5834626,41.2673178],[113.5843184,41.2647495],[113.5848352,41.2621305],[113.585008,41.259486],[113.5848352,41.2568415],[113.5843184,41.2542225],[113.5834626,41.2516542],[113.5822761,41.2491613],[113.5807702,41.2467679],[113.5789595,41.2444969],[113.5768614,41.2423703],[113.5744961,41.2404085],[113.5718864,41.2386304],[113.5690574,41.2370532],[113.5660365,41.2356921],[113.5628525,41.2345601],[113.5595363,41.2336681],[113.5561198,41.2330248],[113.5526358,41.2326363],[113.549118,41.2325064],[113.5456002,41.2326363],[113.5421162,41.2330248],[113.5386997,41.2336681],[113.5353835,41.2345601],[113.5321995,41.2356921],[113.5291786,41.2370532],[113.5263496,41.2386304],[113.5237399,41.2404085],[113.5213746,41.2423703],[113.5192765,41.2444969],[113.5174658,41.2467679],[113.5159599,41.2491613],[113.5147734,41.2516542],[113.5139176,41.2542225],[113.5134008,41.2568415],[113.513228,41.259486],[113.5134008,41.2621305],[113.5139176,41.2647495],[113.5147734,41.2673178],[113.5159599,41.2698107],[113.5174658,41.2722041],[113.5192765,41.2744751],[113.5213746,41.2766017],[113.5237399,41.2785635],[113.5263496,41.2803416],[113.5291786,41.2819188],[113.5321995,41.2832799],[113.5353835,41.2844119],[113.5386997,41.2853039],[113.5421162,41.2859472],[113.5456002,41.2863357],[113.549118,41.2864656]]]},"properties":{"name":"北山1630","peak_elev":1630,"radius_m":3000,"layer":"ATS峰值响应半径","rank_pct":0.0524,"center_lon":113.549118,"center_lat":41.259486,"max_mean_jut":8.6472,"max_ats":5.2759,"r_jmean_peak":2250,"r_ats_peak":3000,"r_ats_marginal":687.5,"ats_marginal_rate_max":0.005235073533589188,"ats_marginal_interval_start":625.0,"ats_marginal_interval_end":750.0,"is_expanded":false}},{"type":"Feature","geometry":{"type":"Polygon","coordinates":[[[114.272846,42.1561246],[114.2764117,42.1559947],[114.2799431,42.1556062],[114.2834062,42.1549629],[114.2867675,42.1540709],[114.2899948,42.1529389],[114.2930569,42.1515778],[114.2959244,42.1500006],[114.2985696,42.1482225],[114.3009671,42.1462607],[114.3030937,42.1441341],[114.3049291,42.1418631],[114.3064555,42.1394697],[114.3076582,42.1369768],[114.3085256,42.1344085],[114.3090494,42.1317895],[114.3092246,42.129145],[114.3090494,42.1265005],[114.3085256,42.1238815],[114.3076582,42.1213132],[114.3064555,42.1188203],[114.3049291,42.1164269],[114.3030937,42.1141559],[114.3009671,42.1120293],[114.2985696,42.1100675],[114.2959244,42.1082894],[114.2930569,42.1067122],[114.2899948,42.1053511],[114.2867675,42.1042191],[114.2834062,42.1033271],[114.2799431,42.1026838],[114.2764117,42.1022953],[114.272846,42.1021654],[114.2692803,42.1022953],[114.2657489,42.1026838],[114.2622858,42.1033271],[114.2589245,42.1042191],[114.2556972,42.1053511],[114.2526351,42.1067122],[114.2497676,42.1082894],[114.2471224,42.1100675],[114.2447249,42.1120293],[114.2425983,42.1141559],[114.2407629,42.1164269],[114.2392365,42.1188203],[114.2380338,42.1213132],[114.2371664,42.1238815],[114.2366426,42.1265005],[114.2364674,42.129145],[114.2366426,42.1317895],[114.2371664,42.1344085],[114.2380338,42.1369768],[114.2392365,42.1394697],[114.2407629,42.1418631],[114.2425983,42.1441341],[114.2447249,42.1462607],[114.2471224,42.1482225],[114.2497676,42.1500006],[114.2526351,42.1515778],[114.2556972,42.1529389],[114.2589245,42.1540709],[114.2622858,42.1549629],[114.2657489,42.1556062],[114.2692803,42.1559947],[114.272846,42.1561246]]]},"properties":{"name":"1689无名峰(3)","peak_elev":1689,"radius_m":3000,"layer":"ATS峰值响应半径","rank_pct":0.0524,"center_lon":114.272846,"center_lat":42.129145,"max_mean_jut":13.5231,"max_ats":8.8021,"r_jmean_peak":2250,"r_ats_peak":3000,"r_ats_marginal":187.5,"ats_marginal_rate_max":0.015628936914966404,"ats_marginal_interval_start":125.0,"ats_marginal_interval_end":250.0,"is_expanded":false}},{"type":"Feature","geometry":{"type":"Polygon","coordinates":[[[113.495084,41.3226203],[113.4983106,41.3225013],[113.5015061,41.3221451],[113.5046398,41.3215554],[113.5076814,41.3207378],[113.5106017,41.3197001],[113.5133726,41.3184524],[113.5159673,41.3170066],[113.5183609,41.3153767],[113.5205304,41.3135784],[113.5224548,41.311629],[113.5241156,41.3095473],[113.5254968,41.3073533],[113.5265851,41.3050681],[113.5273701,41.3027138],[113.5278441,41.3003131],[113.5280026,41.297889],[113.5278441,41.2954649],[113.5273701,41.2930642],[113.5265851,41.2907099],[113.5254968,41.2884247],[113.5241156,41.2862307],[113.5224548,41.284149],[113.5205304,41.2821996],[113.5183609,41.2804013],[113.5159673,41.2787714],[113.5133726,41.2773256],[113.5106017,41.2760779],[113.5076814,41.2750402],[113.5046398,41.2742226],[113.5015061,41.2736329],[113.4983106,41.2732767],[113.495084,41.2731577],[113.4918574,41.2732767],[113.4886619,41.2736329],[113.4855282,41.2742226],[113.4824866,41.2750402],[113.4795663,41.2760779],[113.4767954,41.2773256],[113.4742007,41.2787714],[113.4718071,41.2804013],[113.4696376,41.2821996],[113.4677132,41.284149],[113.4660524,41.2862307],[113.4646712,41.2884247],[113.4635829,41.2907099],[113.4627979,41.2930642],[113.4623239,41.2954649],[113.4621654,41.297889],[113.4623239,41.3003131],[113.4627979,41.3027138],[113.4635829,41.3050681],[113.4646712,41.3073533],[113.4660524,41.3095473],[113.4677132,41.311629],[113.4696376,41.3135784],[113.4718071,41.3153767],[113.4742007,41.3170066],[113.4767954,41.3184524],[113.4795663,41.3197001],[113.4824866,41.3207378],[113.4855282,41.3215554],[113.4886619,41.3221451],[113.4918574,41.3225013],[113.495084,41.3226203]]]},"properties":{"name":"1652无名峰","peak_elev":1652,"radius_m":2750,"layer":"ATS峰值响应半径","rank_pct":0.0599,"center_lon":113.495084,"center_lat":41.297889,"max_mean_jut":12.6722,"max_ats":8.0419,"r_jmean_peak":1250,"r_ats_peak":2750,"r_ats_marginal":187.5,"ats_marginal_rate_max":0.023284853283771403,"ats_marginal_interval_start":125.0,"ats_marginal_interval_end":250.0,"is_expanded":false}},{"type":"Feature","geometry":{"type":"Polygon","coordinates":[[[113.386613,41.3371733],[113.3898403,41.3370543],[113.3930365,41.3366981],[113.3961709,41.3361084],[113.3992132,41.3352908],[113.4021342,41.3342531],[113.4049057,41.3330054],[113.407501,41.3315596],[113.4098951,41.3299297],[113.4120651,41.3281314],[113.4139899,41.326182],[113.4156511,41.3241003],[113.4170326,41.3219063],[113.4181211,41.3196211],[113.4189063,41.3172668],[113.4193804,41.3148661],[113.4195389,41.312442],[113.4193804,41.3100179],[113.4189063,41.3076172],[113.4181211,41.3052629],[113.4170326,41.3029777],[113.4156511,41.3007837],[113.4139899,41.298702],[113.4120651,41.2967526],[113.4098951,41.2949543],[113.407501,41.2933244],[113.4049057,41.2918786],[113.4021342,41.2906309],[113.3992132,41.2895932],[113.3961709,41.2887756],[113.3930365,41.2881859],[113.3898403,41.2878297],[113.386613,41.2877107],[113.3833857,41.2878297],[113.3801895,41.2881859],[113.3770551,41.2887756],[113.3740128,41.2895932],[113.3710918,41.2906309],[113.3683203,41.2918786],[113.365725,41.2933244],[113.3633309,41.2949543],[113.3611609,41.2967526],[113.3592361,41.298702],[113.3575749,41.3007837],[113.3561934,41.3029777],[113.3551049,41.3052629],[113.3543197,41.3076172],[113.3538456,41.3100179],[113.3536871,41.312442],[113.3538456,41.3148661],[113.3543197,41.3172668],[113.3551049,41.3196211],[113.3561934,41.3219063],[113.3575749,41.3241003],[113.3592361,41.326182],[113.3611609,41.3281314],[113.3633309,41.3299297],[113.365725,41.3315596],[113.3683203,41.3330054],[113.3710918,41.3342531],[113.3740128,41.3352908],[113.3770551,41.3361084],[113.3801895,41.3366981],[113.3833857,41.3370543],[113.386613,41.3371733]]]},"properties":{"name":"小桌子山东南顶1680","peak_elev":1680,"radius_m":2750,"layer":"ATS峰值响应半径","rank_pct":0.0599,"center_lon":113.386613,"center_lat":41.312442,"max_mean_jut":9.0863,"max_ats":5.7017,"r_jmean_peak":null,"r_ats_peak":2750,"r_ats_marginal":1062.5,"ats_marginal_rate_max":0.004211990178065179,"ats_marginal_interval_start":1000.0,"ats_marginal_interval_end":1125.0,"is_expanded":false}},{"type":"Feature","geometry":{"type":"Polygon","coordinates":[[[114.2278366,42.0838083],[114.2311016,42.0836893],[114.2343351,42.0833331],[114.2375061,42.0827434],[114.2405839,42.0819258],[114.243539,42.0808881],[114.2463428,42.0796404],[114.2489684,42.0781946],[114.2513905,42.0765647],[114.2535858,42.0747664],[114.2555331,42.072817],[114.2572136,42.0707353],[114.2586113,42.0685413],[114.2597125,42.0662561],[114.2605068,42.0639018],[114.2609865,42.0615011],[114.2611469,42.059077],[114.2609865,42.0566529],[114.2605068,42.0542522],[114.2597125,42.0518979],[114.2586113,42.0496127],[114.2572136,42.0474187],[114.2555331,42.045337],[114.2535858,42.0433876],[114.2513905,42.0415893],[114.2489684,42.0399594],[114.2463428,42.0385136],[114.243539,42.0372659],[114.2405839,42.0362282],[114.2375061,42.0354106],[114.2343351,42.0348209],[114.2311016,42.0344647],[114.2278366,42.0343457],[114.2245716,42.0344647],[114.2213381,42.0348209],[114.2181672,42.0354106],[114.2150893,42.0362282],[114.2121343,42.0372659],[114.2093304,42.0385136],[114.2067048,42.0399594],[114.2042827,42.0415893],[114.2020874,42.0433876],[114.2001401,42.045337],[114.1984596,42.0474187],[114.197062,42.0496127],[114.1959607,42.0518979],[114.1951664,42.0542522],[114.1946868,42.0566529],[114.1945264,42.059077],[114.1946868,42.0615011],[114.1951664,42.0639018],[114.1959607,42.0662561],[114.197062,42.0685413],[114.1984596,42.0707353],[114.2001401,42.072817],[114.2020874,42.0747664],[114.2042827,42.0765647],[114.2067048,42.0781946],[114.2093304,42.0796404],[114.2121343,42.0808881],[114.2150893,42.0819258],[114.2181672,42.0827434],[114.2213381,42.0833331],[114.2245716,42.0836893],[114.2278366,42.0838083]]]},"properties":{"name":"1687无名峰(3)","peak_elev":1687,"radius_m":2750,"layer":"ATS峰值响应半径","rank_pct":0.0599,"center_lon":114.22783660888672,"center_lat":42.059077,"max_mean_jut":11.1166,"max_ats":6.5435,"r_jmean_peak":null,"r_ats_peak":2750,"r_ats_marginal":562.5,"ats_marginal_rate_max":0.008359776535736664,"ats_marginal_interval_start":500.0,"ats_marginal_interval_end":625.0,"is_expanded":false}},{"type":"Feature","geometry":{"type":"Polygon","coordinates":[[[113.381178,41.3415303],[113.3844055,41.3414113],[113.387602,41.3410551],[113.3907365,41.3404654],[113.393779,41.3396478],[113.3967002,41.3386101],[113.3994719,41.3373624],[113.4020674,41.3359166],[113.4044617,41.3342867],[113.4066318,41.3324884],[113.4085567,41.330539],[113.410218,41.3284573],[113.4115996,41.3262633],[113.4126882,41.3239781],[113.4134734,41.3216238],[113.4139476,41.3192231],[113.4141061,41.316799],[113.4139476,41.3143749],[113.4134734,41.3119742],[113.4126882,41.3096199],[113.4115996,41.3073347],[113.410218,41.3051407],[113.4085567,41.303059],[113.4066318,41.3011096],[113.4044617,41.2993113],[113.4020674,41.2976814],[113.3994719,41.2962356],[113.3967002,41.2949879],[113.393779,41.2939502],[113.3907365,41.2931326],[113.387602,41.2925429],[113.3844055,41.2921867],[113.381178,41.2920677],[113.3779505,41.2921867],[113.374754,41.2925429],[113.3716195,41.2931326],[113.368577,41.2939502],[113.3656558,41.2949879],[113.3628841,41.2962356],[113.3602886,41.2976814],[113.3578943,41.2993113],[113.3557242,41.3011096],[113.3537993,41.303059],[113.352138,41.3051407],[113.3507564,41.3073347],[113.3496678,41.3096199],[113.3488826,41.3119742],[113.3484084,41.3143749],[113.3482499,41.316799],[113.3484084,41.3192231],[113.3488826,41.3216238],[113.3496678,41.3239781],[113.3507564,41.3262633],[113.352138,41.3284573],[113.3537993,41.330539],[113.3557242,41.3324884],[113.3578943,41.3342867],[113.3602886,41.3359166],[113.3628841,41.3373624],[113.3656558,41.3386101],[113.368577,41.3396478],[113.3716195,41.3404654],[113.374754,41.3410551],[113.3779505,41.3414113],[113.381178,41.3415303]]]},"properties":{"name":"小桌子山1695","peak_elev":1695,"radius_m":2750,"layer":"ATS峰值响应半径","rank_pct":0.0599,"center_lon":113.381178,"center_lat":41.316799,"max_mean_jut":11.0381,"max_ats":6.9177,"r_jmean_peak":2500,"r_ats_peak":2750,"r_ats_marginal":687.5,"ats_marginal_rate_max":0.0058863893053692174,"ats_marginal_interval_start":625.0,"ats_marginal_interval_end":750.0,"is_expanded":false}},{"type":"Feature","geometry":{"type":"Polygon","coordinates":[[[113.355621,41.6321353],[113.358863,41.6320163],[113.3620738,41.6316601],[113.3652225,41.6310704],[113.3682786,41.6302528],[113.3712129,41.6292151],[113.3739971,41.6279674],[113.3766042,41.6265216],[113.3790093,41.6248917],[113.3811891,41.6230934],[113.3831227,41.621144],[113.3847914,41.6190623],[113.3861793,41.6168683],[113.3872728,41.6145831],[113.3880615,41.6122288],[113.3885377,41.6098281],[113.388697,41.607404],[113.3885377,41.6049799],[113.3880615,41.6025792],[113.3872728,41.6002249],[113.3861793,41.5979397],[113.3847914,41.5957457],[113.3831227,41.593664],[113.3811891,41.5917146],[113.3790093,41.5899163],[113.3766042,41.5882864],[113.3739971,41.5868406],[113.3712129,41.5855929],[113.3682786,41.5845552],[113.3652225,41.5837376],[113.3620738,41.5831479],[113.358863,41.5827917],[113.355621,41.5826727],[113.352379,41.5827917],[113.3491682,41.5831479],[113.3460195,41.5837376],[113.3429634,41.5845552],[113.3400291,41.5855929],[113.3372449,41.5868406],[113.3346378,41.5882864],[113.3322327,41.5899163],[113.3300529,41.5917146],[113.3281193,41.593664],[113.3264506,41.5957457],[113.3250627,41.5979397],[113.3239692,41.6002249],[113.3231805,41.6025792],[113.3227043,41.6049799],[113.322545,41.607404],[113.3227043,41.6098281],[113.3231805,41.6122288],[113.3239692,41.6145831],[113.3250627,41.6168683],[113.3264506,41.6190623],[113.3281193,41.621144],[113.3300529,41.6230934],[113.3322327,41.6248917],[113.3346378,41.6265216],[113.3372449,41.6279674],[113.3400291,41.6292151],[113.3429634,41.6302528],[113.3460195,41.6310704],[113.3491682,41.6316601],[113.352379,41.6320163],[113.355621,41.6321353]]]},"properties":{"name":"麻皇沟山1795","peak_elev":1795,"radius_m":2750,"layer":"ATS峰值响应半径","rank_pct":0.0599,"center_lon":113.355621,"center_lat":41.607404,"max_mean_jut":25.9042,"max_ats":17.7576,"r_jmean_peak":2500,"r_ats_peak":2750,"r_ats_marginal":187.5,"ats_marginal_rate_max":0.02174144563094398,"ats_marginal_interval_start":125.0,"ats_marginal_interval_end":250.0,"is_expanded":false}},{"type":"Feature","geometry":{"type":"Polygon","coordinates":[[[114.267995,42.149742],[114.2709664,42.1496338],[114.2739091,42.14931],[114.2767949,42.1487739],[114.2795959,42.1480306],[114.2822852,42.1470873],[114.2848369,42.145953],[114.2872264,42.1446386],[114.2894307,42.1431569],[114.2914285,42.1415221],[114.2932007,42.1397499],[114.2947301,42.1378574],[114.2960021,42.1358629],[114.2970043,42.1337855],[114.2977271,42.1316452],[114.2981636,42.1294627],[114.2983096,42.127259],[114.2981636,42.1250553],[114.2977271,42.1228728],[114.2970043,42.1207325],[114.2960021,42.1186551],[114.2947301,42.1166606],[114.2932007,42.1147681],[114.2914285,42.1129959],[114.2894307,42.1113611],[114.2872264,42.1098794],[114.2848369,42.108565],[114.2822852,42.1074307],[114.2795959,42.1064874],[114.2767949,42.1057441],[114.2739091,42.105208],[114.2709664,42.1048842],[114.267995,42.104776],[114.2650236,42.1048842],[114.2620809,42.105208],[114.2591951,42.1057441],[114.2563941,42.1064874],[114.2537048,42.1074307],[114.2511531,42.108565],[114.2487636,42.1098794],[114.2465593,42.1113611],[114.2445615,42.1129959],[114.2427893,42.1147681],[114.2412599,42.1166606],[114.2399879,42.1186551],[114.2389857,42.1207325],[114.2382629,42.1228728],[114.2378264,42.1250553],[114.2376804,42.127259],[114.2378264,42.1294627],[114.2382629,42.1316452],[114.2389857,42.1337855],[114.2399879,42.1358629],[114.2412599,42.1378574],[114.2427893,42.1397499],[114.2445615,42.1415221],[114.2465593,42.1431569],[114.2487636,42.1446386],[114.2511531,42.145953],[114.2537048,42.1470873],[114.2563941,42.1480306],[114.2591951,42.1487739],[114.2620809,42.14931],[114.2650236,42.1496338],[114.267995,42.149742]]]},"properties":{"name":"1684无名峰(5)","peak_elev":1684,"radius_m":2500,"layer":"ATS峰值响应半径","rank_pct":0.0787,"center_lon":114.267995,"center_lat":42.127259,"max_mean_jut":15.5306,"max_ats":8.8076,"r_jmean_peak":875,"r_ats_peak":2500,"r_ats_marginal":187.5,"ats_marginal_rate_max":0.013772938132944753,"ats_marginal_interval_start":125.0,"ats_marginal_interval_end":250.0,"is_expanded":false}},{"type":"Feature","geometry":{"type":"Polygon","coordinates":[[[113.155252,41.307706],[113.1581847,41.3075978],[113.1610891,41.307274],[113.1639374,41.3067379],[113.166702,41.3059946],[113.1693563,41.3050513],[113.1718748,41.303917],[113.1742332,41.3026026],[113.1764088,41.3011209],[113.1783806,41.2994861],[113.1801297,41.2977139],[113.1816392,41.2958214],[113.1828946,41.2938269],[113.1838838,41.2917495],[113.1845973,41.2896092],[113.1850281,41.2874267],[113.1851722,41.285223],[113.1850281,41.2830193],[113.1845973,41.2808368],[113.1838838,41.2786965],[113.1828946,41.2766191],[113.1816392,41.2746246],[113.1801297,41.2727321],[113.1783806,41.2709599],[113.1764088,41.2693251],[113.1742332,41.2678434],[113.1718748,41.266529],[113.1693563,41.2653947],[113.166702,41.2644514],[113.1639374,41.2637081],[113.1610891,41.263172],[113.1581847,41.2628482],[113.155252,41.26274],[113.1523193,41.2628482],[113.1494149,41.263172],[113.1465666,41.2637081],[113.143802,41.2644514],[113.1411477,41.2653947],[113.1386292,41.266529],[113.1362708,41.2678434],[113.1340952,41.2693251],[113.1321234,41.2709599],[113.1303743,41.2727321],[113.1288648,41.2746246],[113.1276094,41.2766191],[113.1266202,41.2786965],[113.1259067,41.2808368],[113.1254759,41.2830193],[113.1253318,41.285223],[113.1254759,41.2874267],[113.1259067,41.2896092],[113.1266202,41.2917495],[113.1276094,41.2938269],[113.1288648,41.2958214],[113.1303743,41.2977139],[113.1321234,41.2994861],[113.1340952,41.3011209],[113.1362708,41.3026026],[113.1386292,41.303917],[113.1411477,41.3050513],[113.143802,41.3059946],[113.1465666,41.3067379],[113.1494149,41.307274],[113.1523193,41.3075978],[113.155252,41.307706]]]},"properties":{"name":"1709无名峰(1)","peak_elev":1709,"radius_m":2500,"layer":"ATS峰值响应半径","rank_pct":0.0787,"center_lon":113.155252,"center_lat":41.285223,"max_mean_jut":9.0395,"max_ats":5.7633,"r_jmean_peak":null,"r_ats_peak":2500,"r_ats_marginal":437.5,"ats_marginal_rate_max":0.0042394534839435,"ats_marginal_interval_start":375.0,"ats_marginal_interval_end":500.0,"is_expanded":false}},{"type":"Feature","geometry":{"type":"Polygon","coordinates":[[[113.265026,41.676958],[113.2679754,41.6768498],[113.2708965,41.676526],[113.273761,41.6759899],[113.2765414,41.6752466],[113.2792108,41.6743033],[113.2817437,41.673169],[113.2841156,41.6718546],[113.2863036,41.6703729],[113.2882867,41.6687381],[113.2900458,41.6669659],[113.291564,41.6650734],[113.2928265,41.6630789],[113.2938214,41.6610015],[113.2945389,41.6588612],[113.2949722,41.6566787],[113.2951171,41.654475],[113.2949722,41.6522713],[113.2945389,41.6500888],[113.2938214,41.6479485],[113.2928265,41.6458711],[113.291564,41.6438766],[113.2900458,41.6419841],[113.2882867,41.6402119],[113.2863036,41.6385771],[113.2841156,41.6370954],[113.2817437,41.635781],[113.2792108,41.6346467],[113.2765414,41.6337034],[113.273761,41.6329601],[113.2708965,41.632424],[113.2679754,41.6321002],[113.265026,41.631992],[113.2620766,41.6321002],[113.2591555,41.632424],[113.256291,41.6329601],[113.2535106,41.6337034],[113.2508412,41.6346467],[113.2483083,41.635781],[113.2459364,41.6370954],[113.2437484,41.6385771],[113.2417653,41.6402119],[113.2400062,41.6419841],[113.238488,41.6438766],[113.2372255,41.6458711],[113.2362306,41.6479485],[113.2355131,41.6500888],[113.2350798,41.6522713],[113.2349349,41.654475],[113.2350798,41.6566787],[113.2355131,41.6588612],[113.2362306,41.6610015],[113.2372255,41.6630789],[113.238488,41.6650734],[113.2400062,41.6669659],[113.2417653,41.6687381],[113.2437484,41.6703729],[113.2459364,41.6718546],[113.2483083,41.673169],[113.2508412,41.6743033],[113.2535106,41.6752466],[113.256291,41.6759899],[113.2591555,41.676526],[113.2620766,41.6768498],[113.265026,41.676958]]]},"properties":{"name":"1743无名峰","peak_elev":1743,"radius_m":2500,"layer":"ATS峰值响应半径","rank_pct":0.0787,"center_lon":113.265026,"center_lat":41.654475,"max_mean_jut":14.2713,"max_ats":8.9778,"r_jmean_peak":2250,"r_ats_peak":2500,"r_ats_marginal":312.5,"ats_marginal_rate_max":0.010894536126217127,"ats_marginal_interval_start":250.0,"ats_marginal_interval_end":375.0,"is_expanded":false}},{"type":"Feature","geometry":{"type":"Polygon","coordinates":[[[113.364245,41.6247665],[113.3671921,41.6246583],[113.3701107,41.6243345],[113.3729729,41.6237984],[113.375751,41.6230551],[113.3784184,41.6221117],[113.3809492,41.6209774],[113.3833191,41.6196631],[113.3855054,41.6181814],[113.3874869,41.6165466],[113.3892446,41.6147744],[113.3907615,41.6128819],[113.392023,41.6108874],[113.3930171,41.60881],[113.393734,41.6066697],[113.3941669,41.6044872],[113.3943117,41.6022835],[113.3941669,41.6000798],[113.393734,41.5978973],[113.3930171,41.595757],[113.392023,41.5936796],[113.3907615,41.591685],[113.3892446,41.5897926],[113.3874869,41.5880204],[113.3855054,41.5863856],[113.3833191,41.5849039],[113.3809492,41.5835895],[113.3784184,41.5824552],[113.375751,41.5815119],[113.3729729,41.5807685],[113.3701107,41.5802324],[113.3671921,41.5799087],[113.364245,41.5798004],[113.3612979,41.5799087],[113.3583793,41.5802324],[113.3555171,41.5807685],[113.352739,41.5815119],[113.3500716,41.5824552],[113.3475408,41.5835895],[113.3451709,41.5849039],[113.3429846,41.5863856],[113.3410031,41.5880204],[113.3392454,41.5897926],[113.3377285,41.591685],[113.336467,41.5936796],[113.3354729,41.595757],[113.334756,41.5978973],[113.3343231,41.6000798],[113.3341783,41.6022835],[113.3343231,41.6044872],[113.334756,41.6066697],[113.3354729,41.60881],[113.336467,41.6108874],[113.3377285,41.6128819],[113.3392454,41.6147744],[113.3410031,41.6165466],[113.3429846,41.6181814],[113.3451709,41.6196631],[113.3475408,41.6209774],[113.3500716,41.6221117],[113.352739,41.6230551],[113.3555171,41.6237984],[113.3583793,41.6243345],[113.3612979,41.6246583],[113.364245,41.6247665]]]},"properties":{"name":"1755无名峰(2)","peak_elev":1755,"radius_m":2500,"layer":"ATS峰值响应半径","rank_pct":0.0787,"center_lon":113.364245,"center_lat":41.6022834777832,"max_mean_jut":22.3966,"max_ats":12.2552,"r_jmean_peak":1000,"r_ats_peak":2500,"r_ats_marginal":187.5,"ats_marginal_rate_max":0.02091837308860419,"ats_marginal_interval_start":125.0,"ats_marginal_interval_end":250.0,"is_expanded":false}},{"type":"Feature","geometry":{"type":"Polygon","coordinates":[[[113.449001,41.2791817],[113.4516394,41.2790843],[113.4542523,41.2787929],[113.4568147,41.2783104],[113.4593018,41.2776415],[113.4616897,41.2767924],[113.4639555,41.2757716],[113.4660772,41.2745887],[113.4680344,41.2732551],[113.4698084,41.2717838],[113.4713819,41.2701888],[113.47274,41.2684856],[113.4738694,41.2666905],[113.4747593,41.2648208],[113.4754011,41.2628946],[113.4757887,41.2609304],[113.4759183,41.258947],[113.4757887,41.2569636],[113.4754011,41.2549994],[113.4747593,41.2530732],[113.4738694,41.2512035],[113.47274,41.2494084],[113.4713819,41.2477052],[113.4698084,41.2461102],[113.4680344,41.2446389],[113.4660772,41.2433053],[113.4639555,41.2421224],[113.4616897,41.2411016],[113.4593018,41.2402525],[113.4568147,41.2395836],[113.4542523,41.2391011],[113.4516394,41.2388097],[113.449001,41.2387123],[113.4463626,41.2388097],[113.4437497,41.2391011],[113.4411873,41.2395836],[113.4387002,41.2402525],[113.4363123,41.2411016],[113.4340465,41.2421224],[113.4319248,41.2433053],[113.4299676,41.2446389],[113.4281936,41.2461102],[113.4266201,41.2477052],[113.425262,41.2494084],[113.4241326,41.2512035],[113.4232427,41.2530732],[113.4226009,41.2549994],[113.4222133,41.2569636],[113.4220837,41.258947],[113.4222133,41.2609304],[113.4226009,41.2628946],[113.4232427,41.2648208],[113.4241326,41.2666905],[113.425262,41.2684856],[113.4266201,41.2701888],[113.4281936,41.2717838],[113.4299676,41.2732551],[113.4319248,41.2745887],[113.4340465,41.2757716],[113.4363123,41.2767924],[113.4387002,41.2776415],[113.4411873,41.2783104],[113.4437497,41.2787929],[113.4463626,41.2790843],[113.449001,41.2791817]]]},"properties":{"name":"1646无名峰(2)","peak_elev":1646,"radius_m":2250,"layer":"ATS峰值响应半径","rank_pct":0.0936,"center_lon":113.449001,"center_lat":41.258947,"max_mean_jut":9.8587,"max_ats":6.101,"r_jmean_peak":null,"r_ats_peak":2250,"r_ats_marginal":1062.5,"ats_marginal_rate_max":0.005570355949741614,"ats_marginal_interval_start":1000.0,"ats_marginal_interval_end":1125.0,"is_expanded":false}},{"type":"Feature","geometry":{"type":"Polygon","coordinates":[[[114.194423,42.1717477],[114.1970982,42.1716503],[114.1997477,42.1713589],[114.2023459,42.1708764],[114.2048678,42.1702075],[114.2072891,42.1693584],[114.2095865,42.1683376],[114.2117379,42.1671547],[114.2137225,42.1658211],[114.2155212,42.1643498],[114.2171168,42.1627548],[114.2184938,42.1610516],[114.219639,42.1592565],[114.2205414,42.1573868],[114.2211922,42.1554606],[114.2215852,42.1534964],[114.2217166,42.151513],[114.2215852,42.1495296],[114.2211922,42.1475654],[114.2205414,42.1456392],[114.219639,42.1437695],[114.2184938,42.1419744],[114.2171168,42.1402712],[114.2155212,42.1386762],[114.2137225,42.1372049],[114.2117379,42.1358713],[114.2095865,42.1346884],[114.2072891,42.1336676],[114.2048678,42.1328185],[114.2023459,42.1321496],[114.1997477,42.1316671],[114.1970982,42.1313757],[114.194423,42.1312783],[114.1917478,42.1313757],[114.1890983,42.1316671],[114.1865001,42.1321496],[114.1839782,42.1328185],[114.1815569,42.1336676],[114.1792595,42.1346884],[114.1771081,42.1358713],[114.1751235,42.1372049],[114.1733248,42.1386762],[114.1717292,42.1402712],[114.1703522,42.1419744],[114.169207,42.1437695],[114.1683046,42.1456392],[114.1676538,42.1475654],[114.1672608,42.1495296],[114.1671294,42.151513],[114.1672608,42.1534964],[114.1676538,42.1554606],[114.1683046,42.1573868],[114.169207,42.1592565],[114.1703522,42.1610516],[114.1717292,42.1627548],[114.1733248,42.1643498],[114.1751235,42.1658211],[114.1771081,42.1671547],[114.1792595,42.1683376],[114.1815569,42.1693584],[114.1839782,42.1702075],[114.1865001,42.1708764],[114.1890983,42.1713589],[114.1917478,42.1716503],[114.194423,42.1717477]]]},"properties":{"name":"黄花敖包1648","peak_elev":1648,"radius_m":2250,"layer":"ATS峰值响应半径","rank_pct":0.0936,"center_lon":114.194423,"center_lat":42.151513,"max_mean_jut":23.0076,"max_ats":15.1611,"r_jmean_peak":750,"r_ats_peak":2250,"r_ats_marginal":187.5,"ats_marginal_rate_max":0.03357280824194219,"ats_marginal_interval_start":125.0,"ats_marginal_interval_end":250.0,"is_expanded":false}},{"type":"Feature","geometry":{"type":"Polygon","coordinates":[[[114.4788742,41.8809637],[114.4815372,41.8808663],[114.4841746,41.8805749],[114.486761,41.8800924],[114.4892714,41.8794235],[114.4916817,41.8785744],[114.4939686,41.8775536],[114.4961101,41.8763707],[114.4980857,41.8750371],[114.4998762,41.8735658],[114.5014645,41.8719708],[114.5028352,41.8702676],[114.5039752,41.8684725],[114.5048735,41.8666028],[114.5055213,41.8646766],[114.5059125,41.8627124],[114.5060433,41.860729],[114.5059125,41.8587456],[114.5055213,41.8567814],[114.5048735,41.8548552],[114.5039752,41.8529855],[114.5028352,41.8511904],[114.5014645,41.8494872],[114.4998762,41.8478922],[114.4980857,41.8464209],[114.4961101,41.8450873],[114.4939686,41.8439044],[114.4916817,41.8428836],[114.4892714,41.8420345],[114.486761,41.8413656],[114.4841746,41.8408831],[114.4815372,41.8405917],[114.4788742,41.8404943],[114.4762112,41.8405917],[114.4735738,41.8408831],[114.4709874,41.8413656],[114.468477,41.8420345],[114.4660668,41.8428836],[114.4637798,41.8439044],[114.4616383,41.8450873],[114.4596627,41.8464209],[114.4578722,41.8478922],[114.4562839,41.8494872],[114.4549132,41.8511904],[114.4537732,41.8529855],[114.452875,41.8548552],[114.4522271,41.8567814],[114.4518359,41.8587456],[114.4517051,41.860729],[114.4518359,41.8627124],[114.4522271,41.8646766],[114.452875,41.8666028],[114.4537732,41.8684725],[114.4549132,41.8702676],[114.4562839,41.8719708],[114.4578722,41.8735658],[114.4596627,41.8750371],[114.4616383,41.8763707],[114.4637798,41.8775536],[114.4660668,41.8785744],[114.468477,41.8794235],[114.4709874,41.8800924],[114.4735738,41.8805749],[114.4762112,41.8808663],[114.4788742,41.8809637]]]},"properties":{"name":"卧龙图山1694","peak_elev":1694,"radius_m":2250,"layer":"ATS峰值响应半径","rank_pct":0.0936,"center_lon":114.47887420654295,"center_lat":41.860729,"max_mean_jut":17.2399,"max_ats":12.1065,"r_jmean_peak":1750,"r_ats_peak":2250,"r_ats_marginal":187.5,"ats_marginal_rate_max":0.02143896178881316,"ats_marginal_interval_start":125.0,"ats_marginal_interval_end":250.0,"is_expanded":false}},{"type":"Feature","geometry":{"type":"Polygon","coordinates":[[[113.776347,42.0193937],[113.7790158,42.0192963],[113.781659,42.0190049],[113.7842509,42.0185224],[113.7867668,42.0178535],[113.7891823,42.0170044],[113.7914742,42.0159836],[113.7936204,42.0148007],[113.7956002,42.0134671],[113.7973947,42.0119958],[113.7989864,42.0104008],[113.8003601,42.0086976],[113.8015025,42.0069025],[113.8024027,42.0050328],[113.803052,42.0031066],[113.8034441,42.0011424],[113.8035752,41.999159],[113.8034441,41.9971756],[113.803052,41.9952114],[113.8024027,41.9932852],[113.8015025,41.9914155],[113.8003601,41.9896204],[113.7989864,41.9879172],[113.7973947,41.9863222],[113.7956002,41.9848509],[113.7936204,41.9835173],[113.7914742,41.9823344],[113.7891823,41.9813136],[113.7867668,41.9804645],[113.7842509,41.9797956],[113.781659,41.9793131],[113.7790158,41.9790217],[113.776347,41.9789243],[113.7736782,41.9790217],[113.771035,41.9793131],[113.7684431,41.9797956],[113.7659272,41.9804645],[113.7635117,41.9813136],[113.7612198,41.9823344],[113.7590736,41.9835173],[113.7570938,41.9848509],[113.7552993,41.9863222],[113.7537076,41.9879172],[113.7523339,41.9896204],[113.7511915,41.9914155],[113.7502913,41.9932852],[113.749642,41.9952114],[113.7492499,41.9971756],[113.7491188,41.999159],[113.7492499,42.0011424],[113.749642,42.0031066],[113.7502913,42.0050328],[113.7511915,42.0069025],[113.7523339,42.0086976],[113.7537076,42.0104008],[113.7552993,42.0119958],[113.7570938,42.0134671],[113.7590736,42.0148007],[113.7612198,42.0159836],[113.7635117,42.0170044],[113.7659272,42.0178535],[113.7684431,42.0185224],[113.771035,42.0190049],[113.7736782,42.0192963],[113.776347,42.0193937]]]},"properties":{"name":"大脑包山1718","peak_elev":1718,"radius_m":2250,"layer":"ATS峰值响应半径","rank_pct":0.0936,"center_lon":113.776347,"center_lat":41.999159,"max_mean_jut":11.371,"max_ats":6.2264,"r_jmean_peak":1000,"r_ats_peak":2250,"r_ats_marginal":187.5,"ats_marginal_rate_max":0.01612271294813822,"ats_marginal_interval_start":125.0,"ats_marginal_interval_end":250.0,"is_expanded":false}},{"type":"Feature","geometry":{"type":"Polygon","coordinates":[[[114.152382,42.4581284],[114.1547709,42.4580418],[114.1571368,42.4577828],[114.1594569,42.4573539],[114.1617089,42.4567593],[114.1638711,42.4560046],[114.1659226,42.4550972],[114.1678437,42.4540457],[114.1696159,42.4528603],[114.1712221,42.4515525],[114.1726469,42.4501347],[114.1738766,42.4486207],[114.1748992,42.4470251],[114.175705,42.4453632],[114.1762861,42.443651],[114.1766371,42.441905],[114.1767544,42.440142],[114.1766371,42.438379],[114.1762861,42.436633],[114.175705,42.4349208],[114.1748992,42.4332589],[114.1738766,42.4316633],[114.1726469,42.4301493],[114.1712221,42.4287315],[114.1696159,42.4274237],[114.1678437,42.4262383],[114.1659226,42.4251868],[114.1638711,42.4242794],[114.1617089,42.4235247],[114.1594569,42.4229301],[114.1571368,42.4225012],[114.1547709,42.4222422],[114.152382,42.4221556],[114.1499931,42.4222422],[114.1476272,42.4225012],[114.1453071,42.4229301],[114.1430551,42.4235247],[114.1408929,42.4242794],[114.1388414,42.4251868],[114.1369203,42.4262383],[114.1351481,42.4274237],[114.1335419,42.4287315],[114.1321171,42.4301493],[114.1308874,42.4316633],[114.1298648,42.4332589],[114.129059,42.4349208],[114.1284779,42.436633],[114.1281269,42.438379],[114.1280096,42.440142],[114.1281269,42.441905],[114.1284779,42.443651],[114.129059,42.4453632],[114.1298648,42.4470251],[114.1308874,42.4486207],[114.1321171,42.4501347],[114.1335419,42.4515525],[114.1351481,42.4528603],[114.1369203,42.4540457],[114.1388414,42.4550972],[114.1408929,42.4560046],[114.1430551,42.4567593],[114.1453071,42.4573539],[114.1476272,42.4577828],[114.1499931,42.4580418],[114.152382,42.4581284]]]},"properties":{"name":"1432无名峰","peak_elev":1432,"radius_m":2000,"layer":"ATS峰值响应半径","rank_pct":0.1086,"center_lon":114.152382,"center_lat":42.440142,"max_mean_jut":6.6014,"max_ats":3.5789,"r_jmean_peak":2000,"r_ats_peak":2000,"r_ats_marginal":1062.5,"ats_marginal_rate_max":0.0024547901490323785,"ats_marginal_interval_start":1000.0,"ats_marginal_interval_end":1125.0,"is_expanded":false}},{"type":"Feature","geometry":{"type":"Polygon","coordinates":[[[113.970742,41.6162274],[113.9730995,41.6161408],[113.9754343,41.6158818],[113.9777239,41.6154529],[113.9799463,41.6148583],[113.98208,41.6141036],[113.9841045,41.6131962],[113.9860003,41.6121447],[113.9877492,41.6109593],[113.9893343,41.6096515],[113.9907404,41.6082337],[113.9919539,41.6067197],[113.992963,41.6051241],[113.9937582,41.6034622],[113.9943317,41.60175],[113.9946781,41.600004],[113.9947939,41.598241],[113.9946781,41.596478],[113.9943317,41.594732],[113.9937582,41.5930198],[113.992963,41.5913579],[113.9919539,41.5897623],[113.9907404,41.5882483],[113.9893343,41.5868305],[113.9877492,41.5855227],[113.9860003,41.5843373],[113.9841045,41.5832858],[113.98208,41.5823784],[113.9799463,41.5816237],[113.9777239,41.5810291],[113.9754343,41.5806002],[113.9730995,41.5803412],[113.970742,41.5802546],[113.9683845,41.5803412],[113.9660497,41.5806002],[113.9637601,41.5810291],[113.9615377,41.5816237],[113.959404,41.5823784],[113.9573795,41.5832858],[113.9554837,41.5843373],[113.9537348,41.5855227],[113.9521497,41.5868305],[113.9507436,41.5882483],[113.9495301,41.5897623],[113.948521,41.5913579],[113.9477258,41.5930198],[113.9471523,41.594732],[113.9468059,41.596478],[113.9466901,41.598241],[113.9468059,41.600004],[113.9471523,41.60175],[113.9477258,41.6034622],[113.948521,41.6051241],[113.9495301,41.6067197],[113.9507436,41.6082337],[113.9521497,41.6096515],[113.9537348,41.6109593],[113.9554837,41.6121447],[113.9573795,41.6131962],[113.959404,41.6141036],[113.9615377,41.6148583],[113.9637601,41.6154529],[113.9660497,41.6158818],[113.9683845,41.6161408],[113.970742,41.6162274]]]},"properties":{"name":"十三脑包山1501","peak_elev":1501,"radius_m":2000,"layer":"ATS峰值响应半径","rank_pct":0.1086,"center_lon":113.970742,"center_lat":41.598241,"max_mean_jut":11.9659,"max_ats":7.3066,"r_jmean_peak":1500,"r_ats_peak":2000,"r_ats_marginal":187.5,"ats_marginal_rate_max":0.010278253280611747,"ats_marginal_interval_start":125.0,"ats_marginal_interval_end":250.0,"is_expanded":false}},{"type":"Feature","geometry":{"type":"Polygon","coordinates":[[[113.117253,41.4971104],[113.1196062,41.4970238],[113.1219367,41.4967648],[113.124222,41.4963359],[113.1264403,41.4957413],[113.1285701,41.4949866],[113.1305909,41.4940792],[113.1324833,41.4930277],[113.1342289,41.4918423],[113.1358111,41.4905345],[113.1372146,41.4891167],[113.1384258,41.4876027],[113.1394331,41.4860071],[113.1402269,41.4843452],[113.1407993,41.482633],[113.141145,41.480887],[113.1412606,41.479124],[113.141145,41.477361],[113.1407993,41.475615],[113.1402269,41.4739028],[113.1394331,41.4722409],[113.1384258,41.4706453],[113.1372146,41.4691313],[113.1358111,41.4677135],[113.1342289,41.4664057],[113.1324833,41.4652203],[113.1305909,41.4641688],[113.1285701,41.4632614],[113.1264403,41.4625067],[113.124222,41.4619121],[113.1219367,41.4614832],[113.1196062,41.4612242],[113.117253,41.4611376],[113.1148998,41.4612242],[113.1125693,41.4614832],[113.110284,41.4619121],[113.1080657,41.4625067],[113.1059359,41.4632614],[113.1039151,41.4641688],[113.1020227,41.4652203],[113.1002771,41.4664057],[113.0986949,41.4677135],[113.0972914,41.4691313],[113.0960802,41.4706453],[113.0950729,41.4722409],[113.0942791,41.4739028],[113.0937067,41.475615],[113.093361,41.477361],[113.0932454,41.479124],[113.093361,41.480887],[113.0937067,41.482633],[113.0942791,41.4843452],[113.0950729,41.4860071],[113.0960802,41.4876027],[113.0972914,41.4891167],[113.0986949,41.4905345],[113.1002771,41.4918423],[113.1020227,41.4930277],[113.1039151,41.4940792],[113.1059359,41.4949866],[113.1080657,41.4957413],[113.110284,41.4963359],[113.1125693,41.4967648],[113.1148998,41.4970238],[113.117253,41.4971104]]]},"properties":{"name":"1548无名峰(2)","peak_elev":1548,"radius_m":2000,"layer":"ATS峰值响应半径","rank_pct":0.1086,"center_lon":113.117253,"center_lat":41.479124,"max_mean_jut":11.5064,"max_ats":6.9794,"r_jmean_peak":375,"r_ats_peak":2000,"r_ats_marginal":187.5,"ats_marginal_rate_max":0.02171402519535176,"ats_marginal_interval_start":125.0,"ats_marginal_interval_end":250.0,"is_expanded":false}},{"type":"Feature","geometry":{"type":"Polygon","coordinates":[[[113.409385,41.7046214],[113.4117457,41.7045348],[113.4140837,41.7042758],[113.4163765,41.7038469],[113.4186019,41.7032523],[113.4207385,41.7024976],[113.4227658,41.7015902],[113.4246643,41.7005387],[113.4264156,41.6993533],[113.4280029,41.6980455],[113.4294109,41.6966277],[113.430626,41.6951137],[113.4316365,41.6935181],[113.4324328,41.6918562],[113.4330071,41.690144],[113.4333539,41.688398],[113.4334699,41.686635],[113.4333539,41.684872],[113.4330071,41.683126],[113.4324328,41.6814138],[113.4316365,41.6797519],[113.430626,41.6781563],[113.4294109,41.6766423],[113.4280029,41.6752245],[113.4264156,41.6739167],[113.4246643,41.6727313],[113.4227658,41.6716798],[113.4207385,41.6707724],[113.4186019,41.6700177],[113.4163765,41.6694231],[113.4140837,41.6689942],[113.4117457,41.6687352],[113.409385,41.6686486],[113.4070243,41.6687352],[113.4046863,41.6689942],[113.4023935,41.6694231],[113.4001681,41.6700177],[113.3980315,41.6707724],[113.3960042,41.6716798],[113.3941057,41.6727313],[113.3923544,41.6739167],[113.3907671,41.6752245],[113.3893591,41.6766423],[113.388144,41.6781563],[113.3871335,41.6797519],[113.3863372,41.6814138],[113.3857629,41.683126],[113.3854161,41.684872],[113.3853001,41.686635],[113.3854161,41.688398],[113.3857629,41.690144],[113.3863372,41.6918562],[113.3871335,41.6935181],[113.388144,41.6951137],[113.3893591,41.6966277],[113.3907671,41.6980455],[113.3923544,41.6993533],[113.3941057,41.7005387],[113.3960042,41.7015902],[113.3980315,41.7024976],[113.4001681,41.7032523],[113.4023935,41.7038469],[113.4046863,41.7042758],[113.4070243,41.7045348],[113.409385,41.7046214]]]},"properties":{"name":"1650无名峰","peak_elev":1650,"radius_m":2000,"layer":"ATS峰值响应半径","rank_pct":0.1086,"center_lon":113.409385,"center_lat":41.686635,"max_mean_jut":6.8587,"max_ats":3.9698,"r_jmean_peak":1625,"r_ats_peak":2000,"r_ats_marginal":187.5,"ats_marginal_rate_max":0.007683321291260132,"ats_marginal_interval_start":125.0,"ats_marginal_interval_end":250.0,"is_expanded":false}},{"type":"Feature","geometry":{"type":"Polygon","coordinates":[[[113.225051,41.8272414],[113.2274162,41.8271548],[113.2297587,41.8268958],[113.2320558,41.8264669],[113.2342855,41.8258723],[113.2364262,41.8251176],[113.2384574,41.8242102],[113.2403595,41.8231587],[113.2421141,41.8219733],[113.2437045,41.8206655],[113.2451151,41.8192477],[113.2463326,41.8177337],[113.2473451,41.8161381],[113.2481429,41.8144762],[113.2487183,41.812764],[113.2490657,41.811018],[113.2491819,41.809255],[113.2490657,41.807492],[113.2487183,41.805746],[113.2481429,41.8040338],[113.2473451,41.8023719],[113.2463326,41.8007763],[113.2451151,41.7992623],[113.2437045,41.7978445],[113.2421141,41.7965367],[113.2403595,41.7953513],[113.2384574,41.7942998],[113.2364262,41.7933924],[113.2342855,41.7926377],[113.2320558,41.7920431],[113.2297587,41.7916142],[113.2274162,41.7913552],[113.225051,41.7912686],[113.2226858,41.7913552],[113.2203433,41.7916142],[113.2180462,41.7920431],[113.2158165,41.7926377],[113.2136758,41.7933924],[113.2116446,41.7942998],[113.2097425,41.7953513],[113.2079879,41.7965367],[113.2063975,41.7978445],[113.2049869,41.7992623],[113.2037694,41.8007763],[113.2027569,41.8023719],[113.2019591,41.8040338],[113.2013837,41.805746],[113.2010363,41.807492],[113.2009201,41.809255],[113.2010363,41.811018],[113.2013837,41.812764],[113.2019591,41.8144762],[113.2027569,41.8161381],[113.2037694,41.8177337],[113.2049869,41.8192477],[113.2063975,41.8206655],[113.2079879,41.8219733],[113.2097425,41.8231587],[113.2116446,41.8242102],[113.2136758,41.8251176],[113.2158165,41.8258723],[113.2180462,41.8264669],[113.2203433,41.8268958],[113.2226858,41.8271548],[113.225051,41.8272414]]]},"properties":{"name":"1742无名峰","peak_elev":1742,"radius_m":2000,"layer":"ATS峰值响应半径","rank_pct":0.1086,"center_lon":113.225051,"center_lat":41.809255,"max_mean_jut":16.9408,"max_ats":9.9533,"r_jmean_peak":625,"r_ats_peak":2000,"r_ats_marginal":187.5,"ats_marginal_rate_max":0.025375935475309225,"ats_marginal_interval_start":125.0,"ats_marginal_interval_end":250.0,"is_expanded":false}},{"type":"Feature","geometry":{"type":"Polygon","coordinates":[[[113.303204,41.9420473],[113.3055735,41.9419606],[113.3079202,41.9417016],[113.3102214,41.9412728],[113.3124551,41.9406781],[113.3145997,41.9399234],[113.3166345,41.939016],[113.31854,41.9379645],[113.3202978,41.9367791],[113.321891,41.9354713],[113.3233042,41.9340535],[113.3245238,41.9325396],[113.3255381,41.9309439],[113.3263374,41.929282],[113.3269138,41.9275698],[113.3272619,41.9258238],[113.3273783,41.9240608],[113.3272619,41.9222978],[113.3269138,41.9205518],[113.3263374,41.9188396],[113.3255381,41.9171777],[113.3245238,41.9155821],[113.3233042,41.9140681],[113.321891,41.9126503],[113.3202978,41.9113425],[113.31854,41.9101571],[113.3166345,41.9091056],[113.3145997,41.9081982],[113.3124551,41.9074435],[113.3102214,41.9068489],[113.3079202,41.90642],[113.3055735,41.906161],[113.303204,41.9060744],[113.3008345,41.906161],[113.2984878,41.90642],[113.2961866,41.9068489],[113.2939529,41.9074435],[113.2918083,41.9081982],[113.2897735,41.9091056],[113.287868,41.9101571],[113.2861102,41.9113425],[113.284517,41.9126503],[113.2831038,41.9140681],[113.2818842,41.9155821],[113.2808699,41.9171777],[113.2800706,41.9188396],[113.2794942,41.9205518],[113.2791461,41.9222978],[113.2790297,41.9240608],[113.2791461,41.9258238],[113.2794942,41.9275698],[113.2800706,41.929282],[113.2808699,41.9309439],[113.2818842,41.9325396],[113.2831038,41.9340535],[113.284517,41.9354713],[113.2861102,41.9367791],[113.287868,41.9379645],[113.2897735,41.939016],[113.2918083,41.9399234],[113.2939529,41.9406781],[113.2961866,41.9412728],[113.2984878,41.9417016],[113.3008345,41.9419606],[113.303204,41.9420473]]]},"properties":{"name":"大山1722","peak_elev":1722,"radius_m":2000,"layer":"ATS峰值响应半径","rank_pct":0.1086,"center_lon":113.303204,"center_lat":41.9240608215332,"max_mean_jut":10.9782,"max_ats":7.69,"r_jmean_peak":1500,"r_ats_peak":2000,"r_ats_marginal":312.5,"ats_marginal_rate_max":0.01083982138510396,"ats_marginal_interval_start":250.0,"ats_marginal_interval_end":375.0,"is_expanded":false}},{"type":"Feature","geometry":{"type":"Polygon","coordinates":[[[113.1167145,41.9791903],[113.1189372,41.9791091],[113.1211385,41.9788663],[113.1232973,41.9784642],[113.1253926,41.9779067],[113.1274043,41.9771992],[113.1293132,41.9763485],[113.1311006,41.9753627],[113.1327495,41.9742514],[113.134244,41.9730253],[113.1355697,41.9716962],[113.1367138,41.9702768],[113.1376653,41.9687809],[113.138415,41.9672229],[113.1389558,41.9656177],[113.1392823,41.9639808],[113.1393915,41.962328],[113.1392823,41.9606752],[113.1389558,41.9590383],[113.138415,41.9574331],[113.1376653,41.9558751],[113.1367138,41.9543792],[113.1355697,41.9529598],[113.134244,41.9516307],[113.1327495,41.9504046],[113.1311006,41.9492933],[113.1293132,41.9483075],[113.1274043,41.9474568],[113.1253926,41.9467493],[113.1232973,41.9461918],[113.1211385,41.9457897],[113.1189372,41.9455469],[113.1167145,41.9454657],[113.1144917,41.9455469],[113.1122904,41.9457897],[113.1101317,41.9461918],[113.1080364,41.9467493],[113.1060246,41.9474568],[113.1041158,41.9483075],[113.1023283,41.9492933],[113.1006794,41.9504046],[113.0991849,41.9516307],[113.0978592,41.9529598],[113.0967151,41.9543792],[113.0957636,41.9558751],[113.0950139,41.9574331],[113.0944732,41.9590383],[113.0941467,41.9606752],[113.0940375,41.962328],[113.0941467,41.9639808],[113.0944732,41.9656177],[113.0950139,41.9672229],[113.0957636,41.9687809],[113.0967151,41.9702768],[113.0978592,41.9716962],[113.0991849,41.9730253],[113.1006794,41.9742514],[113.1023283,41.9753627],[113.1041158,41.9763485],[113.1060246,41.9771992],[113.1080364,41.9779067],[113.1101317,41.9784642],[113.1122904,41.9788663],[113.1144917,41.9791091],[113.1167145,41.9791903]]]},"properties":{"name":"1621无名峰","peak_elev":1621,"radius_m":1875,"layer":"ATS峰值响应半径","rank_pct":0.1311,"center_lon":113.11671447753906,"center_lat":41.962328,"max_mean_jut":8.1975,"max_ats":5.2296,"r_jmean_peak":1750,"r_ats_peak":1875,"r_ats_marginal":312.5,"ats_marginal_rate_max":0.007343806606775646,"ats_marginal_interval_start":250.0,"ats_marginal_interval_end":375.0,"is_expanded":false}},{"type":"Feature","geometry":{"type":"Polygon","coordinates":[[[113.571621,41.8576483],[113.5738395,41.8575671],[113.5760367,41.8573243],[113.5781913,41.8569222],[113.5802826,41.8563647],[113.5822905,41.8556572],[113.5841957,41.8548065],[113.5859798,41.8538207],[113.5876256,41.8527094],[113.5891172,41.8514833],[113.5904404,41.8501542],[113.5915823,41.8487348],[113.592532,41.8472389],[113.5932803,41.8456808],[113.59382,41.8440756],[113.5941459,41.8424388],[113.5942549,41.840786],[113.5941459,41.8391332],[113.59382,41.8374963],[113.5932803,41.8358911],[113.592532,41.8343331],[113.5915823,41.8328372],[113.5904404,41.8314178],[113.5891172,41.8300887],[113.5876256,41.8288625],[113.5859798,41.8277513],[113.5841957,41.8267655],[113.5822905,41.8259148],[113.5802826,41.8252073],[113.5781913,41.8246498],[113.5760367,41.8242477],[113.5738395,41.8240049],[113.571621,41.8239237],[113.5694025,41.8240049],[113.5672053,41.8242477],[113.5650507,41.8246498],[113.5629594,41.8252073],[113.5609515,41.8259148],[113.5590463,41.8267655],[113.5572622,41.8277513],[113.5556164,41.8288625],[113.5541248,41.8300887],[113.5528016,41.8314178],[113.5516597,41.8328372],[113.55071,41.8343331],[113.5499617,41.8358911],[113.549422,41.8374963],[113.5490961,41.8391332],[113.5489871,41.840786],[113.5490961,41.8424388],[113.549422,41.8440756],[113.5499617,41.8456808],[113.55071,41.8472389],[113.5516597,41.8487348],[113.5528016,41.8501542],[113.5541248,41.8514833],[113.5556164,41.8527094],[113.5572622,41.8538207],[113.5590463,41.8548065],[113.5609515,41.8556572],[113.5629594,41.8563647],[113.5650507,41.8569222],[113.5672053,41.8573243],[113.5694025,41.8575671],[113.571621,41.8576483]]]},"properties":{"name":"1693无名峰","peak_elev":1693,"radius_m":1875,"layer":"ATS峰值响应半径","rank_pct":0.1311,"center_lon":113.571621,"center_lat":41.84078598022461,"max_mean_jut":5.5469,"max_ats":3.2998,"r_jmean_peak":1750,"r_ats_peak":1875,"r_ats_marginal":562.5,"ats_marginal_rate_max":0.003791978207534841,"ats_marginal_interval_start":500.0,"ats_marginal_interval_end":625.0,"is_expanded":false}},{"type":"Feature","geometry":{"type":"Polygon","coordinates":[[[114.438046,42.1809961],[114.4401272,42.1809203],[114.4421883,42.1806937],[114.4442096,42.1803184],[114.4461715,42.1797981],[114.4480552,42.1791378],[114.4498424,42.1783438],[114.4515161,42.1774237],[114.45306,42.1763865],[114.4544593,42.1752422],[114.4557006,42.1740016],[114.4567718,42.1726769],[114.4576627,42.1712807],[114.4583647,42.1698265],[114.458871,42.1683284],[114.4591767,42.1668006],[114.459279,42.165258],[114.4591767,42.1637154],[114.458871,42.1621876],[114.4583647,42.1606895],[114.4576627,42.1592353],[114.4567718,42.1578391],[114.4557006,42.1565144],[114.4544593,42.1552738],[114.45306,42.1541295],[114.4515161,42.1530923],[114.4498424,42.1521722],[114.4480552,42.1513782],[114.4461715,42.1507179],[114.4442096,42.1501976],[114.4421883,42.1498223],[114.4401272,42.1495957],[114.438046,42.1495199],[114.4359648,42.1495957],[114.4339037,42.1498223],[114.4318824,42.1501976],[114.4299205,42.1507179],[114.4280368,42.1513782],[114.4262496,42.1521722],[114.4245759,42.1530923],[114.423032,42.1541295],[114.4216327,42.1552738],[114.4203914,42.1565144],[114.4193202,42.1578391],[114.4184293,42.1592353],[114.4177273,42.1606895],[114.417221,42.1621876],[114.4169153,42.1637154],[114.416813,42.165258],[114.4169153,42.1668006],[114.417221,42.1683284],[114.4177273,42.1698265],[114.4184293,42.1712807],[114.4193202,42.1726769],[114.4203914,42.1740016],[114.4216327,42.1752422],[114.423032,42.1763865],[114.4245759,42.1774237],[114.4262496,42.1783438],[114.4280368,42.1791378],[114.4299205,42.1797981],[114.4318824,42.1803184],[114.4339037,42.1806937],[114.4359648,42.1809203],[114.438046,42.1809961]]]},"properties":{"name":"1493无名峰","peak_elev":1493,"radius_m":1750,"layer":"ATS峰值响应半径","rank_pct":0.1386,"center_lon":114.438046,"center_lat":42.165258,"max_mean_jut":10.7858,"max_ats":6.937,"r_jmean_peak":1125,"r_ats_peak":1750,"r_ats_marginal":187.5,"ats_marginal_rate_max":0.013304939888831071,"ats_marginal_interval_start":125.0,"ats_marginal_interval_end":250.0,"is_expanded":false}},{"type":"Feature","geometry":{"type":"Polygon","coordinates":[[[114.160197,42.1526991],[114.1622773,42.1526233],[114.1643375,42.1523967],[114.1663579,42.1520214],[114.1683189,42.1515011],[114.1702017,42.1508408],[114.1719881,42.1500468],[114.173661,42.1491267],[114.1752043,42.1480895],[114.176603,42.1469452],[114.1778437,42.1457046],[114.1789144,42.1443799],[114.1798049,42.1429837],[114.1805066,42.1415295],[114.1810127,42.1400314],[114.1813183,42.1385036],[114.1814205,42.136961],[114.1813183,42.1354184],[114.1810127,42.1338906],[114.1805066,42.1323925],[114.1798049,42.1309383],[114.1789144,42.1295421],[114.1778437,42.1282174],[114.176603,42.1269768],[114.1752043,42.1258325],[114.173661,42.1247953],[114.1719881,42.1238752],[114.1702017,42.1230812],[114.1683189,42.1224209],[114.1663579,42.1219006],[114.1643375,42.1215253],[114.1622773,42.1212987],[114.160197,42.1212229],[114.1581167,42.1212987],[114.1560565,42.1215253],[114.1540361,42.1219006],[114.1520751,42.1224209],[114.1501923,42.1230812],[114.1484059,42.1238752],[114.146733,42.1247953],[114.1451897,42.1258325],[114.143791,42.1269768],[114.1425503,42.1282174],[114.1414796,42.1295421],[114.1405891,42.1309383],[114.1398874,42.1323925],[114.1393813,42.1338906],[114.1390757,42.1354184],[114.1389735,42.136961],[114.1390757,42.1385036],[114.1393813,42.1400314],[114.1398874,42.1415295],[114.1405891,42.1429837],[114.1414796,42.1443799],[114.1425503,42.1457046],[114.143791,42.1469452],[114.1451897,42.1480895],[114.146733,42.1491267],[114.1484059,42.1500468],[114.1501923,42.1508408],[114.1520751,42.1515011],[114.1540361,42.1520214],[114.1560565,42.1523967],[114.1581167,42.1526233],[114.160197,42.1526991]]]},"properties":{"name":"1546无名峰","peak_elev":1546,"radius_m":1750,"layer":"ATS峰值响应半径","rank_pct":0.1386,"center_lon":114.160197,"center_lat":42.136961,"max_mean_jut":9.8402,"max_ats":5.5389,"r_jmean_peak":500,"r_ats_peak":1750,"r_ats_marginal":187.5,"ats_marginal_rate_max":0.018666048677180583,"ats_marginal_interval_start":125.0,"ats_marginal_interval_end":250.0,"is_expanded":false}},{"type":"Feature","geometry":{"type":"Polygon","coordinates":[[[113.522034,41.2283321],[113.5240846,41.2282563],[113.5261155,41.2280297],[113.528107,41.2276544],[113.5300401,41.2271341],[113.531896,41.2264738],[113.533657,41.2256798],[113.535306,41.2247597],[113.5368273,41.2237225],[113.538206,41.2225782],[113.539429,41.2213376],[113.5404845,41.2200129],[113.5413623,41.2186167],[113.542054,41.2171625],[113.5425529,41.2156644],[113.5428541,41.2141366],[113.5429548,41.212594],[113.5428541,41.2110514],[113.5425529,41.2095236],[113.542054,41.2080255],[113.5413623,41.2065713],[113.5404845,41.2051751],[113.539429,41.2038504],[113.538206,41.2026098],[113.5368273,41.2014655],[113.535306,41.2004283],[113.533657,41.1995082],[113.531896,41.1987142],[113.5300401,41.1980539],[113.528107,41.1975336],[113.5261155,41.1971583],[113.5240846,41.1969317],[113.522034,41.1968559],[113.5199834,41.1969317],[113.5179525,41.1971583],[113.515961,41.1975336],[113.5140279,41.1980539],[113.512172,41.1987142],[113.510411,41.1995082],[113.508762,41.2004283],[113.5072407,41.2014655],[113.505862,41.2026098],[113.504639,41.2038504],[113.5035835,41.2051751],[113.5027057,41.2065713],[113.502014,41.2080255],[113.5015151,41.2095236],[113.5012139,41.2110514],[113.5011132,41.212594],[113.5012139,41.2141366],[113.5015151,41.2156644],[113.502014,41.2171625],[113.5027057,41.2186167],[113.5035835,41.2200129],[113.504639,41.2213376],[113.505862,41.2225782],[113.5072407,41.2237225],[113.508762,41.2247597],[113.510411,41.2256798],[113.512172,41.2264738],[113.5140279,41.2271341],[113.515961,41.2276544],[113.5179525,41.2280297],[113.5199834,41.2282563],[113.522034,41.2283321]]]},"properties":{"name":"1678无名峰","peak_elev":1678,"radius_m":1750,"layer":"ATS峰值响应半径","rank_pct":0.1386,"center_lon":113.522034,"center_lat":41.212594,"max_mean_jut":8.3786,"max_ats":3.9481,"r_jmean_peak":1750,"r_ats_peak":1750,"r_ats_marginal":687.5,"ats_marginal_rate_max":0.005115879309238327,"ats_marginal_interval_start":625.0,"ats_marginal_interval_end":750.0,"is_expanded":false}},{"type":"Feature","geometry":{"type":"Polygon","coordinates":[[[113.3994141,42.1359442],[113.4013453,42.1358739],[113.4032579,42.1356634],[113.4051334,42.135315],[113.4069539,42.1348318],[113.4087018,42.1342186],[113.4103603,42.1334813],[113.4119133,42.132627],[113.4133459,42.1316639],[113.4146444,42.1306013],[113.4157962,42.1294494],[113.4167903,42.1282192],[113.4176169,42.1269228],[113.4182683,42.1255725],[113.4187381,42.1241813],[113.4190218,42.1227627],[113.4191167,42.1213303],[113.4190218,42.1198978],[113.4187381,42.1184792],[113.4182683,42.117088],[113.4176169,42.1157377],[113.4167903,42.1144413],[113.4157962,42.1132112],[113.4146444,42.1120593],[113.4133459,42.1109966],[113.4119133,42.1100335],[113.4103603,42.1091792],[113.4087018,42.1084419],[113.4069539,42.1078287],[113.4051334,42.1073456],[113.4032579,42.1069971],[113.4013453,42.1067867],[113.3994141,42.1067163],[113.3974829,42.1067867],[113.3955703,42.1069971],[113.3936947,42.1073456],[113.3918742,42.1078287],[113.3901263,42.1084419],[113.3884679,42.1091792],[113.3869148,42.1100335],[113.3854822,42.1109966],[113.3841837,42.1120593],[113.3830319,42.1132112],[113.3820379,42.1144413],[113.3812112,42.1157377],[113.3805598,42.117088],[113.38009,42.1184792],[113.3798063,42.1198978],[113.3797114,42.1213303],[113.3798063,42.1227627],[113.38009,42.1241813],[113.3805598,42.1255725],[113.3812112,42.1269228],[113.3820379,42.1282192],[113.3830319,42.1294494],[113.3841837,42.1306013],[113.3854822,42.1316639],[113.3869148,42.132627],[113.3884679,42.1334813],[113.3901263,42.1342186],[113.3918742,42.1348318],[113.3936947,42.135315],[113.3955703,42.1356634],[113.3974829,42.1358739],[113.3994141,42.1359442]]]},"properties":{"name":"1504无名峰(1)","peak_elev":1504,"radius_m":1625,"layer":"ATS峰值响应半径","rank_pct":0.1498,"center_lon":113.3994140625,"center_lat":42.12133026123047,"max_mean_jut":14.6634,"max_ats":9.8782,"r_jmean_peak":1000,"r_ats_peak":1625,"r_ats_marginal":187.5,"ats_marginal_rate_max":0.019079593114011258,"ats_marginal_interval_start":125.0,"ats_marginal_interval_end":250.0,"is_expanded":false}},{"type":"Feature","geometry":{"type":"Polygon","coordinates":[[[113.6252518,41.2506522],[113.6271566,41.2505818],[113.6290431,41.2503714],[113.630893,41.2500229],[113.6326886,41.2495398],[113.6344126,41.2489266],[113.6360484,41.2481893],[113.6375802,41.247335],[113.6389933,41.2463718],[113.640274,41.2453092],[113.6414101,41.2441573],[113.6423906,41.2429272],[113.643206,41.2416307],[113.6438484,41.2402804],[113.6443118,41.2388893],[113.6445917,41.2374706],[113.6446852,41.2360382],[113.6445917,41.2346058],[113.6443118,41.2331872],[113.6438484,41.231796],[113.643206,41.2304457],[113.6423906,41.2291492],[113.6414101,41.2279191],[113.640274,41.2267672],[113.6389933,41.2257046],[113.6375802,41.2247415],[113.6360484,41.2238871],[113.6344126,41.2231498],[113.6326886,41.2225367],[113.630893,41.2220535],[113.6290431,41.221705],[113.6271566,41.2214946],[113.6252518,41.2214242],[113.623347,41.2214946],[113.6214605,41.221705],[113.6196105,41.2220535],[113.6178149,41.2225367],[113.6160909,41.2231498],[113.6144551,41.2238871],[113.6129233,41.2247415],[113.6115102,41.2257046],[113.6102295,41.2267672],[113.6090934,41.2279191],[113.608113,41.2291492],[113.6072976,41.2304457],[113.6066551,41.231796],[113.6061917,41.2331872],[113.6059119,41.2346058],[113.6058183,41.2360382],[113.6059119,41.2374706],[113.6061917,41.2388893],[113.6066551,41.2402804],[113.6072976,41.2416307],[113.608113,41.2429272],[113.6090934,41.2441573],[113.6102295,41.2453092],[113.6115102,41.2463718],[113.6129233,41.247335],[113.6144551,41.2481893],[113.6160909,41.2489266],[113.6178149,41.2495398],[113.6196105,41.2500229],[113.6214605,41.2503714],[113.623347,41.2505818],[113.6252518,41.2506522]]]},"properties":{"name":"1644无名峰","peak_elev":1644,"radius_m":1625,"layer":"ATS峰值响应半径","rank_pct":0.1498,"center_lon":113.62525177001952,"center_lat":41.23603820800781,"max_mean_jut":6.9281,"max_ats":4.0135,"r_jmean_peak":1750,"r_ats_peak":1625,"r_ats_marginal":187.5,"ats_marginal_rate_max":0.0052656165102850675,"ats_marginal_interval_start":125.0,"ats_marginal_interval_end":250.0,"is_expanded":false}},{"type":"Feature","geometry":{"type":"Polygon","coordinates":[[[113.706638,41.911455],[113.7085624,41.9113846],[113.7104683,41.9111742],[113.7123372,41.9108257],[113.7141513,41.9103426],[113.715893,41.9097294],[113.7175456,41.9089921],[113.7190932,41.9081378],[113.7205208,41.9071746],[113.7218147,41.906112],[113.7229624,41.9049601],[113.723953,41.90373],[113.7247768,41.9024335],[113.7254258,41.9010832],[113.725894,41.899692],[113.7261767,41.8982734],[113.7262712,41.896841],[113.7261767,41.8954086],[113.725894,41.89399],[113.7254258,41.8925988],[113.7247768,41.8912485],[113.723953,41.889952],[113.7229624,41.8887219],[113.7218147,41.88757],[113.7205208,41.8865074],[113.7190932,41.8855442],[113.7175456,41.8846899],[113.715893,41.8839526],[113.7141513,41.8833394],[113.7123372,41.8828563],[113.7104683,41.8825078],[113.7085624,41.8822974],[113.706638,41.882227],[113.7047136,41.8822974],[113.7028077,41.8825078],[113.7009388,41.8828563],[113.6991247,41.8833394],[113.697383,41.8839526],[113.6957304,41.8846899],[113.6941828,41.8855442],[113.6927552,41.8865074],[113.6914613,41.88757],[113.6903136,41.8887219],[113.689323,41.889952],[113.6884992,41.8912485],[113.6878502,41.8925988],[113.687382,41.89399],[113.6870993,41.8954086],[113.6870048,41.896841],[113.6870993,41.8982734],[113.687382,41.899692],[113.6878502,41.9010832],[113.6884992,41.9024335],[113.689323,41.90373],[113.6903136,41.9049601],[113.6914613,41.906112],[113.6927552,41.9071746],[113.6941828,41.9081378],[113.6957304,41.9089921],[113.697383,41.9097294],[113.6991247,41.9103426],[113.7009388,41.9108257],[113.7028077,41.9111742],[113.7047136,41.9113846],[113.706638,41.911455]]]},"properties":{"name":"1658无名峰","peak_elev":1658,"radius_m":1625,"layer":"ATS峰值响应半径","rank_pct":0.1498,"center_lon":113.706638,"center_lat":41.896841,"max_mean_jut":7.0651,"max_ats":4.2313,"r_jmean_peak":1125,"r_ats_peak":1625,"r_ats_marginal":187.5,"ats_marginal_rate_max":0.009552179315310062,"ats_marginal_interval_start":125.0,"ats_marginal_interval_end":250.0,"is_expanded":false}},{"type":"Feature","geometry":{"type":"Polygon","coordinates":[[[114.195164,42.4895209],[114.1971061,42.4894505],[114.1990294,42.4892401],[114.2009156,42.4888916],[114.2027463,42.4884085],[114.2045041,42.4877953],[114.2061718,42.487058],[114.2077336,42.4862037],[114.2091743,42.4852406],[114.2104801,42.4841779],[114.2116384,42.483026],[114.212638,42.4817959],[114.2134694,42.4804994],[114.2141244,42.4791491],[114.2145969,42.477758],[114.2148822,42.4763393],[114.2149776,42.4749069],[114.2148822,42.4734745],[114.2145969,42.4720559],[114.2141244,42.4706647],[114.2134694,42.4693144],[114.212638,42.4680179],[114.2116384,42.4667878],[114.2104801,42.4656359],[114.2091743,42.4645733],[114.2077336,42.4636102],[114.2061718,42.4627558],[114.2045041,42.4620185],[114.2027463,42.4614054],[114.2009156,42.4609222],[114.1990294,42.4605737],[114.1971061,42.4603633],[114.195164,42.4602929],[114.1932219,42.4603633],[114.1912986,42.4605737],[114.1894124,42.4609222],[114.1875817,42.4614054],[114.1858239,42.4620185],[114.1841562,42.4627558],[114.1825944,42.4636102],[114.1811537,42.4645733],[114.1798479,42.4656359],[114.1786896,42.4667878],[114.17769,42.4680179],[114.1768586,42.4693144],[114.1762036,42.4706647],[114.1757311,42.4720559],[114.1754458,42.4734745],[114.1753504,42.4749069],[114.1754458,42.4763393],[114.1757311,42.477758],[114.1762036,42.4791491],[114.1768586,42.4804994],[114.17769,42.4817959],[114.1786896,42.483026],[114.1798479,42.4841779],[114.1811537,42.4852406],[114.1825944,42.4862037],[114.1841562,42.487058],[114.1858239,42.4877953],[114.1875817,42.4884085],[114.1894124,42.4888916],[114.1912986,42.4892401],[114.1932219,42.4894505],[114.195164,42.4895209]]]},"properties":{"name":"文贡乌拉1456","peak_elev":1456,"radius_m":1625,"layer":"ATS峰值响应半径","rank_pct":0.1498,"center_lon":114.195164,"center_lat":42.47490692138672,"max_mean_jut":12.0175,"max_ats":6.3499,"r_jmean_peak":1500,"r_ats_peak":1625,"r_ats_marginal":812.5,"ats_marginal_rate_max":0.006541486556640283,"ats_marginal_interval_start":750.0,"ats_marginal_interval_end":875.0,"is_expanded":false}},{"type":"Feature","geometry":{"type":"Polygon","coordinates":[[[114.295349,42.2563618],[114.2971351,42.2562969],[114.2989039,42.2561026],[114.3006386,42.255781],[114.3023223,42.255335],[114.3039388,42.254769],[114.3054726,42.2540884],[114.306909,42.2532998],[114.3082339,42.2524107],[114.3094348,42.2514299],[114.3105001,42.2503665],[114.3114194,42.2492311],[114.312184,42.2480343],[114.3127864,42.2467879],[114.3132209,42.2455037],[114.3134833,42.2441942],[114.3135711,42.242872],[114.3134833,42.2415498],[114.3132209,42.2402403],[114.3127864,42.2389561],[114.312184,42.2377097],[114.3114194,42.2365129],[114.3105001,42.2353775],[114.3094348,42.2343141],[114.3082339,42.2333333],[114.306909,42.2324442],[114.3054726,42.2316556],[114.3039388,42.230975],[114.3023223,42.230409],[114.3006386,42.229963],[114.2989039,42.2296414],[114.2971351,42.2294471],[114.295349,42.2293822],[114.2935629,42.2294471],[114.2917941,42.2296414],[114.2900594,42.229963],[114.2883757,42.230409],[114.2867592,42.230975],[114.2852254,42.2316556],[114.283789,42.2324442],[114.2824641,42.2333333],[114.2812632,42.2343141],[114.2801979,42.2353775],[114.2792786,42.2365129],[114.278514,42.2377097],[114.2779116,42.2389561],[114.2774771,42.2402403],[114.2772147,42.2415498],[114.2771269,42.242872],[114.2772147,42.2441942],[114.2774771,42.2455037],[114.2779116,42.2467879],[114.278514,42.2480343],[114.2792786,42.2492311],[114.2801979,42.2503665],[114.2812632,42.2514299],[114.2824641,42.2524107],[114.283789,42.2532998],[114.2852254,42.2540884],[114.2867592,42.254769],[114.2883757,42.255335],[114.2900594,42.255781],[114.2917941,42.2561026],[114.2935629,42.2562969],[114.295349,42.2563618]]]},"properties":{"name":"1577无名峰(3)","peak_elev":1577,"radius_m":1500,"layer":"ATS峰值响应半径","rank_pct":0.1648,"center_lon":114.295349,"center_lat":42.242872,"max_mean_jut":18.6769,"max_ats":11.5657,"r_jmean_peak":1000,"r_ats_peak":1500,"r_ats_marginal":312.5,"ats_marginal_rate_max":0.02072411284128956,"ats_marginal_interval_start":250.0,"ats_marginal_interval_end":375.0,"is_expanded":false}},{"type":"Feature","geometry":{"type":"Polygon","coordinates":[[[114.397891,42.2622908],[114.3996772,42.2622259],[114.4014463,42.2620316],[114.4031811,42.26171],[114.4048649,42.261264],[114.4064816,42.260698],[114.4080156,42.2600174],[114.409452,42.2592288],[114.4107772,42.2583397],[114.4119782,42.2573589],[114.4130435,42.2562955],[114.4139629,42.2551601],[114.4147276,42.2539633],[114.4153301,42.2527169],[114.4157646,42.2514327],[114.416027,42.2501232],[114.4161148,42.248801],[114.416027,42.2474788],[114.4157646,42.2461693],[114.4153301,42.2448851],[114.4147276,42.2436387],[114.4139629,42.2424419],[114.4130435,42.2413065],[114.4119782,42.2402431],[114.4107772,42.2392623],[114.409452,42.2383732],[114.4080156,42.2375846],[114.4064816,42.236904],[114.4048649,42.236338],[114.4031811,42.235892],[114.4014463,42.2355704],[114.3996772,42.2353761],[114.397891,42.2353112],[114.3961048,42.2353761],[114.3943357,42.2355704],[114.3926009,42.235892],[114.3909171,42.236338],[114.3893004,42.236904],[114.3877664,42.2375846],[114.38633,42.2383732],[114.3850048,42.2392623],[114.3838038,42.2402431],[114.3827385,42.2413065],[114.3818191,42.2424419],[114.3810544,42.2436387],[114.3804519,42.2448851],[114.3800174,42.2461693],[114.379755,42.2474788],[114.3796672,42.248801],[114.379755,42.2501232],[114.3800174,42.2514327],[114.3804519,42.2527169],[114.3810544,42.2539633],[114.3818191,42.2551601],[114.3827385,42.2562955],[114.3838038,42.2573589],[114.3850048,42.2583397],[114.38633,42.2592288],[114.3877664,42.2600174],[114.3893004,42.260698],[114.3909171,42.261264],[114.3926009,42.26171],[114.3943357,42.2620316],[114.3961048,42.2622259],[114.397891,42.2622908]]]},"properties":{"name":"1610无名峰(3)","peak_elev":1610,"radius_m":1500,"layer":"ATS峰值响应半径","rank_pct":0.1648,"center_lon":114.397891,"center_lat":42.248801,"max_mean_jut":18.3745,"max_ats":11.0389,"r_jmean_peak":1375,"r_ats_peak":1500,"r_ats_marginal":187.5,"ats_marginal_rate_max":0.019260266678371996,"ats_marginal_interval_start":125.0,"ats_marginal_interval_end":250.0,"is_expanded":false}},{"type":"Feature","geometry":{"type":"Polygon","coordinates":[[[113.361954,41.3194638],[113.3637142,41.3193989],[113.3654574,41.3192046],[113.3671669,41.318883],[113.3688262,41.318437],[113.3704193,41.317871],[113.3719308,41.3171904],[113.3733463,41.3164018],[113.3746521,41.3155127],[113.3758356,41.3145319],[113.3768854,41.3134685],[113.3777914,41.3123331],[113.3785449,41.3111363],[113.3791386,41.3098899],[113.3795668,41.3086057],[113.3798253,41.3072962],[113.3799118,41.305974],[113.3798253,41.3046518],[113.3795668,41.3033423],[113.3791386,41.3020581],[113.3785449,41.3008117],[113.3777914,41.2996149],[113.3768854,41.2984795],[113.3758356,41.2974161],[113.3746521,41.2964353],[113.3733463,41.2955462],[113.3719308,41.2947576],[113.3704193,41.294077],[113.3688262,41.293511],[113.3671669,41.293065],[113.3654574,41.2927434],[113.3637142,41.2925491],[113.361954,41.2924842],[113.3601938,41.2925491],[113.3584506,41.2927434],[113.3567411,41.293065],[113.3550818,41.293511],[113.3534887,41.294077],[113.3519772,41.2947576],[113.3505617,41.2955462],[113.3492559,41.2964353],[113.3480724,41.2974161],[113.3470226,41.2984795],[113.3461166,41.2996149],[113.3453631,41.3008117],[113.3447694,41.3020581],[113.3443412,41.3033423],[113.3440827,41.3046518],[113.3439962,41.305974],[113.3440827,41.3072962],[113.3443412,41.3086057],[113.3447694,41.3098899],[113.3453631,41.3111363],[113.3461166,41.3123331],[113.3470226,41.3134685],[113.3480724,41.3145319],[113.3492559,41.3155127],[113.3505617,41.3164018],[113.3519772,41.3171904],[113.3534887,41.317871],[113.3550818,41.318437],[113.3567411,41.318883],[113.3584506,41.3192046],[113.3601938,41.3193989],[113.361954,41.3194638]]]},"properties":{"name":"1670无名峰(2)","peak_elev":1670,"radius_m":1500,"layer":"ATS峰值响应半径","rank_pct":0.1648,"center_lon":113.361954,"center_lat":41.305974,"max_mean_jut":7.7835,"max_ats":4.7637,"r_jmean_peak":1125,"r_ats_peak":1500,"r_ats_marginal":187.5,"ats_marginal_rate_max":0.01050982946199801,"ats_marginal_interval_start":125.0,"ats_marginal_interval_end":250.0,"is_expanded":false}},{"type":"Feature","geometry":{"type":"Polygon","coordinates":[[[114.179331,42.0704108],[114.1811118,42.0703459],[114.1828755,42.0701516],[114.1846051,42.06983],[114.1862838,42.069384],[114.1878956,42.068818],[114.1894249,42.0681374],[114.190857,42.0673488],[114.1921781,42.0664597],[114.1933755,42.0654789],[114.1944376,42.0644155],[114.1953543,42.0632801],[114.1961166,42.0620833],[114.1967173,42.0608369],[114.1971505,42.0595527],[114.1974121,42.0582432],[114.1974996,42.056921],[114.1974121,42.0555988],[114.1971505,42.0542893],[114.1967173,42.0530051],[114.1961166,42.0517587],[114.1953543,42.0505619],[114.1944376,42.0494265],[114.1933755,42.0483631],[114.1921781,42.0473823],[114.190857,42.0464932],[114.1894249,42.0457046],[114.1878956,42.045024],[114.1862838,42.044458],[114.1846051,42.044012],[114.1828755,42.0436904],[114.1811118,42.0434961],[114.179331,42.0434312],[114.1775502,42.0434961],[114.1757865,42.0436904],[114.1740569,42.044012],[114.1723782,42.044458],[114.1707664,42.045024],[114.1692371,42.0457046],[114.167805,42.0464932],[114.1664839,42.0473823],[114.1652865,42.0483631],[114.1642244,42.0494265],[114.1633077,42.0505619],[114.1625454,42.0517587],[114.1619447,42.0530051],[114.1615115,42.0542893],[114.1612499,42.0555988],[114.1611624,42.056921],[114.1612499,42.0582432],[114.1615115,42.0595527],[114.1619447,42.0608369],[114.1625454,42.0620833],[114.1633077,42.0632801],[114.1642244,42.0644155],[114.1652865,42.0654789],[114.1664839,42.0664597],[114.167805,42.0673488],[114.1692371,42.0681374],[114.1707664,42.068818],[114.1723782,42.069384],[114.1740569,42.06983],[114.1757865,42.0701516],[114.1775502,42.0703459],[114.179331,42.0704108]]]},"properties":{"name":"1708无名峰(3)","peak_elev":1708,"radius_m":1500,"layer":"ATS峰值响应半径","rank_pct":0.1648,"center_lon":114.179331,"center_lat":42.056921,"max_mean_jut":18.5256,"max_ats":9.9923,"r_jmean_peak":1375,"r_ats_peak":1500,"r_ats_marginal":312.5,"ats_marginal_rate_max":0.009589828918843782,"ats_marginal_interval_start":250.0,"ats_marginal_interval_end":375.0,"is_expanded":false}},{"type":"Feature","geometry":{"type":"Polygon","coordinates":[[[113.331232,41.6621257],[113.3330015,41.6620607],[113.334754,41.6618665],[113.3364725,41.6615448],[113.3381406,41.6610988],[113.3397421,41.6605328],[113.3412617,41.6598522],[113.3426847,41.6590636],[113.3439974,41.6581746],[113.3451872,41.6571937],[113.3462425,41.6561304],[113.3471533,41.6549949],[113.3479108,41.6537982],[113.3485076,41.6525518],[113.3489381,41.6512676],[113.3491981,41.6499581],[113.349285,41.6486359],[113.3491981,41.6473136],[113.3489381,41.6460041],[113.3485076,41.64472],[113.3479108,41.6434735],[113.3471533,41.6422768],[113.3462425,41.6411413],[113.3451872,41.640078],[113.3439974,41.6390971],[113.3426847,41.6382081],[113.3412617,41.6374195],[113.3397421,41.6367389],[113.3381406,41.6361729],[113.3364725,41.6357269],[113.334754,41.6354052],[113.3330015,41.635211],[113.331232,41.635146],[113.3294625,41.635211],[113.32771,41.6354052],[113.3259915,41.6357269],[113.3243234,41.6361729],[113.3227219,41.6367389],[113.3212023,41.6374195],[113.3197793,41.6382081],[113.3184666,41.6390971],[113.3172768,41.640078],[113.3162215,41.6411413],[113.3153107,41.6422768],[113.3145532,41.6434735],[113.3139564,41.64472],[113.3135259,41.6460041],[113.3132659,41.6473136],[113.313179,41.6486359],[113.3132659,41.6499581],[113.3135259,41.6512676],[113.3139564,41.6525518],[113.3145532,41.6537982],[113.3153107,41.6549949],[113.3162215,41.6561304],[113.3172768,41.6571937],[113.3184666,41.6581746],[113.3197793,41.6590636],[113.3212023,41.6598522],[113.3227219,41.6605328],[113.3243234,41.6610988],[113.3259915,41.6615448],[113.32771,41.6618665],[113.3294625,41.6620607],[113.331232,41.6621257]]]},"properties":{"name":"1721无名峰(1)","peak_elev":1721,"radius_m":1500,"layer":"ATS峰值响应半径","rank_pct":0.1648,"center_lon":113.331232,"center_lat":41.64863586425781,"max_mean_jut":11.0639,"max_ats":6.6715,"r_jmean_peak":1000,"r_ats_peak":1500,"r_ats_marginal":187.5,"ats_marginal_rate_max":0.020241355292815066,"ats_marginal_interval_start":125.0,"ats_marginal_interval_end":250.0,"is_expanded":false}},{"type":"Feature","geometry":{"type":"Polygon","coordinates":[[[113.320182,41.9589748],[113.3219597,41.9589099],[113.3237203,41.9587156],[113.3254468,41.958394],[113.3271227,41.957948],[113.3287316,41.957382],[113.3302583,41.9567014],[113.3316879,41.9559128],[113.3330067,41.9550237],[113.334202,41.9540429],[113.3352622,41.9529795],[113.3361772,41.9518441],[113.3369382,41.9506473],[113.3375379,41.9494009],[113.3379703,41.9481167],[113.3382315,41.9468072],[113.3383188,41.945485],[113.3382315,41.9441628],[113.3379703,41.9428533],[113.3375379,41.9415691],[113.3369382,41.9403227],[113.3361772,41.9391259],[113.3352622,41.9379905],[113.334202,41.9369271],[113.3330067,41.9359463],[113.3316879,41.9350572],[113.3302583,41.9342686],[113.3287316,41.933588],[113.3271227,41.933022],[113.3254468,41.932576],[113.3237203,41.9322544],[113.3219597,41.9320601],[113.320182,41.9319952],[113.3184043,41.9320601],[113.3166437,41.9322544],[113.3149172,41.932576],[113.3132413,41.933022],[113.3116324,41.933588],[113.3101057,41.9342686],[113.3086761,41.9350572],[113.3073573,41.9359463],[113.306162,41.9369271],[113.3051018,41.9379905],[113.3041868,41.9391259],[113.3034258,41.9403227],[113.3028261,41.9415691],[113.3023937,41.9428533],[113.3021325,41.9441628],[113.3020452,41.945485],[113.3021325,41.9468072],[113.3023937,41.9481167],[113.3028261,41.9494009],[113.3034258,41.9506473],[113.3041868,41.9518441],[113.3051018,41.9529795],[113.306162,41.9540429],[113.3073573,41.9550237],[113.3086761,41.9559128],[113.3101057,41.9567014],[113.3116324,41.957382],[113.3132413,41.957948],[113.3149172,41.958394],[113.3166437,41.9587156],[113.3184043,41.9589099],[113.320182,41.9589748]]]},"properties":{"name":"1736无名峰","peak_elev":1736,"radius_m":1500,"layer":"ATS峰值响应半径","rank_pct":0.1648,"center_lon":113.320182,"center_lat":41.945485,"max_mean_jut":10.8817,"max_ats":7.0806,"r_jmean_peak":625,"r_ats_peak":1500,"r_ats_marginal":187.5,"ats_marginal_rate_max":0.012100353386017048,"ats_marginal_interval_start":125.0,"ats_marginal_interval_end":250.0,"is_expanded":false}},{"type":"Feature","geometry":{"type":"Polygon","coordinates":[[[113.270865,41.8240928],[113.272639,41.8240279],[113.2743959,41.8238336],[113.2761187,41.823512],[113.277791,41.823066],[113.2793966,41.8225],[113.28092,41.8218194],[113.2823466,41.8210308],[113.2836626,41.8201417],[113.2848554,41.8191609],[113.2859134,41.8180975],[113.2868265,41.8169621],[113.2875859,41.8157653],[113.2881843,41.8145189],[113.2886158,41.8132347],[113.2888764,41.8119252],[113.2889636,41.810603],[113.2888764,41.8092808],[113.2886158,41.8079713],[113.2881843,41.8066871],[113.2875859,41.8054407],[113.2868265,41.8042439],[113.2859134,41.8031085],[113.2848554,41.8020451],[113.2836626,41.8010643],[113.2823466,41.8001752],[113.28092,41.7993866],[113.2793966,41.798706],[113.277791,41.79814],[113.2761187,41.797694],[113.2743959,41.7973724],[113.272639,41.7971781],[113.270865,41.7971132],[113.269091,41.7971781],[113.2673341,41.7973724],[113.2656113,41.797694],[113.263939,41.79814],[113.2623334,41.798706],[113.26081,41.7993866],[113.2593834,41.8001752],[113.2580674,41.8010643],[113.2568746,41.8020451],[113.2558166,41.8031085],[113.2549035,41.8042439],[113.2541441,41.8054407],[113.2535457,41.8066871],[113.2531142,41.8079713],[113.2528536,41.8092808],[113.2527664,41.810603],[113.2528536,41.8119252],[113.2531142,41.8132347],[113.2535457,41.8145189],[113.2541441,41.8157653],[113.2549035,41.8169621],[113.2558166,41.8180975],[113.2568746,41.8191609],[113.2580674,41.8201417],[113.2593834,41.8210308],[113.26081,41.8218194],[113.2623334,41.8225],[113.263939,41.823066],[113.2656113,41.823512],[113.2673341,41.8238336],[113.269091,41.8240279],[113.270865,41.8240928]]]},"properties":{"name":"1770无名峰","peak_elev":1770,"radius_m":1500,"layer":"ATS峰值响应半径","rank_pct":0.1648,"center_lon":113.270865,"center_lat":41.810603,"max_mean_jut":13.4772,"max_ats":8.4368,"r_jmean_peak":1250,"r_ats_peak":1500,"r_ats_marginal":562.5,"ats_marginal_rate_max":0.009589552987796068,"ats_marginal_interval_start":500.0,"ats_marginal_interval_end":625.0,"is_expanded":false}},{"type":"Feature","geometry":{"type":"Polygon","coordinates":[[[113.233809,41.8238231],[113.235583,41.8237581],[113.2373398,41.8235639],[113.2390627,41.8232422],[113.240735,41.8227962],[113.2423406,41.8222302],[113.243864,41.8215496],[113.2452906,41.820761],[113.2466066,41.819872],[113.2477993,41.8188911],[113.2488574,41.8178278],[113.2497705,41.8166923],[113.2505298,41.8154956],[113.2511282,41.8142491],[113.2515597,41.812965],[113.2518204,41.8116555],[113.2519075,41.8103333],[113.2518204,41.809011],[113.2515597,41.8077015],[113.2511282,41.8064174],[113.2505298,41.8051709],[113.2497705,41.8039742],[113.2488574,41.8028387],[113.2477993,41.8017754],[113.2466066,41.8007945],[113.2452906,41.7999055],[113.243864,41.7991169],[113.2423406,41.7984363],[113.240735,41.7978703],[113.2390627,41.7974243],[113.2373398,41.7971026],[113.235583,41.7969084],[113.233809,41.7968434],[113.232035,41.7969084],[113.2302782,41.7971026],[113.2285553,41.7974243],[113.226883,41.7978703],[113.2252774,41.7984363],[113.223754,41.7991169],[113.2223274,41.7999055],[113.2210114,41.8007945],[113.2198187,41.8017754],[113.2187606,41.8028387],[113.2178475,41.8039742],[113.2170882,41.8051709],[113.2164898,41.8064174],[113.2160583,41.8077015],[113.2157976,41.809011],[113.2157105,41.8103333],[113.2157976,41.8116555],[113.2160583,41.812965],[113.2164898,41.8142491],[113.2170882,41.8154956],[113.2178475,41.8166923],[113.2187606,41.8178278],[113.2198187,41.8188911],[113.2210114,41.819872],[113.2223274,41.820761],[113.223754,41.8215496],[113.2252774,41.8222302],[113.226883,41.8227962],[113.2285553,41.8232422],[113.2302782,41.8235639],[113.232035,41.8237581],[113.233809,41.8238231]]]},"properties":{"name":"1774无名峰","peak_elev":1774,"radius_m":1500,"layer":"ATS峰值响应半径","rank_pct":0.1648,"center_lon":113.233809,"center_lat":41.810333251953125,"max_mean_jut":19.9173,"max_ats":12.7275,"r_jmean_peak":750,"r_ats_peak":1500,"r_ats_marginal":187.5,"ats_marginal_rate_max":0.03299100501137074,"ats_marginal_interval_start":125.0,"ats_marginal_interval_end":250.0,"is_expanded":false}},{"type":"Feature","geometry":{"type":"Polygon","coordinates":[[[113.263589,41.9033238],[113.2653652,41.9032589],[113.2671242,41.9030646],[113.2688493,41.902743],[113.2705236,41.902297],[113.2721312,41.901731],[113.2736565,41.9010504],[113.2750848,41.9002618],[113.2764025,41.8993727],[113.2775967,41.8983919],[113.2786561,41.8973285],[113.2795703,41.8961931],[113.2803306,41.8949963],[113.2809297,41.8937499],[113.2813618,41.8924657],[113.2816228,41.8911562],[113.28171,41.889834],[113.2816228,41.8885118],[113.2813618,41.8872023],[113.2809297,41.8859181],[113.2803306,41.8846717],[113.2795703,41.8834749],[113.2786561,41.8823395],[113.2775967,41.8812761],[113.2764025,41.8802953],[113.2750848,41.8794062],[113.2736565,41.8786176],[113.2721312,41.877937],[113.2705236,41.877371],[113.2688493,41.876925],[113.2671242,41.8766034],[113.2653652,41.8764091],[113.263589,41.8763442],[113.2618128,41.8764091],[113.2600538,41.8766034],[113.2583287,41.876925],[113.2566544,41.877371],[113.2550468,41.877937],[113.2535215,41.8786176],[113.2520932,41.8794062],[113.2507755,41.8802953],[113.2495813,41.8812761],[113.2485219,41.8823395],[113.2476077,41.8834749],[113.2468474,41.8846717],[113.2462483,41.8859181],[113.2458162,41.8872023],[113.2455552,41.8885118],[113.245468,41.889834],[113.2455552,41.8911562],[113.2458162,41.8924657],[113.2462483,41.8937499],[113.2468474,41.8949963],[113.2476077,41.8961931],[113.2485219,41.8973285],[113.2495813,41.8983919],[113.2507755,41.8993727],[113.2520932,41.9002618],[113.2535215,41.9010504],[113.2550468,41.901731],[113.2566544,41.902297],[113.2583287,41.902743],[113.2600538,41.9030646],[113.2618128,41.9032589],[113.263589,41.9033238]]]},"properties":{"name":"圆宝山东顶1767","peak_elev":1767,"radius_m":1500,"layer":"ATS峰值响应半径","rank_pct":0.1648,"center_lon":113.263589,"center_lat":41.889834,"max_mean_jut":27.257,"max_ats":17.5193,"r_jmean_peak":625,"r_ats_peak":1500,"r_ats_marginal":187.5,"ats_marginal_rate_max":0.057067311333423236,"ats_marginal_interval_start":125.0,"ats_marginal_interval_end":250.0,"is_expanded":false}},{"type":"Feature","geometry":{"type":"Polygon","coordinates":[[[114.118479,42.4388717],[114.120121,42.4388122],[114.1217472,42.4386341],[114.123342,42.4383393],[114.1248899,42.4379304],[114.126376,42.4374116],[114.1277861,42.4367877],[114.1291066,42.4360648],[114.1303247,42.4352499],[114.1314288,42.4343507],[114.1324081,42.433376],[114.1332533,42.4323352],[114.1339562,42.4312382],[114.13451,42.4300956],[114.1349095,42.4289185],[114.1351507,42.4277181],[114.1352314,42.426506],[114.1351507,42.425294],[114.1349095,42.4240936],[114.13451,42.4229165],[114.1339562,42.4217739],[114.1332533,42.4206769],[114.1324081,42.419636],[114.1314288,42.4186613],[114.1303247,42.4177622],[114.1291066,42.4169472],[114.1277861,42.4162244],[114.126376,42.4156005],[114.1248899,42.4150817],[114.123342,42.4146728],[114.1217472,42.414378],[114.120121,42.4141999],[114.118479,42.4141404],[114.116837,42.4141999],[114.1152108,42.414378],[114.113616,42.4146728],[114.1120681,42.4150817],[114.110582,42.4156005],[114.1091719,42.4162244],[114.1078514,42.4169472],[114.1066333,42.4177622],[114.1055292,42.4186613],[114.1045499,42.419636],[114.1037047,42.4206769],[114.1030018,42.4217739],[114.102448,42.4229165],[114.1020485,42.4240936],[114.1018073,42.425294],[114.1017266,42.426506],[114.1018073,42.4277181],[114.1020485,42.4289185],[114.102448,42.4300956],[114.1030018,42.4312382],[114.1037047,42.4323352],[114.1045499,42.433376],[114.1055292,42.4343507],[114.1066333,42.4352499],[114.1078514,42.4360648],[114.1091719,42.4367877],[114.110582,42.4374116],[114.1120681,42.4379304],[114.113616,42.4383393],[114.1152108,42.4386341],[114.116837,42.4388122],[114.118479,42.4388717]]]},"properties":{"name":"1430无名峰","peak_elev":1430,"radius_m":1375,"layer":"ATS峰值响应半径","rank_pct":0.1985,"center_lon":114.118479,"center_lat":42.42650604248047,"max_mean_jut":7.9364,"max_ats":4.6238,"r_jmean_peak":1375,"r_ats_peak":1375,"r_ats_marginal":562.5,"ats_marginal_rate_max":0.006150630158524849,"ats_marginal_interval_start":500.0,"ats_marginal_interval_end":625.0,"is_expanded":false}},{"type":"Feature","geometry":{"type":"Polygon","coordinates":[[[114.271364,42.2714077],[114.2730017,42.2713481],[114.2746235,42.2711701],[114.276214,42.2708752],[114.2777578,42.2704664],[114.27924,42.2699475],[114.2806464,42.2693237],[114.2819633,42.2686008],[114.2831782,42.2677859],[114.2842793,42.2668867],[114.2852561,42.265912],[114.286099,42.2648711],[114.2868,42.2637741],[114.2873524,42.2626316],[114.2877508,42.2614544],[114.2879914,42.260254],[114.2880718,42.259042],[114.2879914,42.25783],[114.2877508,42.2566296],[114.2873524,42.2554524],[114.2868,42.2543099],[114.286099,42.2532129],[114.2852561,42.252172],[114.2842793,42.2511973],[114.2831782,42.2502981],[114.2819633,42.2494832],[114.2806464,42.2487603],[114.27924,42.2481365],[114.2777578,42.2476176],[114.276214,42.2472088],[114.2746235,42.2469139],[114.2730017,42.2467359],[114.271364,42.2466763],[114.2697263,42.2467359],[114.2681045,42.2469139],[114.266514,42.2472088],[114.2649702,42.2476176],[114.263488,42.2481365],[114.2620816,42.2487603],[114.2607647,42.2494832],[114.2595498,42.2502981],[114.2584487,42.2511973],[114.2574719,42.252172],[114.256629,42.2532129],[114.255928,42.2543099],[114.2553756,42.2554524],[114.2549772,42.2566296],[114.2547366,42.25783],[114.2546562,42.259042],[114.2547366,42.260254],[114.2549772,42.2614544],[114.2553756,42.2626316],[114.255928,42.2637741],[114.256629,42.2648711],[114.2574719,42.265912],[114.2584487,42.2668867],[114.2595498,42.2677859],[114.2607647,42.2686008],[114.2620816,42.2693237],[114.263488,42.2699475],[114.2649702,42.2704664],[114.266514,42.2708752],[114.2681045,42.2711701],[114.2697263,42.2713481],[114.271364,42.2714077]]]},"properties":{"name":"1533无名峰","peak_elev":1533,"radius_m":1375,"layer":"ATS峰值响应半径","rank_pct":0.1985,"center_lon":114.271364,"center_lat":42.259042,"max_mean_jut":13.4641,"max_ats":7.9806,"r_jmean_peak":1000,"r_ats_peak":1375,"r_ats_marginal":187.5,"ats_marginal_rate_max":0.014060767710408166,"ats_marginal_interval_start":125.0,"ats_marginal_interval_end":250.0,"is_expanded":false}},{"type":"Feature","geometry":{"type":"Polygon","coordinates":[[[113.339586,42.1471707],[113.3412204,42.1471111],[113.3428391,42.1469331],[113.3444265,42.1466382],[113.3459673,42.1462294],[113.3474466,42.1457105],[113.3488501,42.1450867],[113.3501645,42.1443638],[113.351377,42.1435489],[113.352476,42.1426497],[113.3534508,42.141675],[113.3542921,42.1406341],[113.3549917,42.1395371],[113.355543,42.1383946],[113.3559406,42.1372174],[113.3561807,42.136017],[113.356261,42.134805],[113.3561807,42.133593],[113.3559406,42.1323926],[113.355543,42.1312154],[113.3549917,42.1300729],[113.3542921,42.1289759],[113.3534508,42.127935],[113.352476,42.1269603],[113.351377,42.1260611],[113.3501645,42.1252462],[113.3488501,42.1245233],[113.3474466,42.1238995],[113.3459673,42.1233806],[113.3444265,42.1229718],[113.3428391,42.1226769],[113.3412204,42.1224989],[113.339586,42.1224393],[113.3379516,42.1224989],[113.3363329,42.1226769],[113.3347455,42.1229718],[113.3332047,42.1233806],[113.3317254,42.1238995],[113.3303219,42.1245233],[113.3290075,42.1252462],[113.327795,42.1260611],[113.326696,42.1269603],[113.3257212,42.127935],[113.3248799,42.1289759],[113.3241803,42.1300729],[113.323629,42.1312154],[113.3232314,42.1323926],[113.3229913,42.133593],[113.322911,42.134805],[113.3229913,42.136017],[113.3232314,42.1372174],[113.323629,42.1383946],[113.3241803,42.1395371],[113.3248799,42.1406341],[113.3257212,42.141675],[113.326696,42.1426497],[113.327795,42.1435489],[113.3290075,42.1443638],[113.3303219,42.1450867],[113.3317254,42.1457105],[113.3332047,42.1462294],[113.3347455,42.1466382],[113.3363329,42.1469331],[113.3379516,42.1471111],[113.339586,42.1471707]]]},"properties":{"name":"1539无名峰","peak_elev":1539,"radius_m":1375,"layer":"ATS峰值响应半径","rank_pct":0.1985,"center_lon":113.339586,"center_lat":42.134805,"max_mean_jut":11.8916,"max_ats":7.9307,"r_jmean_peak":1375,"r_ats_peak":1375,"r_ats_marginal":187.5,"ats_marginal_rate_max":0.012659873482727768,"ats_marginal_interval_start":125.0,"ats_marginal_interval_end":250.0,"is_expanded":false}},{"type":"Feature","geometry":{"type":"Polygon","coordinates":[[[113.504247,42.0477267],[113.5058789,42.0476671],[113.507495,42.0474891],[113.5090799,42.0471942],[113.5106183,42.0467854],[113.5120952,42.0462665],[113.5134966,42.0456427],[113.514809,42.0449198],[113.5160196,42.0441049],[113.5171168,42.0432057],[113.5180901,42.042231],[113.51893,42.0411901],[113.5196286,42.0400931],[113.520179,42.0389506],[113.520576,42.0377734],[113.5208157,42.036573],[113.5208959,42.035361],[113.5208157,42.034149],[113.520576,42.0329486],[113.520179,42.0317714],[113.5196286,42.0306289],[113.51893,42.0295319],[113.5180901,42.028491],[113.5171168,42.0275163],[113.5160196,42.0266171],[113.514809,42.0258022],[113.5134966,42.0250793],[113.5120952,42.0244555],[113.5106183,42.0239366],[113.5090799,42.0235278],[113.507495,42.0232329],[113.5058789,42.0230549],[113.504247,42.0229953],[113.5026151,42.0230549],[113.500999,42.0232329],[113.4994141,42.0235278],[113.4978757,42.0239366],[113.4963988,42.0244555],[113.4949974,42.0250793],[113.493685,42.0258022],[113.4924744,42.0266171],[113.4913772,42.0275163],[113.4904039,42.028491],[113.489564,42.0295319],[113.4888654,42.0306289],[113.488315,42.0317714],[113.487918,42.0329486],[113.4876783,42.034149],[113.4875981,42.035361],[113.4876783,42.036573],[113.487918,42.0377734],[113.488315,42.0389506],[113.4888654,42.0400931],[113.489564,42.0411901],[113.4904039,42.042231],[113.4913772,42.0432057],[113.4924744,42.0441049],[113.493685,42.0449198],[113.4949974,42.0456427],[113.4963988,42.0462665],[113.4978757,42.0467854],[113.4994141,42.0471942],[113.500999,42.0474891],[113.5026151,42.0476671],[113.504247,42.0477267]]]},"properties":{"name":"1551无名峰","peak_elev":1551,"radius_m":1375,"layer":"ATS峰值响应半径","rank_pct":0.1985,"center_lon":113.504247,"center_lat":42.035361,"max_mean_jut":9.2736,"max_ats":5.1366,"r_jmean_peak":250,"r_ats_peak":1375,"r_ats_marginal":187.5,"ats_marginal_rate_max":0.015486576690338509,"ats_marginal_interval_start":125.0,"ats_marginal_interval_end":250.0,"is_expanded":false}},{"type":"Feature","geometry":{"type":"Polygon","coordinates":[[[113.231788,41.7779627],[113.233413,41.7779031],[113.2350223,41.7777251],[113.2366005,41.7774302],[113.2381324,41.7770214],[113.2396032,41.7765025],[113.2409986,41.7758787],[113.2423054,41.7751558],[113.2435109,41.7743409],[113.2446035,41.7734417],[113.2455727,41.772467],[113.2464091,41.7714261],[113.2471047,41.7703291],[113.2476528,41.7691866],[113.2480482,41.7680094],[113.2482869,41.766809],[113.2483667,41.765597],[113.2482869,41.764385],[113.2480482,41.7631846],[113.2476528,41.7620074],[113.2471047,41.7608649],[113.2464091,41.7597679],[113.2455727,41.758727],[113.2446035,41.7577523],[113.2435109,41.7568531],[113.2423054,41.7560382],[113.2409986,41.7553153],[113.2396032,41.7546915],[113.2381324,41.7541726],[113.2366005,41.7537638],[113.2350223,41.7534689],[113.233413,41.7532909],[113.231788,41.7532313],[113.230163,41.7532909],[113.2285537,41.7534689],[113.2269755,41.7537638],[113.2254436,41.7541726],[113.2239728,41.7546915],[113.2225774,41.7553153],[113.2212706,41.7560382],[113.2200651,41.7568531],[113.2189725,41.7577523],[113.2180033,41.758727],[113.2171669,41.7597679],[113.2164713,41.7608649],[113.2159232,41.7620074],[113.2155278,41.7631846],[113.2152891,41.764385],[113.2152093,41.765597],[113.2152891,41.766809],[113.2155278,41.7680094],[113.2159232,41.7691866],[113.2164713,41.7703291],[113.2171669,41.7714261],[113.2180033,41.772467],[113.2189725,41.7734417],[113.2200651,41.7743409],[113.2212706,41.7751558],[113.2225774,41.7758787],[113.2239728,41.7765025],[113.2254436,41.7770214],[113.2269755,41.7774302],[113.2285537,41.7777251],[113.230163,41.7779031],[113.231788,41.7779627]]]},"properties":{"name":"1741无名峰(2)","peak_elev":1741,"radius_m":1375,"layer":"ATS峰值响应半径","rank_pct":0.1985,"center_lon":113.231788,"center_lat":41.765597,"max_mean_jut":7.9465,"max_ats":4.7504,"r_jmean_peak":1125,"r_ats_peak":1375,"r_ats_marginal":187.5,"ats_marginal_rate_max":0.00686601761750501,"ats_marginal_interval_start":125.0,"ats_marginal_interval_end":250.0,"is_expanded":false}},{"type":"Feature","geometry":{"type":"Polygon","coordinates":[[[113.258199,41.8229687],[113.2598251,41.8229091],[113.2614356,41.8227311],[113.2630149,41.8224362],[113.2645479,41.8220274],[113.2660196,41.8215085],[113.2674161,41.8208847],[113.2687238,41.8201618],[113.2699302,41.8193469],[113.2710235,41.8184477],[113.2719934,41.817473],[113.2728304,41.8164321],[113.2735265,41.8153351],[113.274075,41.8141926],[113.2744706,41.8130154],[113.2747095,41.811815],[113.2747894,41.810603],[113.2747095,41.809391],[113.2744706,41.8081906],[113.274075,41.8070134],[113.2735265,41.8058709],[113.2728304,41.8047739],[113.2719934,41.803733],[113.2710235,41.8027583],[113.2699302,41.8018591],[113.2687238,41.8010442],[113.2674161,41.8003213],[113.2660196,41.7996975],[113.2645479,41.7991786],[113.2630149,41.7987698],[113.2614356,41.7984749],[113.2598251,41.7982969],[113.258199,41.7982373],[113.2565729,41.7982969],[113.2549624,41.7984749],[113.2533831,41.7987698],[113.2518501,41.7991786],[113.2503784,41.7996975],[113.2489819,41.8003213],[113.2476742,41.8010442],[113.2464678,41.8018591],[113.2453745,41.8027583],[113.2444046,41.803733],[113.2435676,41.8047739],[113.2428715,41.8058709],[113.242323,41.8070134],[113.2419274,41.8081906],[113.2416885,41.809391],[113.2416086,41.810603],[113.2416885,41.811815],[113.2419274,41.8130154],[113.242323,41.8141926],[113.2428715,41.8153351],[113.2435676,41.8164321],[113.2444046,41.817473],[113.2453745,41.8184477],[113.2464678,41.8193469],[113.2476742,41.8201618],[113.2489819,41.8208847],[113.2503784,41.8215085],[113.2518501,41.8220274],[113.2533831,41.8224362],[113.2549624,41.8227311],[113.2565729,41.8229091],[113.258199,41.8229687]]]},"properties":{"name":"1764无名峰(1)","peak_elev":1764,"radius_m":1375,"layer":"ATS峰值响应半径","rank_pct":0.1985,"center_lon":113.258199,"center_lat":41.810603,"max_mean_jut":13.6689,"max_ats":7.6519,"r_jmean_peak":750,"r_ats_peak":1375,"r_ats_marginal":437.5,"ats_marginal_rate_max":0.010525767891661644,"ats_marginal_interval_start":375.0,"ats_marginal_interval_end":500.0,"is_expanded":false}},{"type":"Feature","geometry":{"type":"Polygon","coordinates":[[[113.6466751,42.2610317],[113.6483125,42.2609721],[113.6499341,42.2607941],[113.6515243,42.2604992],[113.6530679,42.2600904],[113.6545498,42.2595715],[113.655956,42.2589477],[113.6572727,42.2582248],[113.6584874,42.2574099],[113.6595883,42.2565107],[113.6605649,42.255536],[113.6614077,42.2544951],[113.6621086,42.2533981],[113.6626609,42.2522556],[113.6630592,42.2510784],[113.6632998,42.249878],[113.6633802,42.248666],[113.6632998,42.247454],[113.6630592,42.2462536],[113.6626609,42.2450764],[113.6621086,42.2439339],[113.6614077,42.2428369],[113.6605649,42.241796],[113.6595883,42.2408213],[113.6584874,42.2399221],[113.6572727,42.2391072],[113.655956,42.2383843],[113.6545498,42.2377605],[113.6530679,42.2372416],[113.6515243,42.2368328],[113.6499341,42.2365379],[113.6483125,42.2363599],[113.6466751,42.2363003],[113.6450377,42.2363599],[113.6434161,42.2365379],[113.6418259,42.2368328],[113.6402823,42.2372416],[113.6388004,42.2377605],[113.6373943,42.2383843],[113.6360775,42.2391072],[113.6348628,42.2399221],[113.6337619,42.2408213],[113.6327853,42.241796],[113.6319425,42.2428369],[113.6312416,42.2439339],[113.6306893,42.2450764],[113.630291,42.2462536],[113.6300505,42.247454],[113.62997,42.248666],[113.6300505,42.249878],[113.630291,42.2510784],[113.6306893,42.2522556],[113.6312416,42.2533981],[113.6319425,42.2544951],[113.6327853,42.255536],[113.6337619,42.2565107],[113.6348628,42.2574099],[113.6360775,42.2582248],[113.6373943,42.2589477],[113.6388004,42.2595715],[113.6402823,42.2600904],[113.6418259,42.2604992],[113.6434161,42.2607941],[113.6450377,42.2609721],[113.6466751,42.2610317]]]},"properties":{"name":"宝格都音敖包1414","peak_elev":1413,"radius_m":1375,"layer":"ATS峰值响应半径","rank_pct":0.1985,"center_lon":113.64667510986328,"center_lat":42.248666,"max_mean_jut":10.0438,"max_ats":6.9747,"r_jmean_peak":1125,"r_ats_peak":1375,"r_ats_marginal":437.5,"ats_marginal_rate_max":0.010845533212095375,"ats_marginal_interval_start":375.0,"ats_marginal_interval_end":500.0,"is_expanded":false}},{"type":"Feature","geometry":{"type":"Polygon","coordinates":[[[113.344167,42.194286],[113.345654,42.1942318],[113.3471267,42.19407],[113.3485708,42.1938019],[113.3499726,42.1934302],[113.3513184,42.1929586],[113.3525954,42.1923914],[113.3537912,42.1917342],[113.3548943,42.1909934],[113.3558941,42.190176],[113.356781,42.1892899],[113.3575463,42.1883436],[113.3581829,42.1873464],[113.3586844,42.1863077],[113.3590462,42.1852375],[113.3592646,42.1841463],[113.3593377,42.1830444],[113.3592646,42.1819426],[113.3590462,42.1808513],[113.3586844,42.1797812],[113.3581829,42.1787425],[113.3575463,42.1777452],[113.356781,42.176799],[113.3558941,42.1759129],[113.3548943,42.1750955],[113.3537912,42.1743546],[113.3525954,42.1736975],[113.3513184,42.1731303],[113.3499726,42.1726586],[113.3485708,42.172287],[113.3471267,42.1720189],[113.345654,42.171857],[113.344167,42.1718029],[113.34268,42.171857],[113.3412073,42.1720189],[113.3397632,42.172287],[113.3383614,42.1726586],[113.3370156,42.1731303],[113.3357386,42.1736975],[113.3345428,42.1743546],[113.3334397,42.1750955],[113.3324399,42.1759129],[113.331553,42.176799],[113.3307877,42.1777452],[113.3301511,42.1787425],[113.3296496,42.1797812],[113.3292878,42.1808513],[113.3290694,42.1819426],[113.3289963,42.1830444],[113.3290694,42.1841463],[113.3292878,42.1852375],[113.3296496,42.1863077],[113.3301511,42.1873464],[113.3307877,42.1883436],[113.331553,42.1892899],[113.3324399,42.190176],[113.3334397,42.1909934],[113.3345428,42.1917342],[113.3357386,42.1923914],[113.3370156,42.1929586],[113.3383614,42.1934302],[113.3397632,42.1938019],[113.3412073,42.19407],[113.34268,42.1942318],[113.344167,42.194286]]]},"properties":{"name":"1397无名峰","peak_elev":1397,"radius_m":1250,"layer":"ATS峰值响应半径","rank_pct":0.2247,"center_lon":113.344167,"center_lat":42.18304443359375,"max_mean_jut":9.337,"max_ats":5.8799,"r_jmean_peak":500,"r_ats_peak":1250,"r_ats_marginal":187.5,"ats_marginal_rate_max":0.01553529364798957,"ats_marginal_interval_start":125.0,"ats_marginal_interval_end":250.0,"is_expanded":false}},{"type":"Feature","geometry":{"type":"Polygon","coordinates":[[[114.4304962,42.1735345],[114.4319827,42.1734804],[114.4334549,42.1733185],[114.4348986,42.1730505],[114.4362999,42.1726788],[114.4376453,42.1722071],[114.4389218,42.17164],[114.4401172,42.1709828],[114.44122,42.170242],[114.4422195,42.1694245],[114.443106,42.1685385],[114.4438712,42.1675922],[114.4445075,42.1665949],[114.4450089,42.1655562],[114.4453705,42.1644861],[114.4455889,42.1633949],[114.4456619,42.162293],[114.4455889,42.1611911],[114.4453705,42.1600999],[114.4450089,42.1590298],[114.4445075,42.1579911],[114.4438712,42.1569938],[114.443106,42.1560475],[114.4422195,42.1551615],[114.44122,42.154344],[114.4401172,42.1536032],[114.4389218,42.152946],[114.4376453,42.1523789],[114.4362999,42.1519072],[114.4348986,42.1515355],[114.4334549,42.1512675],[114.4319827,42.1511056],[114.4304962,42.1510515],[114.4290097,42.1511056],[114.4275375,42.1512675],[114.4260938,42.1515355],[114.4246926,42.1519072],[114.4233472,42.1523789],[114.4220706,42.152946],[114.4208752,42.1536032],[114.4197724,42.154344],[114.418773,42.1551615],[114.4178864,42.1560475],[114.4171213,42.1569938],[114.4164849,42.1579911],[114.4159835,42.1590298],[114.4156219,42.1600999],[114.4154035,42.1611911],[114.4153305,42.162293],[114.4154035,42.1633949],[114.4156219,42.1644861],[114.4159835,42.1655562],[114.4164849,42.1665949],[114.4171213,42.1675922],[114.4178864,42.1685385],[114.418773,42.1694245],[114.4197724,42.170242],[114.4208752,42.1709828],[114.4220706,42.17164],[114.4233472,42.1722071],[114.4246926,42.1726788],[114.4260938,42.1730505],[114.4275375,42.1733185],[114.4290097,42.1734804],[114.4304962,42.1735345]]]},"properties":{"name":"乌和乌拉1508","peak_elev":1508,"radius_m":1250,"layer":"ATS峰值响应半径","rank_pct":0.2247,"center_lon":114.43049621582033,"center_lat":42.162293,"max_mean_jut":11.4197,"max_ats":7.2,"r_jmean_peak":null,"r_ats_peak":1250,"r_ats_marginal":312.5,"ats_marginal_rate_max":0.014164932016106245,"ats_marginal_interval_start":250.0,"ats_marginal_interval_end":375.0,"is_expanded":false}},{"type":"Feature","geometry":{"type":"Polygon","coordinates":[[[113.272617,42.0563045],[113.2741008,42.0562504],[113.2755702,42.0560885],[113.2770112,42.0558205],[113.2784099,42.0554488],[113.2797529,42.0549772],[113.281027,42.05441],[113.2822202,42.0537528],[113.283321,42.053012],[113.2843186,42.0521946],[113.2852035,42.0513085],[113.2859672,42.0503622],[113.2866024,42.049365],[113.2871029,42.0483263],[113.2874638,42.0472561],[113.2876818,42.0461649],[113.2877547,42.045063],[113.2876818,42.0439612],[113.2874638,42.0428699],[113.2871029,42.0417998],[113.2866024,42.0407611],[113.2859672,42.0397638],[113.2852035,42.0388176],[113.2843186,42.0379315],[113.283321,42.0371141],[113.2822202,42.0363732],[113.281027,42.035716],[113.2797529,42.0351489],[113.2784099,42.0346772],[113.2770112,42.0343056],[113.2755702,42.0340375],[113.2741008,42.0338756],[113.272617,42.0338215],[113.2711332,42.0338756],[113.2696638,42.0340375],[113.2682228,42.0343056],[113.2668241,42.0346772],[113.2654811,42.0351489],[113.264207,42.035716],[113.2630138,42.0363732],[113.261913,42.0371141],[113.2609154,42.0379315],[113.2600305,42.0388176],[113.2592668,42.0397638],[113.2586316,42.0407611],[113.2581311,42.0417998],[113.2577702,42.0428699],[113.2575522,42.0439612],[113.2574793,42.045063],[113.2575522,42.0461649],[113.2577702,42.0472561],[113.2581311,42.0483263],[113.2586316,42.049365],[113.2592668,42.0503622],[113.2600305,42.0513085],[113.2609154,42.0521946],[113.261913,42.053012],[113.2630138,42.0537528],[113.264207,42.05441],[113.2654811,42.0549772],[113.2668241,42.0554488],[113.2682228,42.0558205],[113.2696638,42.0560885],[113.2711332,42.0562504],[113.272617,42.0563045]]]},"properties":{"name":"可怜敖包1593","peak_elev":1593,"radius_m":1250,"layer":"ATS峰值响应半径","rank_pct":0.2247,"center_lon":113.272617,"center_lat":42.04506301879883,"max_mean_jut":17.6139,"max_ats":11.8098,"r_jmean_peak":1125,"r_ats_peak":1250,"r_ats_marginal":187.5,"ats_marginal_rate_max":0.024925557777207175,"ats_marginal_interval_start":125.0,"ats_marginal_interval_end":250.0,"is_expanded":false}},{"type":"Feature","geometry":{"type":"Polygon","coordinates":[[[113.984217,41.8884095],[113.9856968,41.8883554],[113.9871624,41.8881935],[113.9885997,41.8879255],[113.9899947,41.8875538],[113.9913341,41.8870821],[113.9926049,41.886515],[113.993795,41.8858578],[113.9948928,41.885117],[113.9958878,41.8842995],[113.9967704,41.8834135],[113.9975321,41.8824672],[113.9981656,41.8814699],[113.9986647,41.8804312],[113.9990247,41.8793611],[113.9992421,41.8782699],[113.9993148,41.877168],[113.9992421,41.8760661],[113.9990247,41.8749749],[113.9986647,41.8739048],[113.9981656,41.8728661],[113.9975321,41.8718688],[113.9967704,41.8709225],[113.9958878,41.8700365],[113.9948928,41.869219],[113.993795,41.8684782],[113.9926049,41.867821],[113.9913341,41.8672539],[113.9899947,41.8667822],[113.9885997,41.8664105],[113.9871624,41.8661425],[113.9856968,41.8659806],[113.984217,41.8659265],[113.9827372,41.8659806],[113.9812716,41.8661425],[113.9798343,41.8664105],[113.9784393,41.8667822],[113.9770999,41.8672539],[113.9758291,41.867821],[113.974639,41.8684782],[113.9735412,41.869219],[113.9725462,41.8700365],[113.9716636,41.8709225],[113.9709019,41.8718688],[113.9702684,41.8728661],[113.9697693,41.8739048],[113.9694093,41.8749749],[113.9691919,41.8760661],[113.9691192,41.877168],[113.9691919,41.8782699],[113.9694093,41.8793611],[113.9697693,41.8804312],[113.9702684,41.8814699],[113.9709019,41.8824672],[113.9716636,41.8834135],[113.9725462,41.8842995],[113.9735412,41.885117],[113.974639,41.8858578],[113.9758291,41.886515],[113.9770999,41.8870821],[113.9784393,41.8875538],[113.9798343,41.8879255],[113.9812716,41.8881935],[113.9827372,41.8883554],[113.984217,41.8884095]]]},"properties":{"name":"1627无名峰(2)","peak_elev":1627,"radius_m":1250,"layer":"ATS峰值响应半径","rank_pct":0.2247,"center_lon":113.984217,"center_lat":41.877168,"max_mean_jut":10.9028,"max_ats":6.7869,"r_jmean_peak":875,"r_ats_peak":1250,"r_ats_marginal":312.5,"ats_marginal_rate_max":0.008727665691150296,"ats_marginal_interval_start":250.0,"ats_marginal_interval_end":375.0,"is_expanded":false}},{"type":"Feature","geometry":{"type":"Polygon","coordinates":[[[113.564883,41.7587825],[113.5663599,41.7587284],[113.5678225,41.7585665],[113.5692568,41.7582985],[113.570649,41.7579268],[113.5719857,41.7574551],[113.573254,41.756888],[113.5744416,41.7562308],[113.5755372,41.75549],[113.5765302,41.7546725],[113.577411,41.7537865],[113.5781712,41.7528402],[113.5788034,41.7518429],[113.5793015,41.7508042],[113.5796608,41.7497341],[113.5798778,41.7486429],[113.5799503,41.747541],[113.5798778,41.7464391],[113.5796608,41.7453479],[113.5793015,41.7442778],[113.5788034,41.7432391],[113.5781712,41.7422418],[113.577411,41.7412955],[113.5765302,41.7404095],[113.5755372,41.739592],[113.5744416,41.7388512],[113.573254,41.738194],[113.5719857,41.7376269],[113.570649,41.7371552],[113.5692568,41.7367835],[113.5678225,41.7365155],[113.5663599,41.7363536],[113.564883,41.7362995],[113.5634061,41.7363536],[113.5619435,41.7365155],[113.5605092,41.7367835],[113.559117,41.7371552],[113.5577803,41.7376269],[113.556512,41.738194],[113.5553244,41.7388512],[113.5542288,41.739592],[113.5532358,41.7404095],[113.552355,41.7412955],[113.5515948,41.7422418],[113.5509626,41.7432391],[113.5504645,41.7442778],[113.5501052,41.7453479],[113.5498882,41.7464391],[113.5498157,41.747541],[113.5498882,41.7486429],[113.5501052,41.7497341],[113.5504645,41.7508042],[113.5509626,41.7518429],[113.5515948,41.7528402],[113.552355,41.7537865],[113.5532358,41.7546725],[113.5542288,41.75549],[113.5553244,41.7562308],[113.556512,41.756888],[113.5577803,41.7574551],[113.559117,41.7579268],[113.5605092,41.7582985],[113.5619435,41.7585665],[113.5634061,41.7587284],[113.564883,41.7587825]]]},"properties":{"name":"1657无名峰(1)","peak_elev":1657,"radius_m":1250,"layer":"ATS峰值响应半径","rank_pct":0.2247,"center_lon":113.564883,"center_lat":41.747541,"max_mean_jut":7.7433,"max_ats":5.0673,"r_jmean_peak":null,"r_ats_peak":1250,"r_ats_marginal":187.5,"ats_marginal_rate_max":0.010049893235700113,"ats_marginal_interval_start":125.0,"ats_marginal_interval_end":250.0,"is_expanded":false}},{"type":"Feature","geometry":{"type":"Polygon","coordinates":[[[113.798535,42.0083347],[113.8000176,42.0082806],[113.801486,42.0081187],[113.8029259,42.0078507],[113.8043236,42.007479],[113.8056655,42.0070073],[113.8069387,42.0064402],[113.808131,42.005783],[113.8092309,42.0050422],[113.8102278,42.0042247],[113.811112,42.0033387],[113.8118752,42.0023924],[113.8125098,42.0013951],[113.8130099,42.0003564],[113.8133706,41.9992863],[113.8135884,41.9981951],[113.8136613,41.9970932],[113.8135884,41.9959913],[113.8133706,41.9949001],[113.8130099,41.99383],[113.8125098,41.9927913],[113.8118752,41.991794],[113.811112,41.9908477],[113.8102278,41.9899617],[113.8092309,41.9891442],[113.808131,41.9884034],[113.8069387,41.9877462],[113.8056655,41.9871791],[113.8043236,41.9867074],[113.8029259,41.9863357],[113.801486,41.9860677],[113.8000176,41.9859058],[113.798535,41.9858517],[113.7970524,41.9859058],[113.795584,41.9860677],[113.7941441,41.9863357],[113.7927464,41.9867074],[113.7914045,41.9871791],[113.7901313,41.9877462],[113.788939,41.9884034],[113.7878391,41.9891442],[113.7868422,41.9899617],[113.785958,41.9908477],[113.7851948,41.991794],[113.7845602,41.9927913],[113.7840601,41.99383],[113.7836994,41.9949001],[113.7834816,41.9959913],[113.7834087,41.9970932],[113.7834816,41.9981951],[113.7836994,41.9992863],[113.7840601,42.0003564],[113.7845602,42.0013951],[113.7851948,42.0023924],[113.785958,42.0033387],[113.7868422,42.0042247],[113.7878391,42.0050422],[113.788939,42.005783],[113.7901313,42.0064402],[113.7914045,42.0070073],[113.7927464,42.007479],[113.7941441,42.0078507],[113.795584,42.0081187],[113.7970524,42.0082806],[113.798535,42.0083347]]]},"properties":{"name":"1677无名峰(4)","peak_elev":1677,"radius_m":1250,"layer":"ATS峰值响应半径","rank_pct":0.2247,"center_lon":113.798535,"center_lat":41.9970932006836,"max_mean_jut":8.5527,"max_ats":4.8046,"r_jmean_peak":null,"r_ats_peak":1250,"r_ats_marginal":187.5,"ats_marginal_rate_max":0.010578616979799428,"ats_marginal_interval_start":125.0,"ats_marginal_interval_end":250.0,"is_expanded":false}},{"type":"Feature","geometry":{"type":"Polygon","coordinates":[[[113.543863,41.7254105],[113.5453391,41.7253564],[113.546801,41.7251945],[113.5482345,41.7249265],[113.549626,41.7245548],[113.550962,41.7240831],[113.5522296,41.723516],[113.5534166,41.7228588],[113.5545117,41.722118],[113.5555042,41.7213005],[113.5563845,41.7204145],[113.5571443,41.7194682],[113.5577762,41.7184709],[113.558274,41.7174322],[113.5586331,41.7163621],[113.55885,41.7152709],[113.5589225,41.714169],[113.55885,41.7130671],[113.5586331,41.7119759],[113.558274,41.7109058],[113.5577762,41.7098671],[113.5571443,41.7088698],[113.5563845,41.7079235],[113.5555042,41.7070375],[113.5545117,41.70622],[113.5534166,41.7054792],[113.5522296,41.704822],[113.550962,41.7042549],[113.549626,41.7037832],[113.5482345,41.7034115],[113.546801,41.7031435],[113.5453391,41.7029816],[113.543863,41.7029275],[113.5423869,41.7029816],[113.540925,41.7031435],[113.5394915,41.7034115],[113.5381,41.7037832],[113.536764,41.7042549],[113.5354964,41.704822],[113.5343094,41.7054792],[113.5332143,41.70622],[113.5322218,41.7070375],[113.5313415,41.7079235],[113.5305817,41.7088698],[113.5299498,41.7098671],[113.529452,41.7109058],[113.5290929,41.7119759],[113.528876,41.7130671],[113.5288035,41.714169],[113.528876,41.7152709],[113.5290929,41.7163621],[113.529452,41.7174322],[113.5299498,41.7184709],[113.5305817,41.7194682],[113.5313415,41.7204145],[113.5322218,41.7213005],[113.5332143,41.722118],[113.5343094,41.7228588],[113.5354964,41.723516],[113.536764,41.7240831],[113.5381,41.7245548],[113.5394915,41.7249265],[113.540925,41.7251945],[113.5423869,41.7253564],[113.543863,41.7254105]]]},"properties":{"name":"大山湾山1702","peak_elev":1702,"radius_m":1250,"layer":"ATS峰值响应半径","rank_pct":0.2247,"center_lon":113.543863,"center_lat":41.714169,"max_mean_jut":17.6038,"max_ats":11.9237,"r_jmean_peak":1125,"r_ats_peak":1250,"r_ats_marginal":312.5,"ats_marginal_rate_max":0.023452025685056607,"ats_marginal_interval_start":250.0,"ats_marginal_interval_end":375.0,"is_expanded":false}},{"type":"Feature","geometry":{"type":"Polygon","coordinates":[[[113.367883,41.6032845],[113.3693563,41.6032304],[113.3708154,41.6030685],[113.3722463,41.6028005],[113.3736351,41.6024288],[113.3749686,41.6019571],[113.3762338,41.60139],[113.3774185,41.6007328],[113.3785115,41.599992],[113.3795021,41.5991745],[113.3803808,41.5982885],[113.3811391,41.5973422],[113.3817698,41.5963449],[113.3822667,41.5953062],[113.3826252,41.5942361],[113.3828416,41.5931449],[113.382914,41.592043],[113.3828416,41.5909411],[113.3826252,41.5898499],[113.3822667,41.5887798],[113.3817698,41.5877411],[113.3811391,41.5867438],[113.3803808,41.5857975],[113.3795021,41.5849115],[113.3785115,41.584094],[113.3774185,41.5833532],[113.3762338,41.582696],[113.3749686,41.5821289],[113.3736351,41.5816572],[113.3722463,41.5812855],[113.3708154,41.5810175],[113.3693563,41.5808556],[113.367883,41.5808015],[113.3664097,41.5808556],[113.3649506,41.5810175],[113.3635197,41.5812855],[113.3621309,41.5816572],[113.3607974,41.5821289],[113.3595322,41.582696],[113.3583475,41.5833532],[113.3572545,41.584094],[113.3562639,41.5849115],[113.3553852,41.5857975],[113.3546269,41.5867438],[113.3539962,41.5877411],[113.3534993,41.5887798],[113.3531408,41.5898499],[113.3529244,41.5909411],[113.352852,41.592043],[113.3529244,41.5931449],[113.3531408,41.5942361],[113.3534993,41.5953062],[113.3539962,41.5963449],[113.3546269,41.5973422],[113.3553852,41.5982885],[113.3562639,41.5991745],[113.3572545,41.599992],[113.3583475,41.6007328],[113.3595322,41.60139],[113.3607974,41.6019571],[113.3621309,41.6024288],[113.3635197,41.6028005],[113.3649506,41.6030685],[113.3664097,41.6032304],[113.367883,41.6032845]]]},"properties":{"name":"1704无名峰","peak_elev":1704,"radius_m":1250,"layer":"ATS峰值响应半径","rank_pct":0.2247,"center_lon":113.367883,"center_lat":41.592043,"max_mean_jut":22.3253,"max_ats":13.18,"r_jmean_peak":1000,"r_ats_peak":1250,"r_ats_marginal":187.5,"ats_marginal_rate_max":0.028939134916721274,"ats_marginal_interval_start":125.0,"ats_marginal_interval_end":250.0,"is_expanded":false}},{"type":"Feature","geometry":{"type":"Polygon","coordinates":[[[113.319778,41.6596085],[113.3212526,41.6595544],[113.322713,41.6593925],[113.3241451,41.6591245],[113.3255351,41.6587528],[113.3268697,41.6582811],[113.3281361,41.657714],[113.3293219,41.6570568],[113.3304158,41.656316],[113.3314073,41.6554985],[113.3322867,41.6546125],[113.3330457,41.6536662],[113.3336769,41.6526689],[113.3341743,41.6516302],[113.334533,41.6505601],[113.3347497,41.6494689],[113.3348221,41.648367],[113.3347497,41.6472651],[113.334533,41.6461739],[113.3341743,41.6451038],[113.3336769,41.6440651],[113.3330457,41.6430678],[113.3322867,41.6421215],[113.3314073,41.6412355],[113.3304158,41.640418],[113.3293219,41.6396772],[113.3281361,41.63902],[113.3268697,41.6384529],[113.3255351,41.6379812],[113.3241451,41.6376095],[113.322713,41.6373415],[113.3212526,41.6371796],[113.319778,41.6371255],[113.3183034,41.6371796],[113.316843,41.6373415],[113.3154109,41.6376095],[113.3140209,41.6379812],[113.3126863,41.6384529],[113.3114199,41.63902],[113.3102341,41.6396772],[113.3091402,41.640418],[113.3081487,41.6412355],[113.3072693,41.6421215],[113.3065103,41.6430678],[113.3058791,41.6440651],[113.3053817,41.6451038],[113.305023,41.6461739],[113.3048063,41.6472651],[113.3047339,41.648367],[113.3048063,41.6494689],[113.305023,41.6505601],[113.3053817,41.6516302],[113.3058791,41.6526689],[113.3065103,41.6536662],[113.3072693,41.6546125],[113.3081487,41.6554985],[113.3091402,41.656316],[113.3102341,41.6570568],[113.3114199,41.657714],[113.3126863,41.6582811],[113.3140209,41.6587528],[113.3154109,41.6591245],[113.316843,41.6593925],[113.3183034,41.6595544],[113.319778,41.6596085]]]},"properties":{"name":"1725无名峰","peak_elev":1725,"radius_m":1250,"layer":"ATS峰值响应半径","rank_pct":0.2247,"center_lon":113.319778,"center_lat":41.648367,"max_mean_jut":10.6462,"max_ats":6.3754,"r_jmean_peak":1125,"r_ats_peak":1250,"r_ats_marginal":312.5,"ats_marginal_rate_max":0.009944794678052109,"ats_marginal_interval_start":250.0,"ats_marginal_interval_end":375.0,"is_expanded":false}},{"type":"Feature","geometry":{"type":"Polygon","coordinates":[[[113.2945786,41.8245395],[113.2960569,41.8244854],[113.2975211,41.8243235],[113.2989569,41.8240555],[113.3003505,41.8236838],[113.3016885,41.8232121],[113.3029581,41.822645],[113.304147,41.8219878],[113.3052437,41.821247],[113.3062377,41.8204295],[113.3071194,41.8195435],[113.3078804,41.8185972],[113.3085132,41.8175999],[113.3090119,41.8165612],[113.3093715,41.8154911],[113.3095887,41.8143999],[113.3096613,41.813298],[113.3095887,41.8121961],[113.3093715,41.8111049],[113.3090119,41.8100348],[113.3085132,41.8089961],[113.3078804,41.8079988],[113.3071194,41.8070525],[113.3062377,41.8061665],[113.3052437,41.805349],[113.304147,41.8046082],[113.3029581,41.803951],[113.3016885,41.8033839],[113.3003505,41.8029122],[113.2989569,41.8025405],[113.2975211,41.8022725],[113.2960569,41.8021106],[113.2945786,41.8020565],[113.2931002,41.8021106],[113.291636,41.8022725],[113.2902003,41.8025405],[113.2888066,41.8029122],[113.2874686,41.8033839],[113.286199,41.803951],[113.2850101,41.8046082],[113.2839134,41.805349],[113.2829194,41.8061665],[113.2820377,41.8070525],[113.2812767,41.8079988],[113.2806439,41.8089961],[113.2801452,41.8100348],[113.2797856,41.8111049],[113.2795684,41.8121961],[113.2794958,41.813298],[113.2795684,41.8143999],[113.2797856,41.8154911],[113.2801452,41.8165612],[113.2806439,41.8175999],[113.2812767,41.8185972],[113.2820377,41.8195435],[113.2829194,41.8204295],[113.2839134,41.821247],[113.2850101,41.8219878],[113.286199,41.822645],[113.2874686,41.8232121],[113.2888066,41.8236838],[113.2902003,41.8240555],[113.291636,41.8243235],[113.2931002,41.8244854],[113.2945786,41.8245395]]]},"properties":{"name":"1745无名峰(1)","peak_elev":1745,"radius_m":1250,"layer":"ATS峰值响应半径","rank_pct":0.2247,"center_lon":113.2945785522461,"center_lat":41.813298,"max_mean_jut":14.0222,"max_ats":8.8807,"r_jmean_peak":1125,"r_ats_peak":1250,"r_ats_marginal":187.5,"ats_marginal_rate_max":0.021158681113694636,"ats_marginal_interval_start":125.0,"ats_marginal_interval_end":250.0,"is_expanded":false}},{"type":"Feature","geometry":{"type":"Polygon","coordinates":[[[113.941637,42.1120895],[113.9431221,42.1120354],[113.9445928,42.1118735],[113.9460351,42.1116055],[113.947435,42.1112338],[113.9487791,42.1107621],[113.9500544,42.110195],[113.9512487,42.1095378],[113.9523504,42.108797],[113.9533489,42.1079795],[113.9542346,42.1070935],[113.954999,42.1061472],[113.9556347,42.1051499],[113.9561356,42.1041112],[113.9564969,42.1030411],[113.956715,42.1019499],[113.956788,42.100848],[113.956715,42.0997461],[113.9564969,42.0986549],[113.9561356,42.0975848],[113.9556347,42.0965461],[113.954999,42.0955488],[113.9542346,42.0946025],[113.9533489,42.0937165],[113.9523504,42.092899],[113.9512487,42.0921582],[113.9500544,42.091501],[113.9487791,42.0909339],[113.947435,42.0904622],[113.9460351,42.0900905],[113.9445928,42.0898225],[113.9431221,42.0896606],[113.941637,42.0896065],[113.9401519,42.0896606],[113.9386812,42.0898225],[113.9372389,42.0900905],[113.935839,42.0904622],[113.9344949,42.0909339],[113.9332196,42.091501],[113.9320253,42.0921582],[113.9309236,42.092899],[113.9299251,42.0937165],[113.9290394,42.0946025],[113.928275,42.0955488],[113.9276393,42.0965461],[113.9271384,42.0975848],[113.9267771,42.0986549],[113.926559,42.0997461],[113.926486,42.100848],[113.926559,42.1019499],[113.9267771,42.1030411],[113.9271384,42.1041112],[113.9276393,42.1051499],[113.928275,42.1061472],[113.9290394,42.1070935],[113.9299251,42.1079795],[113.9309236,42.108797],[113.9320253,42.1095378],[113.9332196,42.110195],[113.9344949,42.1107621],[113.935839,42.1112338],[113.9372389,42.1116055],[113.9386812,42.1118735],[113.9401519,42.1120354],[113.941637,42.1120895]]]},"properties":{"name":"阿斯哈达1598","peak_elev":1582,"radius_m":1250,"layer":"ATS峰值响应半径","rank_pct":0.2247,"center_lon":113.941637,"center_lat":42.100848,"max_mean_jut":8.3735,"max_ats":4.6128,"r_jmean_peak":1125,"r_ats_peak":1250,"r_ats_marginal":437.5,"ats_marginal_rate_max":0.005180457479781453,"ats_marginal_interval_start":375.0,"ats_marginal_interval_end":500.0,"is_expanded":false}},{"type":"Feature","geometry":{"type":"Polygon","coordinates":[[[114.359892,42.1927574],[114.3612303,42.1927087],[114.3625557,42.192563],[114.3638554,42.1923218],[114.365117,42.1919873],[114.3663282,42.1915628],[114.3674775,42.1910524],[114.3685537,42.1904609],[114.3695465,42.1897941],[114.3704463,42.1890585],[114.3712445,42.188261],[114.3719333,42.1874094],[114.3725062,42.1865118],[114.3729576,42.185577],[114.3732832,42.1846139],[114.3734798,42.1836318],[114.3735455,42.1826401],[114.3734798,42.1816484],[114.3732832,42.1806663],[114.3729576,42.1797032],[114.3725062,42.1787683],[114.3719333,42.1778708],[114.3712445,42.1770192],[114.3704463,42.1762217],[114.3695465,42.175486],[114.3685537,42.1748192],[114.3674775,42.1742278],[114.3663282,42.1737174],[114.365117,42.1732928],[114.3638554,42.1729584],[114.3625557,42.1727171],[114.3612303,42.1725714],[114.359892,42.1725227],[114.3585537,42.1725714],[114.3572283,42.1727171],[114.3559286,42.1729584],[114.354667,42.1732928],[114.3534558,42.1737174],[114.3523065,42.1742278],[114.3512303,42.1748192],[114.3502375,42.175486],[114.3493377,42.1762217],[114.3485395,42.1770192],[114.3478507,42.1778708],[114.3472778,42.1787683],[114.3468264,42.1797032],[114.3465008,42.1806663],[114.3463042,42.1816484],[114.3462385,42.1826401],[114.3463042,42.1836318],[114.3465008,42.1846139],[114.3468264,42.185577],[114.3472778,42.1865118],[114.3478507,42.1874094],[114.3485395,42.188261],[114.3493377,42.1890585],[114.3502375,42.1897941],[114.3512303,42.1904609],[114.3523065,42.1910524],[114.3534558,42.1915628],[114.354667,42.1919873],[114.3559286,42.1923218],[114.3572283,42.192563],[114.3585537,42.1927087],[114.359892,42.1927574]]]},"properties":{"name":"1576无名峰(3)","peak_elev":1576,"radius_m":1125,"layer":"ATS峰值响应半径","rank_pct":0.2659,"center_lon":114.359892,"center_lat":42.1826400756836,"max_mean_jut":12.9926,"max_ats":8.0542,"r_jmean_peak":1125,"r_ats_peak":1125,"r_ats_marginal":187.5,"ats_marginal_rate_max":0.018044886106819327,"ats_marginal_interval_start":125.0,"ats_marginal_interval_end":250.0,"is_expanded":false}},{"type":"Feature","geometry":{"type":"Polygon","coordinates":[[[114.231074,42.1842684],[114.2324121,42.1842197],[114.2337373,42.184074],[114.2350369,42.1838327],[114.2362983,42.1834982],[114.2375094,42.1830737],[114.2386585,42.1825633],[114.2397345,42.1819718],[114.2407272,42.1813051],[114.2416269,42.1805694],[114.242425,42.1797719],[114.2431137,42.1789203],[114.2436865,42.1780227],[114.2441378,42.1770879],[114.2444634,42.1761248],[114.2446599,42.1751427],[114.2447257,42.174151],[114.2446599,42.1731593],[114.2444634,42.1721772],[114.2441378,42.1712141],[114.2436865,42.1702793],[114.2431137,42.1693817],[114.242425,42.1685301],[114.2416269,42.1677326],[114.2407272,42.1669969],[114.2397345,42.1663302],[114.2386585,42.1657387],[114.2375094,42.1652283],[114.2362983,42.1648038],[114.2350369,42.1644693],[114.2337373,42.164228],[114.2324121,42.1640823],[114.231074,42.1640336],[114.2297359,42.1640823],[114.2284107,42.164228],[114.2271111,42.1644693],[114.2258497,42.1648038],[114.2246386,42.1652283],[114.2234895,42.1657387],[114.2224135,42.1663302],[114.2214208,42.1669969],[114.2205211,42.1677326],[114.219723,42.1685301],[114.2190343,42.1693817],[114.2184615,42.1702793],[114.2180102,42.1712141],[114.2176846,42.1721772],[114.2174881,42.1731593],[114.2174223,42.174151],[114.2174881,42.1751427],[114.2176846,42.1761248],[114.2180102,42.1770879],[114.2184615,42.1780227],[114.2190343,42.1789203],[114.219723,42.1797719],[114.2205211,42.1805694],[114.2214208,42.1813051],[114.2224135,42.1819718],[114.2234895,42.1825633],[114.2246386,42.1830737],[114.2258497,42.1834982],[114.2271111,42.1838327],[114.2284107,42.184074],[114.2297359,42.1842197],[114.231074,42.1842684]]]},"properties":{"name":"都兰1588","peak_elev":1588,"radius_m":1125,"layer":"ATS峰值响应半径","rank_pct":0.2659,"center_lon":114.231074,"center_lat":42.174151,"max_mean_jut":15.1901,"max_ats":9.0003,"r_jmean_peak":1000,"r_ats_peak":1125,"r_ats_marginal":437.5,"ats_marginal_rate_max":0.01449646359968229,"ats_marginal_interval_start":375.0,"ats_marginal_interval_end":500.0,"is_expanded":false}},{"type":"Feature","geometry":{"type":"Polygon","coordinates":[[[113.415314,41.6164434],[113.4166403,41.6163947],[113.4179537,41.616249],[113.4192418,41.6160077],[113.420492,41.6156732],[113.4216924,41.6152487],[113.4228313,41.6147383],[113.4238979,41.6141468],[113.4248818,41.6134801],[113.4257735,41.6127444],[113.4265645,41.6119469],[113.4272472,41.6110953],[113.4278149,41.6101977],[113.4282622,41.6092629],[113.4285849,41.6082998],[113.4287797,41.6073177],[113.4288449,41.606326],[113.4287797,41.6053343],[113.4285849,41.6043522],[113.4282622,41.6033891],[113.4278149,41.6024543],[113.4272472,41.6015567],[113.4265645,41.6007051],[113.4257735,41.5999076],[113.4248818,41.5991719],[113.4238979,41.5985052],[113.4228313,41.5979137],[113.4216924,41.5974033],[113.420492,41.5969788],[113.4192418,41.5966443],[113.4179537,41.596403],[113.4166403,41.5962573],[113.415314,41.5962086],[113.4139877,41.5962573],[113.4126743,41.596403],[113.4113862,41.5966443],[113.410136,41.5969788],[113.4089356,41.5974033],[113.4077967,41.5979137],[113.4067301,41.5985052],[113.4057462,41.5991719],[113.4048545,41.5999076],[113.4040635,41.6007051],[113.4033808,41.6015567],[113.4028131,41.6024543],[113.4023658,41.6033891],[113.4020431,41.6043522],[113.4018483,41.6053343],[113.4017831,41.606326],[113.4018483,41.6073177],[113.4020431,41.6082998],[113.4023658,41.6092629],[113.4028131,41.6101977],[113.4033808,41.6110953],[113.4040635,41.6119469],[113.4048545,41.6127444],[113.4057462,41.6134801],[113.4067301,41.6141468],[113.4077967,41.6147383],[113.4089356,41.6152487],[113.410136,41.6156732],[113.4113862,41.6160077],[113.4126743,41.616249],[113.4139877,41.6163947],[113.415314,41.6164434]]]},"properties":{"name":"1653无名峰(1)","peak_elev":1653,"radius_m":1125,"layer":"ATS峰值响应半径","rank_pct":0.2659,"center_lon":113.415314,"center_lat":41.606326,"max_mean_jut":12.34,"max_ats":7.4376,"r_jmean_peak":1000,"r_ats_peak":1125,"r_ats_marginal":187.5,"ats_marginal_rate_max":0.011604385404744814,"ats_marginal_interval_start":125.0,"ats_marginal_interval_end":250.0,"is_expanded":false}},{"type":"Feature","geometry":{"type":"Polygon","coordinates":[[[113.362358,41.6765404],[113.3636855,41.6764917],[113.3650002,41.676346],[113.3662895,41.6761047],[113.3675409,41.6757702],[113.3687424,41.6753457],[113.3698824,41.6748353],[113.3709499,41.6742438],[113.3719347,41.6735771],[113.3728273,41.6728414],[113.373619,41.6720439],[113.3743023,41.6711923],[113.3748706,41.6702947],[113.3753183,41.6693599],[113.3756413,41.6683968],[113.3758363,41.6674147],[113.3759015,41.666423],[113.3758363,41.6654313],[113.3756413,41.6644492],[113.3753183,41.6634861],[113.3748706,41.6625513],[113.3743023,41.6616537],[113.373619,41.6608021],[113.3728273,41.6600046],[113.3719347,41.6592689],[113.3709499,41.6586022],[113.3698824,41.6580107],[113.3687424,41.6575003],[113.3675409,41.6570758],[113.3662895,41.6567413],[113.3650002,41.6565],[113.3636855,41.6563543],[113.362358,41.6563056],[113.3610305,41.6563543],[113.3597158,41.6565],[113.3584265,41.6567413],[113.3571751,41.6570758],[113.3559736,41.6575003],[113.3548336,41.6580107],[113.3537661,41.6586022],[113.3527813,41.6592689],[113.3518887,41.6600046],[113.351097,41.6608021],[113.3504137,41.6616537],[113.3498454,41.6625513],[113.3493977,41.6634861],[113.3490747,41.6644492],[113.3488797,41.6654313],[113.3488145,41.666423],[113.3488797,41.6674147],[113.3490747,41.6683968],[113.3493977,41.6693599],[113.3498454,41.6702947],[113.3504137,41.6711923],[113.351097,41.6720439],[113.3518887,41.6728414],[113.3527813,41.6735771],[113.3537661,41.6742438],[113.3548336,41.6748353],[113.3559736,41.6753457],[113.3571751,41.6757702],[113.3584265,41.6761047],[113.3597158,41.676346],[113.3610305,41.6764917],[113.362358,41.6765404]]]},"properties":{"name":"1663无名峰(2)","peak_elev":1663,"radius_m":1125,"layer":"ATS峰值响应半径","rank_pct":0.2659,"center_lon":113.362358,"center_lat":41.666423,"max_mean_jut":11.6829,"max_ats":6.9935,"r_jmean_peak":875,"r_ats_peak":1125,"r_ats_marginal":187.5,"ats_marginal_rate_max":0.010829051577215953,"ats_marginal_interval_start":125.0,"ats_marginal_interval_end":250.0,"is_expanded":false}},{"type":"Feature","geometry":{"type":"Polygon","coordinates":[[[113.413697,41.6380024],[113.4150237,41.6379537],[113.4163376,41.637808],[113.4176261,41.6375667],[113.4188768,41.6372322],[113.4200775,41.6368077],[113.4212169,41.6362973],[113.4222838,41.6357058],[113.423268,41.6350391],[113.42416,41.6343034],[113.4249513,41.6335059],[113.4256342,41.6326543],[113.4262021,41.6317567],[113.4266496,41.6308219],[113.4269723,41.6298588],[113.4271672,41.6288767],[113.4272324,41.627885],[113.4271672,41.6268933],[113.4269723,41.6259112],[113.4266496,41.6249481],[113.4262021,41.6240133],[113.4256342,41.6231157],[113.4249513,41.6222641],[113.42416,41.6214666],[113.423268,41.6207309],[113.4222838,41.6200642],[113.4212169,41.6194727],[113.4200775,41.6189623],[113.4188768,41.6185378],[113.4176261,41.6182033],[113.4163376,41.617962],[113.4150237,41.6178163],[113.413697,41.6177676],[113.4123703,41.6178163],[113.4110564,41.617962],[113.4097679,41.6182033],[113.4085172,41.6185378],[113.4073165,41.6189623],[113.4061771,41.6194727],[113.4051102,41.6200642],[113.404126,41.6207309],[113.403234,41.6214666],[113.4024427,41.6222641],[113.4017598,41.6231157],[113.4011919,41.6240133],[113.4007444,41.6249481],[113.4004217,41.6259112],[113.4002268,41.6268933],[113.4001616,41.627885],[113.4002268,41.6288767],[113.4004217,41.6298588],[113.4007444,41.6308219],[113.4011919,41.6317567],[113.4017598,41.6326543],[113.4024427,41.6335059],[113.403234,41.6343034],[113.404126,41.6350391],[113.4051102,41.6357058],[113.4061771,41.6362973],[113.4073165,41.6368077],[113.4085172,41.6372322],[113.4097679,41.6375667],[113.4110564,41.637808],[113.4123703,41.6379537],[113.413697,41.6380024]]]},"properties":{"name":"1706无名峰","peak_elev":1706,"radius_m":1125,"layer":"ATS峰值响应半径","rank_pct":0.2659,"center_lon":113.413697,"center_lat":41.627885,"max_mean_jut":15.1944,"max_ats":9.2465,"r_jmean_peak":1000,"r_ats_peak":1125,"r_ats_marginal":437.5,"ats_marginal_rate_max":0.013964211386557849,"ats_marginal_interval_start":375.0,"ats_marginal_interval_end":500.0,"is_expanded":false}},{"type":"Feature","geometry":{"type":"Polygon","coordinates":[[[113.345515,41.6770794],[113.3468425,41.6770307],[113.3481572,41.676885],[113.3494465,41.6766437],[113.3506979,41.6763092],[113.3518994,41.6758847],[113.3530394,41.6753743],[113.354107,41.6747828],[113.3550918,41.6741161],[113.3559844,41.6733804],[113.3567761,41.6725829],[113.3574594,41.6717313],[113.3580277,41.6708337],[113.3584754,41.6698989],[113.3587984,41.6689358],[113.3589934,41.6679537],[113.3590586,41.666962],[113.3589934,41.6659703],[113.3587984,41.6649882],[113.3584754,41.6640251],[113.3580277,41.6630903],[113.3574594,41.6621927],[113.3567761,41.6613411],[113.3559844,41.6605436],[113.3550918,41.6598079],[113.354107,41.6591412],[113.3530394,41.6585497],[113.3518994,41.6580393],[113.3506979,41.6576148],[113.3494465,41.6572803],[113.3481572,41.657039],[113.3468425,41.6568933],[113.345515,41.6568446],[113.3441875,41.6568933],[113.3428728,41.657039],[113.3415835,41.6572803],[113.3403321,41.6576148],[113.3391306,41.6580393],[113.3379906,41.6585497],[113.336923,41.6591412],[113.3359382,41.6598079],[113.3350456,41.6605436],[113.3342539,41.6613411],[113.3335706,41.6621927],[113.3330023,41.6630903],[113.3325546,41.6640251],[113.3322316,41.6649882],[113.3320366,41.6659703],[113.3319714,41.666962],[113.3320366,41.6679537],[113.3322316,41.6689358],[113.3325546,41.6698989],[113.3330023,41.6708337],[113.3335706,41.6717313],[113.3342539,41.6725829],[113.3350456,41.6733804],[113.3359382,41.6741161],[113.336923,41.6747828],[113.3379906,41.6753743],[113.3391306,41.6758847],[113.3403321,41.6763092],[113.3415835,41.6766437],[113.3428728,41.676885],[113.3441875,41.6770307],[113.345515,41.6770794]]]},"properties":{"name":"1707无名峰","peak_elev":1707,"radius_m":1125,"layer":"ATS峰值响应半径","rank_pct":0.2659,"center_lon":113.345515,"center_lat":41.666962,"max_mean_jut":14.295,"max_ats":9.0152,"r_jmean_peak":1000,"r_ats_peak":1125,"r_ats_marginal":312.5,"ats_marginal_rate_max":0.014766731060302246,"ats_marginal_interval_start":250.0,"ats_marginal_interval_end":375.0,"is_expanded":false}},{"type":"Feature","geometry":{"type":"Polygon","coordinates":[[[113.3110199,41.9573534],[113.3123532,41.9573047],[113.3136737,41.957159],[113.3149686,41.9569177],[113.3162255,41.9565832],[113.3174323,41.9561587],[113.3185773,41.9556483],[113.3196495,41.9550568],[113.3206387,41.9543901],[113.3215351,41.9536544],[113.3223304,41.9528569],[113.3230167,41.9520053],[113.3235874,41.9511077],[113.3240371,41.9501729],[113.3243615,41.9492098],[113.3245574,41.9482277],[113.3246229,41.947236],[113.3245574,41.9462443],[113.3243615,41.9452622],[113.3240371,41.9442991],[113.3235874,41.9433643],[113.3230167,41.9424667],[113.3223304,41.9416151],[113.3215351,41.9408176],[113.3206387,41.9400819],[113.3196495,41.9394152],[113.3185773,41.9388237],[113.3174323,41.9383133],[113.3162255,41.9378888],[113.3149686,41.9375543],[113.3136737,41.937313],[113.3123532,41.9371673],[113.3110199,41.9371186],[113.3096866,41.9371673],[113.3083661,41.937313],[113.3070712,41.9375543],[113.3058143,41.9378888],[113.3046075,41.9383133],[113.3034625,41.9388237],[113.3023903,41.9394152],[113.3014011,41.9400819],[113.3005046,41.9408176],[113.2997094,41.9416151],[113.2990231,41.9424667],[113.2984524,41.9433643],[113.2980026,41.9442991],[113.2976783,41.9452622],[113.2974824,41.9462443],[113.2974169,41.947236],[113.2974824,41.9482277],[113.2976783,41.9492098],[113.2980026,41.9501729],[113.2984524,41.9511077],[113.2990231,41.9520053],[113.2997094,41.9528569],[113.3005046,41.9536544],[113.3014011,41.9543901],[113.3023903,41.9550568],[113.3034625,41.9556483],[113.3046075,41.9561587],[113.3058143,41.9565832],[113.3070712,41.9569177],[113.3083661,41.957159],[113.3096866,41.9573047],[113.3110199,41.9573534]]]},"properties":{"name":"1728无名峰(2)","peak_elev":1728,"radius_m":1125,"layer":"ATS峰值响应半径","rank_pct":0.2659,"center_lon":113.31101989746094,"center_lat":41.947236,"max_mean_jut":11.2436,"max_ats":6.2452,"r_jmean_peak":500,"r_ats_peak":1125,"r_ats_marginal":187.5,"ats_marginal_rate_max":0.01671447985134921,"ats_marginal_interval_start":125.0,"ats_marginal_interval_end":250.0,"is_expanded":false}},{"type":"Feature","geometry":{"type":"Polygon","coordinates":[[[113.2767944,41.8207204],[113.2781249,41.8206717],[113.2794426,41.820526],[113.2807347,41.8202847],[113.281989,41.8199502],[113.2831931,41.8195257],[113.2843357,41.8190153],[113.2854056,41.8184238],[113.2863927,41.8177571],[113.2872872,41.8170214],[113.2880807,41.8162239],[113.2887656,41.8153723],[113.2893351,41.8144747],[113.2897839,41.8135399],[113.2901075,41.8125768],[113.290303,41.8115947],[113.2903684,41.810603],[113.290303,41.8096113],[113.2901075,41.8086292],[113.2897839,41.8076661],[113.2893351,41.8067313],[113.2887656,41.8058337],[113.2880807,41.8049821],[113.2872872,41.8041846],[113.2863927,41.8034489],[113.2854056,41.8027822],[113.2843357,41.8021907],[113.2831931,41.8016803],[113.281989,41.8012558],[113.2807347,41.8009213],[113.2794426,41.80068],[113.2781249,41.8005343],[113.2767944,41.8004856],[113.275464,41.8005343],[113.2741463,41.80068],[113.2728541,41.8009213],[113.2715999,41.8012558],[113.2703957,41.8016803],[113.2692532,41.8021907],[113.2681832,41.8027822],[113.2671962,41.8034489],[113.2663016,41.8041846],[113.2655081,41.8049821],[113.2648233,41.8058337],[113.2642538,41.8067313],[113.263805,41.8076661],[113.2634813,41.8086292],[113.2632859,41.8096113],[113.2632205,41.810603],[113.2632859,41.8115947],[113.2634813,41.8125768],[113.263805,41.8135399],[113.2642538,41.8144747],[113.2648233,41.8153723],[113.2655081,41.8162239],[113.2663016,41.8170214],[113.2671962,41.8177571],[113.2681832,41.8184238],[113.2692532,41.8190153],[113.2703957,41.8195257],[113.2715999,41.8199502],[113.2728541,41.8202847],[113.2741463,41.820526],[113.275464,41.8206717],[113.2767944,41.8207204]]]},"properties":{"name":"1771无名峰","peak_elev":1771,"radius_m":1125,"layer":"ATS峰值响应半径","rank_pct":0.2659,"center_lon":113.27679443359376,"center_lat":41.810603,"max_mean_jut":15.1615,"max_ats":9.3219,"r_jmean_peak":875,"r_ats_peak":1125,"r_ats_marginal":312.5,"ats_marginal_rate_max":0.015507040434255302,"ats_marginal_interval_start":250.0,"ats_marginal_interval_end":375.0,"is_expanded":false}},{"type":"Feature","geometry":{"type":"Polygon","coordinates":[[[113.964948,42.1484254],[113.9662853,42.1483767],[113.9676098,42.148231],[113.9689086,42.1479897],[113.9701693,42.1476552],[113.9713797,42.1472307],[113.9725282,42.1467203],[113.9736036,42.1461288],[113.9745957,42.1454621],[113.9754949,42.1447264],[113.9762925,42.1439289],[113.9769809,42.1430773],[113.9775534,42.1421797],[113.9780045,42.1412449],[113.9783298,42.1402818],[113.9785263,42.1392997],[113.978592,42.138308],[113.9785263,42.1373163],[113.9783298,42.1363342],[113.9780045,42.1353711],[113.9775534,42.1344363],[113.9769809,42.1335387],[113.9762925,42.1326871],[113.9754949,42.1318896],[113.9745957,42.1311539],[113.9736036,42.1304872],[113.9725282,42.1298957],[113.9713797,42.1293853],[113.9701693,42.1289608],[113.9689086,42.1286263],[113.9676098,42.128385],[113.9662853,42.1282393],[113.964948,42.1281906],[113.9636107,42.1282393],[113.9622862,42.128385],[113.9609874,42.1286263],[113.9597267,42.1289608],[113.9585163,42.1293853],[113.9573678,42.1298957],[113.9562924,42.1304872],[113.9553003,42.1311539],[113.9544011,42.1318896],[113.9536035,42.1326871],[113.9529151,42.1335387],[113.9523426,42.1344363],[113.9518915,42.1353711],[113.9515662,42.1363342],[113.9513697,42.1373163],[113.951304,42.138308],[113.9513697,42.1392997],[113.9515662,42.1402818],[113.9518915,42.1412449],[113.9523426,42.1421797],[113.9529151,42.1430773],[113.9536035,42.1439289],[113.9544011,42.1447264],[113.9553003,42.1454621],[113.9562924,42.1461288],[113.9573678,42.1467203],[113.9585163,42.1472307],[113.9597267,42.1476552],[113.9609874,42.1479897],[113.9622862,42.148231],[113.9636107,42.1483767],[113.964948,42.1484254]]]},"properties":{"name":"宝格德1516","peak_elev":1516,"radius_m":1125,"layer":"ATS峰值响应半径","rank_pct":0.2659,"center_lon":113.964948,"center_lat":42.138308,"max_mean_jut":10.8829,"max_ats":6.3883,"r_jmean_peak":500,"r_ats_peak":1125,"r_ats_marginal":187.5,"ats_marginal_rate_max":0.016549006287734026,"ats_marginal_interval_start":125.0,"ats_marginal_interval_end":250.0,"is_expanded":false}},{"type":"Feature","geometry":{"type":"Polygon","coordinates":[[[113.308864,42.2090615],[113.3102026,42.2090127],[113.3115284,42.2088671],[113.3128284,42.2086258],[113.3140903,42.2082913],[113.3153019,42.2078668],[113.3164514,42.2073564],[113.3175279,42.2067649],[113.318521,42.2060982],[113.319421,42.2053625],[113.3202194,42.204565],[113.3209084,42.2037134],[113.3214815,42.2028158],[113.321933,42.201881],[113.3222586,42.2009179],[113.3224553,42.1999358],[113.322521,42.1989441],[113.3224553,42.1979524],[113.3222586,42.1969703],[113.321933,42.1960072],[113.3214815,42.1950723],[113.3209084,42.1941748],[113.3202194,42.1933232],[113.319421,42.1925257],[113.318521,42.19179],[113.3175279,42.1911233],[113.3164514,42.1905318],[113.3153019,42.1900214],[113.3140903,42.1895969],[113.3128284,42.1892624],[113.3115284,42.1890211],[113.3102026,42.1888754],[113.308864,42.1888267],[113.3075254,42.1888754],[113.3061996,42.1890211],[113.3048996,42.1892624],[113.3036377,42.1895969],[113.3024261,42.1900214],[113.3012766,42.1905318],[113.3002001,42.1911233],[113.299207,42.19179],[113.298307,42.1925257],[113.2975086,42.1933232],[113.2968196,42.1941748],[113.2962465,42.1950723],[113.295795,42.1960072],[113.2954694,42.1969703],[113.2952727,42.1979524],[113.295207,42.1989441],[113.2952727,42.1999358],[113.2954694,42.2009179],[113.295795,42.201881],[113.2962465,42.2028158],[113.2968196,42.2037134],[113.2975086,42.204565],[113.298307,42.2053625],[113.299207,42.2060982],[113.3002001,42.2067649],[113.3012766,42.2073564],[113.3024261,42.2078668],[113.3036377,42.2082913],[113.3048996,42.2086258],[113.3061996,42.2088671],[113.3075254,42.2090127],[113.308864,42.2090615]]]},"properties":{"name":"巴彦敖包1486","peak_elev":1486,"radius_m":1125,"layer":"ATS峰值响应半径","rank_pct":0.2659,"center_lon":113.308864,"center_lat":42.19894409179688,"max_mean_jut":13.4206,"max_ats":8.3853,"r_jmean_peak":625,"r_ats_peak":1125,"r_ats_marginal":312.5,"ats_marginal_rate_max":0.015874157964273595,"ats_marginal_interval_start":250.0,"ats_marginal_interval_end":375.0,"is_expanded":false}},{"type":"Feature","geometry":{"type":"Polygon","coordinates":[[[114.4516068,41.8853984],[114.4529386,41.8853497],[114.4542576,41.885204],[114.455551,41.8849627],[114.4568065,41.8846282],[114.4580119,41.8842037],[114.4591557,41.8836933],[114.4602267,41.8831018],[114.4612147,41.8824351],[114.4621102,41.8816994],[114.4629045,41.8809019],[114.46359,41.8800503],[114.4641601,41.8791527],[114.4646093,41.8782179],[114.4649333,41.8772548],[114.465129,41.8762727],[114.4651944,41.875281],[114.465129,41.8742893],[114.4649333,41.8733072],[114.4646093,41.8723441],[114.4641601,41.8714093],[114.46359,41.8705117],[114.4629045,41.8696601],[114.4621102,41.8688626],[114.4612147,41.8681269],[114.4602267,41.8674602],[114.4591557,41.8668687],[114.4580119,41.8663583],[114.4568065,41.8659338],[114.455551,41.8655993],[114.4542576,41.865358],[114.4529386,41.8652123],[114.4516068,41.8651636],[114.4502749,41.8652123],[114.4489559,41.865358],[114.4476625,41.8655993],[114.446407,41.8659338],[114.4452016,41.8663583],[114.4440578,41.8668687],[114.4429868,41.8674602],[114.4419988,41.8681269],[114.4411033,41.8688626],[114.440309,41.8696601],[114.4396235,41.8705117],[114.4390534,41.8714093],[114.4386042,41.8723441],[114.4382802,41.8733072],[114.4380845,41.8742893],[114.4380191,41.875281],[114.4380845,41.8762727],[114.4382802,41.8772548],[114.4386042,41.8782179],[114.4390534,41.8791527],[114.4396235,41.8800503],[114.440309,41.8809019],[114.4411033,41.8816994],[114.4419988,41.8824351],[114.4429868,41.8831018],[114.4440578,41.8836933],[114.4452016,41.8842037],[114.446407,41.8846282],[114.4476625,41.8849627],[114.4489559,41.885204],[114.4502749,41.8853497],[114.4516068,41.8853984]]]},"properties":{"name":"青皮山1673","peak_elev":1666,"radius_m":1125,"layer":"ATS峰值响应半径","rank_pct":0.2659,"center_lon":114.45160675048828,"center_lat":41.875281,"max_mean_jut":20.6382,"max_ats":14.8326,"r_jmean_peak":875,"r_ats_peak":1125,"r_ats_marginal":187.5,"ats_marginal_rate_max":0.03017126433472325,"ats_marginal_interval_start":125.0,"ats_marginal_interval_end":250.0,"is_expanded":false}},{"type":"Feature","geometry":{"type":"Polygon","coordinates":[[[114.3666306,42.2550992],[114.3678213,42.2550559],[114.3690006,42.2549264],[114.3701571,42.254712],[114.3712796,42.2544146],[114.3723574,42.2540373],[114.37338,42.2535836],[114.3743376,42.2530579],[114.375221,42.2524652],[114.3760216,42.2518112],[114.3767318,42.2511024],[114.3773447,42.2503454],[114.3778545,42.2495476],[114.3782561,42.2487166],[114.3785458,42.2478605],[114.3787207,42.2469875],[114.3787792,42.246106],[114.3787207,42.2452245],[114.3785458,42.2443515],[114.3782561,42.2434954],[114.3778545,42.2426644],[114.3773447,42.2418666],[114.3767318,42.2411096],[114.3760216,42.2404008],[114.375221,42.2397468],[114.3743376,42.2391541],[114.37338,42.2386284],[114.3723574,42.2381747],[114.3712796,42.2377974],[114.3701571,42.2375],[114.3690006,42.2372856],[114.3678213,42.2371561],[114.3666306,42.2371128],[114.3654398,42.2371561],[114.3642605,42.2372856],[114.363104,42.2375],[114.3619815,42.2377974],[114.3609037,42.2381747],[114.3598811,42.2386284],[114.3589235,42.2391541],[114.3580402,42.2397468],[114.3572395,42.2404008],[114.3565293,42.2411096],[114.3559164,42.2418666],[114.3554067,42.2426644],[114.355005,42.2434954],[114.3547153,42.2443515],[114.3545404,42.2452245],[114.3544819,42.246106],[114.3545404,42.2469875],[114.3547153,42.2478605],[114.355005,42.2487166],[114.3554067,42.2495476],[114.3559164,42.2503454],[114.3565293,42.2511024],[114.3572395,42.2518112],[114.3580402,42.2524652],[114.3589235,42.2530579],[114.3598811,42.2535836],[114.3609037,42.2540373],[114.3619815,42.2544146],[114.363104,42.254712],[114.3642605,42.2549264],[114.3654398,42.2550559],[114.3666306,42.2550992]]]},"properties":{"name":"1497无名峰(2)","peak_elev":1497,"radius_m":1000,"layer":"ATS峰值响应半径","rank_pct":0.3071,"center_lon":114.36663055419922,"center_lat":42.246106,"max_mean_jut":12.9367,"max_ats":6.8638,"r_jmean_peak":750,"r_ats_peak":1000,"r_ats_marginal":187.5,"ats_marginal_rate_max":0.0181150873339929,"ats_marginal_interval_start":125.0,"ats_marginal_interval_end":250.0,"is_expanded":false}},{"type":"Feature","geometry":{"type":"Polygon","coordinates":[[[114.373906,42.2556382],[114.3750968,42.2555949],[114.3762761,42.2554654],[114.3774326,42.255251],[114.3785551,42.2549536],[114.3796329,42.2545763],[114.3806555,42.2541226],[114.3816131,42.2535969],[114.3824965,42.2530042],[114.3832971,42.2523502],[114.3840073,42.2516414],[114.3846203,42.2508844],[114.38513,42.2500866],[114.3855316,42.2492556],[114.3858213,42.2483995],[114.3859963,42.2475265],[114.3860548,42.246645],[114.3859963,42.2457635],[114.3858213,42.2448905],[114.3855316,42.2440344],[114.38513,42.2432034],[114.3846203,42.2424056],[114.3840073,42.2416486],[114.3832971,42.2409398],[114.3824965,42.2402858],[114.3816131,42.2396931],[114.3806555,42.2391674],[114.3796329,42.2387137],[114.3785551,42.2383364],[114.3774326,42.238039],[114.3762761,42.2378246],[114.3750968,42.2376951],[114.373906,42.2376518],[114.3727152,42.2376951],[114.3715359,42.2378246],[114.3703794,42.238039],[114.3692569,42.2383364],[114.3681791,42.2387137],[114.3671565,42.2391674],[114.3661989,42.2396931],[114.3653155,42.2402858],[114.3645149,42.2409398],[114.3638047,42.2416486],[114.3631917,42.2424056],[114.362682,42.2432034],[114.3622804,42.2440344],[114.3619907,42.2448905],[114.3618157,42.2457635],[114.3617572,42.246645],[114.3618157,42.2475265],[114.3619907,42.2483995],[114.3622804,42.2492556],[114.362682,42.2500866],[114.3631917,42.2508844],[114.3638047,42.2516414],[114.3645149,42.2523502],[114.3653155,42.2530042],[114.3661989,42.2535969],[114.3671565,42.2541226],[114.3681791,42.2545763],[114.3692569,42.2549536],[114.3703794,42.255251],[114.3715359,42.2554654],[114.3727152,42.2555949],[114.373906,42.2556382]]]},"properties":{"name":"乃满乌拉1528","peak_elev":1528,"radius_m":1000,"layer":"ATS峰值响应半径","rank_pct":0.3071,"center_lon":114.373906,"center_lat":42.246645,"max_mean_jut":14.5637,"max_ats":8.5073,"r_jmean_peak":875,"r_ats_peak":1000,"r_ats_marginal":437.5,"ats_marginal_rate_max":0.013177397136811961,"ats_marginal_interval_start":375.0,"ats_marginal_interval_end":500.0,"is_expanded":false}},{"type":"Feature","geometry":{"type":"Polygon","coordinates":[[[114.278236,42.2615672],[114.2794269,42.2615239],[114.2806063,42.2613944],[114.2817629,42.26118],[114.2828856,42.2608826],[114.2839634,42.2605053],[114.2849861,42.2600516],[114.2859438,42.2595259],[114.2868273,42.2589332],[114.287628,42.2582792],[114.2883383,42.2575704],[114.2889513,42.2568134],[114.2894611,42.2560156],[114.2898627,42.2551846],[114.2901525,42.2543285],[114.2903274,42.2534555],[114.2903859,42.252574],[114.2903274,42.2516925],[114.2901525,42.2508195],[114.2898627,42.2499634],[114.2894611,42.2491324],[114.2889513,42.2483346],[114.2883383,42.2475776],[114.287628,42.2468688],[114.2868273,42.2462148],[114.2859438,42.2456221],[114.2849861,42.2450964],[114.2839634,42.2446427],[114.2828856,42.2442654],[114.2817629,42.243968],[114.2806063,42.2437536],[114.2794269,42.2436241],[114.278236,42.2435808],[114.2770451,42.2436241],[114.2758657,42.2437536],[114.2747091,42.243968],[114.2735864,42.2442654],[114.2725086,42.2446427],[114.2714859,42.2450964],[114.2705282,42.2456221],[114.2696447,42.2462148],[114.268844,42.2468688],[114.2681337,42.2475776],[114.2675207,42.2483346],[114.2670109,42.2491324],[114.2666093,42.2499634],[114.2663195,42.2508195],[114.2661446,42.2516925],[114.2660861,42.252574],[114.2661446,42.2534555],[114.2663195,42.2543285],[114.2666093,42.2551846],[114.2670109,42.2560156],[114.2675207,42.2568134],[114.2681337,42.2575704],[114.268844,42.2582792],[114.2696447,42.2589332],[114.2705282,42.2595259],[114.2714859,42.2600516],[114.2725086,42.2605053],[114.2735864,42.2608826],[114.2747091,42.26118],[114.2758657,42.2613944],[114.2770451,42.2615239],[114.278236,42.2615672]]]},"properties":{"name":"1536无名峰","peak_elev":1536,"radius_m":1000,"layer":"ATS峰值响应半径","rank_pct":0.3071,"center_lon":114.278236,"center_lat":42.252574,"max_mean_jut":12.6539,"max_ats":7.0508,"r_jmean_peak":750,"r_ats_peak":1000,"r_ats_marginal":312.5,"ats_marginal_rate_max":0.013521761952846103,"ats_marginal_interval_start":250.0,"ats_marginal_interval_end":375.0,"is_expanded":false}},{"type":"Feature","geometry":{"type":"Polygon","coordinates":[[[113.499666,41.5937596],[113.5008445,41.5937163],[113.5020117,41.5935868],[113.5031562,41.5933724],[113.5042672,41.593075],[113.5053338,41.5926977],[113.5063459,41.592244],[113.5072936,41.5917182],[113.5081678,41.5911256],[113.5089602,41.5904716],[113.5096631,41.5897628],[113.5102697,41.5890058],[113.5107742,41.5882079],[113.5111717,41.587377],[113.5114584,41.5865209],[113.5116315,41.5856479],[113.5116894,41.5847664],[113.5116315,41.5838849],[113.5114584,41.5830119],[113.5111717,41.5821558],[113.5107742,41.5813248],[113.5102697,41.580527],[113.5096631,41.57977],[113.5089602,41.5790612],[113.5081678,41.5784072],[113.5072936,41.5778145],[113.5063459,41.5772888],[113.5053338,41.5768351],[113.5042672,41.5764577],[113.5031562,41.5761604],[113.5020117,41.575946],[113.5008445,41.5758165],[113.499666,41.5757732],[113.4984875,41.5758165],[113.4973203,41.575946],[113.4961758,41.5761604],[113.4950648,41.5764577],[113.4939982,41.5768351],[113.4929861,41.5772888],[113.4920384,41.5778145],[113.4911642,41.5784072],[113.4903718,41.5790612],[113.4896689,41.57977],[113.4890623,41.580527],[113.4885578,41.5813248],[113.4881603,41.5821558],[113.4878736,41.5830119],[113.4877005,41.5838849],[113.4876426,41.5847664],[113.4877005,41.5856479],[113.4878736,41.5865209],[113.4881603,41.587377],[113.4885578,41.5882079],[113.4890623,41.5890058],[113.4896689,41.5897628],[113.4903718,41.5904716],[113.4911642,41.5911256],[113.4920384,41.5917182],[113.4929861,41.592244],[113.4939982,41.5926977],[113.4950648,41.593075],[113.4961758,41.5933724],[113.4973203,41.5935868],[113.4984875,41.5937163],[113.499666,41.5937596]]]},"properties":{"name":"1569无名峰(1)","peak_elev":1569,"radius_m":1000,"layer":"ATS峰值响应半径","rank_pct":0.3071,"center_lon":113.499666,"center_lat":41.58476638793945,"max_mean_jut":10.6829,"max_ats":5.7333,"r_jmean_peak":250,"r_ats_peak":1000,"r_ats_marginal":187.5,"ats_marginal_rate_max":0.020098787941308333,"ats_marginal_interval_start":125.0,"ats_marginal_interval_end":250.0,"is_expanded":false}},{"type":"Feature","geometry":{"type":"Polygon","coordinates":[[[113.317218,41.4851514],[113.3183945,41.4851081],[113.3195597,41.4849786],[113.3207024,41.4847641],[113.3218114,41.4844668],[113.3228763,41.4840895],[113.3238867,41.4836357],[113.3248328,41.48311],[113.3257056,41.4825173],[113.3264966,41.4818634],[113.3271983,41.4811545],[113.3278039,41.4803975],[113.3283076,41.4795997],[113.3287044,41.4787687],[113.3289906,41.4779126],[113.3291635,41.4770396],[113.3292213,41.4761581],[113.3291635,41.4752767],[113.3289906,41.4744037],[113.3287044,41.4735475],[113.3283076,41.4727166],[113.3278039,41.4719188],[113.3271983,41.4711618],[113.3264966,41.4704529],[113.3257056,41.469799],[113.3248328,41.4692063],[113.3238867,41.4686806],[113.3228763,41.4682268],[113.3218114,41.4678495],[113.3207024,41.4675522],[113.3195597,41.4673377],[113.3183945,41.4672082],[113.317218,41.4671649],[113.3160415,41.4672082],[113.3148763,41.4673377],[113.3137336,41.4675522],[113.3126246,41.4678495],[113.3115597,41.4682268],[113.3105493,41.4686806],[113.3096032,41.4692063],[113.3087304,41.469799],[113.3079394,41.4704529],[113.3072377,41.4711618],[113.3066321,41.4719188],[113.3061284,41.4727166],[113.3057316,41.4735475],[113.3054454,41.4744037],[113.3052725,41.4752767],[113.3052147,41.4761581],[113.3052725,41.4770396],[113.3054454,41.4779126],[113.3057316,41.4787687],[113.3061284,41.4795997],[113.3066321,41.4803975],[113.3072377,41.4811545],[113.3079394,41.4818634],[113.3087304,41.4825173],[113.3096032,41.48311],[113.3105493,41.4836357],[113.3115597,41.4840895],[113.3126246,41.4844668],[113.3137336,41.4847641],[113.3148763,41.4849786],[113.3160415,41.4851081],[113.317218,41.4851514]]]},"properties":{"name":"1599无名峰(1)","peak_elev":1599,"radius_m":1000,"layer":"ATS峰值响应半径","rank_pct":0.3071,"center_lon":113.317218,"center_lat":41.47615814208984,"max_mean_jut":12.0663,"max_ats":7.1698,"r_jmean_peak":750,"r_ats_peak":1000,"r_ats_marginal":187.5,"ats_marginal_rate_max":0.020454220559875804,"ats_marginal_interval_start":125.0,"ats_marginal_interval_end":250.0,"is_expanded":false}},{"type":"Feature","geometry":{"type":"Polygon","coordinates":[[[113.379741,41.5959152],[113.3809195,41.5958719],[113.3820867,41.5957424],[113.3832313,41.595528],[113.3843423,41.5952306],[113.385409,41.5948533],[113.3864211,41.5943996],[113.3873688,41.5938739],[113.3882431,41.5932812],[113.3890355,41.5926272],[113.3897384,41.5919184],[113.3903451,41.5911614],[113.3908496,41.5903636],[113.3912471,41.5895326],[113.3915338,41.5886765],[113.3917069,41.5878035],[113.3917648,41.586922],[113.3917069,41.5860405],[113.3915338,41.5851675],[113.3912471,41.5843114],[113.3908496,41.5834804],[113.3903451,41.5826826],[113.3897384,41.5819256],[113.3890355,41.5812168],[113.3882431,41.5805628],[113.3873688,41.5799701],[113.3864211,41.5794444],[113.385409,41.5789907],[113.3843423,41.5786134],[113.3832313,41.578316],[113.3820867,41.5781016],[113.3809195,41.5779721],[113.379741,41.5779288],[113.3785625,41.5779721],[113.3773953,41.5781016],[113.3762507,41.578316],[113.3751397,41.5786134],[113.374073,41.5789907],[113.3730609,41.5794444],[113.3721132,41.5799701],[113.3712389,41.5805628],[113.3704465,41.5812168],[113.3697436,41.5819256],[113.3691369,41.5826826],[113.3686324,41.5834804],[113.3682349,41.5843114],[113.3679482,41.5851675],[113.3677751,41.5860405],[113.3677172,41.586922],[113.3677751,41.5878035],[113.3679482,41.5886765],[113.3682349,41.5895326],[113.3686324,41.5903636],[113.3691369,41.5911614],[113.3697436,41.5919184],[113.3704465,41.5926272],[113.3712389,41.5932812],[113.3721132,41.5938739],[113.3730609,41.5943996],[113.374073,41.5948533],[113.3751397,41.5952306],[113.3762507,41.595528],[113.3773953,41.5957424],[113.3785625,41.5958719],[113.379741,41.5959152]]]},"properties":{"name":"1615无名峰(2)","peak_elev":1615,"radius_m":1000,"layer":"ATS峰值响应半径","rank_pct":0.3071,"center_lon":113.379741,"center_lat":41.586922,"max_mean_jut":12.6113,"max_ats":7.4513,"r_jmean_peak":750,"r_ats_peak":1000,"r_ats_marginal":312.5,"ats_marginal_rate_max":0.015045736264368774,"ats_marginal_interval_start":250.0,"ats_marginal_interval_end":375.0,"is_expanded":false}},{"type":"Feature","geometry":{"type":"Polygon","coordinates":[[[113.889624,42.0319577],[113.8908106,42.0319144],[113.8919858,42.0317849],[113.8931382,42.0315704],[113.8942567,42.0312731],[113.8953307,42.0308958],[113.8963497,42.0304421],[113.8973039,42.0299163],[113.8981842,42.0293236],[113.898982,42.0286697],[113.8996897,42.0279608],[113.9003005,42.0272039],[113.9008084,42.026406],[113.9012087,42.0255751],[113.9014973,42.024719],[113.9016716,42.023846],[113.9017299,42.0229645],[113.9016716,42.022083],[113.9014973,42.02121],[113.9012087,42.0203539],[113.9008084,42.0195229],[113.9003005,42.0187251],[113.8996897,42.0179681],[113.898982,42.0172592],[113.8981842,42.0166053],[113.8973039,42.0160126],[113.8963497,42.0154869],[113.8953307,42.0150332],[113.8942567,42.0146558],[113.8931382,42.0143585],[113.8919858,42.0141441],[113.8908106,42.0140146],[113.889624,42.0139713],[113.8884374,42.0140146],[113.8872622,42.0141441],[113.8861098,42.0143585],[113.8849913,42.0146558],[113.8839173,42.0150332],[113.8828983,42.0154869],[113.8819441,42.0160126],[113.8810638,42.0166053],[113.880266,42.0172592],[113.8795583,42.0179681],[113.8789475,42.0187251],[113.8784396,42.0195229],[113.8780393,42.0203539],[113.8777507,42.02121],[113.8775764,42.022083],[113.8775181,42.0229645],[113.8775764,42.023846],[113.8777507,42.024719],[113.8780393,42.0255751],[113.8784396,42.026406],[113.8789475,42.0272039],[113.8795583,42.0279608],[113.880266,42.0286697],[113.8810638,42.0293236],[113.8819441,42.0299163],[113.8828983,42.0304421],[113.8839173,42.0308958],[113.8849913,42.0312731],[113.8861098,42.0315704],[113.8872622,42.0317849],[113.8884374,42.0319144],[113.889624,42.0319577]]]},"properties":{"name":"1631无名峰","peak_elev":1631,"radius_m":1000,"layer":"ATS峰值响应半径","rank_pct":0.3071,"center_lon":113.889624,"center_lat":42.02296447753906,"max_mean_jut":9.3477,"max_ats":5.163,"r_jmean_peak":500,"r_ats_peak":1000,"r_ats_marginal":187.5,"ats_marginal_rate_max":0.012684260098666104,"ats_marginal_interval_start":125.0,"ats_marginal_interval_end":250.0,"is_expanded":false}},{"type":"Feature","geometry":{"type":"Polygon","coordinates":[[[114.438315,42.0273762],[114.4395015,42.0273329],[114.4406766,42.0272034],[114.4418289,42.026989],[114.4429474,42.0266917],[114.4440213,42.0263143],[114.4450402,42.0258606],[114.4459944,42.0253349],[114.4468746,42.0247422],[114.4476723,42.0240883],[114.44838,42.0233794],[114.4489907,42.0226224],[114.4494986,42.0218246],[114.4498988,42.0209936],[114.4501875,42.0201375],[114.4503618,42.0192645],[114.4504201,42.018383],[114.4503618,42.0175015],[114.4501875,42.0166285],[114.4498988,42.0157724],[114.4494986,42.0149415],[114.4489907,42.0141437],[114.44838,42.0133867],[114.4476723,42.0126778],[114.4468746,42.0120239],[114.4459944,42.0114312],[114.4450402,42.0109054],[114.4440213,42.0104517],[114.4429474,42.0100744],[114.4418289,42.0097771],[114.4406766,42.0095626],[114.4395015,42.0094331],[114.438315,42.0093898],[114.4371285,42.0094331],[114.4359534,42.0095626],[114.4348011,42.0097771],[114.4336826,42.0100744],[114.4326087,42.0104517],[114.4315898,42.0109054],[114.4306356,42.0114312],[114.4297554,42.0120239],[114.4289577,42.0126778],[114.42825,42.0133867],[114.4276393,42.0141437],[114.4271314,42.0149415],[114.4267312,42.0157724],[114.4264425,42.0166285],[114.4262682,42.0175015],[114.4262099,42.018383],[114.4262682,42.0192645],[114.4264425,42.0201375],[114.4267312,42.0209936],[114.4271314,42.0218246],[114.4276393,42.0226224],[114.42825,42.0233794],[114.4289577,42.0240883],[114.4297554,42.0247422],[114.4306356,42.0253349],[114.4315898,42.0258606],[114.4326087,42.0263143],[114.4336826,42.0266917],[114.4348011,42.026989],[114.4359534,42.0272034],[114.4371285,42.0273329],[114.438315,42.0273762]]]},"properties":{"name":"1661无名峰","peak_elev":1661,"radius_m":1000,"layer":"ATS峰值响应半径","rank_pct":0.3071,"center_lon":114.438315,"center_lat":42.01838302612305,"max_mean_jut":14.0553,"max_ats":8.1102,"r_jmean_peak":875,"r_ats_peak":1000,"r_ats_marginal":187.5,"ats_marginal_rate_max":0.012270764983918171,"ats_marginal_interval_start":125.0,"ats_marginal_interval_end":250.0,"is_expanded":false}},{"type":"Feature","geometry":{"type":"Polygon","coordinates":[[[114.290363,42.1517482],[114.2915518,42.1517049],[114.2927292,42.1515754],[114.2938838,42.151361],[114.2950045,42.1510636],[114.2960805,42.1506863],[114.2971014,42.1502326],[114.2980574,42.1497069],[114.2989394,42.1491142],[114.2997387,42.1484602],[114.3004477,42.1477514],[114.3010597,42.1469944],[114.3015686,42.1461966],[114.3019696,42.1453656],[114.3022588,42.1445095],[114.3024334,42.1436365],[114.3024918,42.142755],[114.3024334,42.1418735],[114.3022588,42.1410005],[114.3019696,42.1401444],[114.3015686,42.1393134],[114.3010597,42.1385156],[114.3004477,42.1377586],[114.2997387,42.1370498],[114.2989394,42.1363958],[114.2980574,42.1358031],[114.2971014,42.1352774],[114.2960805,42.1348237],[114.2950045,42.1344464],[114.2938838,42.134149],[114.2927292,42.1339346],[114.2915518,42.1338051],[114.290363,42.1337618],[114.2891742,42.1338051],[114.2879968,42.1339346],[114.2868422,42.134149],[114.2857215,42.1344464],[114.2846455,42.1348237],[114.2836246,42.1352774],[114.2826686,42.1358031],[114.2817866,42.1363958],[114.2809873,42.1370498],[114.2802783,42.1377586],[114.2796663,42.1385156],[114.2791574,42.1393134],[114.2787564,42.1401444],[114.2784672,42.1410005],[114.2782926,42.1418735],[114.2782342,42.142755],[114.2782926,42.1436365],[114.2784672,42.1445095],[114.2787564,42.1453656],[114.2791574,42.1461966],[114.2796663,42.1469944],[114.2802783,42.1477514],[114.2809873,42.1484602],[114.2817866,42.1491142],[114.2826686,42.1497069],[114.2836246,42.1502326],[114.2846455,42.1506863],[114.2857215,42.1510636],[114.2868422,42.151361],[114.2879968,42.1515754],[114.2891742,42.1517049],[114.290363,42.1517482]]]},"properties":{"name":"1672无名峰(4)","peak_elev":1672,"radius_m":1000,"layer":"ATS峰值响应半径","rank_pct":0.3071,"center_lon":114.290363,"center_lat":42.142755,"max_mean_jut":14.3329,"max_ats":8.676,"r_jmean_peak":750,"r_ats_peak":1000,"r_ats_marginal":187.5,"ats_marginal_rate_max":0.025467572484216543,"ats_marginal_interval_start":125.0,"ats_marginal_interval_end":250.0,"is_expanded":false}},{"type":"Feature","geometry":{"type":"Polygon","coordinates":[[[113.320587,41.9904552],[113.3217728,41.9904119],[113.3229472,41.9902824],[113.3240989,41.990068],[113.3252167,41.9897706],[113.32629,41.9893933],[113.3273083,41.9889396],[113.3282619,41.9884139],[113.3291416,41.9878212],[113.3299389,41.9871672],[113.3306462,41.9864584],[113.3312565,41.9857014],[113.3317641,41.9849036],[113.3321641,41.9840726],[113.3324526,41.9832165],[113.3326268,41.9823435],[113.332685,41.981462],[113.3326268,41.9805805],[113.3324526,41.9797075],[113.3321641,41.9788514],[113.3317641,41.9780204],[113.3312565,41.9772226],[113.3306462,41.9764656],[113.3299389,41.9757568],[113.3291416,41.9751028],[113.3282619,41.9745101],[113.3273083,41.9739844],[113.32629,41.9735307],[113.3252167,41.9731534],[113.3240989,41.972856],[113.3229472,41.9726416],[113.3217728,41.9725121],[113.320587,41.9724688],[113.3194012,41.9725121],[113.3182268,41.9726416],[113.3170751,41.972856],[113.3159573,41.9731534],[113.314884,41.9735307],[113.3138657,41.9739844],[113.3129121,41.9745101],[113.3120324,41.9751028],[113.3112351,41.9757568],[113.3105278,41.9764656],[113.3099175,41.9772226],[113.3094099,41.9780204],[113.3090099,41.9788514],[113.3087214,41.9797075],[113.3085472,41.9805805],[113.308489,41.981462],[113.3085472,41.9823435],[113.3087214,41.9832165],[113.3090099,41.9840726],[113.3094099,41.9849036],[113.3099175,41.9857014],[113.3105278,41.9864584],[113.3112351,41.9871672],[113.3120324,41.9878212],[113.3129121,41.9884139],[113.3138657,41.9889396],[113.314884,41.9893933],[113.3159573,41.9897706],[113.3170751,41.990068],[113.3182268,41.9902824],[113.3194012,41.9904119],[113.320587,41.9904552]]]},"properties":{"name":"1679无名峰(2)","peak_elev":1679,"radius_m":1000,"layer":"ATS峰值响应半径","rank_pct":0.3071,"center_lon":113.320587,"center_lat":41.981462,"max_mean_jut":14.0804,"max_ats":8.5485,"r_jmean_peak":1000,"r_ats_peak":1000,"r_ats_marginal":312.5,"ats_marginal_rate_max":0.015513920844297239,"ats_marginal_interval_start":250.0,"ats_marginal_interval_end":375.0,"is_expanded":false}},{"type":"Feature","geometry":{"type":"Polygon","coordinates":[[[113.111863,41.7600372],[113.1130445,41.7599939],[113.1142147,41.7598644],[113.1153622,41.75965],[113.1164761,41.7593526],[113.1175455,41.7589753],[113.1185601,41.7585216],[113.1195103,41.7579959],[113.1203868,41.7574032],[113.1211813,41.7567492],[113.121886,41.7560404],[113.1224941,41.7552834],[113.1229999,41.7544856],[113.1233985,41.7536546],[113.1236859,41.7527985],[113.1238595,41.7519255],[113.1239175,41.751044],[113.1238595,41.7501625],[113.1236859,41.7492895],[113.1233985,41.7484334],[113.1229999,41.7476024],[113.1224941,41.7468046],[113.121886,41.7460476],[113.1211813,41.7453388],[113.1203868,41.7446848],[113.1195103,41.7440921],[113.1185601,41.7435664],[113.1175455,41.7431127],[113.1164761,41.7427354],[113.1153622,41.742438],[113.1142147,41.7422236],[113.1130445,41.7420941],[113.111863,41.7420508],[113.1106815,41.7420941],[113.1095113,41.7422236],[113.1083638,41.742438],[113.1072499,41.7427354],[113.1061805,41.7431127],[113.1051659,41.7435664],[113.1042157,41.7440921],[113.1033392,41.7446848],[113.1025447,41.7453388],[113.10184,41.7460476],[113.1012319,41.7468046],[113.1007261,41.7476024],[113.1003275,41.7484334],[113.1000401,41.7492895],[113.0998665,41.7501625],[113.0998085,41.751044],[113.0998665,41.7519255],[113.1000401,41.7527985],[113.1003275,41.7536546],[113.1007261,41.7544856],[113.1012319,41.7552834],[113.10184,41.7560404],[113.1025447,41.7567492],[113.1033392,41.7574032],[113.1042157,41.7579959],[113.1051659,41.7585216],[113.1061805,41.7589753],[113.1072499,41.7593526],[113.1083638,41.75965],[113.1095113,41.7598644],[113.1106815,41.7599939],[113.111863,41.7600372]]]},"properties":{"name":"1696无名峰(1)","peak_elev":1696,"radius_m":1000,"layer":"ATS峰值响应半径","rank_pct":0.3071,"center_lon":113.111863,"center_lat":41.751044,"max_mean_jut":18.1605,"max_ats":11.7085,"r_jmean_peak":750,"r_ats_peak":1000,"r_ats_marginal":187.5,"ats_marginal_rate_max":0.02929161525194274,"ats_marginal_interval_start":125.0,"ats_marginal_interval_end":250.0,"is_expanded":false}},{"type":"Feature","geometry":{"type":"Polygon","coordinates":[[[114.487902,42.3580462],[114.4890947,42.3580029],[114.490276,42.3578734],[114.4914343,42.357659],[114.4925587,42.3573616],[114.4936382,42.3569843],[114.4946625,42.3565306],[114.4956216,42.3560049],[114.4965065,42.3554122],[114.4973084,42.3547582],[114.4980198,42.3540494],[114.4986337,42.3532924],[114.4991443,42.3524946],[114.4995466,42.3516636],[114.4998367,42.3508075],[114.5000119,42.3499345],[114.5000705,42.349053],[114.5000119,42.3481715],[114.4998367,42.3472985],[114.4995466,42.3464424],[114.4991443,42.3456114],[114.4986337,42.3448136],[114.4980198,42.3440566],[114.4973084,42.3433478],[114.4965065,42.3426938],[114.4956216,42.3421011],[114.4946625,42.3415754],[114.4936382,42.3411217],[114.4925587,42.3407444],[114.4914343,42.340447],[114.490276,42.3402326],[114.4890947,42.3401031],[114.487902,42.3400598],[114.4867093,42.3401031],[114.485528,42.3402326],[114.4843697,42.340447],[114.4832453,42.3407444],[114.4821658,42.3411217],[114.4811415,42.3415754],[114.4801824,42.3421011],[114.4792975,42.3426938],[114.4784956,42.3433478],[114.4777842,42.3440566],[114.4771703,42.3448136],[114.4766597,42.3456114],[114.4762574,42.3464424],[114.4759673,42.3472985],[114.4757921,42.3481715],[114.4757335,42.349053],[114.4757921,42.3499345],[114.4759673,42.3508075],[114.4762574,42.3516636],[114.4766597,42.3524946],[114.4771703,42.3532924],[114.4777842,42.3540494],[114.4784956,42.3547582],[114.4792975,42.3554122],[114.4801824,42.3560049],[114.4811415,42.3565306],[114.4821658,42.3569843],[114.4832453,42.3573616],[114.4843697,42.357659],[114.485528,42.3578734],[114.4867093,42.3580029],[114.487902,42.3580462]]]},"properties":{"name":"乌斯特音乌拉1473","peak_elev":1473,"radius_m":1000,"layer":"ATS峰值响应半径","rank_pct":0.3071,"center_lon":114.487902,"center_lat":42.349053,"max_mean_jut":8.4665,"max_ats":4.8409,"r_jmean_peak":1000,"r_ats_peak":1000,"r_ats_marginal":312.5,"ats_marginal_rate_max":0.011167190573142886,"ats_marginal_interval_start":250.0,"ats_marginal_interval_end":375.0,"is_expanded":false}},{"type":"Feature","geometry":{"type":"Polygon","coordinates":[[[113.2576599,41.8993664],[113.258844,41.8993231],[113.2600168,41.8991936],[113.2611668,41.8989792],[113.262283,41.8986819],[113.2633548,41.8983045],[113.2643716,41.8978508],[113.2653239,41.8973251],[113.2662023,41.8967324],[113.2669985,41.8960785],[113.2677047,41.8953696],[113.2683142,41.8946126],[113.2688211,41.8938148],[113.2692205,41.8929838],[113.2695086,41.8921277],[113.2696825,41.8912547],[113.2697407,41.8903732],[113.2696825,41.8894917],[113.2695086,41.8886187],[113.2692205,41.8877626],[113.2688211,41.8869317],[113.2683142,41.8861339],[113.2677047,41.8853769],[113.2669985,41.884668],[113.2662023,41.8840141],[113.2653239,41.8834214],[113.2643716,41.8828956],[113.2633548,41.8824419],[113.262283,41.8820646],[113.2611668,41.8817673],[113.2600168,41.8815528],[113.258844,41.8814233],[113.2576599,41.88138],[113.2564758,41.8814233],[113.2553031,41.8815528],[113.254153,41.8817673],[113.2530368,41.8820646],[113.2519651,41.8824419],[113.2509482,41.8828956],[113.2499959,41.8834214],[113.2491175,41.8840141],[113.2483213,41.884668],[113.2476151,41.8853769],[113.2470056,41.8861339],[113.2464987,41.8869317],[113.2460993,41.8877626],[113.2458113,41.8886187],[113.2456373,41.8894917],[113.2455791,41.8903732],[113.2456373,41.8912547],[113.2458113,41.8921277],[113.2460993,41.8929838],[113.2464987,41.8938148],[113.2470056,41.8946126],[113.2476151,41.8953696],[113.2483213,41.8960785],[113.2491175,41.8967324],[113.2499959,41.8973251],[113.2509482,41.8978508],[113.2519651,41.8983045],[113.2530368,41.8986819],[113.254153,41.8989792],[113.2553031,41.8991936],[113.2564758,41.8993231],[113.2576599,41.8993664]]]},"properties":{"name":"圆宝山西顶1763","peak_elev":1763,"radius_m":1000,"layer":"ATS峰值响应半径","rank_pct":0.3071,"center_lon":113.25765991210938,"center_lat":41.89037322998047,"max_mean_jut":29.0724,"max_ats":18.7065,"r_jmean_peak":625,"r_ats_peak":1000,"r_ats_marginal":187.5,"ats_marginal_rate_max":0.04512471133351777,"ats_marginal_interval_start":125.0,"ats_marginal_interval_end":250.0,"is_expanded":false}},{"type":"Feature","geometry":{"type":"Polygon","coordinates":[[[114.357737,41.7888737],[114.3589191,41.7888304],[114.3600898,41.7887009],[114.3612378,41.7884865],[114.3623521,41.7881892],[114.363422,41.7878118],[114.3644371,41.7873581],[114.3653877,41.7868324],[114.3662647,41.7862397],[114.3670595,41.7855858],[114.3677645,41.7848769],[114.3683729,41.7841199],[114.3688789,41.7833221],[114.3692776,41.7824911],[114.3695652,41.781635],[114.3697389,41.780762],[114.3697969,41.7798805],[114.3697389,41.778999],[114.3695652,41.778126],[114.3692776,41.7772699],[114.3688789,41.776439],[114.3683729,41.7756412],[114.3677645,41.7748842],[114.3670595,41.7741753],[114.3662647,41.7735214],[114.3653877,41.7729287],[114.3644371,41.7724029],[114.363422,41.7719492],[114.3623521,41.7715719],[114.3612378,41.7712746],[114.3600898,41.7710601],[114.3589191,41.7709306],[114.357737,41.7708873],[114.3565549,41.7709306],[114.3553842,41.7710601],[114.3542362,41.7712746],[114.3531219,41.7715719],[114.352052,41.7719492],[114.3510369,41.7724029],[114.3500863,41.7729287],[114.3492093,41.7735214],[114.3484145,41.7741753],[114.3477095,41.7748842],[114.3471011,41.7756412],[114.3465951,41.776439],[114.3461964,41.7772699],[114.3459088,41.778126],[114.3457351,41.778999],[114.3456771,41.7798805],[114.3457351,41.780762],[114.3459088,41.781635],[114.3461964,41.7824911],[114.3465951,41.7833221],[114.3471011,41.7841199],[114.3477095,41.7848769],[114.3484145,41.7855858],[114.3492093,41.7862397],[114.3500863,41.7868324],[114.3510369,41.7873581],[114.352052,41.7878118],[114.3531219,41.7881892],[114.3542362,41.7884865],[114.3553842,41.7887009],[114.3565549,41.7888304],[114.357737,41.7888737]]]},"properties":{"name":"炭头山1582.2","peak_elev":1578,"radius_m":1000,"layer":"ATS峰值响应半径","rank_pct":0.3071,"center_lon":114.357737,"center_lat":41.77988052368164,"max_mean_jut":10.3787,"max_ats":6.5771,"r_jmean_peak":625,"r_ats_peak":1000,"r_ats_marginal":312.5,"ats_marginal_rate_max":0.01427048835431071,"ats_marginal_interval_start":250.0,"ats_marginal_interval_end":375.0,"is_expanded":false}},{"type":"Feature","geometry":{"type":"Polygon","coordinates":[[[114.294136,41.9036782],[114.2953203,41.9036349],[114.296493,41.9035054],[114.2976431,41.903291],[114.2987595,41.9029936],[114.2998313,41.9026163],[114.3008482,41.9021626],[114.3018005,41.9016369],[114.302679,41.9010442],[114.3034752,41.9003902],[114.3041815,41.8996814],[114.3047911,41.8989244],[114.305298,41.8981266],[114.3056974,41.8972956],[114.3059855,41.8964395],[114.3061595,41.8955665],[114.3062176,41.894685],[114.3061595,41.8938035],[114.3059855,41.8929305],[114.3056974,41.8920744],[114.305298,41.8912434],[114.3047911,41.8904456],[114.3041815,41.8896886],[114.3034752,41.8889798],[114.302679,41.8883258],[114.3018005,41.8877331],[114.3008482,41.8872074],[114.2998313,41.8867537],[114.2987595,41.8863764],[114.2976431,41.886079],[114.296493,41.8858646],[114.2953203,41.8857351],[114.294136,41.8856918],[114.2929518,41.8857351],[114.291779,41.8858646],[114.2906289,41.886079],[114.2895126,41.8863764],[114.2884408,41.8867537],[114.2874239,41.8872074],[114.2864716,41.8877331],[114.2855931,41.8883258],[114.2847969,41.8889798],[114.2840906,41.8896886],[114.283481,41.8904456],[114.2829741,41.8912434],[114.2825747,41.8920744],[114.2822866,41.8929305],[114.2821126,41.8938035],[114.2820545,41.894685],[114.2821126,41.8955665],[114.2822866,41.8964395],[114.2825747,41.8972956],[114.2829741,41.8981266],[114.283481,41.8989244],[114.2840906,41.8996814],[114.2847969,41.9003902],[114.2855931,41.9010442],[114.2864716,41.9016369],[114.2874239,41.9021626],[114.2884408,41.9026163],[114.2895126,41.9029936],[114.2906289,41.903291],[114.291779,41.9035054],[114.2929518,41.9036349],[114.294136,41.9036782]]]},"properties":{"name":"阿淖山1686.6","peak_elev":1685,"radius_m":1000,"layer":"ATS峰值响应半径","rank_pct":0.3071,"center_lon":114.29413604736328,"center_lat":41.894685,"max_mean_jut":20.2655,"max_ats":13.936,"r_jmean_peak":875,"r_ats_peak":1000,"r_ats_marginal":312.5,"ats_marginal_rate_max":0.02275299448737572,"ats_marginal_interval_start":250.0,"ats_marginal_interval_end":375.0,"is_expanded":false}},{"type":"Feature","geometry":{"type":"Polygon","coordinates":[[[113.327728,42.2060051],[113.3287691,42.2059672],[113.3298003,42.2058539],[113.3308114,42.2056662],[113.3317929,42.2054061],[113.3327352,42.2050759],[113.3336293,42.2046789],[113.3344665,42.2042189],[113.3352389,42.2037003],[113.3359389,42.2031281],[113.3365599,42.2025078],[113.3370958,42.2018455],[113.3375415,42.2011474],[113.3378926,42.2004203],[113.3381459,42.1996712],[113.3382989,42.1989073],[113.33835,42.198136],[113.3382989,42.1973647],[113.3381459,42.1966008],[113.3378926,42.1958517],[113.3375415,42.1951246],[113.3370958,42.1944265],[113.3365599,42.1937642],[113.3359389,42.1931439],[113.3352389,42.1925717],[113.3344665,42.1920531],[113.3336293,42.1915931],[113.3327352,42.1911961],[113.3317929,42.1908659],[113.3308114,42.1906058],[113.3298003,42.1904181],[113.3287691,42.1903048],[113.327728,42.1902669],[113.3266869,42.1903048],[113.3256557,42.1904181],[113.3246446,42.1906058],[113.3236631,42.1908659],[113.3227208,42.1911961],[113.3218267,42.1915931],[113.3209895,42.1920531],[113.3202171,42.1925717],[113.3195171,42.1931439],[113.3188961,42.1937642],[113.3183602,42.1944265],[113.3179145,42.1951246],[113.3175634,42.1958517],[113.3173101,42.1966008],[113.3171571,42.1973647],[113.317106,42.198136],[113.3171571,42.1989073],[113.3173101,42.1996712],[113.3175634,42.2004203],[113.3179145,42.2011474],[113.3183602,42.2018455],[113.3188961,42.2025078],[113.3195171,42.2031281],[113.3202171,42.2037003],[113.3209895,42.2042189],[113.3218267,42.2046789],[113.3227208,42.2050759],[113.3236631,42.2054061],[113.3246446,42.2056662],[113.3256557,42.2058539],[113.3266869,42.2059672],[113.327728,42.2060051]]]},"properties":{"name":"1420无名峰","peak_elev":1420,"radius_m":875,"layer":"ATS峰值响应半径","rank_pct":0.3633,"center_lon":113.327728,"center_lat":42.198136,"max_mean_jut":11.3228,"max_ats":6.904,"r_jmean_peak":750,"r_ats_peak":875,"r_ats_marginal":187.5,"ats_marginal_rate_max":0.025946494289289915,"ats_marginal_interval_start":125.0,"ats_marginal_interval_end":250.0,"is_expanded":false}},{"type":"Feature","geometry":{"type":"Polygon","coordinates":[[[113.887603,41.6171601],[113.8886346,41.6171222],[113.8896562,41.6170089],[113.8906581,41.6168213],[113.8916305,41.6165611],[113.8925642,41.616231],[113.8934501,41.615834],[113.8942797,41.6153739],[113.8950449,41.6148553],[113.8957385,41.6142832],[113.8963538,41.6136629],[113.8968848,41.6130005],[113.8973264,41.6123024],[113.8976743,41.6115753],[113.8979253,41.6108263],[113.8980768,41.6100624],[113.8981275,41.6092911],[113.8980768,41.6085198],[113.8979253,41.6077559],[113.8976743,41.6070068],[113.8973264,41.6062797],[113.8968848,41.6055816],[113.8963538,41.6049193],[113.8957385,41.604299],[113.8950449,41.6037268],[113.8942797,41.6032082],[113.8934501,41.6027482],[113.8925642,41.6023512],[113.8916305,41.602021],[113.8906581,41.6017609],[113.8896562,41.6015732],[113.8886346,41.6014599],[113.887603,41.601422],[113.8865714,41.6014599],[113.8855498,41.6015732],[113.8845479,41.6017609],[113.8835755,41.602021],[113.8826418,41.6023512],[113.8817559,41.6027482],[113.8809263,41.6032082],[113.8801611,41.6037268],[113.8794675,41.604299],[113.8788522,41.6049193],[113.8783212,41.6055816],[113.8778796,41.6062797],[113.8775317,41.6070068],[113.8772807,41.6077559],[113.8771292,41.6085198],[113.8770785,41.6092911],[113.8771292,41.6100624],[113.8772807,41.6108263],[113.8775317,41.6115753],[113.8778796,41.6123024],[113.8783212,41.6130005],[113.8788522,41.6136629],[113.8794675,41.6142832],[113.8801611,41.6148553],[113.8809263,41.6153739],[113.8817559,41.615834],[113.8826418,41.616231],[113.8835755,41.6165611],[113.8845479,41.6168213],[113.8855498,41.6170089],[113.8865714,41.6171222],[113.887603,41.6171601]]]},"properties":{"name":"小庙山东顶1492","peak_elev":1492,"radius_m":875,"layer":"ATS峰值响应半径","rank_pct":0.3633,"center_lon":113.887603,"center_lat":41.60929107666016,"max_mean_jut":15.9457,"max_ats":10.6222,"r_jmean_peak":750,"r_ats_peak":875,"r_ats_marginal":312.5,"ats_marginal_rate_max":0.021333242037809216,"ats_marginal_interval_start":250.0,"ats_marginal_interval_end":375.0,"is_expanded":false}},{"type":"Feature","geometry":{"type":"Polygon","coordinates":[[[114.396409,42.1631551],[114.3974494,42.1631172],[114.3984798,42.1630039],[114.3994903,42.1628162],[114.4004711,42.1625561],[114.4014128,42.1622259],[114.4023063,42.1618289],[114.403143,42.1613689],[114.4039148,42.1608503],[114.4046144,42.1602781],[114.4052349,42.1596578],[114.4057704,42.1589955],[114.4062158,42.1582974],[114.4065667,42.1575703],[114.4068199,42.1568212],[114.4069727,42.1560573],[114.4070238,42.155286],[114.4069727,42.1545147],[114.4068199,42.1537508],[114.4065667,42.1530017],[114.4062158,42.1522746],[114.4057704,42.1515765],[114.4052349,42.1509142],[114.4046144,42.1502939],[114.4039148,42.1497217],[114.403143,42.1492031],[114.4023063,42.1487431],[114.4014128,42.1483461],[114.4004711,42.1480159],[114.3994903,42.1477558],[114.3984798,42.1475681],[114.3974494,42.1474548],[114.396409,42.1474169],[114.3953686,42.1474548],[114.3943382,42.1475681],[114.3933277,42.1477558],[114.3923469,42.1480159],[114.3914052,42.1483461],[114.3905117,42.1487431],[114.389675,42.1492031],[114.3889032,42.1497217],[114.3882036,42.1502939],[114.3875831,42.1509142],[114.3870476,42.1515765],[114.3866022,42.1522746],[114.3862513,42.1530017],[114.3859981,42.1537508],[114.3858453,42.1545147],[114.3857942,42.155286],[114.3858453,42.1560573],[114.3859981,42.1568212],[114.3862513,42.1575703],[114.3866022,42.1582974],[114.3870476,42.1589955],[114.3875831,42.1596578],[114.3882036,42.1602781],[114.3889032,42.1608503],[114.389675,42.1613689],[114.3905117,42.1618289],[114.3914052,42.1622259],[114.3923469,42.1625561],[114.3933277,42.1628162],[114.3943382,42.1630039],[114.3953686,42.1631172],[114.396409,42.1631551]]]},"properties":{"name":"1499无名峰(2)","peak_elev":1499,"radius_m":875,"layer":"ATS峰值响应半径","rank_pct":0.3633,"center_lon":114.396409,"center_lat":42.155286,"max_mean_jut":10.6834,"max_ats":6.8399,"r_jmean_peak":875,"r_ats_peak":875,"r_ats_marginal":312.5,"ats_marginal_rate_max":0.01559533135913908,"ats_marginal_interval_start":250.0,"ats_marginal_interval_end":375.0,"is_expanded":false}},{"type":"Feature","geometry":{"type":"Polygon","coordinates":[[[114.207628,42.2197488],[114.2086694,42.2197109],[114.2097007,42.2195976],[114.2107121,42.21941],[114.2116938,42.2191498],[114.2126363,42.2188196],[114.2135306,42.2184226],[114.214368,42.2179626],[114.2151405,42.217444],[114.2158407,42.2168718],[114.2164618,42.2162515],[114.2169978,42.2155892],[114.2174436,42.2148911],[114.2177948,42.214164],[114.2180482,42.2134149],[114.2182012,42.212651],[114.2182523,42.2118797],[114.2182012,42.2111084],[114.2180482,42.2103446],[114.2177948,42.2095955],[114.2174436,42.2088684],[114.2169978,42.2081703],[114.2164618,42.2075079],[114.2158407,42.2068876],[114.2151405,42.2063155],[114.214368,42.2057969],[114.2135306,42.2053368],[114.2126363,42.2049398],[114.2116938,42.2046097],[114.2107121,42.2043495],[114.2097007,42.2041619],[114.2086694,42.2040486],[114.207628,42.2040107],[114.2065866,42.2040486],[114.2055553,42.2041619],[114.2045439,42.2043495],[114.2035622,42.2046097],[114.2026197,42.2049398],[114.2017254,42.2053368],[114.200888,42.2057969],[114.2001155,42.2063155],[114.1994153,42.2068876],[114.1987942,42.2075079],[114.1982582,42.2081703],[114.1978124,42.2088684],[114.1974612,42.2095955],[114.1972078,42.2103446],[114.1970548,42.2111084],[114.1970037,42.2118797],[114.1970548,42.212651],[114.1972078,42.2134149],[114.1974612,42.214164],[114.1978124,42.2148911],[114.1982582,42.2155892],[114.1987942,42.2162515],[114.1994153,42.2168718],[114.2001155,42.217444],[114.200888,42.2179626],[114.2017254,42.2184226],[114.2026197,42.2188196],[114.2035622,42.2191498],[114.2045439,42.21941],[114.2055553,42.2195976],[114.2065866,42.2197109],[114.207628,42.2197488]]]},"properties":{"name":"1500无名峰(2)","peak_elev":1500,"radius_m":875,"layer":"ATS峰值响应半径","rank_pct":0.3633,"center_lon":114.207628,"center_lat":42.21187973022461,"max_mean_jut":8.556,"max_ats":5.0587,"r_jmean_peak":750,"r_ats_peak":875,"r_ats_marginal":312.5,"ats_marginal_rate_max":0.01278039017754903,"ats_marginal_interval_start":250.0,"ats_marginal_interval_end":375.0,"is_expanded":false}},{"type":"Feature","geometry":{"type":"Polygon","coordinates":[[[114.282143,42.2569383],[114.283185,42.2569004],[114.2842169,42.2567871],[114.2852289,42.2565994],[114.2862111,42.2563393],[114.2871542,42.2560091],[114.288049,42.2556121],[114.288887,42.2551521],[114.28966,42.2546335],[114.2903605,42.2540613],[114.290982,42.253441],[114.2915183,42.2527787],[114.2919644,42.2520806],[114.2923158,42.2513535],[114.2925693,42.2506044],[114.2927224,42.2498405],[114.2927736,42.2490692],[114.2927224,42.2482979],[114.2925693,42.247534],[114.2923158,42.2467849],[114.2919644,42.2460579],[114.2915183,42.2453598],[114.290982,42.2446974],[114.2903605,42.2440771],[114.28966,42.2435049],[114.288887,42.2429863],[114.288049,42.2425263],[114.2871542,42.2421293],[114.2862111,42.2417991],[114.2852289,42.241539],[114.2842169,42.2413514],[114.283185,42.241238],[114.282143,42.2412001],[114.281101,42.241238],[114.2800691,42.2413514],[114.2790571,42.241539],[114.2780749,42.2417991],[114.2771318,42.2421293],[114.276237,42.2425263],[114.275399,42.2429863],[114.274626,42.2435049],[114.2739255,42.2440771],[114.273304,42.2446974],[114.2727677,42.2453598],[114.2723216,42.2460579],[114.2719702,42.2467849],[114.2717167,42.247534],[114.2715636,42.2482979],[114.2715124,42.2490692],[114.2715636,42.2498405],[114.2717167,42.2506044],[114.2719702,42.2513535],[114.2723216,42.2520806],[114.2727677,42.2527787],[114.273304,42.253441],[114.2739255,42.2540613],[114.274626,42.2546335],[114.275399,42.2551521],[114.276237,42.2556121],[114.2771318,42.2560091],[114.2780749,42.2563393],[114.2790571,42.2565994],[114.2800691,42.2567871],[114.281101,42.2569004],[114.282143,42.2569383]]]},"properties":{"name":"1543无名峰(2)","peak_elev":1543,"radius_m":875,"layer":"ATS峰值响应半径","rank_pct":0.3633,"center_lon":114.282143,"center_lat":42.24906921386719,"max_mean_jut":13.6893,"max_ats":7.6819,"r_jmean_peak":750,"r_ats_peak":875,"r_ats_marginal":187.5,"ats_marginal_rate_max":0.015850343767339046,"ats_marginal_interval_start":125.0,"ats_marginal_interval_end":250.0,"is_expanded":false}},{"type":"Feature","geometry":{"type":"Polygon","coordinates":[[[113.760806,41.6298249],[113.7618378,41.629787],[113.7628596,41.6296737],[113.7638617,41.6294861],[113.7648343,41.6292259],[113.7657682,41.6288958],[113.7666542,41.6284988],[113.767484,41.6280387],[113.7682494,41.6275201],[113.7689431,41.626948],[113.7695585,41.6263277],[113.7700896,41.6256653],[113.7705313,41.6249672],[113.7708793,41.6242401],[113.7711303,41.623491],[113.7712819,41.6227272],[113.7713326,41.6219559],[113.7712819,41.6211846],[113.7711303,41.6204207],[113.7708793,41.6196716],[113.7705313,41.6189445],[113.7700896,41.6182464],[113.7695585,41.6175841],[113.7689431,41.6169638],[113.7682494,41.6163916],[113.767484,41.615873],[113.7666542,41.615413],[113.7657682,41.615016],[113.7648343,41.6146858],[113.7638617,41.6144256],[113.7628596,41.614238],[113.7618378,41.6141247],[113.760806,41.6140868],[113.7597742,41.6141247],[113.7587524,41.614238],[113.7577503,41.6144256],[113.7567777,41.6146858],[113.7558438,41.615016],[113.7549578,41.615413],[113.754128,41.615873],[113.7533626,41.6163916],[113.7526689,41.6169638],[113.7520535,41.6175841],[113.7515224,41.6182464],[113.7510807,41.6189445],[113.7507327,41.6196716],[113.7504817,41.6204207],[113.7503301,41.6211846],[113.7502794,41.6219559],[113.7503301,41.6227272],[113.7504817,41.623491],[113.7507327,41.6242401],[113.7510807,41.6249672],[113.7515224,41.6256653],[113.7520535,41.6263277],[113.7526689,41.626948],[113.7533626,41.6275201],[113.754128,41.6280387],[113.7549578,41.6284988],[113.7558438,41.6288958],[113.7567777,41.6292259],[113.7577503,41.6294861],[113.7587524,41.6296737],[113.7597742,41.629787],[113.760806,41.6298249]]]},"properties":{"name":"1545无名峰(2)","peak_elev":1545,"radius_m":875,"layer":"ATS峰值响应半径","rank_pct":0.3633,"center_lon":113.760806,"center_lat":41.62195587158203,"max_mean_jut":8.9576,"max_ats":5.1636,"r_jmean_peak":null,"r_ats_peak":875,"r_ats_marginal":187.5,"ats_marginal_rate_max":0.012974429345540507,"ats_marginal_interval_start":125.0,"ats_marginal_interval_end":250.0,"is_expanded":false}},{"type":"Feature","geometry":{"type":"Polygon","coordinates":[[[114.430051,42.2846971],[114.4310934,42.2846592],[114.4321258,42.2845459],[114.4331383,42.2843582],[114.4341209,42.2840981],[114.4350644,42.2837679],[114.4359596,42.2833709],[114.4367979,42.2829109],[114.4375713,42.2823923],[114.4382722,42.2818201],[114.4388939,42.2811998],[114.4394305,42.2805375],[114.4398767,42.2798394],[114.4402283,42.2791123],[114.4404819,42.2783632],[114.440635,42.2775993],[114.4406863,42.276828],[114.440635,42.2760567],[114.4404819,42.2752928],[114.4402283,42.2745437],[114.4398767,42.2738166],[114.4394305,42.2731185],[114.4388939,42.2724562],[114.4382722,42.2718359],[114.4375713,42.2712637],[114.4367979,42.2707451],[114.4359596,42.2702851],[114.4350644,42.2698881],[114.4341209,42.2695579],[114.4331383,42.2692978],[114.4321258,42.2691101],[114.4310934,42.2689968],[114.430051,42.2689589],[114.4290086,42.2689968],[114.4279762,42.2691101],[114.4269637,42.2692978],[114.4259811,42.2695579],[114.4250376,42.2698881],[114.4241424,42.2702851],[114.4233041,42.2707451],[114.4225307,42.2712637],[114.4218298,42.2718359],[114.4212081,42.2724562],[114.4206715,42.2731185],[114.4202253,42.2738166],[114.4198737,42.2745437],[114.4196201,42.2752928],[114.419467,42.2760567],[114.4194157,42.276828],[114.419467,42.2775993],[114.4196201,42.2783632],[114.4198737,42.2791123],[114.4202253,42.2798394],[114.4206715,42.2805375],[114.4212081,42.2811998],[114.4218298,42.2818201],[114.4225307,42.2823923],[114.4233041,42.2829109],[114.4241424,42.2833709],[114.4250376,42.2837679],[114.4259811,42.2840981],[114.4269637,42.2843582],[114.4279762,42.2845459],[114.4290086,42.2846592],[114.430051,42.2846971]]]},"properties":{"name":"1555无名峰","peak_elev":1555,"radius_m":875,"layer":"ATS峰值响应半径","rank_pct":0.3633,"center_lon":114.430051,"center_lat":42.276828,"max_mean_jut":10.2257,"max_ats":5.7982,"r_jmean_peak":875,"r_ats_peak":875,"r_ats_marginal":187.5,"ats_marginal_rate_max":0.01311798428858713,"ats_marginal_interval_start":125.0,"ats_marginal_interval_end":250.0,"is_expanded":false}},{"type":"Feature","geometry":{"type":"Polygon","coordinates":[[[113.893128,42.1391701],[113.894168,42.1391322],[113.8951981,42.1390189],[113.8962082,42.1388312],[113.8971886,42.1385711],[113.8981299,42.1382409],[113.899023,42.1378439],[113.8998594,42.1373839],[113.900631,42.1368653],[113.9013303,42.1362931],[113.9019506,42.1356728],[113.9024859,42.1350105],[113.9029311,42.1343124],[113.9032819,42.1335853],[113.9035349,42.1328362],[113.9036877,42.1320723],[113.9037388,42.131301],[113.9036877,42.1305297],[113.9035349,42.1297658],[113.9032819,42.1290167],[113.9029311,42.1282896],[113.9024859,42.1275915],[113.9019506,42.1269292],[113.9013303,42.1263089],[113.900631,42.1257367],[113.8998594,42.1252181],[113.899023,42.1247581],[113.8981299,42.1243611],[113.8971886,42.1240309],[113.8962082,42.1237708],[113.8951981,42.1235831],[113.894168,42.1234698],[113.893128,42.1234319],[113.892088,42.1234698],[113.8910579,42.1235831],[113.8900478,42.1237708],[113.8890674,42.1240309],[113.8881261,42.1243611],[113.887233,42.1247581],[113.8863966,42.1252181],[113.885625,42.1257367],[113.8849257,42.1263089],[113.8843054,42.1269292],[113.8837701,42.1275915],[113.8833249,42.1282896],[113.8829741,42.1290167],[113.8827211,42.1297658],[113.8825683,42.1305297],[113.8825172,42.131301],[113.8825683,42.1320723],[113.8827211,42.1328362],[113.8829741,42.1335853],[113.8833249,42.1343124],[113.8837701,42.1350105],[113.8843054,42.1356728],[113.8849257,42.1362931],[113.885625,42.1368653],[113.8863966,42.1373839],[113.887233,42.1378439],[113.8881261,42.1382409],[113.8890674,42.1385711],[113.8900478,42.1388312],[113.8910579,42.1390189],[113.892088,42.1391322],[113.893128,42.1391701]]]},"properties":{"name":"1557无名峰(1)","peak_elev":1557,"radius_m":875,"layer":"ATS峰值响应半径","rank_pct":0.3633,"center_lon":113.893128,"center_lat":42.131301,"max_mean_jut":10.0304,"max_ats":6.52,"r_jmean_peak":750,"r_ats_peak":875,"r_ats_marginal":187.5,"ats_marginal_rate_max":0.01558846780968683,"ats_marginal_interval_start":125.0,"ats_marginal_interval_end":250.0,"is_expanded":false}},{"type":"Feature","geometry":{"type":"Polygon","coordinates":[[[114.299256,42.2132811],[114.3002973,42.2132432],[114.3013285,42.2131299],[114.3023398,42.2129422],[114.3033213,42.2126821],[114.3042638,42.2123519],[114.305158,42.2119549],[114.3059953,42.2114949],[114.3067678,42.2109763],[114.3074679,42.2104041],[114.3080889,42.2097838],[114.3086249,42.2091215],[114.3090706,42.2084234],[114.3094218,42.2076963],[114.3096751,42.2069472],[114.3098281,42.2061833],[114.3098792,42.205412],[114.3098281,42.2046407],[114.3096751,42.2038768],[114.3094218,42.2031277],[114.3090706,42.2024006],[114.3086249,42.2017025],[114.3080889,42.2010402],[114.3074679,42.2004199],[114.3067678,42.1998477],[114.3059953,42.1993291],[114.305158,42.1988691],[114.3042638,42.1984721],[114.3033213,42.1981419],[114.3023398,42.1978818],[114.3013285,42.1976941],[114.3002973,42.1975808],[114.299256,42.1975429],[114.2982147,42.1975808],[114.2971835,42.1976941],[114.2961722,42.1978818],[114.2951907,42.1981419],[114.2942482,42.1984721],[114.293354,42.1988691],[114.2925167,42.1993291],[114.2917442,42.1998477],[114.2910441,42.2004199],[114.2904231,42.2010402],[114.2898871,42.2017025],[114.2894414,42.2024006],[114.2890902,42.2031277],[114.2888369,42.2038768],[114.2886839,42.2046407],[114.2886328,42.205412],[114.2886839,42.2061833],[114.2888369,42.2069472],[114.2890902,42.2076963],[114.2894414,42.2084234],[114.2898871,42.2091215],[114.2904231,42.2097838],[114.2910441,42.2104041],[114.2917442,42.2109763],[114.2925167,42.2114949],[114.293354,42.2119549],[114.2942482,42.2123519],[114.2951907,42.2126821],[114.2961722,42.2129422],[114.2971835,42.2131299],[114.2982147,42.2132432],[114.299256,42.2132811]]]},"properties":{"name":"1580无名峰(5)","peak_elev":1580,"radius_m":875,"layer":"ATS峰值响应半径","rank_pct":0.3633,"center_lon":114.299256,"center_lat":42.205412,"max_mean_jut":22.8175,"max_ats":16.5427,"r_jmean_peak":750,"r_ats_peak":875,"r_ats_marginal":437.5,"ats_marginal_rate_max":0.028051568092590472,"ats_marginal_interval_start":375.0,"ats_marginal_interval_end":500.0,"is_expanded":false}},{"type":"Feature","geometry":{"type":"Polygon","coordinates":[[[113.8332977,41.7219931],[113.834331,41.7219552],[113.8353543,41.7218419],[113.8363578,41.7216542],[113.8373318,41.7213941],[113.838267,41.7210639],[113.8391544,41.7206669],[113.8399853,41.7202069],[113.8407518,41.7196883],[113.8414465,41.7191161],[113.8420628,41.7184958],[113.8425946,41.7178335],[113.8430369,41.7171354],[113.8433855,41.7164083],[113.8436368,41.7156592],[113.8437886,41.7148953],[113.8438394,41.714124],[113.8437886,41.7133527],[113.8436368,41.7125888],[113.8433855,41.7118397],[113.8430369,41.7111126],[113.8425946,41.7104145],[113.8420628,41.7097522],[113.8414465,41.7091319],[113.8407518,41.7085597],[113.8399853,41.7080411],[113.8391544,41.7075811],[113.838267,41.7071841],[113.8373318,41.7068539],[113.8363578,41.7065938],[113.8353543,41.7064061],[113.834331,41.7062928],[113.8332977,41.7062549],[113.8322645,41.7062928],[113.8312412,41.7064061],[113.8302377,41.7065938],[113.8292636,41.7068539],[113.8283284,41.7071841],[113.8274411,41.7075811],[113.8266102,41.7080411],[113.8258437,41.7085597],[113.8251489,41.7091319],[113.8245327,41.7097522],[113.8240008,41.7104145],[113.8235585,41.7111126],[113.82321,41.7118397],[113.8229586,41.7125888],[113.8228068,41.7133527],[113.8227561,41.714124],[113.8228068,41.7148953],[113.8229586,41.7156592],[113.82321,41.7164083],[113.8235585,41.7171354],[113.8240008,41.7178335],[113.8245327,41.7184958],[113.8251489,41.7191161],[113.8258437,41.7196883],[113.8266102,41.7202069],[113.8274411,41.7206669],[113.8283284,41.7210639],[113.8292636,41.7213941],[113.8302377,41.7216542],[113.8312412,41.7218419],[113.8322645,41.7219552],[113.8332977,41.7219931]]]},"properties":{"name":"1585无名峰(2)","peak_elev":1585,"radius_m":875,"layer":"ATS峰值响应半径","rank_pct":0.3633,"center_lon":113.8332977294922,"center_lat":41.714124,"max_mean_jut":13.5979,"max_ats":7.6464,"r_jmean_peak":750,"r_ats_peak":875,"r_ats_marginal":187.5,"ats_marginal_rate_max":0.012067741996709533,"ats_marginal_interval_start":125.0,"ats_marginal_interval_end":250.0,"is_expanded":false}},{"type":"Feature","geometry":{"type":"Polygon","coordinates":[[[114.370268,42.2091041],[114.3713092,42.2090662],[114.3723404,42.2089529],[114.3733516,42.2087652],[114.3743331,42.2085051],[114.3752754,42.2081749],[114.3761696,42.2077779],[114.3770069,42.2073179],[114.3777793,42.2067993],[114.3784793,42.2062271],[114.3791003,42.2056068],[114.3796362,42.2049445],[114.3800819,42.2042464],[114.3804331,42.2035193],[114.3806864,42.2027702],[114.3808394,42.2020063],[114.3808905,42.201235],[114.3808394,42.2004637],[114.3806864,42.1996998],[114.3804331,42.1989507],[114.3800819,42.1982236],[114.3796362,42.1975255],[114.3791003,42.1968632],[114.3784793,42.1962429],[114.3777793,42.1956707],[114.3770069,42.1951521],[114.3761696,42.1946921],[114.3752754,42.1942951],[114.3743331,42.1939649],[114.3733516,42.1937048],[114.3723404,42.1935171],[114.3713092,42.1934038],[114.370268,42.1933659],[114.3692268,42.1934038],[114.3681956,42.1935171],[114.3671844,42.1937048],[114.3662029,42.1939649],[114.3652606,42.1942951],[114.3643664,42.1946921],[114.3635291,42.1951521],[114.3627567,42.1956707],[114.3620567,42.1962429],[114.3614357,42.1968632],[114.3608998,42.1975255],[114.3604541,42.1982236],[114.3601029,42.1989507],[114.3598496,42.1996998],[114.3596966,42.2004637],[114.3596455,42.201235],[114.3596966,42.2020063],[114.3598496,42.2027702],[114.3601029,42.2035193],[114.3604541,42.2042464],[114.3608998,42.2049445],[114.3614357,42.2056068],[114.3620567,42.2062271],[114.3627567,42.2067993],[114.3635291,42.2073179],[114.3643664,42.2077779],[114.3652606,42.2081749],[114.3662029,42.2085051],[114.3671844,42.2087652],[114.3681956,42.2089529],[114.3692268,42.2090662],[114.370268,42.2091041]]]},"properties":{"name":"1596无名峰(3)","peak_elev":1596,"radius_m":875,"layer":"ATS峰值响应半径","rank_pct":0.3633,"center_lon":114.370268,"center_lat":42.201235,"max_mean_jut":18.3091,"max_ats":11.5894,"r_jmean_peak":750,"r_ats_peak":875,"r_ats_marginal":187.5,"ats_marginal_rate_max":0.03514737890410949,"ats_marginal_interval_start":125.0,"ats_marginal_interval_end":250.0,"is_expanded":false}},{"type":"Feature","geometry":{"type":"Polygon","coordinates":[[[113.907546,41.9842111],[113.9085835,41.9841732],[113.909611,41.9840599],[113.9106186,41.9838722],[113.9115967,41.9836121],[113.9125357,41.9832819],[113.9134267,41.9828849],[113.914261,41.9824249],[113.9150307,41.9819063],[113.9157283,41.9813341],[113.9163471,41.9807138],[113.9168811,41.9800515],[113.9173252,41.9793534],[113.9176752,41.9786263],[113.9179275,41.9778772],[113.91808,41.9771133],[113.9181309,41.976342],[113.91808,41.9755707],[113.9179275,41.9748068],[113.9176752,41.9740577],[113.9173252,41.9733306],[113.9168811,41.9726325],[113.9163471,41.9719702],[113.9157283,41.9713499],[113.9150307,41.9707777],[113.914261,41.9702591],[113.9134267,41.9697991],[113.9125357,41.9694021],[113.9115967,41.9690719],[113.9106186,41.9688118],[113.909611,41.9686241],[113.9085835,41.9685108],[113.907546,41.9684729],[113.9065085,41.9685108],[113.905481,41.9686241],[113.9044734,41.9688118],[113.9034953,41.9690719],[113.9025563,41.9694021],[113.9016653,41.9697991],[113.900831,41.9702591],[113.9000613,41.9707777],[113.8993637,41.9713499],[113.8987449,41.9719702],[113.8982109,41.9726325],[113.8977668,41.9733306],[113.8974168,41.9740577],[113.8971645,41.9748068],[113.897012,41.9755707],[113.8969611,41.976342],[113.897012,41.9771133],[113.8971645,41.9778772],[113.8974168,41.9786263],[113.8977668,41.9793534],[113.8982109,41.9800515],[113.8987449,41.9807138],[113.8993637,41.9813341],[113.9000613,41.9819063],[113.900831,41.9824249],[113.9016653,41.9828849],[113.9025563,41.9832819],[113.9034953,41.9836121],[113.9044734,41.9838722],[113.905481,41.9840599],[113.9065085,41.9841732],[113.907546,41.9842111]]]},"properties":{"name":"哈布其林敖包1624","peak_elev":1624,"radius_m":875,"layer":"ATS峰值响应半径","rank_pct":0.3633,"center_lon":113.907546,"center_lat":41.976342,"max_mean_jut":10.6096,"max_ats":7.2503,"r_jmean_peak":375,"r_ats_peak":875,"r_ats_marginal":187.5,"ats_marginal_rate_max":0.02246940730638066,"ats_marginal_interval_start":125.0,"ats_marginal_interval_end":250.0,"is_expanded":false}},{"type":"Feature","geometry":{"type":"Polygon","coordinates":[[[113.601355,41.7391501],[113.6023885,41.7391122],[113.6034121,41.7389989],[113.6044159,41.7388112],[113.6053902,41.7385511],[113.6063256,41.7382209],[113.6072132,41.7378239],[113.6080443,41.7373639],[113.6088111,41.7368453],[113.609506,41.7362731],[113.6101224,41.7356528],[113.6106544,41.7349905],[113.6110968,41.7342924],[113.6114454,41.7335653],[113.6116968,41.7328162],[113.6118487,41.7320523],[113.6118995,41.731281],[113.6118487,41.7305097],[113.6116968,41.7297458],[113.6114454,41.7289967],[113.6110968,41.7282696],[113.6106544,41.7275715],[113.6101224,41.7269092],[113.609506,41.7262889],[113.6088111,41.7257167],[113.6080443,41.7251981],[113.6072132,41.7247381],[113.6063256,41.7243411],[113.6053902,41.7240109],[113.6044159,41.7237508],[113.6034121,41.7235631],[113.6023885,41.7234498],[113.601355,41.7234119],[113.6003215,41.7234498],[113.5992979,41.7235631],[113.5982941,41.7237508],[113.5973198,41.7240109],[113.5963844,41.7243411],[113.5954968,41.7247381],[113.5946657,41.7251981],[113.5938989,41.7257167],[113.593204,41.7262889],[113.5925876,41.7269092],[113.5920556,41.7275715],[113.5916132,41.7282696],[113.5912646,41.7289967],[113.5910132,41.7297458],[113.5908613,41.7305097],[113.5908105,41.731281],[113.5908613,41.7320523],[113.5910132,41.7328162],[113.5912646,41.7335653],[113.5916132,41.7342924],[113.5920556,41.7349905],[113.5925876,41.7356528],[113.593204,41.7362731],[113.5938989,41.7368453],[113.5946657,41.7373639],[113.5954968,41.7378239],[113.5963844,41.7382209],[113.5973198,41.7385511],[113.5982941,41.7388112],[113.5992979,41.7389989],[113.6003215,41.7391122],[113.601355,41.7391501]]]},"properties":{"name":"1629无名峰(1)","peak_elev":1629,"radius_m":875,"layer":"ATS峰值响应半径","rank_pct":0.3633,"center_lon":113.601355,"center_lat":41.731281,"max_mean_jut":12.8536,"max_ats":7.9504,"r_jmean_peak":500,"r_ats_peak":875,"r_ats_marginal":187.5,"ats_marginal_rate_max":0.02833726145260809,"ats_marginal_interval_start":125.0,"ats_marginal_interval_end":250.0,"is_expanded":false}},{"type":"Feature","geometry":{"type":"Polygon","coordinates":[[[113.047454,41.6265921],[113.0484857,41.6265542],[113.0495075,41.6264409],[113.0505095,41.6262532],[113.0514821,41.6259931],[113.0524159,41.6256629],[113.053302,41.6252659],[113.0541316,41.6248059],[113.054897,41.6242873],[113.0555907,41.6237151],[113.0562061,41.6230948],[113.0567371,41.6224325],[113.0571788,41.6217344],[113.0575268,41.6210073],[113.0577778,41.6202582],[113.0579293,41.6194943],[113.05798,41.618723],[113.0579293,41.6179517],[113.0577778,41.6171878],[113.0575268,41.6164387],[113.0571788,41.6157116],[113.0567371,41.6150135],[113.0562061,41.6143512],[113.0555907,41.6137309],[113.054897,41.6131587],[113.0541316,41.6126401],[113.053302,41.6121801],[113.0524159,41.6117831],[113.0514821,41.6114529],[113.0505095,41.6111928],[113.0495075,41.6110051],[113.0484857,41.6108918],[113.047454,41.6108539],[113.0464223,41.6108918],[113.0454005,41.6110051],[113.0443985,41.6111928],[113.0434259,41.6114529],[113.0424921,41.6117831],[113.041606,41.6121801],[113.0407764,41.6126401],[113.040011,41.6131587],[113.0393173,41.6137309],[113.0387019,41.6143512],[113.0381709,41.6150135],[113.0377292,41.6157116],[113.0373812,41.6164387],[113.0371302,41.6171878],[113.0369787,41.6179517],[113.036928,41.618723],[113.0369787,41.6194943],[113.0371302,41.6202582],[113.0373812,41.6210073],[113.0377292,41.6217344],[113.0381709,41.6224325],[113.0387019,41.6230948],[113.0393173,41.6237151],[113.040011,41.6242873],[113.0407764,41.6248059],[113.041606,41.6252659],[113.0424921,41.6256629],[113.0434259,41.6259931],[113.0443985,41.6262532],[113.0454005,41.6264409],[113.0464223,41.6265542],[113.047454,41.6265921]]]},"properties":{"name":"1642无名峰(2)","peak_elev":1642,"radius_m":875,"layer":"ATS峰值响应半径","rank_pct":0.3633,"center_lon":113.047454,"center_lat":41.618723,"max_mean_jut":8.9148,"max_ats":4.7907,"r_jmean_peak":875,"r_ats_peak":875,"r_ats_marginal":187.5,"ats_marginal_rate_max":0.010919908965363264,"ats_marginal_interval_start":125.0,"ats_marginal_interval_end":250.0,"is_expanded":false}},{"type":"Feature","geometry":{"type":"Polygon","coordinates":[[[114.269477,42.1235401],[114.2705168,42.1235022],[114.2715466,42.1233889],[114.2725564,42.1232012],[114.2735366,42.1229411],[114.2744777,42.1226109],[114.2753706,42.1222139],[114.2762068,42.1217539],[114.2769781,42.1212353],[114.2776772,42.1206631],[114.2782974,42.1200428],[114.2788326,42.1193805],[114.2792777,42.1186824],[114.2796284,42.1179553],[114.2798813,42.1172062],[114.2800341,42.1164423],[114.2800852,42.115671],[114.2800341,42.1148997],[114.2798813,42.1141358],[114.2796284,42.1133867],[114.2792777,42.1126596],[114.2788326,42.1119615],[114.2782974,42.1112992],[114.2776772,42.1106789],[114.2769781,42.1101067],[114.2762068,42.1095881],[114.2753706,42.1091281],[114.2744777,42.1087311],[114.2735366,42.1084009],[114.2725564,42.1081408],[114.2715466,42.1079531],[114.2705168,42.1078398],[114.269477,42.1078019],[114.2684372,42.1078398],[114.2674074,42.1079531],[114.2663976,42.1081408],[114.2654174,42.1084009],[114.2644763,42.1087311],[114.2635834,42.1091281],[114.2627472,42.1095881],[114.2619759,42.1101067],[114.2612768,42.1106789],[114.2606566,42.1112992],[114.2601214,42.1119615],[114.2596763,42.1126596],[114.2593256,42.1133867],[114.2590727,42.1141358],[114.2589199,42.1148997],[114.2588688,42.115671],[114.2589199,42.1164423],[114.2590727,42.1172062],[114.2593256,42.1179553],[114.2596763,42.1186824],[114.2601214,42.1193805],[114.2606566,42.1200428],[114.2612768,42.1206631],[114.2619759,42.1212353],[114.2627472,42.1217539],[114.2635834,42.1222139],[114.2644763,42.1226109],[114.2654174,42.1229411],[114.2663976,42.1232012],[114.2674074,42.1233889],[114.2684372,42.1235022],[114.269477,42.1235401]]]},"properties":{"name":"1662无名峰(6)","peak_elev":1662,"radius_m":875,"layer":"ATS峰值响应半径","rank_pct":0.3633,"center_lon":114.269477,"center_lat":42.115671,"max_mean_jut":15.1626,"max_ats":8.5547,"r_jmean_peak":750,"r_ats_peak":875,"r_ats_marginal":187.5,"ats_marginal_rate_max":0.029889986280945913,"ats_marginal_interval_start":125.0,"ats_marginal_interval_end":250.0,"is_expanded":false}},{"type":"Feature","geometry":{"type":"Polygon","coordinates":[[[113.515566,41.7036671],[113.516599,41.7036292],[113.517622,41.7035159],[113.5186252,41.7033282],[113.519599,41.7030681],[113.5205339,41.7027379],[113.521421,41.7023409],[113.5222516,41.7018809],[113.5230179,41.7013623],[113.5237125,41.7007901],[113.5243286,41.7001698],[113.5248602,41.6995075],[113.5253024,41.6988094],[113.5256508,41.6980823],[113.5259021,41.6973332],[113.5260539,41.6965693],[113.5261046,41.695798],[113.5260539,41.6950267],[113.5259021,41.6942628],[113.5256508,41.6935137],[113.5253024,41.6927866],[113.5248602,41.6920885],[113.5243286,41.6914262],[113.5237125,41.6908059],[113.5230179,41.6902337],[113.5222516,41.6897151],[113.521421,41.6892551],[113.5205339,41.6888581],[113.519599,41.6885279],[113.5186252,41.6882678],[113.517622,41.6880801],[113.516599,41.6879668],[113.515566,41.6879289],[113.514533,41.6879668],[113.51351,41.6880801],[113.5125068,41.6882678],[113.511533,41.6885279],[113.5105981,41.6888581],[113.509711,41.6892551],[113.5088804,41.6897151],[113.5081141,41.6902337],[113.5074195,41.6908059],[113.5068034,41.6914262],[113.5062718,41.6920885],[113.5058296,41.6927866],[113.5054812,41.6935137],[113.5052299,41.6942628],[113.5050781,41.6950267],[113.5050274,41.695798],[113.5050781,41.6965693],[113.5052299,41.6973332],[113.5054812,41.6980823],[113.5058296,41.6988094],[113.5062718,41.6995075],[113.5068034,41.7001698],[113.5074195,41.7007901],[113.5081141,41.7013623],[113.5088804,41.7018809],[113.509711,41.7023409],[113.5105981,41.7027379],[113.511533,41.7030681],[113.5125068,41.7033282],[113.51351,41.7035159],[113.514533,41.7036292],[113.515566,41.7036671]]]},"properties":{"name":"1666无名峰","peak_elev":1666,"radius_m":875,"layer":"ATS峰值响应半径","rank_pct":0.3633,"center_lon":113.515566,"center_lat":41.695798,"max_mean_jut":25.7295,"max_ats":17.8568,"r_jmean_peak":750,"r_ats_peak":875,"r_ats_marginal":187.5,"ats_marginal_rate_max":0.04654939734878395,"ats_marginal_interval_start":125.0,"ats_marginal_interval_end":250.0,"is_expanded":false}},{"type":"Feature","geometry":{"type":"Polygon","coordinates":[[[113.189073,41.7772401],[113.1901072,41.7772022],[113.1911313,41.7770889],[113.1921357,41.7769013],[113.1931106,41.7766411],[113.1940466,41.7763109],[113.1949347,41.7759139],[113.1957663,41.7754539],[113.1965335,41.7749353],[113.1972288,41.7743631],[113.1978456,41.7737429],[113.1983779,41.7730805],[113.1988206,41.7723824],[113.1991694,41.7716553],[113.199421,41.7709062],[113.1995729,41.7701423],[113.1996237,41.769371],[113.1995729,41.7685997],[113.199421,41.7678359],[113.1991694,41.7670868],[113.1988206,41.7663597],[113.1983779,41.7656616],[113.1978456,41.7649992],[113.1972288,41.764379],[113.1965335,41.7638068],[113.1957663,41.7632882],[113.1949347,41.7628281],[113.1940466,41.7624311],[113.1931106,41.762101],[113.1921357,41.7618408],[113.1911313,41.7616532],[113.1901072,41.7615399],[113.189073,41.761502],[113.1880388,41.7615399],[113.1870147,41.7616532],[113.1860103,41.7618408],[113.1850354,41.762101],[113.1840994,41.7624311],[113.1832113,41.7628281],[113.1823797,41.7632882],[113.1816125,41.7638068],[113.1809172,41.764379],[113.1803004,41.7649992],[113.1797681,41.7656616],[113.1793254,41.7663597],[113.1789766,41.7670868],[113.178725,41.7678359],[113.1785731,41.7685997],[113.1785223,41.769371],[113.1785731,41.7701423],[113.178725,41.7709062],[113.1789766,41.7716553],[113.1793254,41.7723824],[113.1797681,41.7730805],[113.1803004,41.7737429],[113.1809172,41.7743631],[113.1816125,41.7749353],[113.1823797,41.7754539],[113.1832113,41.7759139],[113.1840994,41.7763109],[113.1850354,41.7766411],[113.1860103,41.7769013],[113.1870147,41.7770889],[113.1880388,41.7772022],[113.189073,41.7772401]]]},"properties":{"name":"1713无名峰","peak_elev":1713,"radius_m":875,"layer":"ATS峰值响应半径","rank_pct":0.3633,"center_lon":113.189073,"center_lat":41.76937103271485,"max_mean_jut":14.8427,"max_ats":9.7037,"r_jmean_peak":750,"r_ats_peak":875,"r_ats_marginal":187.5,"ats_marginal_rate_max":0.018772744855564395,"ats_marginal_interval_start":125.0,"ats_marginal_interval_end":250.0,"is_expanded":false}},{"type":"Feature","geometry":{"type":"Polygon","coordinates":[[[113.300779,41.8217061],[113.3018139,41.8216682],[113.3028388,41.8215549],[113.3038438,41.8213672],[113.3048194,41.8211071],[113.305756,41.8207769],[113.3066447,41.8203799],[113.3074769,41.8199199],[113.3082447,41.8194013],[113.3089405,41.8188291],[113.3095577,41.8182088],[113.3100904,41.8175465],[113.3105334,41.8168484],[113.3108824,41.8161213],[113.3111342,41.8153722],[113.3112862,41.8146083],[113.311337,41.813837],[113.3112862,41.8130657],[113.3111342,41.8123018],[113.3108824,41.8115527],[113.3105334,41.8108256],[113.3100904,41.8101275],[113.3095577,41.8094652],[113.3089405,41.8088449],[113.3082447,41.8082727],[113.3074769,41.8077541],[113.3066447,41.8072941],[113.305756,41.8068971],[113.3048194,41.8065669],[113.3038438,41.8063068],[113.3028388,41.8061191],[113.3018139,41.8060058],[113.300779,41.8059679],[113.2997441,41.8060058],[113.2987192,41.8061191],[113.2977142,41.8063068],[113.2967386,41.8065669],[113.295802,41.8068971],[113.2949133,41.8072941],[113.2940811,41.8077541],[113.2933133,41.8082727],[113.2926175,41.8088449],[113.2920003,41.8094652],[113.2914676,41.8101275],[113.2910246,41.8108256],[113.2906756,41.8115527],[113.2904238,41.8123018],[113.2902718,41.8130657],[113.290221,41.813837],[113.2902718,41.8146083],[113.2904238,41.8153722],[113.2906756,41.8161213],[113.2910246,41.8168484],[113.2914676,41.8175465],[113.2920003,41.8182088],[113.2926175,41.8188291],[113.2933133,41.8194013],[113.2940811,41.8199199],[113.2949133,41.8203799],[113.295802,41.8207769],[113.2967386,41.8211071],[113.2977142,41.8213672],[113.2987192,41.8215549],[113.2997441,41.8216682],[113.300779,41.8217061]]]},"properties":{"name":"1734无名峰","peak_elev":1734,"radius_m":875,"layer":"ATS峰值响应半径","rank_pct":0.3633,"center_lon":113.300779,"center_lat":41.813837,"max_mean_jut":15.8271,"max_ats":9.7472,"r_jmean_peak":625,"r_ats_peak":875,"r_ats_marginal":312.5,"ats_marginal_rate_max":0.012908061069592023,"ats_marginal_interval_start":250.0,"ats_marginal_interval_end":375.0,"is_expanded":false}},{"type":"Feature","geometry":{"type":"Polygon","coordinates":[[[113.222356,41.7669981],[113.22339,41.7669602],[113.224414,41.7668469],[113.2254182,41.7666592],[113.2263929,41.7663991],[113.2273288,41.7660689],[113.2282167,41.7656719],[113.2290482,41.7652119],[113.2298153,41.7646933],[113.2305105,41.7641211],[113.2311272,41.7635008],[113.2316594,41.7628385],[113.232102,41.7621404],[113.2324508,41.7614133],[113.2327023,41.7606642],[113.2328542,41.7599003],[113.232905,41.759129],[113.2328542,41.7583577],[113.2327023,41.7575938],[113.2324508,41.7568447],[113.232102,41.7561176],[113.2316594,41.7554195],[113.2311272,41.7547572],[113.2305105,41.7541369],[113.2298153,41.7535647],[113.2290482,41.7530461],[113.2282167,41.7525861],[113.2273288,41.7521891],[113.2263929,41.7518589],[113.2254182,41.7515988],[113.224414,41.7514111],[113.22339,41.7512978],[113.222356,41.7512599],[113.221322,41.7512978],[113.220298,41.7514111],[113.2192938,41.7515988],[113.2183191,41.7518589],[113.2173832,41.7521891],[113.2164953,41.7525861],[113.2156638,41.7530461],[113.2148967,41.7535647],[113.2142015,41.7541369],[113.2135848,41.7547572],[113.2130526,41.7554195],[113.21261,41.7561176],[113.2122612,41.7568447],[113.2120097,41.7575938],[113.2118578,41.7583577],[113.211807,41.759129],[113.2118578,41.7599003],[113.2120097,41.7606642],[113.2122612,41.7614133],[113.21261,41.7621404],[113.2130526,41.7628385],[113.2135848,41.7635008],[113.2142015,41.7641211],[113.2148967,41.7646933],[113.2156638,41.7652119],[113.2164953,41.7656719],[113.2173832,41.7660689],[113.2183191,41.7663991],[113.2192938,41.7666592],[113.220298,41.7668469],[113.221322,41.7669602],[113.222356,41.7669981]]]},"properties":{"name":"1758无名峰","peak_elev":1758,"radius_m":875,"layer":"ATS峰值响应半径","rank_pct":0.3633,"center_lon":113.222356,"center_lat":41.759129,"max_mean_jut":12.6357,"max_ats":6.8609,"r_jmean_peak":750,"r_ats_peak":875,"r_ats_marginal":187.5,"ats_marginal_rate_max":0.014634235318104484,"ats_marginal_interval_start":125.0,"ats_marginal_interval_end":250.0,"is_expanded":false}},{"type":"Feature","geometry":{"type":"Polygon","coordinates":[[[113.250249,41.8182023],[113.2512838,41.8181644],[113.2523087,41.8180511],[113.2533137,41.8178635],[113.2542892,41.8176033],[113.2552258,41.8172731],[113.2561144,41.8168761],[113.2569466,41.8164161],[113.2577143,41.8158975],[113.25841,41.8153253],[113.2590272,41.8147051],[113.2595598,41.8140427],[113.2600028,41.8133446],[113.2603519,41.8126175],[113.2606036,41.8118684],[113.2607556,41.8111046],[113.2608065,41.8103333],[113.2607556,41.8095619],[113.2606036,41.8087981],[113.2603519,41.808049],[113.2600028,41.8073219],[113.2595598,41.8066238],[113.2590272,41.8059614],[113.25841,41.8053412],[113.2577143,41.804769],[113.2569466,41.8042504],[113.2561144,41.8037904],[113.2552258,41.8033934],[113.2542892,41.8030632],[113.2533137,41.802803],[113.2523087,41.8026154],[113.2512838,41.8025021],[113.250249,41.8024642],[113.2492142,41.8025021],[113.2481893,41.8026154],[113.2471843,41.802803],[113.2462088,41.8030632],[113.2452722,41.8033934],[113.2443836,41.8037904],[113.2435514,41.8042504],[113.2427837,41.804769],[113.242088,41.8053412],[113.2414708,41.8059614],[113.2409382,41.8066238],[113.2404952,41.8073219],[113.2401461,41.808049],[113.2398944,41.8087981],[113.2397424,41.8095619],[113.2396915,41.8103333],[113.2397424,41.8111046],[113.2398944,41.8118684],[113.2401461,41.8126175],[113.2404952,41.8133446],[113.2409382,41.8140427],[113.2414708,41.8147051],[113.242088,41.8153253],[113.2427837,41.8158975],[113.2435514,41.8164161],[113.2443836,41.8168761],[113.2452722,41.8172731],[113.2462088,41.8176033],[113.2471843,41.8178635],[113.2481893,41.8180511],[113.2492142,41.8181644],[113.250249,41.8182023]]]},"properties":{"name":"1772无名峰","peak_elev":1772,"radius_m":875,"layer":"ATS峰值响应半径","rank_pct":0.3633,"center_lon":113.250249,"center_lat":41.810333251953125,"max_mean_jut":18.0462,"max_ats":10.5126,"r_jmean_peak":750,"r_ats_peak":875,"r_ats_marginal":187.5,"ats_marginal_rate_max":0.02740340358056633,"ats_marginal_interval_start":125.0,"ats_marginal_interval_end":250.0,"is_expanded":false}},{"type":"Feature","geometry":{"type":"Polygon","coordinates":[[[113.325033,42.2744571],[113.3260753,42.2744192],[113.3271075,42.2743059],[113.3281198,42.2741182],[113.3291023,42.2738581],[113.3300456,42.2735279],[113.3309407,42.2731309],[113.3317788,42.2726709],[113.332552,42.2721523],[113.3332528,42.2715801],[113.3338745,42.2709598],[113.3344109,42.2702975],[113.3348571,42.2695994],[113.3352087,42.2688723],[113.3354622,42.2681232],[113.3356153,42.2673593],[113.3356665,42.266588],[113.3356153,42.2658167],[113.3354622,42.2650528],[113.3352087,42.2643037],[113.3348571,42.2635766],[113.3344109,42.2628785],[113.3338745,42.2622162],[113.3332528,42.2615959],[113.332552,42.2610237],[113.3317788,42.2605051],[113.3309407,42.2600451],[113.3300456,42.2596481],[113.3291023,42.2593179],[113.3281198,42.2590578],[113.3271075,42.2588701],[113.3260753,42.2587568],[113.325033,42.2587189],[113.3239907,42.2587568],[113.3229585,42.2588701],[113.3219462,42.2590578],[113.3209637,42.2593179],[113.3200204,42.2596481],[113.3191253,42.2600451],[113.3182872,42.2605051],[113.317514,42.2610237],[113.3168132,42.2615959],[113.3161915,42.2622162],[113.3156551,42.2628785],[113.3152089,42.2635766],[113.3148573,42.2643037],[113.3146038,42.2650528],[113.3144507,42.2658167],[113.3143995,42.266588],[113.3144507,42.2673593],[113.3146038,42.2681232],[113.3148573,42.2688723],[113.3152089,42.2695994],[113.3156551,42.2702975],[113.3161915,42.2709598],[113.3168132,42.2715801],[113.317514,42.2721523],[113.3182872,42.2726709],[113.3191253,42.2731309],[113.3200204,42.2735279],[113.3209637,42.2738581],[113.3219462,42.2741182],[113.3229585,42.2743059],[113.3239907,42.2744192],[113.325033,42.2744571]]]},"properties":{"name":"阿拉坦敖包1413","peak_elev":1413,"radius_m":875,"layer":"ATS峰值响应半径","rank_pct":0.3633,"center_lon":113.325033,"center_lat":42.266588,"max_mean_jut":10.3074,"max_ats":6.5264,"r_jmean_peak":875,"r_ats_peak":875,"r_ats_marginal":187.5,"ats_marginal_rate_max":0.011103045239915628,"ats_marginal_interval_start":125.0,"ats_marginal_interval_end":250.0,"is_expanded":false}},{"type":"Feature","geometry":{"type":"Polygon","coordinates":[[[114.450038,42.4013419],[114.4509332,42.4013094],[114.4518198,42.4012123],[114.4526892,42.4010515],[114.4535331,42.4008285],[114.4543433,42.4005455],[114.455112,42.4002052],[114.4558319,42.3998109],[114.456496,42.3993664],[114.4570979,42.3988759],[114.4576318,42.3983443],[114.4580926,42.3977765],[114.4584758,42.3971782],[114.4587778,42.3965549],[114.4589955,42.3959129],[114.459127,42.3952581],[114.459171,42.394597],[114.459127,42.3939359],[114.4589955,42.3932811],[114.4587778,42.3926391],[114.4584758,42.3920158],[114.4580926,42.3914175],[114.4576318,42.3908497],[114.4570979,42.3903181],[114.456496,42.3898276],[114.4558319,42.3893831],[114.455112,42.3889888],[114.4543433,42.3886485],[114.4535331,42.3883655],[114.4526892,42.3881425],[114.4518198,42.3879817],[114.4509332,42.3878846],[114.450038,42.3878521],[114.4491428,42.3878846],[114.4482562,42.3879817],[114.4473868,42.3881425],[114.4465429,42.3883655],[114.4457327,42.3886485],[114.444964,42.3889888],[114.4442441,42.3893831],[114.44358,42.3898276],[114.4429781,42.3903181],[114.4424442,42.3908497],[114.4419834,42.3914175],[114.4416002,42.3920158],[114.4412982,42.3926391],[114.4410805,42.3932811],[114.440949,42.3939359],[114.440905,42.394597],[114.440949,42.3952581],[114.4410805,42.3959129],[114.4412982,42.3965549],[114.4416002,42.3971782],[114.4419834,42.3977765],[114.4424442,42.3983443],[114.4429781,42.3988759],[114.44358,42.3993664],[114.4442441,42.3998109],[114.444964,42.4002052],[114.4457327,42.4005455],[114.4465429,42.4008285],[114.4473868,42.4010515],[114.4482562,42.4012123],[114.4491428,42.4013094],[114.450038,42.4013419]]]},"properties":{"name":"1393无名峰","peak_elev":1393,"radius_m":750,"layer":"ATS峰值响应半径","rank_pct":0.4419,"center_lon":114.450038,"center_lat":42.394597,"max_mean_jut":6.8433,"max_ats":3.7322,"r_jmean_peak":250,"r_ats_peak":750,"r_ats_marginal":187.5,"ats_marginal_rate_max":0.0031434632068567296,"ats_marginal_interval_start":125.0,"ats_marginal_interval_end":250.0,"is_expanded":false}},{"type":"Feature","geometry":{"type":"Polygon","coordinates":[[[113.1668396,42.1207989],[113.1677308,42.1207664],[113.1686135,42.1206693],[113.169479,42.1205085],[113.1703191,42.1202855],[113.1711258,42.1200025],[113.1718911,42.1196622],[113.1726078,42.1192679],[113.173269,42.1188234],[113.1738682,42.1183329],[113.1743997,42.1178013],[113.1748585,42.1172335],[113.17524,42.1166352],[113.1755406,42.1160119],[113.1757574,42.1153699],[113.1758883,42.1147151],[113.1759321,42.114054],[113.1758883,42.1133929],[113.1757574,42.1127381],[113.1755406,42.1120961],[113.17524,42.1114728],[113.1748585,42.1108745],[113.1743997,42.1103067],[113.1738682,42.1097751],[113.173269,42.1092846],[113.1726078,42.1088401],[113.1718911,42.1084458],[113.1711258,42.1081055],[113.1703191,42.1078225],[113.169479,42.1075995],[113.1686135,42.1074387],[113.1677308,42.1073416],[113.1668396,42.1073091],[113.1659484,42.1073416],[113.1650657,42.1074387],[113.1642002,42.1075995],[113.1633601,42.1078225],[113.1625534,42.1081055],[113.1617881,42.1084458],[113.1610714,42.1088401],[113.1604102,42.1092846],[113.159811,42.1097751],[113.1592795,42.1103067],[113.1588207,42.1108745],[113.1584392,42.1114728],[113.1581386,42.1120961],[113.1579218,42.1127381],[113.1577909,42.1133929],[113.1577471,42.114054],[113.1577909,42.1147151],[113.1579218,42.1153699],[113.1581386,42.1160119],[113.1584392,42.1166352],[113.1588207,42.1172335],[113.1592795,42.1178013],[113.159811,42.1183329],[113.1604102,42.1188234],[113.1610714,42.1192679],[113.1617881,42.1196622],[113.1625534,42.1200025],[113.1633601,42.1202855],[113.1642002,42.1205085],[113.1650657,42.1206693],[113.1659484,42.1207664],[113.1668396,42.1207989]]]},"properties":{"name":"黑山1445","peak_elev":1445,"radius_m":750,"layer":"ATS峰值响应半径","rank_pct":0.4419,"center_lon":113.16683959960938,"center_lat":42.114054,"max_mean_jut":9.4909,"max_ats":6.9302,"r_jmean_peak":625,"r_ats_peak":750,"r_ats_marginal":187.5,"ats_marginal_rate_max":0.020027805484532504,"ats_marginal_interval_start":125.0,"ats_marginal_interval_end":250.0,"is_expanded":false}},{"type":"Feature","geometry":{"type":"Polygon","coordinates":[[[113.956729,42.1613584],[113.9576208,42.1613259],[113.958504,42.1612288],[113.9593701,42.161068],[113.9602108,42.160845],[113.9610179,42.160562],[113.9617838,42.1602217],[113.9625009,42.1598274],[113.9631625,42.1593829],[113.9637621,42.1588924],[113.964294,42.1583608],[113.964753,42.157793],[113.9651347,42.1571947],[113.9654355,42.1565714],[113.9656525,42.1559294],[113.9657835,42.1552746],[113.9658273,42.1546135],[113.9657835,42.1539524],[113.9656525,42.1532976],[113.9654355,42.1526556],[113.9651347,42.1520323],[113.964753,42.151434],[113.964294,42.1508662],[113.9637621,42.1503346],[113.9631625,42.1498441],[113.9625009,42.1493996],[113.9617838,42.1490053],[113.9610179,42.148665],[113.9602108,42.148382],[113.9593701,42.148159],[113.958504,42.1479982],[113.9576208,42.1479011],[113.956729,42.1478686],[113.9558372,42.1479011],[113.954954,42.1479982],[113.9540879,42.148159],[113.9532472,42.148382],[113.9524401,42.148665],[113.9516742,42.1490053],[113.9509571,42.1493996],[113.9502955,42.1498441],[113.9496959,42.1503346],[113.949164,42.1508662],[113.948705,42.151434],[113.9483233,42.1520323],[113.9480225,42.1526556],[113.9478055,42.1532976],[113.9476745,42.1539524],[113.9476307,42.1546135],[113.9476745,42.1552746],[113.9478055,42.1559294],[113.9480225,42.1565714],[113.9483233,42.1571947],[113.948705,42.157793],[113.949164,42.1583608],[113.9496959,42.1588924],[113.9502955,42.1593829],[113.9509571,42.1598274],[113.9516742,42.1602217],[113.9524401,42.160562],[113.9532472,42.160845],[113.9540879,42.161068],[113.954954,42.1612288],[113.9558372,42.1613259],[113.956729,42.1613584]]]},"properties":{"name":"1463无名峰","peak_elev":1463,"radius_m":750,"layer":"ATS峰值响应半径","rank_pct":0.4419,"center_lon":113.956729,"center_lat":42.15461349487305,"max_mean_jut":8.7677,"max_ats":5.2826,"r_jmean_peak":625,"r_ats_peak":750,"r_ats_marginal":187.5,"ats_marginal_rate_max":0.012487564530239541,"ats_marginal_interval_start":125.0,"ats_marginal_interval_end":250.0,"is_expanded":false}},{"type":"Feature","geometry":{"type":"Polygon","coordinates":[[[114.412444,42.1550239],[114.4133357,42.1549914],[114.4142188,42.1548943],[114.4150848,42.1547335],[114.4159254,42.1545105],[114.4167325,42.1542275],[114.4174982,42.1538872],[114.4182153,42.1534929],[114.4188768,42.1530484],[114.4194764,42.1525579],[114.4200082,42.1520263],[114.4204672,42.1514585],[114.4208489,42.1508602],[114.4211497,42.1502369],[114.4213666,42.1495949],[114.4214976,42.1489401],[114.4215414,42.148279],[114.4214976,42.1476179],[114.4213666,42.1469631],[114.4211497,42.1463211],[114.4208489,42.1456978],[114.4204672,42.1450995],[114.4200082,42.1445317],[114.4194764,42.1440001],[114.4188768,42.1435096],[114.4182153,42.1430651],[114.4174982,42.1426708],[114.4167325,42.1423305],[114.4159254,42.1420475],[114.4150848,42.1418245],[114.4142188,42.1416637],[114.4133357,42.1415666],[114.412444,42.1415341],[114.4115523,42.1415666],[114.4106692,42.1416637],[114.4098032,42.1418245],[114.4089626,42.1420475],[114.4081555,42.1423305],[114.4073898,42.1426708],[114.4066727,42.1430651],[114.4060112,42.1435096],[114.4054116,42.1440001],[114.4048798,42.1445317],[114.4044208,42.1450995],[114.4040391,42.1456978],[114.4037383,42.1463211],[114.4035214,42.1469631],[114.4033904,42.1476179],[114.4033466,42.148279],[114.4033904,42.1489401],[114.4035214,42.1495949],[114.4037383,42.1502369],[114.4040391,42.1508602],[114.4044208,42.1514585],[114.4048798,42.1520263],[114.4054116,42.1525579],[114.4060112,42.1530484],[114.4066727,42.1534929],[114.4073898,42.1538872],[114.4081555,42.1542275],[114.4089626,42.1545105],[114.4098032,42.1547335],[114.4106692,42.1548943],[114.4115523,42.1549914],[114.412444,42.1550239]]]},"properties":{"name":"1514无名峰(2)","peak_elev":1514,"radius_m":750,"layer":"ATS峰值响应半径","rank_pct":0.4419,"center_lon":114.412444,"center_lat":42.148279,"max_mean_jut":14.372,"max_ats":9.1865,"r_jmean_peak":625,"r_ats_peak":750,"r_ats_marginal":187.5,"ats_marginal_rate_max":0.02421189596468457,"ats_marginal_interval_start":125.0,"ats_marginal_interval_end":250.0,"is_expanded":false}},{"type":"Feature","geometry":{"type":"Polygon","coordinates":[[[113.906737,42.2199729],[113.9076296,42.2199404],[113.9085136,42.2198433],[113.9093806,42.2196825],[113.910222,42.2194595],[113.9110299,42.2191765],[113.9117964,42.2188362],[113.9125143,42.2184419],[113.9131764,42.2179974],[113.9137766,42.2175069],[113.914309,42.2169753],[113.9147684,42.2164075],[113.9151505,42.2158092],[113.9154516,42.2151859],[113.9156688,42.2145439],[113.9157999,42.2138891],[113.9158438,42.213228],[113.9157999,42.2125669],[113.9156688,42.2119121],[113.9154516,42.2112701],[113.9151505,42.2106468],[113.9147684,42.2100485],[113.914309,42.2094807],[113.9137766,42.2089491],[113.9131764,42.2084586],[113.9125143,42.2080141],[113.9117964,42.2076198],[113.9110299,42.2072795],[113.910222,42.2069965],[113.9093806,42.2067735],[113.9085136,42.2066127],[113.9076296,42.2065156],[113.906737,42.2064831],[113.9058444,42.2065156],[113.9049604,42.2066127],[113.9040934,42.2067735],[113.903252,42.2069965],[113.9024441,42.2072795],[113.9016776,42.2076198],[113.9009597,42.2080141],[113.9002976,42.2084586],[113.8996974,42.2089491],[113.899165,42.2094807],[113.8987056,42.2100485],[113.8983235,42.2106468],[113.8980224,42.2112701],[113.8978052,42.2119121],[113.8976741,42.2125669],[113.8976302,42.213228],[113.8976741,42.2138891],[113.8978052,42.2145439],[113.8980224,42.2151859],[113.8983235,42.2158092],[113.8987056,42.2164075],[113.899165,42.2169753],[113.8996974,42.2175069],[113.9002976,42.2179974],[113.9009597,42.2184419],[113.9016776,42.2188362],[113.9024441,42.2191765],[113.903252,42.2194595],[113.9040934,42.2196825],[113.9049604,42.2198433],[113.9058444,42.2199404],[113.906737,42.2199729]]]},"properties":{"name":"宝格都乌拉1520","peak_elev":1520,"radius_m":750,"layer":"ATS峰值响应半径","rank_pct":0.4419,"center_lon":113.906737,"center_lat":42.213228,"max_mean_jut":13.4335,"max_ats":8.1682,"r_jmean_peak":625,"r_ats_peak":750,"r_ats_marginal":312.5,"ats_marginal_rate_max":0.019820017966758967,"ats_marginal_interval_start":250.0,"ats_marginal_interval_end":375.0,"is_expanded":false}},{"type":"Feature","geometry":{"type":"Polygon","coordinates":[[[114.415139,42.1601453],[114.4160308,42.1601129],[114.416914,42.1600157],[114.4177801,42.1598549],[114.4186207,42.1596319],[114.4194278,42.1593489],[114.4201937,42.1590086],[114.4209108,42.1586143],[114.4215724,42.1581698],[114.422172,42.1576793],[114.4227038,42.1571477],[114.4231628,42.15658],[114.4235446,42.1559816],[114.4238454,42.1553584],[114.4240623,42.1547163],[114.4241933,42.1540615],[114.4242371,42.1534004],[114.4241933,42.1527393],[114.4240623,42.1520846],[114.4238454,42.1514425],[114.4235446,42.1508193],[114.4231628,42.1502209],[114.4227038,42.1496531],[114.422172,42.1491215],[114.4215724,42.148631],[114.4209108,42.1481865],[114.4201937,42.1477922],[114.4194278,42.1474519],[114.4186207,42.1471689],[114.4177801,42.1469459],[114.416914,42.1467851],[114.4160308,42.146688],[114.415139,42.1466555],[114.4142472,42.146688],[114.413364,42.1467851],[114.4124979,42.1469459],[114.4116573,42.1471689],[114.4108502,42.1474519],[114.4100843,42.1477922],[114.4093672,42.1481865],[114.4087056,42.148631],[114.408106,42.1491215],[114.4075742,42.1496531],[114.4071152,42.1502209],[114.4067334,42.1508193],[114.4064326,42.1514425],[114.4062157,42.1520846],[114.4060847,42.1527393],[114.4060409,42.1534004],[114.4060847,42.1540615],[114.4062157,42.1547163],[114.4064326,42.1553584],[114.4067334,42.1559816],[114.4071152,42.15658],[114.4075742,42.1571477],[114.408106,42.1576793],[114.4087056,42.1581698],[114.4093672,42.1586143],[114.4100843,42.1590086],[114.4108502,42.1593489],[114.4116573,42.1596319],[114.4124979,42.1598549],[114.413364,42.1600157],[114.4142472,42.1601129],[114.415139,42.1601453]]]},"properties":{"name":"1521无名峰(2)","peak_elev":1521,"radius_m":750,"layer":"ATS峰值响应半径","rank_pct":0.4419,"center_lon":114.415139,"center_lat":42.15340042114258,"max_mean_jut":14.6554,"max_ats":9.095,"r_jmean_peak":500,"r_ats_peak":750,"r_ats_marginal":187.5,"ats_marginal_rate_max":0.02410368539988573,"ats_marginal_interval_start":125.0,"ats_marginal_interval_end":250.0,"is_expanded":false}},{"type":"Feature","geometry":{"type":"Polygon","coordinates":[[[114.037307,41.6874509],[114.0381922,41.6874185],[114.0390689,41.6873213],[114.0399286,41.6871605],[114.040763,41.6869375],[114.0415642,41.6866545],[114.0423244,41.6863142],[114.0430362,41.6859199],[114.0436929,41.6854754],[114.0442881,41.684985],[114.044816,41.6844533],[114.0452716,41.6838856],[114.0456506,41.6832872],[114.0459491,41.682664],[114.0461645,41.6820219],[114.0462945,41.6813671],[114.046338,41.680706],[114.0462945,41.6800449],[114.0461645,41.6793902],[114.0459491,41.6787481],[114.0456506,41.6781249],[114.0452716,41.6775265],[114.044816,41.6769588],[114.0442881,41.6764271],[114.0436929,41.6759367],[114.0430362,41.6754921],[114.0423244,41.6750978],[114.0415642,41.6747575],[114.040763,41.6744745],[114.0399286,41.6742515],[114.0390689,41.6740907],[114.0381922,41.6739936],[114.037307,41.6739611],[114.0364218,41.6739936],[114.0355451,41.6740907],[114.0346854,41.6742515],[114.033851,41.6744745],[114.0330498,41.6747575],[114.0322896,41.6750978],[114.0315778,41.6754921],[114.0309211,41.6759367],[114.0303259,41.6764271],[114.029798,41.6769588],[114.0293424,41.6775265],[114.0289634,41.6781249],[114.0286649,41.6787481],[114.0284495,41.6793902],[114.0283195,41.6800449],[114.028276,41.680706],[114.0283195,41.6813671],[114.0284495,41.6820219],[114.0286649,41.682664],[114.0289634,41.6832872],[114.0293424,41.6838856],[114.029798,41.6844533],[114.0303259,41.684985],[114.0309211,41.6854754],[114.0315778,41.6859199],[114.0322896,41.6863142],[114.0330498,41.6866545],[114.033851,41.6869375],[114.0346854,41.6871605],[114.0355451,41.6873213],[114.0364218,41.6874185],[114.037307,41.6874509]]]},"properties":{"name":"1522无名峰","peak_elev":1522,"radius_m":750,"layer":"ATS峰值响应半径","rank_pct":0.4419,"center_lon":114.037307,"center_lat":41.68070602416992,"max_mean_jut":12.3192,"max_ats":7.651,"r_jmean_peak":625,"r_ats_peak":750,"r_ats_marginal":187.5,"ats_marginal_rate_max":0.02355708292015983,"ats_marginal_interval_start":125.0,"ats_marginal_interval_end":250.0,"is_expanded":false}},{"type":"Feature","geometry":{"type":"Polygon","coordinates":[[[114.467421,42.2900409],[114.4683146,42.2900084],[114.4691996,42.2899113],[114.4700675,42.2897505],[114.4709099,42.2895275],[114.4717187,42.2892445],[114.4724861,42.2889042],[114.4732047,42.2885099],[114.4738676,42.2880654],[114.4744684,42.2875749],[114.4750014,42.2870433],[114.4754614,42.2864755],[114.4758439,42.2858772],[114.4761453,42.2852539],[114.4763627,42.2846119],[114.476494,42.2839571],[114.4765379,42.283296],[114.476494,42.2826349],[114.4763627,42.2819801],[114.4761453,42.2813381],[114.4758439,42.2807148],[114.4754614,42.2801165],[114.4750014,42.2795487],[114.4744684,42.2790171],[114.4738676,42.2785266],[114.4732047,42.2780821],[114.4724861,42.2776878],[114.4717187,42.2773475],[114.4709099,42.2770645],[114.4700675,42.2768415],[114.4691996,42.2766807],[114.4683146,42.2765836],[114.467421,42.2765511],[114.4665274,42.2765836],[114.4656424,42.2766807],[114.4647745,42.2768415],[114.4639321,42.2770645],[114.4631233,42.2773475],[114.4623559,42.2776878],[114.4616373,42.2780821],[114.4609744,42.2785266],[114.4603736,42.2790171],[114.4598406,42.2795487],[114.4593806,42.2801165],[114.4589981,42.2807148],[114.4586967,42.2813381],[114.4584793,42.2819801],[114.458348,42.2826349],[114.4583041,42.283296],[114.458348,42.2839571],[114.4584793,42.2846119],[114.4586967,42.2852539],[114.4589981,42.2858772],[114.4593806,42.2864755],[114.4598406,42.2870433],[114.4603736,42.2875749],[114.4609744,42.2880654],[114.4616373,42.2885099],[114.4623559,42.2889042],[114.4631233,42.2892445],[114.4639321,42.2895275],[114.4647745,42.2897505],[114.4656424,42.2899113],[114.4665274,42.2900084],[114.467421,42.2900409]]]},"properties":{"name":"和日也德音敖包1532","peak_elev":1532,"radius_m":750,"layer":"ATS峰值响应半径","rank_pct":0.4419,"center_lon":114.467421,"center_lat":42.283296,"max_mean_jut":17.2841,"max_ats":11.399,"r_jmean_peak":625,"r_ats_peak":750,"r_ats_marginal":312.5,"ats_marginal_rate_max":0.026246005032956227,"ats_marginal_interval_start":250.0,"ats_marginal_interval_end":375.0,"is_expanded":false}},{"type":"Feature","geometry":{"type":"Polygon","coordinates":[[[113.107416,41.4911239],[113.1082985,41.4910914],[113.1091725,41.4909943],[113.1100296,41.4908335],[113.1108615,41.4906105],[113.1116603,41.4903275],[113.1124181,41.4899872],[113.1131278,41.4895929],[113.1137825,41.4891484],[113.1143759,41.4886579],[113.1149022,41.4881263],[113.1153565,41.4875585],[113.1157342,41.4869602],[113.1160319,41.4863369],[113.1162466,41.4856949],[113.1163762,41.4850401],[113.1164196,41.484379],[113.1163762,41.4837179],[113.1162466,41.4830631],[113.1160319,41.4824211],[113.1157342,41.4817978],[113.1153565,41.4811995],[113.1149022,41.4806317],[113.1143759,41.4801001],[113.1137825,41.4796096],[113.1131278,41.4791651],[113.1124181,41.4787708],[113.1116603,41.4784305],[113.1108615,41.4781475],[113.1100296,41.4779245],[113.1091725,41.4777637],[113.1082985,41.4776666],[113.107416,41.4776341],[113.1065335,41.4776666],[113.1056595,41.4777637],[113.1048024,41.4779245],[113.1039705,41.4781475],[113.1031717,41.4784305],[113.1024139,41.4787708],[113.1017042,41.4791651],[113.1010495,41.4796096],[113.1004561,41.4801001],[113.0999298,41.4806317],[113.0994755,41.4811995],[113.0990978,41.4817978],[113.0988001,41.4824211],[113.0985854,41.4830631],[113.0984558,41.4837179],[113.0984124,41.484379],[113.0984558,41.4850401],[113.0985854,41.4856949],[113.0988001,41.4863369],[113.0990978,41.4869602],[113.0994755,41.4875585],[113.0999298,41.4881263],[113.1004561,41.4886579],[113.1010495,41.4891484],[113.1017042,41.4895929],[113.1024139,41.4899872],[113.1031717,41.4903275],[113.1039705,41.4906105],[113.1048024,41.4908335],[113.1056595,41.4909943],[113.1065335,41.4910914],[113.107416,41.4911239]]]},"properties":{"name":"1535无名峰","peak_elev":1535,"radius_m":750,"layer":"ATS峰值响应半径","rank_pct":0.4419,"center_lon":113.107416,"center_lat":41.484379,"max_mean_jut":11.5412,"max_ats":7.1979,"r_jmean_peak":625,"r_ats_peak":750,"r_ats_marginal":187.5,"ats_marginal_rate_max":0.016766718864270537,"ats_marginal_interval_start":125.0,"ats_marginal_interval_end":250.0,"is_expanded":false}},{"type":"Feature","geometry":{"type":"Polygon","coordinates":[[[113.352791,42.0922323],[113.3536818,42.0921998],[113.3545641,42.0921027],[113.3554292,42.0919418],[113.356269,42.0917189],[113.3570752,42.0914358],[113.3578402,42.0910956],[113.3585566,42.0907013],[113.3592175,42.0902567],[113.3598164,42.0897663],[113.3603477,42.0892346],[113.3608062,42.0886669],[113.3611876,42.0880685],[113.3614881,42.0874453],[113.3617048,42.0868032],[113.3618356,42.0861485],[113.3618794,42.0854874],[113.3618356,42.0848262],[113.3617048,42.0841715],[113.3614881,42.0835294],[113.3611876,42.0829062],[113.3608062,42.0823078],[113.3603477,42.0817401],[113.3598164,42.0812084],[113.3592175,42.080718],[113.3585566,42.0802735],[113.3578402,42.0798792],[113.3570752,42.0795389],[113.356269,42.0792559],[113.3554292,42.0790329],[113.3545641,42.0788721],[113.3536818,42.0787749],[113.352791,42.0787425],[113.3519002,42.0787749],[113.3510179,42.0788721],[113.3501528,42.0790329],[113.349313,42.0792559],[113.3485068,42.0795389],[113.3477418,42.0798792],[113.3470254,42.0802735],[113.3463645,42.080718],[113.3457656,42.0812084],[113.3452343,42.0817401],[113.3447758,42.0823078],[113.3443944,42.0829062],[113.3440939,42.0835294],[113.3438772,42.0841715],[113.3437464,42.0848262],[113.3437026,42.0854874],[113.3437464,42.0861485],[113.3438772,42.0868032],[113.3440939,42.0874453],[113.3443944,42.0880685],[113.3447758,42.0886669],[113.3452343,42.0892346],[113.3457656,42.0897663],[113.3463645,42.0902567],[113.3470254,42.0907013],[113.3477418,42.0910956],[113.3485068,42.0914358],[113.349313,42.0917189],[113.3501528,42.0919418],[113.3510179,42.0921027],[113.3519002,42.0921998],[113.352791,42.0922323]]]},"properties":{"name":"1540无名峰(1)","peak_elev":1540,"radius_m":750,"layer":"ATS峰值响应半径","rank_pct":0.4419,"center_lon":113.352791,"center_lat":42.085487365722656,"max_mean_jut":13.079,"max_ats":7.8553,"r_jmean_peak":625,"r_ats_peak":750,"r_ats_marginal":187.5,"ats_marginal_rate_max":0.026233716229375422,"ats_marginal_interval_start":125.0,"ats_marginal_interval_end":250.0,"is_expanded":false}},{"type":"Feature","geometry":{"type":"Polygon","coordinates":[[[114.3825302,42.2232069],[114.3834229,42.2231744],[114.3843069,42.2230773],[114.3851739,42.2229165],[114.3860154,42.2226935],[114.3868233,42.2224105],[114.3875899,42.2220702],[114.3883078,42.2216759],[114.38897,42.2212314],[114.3895702,42.2207409],[114.3901026,42.2202093],[114.3905621,42.2196415],[114.3909442,42.2190432],[114.3912453,42.2184199],[114.3914624,42.2177779],[114.3915936,42.2171231],[114.3916374,42.216462],[114.3915936,42.2158009],[114.3914624,42.2151461],[114.3912453,42.2145041],[114.3909442,42.2138808],[114.3905621,42.2132825],[114.3901026,42.2127147],[114.3895702,42.2121831],[114.38897,42.2116926],[114.3883078,42.2112481],[114.3875899,42.2108538],[114.3868233,42.2105135],[114.3860154,42.2102305],[114.3851739,42.2100075],[114.3843069,42.2098467],[114.3834229,42.2097496],[114.3825302,42.2097171],[114.3816375,42.2097496],[114.3807535,42.2098467],[114.3798865,42.2100075],[114.379045,42.2102305],[114.3782371,42.2105135],[114.3774705,42.2108538],[114.3767527,42.2112481],[114.3760904,42.2116926],[114.3754902,42.2121831],[114.3749578,42.2127147],[114.3744984,42.2132825],[114.3741162,42.2138808],[114.3738151,42.2145041],[114.373598,42.2151461],[114.3734668,42.2158009],[114.373423,42.216462],[114.3734668,42.2171231],[114.373598,42.2177779],[114.3738151,42.2184199],[114.3741162,42.2190432],[114.3744984,42.2196415],[114.3749578,42.2202093],[114.3754902,42.2207409],[114.3760904,42.2212314],[114.3767527,42.2216759],[114.3774705,42.2220702],[114.3782371,42.2224105],[114.379045,42.2226935],[114.3798865,42.2229165],[114.3807535,42.2230773],[114.3816375,42.2231744],[114.3825302,42.2232069]]]},"properties":{"name":"1560无名峰(4)","peak_elev":1560,"radius_m":750,"layer":"ATS峰值响应半径","rank_pct":0.4419,"center_lon":114.38253021240234,"center_lat":42.216462,"max_mean_jut":15.2471,"max_ats":9.1886,"r_jmean_peak":625,"r_ats_peak":750,"r_ats_marginal":187.5,"ats_marginal_rate_max":0.025170136857409004,"ats_marginal_interval_start":125.0,"ats_marginal_interval_end":250.0,"is_expanded":false}},{"type":"Feature","geometry":{"type":"Polygon","coordinates":[[[114.368247,42.1924839],[114.3691392,42.1924514],[114.3700229,42.1923543],[114.3708894,42.1921935],[114.3717305,42.1919705],[114.372538,42.1916875],[114.3733042,42.1913472],[114.3740218,42.1909529],[114.3746836,42.1905084],[114.3752836,42.1900179],[114.3758157,42.1894863],[114.3762749,42.1889185],[114.3766569,42.1883202],[114.3769578,42.1876969],[114.3771749,42.1870549],[114.377306,42.1864001],[114.3773498,42.185739],[114.377306,42.1850779],[114.3771749,42.1844231],[114.3769578,42.1837811],[114.3766569,42.1831578],[114.3762749,42.1825595],[114.3758157,42.1819917],[114.3752836,42.1814601],[114.3746836,42.1809696],[114.3740218,42.1805251],[114.3733042,42.1801308],[114.372538,42.1797905],[114.3717305,42.1795075],[114.3708894,42.1792845],[114.3700229,42.1791237],[114.3691392,42.1790266],[114.368247,42.1789941],[114.3673548,42.1790266],[114.3664711,42.1791237],[114.3656046,42.1792845],[114.3647635,42.1795075],[114.363956,42.1797905],[114.3631898,42.1801308],[114.3624722,42.1805251],[114.3618104,42.1809696],[114.3612104,42.1814601],[114.3606783,42.1819917],[114.3602191,42.1825595],[114.3598371,42.1831578],[114.3595362,42.1837811],[114.3593191,42.1844231],[114.359188,42.1850779],[114.3591442,42.185739],[114.359188,42.1864001],[114.3593191,42.1870549],[114.3595362,42.1876969],[114.3598371,42.1883202],[114.3602191,42.1889185],[114.3606783,42.1894863],[114.3612104,42.1900179],[114.3618104,42.1905084],[114.3624722,42.1909529],[114.3631898,42.1913472],[114.363956,42.1916875],[114.3647635,42.1919705],[114.3656046,42.1921935],[114.3664711,42.1923543],[114.3673548,42.1924514],[114.368247,42.1924839]]]},"properties":{"name":"1575无名峰(3)","peak_elev":1575,"radius_m":750,"layer":"ATS峰值响应半径","rank_pct":0.4419,"center_lon":114.368247,"center_lat":42.185739,"max_mean_jut":17.1531,"max_ats":9.63,"r_jmean_peak":625,"r_ats_peak":750,"r_ats_marginal":187.5,"ats_marginal_rate_max":0.0241933958172702,"ats_marginal_interval_start":125.0,"ats_marginal_interval_end":250.0,"is_expanded":false}},{"type":"Feature","geometry":{"type":"Polygon","coordinates":[[[113.735743,42.0790269],[113.7366336,42.0789944],[113.7375157,42.0788973],[113.7383807,42.0787365],[113.7392203,42.0785135],[113.7400263,42.0782305],[113.7407912,42.0778902],[113.7415074,42.0774959],[113.7421681,42.0770514],[113.742767,42.0765609],[113.7432982,42.0760293],[113.7437566,42.0754615],[113.7441378,42.0748632],[113.7444382,42.0742399],[113.7446549,42.0735979],[113.7447857,42.0729431],[113.7448295,42.072282],[113.7447857,42.0716209],[113.7446549,42.0709661],[113.7444382,42.0703241],[113.7441378,42.0697008],[113.7437566,42.0691025],[113.7432982,42.0685347],[113.742767,42.0680031],[113.7421681,42.0675126],[113.7415074,42.0670681],[113.7407912,42.0666738],[113.7400263,42.0663335],[113.7392203,42.0660505],[113.7383807,42.0658275],[113.7375157,42.0656667],[113.7366336,42.0655696],[113.735743,42.0655371],[113.7348524,42.0655696],[113.7339703,42.0656667],[113.7331053,42.0658275],[113.7322657,42.0660505],[113.7314597,42.0663335],[113.7306948,42.0666738],[113.7299786,42.0670681],[113.7293179,42.0675126],[113.728719,42.0680031],[113.7281878,42.0685347],[113.7277294,42.0691025],[113.7273482,42.0697008],[113.7270478,42.0703241],[113.7268311,42.0709661],[113.7267003,42.0716209],[113.7266565,42.072282],[113.7267003,42.0729431],[113.7268311,42.0735979],[113.7270478,42.0742399],[113.7273482,42.0748632],[113.7277294,42.0754615],[113.7281878,42.0760293],[113.728719,42.0765609],[113.7293179,42.0770514],[113.7299786,42.0774959],[113.7306948,42.0778902],[113.7314597,42.0782305],[113.7322657,42.0785135],[113.7331053,42.0787365],[113.7339703,42.0788973],[113.7348524,42.0789944],[113.735743,42.0790269]]]},"properties":{"name":"1594无名峰","peak_elev":1594,"radius_m":750,"layer":"ATS峰值响应半径","rank_pct":0.4419,"center_lon":113.735743,"center_lat":42.072282,"max_mean_jut":13.2667,"max_ats":7.4292,"r_jmean_peak":625,"r_ats_peak":750,"r_ats_marginal":437.5,"ats_marginal_rate_max":0.014508683589037666,"ats_marginal_interval_start":375.0,"ats_marginal_interval_end":500.0,"is_expanded":false}},{"type":"Feature","geometry":{"type":"Polygon","coordinates":[[[113.6973419,42.0841469],[113.6982326,42.0841144],[113.6991148,42.0840173],[113.6999798,42.0838565],[113.7008195,42.0836335],[113.7016256,42.0833505],[113.7023905,42.0830102],[113.7031068,42.0826159],[113.7037676,42.0821714],[113.7043664,42.0816809],[113.7048977,42.0811493],[113.7053561,42.0805815],[113.7057374,42.0799832],[113.7060379,42.0793599],[113.7062545,42.0787179],[113.7063854,42.0780631],[113.7064292,42.077402],[113.7063854,42.0767409],[113.7062545,42.0760861],[113.7060379,42.0754441],[113.7057374,42.0748208],[113.7053561,42.0742225],[113.7048977,42.0736547],[113.7043664,42.0731231],[113.7037676,42.0726326],[113.7031068,42.0721881],[113.7023905,42.0717938],[113.7016256,42.0714535],[113.7008195,42.0711705],[113.6999798,42.0709475],[113.6991148,42.0707867],[113.6982326,42.0706896],[113.6973419,42.0706571],[113.6964512,42.0706896],[113.6955691,42.0707867],[113.694704,42.0709475],[113.6938644,42.0711705],[113.6930582,42.0714535],[113.6922933,42.0717938],[113.691577,42.0721881],[113.6909163,42.0726326],[113.6903174,42.0731231],[113.6897862,42.0736547],[113.6893277,42.0742225],[113.6889464,42.0748208],[113.688646,42.0754441],[113.6884293,42.0760861],[113.6882984,42.0767409],[113.6882547,42.077402],[113.6882984,42.0780631],[113.6884293,42.0787179],[113.688646,42.0793599],[113.6889464,42.0799832],[113.6893277,42.0805815],[113.6897862,42.0811493],[113.6903174,42.0816809],[113.6909163,42.0821714],[113.691577,42.0826159],[113.6922933,42.0830102],[113.6930582,42.0833505],[113.6938644,42.0836335],[113.694704,42.0838565],[113.6955691,42.0840173],[113.6964512,42.0841144],[113.6973419,42.0841469]]]},"properties":{"name":"1601无名峰","peak_elev":1601,"radius_m":750,"layer":"ATS峰值响应半径","rank_pct":0.4419,"center_lon":113.69734191894533,"center_lat":42.077402,"max_mean_jut":10.2446,"max_ats":5.1964,"r_jmean_peak":750,"r_ats_peak":750,"r_ats_marginal":437.5,"ats_marginal_rate_max":0.01120776579599542,"ats_marginal_interval_start":375.0,"ats_marginal_interval_end":500.0,"is_expanded":false}},{"type":"Feature","geometry":{"type":"Polygon","coordinates":[[[114.343184,42.2038029],[114.3440764,42.2037704],[114.3449602,42.2036733],[114.3458269,42.2035125],[114.3466681,42.2032895],[114.3474758,42.2030065],[114.3482421,42.2026662],[114.3489598,42.2022719],[114.3496218,42.2018274],[114.3502218,42.2013369],[114.3507541,42.2008053],[114.3512134,42.2002375],[114.3515954,42.1996392],[114.3518964,42.1990159],[114.3521135,42.1983739],[114.3522446,42.1977191],[114.3522884,42.197058],[114.3522446,42.1963969],[114.3521135,42.1957421],[114.3518964,42.1951001],[114.3515954,42.1944768],[114.3512134,42.1938785],[114.3507541,42.1933107],[114.3502218,42.1927791],[114.3496218,42.1922886],[114.3489598,42.1918441],[114.3482421,42.1914498],[114.3474758,42.1911095],[114.3466681,42.1908265],[114.3458269,42.1906035],[114.3449602,42.1904427],[114.3440764,42.1903456],[114.343184,42.1903131],[114.3422916,42.1903456],[114.3414078,42.1904427],[114.3405411,42.1906035],[114.3396999,42.1908265],[114.3388922,42.1911095],[114.3381259,42.1914498],[114.3374082,42.1918441],[114.3367462,42.1922886],[114.3361462,42.1927791],[114.3356139,42.1933107],[114.3351546,42.1938785],[114.3347726,42.1944768],[114.3344716,42.1951001],[114.3342545,42.1957421],[114.3341234,42.1963969],[114.3340796,42.197058],[114.3341234,42.1977191],[114.3342545,42.1983739],[114.3344716,42.1990159],[114.3347726,42.1996392],[114.3351546,42.2002375],[114.3356139,42.2008053],[114.3361462,42.2013369],[114.3367462,42.2018274],[114.3374082,42.2022719],[114.3381259,42.2026662],[114.3388922,42.2030065],[114.3396999,42.2032895],[114.3405411,42.2035125],[114.3414078,42.2036733],[114.3422916,42.2037704],[114.343184,42.2038029]]]},"properties":{"name":"1606无名峰(3)","peak_elev":1606,"radius_m":750,"layer":"ATS峰值响应半径","rank_pct":0.4419,"center_lon":114.343184,"center_lat":42.197058,"max_mean_jut":20.2639,"max_ats":11.5456,"r_jmean_peak":625,"r_ats_peak":750,"r_ats_marginal":312.5,"ats_marginal_rate_max":0.024507709534626932,"ats_marginal_interval_start":250.0,"ats_marginal_interval_end":375.0,"is_expanded":false}},{"type":"Feature","geometry":{"type":"Polygon","coordinates":[[[114.325397,42.2008379],[114.3262893,42.2008054],[114.3271731,42.2007083],[114.3280398,42.2005475],[114.3288809,42.2003245],[114.3296886,42.2000415],[114.3304549,42.1997012],[114.3311725,42.1993069],[114.3318345,42.1988624],[114.3324345,42.1983719],[114.3329667,42.1978403],[114.333426,42.1972725],[114.333808,42.1966742],[114.334109,42.1960509],[114.3343261,42.1954089],[114.3344572,42.1947541],[114.334501,42.194093],[114.3344572,42.1934319],[114.3343261,42.1927771],[114.334109,42.1921351],[114.333808,42.1915118],[114.333426,42.1909135],[114.3329667,42.1903457],[114.3324345,42.1898141],[114.3318345,42.1893236],[114.3311725,42.1888791],[114.3304549,42.1884848],[114.3296886,42.1881445],[114.3288809,42.1878615],[114.3280398,42.1876385],[114.3271731,42.1874777],[114.3262893,42.1873806],[114.325397,42.1873481],[114.3245047,42.1873806],[114.3236209,42.1874777],[114.3227542,42.1876385],[114.3219131,42.1878615],[114.3211054,42.1881445],[114.3203391,42.1884848],[114.3196215,42.1888791],[114.3189595,42.1893236],[114.3183595,42.1898141],[114.3178273,42.1903457],[114.317368,42.1909135],[114.316986,42.1915118],[114.316685,42.1921351],[114.3164679,42.1927771],[114.3163368,42.1934319],[114.316293,42.194093],[114.3163368,42.1947541],[114.3164679,42.1954089],[114.316685,42.1960509],[114.316986,42.1966742],[114.317368,42.1972725],[114.3178273,42.1978403],[114.3183595,42.1983719],[114.3189595,42.1988624],[114.3196215,42.1993069],[114.3203391,42.1997012],[114.3211054,42.2000415],[114.3219131,42.2003245],[114.3227542,42.2005475],[114.3236209,42.2007083],[114.3245047,42.2008054],[114.325397,42.2008379]]]},"properties":{"name":"1632无名峰(9)","peak_elev":1632,"radius_m":750,"layer":"ATS峰值响应半径","rank_pct":0.4419,"center_lon":114.325397,"center_lat":42.194093,"max_mean_jut":21.7003,"max_ats":14.0651,"r_jmean_peak":750,"r_ats_peak":750,"r_ats_marginal":187.5,"ats_marginal_rate_max":0.030762591339229605,"ats_marginal_interval_start":125.0,"ats_marginal_interval_end":250.0,"is_expanded":false}},{"type":"Feature","geometry":{"type":"Polygon","coordinates":[[[114.199543,42.1507116],[114.2004346,42.1506791],[114.2013177,42.150582],[114.2021837,42.1504212],[114.2030242,42.1501982],[114.2038312,42.1499152],[114.2045969,42.1495749],[114.2053139,42.1491806],[114.2059754,42.148736],[114.2065749,42.1482456],[114.2071067,42.1477139],[114.2075656,42.1471462],[114.2079473,42.1465478],[114.2082481,42.1459246],[114.208465,42.1452825],[114.208596,42.1446278],[114.2086398,42.1439667],[114.208596,42.1433056],[114.208465,42.1426508],[114.2082481,42.1420087],[114.2079473,42.1413855],[114.2075656,42.1407871],[114.2071067,42.1402194],[114.2065749,42.1396877],[114.2059754,42.1391973],[114.2053139,42.1387528],[114.2045969,42.1383585],[114.2038312,42.1380182],[114.2030242,42.1377352],[114.2021837,42.1375122],[114.2013177,42.1373514],[114.2004346,42.1372542],[114.199543,42.1372218],[114.1986514,42.1372542],[114.1977683,42.1373514],[114.1969023,42.1375122],[114.1960618,42.1377352],[114.1952548,42.1380182],[114.1944891,42.1383585],[114.1937721,42.1387528],[114.1931106,42.1391973],[114.1925111,42.1396877],[114.1919793,42.1402194],[114.1915204,42.1407871],[114.1911387,42.1413855],[114.1908379,42.1420087],[114.190621,42.1426508],[114.19049,42.1433056],[114.1904462,42.1439667],[114.19049,42.1446278],[114.190621,42.1452825],[114.1908379,42.1459246],[114.1911387,42.1465478],[114.1915204,42.1471462],[114.1919793,42.1477139],[114.1925111,42.1482456],[114.1931106,42.148736],[114.1937721,42.1491806],[114.1944891,42.1495749],[114.1952548,42.1499152],[114.1960618,42.1501982],[114.1969023,42.1504212],[114.1977683,42.150582],[114.1986514,42.1506791],[114.199543,42.1507116]]]},"properties":{"name":"1645无名峰","peak_elev":1645,"radius_m":750,"layer":"ATS峰值响应半径","rank_pct":0.4419,"center_lon":114.199543,"center_lat":42.14396667480469,"max_mean_jut":24.4287,"max_ats":14.5937,"r_jmean_peak":750,"r_ats_peak":750,"r_ats_marginal":187.5,"ats_marginal_rate_max":0.029724519484005698,"ats_marginal_interval_start":125.0,"ats_marginal_interval_end":250.0,"is_expanded":false}},{"type":"Feature","geometry":{"type":"Polygon","coordinates":[[[113.0816803,41.7437759],[113.0825663,41.7437434],[113.0834437,41.7436463],[113.0843042,41.7434855],[113.0851393,41.7432625],[113.0859412,41.7429795],[113.0867021,41.7426392],[113.0874145,41.7422449],[113.0880718,41.7418004],[113.0886675,41.7413099],[113.0891959,41.7407783],[113.0896519,41.7402105],[113.0900312,41.7396122],[113.09033,41.7389889],[113.0905455,41.7383469],[113.0906757,41.7376921],[113.0907192,41.737031],[113.0906757,41.7363699],[113.0905455,41.7357151],[113.09033,41.7350731],[113.0900312,41.7344498],[113.0896519,41.7338515],[113.0891959,41.7332837],[113.0886675,41.7327521],[113.0880718,41.7322616],[113.0874145,41.7318171],[113.0867021,41.7314228],[113.0859412,41.7310825],[113.0851393,41.7307995],[113.0843042,41.7305765],[113.0834437,41.7304157],[113.0825663,41.7303186],[113.0816803,41.7302861],[113.0807943,41.7303186],[113.0799169,41.7304157],[113.0790564,41.7305765],[113.0782213,41.7307995],[113.0774194,41.7310825],[113.0766585,41.7314228],[113.0759461,41.7318171],[113.0752888,41.7322616],[113.0746931,41.7327521],[113.0741647,41.7332837],[113.0737087,41.7338515],[113.0733294,41.7344498],[113.0730306,41.7350731],[113.0728151,41.7357151],[113.0726849,41.7363699],[113.0726414,41.737031],[113.0726849,41.7376921],[113.0728151,41.7383469],[113.0730306,41.7389889],[113.0733294,41.7396122],[113.0737087,41.7402105],[113.0741647,41.7407783],[113.0746931,41.7413099],[113.0752888,41.7418004],[113.0759461,41.7422449],[113.0766585,41.7426392],[113.0774194,41.7429795],[113.0782213,41.7432625],[113.0790564,41.7434855],[113.0799169,41.7436463],[113.0807943,41.7437434],[113.0816803,41.7437759]]]},"properties":{"name":"辘轳山1668","peak_elev":1668,"radius_m":750,"layer":"ATS峰值响应半径","rank_pct":0.4419,"center_lon":113.08168029785156,"center_lat":41.737031,"max_mean_jut":13.2366,"max_ats":7.3662,"r_jmean_peak":750,"r_ats_peak":750,"r_ats_marginal":187.5,"ats_marginal_rate_max":0.02041758529967475,"ats_marginal_interval_start":125.0,"ats_marginal_interval_end":250.0,"is_expanded":false}},{"type":"Feature","geometry":{"type":"Polygon","coordinates":[[[113.414505,41.6866429],[113.4153902,41.6866104],[113.4162668,41.6865133],[113.4171265,41.6863525],[113.417961,41.6861295],[113.4187621,41.6858465],[113.4195223,41.6855062],[113.4202341,41.6851119],[113.4208908,41.6846674],[113.421486,41.6841769],[113.4220139,41.6836453],[113.4224695,41.6830775],[113.4228485,41.6824792],[113.423147,41.6818559],[113.4233624,41.6812139],[113.4234924,41.6805591],[113.4235359,41.679898],[113.4234924,41.6792369],[113.4233624,41.6785821],[113.423147,41.6779401],[113.4228485,41.6773168],[113.4224695,41.6767185],[113.4220139,41.6761507],[113.421486,41.6756191],[113.4208908,41.6751286],[113.4202341,41.6746841],[113.4195223,41.6742898],[113.4187621,41.6739495],[113.417961,41.6736665],[113.4171265,41.6734435],[113.4162668,41.6732827],[113.4153902,41.6731856],[113.414505,41.6731531],[113.4136198,41.6731856],[113.4127432,41.6732827],[113.4118835,41.6734435],[113.411049,41.6736665],[113.4102479,41.6739495],[113.4094877,41.6742898],[113.4087759,41.6746841],[113.4081192,41.6751286],[113.407524,41.6756191],[113.4069961,41.6761507],[113.4065405,41.6767185],[113.4061616,41.6773168],[113.405863,41.6779401],[113.4056476,41.6785821],[113.4055176,41.6792369],[113.4054741,41.679898],[113.4055176,41.6805591],[113.4056476,41.6812139],[113.405863,41.6818559],[113.4061616,41.6824792],[113.4065405,41.6830775],[113.4069961,41.6836453],[113.407524,41.6841769],[113.4081192,41.6846674],[113.4087759,41.6851119],[113.4094877,41.6855062],[113.4102479,41.6858465],[113.411049,41.6861295],[113.4118835,41.6863525],[113.4127432,41.6865133],[113.4136198,41.6866104],[113.414505,41.6866429]]]},"properties":{"name":"1669无名峰(4)","peak_elev":1669,"radius_m":750,"layer":"ATS峰值响应半径","rank_pct":0.4419,"center_lon":113.4145050048828,"center_lat":41.679898,"max_mean_jut":14.411,"max_ats":8.9107,"r_jmean_peak":625,"r_ats_peak":750,"r_ats_marginal":187.5,"ats_marginal_rate_max":0.02069182165593146,"ats_marginal_interval_start":125.0,"ats_marginal_interval_end":250.0,"is_expanded":false}},{"type":"Feature","geometry":{"type":"Polygon","coordinates":[[[113.035057,41.9917112],[113.0359464,41.9916787],[113.0368273,41.9915816],[113.0376911,41.9914208],[113.0385295,41.9911978],[113.0393345,41.9909148],[113.0400983,41.9905745],[113.0408135,41.9901802],[113.0414733,41.9897357],[113.0420713,41.9892452],[113.0426018,41.9887136],[113.0430596,41.9881458],[113.0434403,41.9875474],[113.0437403,41.9869242],[113.0439567,41.9862821],[113.0440873,41.9856274],[113.044131,41.9849663],[113.0440873,41.9843052],[113.0439567,41.9836504],[113.0437403,41.9830083],[113.0434403,41.9823851],[113.0430596,41.9817867],[113.0426018,41.981219],[113.0420713,41.9806874],[113.0414733,41.9801969],[113.0408135,41.9797524],[113.0400983,41.9793581],[113.0393345,41.9790178],[113.0385295,41.9787348],[113.0376911,41.9785118],[113.0368273,41.978351],[113.0359464,41.9782538],[113.035057,41.9782214],[113.0341676,41.9782538],[113.0332867,41.978351],[113.0324229,41.9785118],[113.0315845,41.9787348],[113.0307795,41.9790178],[113.0300157,41.9793581],[113.0293005,41.9797524],[113.0286407,41.9801969],[113.0280427,41.9806874],[113.0275122,41.981219],[113.0270544,41.9817867],[113.0266737,41.9823851],[113.0263737,41.9830083],[113.0261573,41.9836504],[113.0260267,41.9843052],[113.025983,41.9849663],[113.0260267,41.9856274],[113.0261573,41.9862821],[113.0263737,41.9869242],[113.0266737,41.9875474],[113.0270544,41.9881458],[113.0275122,41.9887136],[113.0280427,41.9892452],[113.0286407,41.9897357],[113.0293005,41.9901802],[113.0300157,41.9905745],[113.0307795,41.9909148],[113.0315845,41.9911978],[113.0324229,41.9914208],[113.0332867,41.9915816],[113.0341676,41.9916787],[113.035057,41.9917112]]]},"properties":{"name":"红花脑包1675","peak_elev":1675,"radius_m":750,"layer":"ATS峰值响应半径","rank_pct":0.4419,"center_lon":113.035057,"center_lat":41.98496627807617,"max_mean_jut":24.9414,"max_ats":16.4617,"r_jmean_peak":625,"r_ats_peak":750,"r_ats_marginal":187.5,"ats_marginal_rate_max":0.03889064007309405,"ats_marginal_interval_start":125.0,"ats_marginal_interval_end":250.0,"is_expanded":false}},{"type":"Feature","geometry":{"type":"Polygon","coordinates":[[[113.530658,41.7135919],[113.5315436,41.7135594],[113.5324206,41.7134623],[113.5332806,41.7133015],[113.5341154,41.7130785],[113.5349169,41.7127955],[113.5356774,41.7124552],[113.5363895,41.7120609],[113.5370465,41.7116164],[113.5376419,41.7111259],[113.5381701,41.7105943],[113.5386259,41.7100265],[113.5390049,41.7094282],[113.5393036,41.7088049],[113.5395191,41.7081629],[113.5396492,41.7075081],[113.5396927,41.706847],[113.5396492,41.7061859],[113.5395191,41.7055311],[113.5393036,41.7048891],[113.5390049,41.7042658],[113.5386259,41.7036675],[113.5381701,41.7030997],[113.5376419,41.7025681],[113.5370465,41.7020776],[113.5363895,41.7016331],[113.5356774,41.7012388],[113.5349169,41.7008985],[113.5341154,41.7006155],[113.5332806,41.7003925],[113.5324206,41.7002317],[113.5315436,41.7001346],[113.530658,41.7001021],[113.5297724,41.7001346],[113.5288954,41.7002317],[113.5280354,41.7003925],[113.5272006,41.7006155],[113.5263991,41.7008985],[113.5256386,41.7012388],[113.5249265,41.7016331],[113.5242695,41.7020776],[113.5236741,41.7025681],[113.5231459,41.7030997],[113.5226901,41.7036675],[113.5223111,41.7042658],[113.5220124,41.7048891],[113.5217969,41.7055311],[113.5216668,41.7061859],[113.5216233,41.706847],[113.5216668,41.7075081],[113.5217969,41.7081629],[113.5220124,41.7088049],[113.5223111,41.7094282],[113.5226901,41.7100265],[113.5231459,41.7105943],[113.5236741,41.7111259],[113.5242695,41.7116164],[113.5249265,41.7120609],[113.5256386,41.7124552],[113.5263991,41.7127955],[113.5272006,41.7130785],[113.5280354,41.7133015],[113.5288954,41.7134623],[113.5297724,41.7135594],[113.530658,41.7135919]]]},"properties":{"name":"1686无名峰(2)","peak_elev":1686,"radius_m":750,"layer":"ATS峰值响应半径","rank_pct":0.4419,"center_lon":113.530658,"center_lat":41.706847,"max_mean_jut":21.3224,"max_ats":13.3688,"r_jmean_peak":625,"r_ats_peak":750,"r_ats_marginal":187.5,"ats_marginal_rate_max":0.0369051248361973,"ats_marginal_interval_start":125.0,"ats_marginal_interval_end":250.0,"is_expanded":false}},{"type":"Feature","geometry":{"type":"Polygon","coordinates":[[[113.322069,41.8168089],[113.322956,41.8167764],[113.3238344,41.8166793],[113.3246958,41.8165185],[113.325532,41.8162955],[113.3263348,41.8160125],[113.3270965,41.8156722],[113.3278098,41.8152779],[113.3284678,41.8148334],[113.3290641,41.8143429],[113.3295931,41.8138113],[113.3300497,41.8132435],[113.3304294,41.8126452],[113.3307286,41.8120219],[113.3309443,41.8113799],[113.3310746,41.8107251],[113.3311182,41.810064],[113.3310746,41.8094029],[113.3309443,41.8087481],[113.3307286,41.8081061],[113.3304294,41.8074828],[113.3300497,41.8068845],[113.3295931,41.8063167],[113.3290641,41.8057851],[113.3284678,41.8052946],[113.3278098,41.8048501],[113.3270965,41.8044558],[113.3263348,41.8041155],[113.325532,41.8038325],[113.3246958,41.8036095],[113.3238344,41.8034487],[113.322956,41.8033516],[113.322069,41.8033191],[113.321182,41.8033516],[113.3203036,41.8034487],[113.3194422,41.8036095],[113.318606,41.8038325],[113.3178032,41.8041155],[113.3170415,41.8044558],[113.3163282,41.8048501],[113.3156702,41.8052946],[113.3150739,41.8057851],[113.3145449,41.8063167],[113.3140883,41.8068845],[113.3137086,41.8074828],[113.3134094,41.8081061],[113.3131937,41.8087481],[113.3130634,41.8094029],[113.3130198,41.810064],[113.3130634,41.8107251],[113.3131937,41.8113799],[113.3134094,41.8120219],[113.3137086,41.8126452],[113.3140883,41.8132435],[113.3145449,41.8138113],[113.3150739,41.8143429],[113.3156702,41.8148334],[113.3163282,41.8152779],[113.3170415,41.8156722],[113.3178032,41.8160125],[113.318606,41.8162955],[113.3194422,41.8165185],[113.3203036,41.8166793],[113.321182,41.8167764],[113.322069,41.8168089]]]},"properties":{"name":"1692无名峰","peak_elev":1692,"radius_m":750,"layer":"ATS峰值响应半径","rank_pct":0.4419,"center_lon":113.322069,"center_lat":41.810064,"max_mean_jut":10.2568,"max_ats":6.2801,"r_jmean_peak":625,"r_ats_peak":750,"r_ats_marginal":187.5,"ats_marginal_rate_max":0.023998490901875832,"ats_marginal_interval_start":125.0,"ats_marginal_interval_end":250.0,"is_expanded":false}},{"type":"Feature","geometry":{"type":"Polygon","coordinates":[[[113.431214,41.6319356],[113.4320984,41.6319032],[113.4329743,41.631806],[113.4338333,41.6316452],[113.434667,41.6314222],[113.4354675,41.6311392],[113.436227,41.6307989],[113.4369383,41.6304046],[113.4375944,41.6299601],[113.438189,41.6294697],[113.4387165,41.628938],[113.4391718,41.6283703],[113.4395504,41.6277719],[113.4398487,41.6271487],[113.4400638,41.6265066],[113.4401938,41.6258519],[113.4402372,41.6251907],[113.4401938,41.6245296],[113.4400638,41.6238749],[113.4398487,41.6232328],[113.4395504,41.6226096],[113.4391718,41.6220112],[113.4387165,41.6214435],[113.438189,41.6209118],[113.4375944,41.6204214],[113.4369383,41.6199768],[113.436227,41.6195825],[113.4354675,41.6192423],[113.434667,41.6189592],[113.4338333,41.6187363],[113.4329743,41.6185754],[113.4320984,41.6184783],[113.431214,41.6184458],[113.4303296,41.6184783],[113.4294537,41.6185754],[113.4285947,41.6187363],[113.427761,41.6189592],[113.4269605,41.6192423],[113.426201,41.6195825],[113.4254897,41.6199768],[113.4248336,41.6204214],[113.424239,41.6209118],[113.4237115,41.6214435],[113.4232562,41.6220112],[113.4228776,41.6226096],[113.4225793,41.6232328],[113.4223642,41.6238749],[113.4222342,41.6245296],[113.4221908,41.6251907],[113.4222342,41.6258519],[113.4223642,41.6265066],[113.4225793,41.6271487],[113.4228776,41.6277719],[113.4232562,41.6283703],[113.4237115,41.628938],[113.424239,41.6294697],[113.4248336,41.6299601],[113.4254897,41.6304046],[113.426201,41.6307989],[113.4269605,41.6311392],[113.427761,41.6314222],[113.4285947,41.6316452],[113.4294537,41.631806],[113.4303296,41.6319032],[113.431214,41.6319356]]]},"properties":{"name":"1697无名峰(3)","peak_elev":1697,"radius_m":750,"layer":"ATS峰值响应半径","rank_pct":0.4419,"center_lon":113.431214,"center_lat":41.62519073486328,"max_mean_jut":17.9316,"max_ats":11.0228,"r_jmean_peak":625,"r_ats_peak":750,"r_ats_marginal":187.5,"ats_marginal_rate_max":0.021665819727527798,"ats_marginal_interval_start":125.0,"ats_marginal_interval_end":250.0,"is_expanded":false}},{"type":"Feature","geometry":{"type":"Polygon","coordinates":[[[113.306169,41.9704214],[113.3070581,41.9703889],[113.3079387,41.9702918],[113.3088022,41.9701309],[113.3096403,41.9699079],[113.310445,41.9696249],[113.3112086,41.9692846],[113.3119236,41.9688903],[113.3125832,41.9684458],[113.313181,41.9679554],[113.3137113,41.9674237],[113.3141689,41.966856],[113.3145495,41.9662576],[113.3148494,41.9656344],[113.3150657,41.9649923],[113.3151963,41.9643376],[113.31524,41.9636765],[113.3151963,41.9630153],[113.3150657,41.9623606],[113.3148494,41.9617185],[113.3145495,41.9610953],[113.3141689,41.9604969],[113.3137113,41.9599292],[113.313181,41.9593975],[113.3125832,41.9589071],[113.3119236,41.9584626],[113.3112086,41.9580683],[113.310445,41.957728],[113.3096403,41.957445],[113.3088022,41.957222],[113.3079387,41.9570611],[113.3070581,41.956964],[113.306169,41.9569315],[113.3052799,41.956964],[113.3043993,41.9570611],[113.3035358,41.957222],[113.3026977,41.957445],[113.301893,41.957728],[113.3011294,41.9580683],[113.3004144,41.9584626],[113.2997548,41.9589071],[113.299157,41.9593975],[113.2986267,41.9599292],[113.2981691,41.9604969],[113.2977885,41.9610953],[113.2974886,41.9617185],[113.2972723,41.9623606],[113.2971417,41.9630153],[113.297098,41.9636765],[113.2971417,41.9643376],[113.2972723,41.9649923],[113.2974886,41.9656344],[113.2977885,41.9662576],[113.2981691,41.966856],[113.2986267,41.9674237],[113.299157,41.9679554],[113.2997548,41.9684458],[113.3004144,41.9688903],[113.3011294,41.9692846],[113.301893,41.9696249],[113.3026977,41.9699079],[113.3035358,41.9701309],[113.3043993,41.9702918],[113.3052799,41.9703889],[113.306169,41.9704214]]]},"properties":{"name":"1699无名峰(1)","peak_elev":1699,"radius_m":750,"layer":"ATS峰值响应半径","rank_pct":0.4419,"center_lon":113.306169,"center_lat":41.96367645263672,"max_mean_jut":12.5075,"max_ats":8.0428,"r_jmean_peak":750,"r_ats_peak":750,"r_ats_marginal":187.5,"ats_marginal_rate_max":0.02230656505728985,"ats_marginal_interval_start":125.0,"ats_marginal_interval_end":250.0,"is_expanded":false}},{"type":"Feature","geometry":{"type":"Polygon","coordinates":[[[113.020774,42.1088948],[113.0215166,42.1088677],[113.022252,42.1087868],[113.0229731,42.1086527],[113.0236731,42.1084669],[113.0243452,42.1082311],[113.0249829,42.1079475],[113.02558,42.1076189],[113.0261309,42.1072485],[113.0266302,42.1068398],[113.027073,42.1063967],[113.0274552,42.1059236],[113.0277731,42.105425],[113.0280236,42.1049056],[113.0282042,42.1043706],[113.0283133,42.1038249],[113.0283498,42.103274],[113.0283133,42.1027231],[113.0282042,42.1021774],[113.0280236,42.1016424],[113.0277731,42.101123],[113.0274552,42.1006244],[113.027073,42.1001513],[113.0266302,42.0997082],[113.0261309,42.0992995],[113.02558,42.0989291],[113.0249829,42.0986005],[113.0243452,42.0983169],[113.0236731,42.0980811],[113.0229731,42.0978953],[113.022252,42.0977612],[113.0215166,42.0976803],[113.020774,42.0976532],[113.0200314,42.0976803],[113.019296,42.0977612],[113.0185749,42.0978953],[113.0178749,42.0980811],[113.0172028,42.0983169],[113.0165651,42.0986005],[113.015968,42.0989291],[113.0154171,42.0992995],[113.0149178,42.0997082],[113.014475,42.1001513],[113.0140928,42.1006244],[113.0137749,42.101123],[113.0135244,42.1016424],[113.0133438,42.1021774],[113.0132347,42.1027231],[113.0131982,42.103274],[113.0132347,42.1038249],[113.0133438,42.1043706],[113.0135244,42.1049056],[113.0137749,42.105425],[113.0140928,42.1059236],[113.014475,42.1063967],[113.0149178,42.1068398],[113.0154171,42.1072485],[113.015968,42.1076189],[113.0165651,42.1079475],[113.0172028,42.1082311],[113.0178749,42.1084669],[113.0185749,42.1086527],[113.019296,42.1087868],[113.0200314,42.1088677],[113.020774,42.1088948]]]},"properties":{"name":"1479无名峰","peak_elev":1479,"radius_m":625,"layer":"ATS峰值响应半径","rank_pct":0.5318,"center_lon":113.020774,"center_lat":42.103274,"max_mean_jut":14.1623,"max_ats":8.0113,"r_jmean_peak":625,"r_ats_peak":625,"r_ats_marginal":187.5,"ats_marginal_rate_max":0.022575338624651806,"ats_marginal_interval_start":125.0,"ats_marginal_interval_end":250.0,"is_expanded":false}},{"type":"Feature","geometry":{"type":"Polygon","coordinates":[[[114.134326,42.1202138],[114.1350687,42.1201867],[114.1358042,42.1201058],[114.1365255,42.1199717],[114.1372256,42.1197859],[114.1378978,42.1195501],[114.1385356,42.1192665],[114.1391329,42.1189379],[114.1396838,42.1185675],[114.1401832,42.1181588],[114.1406262,42.1177157],[114.1410084,42.1172426],[114.1413264,42.116744],[114.1415769,42.1162246],[114.1417575,42.1156896],[114.1418667,42.1151439],[114.1419031,42.114593],[114.1418667,42.1140421],[114.1417575,42.1134964],[114.1415769,42.1129614],[114.1413264,42.112442],[114.1410084,42.1119434],[114.1406262,42.1114703],[114.1401832,42.1110272],[114.1396838,42.1106185],[114.1391329,42.1102481],[114.1385356,42.1099195],[114.1378978,42.1096359],[114.1372256,42.1094001],[114.1365255,42.1092143],[114.1358042,42.1090802],[114.1350687,42.1089993],[114.134326,42.1089722],[114.1335833,42.1089993],[114.1328478,42.1090802],[114.1321265,42.1092143],[114.1314264,42.1094001],[114.1307542,42.1096359],[114.1301164,42.1099195],[114.1295191,42.1102481],[114.1289682,42.1106185],[114.1284688,42.1110272],[114.1280258,42.1114703],[114.1276436,42.1119434],[114.1273256,42.112442],[114.1270751,42.1129614],[114.1268945,42.1134964],[114.1267853,42.1140421],[114.1267489,42.114593],[114.1267853,42.1151439],[114.1268945,42.1156896],[114.1270751,42.1162246],[114.1273256,42.116744],[114.1276436,42.1172426],[114.1280258,42.1177157],[114.1284688,42.1181588],[114.1289682,42.1185675],[114.1295191,42.1189379],[114.1301164,42.1192665],[114.1307542,42.1195501],[114.1314264,42.1197859],[114.1321265,42.1199717],[114.1328478,42.1201058],[114.1335833,42.1201867],[114.134326,42.1202138]]]},"properties":{"name":"呼和呼特勒1512","peak_elev":1512,"radius_m":625,"layer":"ATS峰值响应半径","rank_pct":0.5318,"center_lon":114.134326,"center_lat":42.114593,"max_mean_jut":12.5492,"max_ats":6.9389,"r_jmean_peak":625,"r_ats_peak":625,"r_ats_marginal":187.5,"ats_marginal_rate_max":0.014025882782217865,"ats_marginal_interval_start":125.0,"ats_marginal_interval_end":250.0,"is_expanded":false}},{"type":"Feature","geometry":{"type":"Polygon","coordinates":[[[114.3186569,42.2495707],[114.3194011,42.2495436],[114.3201382,42.2494626],[114.320861,42.2493286],[114.3215625,42.2491428],[114.3222361,42.248907],[114.3228752,42.2486234],[114.3234737,42.2482948],[114.3240257,42.2479244],[114.3245261,42.2475157],[114.32497,42.2470726],[114.325353,42.2465995],[114.3256716,42.2461009],[114.3259226,42.2455815],[114.3261037,42.2450464],[114.326213,42.2445008],[114.3262496,42.2439499],[114.326213,42.243399],[114.3261037,42.2428533],[114.3259226,42.2423183],[114.3256716,42.2417989],[114.325353,42.2413003],[114.32497,42.2408272],[114.3245261,42.2403841],[114.3240257,42.2399754],[114.3234737,42.239605],[114.3228752,42.2392764],[114.3222361,42.2389928],[114.3215625,42.238757],[114.320861,42.2385712],[114.3201382,42.2384371],[114.3194011,42.2383562],[114.3186569,42.2383291],[114.3179127,42.2383562],[114.3171757,42.2384371],[114.3164529,42.2385712],[114.3157513,42.238757],[114.3150778,42.2389928],[114.3144387,42.2392764],[114.3138402,42.239605],[114.3132881,42.2399754],[114.3127877,42.2403841],[114.3123439,42.2408272],[114.3119608,42.2413003],[114.3116422,42.2417989],[114.3113912,42.2423183],[114.3112102,42.2428533],[114.3111008,42.243399],[114.3110643,42.2439499],[114.3111008,42.2445008],[114.3112102,42.2450464],[114.3113912,42.2455815],[114.3116422,42.2461009],[114.3119608,42.2465995],[114.3123439,42.2470726],[114.3127877,42.2475157],[114.3132881,42.2479244],[114.3138402,42.2482948],[114.3144387,42.2486234],[114.3150778,42.248907],[114.3157513,42.2491428],[114.3164529,42.2493286],[114.3171757,42.2494626],[114.3179127,42.2495436],[114.3186569,42.2495707]]]},"properties":{"name":"1525无名峰(2)","peak_elev":1525,"radius_m":625,"layer":"ATS峰值响应半径","rank_pct":0.5318,"center_lon":114.31865692138672,"center_lat":42.24394989013672,"max_mean_jut":15.322,"max_ats":8.9595,"r_jmean_peak":625,"r_ats_peak":625,"r_ats_marginal":187.5,"ats_marginal_rate_max":0.02126998143867639,"ats_marginal_interval_start":125.0,"ats_marginal_interval_end":250.0,"is_expanded":false}},{"type":"Feature","geometry":{"type":"Polygon","coordinates":[[[114.320007,42.0838318],[114.3207493,42.0838047],[114.3214844,42.0837238],[114.3222053,42.0835897],[114.322905,42.0834039],[114.3235768,42.0831681],[114.3242142,42.0828845],[114.3248111,42.0825559],[114.3253618,42.0821855],[114.3258608,42.0817768],[114.3263035,42.0813337],[114.3266856,42.0808606],[114.3270033,42.080362],[114.3272537,42.0798426],[114.3274343,42.0793076],[114.3275433,42.0787619],[114.3275798,42.078211],[114.3275433,42.0776601],[114.3274343,42.0771144],[114.3272537,42.0765794],[114.3270033,42.07606],[114.3266856,42.0755614],[114.3263035,42.0750883],[114.3258608,42.0746452],[114.3253618,42.0742365],[114.3248111,42.0738661],[114.3242142,42.0735375],[114.3235768,42.0732539],[114.322905,42.0730181],[114.3222053,42.0728323],[114.3214844,42.0726982],[114.3207493,42.0726173],[114.320007,42.0725902],[114.3192647,42.0726173],[114.3185296,42.0726982],[114.3178087,42.0728323],[114.317109,42.0730181],[114.3164372,42.0732539],[114.3157998,42.0735375],[114.3152029,42.0738661],[114.3146522,42.0742365],[114.3141532,42.0746452],[114.3137105,42.0750883],[114.3133284,42.0755614],[114.3130107,42.07606],[114.3127603,42.0765794],[114.3125797,42.0771144],[114.3124707,42.0776601],[114.3124342,42.078211],[114.3124707,42.0787619],[114.3125797,42.0793076],[114.3127603,42.0798426],[114.3130107,42.080362],[114.3133284,42.0808606],[114.3137105,42.0813337],[114.3141532,42.0817768],[114.3146522,42.0821855],[114.3152029,42.0825559],[114.3157998,42.0828845],[114.3164372,42.0831681],[114.317109,42.0834039],[114.3178087,42.0835897],[114.3185296,42.0837238],[114.3192647,42.0838047],[114.320007,42.0838318]]]},"properties":{"name":"1550无名峰(2)","peak_elev":1550,"radius_m":625,"layer":"ATS峰值响应半径","rank_pct":0.5318,"center_lon":114.320007,"center_lat":42.078211,"max_mean_jut":10.5763,"max_ats":5.8253,"r_jmean_peak":375,"r_ats_peak":625,"r_ats_marginal":187.5,"ats_marginal_rate_max":0.01655688746981748,"ats_marginal_interval_start":125.0,"ats_marginal_interval_end":250.0,"is_expanded":false}},{"type":"Feature","geometry":{"type":"Polygon","coordinates":[[[113.156599,41.9938219],[113.1573402,41.9937948],[113.1580743,41.9937139],[113.1587942,41.9935799],[113.1594929,41.993394],[113.1601637,41.9931582],[113.1608003,41.9928746],[113.1613963,41.992546],[113.1619462,41.9921756],[113.1624446,41.9917669],[113.1628866,41.9913239],[113.1632682,41.9908507],[113.1635854,41.9903521],[113.1638355,41.9898328],[113.1640158,41.9892977],[113.1641247,41.9887521],[113.1641611,41.9882011],[113.1641247,41.9876502],[113.1640158,41.9871046],[113.1638355,41.9865695],[113.1635854,41.9860502],[113.1632682,41.9855515],[113.1628866,41.9850784],[113.1624446,41.9846354],[113.1619462,41.9842267],[113.1613963,41.9838562],[113.1608003,41.9835277],[113.1601637,41.9832441],[113.1594929,41.9830082],[113.1587942,41.9828224],[113.1580743,41.9826884],[113.1573402,41.9826074],[113.156599,41.9825804],[113.1558578,41.9826074],[113.1551237,41.9826884],[113.1544038,41.9828224],[113.1537051,41.9830082],[113.1530343,41.9832441],[113.1523977,41.9835277],[113.1518017,41.9838562],[113.1512518,41.9842267],[113.1507534,41.9846354],[113.1503114,41.9850784],[113.1499298,41.9855515],[113.1496126,41.9860502],[113.1493625,41.9865695],[113.1491822,41.9871046],[113.1490733,41.9876502],[113.1490369,41.9882011],[113.1490733,41.9887521],[113.1491822,41.9892977],[113.1493625,41.9898328],[113.1496126,41.9903521],[113.1499298,41.9908507],[113.1503114,41.9913239],[113.1507534,41.9917669],[113.1512518,41.9921756],[113.1518017,41.992546],[113.1523977,41.9928746],[113.1530343,41.9931582],[113.1537051,41.993394],[113.1544038,41.9935799],[113.1551237,41.9937139],[113.1558578,41.9937948],[113.156599,41.9938219]]]},"properties":{"name":"石鸡子山1556","peak_elev":1556,"radius_m":625,"layer":"ATS峰值响应半径","rank_pct":0.5318,"center_lon":113.156599,"center_lat":41.98820114135742,"max_mean_jut":12.3928,"max_ats":7.5402,"r_jmean_peak":500,"r_ats_peak":625,"r_ats_marginal":312.5,"ats_marginal_rate_max":0.01635635137432791,"ats_marginal_interval_start":250.0,"ats_marginal_interval_end":375.0,"is_expanded":false}},{"type":"Feature","geometry":{"type":"Polygon","coordinates":[[[113.786273,41.6933338],[113.7870107,41.6933067],[113.7877414,41.6932258],[113.7884579,41.6930917],[113.7891533,41.6929059],[113.789821,41.6926701],[113.7904546,41.6923865],[113.7910479,41.6920579],[113.7915951,41.6916875],[113.7920912,41.6912788],[113.7925312,41.6908357],[113.7929109,41.6903626],[113.7932267,41.689864],[113.7934756,41.6893446],[113.793655,41.6888096],[113.7937634,41.6882639],[113.7937997,41.687713],[113.7937634,41.6871621],[113.793655,41.6866164],[113.7934756,41.6860814],[113.7932267,41.685562],[113.7929109,41.6850634],[113.7925312,41.6845903],[113.7920912,41.6841472],[113.7915951,41.6837385],[113.7910479,41.6833681],[113.7904546,41.6830395],[113.789821,41.6827559],[113.7891533,41.6825201],[113.7884579,41.6823343],[113.7877414,41.6822002],[113.7870107,41.6821193],[113.786273,41.6820922],[113.7855353,41.6821193],[113.7848046,41.6822002],[113.7840881,41.6823343],[113.7833927,41.6825201],[113.782725,41.6827559],[113.7820914,41.6830395],[113.7814981,41.6833681],[113.7809509,41.6837385],[113.7804548,41.6841472],[113.7800148,41.6845903],[113.7796351,41.6850634],[113.7793193,41.685562],[113.7790704,41.6860814],[113.778891,41.6866164],[113.7787826,41.6871621],[113.7787463,41.687713],[113.7787826,41.6882639],[113.778891,41.6888096],[113.7790704,41.6893446],[113.7793193,41.689864],[113.7796351,41.6903626],[113.7800148,41.6908357],[113.7804548,41.6912788],[113.7809509,41.6916875],[113.7814981,41.6920579],[113.7820914,41.6923865],[113.782725,41.6926701],[113.7833927,41.6929059],[113.7840881,41.6930917],[113.7848046,41.6932258],[113.7855353,41.6933067],[113.786273,41.6933338]]]},"properties":{"name":"1561无名峰","peak_elev":1561,"radius_m":625,"layer":"ATS峰值响应半径","rank_pct":0.5318,"center_lon":113.786273,"center_lat":41.687713,"max_mean_jut":13.2844,"max_ats":8.1651,"r_jmean_peak":500,"r_ats_peak":625,"r_ats_marginal":187.5,"ats_marginal_rate_max":0.02052634842391409,"ats_marginal_interval_start":125.0,"ats_marginal_interval_end":250.0,"is_expanded":false}},{"type":"Feature","geometry":{"type":"Polygon","coordinates":[[[114.409749,42.2404077],[114.4104931,42.2403807],[114.41123,42.2402997],[114.4119527,42.2401657],[114.4126542,42.2399799],[114.4133276,42.2397441],[114.4139666,42.2394605],[114.414565,42.2391319],[114.415117,42.2387615],[114.4156173,42.2383528],[114.4160611,42.2379097],[114.4164442,42.2374366],[114.4167627,42.236938],[114.4170137,42.2364186],[114.4171947,42.2358835],[114.417304,42.2353379],[114.4173406,42.234787],[114.417304,42.2342361],[114.4171947,42.2336904],[114.4170137,42.2331554],[114.4167627,42.232636],[114.4164442,42.2321374],[114.4160611,42.2316643],[114.4156173,42.2312212],[114.415117,42.2308125],[114.414565,42.2304421],[114.4139666,42.2301135],[114.4133276,42.2298299],[114.4126542,42.2295941],[114.4119527,42.2294083],[114.41123,42.2292742],[114.4104931,42.2291933],[114.409749,42.2291662],[114.4090049,42.2291933],[114.408268,42.2292742],[114.4075453,42.2294083],[114.4068438,42.2295941],[114.4061704,42.2298299],[114.4055314,42.2301135],[114.404933,42.2304421],[114.404381,42.2308125],[114.4038807,42.2312212],[114.4034369,42.2316643],[114.4030538,42.2321374],[114.4027353,42.232636],[114.4024843,42.2331554],[114.4023033,42.2336904],[114.402194,42.2342361],[114.4021574,42.234787],[114.402194,42.2353379],[114.4023033,42.2358835],[114.4024843,42.2364186],[114.4027353,42.236938],[114.4030538,42.2374366],[114.4034369,42.2379097],[114.4038807,42.2383528],[114.404381,42.2387615],[114.404933,42.2391319],[114.4055314,42.2394605],[114.4061704,42.2397441],[114.4068438,42.2399799],[114.4075453,42.2401657],[114.408268,42.2402997],[114.4090049,42.2403807],[114.409749,42.2404077]]]},"properties":{"name":"1564无名峰(2)","peak_elev":1564,"radius_m":625,"layer":"ATS峰值响应半径","rank_pct":0.5318,"center_lon":114.409749,"center_lat":42.23478698730469,"max_mean_jut":12.0716,"max_ats":6.9578,"r_jmean_peak":625,"r_ats_peak":625,"r_ats_marginal":187.5,"ats_marginal_rate_max":0.01593842517113651,"ats_marginal_interval_start":125.0,"ats_marginal_interval_end":250.0,"is_expanded":false}},{"type":"Feature","geometry":{"type":"Polygon","coordinates":[[[114.316773,42.1749208],[114.3175163,42.1748938],[114.3182525,42.1748128],[114.3189744,42.1746788],[114.3196752,42.174493],[114.3203479,42.1742571],[114.3209863,42.1739736],[114.321584,42.173645],[114.3221355,42.1732746],[114.3226353,42.1728659],[114.3230786,42.1724228],[114.3234612,42.1719497],[114.3237794,42.1714511],[114.3240301,42.1709317],[114.324211,42.1703966],[114.3243202,42.169851],[114.3243567,42.1693001],[114.3243202,42.1687491],[114.324211,42.1682035],[114.3240301,42.1676685],[114.3237794,42.1671491],[114.3234612,42.1666505],[114.3230786,42.1661774],[114.3226353,42.1657343],[114.3221355,42.1653256],[114.321584,42.1649552],[114.3209863,42.1646266],[114.3203479,42.164343],[114.3196752,42.1641072],[114.3189744,42.1639213],[114.3182525,42.1637873],[114.3175163,42.1637064],[114.316773,42.1636793],[114.3160297,42.1637064],[114.3152935,42.1637873],[114.3145716,42.1639213],[114.3138708,42.1641072],[114.3131981,42.164343],[114.3125597,42.1646266],[114.311962,42.1649552],[114.3114105,42.1653256],[114.3109107,42.1657343],[114.3104674,42.1661774],[114.3100848,42.1666505],[114.3097666,42.1671491],[114.3095159,42.1676685],[114.309335,42.1682035],[114.3092258,42.1687491],[114.3091893,42.1693001],[114.3092258,42.169851],[114.309335,42.1703966],[114.3095159,42.1709317],[114.3097666,42.1714511],[114.3100848,42.1719497],[114.3104674,42.1724228],[114.3109107,42.1728659],[114.3114105,42.1732746],[114.311962,42.173645],[114.3125597,42.1739736],[114.3131981,42.1742571],[114.3138708,42.174493],[114.3145716,42.1746788],[114.3152935,42.1748128],[114.3160297,42.1748938],[114.316773,42.1749208]]]},"properties":{"name":"恩克音敖包1567","peak_elev":1567,"radius_m":625,"layer":"ATS峰值响应半径","rank_pct":0.5318,"center_lon":114.316773,"center_lat":42.1693000793457,"max_mean_jut":9.599,"max_ats":5.3932,"r_jmean_peak":625,"r_ats_peak":625,"r_ats_marginal":187.5,"ats_marginal_rate_max":0.014741720029289003,"ats_marginal_interval_start":125.0,"ats_marginal_interval_end":250.0,"is_expanded":false}},{"type":"Feature","geometry":{"type":"Polygon","coordinates":[[[113.778323,41.6984548],[113.7790608,41.6984277],[113.7797915,41.6983468],[113.780508,41.6982127],[113.7812036,41.6980269],[113.7818713,41.6977911],[113.7825049,41.6975075],[113.7830982,41.6971789],[113.7836456,41.6968085],[113.7841416,41.6963998],[113.7845817,41.6959567],[113.7849614,41.6954836],[113.7852773,41.694985],[113.7855261,41.6944656],[113.7857056,41.6939306],[113.785814,41.6933849],[113.7858503,41.692834],[113.785814,41.6922831],[113.7857056,41.6917374],[113.7855261,41.6912024],[113.7852773,41.690683],[113.7849614,41.6901844],[113.7845817,41.6897113],[113.7841416,41.6892682],[113.7836456,41.6888595],[113.7830982,41.6884891],[113.7825049,41.6881605],[113.7818713,41.6878769],[113.7812036,41.6876411],[113.780508,41.6874553],[113.7797915,41.6873212],[113.7790608,41.6872403],[113.778323,41.6872132],[113.7775852,41.6872403],[113.7768545,41.6873212],[113.776138,41.6874553],[113.7754424,41.6876411],[113.7747747,41.6878769],[113.7741411,41.6881605],[113.7735478,41.6884891],[113.7730004,41.6888595],[113.7725044,41.6892682],[113.7720643,41.6897113],[113.7716846,41.6901844],[113.7713687,41.690683],[113.7711199,41.6912024],[113.7709404,41.6917374],[113.770832,41.6922831],[113.7707957,41.692834],[113.770832,41.6933849],[113.7709404,41.6939306],[113.7711199,41.6944656],[113.7713687,41.694985],[113.7716846,41.6954836],[113.7720643,41.6959567],[113.7725044,41.6963998],[113.7730004,41.6968085],[113.7735478,41.6971789],[113.7741411,41.6975075],[113.7747747,41.6977911],[113.7754424,41.6980269],[113.776138,41.6982127],[113.7768545,41.6983468],[113.7775852,41.6984277],[113.778323,41.6984548]]]},"properties":{"name":"马鬃山1571","peak_elev":1571,"radius_m":625,"layer":"ATS峰值响应半径","rank_pct":0.5318,"center_lon":113.778323,"center_lat":41.692834,"max_mean_jut":14.178,"max_ats":7.8112,"r_jmean_peak":500,"r_ats_peak":625,"r_ats_marginal":187.5,"ats_marginal_rate_max":0.025475792298158557,"ats_marginal_interval_start":125.0,"ats_marginal_interval_end":250.0,"is_expanded":false}},{"type":"Feature","geometry":{"type":"Polygon","coordinates":[[[113.584018,42.0682009],[113.5847601,42.0681738],[113.585495,42.0680929],[113.5862157,42.0679588],[113.5869153,42.067773],[113.5875869,42.0675372],[113.5882242,42.0672536],[113.5888209,42.066925],[113.5893715,42.0665546],[113.5898704,42.0661459],[113.590313,42.0657028],[113.590695,42.0652297],[113.5910126,42.0647311],[113.5912629,42.0642117],[113.5914435,42.0636767],[113.5915525,42.063131],[113.5915889,42.0625801],[113.5915525,42.0620292],[113.5914435,42.0614836],[113.5912629,42.0609485],[113.5910126,42.0604291],[113.590695,42.0599305],[113.590313,42.0594574],[113.5898704,42.0590143],[113.5893715,42.0586056],[113.5888209,42.0582352],[113.5882242,42.0579066],[113.5875869,42.057623],[113.5869153,42.0573872],[113.5862157,42.0572014],[113.585495,42.0570673],[113.5847601,42.0569864],[113.584018,42.0569593],[113.5832759,42.0569864],[113.582541,42.0570673],[113.5818203,42.0572014],[113.5811207,42.0573872],[113.5804491,42.057623],[113.5798118,42.0579066],[113.5792151,42.0582352],[113.5786645,42.0586056],[113.5781656,42.0590143],[113.577723,42.0594574],[113.577341,42.0599305],[113.5770234,42.0604291],[113.5767731,42.0609485],[113.5765925,42.0614836],[113.5764835,42.0620292],[113.5764471,42.0625801],[113.5764835,42.063131],[113.5765925,42.0636767],[113.5767731,42.0642117],[113.5770234,42.0647311],[113.577341,42.0652297],[113.577723,42.0657028],[113.5781656,42.0661459],[113.5786645,42.0665546],[113.5792151,42.066925],[113.5798118,42.0672536],[113.5804491,42.0675372],[113.5811207,42.067773],[113.5818203,42.0679588],[113.582541,42.0680929],[113.5832759,42.0681738],[113.584018,42.0682009]]]},"properties":{"name":"铜顶山1600","peak_elev":1600,"radius_m":625,"layer":"ATS峰值响应半径","rank_pct":0.5318,"center_lon":113.584018,"center_lat":42.06258010864258,"max_mean_jut":15.133,"max_ats":8.4929,"r_jmean_peak":500,"r_ats_peak":625,"r_ats_marginal":187.5,"ats_marginal_rate_max":0.021624451856742062,"ats_marginal_interval_start":125.0,"ats_marginal_interval_end":250.0,"is_expanded":false}},{"type":"Feature","geometry":{"type":"Polygon","coordinates":[[[113.499127,41.9094688],[113.4998672,41.9094417],[113.5006003,41.9093608],[113.5013193,41.9092267],[113.5020171,41.9090409],[113.502687,41.9088051],[113.5033227,41.9085215],[113.503918,41.9081929],[113.5044671,41.9078225],[113.5049648,41.9074138],[113.5054063,41.9069707],[113.5057873,41.9064976],[113.5061042,41.905999],[113.5063539,41.9054796],[113.506534,41.9049446],[113.5066427,41.9043989],[113.5066791,41.903848],[113.5066427,41.9032971],[113.506534,41.9027514],[113.5063539,41.9022164],[113.5061042,41.901697],[113.5057873,41.9011984],[113.5054063,41.9007253],[113.5049648,41.9002822],[113.5044671,41.8998735],[113.503918,41.8995031],[113.5033227,41.8991745],[113.502687,41.8988909],[113.5020171,41.8986551],[113.5013193,41.8984693],[113.5006003,41.8983352],[113.4998672,41.8982543],[113.499127,41.8982272],[113.4983868,41.8982543],[113.4976537,41.8983352],[113.4969347,41.8984693],[113.4962369,41.8986551],[113.495567,41.8988909],[113.4949313,41.8991745],[113.494336,41.8995031],[113.4937869,41.8998735],[113.4932892,41.9002822],[113.4928477,41.9007253],[113.4924667,41.9011984],[113.4921498,41.901697],[113.4919001,41.9022164],[113.49172,41.9027514],[113.4916113,41.9032971],[113.4915749,41.903848],[113.4916113,41.9043989],[113.49172,41.9049446],[113.4919001,41.9054796],[113.4921498,41.905999],[113.4924667,41.9064976],[113.4928477,41.9069707],[113.4932892,41.9074138],[113.4937869,41.9078225],[113.494336,41.9081929],[113.4949313,41.9085215],[113.495567,41.9088051],[113.4962369,41.9090409],[113.4969347,41.9092267],[113.4976537,41.9093608],[113.4983868,41.9094417],[113.499127,41.9094688]]]},"properties":{"name":"1609无名峰(1)","peak_elev":1609,"radius_m":625,"layer":"ATS峰值响应半径","rank_pct":0.5318,"center_lon":113.499127,"center_lat":41.903848,"max_mean_jut":10.8775,"max_ats":6.7025,"r_jmean_peak":625,"r_ats_peak":625,"r_ats_marginal":187.5,"ats_marginal_rate_max":0.014081087785632131,"ats_marginal_interval_start":125.0,"ats_marginal_interval_end":250.0,"is_expanded":false}},{"type":"Feature","geometry":{"type":"Polygon","coordinates":[[[113.121295,41.4038968],[113.1220294,41.4038697],[113.1227568,41.4037888],[113.1234701,41.4036547],[113.1241625,41.4034689],[113.1248272,41.4032331],[113.1254579,41.4029495],[113.1260485,41.4026209],[113.1265934,41.4022505],[113.1270872,41.4018418],[113.1275252,41.4013987],[113.1279033,41.4009256],[113.1282177,41.400427],[113.1284654,41.3999076],[113.1286441,41.3993726],[113.128752,41.3988269],[113.128788,41.398276],[113.128752,41.3977251],[113.1286441,41.3971794],[113.1284654,41.3966444],[113.1282177,41.396125],[113.1279033,41.3956264],[113.1275252,41.3951533],[113.1270872,41.3947102],[113.1265934,41.3943015],[113.1260485,41.3939311],[113.1254579,41.3936025],[113.1248272,41.3933189],[113.1241625,41.3930831],[113.1234701,41.3928973],[113.1227568,41.3927632],[113.1220294,41.3926823],[113.121295,41.3926552],[113.1205606,41.3926823],[113.1198332,41.3927632],[113.1191199,41.3928973],[113.1184275,41.3930831],[113.1177628,41.3933189],[113.1171321,41.3936025],[113.1165415,41.3939311],[113.1159966,41.3943015],[113.1155028,41.3947102],[113.1150648,41.3951533],[113.1146867,41.3956264],[113.1143723,41.396125],[113.1141246,41.3966444],[113.1139459,41.3971794],[113.113838,41.3977251],[113.113802,41.398276],[113.113838,41.3988269],[113.1139459,41.3993726],[113.1141246,41.3999076],[113.1143723,41.400427],[113.1146867,41.4009256],[113.1150648,41.4013987],[113.1155028,41.4018418],[113.1159966,41.4022505],[113.1165415,41.4026209],[113.1171321,41.4029495],[113.1177628,41.4032331],[113.1184275,41.4034689],[113.1191199,41.4036547],[113.1198332,41.4037888],[113.1205606,41.4038697],[113.121295,41.4038968]]]},"properties":{"name":"1617无名峰","peak_elev":1617,"radius_m":625,"layer":"ATS峰值响应半径","rank_pct":0.5318,"center_lon":113.121295,"center_lat":41.398276,"max_mean_jut":8.8104,"max_ats":5.3058,"r_jmean_peak":500,"r_ats_peak":625,"r_ats_marginal":187.5,"ats_marginal_rate_max":0.009956906491300557,"ats_marginal_interval_start":125.0,"ats_marginal_interval_end":250.0,"is_expanded":false}},{"type":"Feature","geometry":{"type":"Polygon","coordinates":[[[113.584736,41.7319618],[113.5854742,41.7319347],[113.5862053,41.7318538],[113.5869222,41.7317197],[113.5876181,41.7315339],[113.5882862,41.7312981],[113.5889201,41.7310145],[113.5895137,41.7306859],[113.5900613,41.7303155],[113.5905577,41.7299068],[113.5909979,41.7294637],[113.5913779,41.7289906],[113.5916939,41.728492],[113.5919429,41.7279726],[113.5921225,41.7274376],[113.5922309,41.7268919],[113.5922672,41.726341],[113.5922309,41.7257901],[113.5921225,41.7252444],[113.5919429,41.7247094],[113.5916939,41.72419],[113.5913779,41.7236914],[113.5909979,41.7232183],[113.5905577,41.7227752],[113.5900613,41.7223665],[113.5895137,41.7219961],[113.5889201,41.7216675],[113.5882862,41.7213839],[113.5876181,41.7211481],[113.5869222,41.7209623],[113.5862053,41.7208282],[113.5854742,41.7207473],[113.584736,41.7207202],[113.5839978,41.7207473],[113.5832667,41.7208282],[113.5825498,41.7209623],[113.5818539,41.7211481],[113.5811858,41.7213839],[113.5805519,41.7216675],[113.5799583,41.7219961],[113.5794107,41.7223665],[113.5789143,41.7227752],[113.5784741,41.7232183],[113.5780941,41.7236914],[113.5777781,41.72419],[113.5775291,41.7247094],[113.5773495,41.7252444],[113.5772411,41.7257901],[113.5772048,41.726341],[113.5772411,41.7268919],[113.5773495,41.7274376],[113.5775291,41.7279726],[113.5777781,41.728492],[113.5780941,41.7289906],[113.5784741,41.7294637],[113.5789143,41.7299068],[113.5794107,41.7303155],[113.5799583,41.7306859],[113.5805519,41.7310145],[113.5811858,41.7312981],[113.5818539,41.7315339],[113.5825498,41.7317197],[113.5832667,41.7318538],[113.5839978,41.7319347],[113.584736,41.7319618]]]},"properties":{"name":"1633无名峰(2)","peak_elev":1633,"radius_m":625,"layer":"ATS峰值响应半径","rank_pct":0.5318,"center_lon":113.584736,"center_lat":41.726341,"max_mean_jut":14.0596,"max_ats":9.1232,"r_jmean_peak":500,"r_ats_peak":625,"r_ats_marginal":187.5,"ats_marginal_rate_max":0.02519723705835963,"ats_marginal_interval_start":125.0,"ats_marginal_interval_end":250.0,"is_expanded":false}},{"type":"Feature","geometry":{"type":"Polygon","coordinates":[[[114.426188,42.0300678],[114.4269296,42.0300407],[114.4276641,42.0299598],[114.4283844,42.0298257],[114.4290835,42.0296399],[114.4297548,42.0294041],[114.4303917,42.0291205],[114.4309881,42.0287919],[114.4315382,42.0284215],[114.4320369,42.0280128],[114.4324792,42.0275697],[114.432861,42.0270966],[114.4331784,42.026598],[114.4334286,42.0260786],[114.433609,42.0255436],[114.433718,42.0249979],[114.4337544,42.024447],[114.433718,42.0238961],[114.433609,42.0233504],[114.4334286,42.0228154],[114.4331784,42.022296],[114.432861,42.0217974],[114.4324792,42.0213243],[114.4320369,42.0208812],[114.4315382,42.0204725],[114.4309881,42.0201021],[114.4303917,42.0197735],[114.4297548,42.0194899],[114.4290835,42.0192541],[114.4283844,42.0190683],[114.4276641,42.0189342],[114.4269296,42.0188533],[114.426188,42.0188262],[114.4254464,42.0188533],[114.4247119,42.0189342],[114.4239916,42.0190683],[114.4232925,42.0192541],[114.4226212,42.0194899],[114.4219843,42.0197735],[114.4213879,42.0201021],[114.4208378,42.0204725],[114.4203391,42.0208812],[114.4198968,42.0213243],[114.419515,42.0217974],[114.4191976,42.022296],[114.4189474,42.0228154],[114.418767,42.0233504],[114.418658,42.0238961],[114.4186216,42.024447],[114.418658,42.0249979],[114.418767,42.0255436],[114.4189474,42.0260786],[114.4191976,42.026598],[114.419515,42.0270966],[114.4198968,42.0275697],[114.4203391,42.0280128],[114.4208378,42.0284215],[114.4213879,42.0287919],[114.4219843,42.0291205],[114.4226212,42.0294041],[114.4232925,42.0296399],[114.4239916,42.0298257],[114.4247119,42.0299598],[114.4254464,42.0300407],[114.426188,42.0300678]]]},"properties":{"name":"1640无名峰(3)","peak_elev":1640,"radius_m":625,"layer":"ATS峰值响应半径","rank_pct":0.5318,"center_lon":114.426188,"center_lat":42.024447,"max_mean_jut":15.1873,"max_ats":8.8779,"r_jmean_peak":500,"r_ats_peak":625,"r_ats_marginal":187.5,"ats_marginal_rate_max":0.029520360812003158,"ats_marginal_interval_start":125.0,"ats_marginal_interval_end":250.0,"is_expanded":false}},{"type":"Feature","geometry":{"type":"Polygon","coordinates":[[[113.475142,41.5979328],[113.4758786,41.5979057],[113.4766082,41.5978248],[113.4773236,41.5976907],[113.4780181,41.5975049],[113.4786848,41.5972691],[113.4793174,41.5969855],[113.4799098,41.5966569],[113.4804563,41.5962865],[113.4809516,41.5958778],[113.4813909,41.5954347],[113.4817701,41.5949616],[113.4820854,41.594463],[113.4823339,41.5939436],[113.4825131,41.5934086],[113.4826213,41.5928629],[113.4826575,41.592312],[113.4826213,41.5917611],[113.4825131,41.5912154],[113.4823339,41.5906804],[113.4820854,41.590161],[113.4817701,41.5896624],[113.4813909,41.5891893],[113.4809516,41.5887462],[113.4804563,41.5883375],[113.4799098,41.5879671],[113.4793174,41.5876385],[113.4786848,41.5873549],[113.4780181,41.5871191],[113.4773236,41.5869333],[113.4766082,41.5867992],[113.4758786,41.5867183],[113.475142,41.5866912],[113.4744054,41.5867183],[113.4736758,41.5867992],[113.4729604,41.5869333],[113.4722659,41.5871191],[113.4715992,41.5873549],[113.4709666,41.5876385],[113.4703742,41.5879671],[113.4698277,41.5883375],[113.4693324,41.5887462],[113.4688931,41.5891893],[113.4685139,41.5896624],[113.4681986,41.590161],[113.4679501,41.5906804],[113.4677709,41.5912154],[113.4676627,41.5917611],[113.4676265,41.592312],[113.4676627,41.5928629],[113.4677709,41.5934086],[113.4679501,41.5939436],[113.4681986,41.594463],[113.4685139,41.5949616],[113.4688931,41.5954347],[113.4693324,41.5958778],[113.4698277,41.5962865],[113.4703742,41.5966569],[113.4709666,41.5969855],[113.4715992,41.5972691],[113.4722659,41.5975049],[113.4729604,41.5976907],[113.4736758,41.5978248],[113.4744054,41.5979057],[113.475142,41.5979328]]]},"properties":{"name":"喇嘛板大脑包1643","peak_elev":1643,"radius_m":625,"layer":"ATS峰值响应半径","rank_pct":0.5318,"center_lon":113.475142,"center_lat":41.592312,"max_mean_jut":14.7917,"max_ats":8.6721,"r_jmean_peak":750,"r_ats_peak":625,"r_ats_marginal":187.5,"ats_marginal_rate_max":0.0212796390915928,"ats_marginal_interval_start":125.0,"ats_marginal_interval_end":250.0,"is_expanded":false}},{"type":"Feature","geometry":{"type":"Polygon","coordinates":[[[114.271498,42.1447378],[114.272241,42.1447107],[114.2729768,42.1446298],[114.2736984,42.1444957],[114.2743988,42.1443099],[114.2750712,42.1440741],[114.2757093,42.1437905],[114.2763067,42.1434619],[114.2768579,42.1430915],[114.2773575,42.1426828],[114.2778006,42.1422397],[114.278183,42.1417666],[114.2785011,42.141268],[114.2787517,42.1407486],[114.2789324,42.1402136],[114.2790416,42.1396679],[114.2790781,42.139117],[114.2790416,42.1385661],[114.2789324,42.1380204],[114.2787517,42.1374854],[114.2785011,42.136966],[114.278183,42.1364674],[114.2778006,42.1359943],[114.2773575,42.1355512],[114.2768579,42.1351425],[114.2763067,42.1347721],[114.2757093,42.1344435],[114.2750712,42.1341599],[114.2743988,42.1339241],[114.2736984,42.1337383],[114.2729768,42.1336042],[114.272241,42.1335233],[114.271498,42.1334962],[114.270755,42.1335233],[114.2700192,42.1336042],[114.2692976,42.1337383],[114.2685972,42.1339241],[114.2679248,42.1341599],[114.2672867,42.1344435],[114.2666893,42.1347721],[114.2661381,42.1351425],[114.2656385,42.1355512],[114.2651954,42.1359943],[114.264813,42.1364674],[114.2644949,42.136966],[114.2642443,42.1374854],[114.2640636,42.1380204],[114.2639544,42.1385661],[114.2639179,42.139117],[114.2639544,42.1396679],[114.2640636,42.1402136],[114.2642443,42.1407486],[114.2644949,42.141268],[114.264813,42.1417666],[114.2651954,42.1422397],[114.2656385,42.1426828],[114.2661381,42.1430915],[114.2666893,42.1434619],[114.2672867,42.1437905],[114.2679248,42.1440741],[114.2685972,42.1443099],[114.2692976,42.1444957],[114.2700192,42.1446298],[114.270755,42.1447107],[114.271498,42.1447378]]]},"properties":{"name":"1664无名峰(3)","peak_elev":1664,"radius_m":625,"layer":"ATS峰值响应半径","rank_pct":0.5318,"center_lon":114.271498,"center_lat":42.139117,"max_mean_jut":21.3124,"max_ats":12.8481,"r_jmean_peak":500,"r_ats_peak":625,"r_ats_marginal":187.5,"ats_marginal_rate_max":0.04468965370311024,"ats_marginal_interval_start":125.0,"ats_marginal_interval_end":250.0,"is_expanded":false}},{"type":"Feature","geometry":{"type":"Polygon","coordinates":[[[113.204569,41.9550128],[113.2053098,41.9549857],[113.2060434,41.9549048],[113.2067628,41.9547707],[113.2074611,41.9545849],[113.2081316,41.9543491],[113.2087677,41.9540655],[113.2093634,41.9537369],[113.2099129,41.9533665],[113.210411,41.9529578],[113.2108528,41.9525147],[113.2112341,41.9520416],[113.2115512,41.951543],[113.211801,41.9510236],[113.2119813,41.9504886],[113.2120901,41.9499429],[113.2121265,41.949392],[113.2120901,41.9488411],[113.2119813,41.9482954],[113.211801,41.9477604],[113.2115512,41.947241],[113.2112341,41.9467424],[113.2108528,41.9462693],[113.210411,41.9458262],[113.2099129,41.9454175],[113.2093634,41.9450471],[113.2087677,41.9447185],[113.2081316,41.9444349],[113.2074611,41.9441991],[113.2067628,41.9440133],[113.2060434,41.9438792],[113.2053098,41.9437983],[113.204569,41.9437712],[113.2038282,41.9437983],[113.2030946,41.9438792],[113.2023752,41.9440133],[113.2016769,41.9441991],[113.2010064,41.9444349],[113.2003703,41.9447185],[113.1997746,41.9450471],[113.1992251,41.9454175],[113.198727,41.9458262],[113.1982852,41.9462693],[113.1979039,41.9467424],[113.1975868,41.947241],[113.197337,41.9477604],[113.1971567,41.9482954],[113.1970479,41.9488411],[113.1970115,41.949392],[113.1970479,41.9499429],[113.1971567,41.9504886],[113.197337,41.9510236],[113.1975868,41.951543],[113.1979039,41.9520416],[113.1982852,41.9525147],[113.198727,41.9529578],[113.1992251,41.9533665],[113.1997746,41.9537369],[113.2003703,41.9540655],[113.2010064,41.9543491],[113.2016769,41.9545849],[113.2023752,41.9547707],[113.2030946,41.9549048],[113.2038282,41.9549857],[113.204569,41.9550128]]]},"properties":{"name":"1685无名峰(1)","peak_elev":1685,"radius_m":625,"layer":"ATS峰值响应半径","rank_pct":0.5318,"center_lon":113.204569,"center_lat":41.949392,"max_mean_jut":14.7045,"max_ats":10.5103,"r_jmean_peak":625,"r_ats_peak":625,"r_ats_marginal":187.5,"ats_marginal_rate_max":0.034868602146626966,"ats_marginal_interval_start":125.0,"ats_marginal_interval_end":250.0,"is_expanded":false}},{"type":"Feature","geometry":{"type":"Polygon","coordinates":[[[113.402378,41.2281855],[113.4031105,41.2281584],[113.4038359,41.2280775],[113.4045473,41.2279434],[113.4052377,41.2277576],[113.4059007,41.2275218],[113.4065297,41.2272382],[113.4071187,41.2269096],[113.4076621,41.2265392],[113.4081546,41.2261305],[113.4085915,41.2256874],[113.4089685,41.2252143],[113.409282,41.2247157],[113.4095291,41.2241963],[113.4097073,41.2236613],[113.4098149,41.2231156],[113.4098509,41.2225647],[113.4098149,41.2220138],[113.4097073,41.2214681],[113.4095291,41.2209331],[113.409282,41.2204137],[113.4089685,41.2199151],[113.4085915,41.219442],[113.4081546,41.2189989],[113.4076621,41.2185902],[113.4071187,41.2182198],[113.4065297,41.2178912],[113.4059007,41.2176076],[113.4052377,41.2173718],[113.4045473,41.217186],[113.4038359,41.2170519],[113.4031105,41.216971],[113.402378,41.2169439],[113.4016455,41.216971],[113.4009201,41.2170519],[113.4002087,41.217186],[113.3995183,41.2173718],[113.3988553,41.2176076],[113.3982263,41.2178912],[113.3976373,41.2182198],[113.3970939,41.2185902],[113.3966014,41.2189989],[113.3961645,41.219442],[113.3957875,41.2199151],[113.395474,41.2204137],[113.3952269,41.2209331],[113.3950487,41.2214681],[113.3949411,41.2220138],[113.3949051,41.2225647],[113.3949411,41.2231156],[113.3950487,41.2236613],[113.3952269,41.2241963],[113.395474,41.2247157],[113.3957875,41.2252143],[113.3961645,41.2256874],[113.3966014,41.2261305],[113.3970939,41.2265392],[113.3976373,41.2269096],[113.3982263,41.2272382],[113.3988553,41.2275218],[113.3995183,41.2277576],[113.4002087,41.2279434],[113.4009201,41.2280775],[113.4016455,41.2281584],[113.402378,41.2281855]]]},"properties":{"name":"1698无名峰(3)","peak_elev":1698,"radius_m":625,"layer":"ATS峰值响应半径","rank_pct":0.5318,"center_lon":113.402378,"center_lat":41.222564697265625,"max_mean_jut":12.6263,"max_ats":6.8852,"r_jmean_peak":750,"r_ats_peak":625,"r_ats_marginal":187.5,"ats_marginal_rate_max":0.014086813687576706,"ats_marginal_interval_start":125.0,"ats_marginal_interval_end":250.0,"is_expanded":false}},{"type":"Feature","geometry":{"type":"Polygon","coordinates":[[[113.302234,41.6501596],[113.3029712,41.6501326],[113.3037014,41.6500516],[113.3044174,41.6499176],[113.3051124,41.6497318],[113.3057797,41.6494959],[113.3064128,41.6492124],[113.3070057,41.6488838],[113.3075526,41.6485134],[113.3080483,41.6481047],[113.308488,41.6476616],[113.3088675,41.6471885],[113.3091831,41.6466899],[113.3094317,41.6461705],[113.3096111,41.6456354],[113.3097194,41.6450898],[113.3097556,41.6445389],[113.3097194,41.6439879],[113.3096111,41.6434423],[113.3094317,41.6429073],[113.3091831,41.6423879],[113.3088675,41.6418893],[113.308488,41.6414162],[113.3080483,41.6409731],[113.3075526,41.6405644],[113.3070057,41.640194],[113.3064128,41.6398654],[113.3057797,41.6395818],[113.3051124,41.639346],[113.3044174,41.6391601],[113.3037014,41.6390261],[113.3029712,41.6389452],[113.302234,41.6389181],[113.3014968,41.6389452],[113.3007666,41.6390261],[113.3000506,41.6391601],[113.2993556,41.639346],[113.2986883,41.6395818],[113.2980552,41.6398654],[113.2974623,41.640194],[113.2969154,41.6405644],[113.2964197,41.6409731],[113.29598,41.6414162],[113.2956005,41.6418893],[113.2952849,41.6423879],[113.2950363,41.6429073],[113.2948569,41.6434423],[113.2947486,41.6439879],[113.2947124,41.6445389],[113.2947486,41.6450898],[113.2948569,41.6456354],[113.2950363,41.6461705],[113.2952849,41.6466899],[113.2956005,41.6471885],[113.29598,41.6476616],[113.2964197,41.6481047],[113.2969154,41.6485134],[113.2974623,41.6488838],[113.2980552,41.6492124],[113.2986883,41.6494959],[113.2993556,41.6497318],[113.3000506,41.6499176],[113.3007666,41.6500516],[113.3014968,41.6501326],[113.302234,41.6501596]]]},"properties":{"name":"大坝山1700","peak_elev":1700,"radius_m":625,"layer":"ATS峰值响应半径","rank_pct":0.5318,"center_lon":113.302234,"center_lat":41.64453887939453,"max_mean_jut":12.9415,"max_ats":7.5548,"r_jmean_peak":625,"r_ats_peak":625,"r_ats_marginal":187.5,"ats_marginal_rate_max":0.017419626518202554,"ats_marginal_interval_start":125.0,"ats_marginal_interval_end":250.0,"is_expanded":false}},{"type":"Feature","geometry":{"type":"Polygon","coordinates":[[[113.2199326,41.7868488],[113.2206714,41.7868217],[113.2214031,41.7867408],[113.2221206,41.7866067],[113.2228171,41.7864209],[113.2234858,41.7861851],[113.2241202,41.7859015],[113.2247144,41.7855729],[113.2252625,41.7852025],[113.2257592,41.7847938],[113.2261999,41.7843507],[113.2265801,41.7838776],[113.2268964,41.783379],[113.2271456,41.7828596],[113.2273253,41.7823246],[113.2274339,41.7817789],[113.2274702,41.781228],[113.2274339,41.7806771],[113.2273253,41.7801314],[113.2271456,41.7795964],[113.2268964,41.779077],[113.2265801,41.7785784],[113.2261999,41.7781053],[113.2257592,41.7776622],[113.2252625,41.7772535],[113.2247144,41.7768831],[113.2241202,41.7765545],[113.2234858,41.7762709],[113.2228171,41.7760351],[113.2221206,41.7758493],[113.2214031,41.7757152],[113.2206714,41.7756343],[113.2199326,41.7756072],[113.2191937,41.7756343],[113.218462,41.7757152],[113.2177445,41.7758493],[113.217048,41.7760351],[113.2163793,41.7762709],[113.2157449,41.7765545],[113.2151507,41.7768831],[113.2146027,41.7772535],[113.2141059,41.7776622],[113.2136653,41.7781053],[113.213285,41.7785784],[113.2129687,41.779077],[113.2127195,41.7795964],[113.2125398,41.7801314],[113.2124312,41.7806771],[113.2123949,41.781228],[113.2124312,41.7817789],[113.2125398,41.7823246],[113.2127195,41.7828596],[113.2129687,41.783379],[113.213285,41.7838776],[113.2136653,41.7843507],[113.2141059,41.7847938],[113.2146027,41.7852025],[113.2151507,41.7855729],[113.2157449,41.7859015],[113.2163793,41.7861851],[113.217048,41.7864209],[113.2177445,41.7866067],[113.218462,41.7867408],[113.2191937,41.7868217],[113.2199326,41.7868488]]]},"properties":{"name":"1712无名峰","peak_elev":1712,"radius_m":625,"layer":"ATS峰值响应半径","rank_pct":0.5318,"center_lon":113.21993255615234,"center_lat":41.781228,"max_mean_jut":15.1625,"max_ats":9.8987,"r_jmean_peak":625,"r_ats_peak":625,"r_ats_marginal":312.5,"ats_marginal_rate_max":0.019834160552966287,"ats_marginal_interval_start":250.0,"ats_marginal_interval_end":375.0,"is_expanded":false}},{"type":"Feature","geometry":{"type":"Polygon","coordinates":[[[113.287843,41.6531788],[113.2885803,41.6531517],[113.2893105,41.6530708],[113.2900265,41.6529367],[113.2907215,41.6527509],[113.2913888,41.6525151],[113.292022,41.6522315],[113.2926149,41.6519029],[113.2931618,41.6515325],[113.2936576,41.6511238],[113.2940973,41.6506807],[113.2944768,41.6502076],[113.2947924,41.649709],[113.2950411,41.6491896],[113.2952204,41.6486546],[113.2953287,41.6481089],[113.295365,41.647558],[113.2953287,41.6470071],[113.2952204,41.6464614],[113.2950411,41.6459264],[113.2947924,41.645407],[113.2944768,41.6449084],[113.2940973,41.6444353],[113.2936576,41.6439922],[113.2931618,41.6435835],[113.2926149,41.6432131],[113.292022,41.6428845],[113.2913888,41.6426009],[113.2907215,41.6423651],[113.2900265,41.6421793],[113.2893105,41.6420452],[113.2885803,41.6419643],[113.287843,41.6419372],[113.2871057,41.6419643],[113.2863755,41.6420452],[113.2856595,41.6421793],[113.2849645,41.6423651],[113.2842972,41.6426009],[113.283664,41.6428845],[113.2830711,41.6432131],[113.2825242,41.6435835],[113.2820284,41.6439922],[113.2815887,41.6444353],[113.2812092,41.6449084],[113.2808936,41.645407],[113.2806449,41.6459264],[113.2804656,41.6464614],[113.2803573,41.6470071],[113.280321,41.647558],[113.2803573,41.6481089],[113.2804656,41.6486546],[113.2806449,41.6491896],[113.2808936,41.649709],[113.2812092,41.6502076],[113.2815887,41.6506807],[113.2820284,41.6511238],[113.2825242,41.6515325],[113.2830711,41.6519029],[113.283664,41.6522315],[113.2842972,41.6525151],[113.2849645,41.6527509],[113.2856595,41.6529367],[113.2863755,41.6530708],[113.2871057,41.6531517],[113.287843,41.6531788]]]},"properties":{"name":"1723无名峰","peak_elev":1723,"radius_m":625,"layer":"ATS峰值响应半径","rank_pct":0.5318,"center_lon":113.287843,"center_lat":41.647558,"max_mean_jut":15.948,"max_ats":8.2776,"r_jmean_peak":750,"r_ats_peak":625,"r_ats_marginal":312.5,"ats_marginal_rate_max":0.01810480397538915,"ats_marginal_interval_start":250.0,"ats_marginal_interval_end":375.0,"is_expanded":false}},{"type":"Feature","geometry":{"type":"Polygon","coordinates":[[[113.208073,41.762594],[113.2088115,41.762567],[113.209543,41.762486],[113.2102602,41.762352],[113.2109564,41.7621662],[113.2116249,41.7619303],[113.2122591,41.7616468],[113.212853,41.7613182],[113.2134009,41.7609477],[113.2138975,41.760539],[113.2143379,41.760096],[113.2147181,41.7596229],[113.2150342,41.7591242],[113.2152833,41.7586049],[113.215463,41.7580698],[113.2155715,41.7575242],[113.2156078,41.7569733],[113.2155715,41.7564223],[113.215463,41.7558767],[113.2152833,41.7553416],[113.2150342,41.7548223],[113.2147181,41.7543237],[113.2143379,41.7538505],[113.2138975,41.7534075],[113.2134009,41.7529988],[113.212853,41.7526284],[113.2122591,41.7522998],[113.2116249,41.7520162],[113.2109564,41.7517804],[113.2102602,41.7515945],[113.209543,41.7514605],[113.2088115,41.7513796],[113.208073,41.7513525],[113.2073345,41.7513796],[113.206603,41.7514605],[113.2058858,41.7515945],[113.2051896,41.7517804],[113.2045211,41.7520162],[113.2038869,41.7522998],[113.203293,41.7526284],[113.2027451,41.7529988],[113.2022485,41.7534075],[113.2018081,41.7538505],[113.2014279,41.7543237],[113.2011118,41.7548223],[113.2008627,41.7553416],[113.200683,41.7558767],[113.2005745,41.7564223],[113.2005382,41.7569733],[113.2005745,41.7575242],[113.200683,41.7580698],[113.2008627,41.7586049],[113.2011118,41.7591242],[113.2014279,41.7596229],[113.2018081,41.760096],[113.2022485,41.760539],[113.2027451,41.7609477],[113.203293,41.7613182],[113.2038869,41.7616468],[113.2045211,41.7619303],[113.2051896,41.7621662],[113.2058858,41.762352],[113.206603,41.762486],[113.2073345,41.762567],[113.208073,41.762594]]]},"properties":{"name":"1744无名峰","peak_elev":1744,"radius_m":625,"layer":"ATS峰值响应半径","rank_pct":0.5318,"center_lon":113.208073,"center_lat":41.75697326660156,"max_mean_jut":12.2853,"max_ats":7.031,"r_jmean_peak":625,"r_ats_peak":625,"r_ats_marginal":437.5,"ats_marginal_rate_max":0.014421150269096003,"ats_marginal_interval_start":375.0,"ats_marginal_interval_end":500.0,"is_expanded":false}},{"type":"Feature","geometry":{"type":"Polygon","coordinates":[[[113.286765,41.8177058],[113.2875042,41.8176787],[113.2882362,41.8175978],[113.2889541,41.8174637],[113.2896509,41.8172779],[113.2903199,41.8170421],[113.2909547,41.8167585],[113.2915491,41.8164299],[113.2920975,41.8160595],[113.2925945,41.8156508],[113.2930353,41.8152077],[113.2934158,41.8147346],[113.2937322,41.814236],[113.2939815,41.8137166],[113.2941613,41.8131816],[113.2942699,41.8126359],[113.2943062,41.812085],[113.2942699,41.8115341],[113.2941613,41.8109884],[113.2939815,41.8104534],[113.2937322,41.809934],[113.2934158,41.8094354],[113.2930353,41.8089623],[113.2925945,41.8085192],[113.2920975,41.8081105],[113.2915491,41.8077401],[113.2909547,41.8074115],[113.2903199,41.8071279],[113.2896509,41.8068921],[113.2889541,41.8067063],[113.2882362,41.8065722],[113.2875042,41.8064913],[113.286765,41.8064642],[113.2860258,41.8064913],[113.2852938,41.8065722],[113.2845759,41.8067063],[113.2838791,41.8068921],[113.2832101,41.8071279],[113.2825753,41.8074115],[113.2819809,41.8077401],[113.2814325,41.8081105],[113.2809355,41.8085192],[113.2804947,41.8089623],[113.2801142,41.8094354],[113.2797978,41.809934],[113.2795485,41.8104534],[113.2793687,41.8109884],[113.2792601,41.8115341],[113.2792238,41.812085],[113.2792601,41.8126359],[113.2793687,41.8131816],[113.2795485,41.8137166],[113.2797978,41.814236],[113.2801142,41.8147346],[113.2804947,41.8152077],[113.2809355,41.8156508],[113.2814325,41.8160595],[113.2819809,41.8164299],[113.2825753,41.8167585],[113.2832101,41.8170421],[113.2838791,41.8172779],[113.2845759,41.8174637],[113.2852938,41.8175978],[113.2860258,41.8176787],[113.286765,41.8177058]]]},"properties":{"name":"1748无名峰","peak_elev":1748,"radius_m":625,"layer":"ATS峰值响应半径","rank_pct":0.5318,"center_lon":113.286765,"center_lat":41.812085,"max_mean_jut":13.9139,"max_ats":7.5946,"r_jmean_peak":625,"r_ats_peak":625,"r_ats_marginal":187.5,"ats_marginal_rate_max":0.02006641996176373,"ats_marginal_interval_start":125.0,"ats_marginal_interval_end":250.0,"is_expanded":false}},{"type":"Feature","geometry":{"type":"Polygon","coordinates":[[[113.766735,42.0665834],[113.7674771,42.0665564],[113.768212,42.0664754],[113.7689327,42.0663414],[113.7696322,42.0661556],[113.7703038,42.0659197],[113.7709411,42.0656362],[113.7715378,42.0653076],[113.7720883,42.0649372],[113.7725873,42.0645284],[113.7730298,42.0640854],[113.7734118,42.0636123],[113.7737294,42.0631136],[113.7739797,42.0625943],[113.7741603,42.0620592],[113.7742693,42.0615136],[113.7743057,42.0609627],[113.7742693,42.0604117],[113.7741603,42.0598661],[113.7739797,42.0593311],[113.7737294,42.0588117],[113.7734118,42.0583131],[113.7730298,42.05784],[113.7725873,42.0573969],[113.7720883,42.0569882],[113.7715378,42.0566178],[113.7709411,42.0562892],[113.7703038,42.0560056],[113.7696322,42.0557698],[113.7689327,42.0555839],[113.768212,42.0554499],[113.7674771,42.055369],[113.766735,42.0553419],[113.7659929,42.055369],[113.765258,42.0554499],[113.7645373,42.0555839],[113.7638378,42.0557698],[113.7631662,42.0560056],[113.7625289,42.0562892],[113.7619322,42.0566178],[113.7613817,42.0569882],[113.7608827,42.0573969],[113.7604402,42.05784],[113.7600582,42.0583131],[113.7597406,42.0588117],[113.7594903,42.0593311],[113.7593097,42.0598661],[113.7592007,42.0604117],[113.7591643,42.0609627],[113.7592007,42.0615136],[113.7593097,42.0620592],[113.7594903,42.0625943],[113.7597406,42.0631136],[113.7600582,42.0636123],[113.7604402,42.0640854],[113.7608827,42.0645284],[113.7613817,42.0649372],[113.7619322,42.0653076],[113.7625289,42.0656362],[113.7631662,42.0659197],[113.7638378,42.0661556],[113.7645373,42.0663414],[113.765258,42.0664754],[113.7659929,42.0665564],[113.766735,42.0665834]]]},"properties":{"name":"夏日哈达1574","peak_elev":1574,"radius_m":625,"layer":"ATS峰值响应半径","rank_pct":0.5318,"center_lon":113.766735,"center_lat":42.06096267700195,"max_mean_jut":10.2366,"max_ats":6.3221,"r_jmean_peak":500,"r_ats_peak":625,"r_ats_marginal":187.5,"ats_marginal_rate_max":0.017060075253839863,"ats_marginal_interval_start":125.0,"ats_marginal_interval_end":250.0,"is_expanded":false}},{"type":"Feature","geometry":{"type":"Polygon","coordinates":[[[113.472177,42.2234298],[113.4729209,42.2234027],[113.4736576,42.2233218],[113.4743801,42.2231877],[113.4750814,42.2230019],[113.4757547,42.2227661],[113.4763935,42.2224825],[113.4769917,42.2221539],[113.4775436,42.2217835],[113.4780438,42.2213748],[113.4784874,42.2209317],[113.4788704,42.2204586],[113.4791888,42.21996],[113.4794397,42.2194406],[113.4796207,42.2189056],[113.47973,42.2183599],[113.4797665,42.217809],[113.47973,42.2172581],[113.4796207,42.2167124],[113.4794397,42.2161774],[113.4791888,42.215658],[113.4788704,42.2151594],[113.4784874,42.2146863],[113.4780438,42.2142432],[113.4775436,42.2138345],[113.4769917,42.2134641],[113.4763935,42.2131355],[113.4757547,42.2128519],[113.4750814,42.2126161],[113.4743801,42.2124303],[113.4736576,42.2122962],[113.4729209,42.2122153],[113.472177,42.2121882],[113.4714331,42.2122153],[113.4706964,42.2122962],[113.4699739,42.2124303],[113.4692726,42.2126161],[113.4685993,42.2128519],[113.4679605,42.2131355],[113.4673623,42.2134641],[113.4668104,42.2138345],[113.4663102,42.2142432],[113.4658666,42.2146863],[113.4654836,42.2151594],[113.4651652,42.215658],[113.4649143,42.2161774],[113.4647333,42.2167124],[113.464624,42.2172581],[113.4645875,42.217809],[113.464624,42.2183599],[113.4647333,42.2189056],[113.4649143,42.2194406],[113.4651652,42.21996],[113.4654836,42.2204586],[113.4658666,42.2209317],[113.4663102,42.2213748],[113.4668104,42.2217835],[113.4673623,42.2221539],[113.4679605,42.2224825],[113.4685993,42.2227661],[113.4692726,42.2230019],[113.4699739,42.2231877],[113.4706964,42.2233218],[113.4714331,42.2234027],[113.472177,42.2234298]]]},"properties":{"name":"巴彦陶格1462","peak_elev":1462,"radius_m":625,"layer":"ATS峰值响应半径","rank_pct":0.5318,"center_lon":113.472177,"center_lat":42.217809,"max_mean_jut":8.912,"max_ats":6.0748,"r_jmean_peak":625,"r_ats_peak":625,"r_ats_marginal":187.5,"ats_marginal_rate_max":0.01269585944448317,"ats_marginal_interval_start":125.0,"ats_marginal_interval_end":250.0,"is_expanded":false}},{"type":"Feature","geometry":{"type":"Polygon","coordinates":[[[113.467731,42.2074836],[113.468326,42.207462],[113.4689152,42.2073972],[113.4694931,42.20729],[113.470054,42.2071413],[113.4705925,42.2069527],[113.4711034,42.2067258],[113.4715819,42.2064629],[113.4720233,42.2061666],[113.4724233,42.2058396],[113.4727782,42.2054852],[113.4730844,42.2051067],[113.4733391,42.2047078],[113.4735398,42.2042923],[113.4736845,42.2038642],[113.473772,42.2034277],[113.4738012,42.202987],[113.473772,42.2025463],[113.4736845,42.2021098],[113.4735398,42.2016817],[113.4733391,42.2012662],[113.4730844,42.2008673],[113.4727782,42.2004888],[113.4724233,42.2001344],[113.4720233,42.1998074],[113.4715819,42.1995111],[113.4711034,42.1992482],[113.4705925,42.1990213],[113.470054,42.1988327],[113.4694931,42.198684],[113.4689152,42.1985768],[113.468326,42.198512],[113.467731,42.1984904],[113.467136,42.198512],[113.4665468,42.1985768],[113.4659689,42.198684],[113.465408,42.1988327],[113.4648695,42.1990213],[113.4643586,42.1992482],[113.4638801,42.1995111],[113.4634387,42.1998074],[113.4630387,42.2001344],[113.4626838,42.2004888],[113.4623776,42.2008673],[113.4621229,42.2012662],[113.4619222,42.2016817],[113.4617775,42.2021098],[113.46169,42.2025463],[113.4616608,42.202987],[113.46169,42.2034277],[113.4617775,42.2038642],[113.4619222,42.2042923],[113.4621229,42.2047078],[113.4623776,42.2051067],[113.4626838,42.2054852],[113.4630387,42.2058396],[113.4634387,42.2061666],[113.4638801,42.2064629],[113.4643586,42.2067258],[113.4648695,42.2069527],[113.465408,42.2071413],[113.4659689,42.20729],[113.4665468,42.2073972],[113.467136,42.207462],[113.467731,42.2074836]]]},"properties":{"name":"1427无名峰(1)","peak_elev":1427,"radius_m":500,"layer":"ATS峰值响应半径","rank_pct":0.6255,"center_lon":113.467731,"center_lat":42.202987,"max_mean_jut":8.6274,"max_ats":5.3967,"r_jmean_peak":250,"r_ats_peak":500,"r_ats_marginal":187.5,"ats_marginal_rate_max":0.016098602538213474,"ats_marginal_interval_start":125.0,"ats_marginal_interval_end":250.0,"is_expanded":false}},{"type":"Feature","geometry":{"type":"Polygon","coordinates":[[[113.385939,42.1387625],[113.3865333,42.1387409],[113.3871219,42.1386761],[113.3876992,42.1385689],[113.3882594,42.1384202],[113.3887974,42.1382316],[113.3893078,42.1380047],[113.3897857,42.1377418],[113.3902266,42.1374455],[113.3906262,42.1371185],[113.3909807,42.1367641],[113.3912866,42.1363856],[113.391541,42.1359867],[113.3917415,42.1355712],[113.3918861,42.1351431],[113.3919734,42.1347066],[113.3920026,42.1342659],[113.3919734,42.1338252],[113.3918861,42.1333887],[113.3917415,42.1329606],[113.391541,42.1325451],[113.3912866,42.1321462],[113.3909807,42.1317677],[113.3906262,42.1314133],[113.3902266,42.1310863],[113.3897857,42.13079],[113.3893078,42.1305271],[113.3887974,42.1303002],[113.3882594,42.1301116],[113.3876992,42.1299629],[113.3871219,42.1298557],[113.3865333,42.1297909],[113.385939,42.1297693],[113.3853447,42.1297909],[113.3847561,42.1298557],[113.3841788,42.1299629],[113.3836186,42.1301116],[113.3830806,42.1303002],[113.3825702,42.1305271],[113.3820923,42.13079],[113.3816514,42.1310863],[113.3812518,42.1314133],[113.3808973,42.1317677],[113.3805914,42.1321462],[113.380337,42.1325451],[113.3801365,42.1329606],[113.3799919,42.1333887],[113.3799046,42.1338252],[113.3798754,42.1342659],[113.3799046,42.1347066],[113.3799919,42.1351431],[113.3801365,42.1355712],[113.380337,42.1359867],[113.3805914,42.1363856],[113.3808973,42.1367641],[113.3812518,42.1371185],[113.3816514,42.1374455],[113.3820923,42.1377418],[113.3825702,42.1380047],[113.3830806,42.1382316],[113.3836186,42.1384202],[113.3841788,42.1385689],[113.3847561,42.1386761],[113.3853447,42.1387409],[113.385939,42.1387625]]]},"properties":{"name":"1431无名峰(1)","peak_elev":1431,"radius_m":500,"layer":"ATS峰值响应半径","rank_pct":0.6255,"center_lon":113.385939,"center_lat":42.1342658996582,"max_mean_jut":10.3535,"max_ats":7.1474,"r_jmean_peak":375,"r_ats_peak":500,"r_ats_marginal":187.5,"ats_marginal_rate_max":0.021226244155881008,"ats_marginal_interval_start":125.0,"ats_marginal_interval_end":250.0,"is_expanded":false}},{"type":"Feature","geometry":{"type":"Polygon","coordinates":[[[114.208706,42.1829596],[114.2093008,42.1829379],[114.2098898,42.1828732],[114.2104674,42.182766],[114.2110281,42.1826173],[114.2115664,42.1824286],[114.2120771,42.1822018],[114.2125554,42.1819389],[114.2129966,42.1816426],[114.2133965,42.1813156],[114.2137512,42.1809612],[114.2140573,42.1805827],[114.2143119,42.1801838],[114.2145126,42.1797683],[114.2146572,42.1793402],[114.2147446,42.1789037],[114.2147738,42.178463],[114.2147446,42.1780222],[114.2146572,42.1775857],[114.2145126,42.1771577],[114.2143119,42.1767422],[114.2140573,42.1763433],[114.2137512,42.1759648],[114.2133965,42.1756104],[114.2129966,42.1752834],[114.2125554,42.1749871],[114.2120771,42.1747242],[114.2115664,42.1744973],[114.2110281,42.1743087],[114.2104674,42.17416],[114.2098898,42.1740528],[114.2093008,42.173988],[114.208706,42.1739664],[114.2081112,42.173988],[114.2075222,42.1740528],[114.2069446,42.17416],[114.2063839,42.1743087],[114.2058456,42.1744973],[114.2053349,42.1747242],[114.2048566,42.1749871],[114.2044154,42.1752834],[114.2040155,42.1756104],[114.2036608,42.1759648],[114.2033547,42.1763433],[114.2031001,42.1767422],[114.2028994,42.1771577],[114.2027548,42.1775857],[114.2026674,42.1780222],[114.2026382,42.178463],[114.2026674,42.1789037],[114.2027548,42.1793402],[114.2028994,42.1797683],[114.2031001,42.1801838],[114.2033547,42.1805827],[114.2036608,42.1809612],[114.2040155,42.1813156],[114.2044154,42.1816426],[114.2048566,42.1819389],[114.2053349,42.1822018],[114.2058456,42.1824286],[114.2063839,42.1826173],[114.2069446,42.182766],[114.2075222,42.1828732],[114.2081112,42.1829379],[114.208706,42.1829596]]]},"properties":{"name":"巴彦罕盖1467","peak_elev":1467,"radius_m":500,"layer":"ATS峰值响应半径","rank_pct":0.6255,"center_lon":114.208706,"center_lat":42.17846298217773,"max_mean_jut":10.7776,"max_ats":7.9695,"r_jmean_peak":500,"r_ats_peak":500,"r_ats_marginal":187.5,"ats_marginal_rate_max":0.024517597366708763,"ats_marginal_interval_start":125.0,"ats_marginal_interval_end":250.0,"is_expanded":false}},{"type":"Feature","geometry":{"type":"Polygon","coordinates":[[[113.302126,42.2061356],[113.302721,42.206114],[113.3033102,42.2060492],[113.303888,42.205942],[113.3044489,42.2057933],[113.3049874,42.2056047],[113.3054983,42.2053778],[113.3059768,42.2051149],[113.3064182,42.2048186],[113.3068182,42.2044916],[113.3071731,42.2041372],[113.3074793,42.2037587],[113.307734,42.2033598],[113.3079347,42.2029443],[113.3080794,42.2025162],[113.3081668,42.2020797],[113.3081961,42.201639],[113.3081668,42.2011983],[113.3080794,42.2007618],[113.3079347,42.2003337],[113.307734,42.1999182],[113.3074793,42.1995193],[113.3071731,42.1991408],[113.3068182,42.1987864],[113.3064182,42.1984594],[113.3059768,42.1981631],[113.3054983,42.1979002],[113.3049874,42.1976733],[113.3044489,42.1974847],[113.303888,42.197336],[113.3033102,42.1972288],[113.302721,42.197164],[113.302126,42.1971424],[113.301531,42.197164],[113.3009418,42.1972288],[113.300364,42.197336],[113.2998031,42.1974847],[113.2992646,42.1976733],[113.2987537,42.1979002],[113.2982752,42.1981631],[113.2978338,42.1984594],[113.2974338,42.1987864],[113.2970789,42.1991408],[113.2967727,42.1995193],[113.296518,42.1999182],[113.2963173,42.2003337],[113.2961726,42.2007618],[113.2960852,42.2011983],[113.2960559,42.201639],[113.2960852,42.2020797],[113.2961726,42.2025162],[113.2963173,42.2029443],[113.296518,42.2033598],[113.2967727,42.2037587],[113.2970789,42.2041372],[113.2974338,42.2044916],[113.2978338,42.2048186],[113.2982752,42.2051149],[113.2987537,42.2053778],[113.2992646,42.2056047],[113.2998031,42.2057933],[113.300364,42.205942],[113.3009418,42.2060492],[113.301531,42.206114],[113.302126,42.2061356]]]},"properties":{"name":"1471无名峰","peak_elev":1471,"radius_m":500,"layer":"ATS峰值响应半径","rank_pct":0.6255,"center_lon":113.302126,"center_lat":42.201639,"max_mean_jut":9.5894,"max_ats":5.0393,"r_jmean_peak":375,"r_ats_peak":500,"r_ats_marginal":187.5,"ats_marginal_rate_max":0.01076176058549888,"ats_marginal_interval_start":125.0,"ats_marginal_interval_end":250.0,"is_expanded":false}},{"type":"Feature","geometry":{"type":"Polygon","coordinates":[[[113.440107,42.0448436],[113.4407005,42.044822],[113.4412882,42.0447572],[113.4418646,42.04465],[113.442424,42.0445013],[113.4429611,42.0443127],[113.4434708,42.0440858],[113.443948,42.0438229],[113.4443883,42.0435266],[113.4447873,42.0431996],[113.4451412,42.0428452],[113.4454467,42.0424667],[113.4457007,42.0420678],[113.4459009,42.0416523],[113.4460453,42.0412242],[113.4461325,42.0407877],[113.4461616,42.040347],[113.4461325,42.0399063],[113.4460453,42.0394698],[113.4459009,42.0390417],[113.4457007,42.0386262],[113.4454467,42.0382273],[113.4451412,42.0378488],[113.4447873,42.0374944],[113.4443883,42.0371674],[113.443948,42.0368711],[113.4434708,42.0366082],[113.4429611,42.0363813],[113.442424,42.0361927],[113.4418646,42.036044],[113.4412882,42.0359368],[113.4407005,42.035872],[113.440107,42.0358504],[113.4395135,42.035872],[113.4389258,42.0359368],[113.4383494,42.036044],[113.43779,42.0361927],[113.4372529,42.0363813],[113.4367432,42.0366082],[113.436266,42.0368711],[113.4358257,42.0371674],[113.4354267,42.0374944],[113.4350728,42.0378488],[113.4347673,42.0382273],[113.4345133,42.0386262],[113.4343131,42.0390417],[113.4341687,42.0394698],[113.4340815,42.0399063],[113.4340524,42.040347],[113.4340815,42.0407877],[113.4341687,42.0412242],[113.4343131,42.0416523],[113.4345133,42.0420678],[113.4347673,42.0424667],[113.4350728,42.0428452],[113.4354267,42.0431996],[113.4358257,42.0435266],[113.436266,42.0438229],[113.4367432,42.0440858],[113.4372529,42.0443127],[113.43779,42.0445013],[113.4383494,42.04465],[113.4389258,42.0447572],[113.4395135,42.044822],[113.440107,42.0448436]]]},"properties":{"name":"1474无名峰","peak_elev":1474,"radius_m":500,"layer":"ATS峰值响应半径","rank_pct":0.6255,"center_lon":113.440107,"center_lat":42.040347,"max_mean_jut":10.181,"max_ats":7.2411,"r_jmean_peak":375,"r_ats_peak":500,"r_ats_marginal":187.5,"ats_marginal_rate_max":0.02598902053938978,"ats_marginal_interval_start":125.0,"ats_marginal_interval_end":250.0,"is_expanded":false}},{"type":"Feature","geometry":{"type":"Polygon","coordinates":[[[114.491406,42.3182456],[114.492002,42.318224],[114.4925923,42.3181592],[114.4931712,42.318052],[114.493733,42.3179033],[114.4942725,42.3177147],[114.4947843,42.3174878],[114.4952637,42.3172249],[114.4957058,42.3169286],[114.4961066,42.3166016],[114.496462,42.3162472],[114.4967688,42.3158687],[114.497024,42.3154698],[114.497225,42.3150543],[114.49737,42.3146262],[114.4974576,42.3141897],[114.4974869,42.313749],[114.4974576,42.3133083],[114.49737,42.3128718],[114.497225,42.3124437],[114.497024,42.3120282],[114.4967688,42.3116293],[114.496462,42.3112508],[114.4961066,42.3108964],[114.4957058,42.3105694],[114.4952637,42.3102731],[114.4947843,42.3100102],[114.4942725,42.3097833],[114.493733,42.3095947],[114.4931712,42.309446],[114.4925923,42.3093388],[114.492002,42.309274],[114.491406,42.3092524],[114.49081,42.309274],[114.4902197,42.3093388],[114.4896408,42.309446],[114.489079,42.3095947],[114.4885395,42.3097833],[114.4880277,42.3100102],[114.4875483,42.3102731],[114.4871062,42.3105694],[114.4867054,42.3108964],[114.48635,42.3112508],[114.4860432,42.3116293],[114.485788,42.3120282],[114.485587,42.3124437],[114.485442,42.3128718],[114.4853544,42.3133083],[114.4853251,42.313749],[114.4853544,42.3141897],[114.485442,42.3146262],[114.485587,42.3150543],[114.485788,42.3154698],[114.4860432,42.3158687],[114.48635,42.3162472],[114.4867054,42.3166016],[114.4871062,42.3169286],[114.4875483,42.3172249],[114.4880277,42.3174878],[114.4885395,42.3177147],[114.489079,42.3179033],[114.4896408,42.318052],[114.4902197,42.3181592],[114.49081,42.318224],[114.491406,42.3182456]]]},"properties":{"name":"1502无名峰(2)","peak_elev":1502,"radius_m":500,"layer":"ATS峰值响应半径","rank_pct":0.6255,"center_lon":114.491406,"center_lat":42.313749,"max_mean_jut":10.9856,"max_ats":5.9431,"r_jmean_peak":500,"r_ats_peak":500,"r_ats_marginal":187.5,"ats_marginal_rate_max":0.01641184549203338,"ats_marginal_interval_start":125.0,"ats_marginal_interval_end":250.0,"is_expanded":false}},{"type":"Feature","geometry":{"type":"Polygon","coordinates":[[[114.447478,42.2643462],[114.4480735,42.2643245],[114.4486633,42.2642598],[114.4492417,42.2641525],[114.4498031,42.2640039],[114.450342,42.2638152],[114.4508535,42.2635883],[114.4513324,42.2633255],[114.4517741,42.2630291],[114.4521745,42.2627022],[114.4525297,42.2623477],[114.4528362,42.2619692],[114.4530912,42.2615703],[114.453292,42.2611548],[114.4534369,42.2607268],[114.4535244,42.2602903],[114.4535537,42.2598495],[114.4535244,42.2594088],[114.4534369,42.2589723],[114.453292,42.2585443],[114.4530912,42.2581288],[114.4528362,42.2577299],[114.4525297,42.2573514],[114.4521745,42.2569969],[114.4517741,42.25667],[114.4513324,42.2563736],[114.4508535,42.2561108],[114.450342,42.2558839],[114.4498031,42.2556952],[114.4492417,42.2555466],[114.4486633,42.2554393],[114.4480735,42.2553746],[114.447478,42.2553529],[114.4468825,42.2553746],[114.4462927,42.2554393],[114.4457143,42.2555466],[114.4451529,42.2556952],[114.444614,42.2558839],[114.4441025,42.2561108],[114.4436236,42.2563736],[114.4431819,42.25667],[114.4427815,42.2569969],[114.4424263,42.2573514],[114.4421198,42.2577299],[114.4418648,42.2581288],[114.441664,42.2585443],[114.4415191,42.2589723],[114.4414316,42.2594088],[114.4414023,42.2598495],[114.4414316,42.2602903],[114.4415191,42.2607268],[114.441664,42.2611548],[114.4418648,42.2615703],[114.4421198,42.2619692],[114.4424263,42.2623477],[114.4427815,42.2627022],[114.4431819,42.2630291],[114.4436236,42.2633255],[114.4441025,42.2635883],[114.444614,42.2638152],[114.4451529,42.2640039],[114.4457143,42.2641525],[114.4462927,42.2642598],[114.4468825,42.2643245],[114.447478,42.2643462]]]},"properties":{"name":"1505无名峰(2)","peak_elev":1505,"radius_m":500,"layer":"ATS峰值响应半径","rank_pct":0.6255,"center_lon":114.447478,"center_lat":42.25984954833984,"max_mean_jut":18.6465,"max_ats":12.5463,"r_jmean_peak":375,"r_ats_peak":500,"r_ats_marginal":187.5,"ats_marginal_rate_max":0.03651172725864173,"ats_marginal_interval_start":125.0,"ats_marginal_interval_end":250.0,"is_expanded":false}},{"type":"Feature","geometry":{"type":"Polygon","coordinates":[[[113.859711,42.1126216],[113.8603051,42.1126],[113.8608935,42.1125352],[113.8614704,42.112428],[113.8620305,42.1122793],[113.8625682,42.1120907],[113.8630784,42.1118638],[113.8635561,42.1116009],[113.8639968,42.1113046],[113.8643963,42.1109776],[113.8647506,42.1106232],[113.8650564,42.1102447],[113.8653107,42.1098458],[113.8655111,42.1094303],[113.8656556,42.1090022],[113.8657429,42.1085657],[113.8657721,42.108125],[113.8657429,42.1076843],[113.8656556,42.1072478],[113.8655111,42.1068197],[113.8653107,42.1064042],[113.8650564,42.1060053],[113.8647506,42.1056268],[113.8643963,42.1052724],[113.8639968,42.1049454],[113.8635561,42.1046491],[113.8630784,42.1043862],[113.8625682,42.1041593],[113.8620305,42.1039707],[113.8614704,42.103822],[113.8608935,42.1037148],[113.8603051,42.10365],[113.859711,42.1036284],[113.8591169,42.10365],[113.8585285,42.1037148],[113.8579516,42.103822],[113.8573915,42.1039707],[113.8568538,42.1041593],[113.8563436,42.1043862],[113.8558659,42.1046491],[113.8554252,42.1049454],[113.8550257,42.1052724],[113.8546714,42.1056268],[113.8543656,42.1060053],[113.8541113,42.1064042],[113.8539109,42.1068197],[113.8537664,42.1072478],[113.8536791,42.1076843],[113.8536499,42.108125],[113.8536791,42.1085657],[113.8537664,42.1090022],[113.8539109,42.1094303],[113.8541113,42.1098458],[113.8543656,42.1102447],[113.8546714,42.1106232],[113.8550257,42.1109776],[113.8554252,42.1113046],[113.8558659,42.1116009],[113.8563436,42.1118638],[113.8568538,42.1120907],[113.8573915,42.1122793],[113.8579516,42.112428],[113.8585285,42.1125352],[113.8591169,42.1126],[113.859711,42.1126216]]]},"properties":{"name":"1523无名峰(2)","peak_elev":1523,"radius_m":500,"layer":"ATS峰值响应半径","rank_pct":0.6255,"center_lon":113.859711,"center_lat":42.108125,"max_mean_jut":8.653,"max_ats":5.8501,"r_jmean_peak":null,"r_ats_peak":500,"r_ats_marginal":187.5,"ats_marginal_rate_max":0.017506347829543942,"ats_marginal_interval_start":125.0,"ats_marginal_interval_end":250.0,"is_expanded":false}},{"type":"Feature","geometry":{"type":"Polygon","coordinates":[[[113.869951,42.1174727],[113.8705451,42.117451],[113.8711336,42.1173863],[113.8717106,42.1172791],[113.8722707,42.1171304],[113.8728084,42.1169417],[113.8733186,42.1167149],[113.8737964,42.116452],[113.8742372,42.1161557],[113.8746366,42.1158287],[113.874991,42.1154743],[113.8752968,42.1150958],[113.8755511,42.1146969],[113.8757515,42.1142814],[113.8758961,42.1138533],[113.8759834,42.1134168],[113.8760126,42.1129761],[113.8759834,42.1125353],[113.8758961,42.1120988],[113.8757515,42.1116708],[113.8755511,42.1112553],[113.8752968,42.1108564],[113.874991,42.1104779],[113.8746366,42.1101235],[113.8742372,42.1097965],[113.8737964,42.1095001],[113.8733186,42.1092373],[113.8728084,42.1090104],[113.8722707,42.1088218],[113.8717106,42.1086731],[113.8711336,42.1085659],[113.8705451,42.1085011],[113.869951,42.1084795],[113.8693569,42.1085011],[113.8687684,42.1085659],[113.8681914,42.1086731],[113.8676313,42.1088218],[113.8670936,42.1090104],[113.8665834,42.1092373],[113.8661056,42.1095001],[113.8656648,42.1097965],[113.8652654,42.1101235],[113.864911,42.1104779],[113.8646052,42.1108564],[113.8643509,42.1112553],[113.8641505,42.1116708],[113.8640059,42.1120988],[113.8639186,42.1125353],[113.8638894,42.1129761],[113.8639186,42.1134168],[113.8640059,42.1138533],[113.8641505,42.1142814],[113.8643509,42.1146969],[113.8646052,42.1150958],[113.864911,42.1154743],[113.8652654,42.1158287],[113.8656648,42.1161557],[113.8661056,42.116452],[113.8665834,42.1167149],[113.8670936,42.1169417],[113.8676313,42.1171304],[113.8681914,42.1172791],[113.8687684,42.1173863],[113.8693569,42.117451],[113.869951,42.1174727]]]},"properties":{"name":"1526无名峰(1)","peak_elev":1526,"radius_m":500,"layer":"ATS峰值响应半径","rank_pct":0.6255,"center_lon":113.869951,"center_lat":42.11297607421875,"max_mean_jut":12.2063,"max_ats":8.4091,"r_jmean_peak":500,"r_ats_peak":500,"r_ats_marginal":187.5,"ats_marginal_rate_max":0.02007127826523849,"ats_marginal_interval_start":125.0,"ats_marginal_interval_end":250.0,"is_expanded":false}},{"type":"Feature","geometry":{"type":"Polygon","coordinates":[[[113.503169,41.5776746],[113.5037581,41.577653],[113.5043416,41.5775882],[113.5049138,41.577481],[113.5054692,41.5773323],[113.5060024,41.5771437],[113.5065083,41.5769168],[113.5069821,41.5766539],[113.5074192,41.5763576],[113.5078153,41.5760306],[113.5081667,41.5756762],[113.5084699,41.5752977],[113.5087221,41.5748988],[113.5089208,41.5744833],[113.5090641,41.5740552],[113.5091507,41.5736187],[113.5091796,41.573178],[113.5091507,41.5727373],[113.5090641,41.5723008],[113.5089208,41.5718727],[113.5087221,41.5714572],[113.5084699,41.5710583],[113.5081667,41.5706798],[113.5078153,41.5703254],[113.5074192,41.5699984],[113.5069821,41.5697021],[113.5065083,41.5694392],[113.5060024,41.5692123],[113.5054692,41.5690237],[113.5049138,41.568875],[113.5043416,41.5687678],[113.5037581,41.568703],[113.503169,41.5686814],[113.5025799,41.568703],[113.5019964,41.5687678],[113.5014242,41.568875],[113.5008688,41.5690237],[113.5003356,41.5692123],[113.4998297,41.5694392],[113.4993559,41.5697021],[113.4989188,41.5699984],[113.4985227,41.5703254],[113.4981713,41.5706798],[113.4978681,41.5710583],[113.4976159,41.5714572],[113.4974172,41.5718727],[113.4972739,41.5723008],[113.4971873,41.5727373],[113.4971584,41.573178],[113.4971873,41.5736187],[113.4972739,41.5740552],[113.4974172,41.5744833],[113.4976159,41.5748988],[113.4978681,41.5752977],[113.4981713,41.5756762],[113.4985227,41.5760306],[113.4989188,41.5763576],[113.4993559,41.5766539],[113.4998297,41.5769168],[113.5003356,41.5771437],[113.5008688,41.5773323],[113.5014242,41.577481],[113.5019964,41.5775882],[113.5025799,41.577653],[113.503169,41.5776746]]]},"properties":{"name":"1531无名峰","peak_elev":1531,"radius_m":500,"layer":"ATS峰值响应半径","rank_pct":0.6255,"center_lon":113.503169,"center_lat":41.573178,"max_mean_jut":12.0013,"max_ats":6.8206,"r_jmean_peak":375,"r_ats_peak":500,"r_ats_marginal":187.5,"ats_marginal_rate_max":0.015022288658860206,"ats_marginal_interval_start":125.0,"ats_marginal_interval_end":250.0,"is_expanded":false}},{"type":"Feature","geometry":{"type":"Polygon","coordinates":[[[114.326475,42.1737967],[114.3270697,42.173775],[114.3276586,42.1737103],[114.3282361,42.1736031],[114.3287967,42.1734544],[114.3293349,42.1732657],[114.3298456,42.1730389],[114.3303238,42.172776],[114.330765,42.1724797],[114.3311648,42.1721527],[114.3315195,42.1717983],[114.3318256,42.1714198],[114.3320801,42.1710209],[114.3322807,42.1706054],[114.3324254,42.1701773],[114.3325127,42.1697408],[114.332542,42.1693001],[114.3325127,42.1688593],[114.3324254,42.1684228],[114.3322807,42.1679948],[114.3320801,42.1675793],[114.3318256,42.1671804],[114.3315195,42.1668019],[114.3311648,42.1664475],[114.330765,42.1661205],[114.3303238,42.1658242],[114.3298456,42.1655613],[114.3293349,42.1653344],[114.3287967,42.1651458],[114.3282361,42.1649971],[114.3276586,42.1648899],[114.3270697,42.1648251],[114.326475,42.1648035],[114.3258803,42.1648251],[114.3252914,42.1648899],[114.3247139,42.1649971],[114.3241533,42.1651458],[114.3236151,42.1653344],[114.3231044,42.1655613],[114.3226262,42.1658242],[114.322185,42.1661205],[114.3217852,42.1664475],[114.3214305,42.1668019],[114.3211244,42.1671804],[114.3208699,42.1675793],[114.3206693,42.1679948],[114.3205246,42.1684228],[114.3204373,42.1688593],[114.320408,42.1693001],[114.3204373,42.1697408],[114.3205246,42.1701773],[114.3206693,42.1706054],[114.3208699,42.1710209],[114.3211244,42.1714198],[114.3214305,42.1717983],[114.3217852,42.1721527],[114.322185,42.1724797],[114.3226262,42.172776],[114.3231044,42.1730389],[114.3236151,42.1732657],[114.3241533,42.1734544],[114.3247139,42.1736031],[114.3252914,42.1737103],[114.3258803,42.173775],[114.326475,42.1737967]]]},"properties":{"name":"1541无名峰(1)","peak_elev":1541,"radius_m":500,"layer":"ATS峰值响应半径","rank_pct":0.6255,"center_lon":114.326475,"center_lat":42.1693000793457,"max_mean_jut":9.5679,"max_ats":5.326,"r_jmean_peak":500,"r_ats_peak":500,"r_ats_marginal":187.5,"ats_marginal_rate_max":0.010286954679984493,"ats_marginal_interval_start":125.0,"ats_marginal_interval_end":250.0,"is_expanded":false}},{"type":"Feature","geometry":{"type":"Polygon","coordinates":[[[114.205876,42.1172026],[114.2064701,42.117181],[114.2070585,42.1171162],[114.2076356,42.117009],[114.2081956,42.1168603],[114.2087334,42.1166717],[114.2092436,42.1164448],[114.2097214,42.1161819],[114.2101621,42.1158856],[114.2105616,42.1155586],[114.210916,42.1152042],[114.2112218,42.1148257],[114.2114761,42.1144268],[114.2116765,42.1140113],[114.2118211,42.1135832],[114.2119083,42.1131467],[114.2119375,42.112706],[114.2119083,42.1122653],[114.2118211,42.1118288],[114.2116765,42.1114007],[114.2114761,42.1109852],[114.2112218,42.1105863],[114.210916,42.1102078],[114.2105616,42.1098534],[114.2101621,42.1095264],[114.2097214,42.1092301],[114.2092436,42.1089672],[114.2087334,42.1087403],[114.2081956,42.1085517],[114.2076356,42.108403],[114.2070585,42.1082958],[114.2064701,42.108231],[114.205876,42.1082094],[114.2052819,42.108231],[114.2046935,42.1082958],[114.2041164,42.108403],[114.2035564,42.1085517],[114.2030186,42.1087403],[114.2025084,42.1089672],[114.2020306,42.1092301],[114.2015899,42.1095264],[114.2011904,42.1098534],[114.200836,42.1102078],[114.2005302,42.1105863],[114.2002759,42.1109852],[114.2000755,42.1114007],[114.1999309,42.1118288],[114.1998437,42.1122653],[114.1998145,42.112706],[114.1998437,42.1131467],[114.1999309,42.1135832],[114.2000755,42.1140113],[114.2002759,42.1144268],[114.2005302,42.1148257],[114.200836,42.1152042],[114.2011904,42.1155586],[114.2015899,42.1158856],[114.2020306,42.1161819],[114.2025084,42.1164448],[114.2030186,42.1166717],[114.2035564,42.1168603],[114.2041164,42.117009],[114.2046935,42.1171162],[114.2052819,42.117181],[114.205876,42.1172026]]]},"properties":{"name":"1542无名峰(2)","peak_elev":1542,"radius_m":500,"layer":"ATS峰值响应半径","rank_pct":0.6255,"center_lon":114.205876,"center_lat":42.112706,"max_mean_jut":11.6345,"max_ats":7.5761,"r_jmean_peak":500,"r_ats_peak":500,"r_ats_marginal":187.5,"ats_marginal_rate_max":0.024370061409876746,"ats_marginal_interval_start":125.0,"ats_marginal_interval_end":250.0,"is_expanded":false}},{"type":"Feature","geometry":{"type":"Polygon","coordinates":[[[114.0548248,41.9999724],[114.0554179,41.9999507],[114.0560052,41.999886],[114.0565812,41.9997788],[114.0571402,41.9996301],[114.0576769,41.9994414],[114.0581862,41.9992146],[114.0586631,41.9989517],[114.0591031,41.9986554],[114.0595018,41.9983284],[114.0598555,41.997974],[114.0601608,41.9975955],[114.0604146,41.9971965],[114.0606147,41.9967811],[114.0607589,41.996353],[114.060846,41.9959165],[114.0608752,41.9954758],[114.060846,41.995035],[114.0607589,41.9945985],[114.0606147,41.9941705],[114.0604146,41.993755],[114.0601608,41.9933561],[114.0598555,41.9929776],[114.0595018,41.9926232],[114.0591031,41.9922962],[114.0586631,41.9919998],[114.0581862,41.991737],[114.0576769,41.9915101],[114.0571402,41.9913214],[114.0565812,41.9911728],[114.0560052,41.9910656],[114.0554179,41.9910008],[114.0548248,41.9909792],[114.0542318,41.9910008],[114.0536445,41.9910656],[114.0530685,41.9911728],[114.0525095,41.9913214],[114.0519727,41.9915101],[114.0514634,41.991737],[114.0509865,41.9919998],[114.0505466,41.9922962],[114.0501478,41.9926232],[114.0497941,41.9929776],[114.0494889,41.9933561],[114.049235,41.993755],[114.049035,41.9941705],[114.0488907,41.9945985],[114.0488036,41.995035],[114.0487745,41.9954758],[114.0488036,41.9959165],[114.0488907,41.996353],[114.049035,41.9967811],[114.049235,41.9971965],[114.0494889,41.9975955],[114.0497941,41.997974],[114.0501478,41.9983284],[114.0505466,41.9986554],[114.0509865,41.9989517],[114.0514634,41.9992146],[114.0519727,41.9994414],[114.0525095,41.9996301],[114.0530685,41.9997788],[114.0536445,41.999886],[114.0542318,41.9999507],[114.0548248,41.9999724]]]},"properties":{"name":"1554无名峰","peak_elev":1554,"radius_m":500,"layer":"ATS峰值响应半径","rank_pct":0.6255,"center_lon":114.05482482910156,"center_lat":41.99547576904297,"max_mean_jut":7.1322,"max_ats":4.0068,"r_jmean_peak":500,"r_ats_peak":500,"r_ats_marginal":312.5,"ats_marginal_rate_max":0.002988356631625738,"ats_marginal_interval_start":250.0,"ats_marginal_interval_end":375.0,"is_expanded":false}},{"type":"Feature","geometry":{"type":"Polygon","coordinates":[[[114.424302,42.2673116],[114.4248975,42.26729],[114.4254874,42.2672252],[114.4260658,42.267118],[114.4266272,42.2669693],[114.4271662,42.2667807],[114.4276776,42.2665538],[114.4281565,42.2662909],[114.4285983,42.2659946],[114.4289988,42.2656676],[114.429354,42.2653132],[114.4296605,42.2649347],[114.4299154,42.2645358],[114.4301163,42.2641203],[114.4302612,42.2636922],[114.4303487,42.2632557],[114.4303779,42.262815],[114.4303487,42.2623743],[114.4302612,42.2619378],[114.4301163,42.2615097],[114.4299154,42.2610942],[114.4296605,42.2606953],[114.429354,42.2603168],[114.4289988,42.2599624],[114.4285983,42.2596354],[114.4281565,42.2593391],[114.4276776,42.2590762],[114.4271662,42.2588493],[114.4266272,42.2586607],[114.4260658,42.258512],[114.4254874,42.2584048],[114.4248975,42.25834],[114.424302,42.2583184],[114.4237065,42.25834],[114.4231166,42.2584048],[114.4225382,42.258512],[114.4219768,42.2586607],[114.4214378,42.2588493],[114.4209264,42.2590762],[114.4204475,42.2593391],[114.4200057,42.2596354],[114.4196052,42.2599624],[114.41925,42.2603168],[114.4189435,42.2606953],[114.4186886,42.2610942],[114.4184877,42.2615097],[114.4183428,42.2619378],[114.4182553,42.2623743],[114.4182261,42.262815],[114.4182553,42.2632557],[114.4183428,42.2636922],[114.4184877,42.2641203],[114.4186886,42.2645358],[114.4189435,42.2649347],[114.41925,42.2653132],[114.4196052,42.2656676],[114.4200057,42.2659946],[114.4204475,42.2662909],[114.4209264,42.2665538],[114.4214378,42.2667807],[114.4219768,42.2669693],[114.4225382,42.267118],[114.4231166,42.2672252],[114.4237065,42.26729],[114.424302,42.2673116]]]},"properties":{"name":"1558无名峰(3)","peak_elev":1558,"radius_m":500,"layer":"ATS峰值响应半径","rank_pct":0.6255,"center_lon":114.424302,"center_lat":42.262815,"max_mean_jut":17.1452,"max_ats":10.278,"r_jmean_peak":375,"r_ats_peak":500,"r_ats_marginal":187.5,"ats_marginal_rate_max":0.01862105537782753,"ats_marginal_interval_start":125.0,"ats_marginal_interval_end":250.0,"is_expanded":false}},{"type":"Feature","geometry":{"type":"Polygon","coordinates":[[[114.410018,42.0829764],[114.4106118,42.0829547],[114.4111999,42.08289],[114.4117766,42.0827828],[114.4123364,42.0826341],[114.4128738,42.0824454],[114.4133838,42.0822186],[114.4138613,42.0819557],[114.4143018,42.0816593],[114.4147011,42.0813324],[114.4150553,42.0809779],[114.4153609,42.0805995],[114.4156151,42.0802005],[114.4158154,42.0797851],[114.4159599,42.079357],[114.4160471,42.0789205],[114.4160763,42.0784798],[114.4160471,42.078039],[114.4159599,42.0776025],[114.4158154,42.0771745],[114.4156151,42.076759],[114.4153609,42.0763601],[114.4150553,42.0759816],[114.4147011,42.0756271],[114.4143018,42.0753002],[114.4138613,42.0750038],[114.4133838,42.074741],[114.4128738,42.0745141],[114.4123364,42.0743254],[114.4117766,42.0741768],[114.4111999,42.0740696],[114.4106118,42.0740048],[114.410018,42.0739832],[114.4094242,42.0740048],[114.4088361,42.0740696],[114.4082594,42.0741768],[114.4076996,42.0743254],[114.4071622,42.0745141],[114.4066522,42.074741],[114.4061747,42.0750038],[114.4057342,42.0753002],[114.4053349,42.0756271],[114.4049807,42.0759816],[114.4046751,42.0763601],[114.4044209,42.076759],[114.4042206,42.0771745],[114.4040761,42.0776025],[114.4039889,42.078039],[114.4039597,42.0784798],[114.4039889,42.0789205],[114.4040761,42.079357],[114.4042206,42.0797851],[114.4044209,42.0802005],[114.4046751,42.0805995],[114.4049807,42.0809779],[114.4053349,42.0813324],[114.4057342,42.0816593],[114.4061747,42.0819557],[114.4066522,42.0822186],[114.4071622,42.0824454],[114.4076996,42.0826341],[114.4082594,42.0827828],[114.4088361,42.08289],[114.4094242,42.0829547],[114.410018,42.0829764]]]},"properties":{"name":"1563无名峰(3)","peak_elev":1563,"radius_m":500,"layer":"ATS峰值响应半径","rank_pct":0.6255,"center_lon":114.410018,"center_lat":42.0784797668457,"max_mean_jut":22.7506,"max_ats":14.321,"r_jmean_peak":500,"r_ats_peak":500,"r_ats_marginal":187.5,"ats_marginal_rate_max":0.04062002304016837,"ats_marginal_interval_start":125.0,"ats_marginal_interval_end":250.0,"is_expanded":false}},{"type":"Feature","geometry":{"type":"Polygon","coordinates":[[[113.085453,41.5574626],[113.086042,41.557441],[113.0866252,41.5573762],[113.0871972,41.557269],[113.0877525,41.5571203],[113.0882855,41.5569317],[113.0887913,41.5567048],[113.0892649,41.5564419],[113.0897018,41.5561456],[113.0900978,41.5558186],[113.0904491,41.5554642],[113.0907522,41.5550857],[113.0910044,41.5546868],[113.091203,41.5542713],[113.0913463,41.5538432],[113.0914328,41.5534067],[113.0914618,41.552966],[113.0914328,41.5525253],[113.0913463,41.5520888],[113.091203,41.5516607],[113.0910044,41.5512452],[113.0907522,41.5508463],[113.0904491,41.5504678],[113.0900978,41.5501134],[113.0897018,41.5497864],[113.0892649,41.5494901],[113.0887913,41.5492272],[113.0882855,41.5490003],[113.0877525,41.5488117],[113.0871972,41.548663],[113.0866252,41.5485558],[113.086042,41.548491],[113.085453,41.5484694],[113.084864,41.548491],[113.0842808,41.5485558],[113.0837088,41.548663],[113.0831535,41.5488117],[113.0826205,41.5490003],[113.0821147,41.5492272],[113.0816411,41.5494901],[113.0812042,41.5497864],[113.0808082,41.5501134],[113.0804569,41.5504678],[113.0801538,41.5508463],[113.0799016,41.5512452],[113.079703,41.5516607],[113.0795597,41.5520888],[113.0794732,41.5525253],[113.0794442,41.552966],[113.0794732,41.5534067],[113.0795597,41.5538432],[113.079703,41.5542713],[113.0799016,41.5546868],[113.0801538,41.5550857],[113.0804569,41.5554642],[113.0808082,41.5558186],[113.0812042,41.5561456],[113.0816411,41.5564419],[113.0821147,41.5567048],[113.0826205,41.5569317],[113.0831535,41.5571203],[113.0837088,41.557269],[113.0842808,41.5573762],[113.084864,41.557441],[113.085453,41.5574626]]]},"properties":{"name":"尖山1565","peak_elev":1565,"radius_m":500,"layer":"ATS峰值响应半径","rank_pct":0.6255,"center_lon":113.085453,"center_lat":41.552966,"max_mean_jut":25.6246,"max_ats":18.7238,"r_jmean_peak":375,"r_ats_peak":500,"r_ats_marginal":187.5,"ats_marginal_rate_max":0.05385021665225977,"ats_marginal_interval_start":125.0,"ats_marginal_interval_end":250.0,"is_expanded":false}},{"type":"Feature","geometry":{"type":"Polygon","coordinates":[[[114.206011,42.1314856],[114.2066053,42.131464],[114.2071938,42.1313992],[114.207771,42.131292],[114.2083312,42.1311433],[114.208869,42.1309547],[114.2093794,42.1307278],[114.2098573,42.1304649],[114.2102981,42.1301686],[114.2106977,42.1298416],[114.2110521,42.1294872],[114.211358,42.1291087],[114.2116124,42.1287098],[114.2118128,42.1282943],[114.2119574,42.1278662],[114.2120447,42.1274297],[114.2120739,42.126989],[114.2120447,42.1265483],[114.2119574,42.1261118],[114.2118128,42.1256837],[114.2116124,42.1252682],[114.211358,42.1248693],[114.2110521,42.1244908],[114.2106977,42.1241364],[114.2102981,42.1238094],[114.2098573,42.1235131],[114.2093794,42.1232502],[114.208869,42.1230233],[114.2083312,42.1228347],[114.207771,42.122686],[114.2071938,42.1225788],[114.2066053,42.122514],[114.206011,42.1224924],[114.2054167,42.122514],[114.2048282,42.1225788],[114.204251,42.122686],[114.2036908,42.1228347],[114.203153,42.1230233],[114.2026426,42.1232502],[114.2021647,42.1235131],[114.2017239,42.1238094],[114.2013243,42.1241364],[114.2009699,42.1244908],[114.200664,42.1248693],[114.2004096,42.1252682],[114.2002092,42.1256837],[114.2000646,42.1261118],[114.1999773,42.1265483],[114.1999481,42.126989],[114.1999773,42.1274297],[114.2000646,42.1278662],[114.2002092,42.1282943],[114.2004096,42.1287098],[114.200664,42.1291087],[114.2009699,42.1294872],[114.2013243,42.1298416],[114.2017239,42.1301686],[114.2021647,42.1304649],[114.2026426,42.1307278],[114.203153,42.1309547],[114.2036908,42.1311433],[114.204251,42.131292],[114.2048282,42.1313992],[114.2054167,42.131464],[114.206011,42.1314856]]]},"properties":{"name":"温其格音呼特勒1568","peak_elev":1568,"radius_m":500,"layer":"ATS峰值响应半径","rank_pct":0.6255,"center_lon":114.206011,"center_lat":42.126989,"max_mean_jut":13.2521,"max_ats":7.7611,"r_jmean_peak":375,"r_ats_peak":500,"r_ats_marginal":187.5,"ats_marginal_rate_max":0.02471337095204652,"ats_marginal_interval_start":125.0,"ats_marginal_interval_end":250.0,"is_expanded":false}},{"type":"Feature","geometry":{"type":"Polygon","coordinates":[[[113.1560593,41.6698416],[113.1566493,41.66982],[113.1572336,41.6697552],[113.1578066,41.669648],[113.1583627,41.6694993],[113.1588967,41.6693107],[113.1594034,41.6690838],[113.1598778,41.6688209],[113.1603155,41.6685246],[113.1607122,41.6681976],[113.1610641,41.6678432],[113.1613678,41.6674647],[113.1616203,41.6670658],[113.1618193,41.6666503],[113.1619628,41.6662222],[113.1620495,41.6657857],[113.1620785,41.665345],[113.1620495,41.6649043],[113.1619628,41.6644678],[113.1618193,41.6640397],[113.1616203,41.6636242],[113.1613678,41.6632253],[113.1610641,41.6628468],[113.1607122,41.6624924],[113.1603155,41.6621654],[113.1598778,41.6618691],[113.1594034,41.6616062],[113.1588967,41.6613793],[113.1583627,41.6611907],[113.1578066,41.661042],[113.1572336,41.6609348],[113.1566493,41.66087],[113.1560593,41.6608484],[113.1554693,41.66087],[113.154885,41.6609348],[113.154312,41.661042],[113.1537558,41.6611907],[113.1532218,41.6613793],[113.1527152,41.6616062],[113.1522407,41.6618691],[113.151803,41.6621654],[113.1514063,41.6624924],[113.1510545,41.6628468],[113.1507508,41.6632253],[113.1504982,41.6636242],[113.1502992,41.6640397],[113.1501557,41.6644678],[113.150069,41.6649043],[113.15004,41.665345],[113.150069,41.6657857],[113.1501557,41.6662222],[113.1502992,41.6666503],[113.1504982,41.6670658],[113.1507508,41.6674647],[113.1510545,41.6678432],[113.1514063,41.6681976],[113.151803,41.6685246],[113.1522407,41.6688209],[113.1527152,41.6690838],[113.1532218,41.6693107],[113.1537558,41.6694993],[113.154312,41.669648],[113.154885,41.6697552],[113.1554693,41.66982],[113.1560593,41.6698416]]]},"properties":{"name":"1570无名峰(1)","peak_elev":1570,"radius_m":500,"layer":"ATS峰值响应半径","rank_pct":0.6255,"center_lon":113.15605926513672,"center_lat":41.665345,"max_mean_jut":14.347,"max_ats":9.8096,"r_jmean_peak":null,"r_ats_peak":500,"r_ats_marginal":187.5,"ats_marginal_rate_max":0.017701729243384142,"ats_marginal_interval_start":125.0,"ats_marginal_interval_end":250.0,"is_expanded":false}},{"type":"Feature","geometry":{"type":"Polygon","coordinates":[[[113.157947,41.6189076],[113.1585365,41.618886],[113.1591204,41.6188212],[113.1596929,41.618714],[113.1602486,41.6185653],[113.1607822,41.6183767],[113.1612885,41.6181498],[113.1617625,41.6178869],[113.1621999,41.6175906],[113.1625963,41.6172636],[113.1629479,41.6169092],[113.1632513,41.6165307],[113.1635036,41.6161318],[113.1637025,41.6157163],[113.1638459,41.6152882],[113.1639325,41.6148517],[113.1639615,41.614411],[113.1639325,41.6139703],[113.1638459,41.6135338],[113.1637025,41.6131057],[113.1635036,41.6126902],[113.1632513,41.6122913],[113.1629479,41.6119128],[113.1625963,41.6115584],[113.1621999,41.6112314],[113.1617625,41.6109351],[113.1612885,41.6106722],[113.1607822,41.6104453],[113.1602486,41.6102567],[113.1596929,41.610108],[113.1591204,41.6100008],[113.1585365,41.609936],[113.157947,41.6099144],[113.1573575,41.609936],[113.1567736,41.6100008],[113.1562011,41.610108],[113.1556454,41.6102567],[113.1551118,41.6104453],[113.1546055,41.6106722],[113.1541315,41.6109351],[113.1536941,41.6112314],[113.1532977,41.6115584],[113.1529461,41.6119128],[113.1526427,41.6122913],[113.1523904,41.6126902],[113.1521915,41.6131057],[113.1520481,41.6135338],[113.1519615,41.6139703],[113.1519325,41.614411],[113.1519615,41.6148517],[113.1520481,41.6152882],[113.1521915,41.6157163],[113.1523904,41.6161318],[113.1526427,41.6165307],[113.1529461,41.6169092],[113.1532977,41.6172636],[113.1536941,41.6175906],[113.1541315,41.6178869],[113.1546055,41.6181498],[113.1551118,41.6183767],[113.1556454,41.6185653],[113.1562011,41.618714],[113.1567736,41.6188212],[113.1573575,41.618886],[113.157947,41.6189076]]]},"properties":{"name":"北炼丹炉/三号火山1572","peak_elev":1572,"radius_m":500,"layer":"ATS峰值响应半径","rank_pct":0.6255,"center_lon":113.157947,"center_lat":41.614411,"max_mean_jut":16.1435,"max_ats":10.4494,"r_jmean_peak":500,"r_ats_peak":500,"r_ats_marginal":312.5,"ats_marginal_rate_max":0.02728606221077959,"ats_marginal_interval_start":250.0,"ats_marginal_interval_end":375.0,"is_expanded":false}},{"type":"Feature","geometry":{"type":"Polygon","coordinates":[[[113.936786,42.1077706],[113.93738,42.107749],[113.9379684,42.1076842],[113.9385453,42.107577],[113.9391053,42.1074283],[113.939643,42.1072397],[113.9401531,42.1070128],[113.9406308,42.1067499],[113.9410715,42.1064536],[113.9414709,42.1061266],[113.9418252,42.1057722],[113.942131,42.1053937],[113.9423853,42.1049948],[113.9425857,42.1045793],[113.9427302,42.1041512],[113.9428174,42.1037147],[113.9428466,42.103274],[113.9428174,42.1028333],[113.9427302,42.1023968],[113.9425857,42.1019687],[113.9423853,42.1015532],[113.942131,42.1011543],[113.9418252,42.1007758],[113.9414709,42.1004214],[113.9410715,42.1000944],[113.9406308,42.0997981],[113.9401531,42.0995352],[113.939643,42.0993083],[113.9391053,42.0991197],[113.9385453,42.098971],[113.9379684,42.0988638],[113.93738,42.098799],[113.936786,42.0987774],[113.936192,42.098799],[113.9356036,42.0988638],[113.9350267,42.098971],[113.9344667,42.0991197],[113.933929,42.0993083],[113.9334189,42.0995352],[113.9329412,42.0997981],[113.9325005,42.1000944],[113.9321011,42.1004214],[113.9317468,42.1007758],[113.931441,42.1011543],[113.9311867,42.1015532],[113.9309863,42.1019687],[113.9308418,42.1023968],[113.9307546,42.1028333],[113.9307254,42.103274],[113.9307546,42.1037147],[113.9308418,42.1041512],[113.9309863,42.1045793],[113.9311867,42.1049948],[113.931441,42.1053937],[113.9317468,42.1057722],[113.9321011,42.1061266],[113.9325005,42.1064536],[113.9329412,42.1067499],[113.9334189,42.1070128],[113.933929,42.1072397],[113.9344667,42.1074283],[113.9350267,42.107577],[113.9356036,42.1076842],[113.936192,42.107749],[113.936786,42.1077706]]]},"properties":{"name":"1573无名峰(2)","peak_elev":1573,"radius_m":500,"layer":"ATS峰值响应半径","rank_pct":0.6255,"center_lon":113.936786,"center_lat":42.103274,"max_mean_jut":16.1626,"max_ats":9.0898,"r_jmean_peak":500,"r_ats_peak":500,"r_ats_marginal":187.5,"ats_marginal_rate_max":0.03596373863758487,"ats_marginal_interval_start":125.0,"ats_marginal_interval_end":250.0,"is_expanded":false}},{"type":"Feature","geometry":{"type":"Polygon","coordinates":[[[113.7454453,41.7126913],[113.7460356,41.7126697],[113.7466203,41.7126049],[113.7471937,41.7124977],[113.7477502,41.7123491],[113.7482846,41.7121604],[113.7487916,41.7119335],[113.7492664,41.7116707],[113.7497043,41.7113743],[113.7501013,41.7110474],[113.7504534,41.7106929],[113.7507573,41.7103144],[113.75101,41.7099155],[113.7512091,41.7095],[113.7513528,41.709072],[113.7514395,41.7086355],[113.7514685,41.7081947],[113.7514395,41.707754],[113.7513528,41.7073175],[113.7512091,41.7068894],[113.75101,41.706474],[113.7507573,41.706075],[113.7504534,41.7056966],[113.7501013,41.7053421],[113.7497043,41.7050152],[113.7492664,41.7047188],[113.7487916,41.7044559],[113.7482846,41.7042291],[113.7477502,41.7040404],[113.7471937,41.7038917],[113.7466203,41.7037845],[113.7460356,41.7037198],[113.7454453,41.7036981],[113.7448549,41.7037198],[113.7442702,41.7037845],[113.7436968,41.7038917],[113.7431403,41.7040404],[113.7426059,41.7042291],[113.7420989,41.7044559],[113.7416241,41.7047188],[113.7411862,41.7050152],[113.7407892,41.7053421],[113.7404371,41.7056966],[113.7401332,41.706075],[113.7398805,41.706474],[113.7396814,41.7068894],[113.7395377,41.7073175],[113.739451,41.707754],[113.739422,41.7081947],[113.739451,41.7086355],[113.7395377,41.709072],[113.7396814,41.7095],[113.7398805,41.7099155],[113.7401332,41.7103144],[113.7404371,41.7106929],[113.7407892,41.7110474],[113.7411862,41.7113743],[113.7416241,41.7116707],[113.7420989,41.7119335],[113.7426059,41.7121604],[113.7431403,41.7123491],[113.7436968,41.7124977],[113.7442702,41.7126049],[113.7448549,41.7126697],[113.7454453,41.7126913]]]},"properties":{"name":"1581无名峰(1)","peak_elev":1581,"radius_m":500,"layer":"ATS峰值响应半径","rank_pct":0.6255,"center_lon":113.74544525146484,"center_lat":41.708194732666016,"max_mean_jut":8.9199,"max_ats":5.1415,"r_jmean_peak":500,"r_ats_peak":500,"r_ats_marginal":187.5,"ats_marginal_rate_max":0.013412560322365362,"ats_marginal_interval_start":125.0,"ats_marginal_interval_end":250.0,"is_expanded":false}},{"type":"Feature","geometry":{"type":"Polygon","coordinates":[[[114.413252,42.2438656],[114.4138473,42.243844],[114.4144369,42.2437792],[114.4150151,42.243672],[114.4155763,42.2435233],[114.4161151,42.2433347],[114.4166264,42.2431078],[114.4171051,42.2428449],[114.4175467,42.2425486],[114.417947,42.2422216],[114.4183021,42.2418672],[114.4186085,42.2414887],[114.4188634,42.2410898],[114.4190642,42.2406743],[114.419209,42.2402462],[114.4192964,42.2398097],[114.4193257,42.239369],[114.4192964,42.2389283],[114.419209,42.2384918],[114.4190642,42.2380637],[114.4188634,42.2376482],[114.4186085,42.2372493],[114.4183021,42.2368708],[114.417947,42.2365164],[114.4175467,42.2361894],[114.4171051,42.2358931],[114.4166264,42.2356302],[114.4161151,42.2354033],[114.4155763,42.2352147],[114.4150151,42.235066],[114.4144369,42.2349588],[114.4138473,42.234894],[114.413252,42.2348724],[114.4126567,42.234894],[114.4120671,42.2349588],[114.4114889,42.235066],[114.4109277,42.2352147],[114.4103889,42.2354033],[114.4098776,42.2356302],[114.4093989,42.2358931],[114.4089573,42.2361894],[114.408557,42.2365164],[114.4082019,42.2368708],[114.4078955,42.2372493],[114.4076406,42.2376482],[114.4074398,42.2380637],[114.407295,42.2384918],[114.4072076,42.2389283],[114.4071783,42.239369],[114.4072076,42.2398097],[114.407295,42.2402462],[114.4074398,42.2406743],[114.4076406,42.2410898],[114.4078955,42.2414887],[114.4082019,42.2418672],[114.408557,42.2422216],[114.4089573,42.2425486],[114.4093989,42.2428449],[114.4098776,42.2431078],[114.4103889,42.2433347],[114.4109277,42.2435233],[114.4114889,42.243672],[114.4120671,42.2437792],[114.4126567,42.243844],[114.413252,42.2438656]]]},"properties":{"name":"1582无名峰(2)","peak_elev":1582,"radius_m":500,"layer":"ATS峰值响应半径","rank_pct":0.6255,"center_lon":114.413252,"center_lat":42.239369,"max_mean_jut":15.3303,"max_ats":8.8389,"r_jmean_peak":500,"r_ats_peak":500,"r_ats_marginal":187.5,"ats_marginal_rate_max":0.0241121779334366,"ats_marginal_interval_start":125.0,"ats_marginal_interval_end":250.0,"is_expanded":false}},{"type":"Feature","geometry":{"type":"Polygon","coordinates":[[[113.316948,41.6116306],[113.3175375,41.611609],[113.3181212,41.6115442],[113.3186937,41.611437],[113.3192494,41.6112883],[113.3197829,41.6110997],[113.3202891,41.6108728],[113.3207631,41.6106099],[113.3212004,41.6103136],[113.3215967,41.6099866],[113.3219483,41.6096322],[113.3222517,41.6092537],[113.322504,41.6088548],[113.3227028,41.6084393],[113.3228462,41.6080112],[113.3229328,41.6075747],[113.3229618,41.607134],[113.3229328,41.6066933],[113.3228462,41.6062568],[113.3227028,41.6058287],[113.322504,41.6054132],[113.3222517,41.6050143],[113.3219483,41.6046358],[113.3215967,41.6042814],[113.3212004,41.6039544],[113.3207631,41.6036581],[113.3202891,41.6033952],[113.3197829,41.6031683],[113.3192494,41.6029797],[113.3186937,41.602831],[113.3181212,41.6027238],[113.3175375,41.602659],[113.316948,41.6026374],[113.3163585,41.602659],[113.3157748,41.6027238],[113.3152023,41.602831],[113.3146466,41.6029797],[113.3141131,41.6031683],[113.3136069,41.6033952],[113.3131329,41.6036581],[113.3126956,41.6039544],[113.3122993,41.6042814],[113.3119477,41.6046358],[113.3116443,41.6050143],[113.311392,41.6054132],[113.3111932,41.6058287],[113.3110498,41.6062568],[113.3109632,41.6066933],[113.3109342,41.607134],[113.3109632,41.6075747],[113.3110498,41.6080112],[113.3111932,41.6084393],[113.311392,41.6088548],[113.3116443,41.6092537],[113.3119477,41.6096322],[113.3122993,41.6099866],[113.3126956,41.6103136],[113.3131329,41.6106099],[113.3136069,41.6108728],[113.3141131,41.6110997],[113.3146466,41.6112883],[113.3152023,41.611437],[113.3157748,41.6115442],[113.3163585,41.611609],[113.316948,41.6116306]]]},"properties":{"name":"1590无名峰(2)","peak_elev":1590,"radius_m":500,"layer":"ATS峰值响应半径","rank_pct":0.6255,"center_lon":113.316948,"center_lat":41.607134,"max_mean_jut":12.5469,"max_ats":8.2111,"r_jmean_peak":500,"r_ats_peak":500,"r_ats_marginal":187.5,"ats_marginal_rate_max":0.02217755700092566,"ats_marginal_interval_start":125.0,"ats_marginal_interval_end":250.0,"is_expanded":false}},{"type":"Feature","geometry":{"type":"Polygon","coordinates":[[[113.119409,41.7302086],[113.1199995,41.730187],[113.1205844,41.7301222],[113.1211579,41.730015],[113.1217146,41.7298663],[113.1222491,41.7296777],[113.1227562,41.7294508],[113.1232311,41.7291879],[113.1236692,41.7288916],[113.1240663,41.7285646],[113.1244185,41.7282102],[113.1247225,41.7278317],[113.1249753,41.7274328],[113.1251745,41.7270173],[113.1253181,41.7265892],[113.1254049,41.7261527],[113.1254339,41.725712],[113.1254049,41.7252713],[113.1253181,41.7248348],[113.1251745,41.7244067],[113.1249753,41.7239912],[113.1247225,41.7235923],[113.1244185,41.7232138],[113.1240663,41.7228594],[113.1236692,41.7225324],[113.1232311,41.7222361],[113.1227562,41.7219732],[113.1222491,41.7217463],[113.1217146,41.7215577],[113.1211579,41.721409],[113.1205844,41.7213018],[113.1199995,41.721237],[113.119409,41.7212154],[113.1188185,41.721237],[113.1182336,41.7213018],[113.1176601,41.721409],[113.1171034,41.7215577],[113.1165689,41.7217463],[113.1160618,41.7219732],[113.1155869,41.7222361],[113.1151488,41.7225324],[113.1147517,41.7228594],[113.1143995,41.7232138],[113.1140955,41.7235923],[113.1138427,41.7239912],[113.1136435,41.7244067],[113.1134999,41.7248348],[113.1134131,41.7252713],[113.1133841,41.725712],[113.1134131,41.7261527],[113.1134999,41.7265892],[113.1136435,41.7270173],[113.1138427,41.7274328],[113.1140955,41.7278317],[113.1143995,41.7282102],[113.1147517,41.7285646],[113.1151488,41.7288916],[113.1155869,41.7291879],[113.1160618,41.7294508],[113.1165689,41.7296777],[113.1171034,41.7298663],[113.1176601,41.730015],[113.1182336,41.7301222],[113.1188185,41.730187],[113.119409,41.7302086]]]},"properties":{"name":"1591无名峰(1)","peak_elev":1591,"radius_m":500,"layer":"ATS峰值响应半径","rank_pct":0.6255,"center_lon":113.119409,"center_lat":41.725712,"max_mean_jut":8.3326,"max_ats":5.3045,"r_jmean_peak":null,"r_ats_peak":500,"r_ats_marginal":187.5,"ats_marginal_rate_max":0.014051605206501182,"ats_marginal_interval_start":125.0,"ats_marginal_interval_end":250.0,"is_expanded":false}},{"type":"Feature","geometry":{"type":"Polygon","coordinates":[[[113.477567,41.6030074],[113.4781564,41.6029857],[113.4787401,41.6029209],[113.4793125,41.6028137],[113.4798681,41.6026651],[113.4804015,41.6024764],[113.4809076,41.6022495],[113.4813816,41.6019867],[113.4818188,41.6016903],[113.4822151,41.6013634],[113.4825666,41.6010089],[113.48287,41.6006304],[113.4831223,41.6002315],[113.4833211,41.599816],[113.4834645,41.599388],[113.483551,41.5989515],[113.48358,41.5985107],[113.483551,41.59807],[113.4834645,41.5976335],[113.4833211,41.5972054],[113.4831223,41.59679],[113.48287,41.5963911],[113.4825666,41.5960126],[113.4822151,41.5956581],[113.4818188,41.5953312],[113.4813816,41.5950348],[113.4809076,41.5947719],[113.4804015,41.5945451],[113.4798681,41.5943564],[113.4793125,41.5942078],[113.4787401,41.5941005],[113.4781564,41.5940358],[113.477567,41.5940141],[113.4769776,41.5940358],[113.4763939,41.5941005],[113.4758215,41.5942078],[113.4752659,41.5943564],[113.4747325,41.5945451],[113.4742264,41.5947719],[113.4737524,41.5950348],[113.4733152,41.5953312],[113.4729189,41.5956581],[113.4725674,41.5960126],[113.472264,41.5963911],[113.4720117,41.59679],[113.4718129,41.5972054],[113.4716695,41.5976335],[113.471583,41.59807],[113.471554,41.5985107],[113.471583,41.5989515],[113.4716695,41.599388],[113.4718129,41.599816],[113.4720117,41.6002315],[113.472264,41.6006304],[113.4725674,41.6010089],[113.4729189,41.6013634],[113.4733152,41.6016903],[113.4737524,41.6019867],[113.4742264,41.6022495],[113.4747325,41.6024764],[113.4752659,41.6026651],[113.4758215,41.6028137],[113.4763939,41.6029209],[113.4769776,41.6029857],[113.477567,41.6030074]]]},"properties":{"name":"1592无名峰","peak_elev":1592,"radius_m":500,"layer":"ATS峰值响应半径","rank_pct":0.6255,"center_lon":113.477567,"center_lat":41.5985107421875,"max_mean_jut":10.4047,"max_ats":6.0848,"r_jmean_peak":500,"r_ats_peak":500,"r_ats_marginal":187.5,"ats_marginal_rate_max":0.025058713705788223,"ats_marginal_interval_start":125.0,"ats_marginal_interval_end":250.0,"is_expanded":false}},{"type":"Feature","geometry":{"type":"Polygon","coordinates":[[[113.619726,42.0312338],[113.6203193,42.0312122],[113.6209069,42.0311474],[113.6214832,42.0310402],[113.6220425,42.0308915],[113.6225795,42.0307029],[113.623089,42.030476],[113.6235662,42.0302131],[113.6240063,42.0299168],[113.6244053,42.0295898],[113.6247592,42.0292354],[113.6250646,42.0288569],[113.6253185,42.028458],[113.6255187,42.0280425],[113.625663,42.0276145],[113.6257502,42.027178],[113.6257793,42.0267372],[113.6257502,42.0262965],[113.625663,42.02586],[113.6255187,42.0254319],[113.6253185,42.0250164],[113.6250646,42.0246175],[113.6247592,42.024239],[113.6244053,42.0238846],[113.6240063,42.0235576],[113.6235662,42.0232613],[113.623089,42.0229984],[113.6225795,42.0227716],[113.6220425,42.0225829],[113.6214832,42.0224342],[113.6209069,42.022327],[113.6203193,42.0222623],[113.619726,42.0222406],[113.6191327,42.0222623],[113.6185451,42.022327],[113.6179688,42.0224342],[113.6174095,42.0225829],[113.6168725,42.0227716],[113.616363,42.0229984],[113.6158858,42.0232613],[113.6154457,42.0235576],[113.6150467,42.0238846],[113.6146928,42.024239],[113.6143874,42.0246175],[113.6141335,42.0250164],[113.6139333,42.0254319],[113.613789,42.02586],[113.6137018,42.0262965],[113.6136727,42.0267372],[113.6137018,42.027178],[113.613789,42.0276145],[113.6139333,42.0280425],[113.6141335,42.028458],[113.6143874,42.0288569],[113.6146928,42.0292354],[113.6150467,42.0295898],[113.6154457,42.0299168],[113.6158858,42.0302131],[113.616363,42.030476],[113.6168725,42.0307029],[113.6174095,42.0308915],[113.6179688,42.0310402],[113.6185451,42.0311474],[113.6191327,42.0312122],[113.619726,42.0312338]]]},"properties":{"name":"1598无名峰(1)","peak_elev":1598,"radius_m":500,"layer":"ATS峰值响应半径","rank_pct":0.6255,"center_lon":113.619726,"center_lat":42.026737213134766,"max_mean_jut":10.0168,"max_ats":5.9091,"r_jmean_peak":500,"r_ats_peak":500,"r_ats_marginal":187.5,"ats_marginal_rate_max":0.01812225272819875,"ats_marginal_interval_start":125.0,"ats_marginal_interval_end":250.0,"is_expanded":false}},{"type":"Feature","geometry":{"type":"Polygon","coordinates":[[[113.727928,42.0279996],[113.7285213,42.027978],[113.7291089,42.0279132],[113.7296851,42.027806],[113.7302444,42.0276573],[113.7307814,42.0274687],[113.7312909,42.0272418],[113.731768,42.0269789],[113.7322081,42.0266826],[113.732607,42.0263556],[113.7329609,42.0260012],[113.7332663,42.0256227],[113.7335203,42.0252238],[113.7337204,42.0248083],[113.7338647,42.0243802],[113.7339519,42.0239437],[113.733981,42.023503],[113.7339519,42.0230623],[113.7338647,42.0226258],[113.7337204,42.0221977],[113.7335203,42.0217822],[113.7332663,42.0213833],[113.7329609,42.0210048],[113.732607,42.0206504],[113.7322081,42.0203234],[113.731768,42.0200271],[113.7312909,42.0197642],[113.7307814,42.0195373],[113.7302444,42.0193487],[113.7296851,42.0192],[113.7291089,42.0190928],[113.7285213,42.019028],[113.727928,42.0190064],[113.7273347,42.019028],[113.7267471,42.0190928],[113.7261709,42.0192],[113.7256116,42.0193487],[113.7250746,42.0195373],[113.7245651,42.0197642],[113.724088,42.0200271],[113.7236479,42.0203234],[113.723249,42.0206504],[113.7228951,42.0210048],[113.7225897,42.0213833],[113.7223357,42.0217822],[113.7221356,42.0221977],[113.7219913,42.0226258],[113.7219041,42.0230623],[113.721875,42.023503],[113.7219041,42.0239437],[113.7219913,42.0243802],[113.7221356,42.0248083],[113.7223357,42.0252238],[113.7225897,42.0256227],[113.7228951,42.0260012],[113.723249,42.0263556],[113.7236479,42.0266826],[113.724088,42.0269789],[113.7245651,42.0272418],[113.7250746,42.0274687],[113.7256116,42.0276573],[113.7261709,42.027806],[113.7267471,42.0279132],[113.7273347,42.027978],[113.727928,42.0279996]]]},"properties":{"name":"1602无名峰(2)","peak_elev":1602,"radius_m":500,"layer":"ATS峰值响应半径","rank_pct":0.6255,"center_lon":113.727928,"center_lat":42.023503,"max_mean_jut":14.2192,"max_ats":9.43,"r_jmean_peak":375,"r_ats_peak":500,"r_ats_marginal":187.5,"ats_marginal_rate_max":0.037258314673383766,"ats_marginal_interval_start":125.0,"ats_marginal_interval_end":250.0,"is_expanded":false}},{"type":"Feature","geometry":{"type":"Polygon","coordinates":[[[114.260314,42.1386276],[114.2609083,42.138606],[114.2614969,42.1385412],[114.2620742,42.138434],[114.2626344,42.1382853],[114.2631724,42.1380967],[114.2636827,42.1378698],[114.2641607,42.1376069],[114.2646016,42.1373106],[114.2650012,42.1369836],[114.2653557,42.1366292],[114.2656616,42.1362507],[114.265916,42.1358518],[114.2661165,42.1354363],[114.2662611,42.1350082],[114.2663484,42.1345717],[114.2663776,42.134131],[114.2663484,42.1336903],[114.2662611,42.1332538],[114.2661165,42.1328257],[114.265916,42.1324102],[114.2656616,42.1320113],[114.2653557,42.1316328],[114.2650012,42.1312784],[114.2646016,42.1309514],[114.2641607,42.1306551],[114.2636827,42.1303922],[114.2631724,42.1301653],[114.2626344,42.1299767],[114.2620742,42.129828],[114.2614969,42.1297208],[114.2609083,42.129656],[114.260314,42.1296344],[114.2597197,42.129656],[114.2591311,42.1297208],[114.2585538,42.129828],[114.2579936,42.1299767],[114.2574556,42.1301653],[114.2569453,42.1303922],[114.2564673,42.1306551],[114.2560264,42.1309514],[114.2556268,42.1312784],[114.2552723,42.1316328],[114.2549664,42.1320113],[114.254712,42.1324102],[114.2545115,42.1328257],[114.2543669,42.1332538],[114.2542796,42.1336903],[114.2542504,42.134131],[114.2542796,42.1345717],[114.2543669,42.1350082],[114.2545115,42.1354363],[114.254712,42.1358518],[114.2549664,42.1362507],[114.2552723,42.1366292],[114.2556268,42.1369836],[114.2560264,42.1373106],[114.2564673,42.1376069],[114.2569453,42.1378698],[114.2574556,42.1380967],[114.2579936,42.1382853],[114.2585538,42.138434],[114.2591311,42.1385412],[114.2597197,42.138606],[114.260314,42.1386276]]]},"properties":{"name":"1603无名峰(6)","peak_elev":1602,"radius_m":500,"layer":"ATS峰值响应半径","rank_pct":0.6255,"center_lon":114.260314,"center_lat":42.134131,"max_mean_jut":11.2271,"max_ats":6.819,"r_jmean_peak":500,"r_ats_peak":500,"r_ats_marginal":187.5,"ats_marginal_rate_max":0.023130147771826978,"ats_marginal_interval_start":125.0,"ats_marginal_interval_end":250.0,"is_expanded":false}},{"type":"Feature","geometry":{"type":"Polygon","coordinates":[[[114.402473,42.0236876],[114.4030663,42.023666],[114.4036538,42.0236012],[114.40423,42.023494],[114.4047892,42.0233453],[114.4053262,42.0231567],[114.4058356,42.0229298],[114.4063127,42.0226669],[114.4067528,42.0223706],[114.4071517,42.0220436],[114.4075056,42.0216892],[114.4078109,42.0213107],[114.4080649,42.0209118],[114.408265,42.0204963],[114.4084093,42.0200682],[114.4084965,42.0196317],[114.4085256,42.019191],[114.4084965,42.0187503],[114.4084093,42.0183138],[114.408265,42.0178857],[114.4080649,42.0174702],[114.4078109,42.0170713],[114.4075056,42.0166928],[114.4071517,42.0163384],[114.4067528,42.0160114],[114.4063127,42.0157151],[114.4058356,42.0154522],[114.4053262,42.0152253],[114.4047892,42.0150367],[114.40423,42.014888],[114.4036538,42.0147808],[114.4030663,42.014716],[114.402473,42.0146944],[114.4018797,42.014716],[114.4012922,42.0147808],[114.400716,42.014888],[114.4001568,42.0150367],[114.3996198,42.0152253],[114.3991104,42.0154522],[114.3986333,42.0157151],[114.3981932,42.0160114],[114.3977943,42.0163384],[114.3974404,42.0166928],[114.3971351,42.0170713],[114.3968811,42.0174702],[114.396681,42.0178857],[114.3965367,42.0183138],[114.3964495,42.0187503],[114.3964204,42.019191],[114.3964495,42.0196317],[114.3965367,42.0200682],[114.396681,42.0204963],[114.3968811,42.0209118],[114.3971351,42.0213107],[114.3974404,42.0216892],[114.3977943,42.0220436],[114.3981932,42.0223706],[114.3986333,42.0226669],[114.3991104,42.0229298],[114.3996198,42.0231567],[114.4001568,42.0233453],[114.400716,42.023494],[114.4012922,42.0236012],[114.4018797,42.023666],[114.402473,42.0236876]]]},"properties":{"name":"1604无名峰","peak_elev":1604,"radius_m":500,"layer":"ATS峰值响应半径","rank_pct":0.6255,"center_lon":114.402473,"center_lat":42.019191,"max_mean_jut":10.4024,"max_ats":6.3321,"r_jmean_peak":500,"r_ats_peak":500,"r_ats_marginal":187.5,"ats_marginal_rate_max":0.02299924436404379,"ats_marginal_interval_start":125.0,"ats_marginal_interval_end":250.0,"is_expanded":false}},{"type":"Feature","geometry":{"type":"Polygon","coordinates":[[[114.334291,42.1973776],[114.3348859,42.197356],[114.335475,42.1972912],[114.3360528,42.197184],[114.3366136,42.1970353],[114.337152,42.1968467],[114.3376629,42.1966198],[114.3381413,42.1963569],[114.3385826,42.1960606],[114.3389826,42.1957336],[114.3393374,42.1953792],[114.3396436,42.1950007],[114.3398982,42.1946018],[114.3400989,42.1941863],[114.3402436,42.1937582],[114.340331,42.1933217],[114.3403602,42.192881],[114.340331,42.1924403],[114.3402436,42.1920038],[114.3400989,42.1915757],[114.3398982,42.1911602],[114.3396436,42.1907613],[114.3393374,42.1903828],[114.3389826,42.1900284],[114.3385826,42.1897014],[114.3381413,42.1894051],[114.3376629,42.1891422],[114.337152,42.1889153],[114.3366136,42.1887267],[114.3360528,42.188578],[114.335475,42.1884708],[114.3348859,42.188406],[114.334291,42.1883844],[114.3336961,42.188406],[114.333107,42.1884708],[114.3325292,42.188578],[114.3319684,42.1887267],[114.33143,42.1889153],[114.3309191,42.1891422],[114.3304407,42.1894051],[114.3299994,42.1897014],[114.3295994,42.1900284],[114.3292446,42.1903828],[114.3289384,42.1907613],[114.3286838,42.1911602],[114.3284831,42.1915757],[114.3283384,42.1920038],[114.328251,42.1924403],[114.3282218,42.192881],[114.328251,42.1933217],[114.3283384,42.1937582],[114.3284831,42.1941863],[114.3286838,42.1946018],[114.3289384,42.1950007],[114.3292446,42.1953792],[114.3295994,42.1957336],[114.3299994,42.1960606],[114.3304407,42.1963569],[114.3309191,42.1966198],[114.33143,42.1968467],[114.3319684,42.1970353],[114.3325292,42.197184],[114.333107,42.1972912],[114.3336961,42.197356],[114.334291,42.1973776]]]},"properties":{"name":"1605无名峰(3)","peak_elev":1605,"radius_m":500,"layer":"ATS峰值响应半径","rank_pct":0.6255,"center_lon":114.334291,"center_lat":42.192881,"max_mean_jut":19.3489,"max_ats":11.066,"r_jmean_peak":500,"r_ats_peak":500,"r_ats_marginal":187.5,"ats_marginal_rate_max":0.033286354587358416,"ats_marginal_interval_start":125.0,"ats_marginal_interval_end":250.0,"is_expanded":false}},{"type":"Feature","geometry":{"type":"Polygon","coordinates":[[[113.583209,42.0250356],[113.5838023,42.025014],[113.5843898,42.0249492],[113.584966,42.024842],[113.5855253,42.0246933],[113.5860622,42.0245047],[113.5865717,42.0242778],[113.5870488,42.0240149],[113.5874889,42.0237186],[113.5878878,42.0233916],[113.5882417,42.0230372],[113.588547,42.0226587],[113.588801,42.0222598],[113.5890011,42.0218443],[113.5891454,42.0214162],[113.5892326,42.0209797],[113.5892617,42.020539],[113.5892326,42.0200983],[113.5891454,42.0196618],[113.5890011,42.0192337],[113.588801,42.0188182],[113.588547,42.0184193],[113.5882417,42.0180408],[113.5878878,42.0176864],[113.5874889,42.0173594],[113.5870488,42.0170631],[113.5865717,42.0168002],[113.5860622,42.0165733],[113.5855253,42.0163847],[113.584966,42.016236],[113.5843898,42.0161288],[113.5838023,42.016064],[113.583209,42.0160424],[113.5826157,42.016064],[113.5820282,42.0161288],[113.581452,42.016236],[113.5808927,42.0163847],[113.5803558,42.0165733],[113.5798463,42.0168002],[113.5793692,42.0170631],[113.5789291,42.0173594],[113.5785302,42.0176864],[113.5781763,42.0180408],[113.577871,42.0184193],[113.577617,42.0188182],[113.5774169,42.0192337],[113.5772726,42.0196618],[113.5771854,42.0200983],[113.5771563,42.020539],[113.5771854,42.0209797],[113.5772726,42.0214162],[113.5774169,42.0218443],[113.577617,42.0222598],[113.577871,42.0226587],[113.5781763,42.0230372],[113.5785302,42.0233916],[113.5789291,42.0237186],[113.5793692,42.0240149],[113.5798463,42.0242778],[113.5803558,42.0245047],[113.5808927,42.0246933],[113.581452,42.024842],[113.5820282,42.0249492],[113.5826157,42.025014],[113.583209,42.0250356]]]},"properties":{"name":"1607无名峰(2)","peak_elev":1607,"radius_m":500,"layer":"ATS峰值响应半径","rank_pct":0.6255,"center_lon":113.583209,"center_lat":42.020539,"max_mean_jut":17.917,"max_ats":10.7608,"r_jmean_peak":375,"r_ats_peak":500,"r_ats_marginal":187.5,"ats_marginal_rate_max":0.036270433835090626,"ats_marginal_interval_start":125.0,"ats_marginal_interval_end":250.0,"is_expanded":false}},{"type":"Feature","geometry":{"type":"Polygon","coordinates":[[[113.573103,42.0231486],[113.5736963,42.023127],[113.5742838,42.0230622],[113.57486,42.022955],[113.5754192,42.0228063],[113.5759562,42.0226177],[113.5764656,42.0223908],[113.5769427,42.0221279],[113.5773828,42.0218316],[113.5777817,42.0215046],[113.5781355,42.0211502],[113.5784409,42.0207717],[113.5786948,42.0203728],[113.5788949,42.0199573],[113.5790393,42.0195292],[113.5791264,42.0190927],[113.5791556,42.018652],[113.5791264,42.0182113],[113.5790393,42.0177748],[113.5788949,42.0173467],[113.5786948,42.0169312],[113.5784409,42.0165323],[113.5781355,42.0161538],[113.5777817,42.0157994],[113.5773828,42.0154724],[113.5769427,42.0151761],[113.5764656,42.0149132],[113.5759562,42.0146863],[113.5754192,42.0144977],[113.57486,42.014349],[113.5742838,42.0142418],[113.5736963,42.014177],[113.573103,42.0141554],[113.5725097,42.014177],[113.5719222,42.0142418],[113.571346,42.014349],[113.5707868,42.0144977],[113.5702498,42.0146863],[113.5697404,42.0149132],[113.5692633,42.0151761],[113.5688232,42.0154724],[113.5684243,42.0157994],[113.5680705,42.0161538],[113.5677651,42.0165323],[113.5675112,42.0169312],[113.5673111,42.0173467],[113.5671667,42.0177748],[113.5670796,42.0182113],[113.5670504,42.018652],[113.5670796,42.0190927],[113.5671667,42.0195292],[113.5673111,42.0199573],[113.5675112,42.0203728],[113.5677651,42.0207717],[113.5680705,42.0211502],[113.5684243,42.0215046],[113.5688232,42.0218316],[113.5692633,42.0221279],[113.5697404,42.0223908],[113.5702498,42.0226177],[113.5707868,42.0228063],[113.571346,42.022955],[113.5719222,42.0230622],[113.5725097,42.023127],[113.573103,42.0231486]]]},"properties":{"name":"1611无名峰(1)","peak_elev":1611,"radius_m":500,"layer":"ATS峰值响应半径","rank_pct":0.6255,"center_lon":113.573103,"center_lat":42.018652,"max_mean_jut":15.1082,"max_ats":9.0057,"r_jmean_peak":500,"r_ats_peak":500,"r_ats_marginal":187.5,"ats_marginal_rate_max":0.02670198047689489,"ats_marginal_interval_start":125.0,"ats_marginal_interval_end":250.0,"is_expanded":false}},{"type":"Feature","geometry":{"type":"Polygon","coordinates":[[[113.116983,41.7396406],[113.1175736,41.739619],[113.1181586,41.7395542],[113.1187322,41.739447],[113.119289,41.7392983],[113.1198235,41.7391097],[113.1203307,41.7388828],[113.1208057,41.7386199],[113.1212439,41.7383236],[113.121641,41.7379966],[113.1219932,41.7376422],[113.1222973,41.7372637],[113.1225501,41.7368648],[113.1227493,41.7364493],[113.122893,41.7360212],[113.1229798,41.7355847],[113.1230088,41.735144],[113.1229798,41.7347033],[113.122893,41.7342668],[113.1227493,41.7338387],[113.1225501,41.7334232],[113.1222973,41.7330243],[113.1219932,41.7326458],[113.121641,41.7322914],[113.1212439,41.7319644],[113.1208057,41.7316681],[113.1203307,41.7314052],[113.1198235,41.7311783],[113.119289,41.7309897],[113.1187322,41.730841],[113.1181586,41.7307338],[113.1175736,41.730669],[113.116983,41.7306474],[113.1163924,41.730669],[113.1158074,41.7307338],[113.1152338,41.730841],[113.114677,41.7309897],[113.1141425,41.7311783],[113.1136353,41.7314052],[113.1131603,41.7316681],[113.1127221,41.7319644],[113.112325,41.7322914],[113.1119728,41.7326458],[113.1116687,41.7330243],[113.1114159,41.7334232],[113.1112167,41.7338387],[113.111073,41.7342668],[113.1109862,41.7347033],[113.1109572,41.735144],[113.1109862,41.7355847],[113.111073,41.7360212],[113.1112167,41.7364493],[113.1114159,41.7368648],[113.1116687,41.7372637],[113.1119728,41.7376422],[113.112325,41.7379966],[113.1127221,41.7383236],[113.1131603,41.7386199],[113.1136353,41.7388828],[113.1141425,41.7391097],[113.114677,41.7392983],[113.1152338,41.739447],[113.1158074,41.7395542],[113.1163924,41.739619],[113.116983,41.7396406]]]},"properties":{"name":"1613无名峰(1)","peak_elev":1613,"radius_m":500,"layer":"ATS峰值响应半径","rank_pct":0.6255,"center_lon":113.116983,"center_lat":41.735144,"max_mean_jut":8.6494,"max_ats":5.2884,"r_jmean_peak":500,"r_ats_peak":500,"r_ats_marginal":187.5,"ats_marginal_rate_max":0.01961257677888509,"ats_marginal_interval_start":125.0,"ats_marginal_interval_end":250.0,"is_expanded":false}},{"type":"Feature","geometry":{"type":"Polygon","coordinates":[[[113.110785,41.5951916],[113.1113743,41.59517],[113.1119579,41.5951052],[113.1125303,41.594998],[113.1130858,41.5948493],[113.1136192,41.5946607],[113.1141252,41.5944338],[113.1145991,41.5941709],[113.1150363,41.5938746],[113.1154325,41.5935476],[113.115784,41.5931932],[113.1160873,41.5928147],[113.1163396,41.5924158],[113.1165384,41.5920003],[113.1166817,41.5915722],[113.1167683,41.5911357],[113.1167973,41.590695],[113.1167683,41.5902543],[113.1166817,41.5898178],[113.1165384,41.5893897],[113.1163396,41.5889742],[113.1160873,41.5885753],[113.115784,41.5881968],[113.1154325,41.5878424],[113.1150363,41.5875154],[113.1145991,41.5872191],[113.1141252,41.5869562],[113.1136192,41.5867293],[113.1130858,41.5865407],[113.1125303,41.586392],[113.1119579,41.5862848],[113.1113743,41.58622],[113.110785,41.5861984],[113.1101957,41.58622],[113.1096121,41.5862848],[113.1090397,41.586392],[113.1084842,41.5865407],[113.1079508,41.5867293],[113.1074448,41.5869562],[113.1069709,41.5872191],[113.1065337,41.5875154],[113.1061375,41.5878424],[113.105786,41.5881968],[113.1054827,41.5885753],[113.1052304,41.5889742],[113.1050316,41.5893897],[113.1048883,41.5898178],[113.1048017,41.5902543],[113.1047727,41.590695],[113.1048017,41.5911357],[113.1048883,41.5915722],[113.1050316,41.5920003],[113.1052304,41.5924158],[113.1054827,41.5928147],[113.105786,41.5931932],[113.1061375,41.5935476],[113.1065337,41.5938746],[113.1069709,41.5941709],[113.1074448,41.5944338],[113.1079508,41.5946607],[113.1084842,41.5948493],[113.1090397,41.594998],[113.1096121,41.5951052],[113.1101957,41.59517],[113.110785,41.5951916]]]},"properties":{"name":"五号火山1616","peak_elev":1616,"radius_m":500,"layer":"ATS峰值响应半径","rank_pct":0.6255,"center_lon":113.110785,"center_lat":41.590695,"max_mean_jut":13.5295,"max_ats":9.2941,"r_jmean_peak":null,"r_ats_peak":500,"r_ats_marginal":187.5,"ats_marginal_rate_max":0.029660894679904126,"ats_marginal_interval_start":125.0,"ats_marginal_interval_end":250.0,"is_expanded":false}},{"type":"Feature","geometry":{"type":"Polygon","coordinates":[[[113.242298,41.9697896],[113.2428908,41.969768],[113.2434778,41.9697032],[113.2440535,41.969596],[113.2446123,41.9694473],[113.2451488,41.9692587],[113.2456578,41.9690318],[113.2461345,41.9687689],[113.2465742,41.9684726],[113.2469728,41.9681456],[113.2473263,41.9677912],[113.2476314,41.9674127],[113.2478851,41.9670138],[113.2480851,41.9665983],[113.2482293,41.9661702],[113.2483164,41.9657337],[113.2483455,41.965293],[113.2483164,41.9648523],[113.2482293,41.9644158],[113.2480851,41.9639877],[113.2478851,41.9635722],[113.2476314,41.9631733],[113.2473263,41.9627948],[113.2469728,41.9624404],[113.2465742,41.9621134],[113.2461345,41.9618171],[113.2456578,41.9615542],[113.2451488,41.9613273],[113.2446123,41.9611387],[113.2440535,41.96099],[113.2434778,41.9608828],[113.2428908,41.960818],[113.242298,41.9607964],[113.2417052,41.960818],[113.2411182,41.9608828],[113.2405425,41.96099],[113.2399837,41.9611387],[113.2394472,41.9613273],[113.2389382,41.9615542],[113.2384615,41.9618171],[113.2380218,41.9621134],[113.2376232,41.9624404],[113.2372697,41.9627948],[113.2369646,41.9631733],[113.2367109,41.9635722],[113.2365109,41.9639877],[113.2363667,41.9644158],[113.2362796,41.9648523],[113.2362505,41.965293],[113.2362796,41.9657337],[113.2363667,41.9661702],[113.2365109,41.9665983],[113.2367109,41.9670138],[113.2369646,41.9674127],[113.2372697,41.9677912],[113.2376232,41.9681456],[113.2380218,41.9684726],[113.2384615,41.9687689],[113.2389382,41.9690318],[113.2394472,41.9692587],[113.2399837,41.9694473],[113.2405425,41.969596],[113.2411182,41.9697032],[113.2417052,41.969768],[113.242298,41.9697896]]]},"properties":{"name":"1620无名峰","peak_elev":1620,"radius_m":500,"layer":"ATS峰值响应半径","rank_pct":0.6255,"center_lon":113.242298,"center_lat":41.965293,"max_mean_jut":11.1045,"max_ats":6.845,"r_jmean_peak":500,"r_ats_peak":500,"r_ats_marginal":187.5,"ats_marginal_rate_max":0.024392744176780185,"ats_marginal_interval_start":125.0,"ats_marginal_interval_end":250.0,"is_expanded":false}},{"type":"Feature","geometry":{"type":"Polygon","coordinates":[[[114.232961,42.0483466],[114.2335545,42.0483249],[114.2341423,42.0482602],[114.2347187,42.0481529],[114.2352781,42.0480043],[114.2358153,42.0478156],[114.236325,42.0475887],[114.2368022,42.0473259],[114.2372425,42.0470295],[114.2376415,42.0467026],[114.2379955,42.0463481],[114.238301,42.0459696],[114.2385551,42.0455707],[114.2387552,42.0451552],[114.2388996,42.0447272],[114.2389868,42.0442907],[114.239016,42.0438499],[114.2389868,42.0434092],[114.2388996,42.0429727],[114.2387552,42.0425446],[114.2385551,42.0421292],[114.238301,42.0417303],[114.2379955,42.0413518],[114.2376415,42.0409973],[114.2372425,42.0406704],[114.2368022,42.040374],[114.236325,42.0401112],[114.2358153,42.0398843],[114.2352781,42.0396956],[114.2347187,42.039547],[114.2341423,42.0394397],[114.2335545,42.039375],[114.232961,42.0393533],[114.2323675,42.039375],[114.2317797,42.0394397],[114.2312033,42.039547],[114.2306439,42.0396956],[114.2301067,42.0398843],[114.229597,42.0401112],[114.2291198,42.040374],[114.2286795,42.0406704],[114.2282805,42.0409973],[114.2279265,42.0413518],[114.227621,42.0417303],[114.2273669,42.0421292],[114.2271668,42.0425446],[114.2270224,42.0429727],[114.2269352,42.0434092],[114.226906,42.0438499],[114.2269352,42.0442907],[114.2270224,42.0447272],[114.2271668,42.0451552],[114.2273669,42.0455707],[114.227621,42.0459696],[114.2279265,42.0463481],[114.2282805,42.0467026],[114.2286795,42.0470295],[114.2291198,42.0473259],[114.229597,42.0475887],[114.2301067,42.0478156],[114.2306439,42.0480043],[114.2312033,42.0481529],[114.2317797,42.0482602],[114.2323675,42.0483249],[114.232961,42.0483466]]]},"properties":{"name":"1622无名峰(3)","peak_elev":1622,"radius_m":500,"layer":"ATS峰值响应半径","rank_pct":0.6255,"center_lon":114.232961,"center_lat":42.04384994506836,"max_mean_jut":11.3506,"max_ats":6.4546,"r_jmean_peak":375,"r_ats_peak":500,"r_ats_marginal":187.5,"ats_marginal_rate_max":0.023443313366485034,"ats_marginal_interval_start":125.0,"ats_marginal_interval_end":250.0,"is_expanded":false}},{"type":"Feature","geometry":{"type":"Polygon","coordinates":[[[113.5213623,41.7073012],[113.5219526,41.7072795],[113.5225373,41.7072148],[113.5231106,41.7071076],[113.5236671,41.7069589],[113.5242014,41.7067702],[113.5247084,41.7065434],[113.5251831,41.7062805],[113.525621,41.7059841],[113.5260179,41.7056572],[113.52637,41.7053027],[113.5266739,41.7049243],[113.5269266,41.7045253],[113.5271257,41.7041099],[113.5272693,41.7036818],[113.527356,41.7032453],[113.527385,41.7028046],[113.527356,41.7023638],[113.5272693,41.7019273],[113.5271257,41.7014993],[113.5269266,41.7010838],[113.5266739,41.7006849],[113.52637,41.7003064],[113.5260179,41.6999519],[113.525621,41.699625],[113.5251831,41.6993286],[113.5247084,41.6990658],[113.5242014,41.6988389],[113.5236671,41.6986502],[113.5231106,41.6985016],[113.5225373,41.6983944],[113.5219526,41.6983296],[113.5213623,41.698308],[113.520772,41.6983296],[113.5201873,41.6983944],[113.519614,41.6985016],[113.5190575,41.6986502],[113.5185232,41.6988389],[113.5180163,41.6990658],[113.5175415,41.6993286],[113.5171036,41.699625],[113.5167067,41.6999519],[113.5163546,41.7003064],[113.5160507,41.7006849],[113.515798,41.7010838],[113.5155989,41.7014993],[113.5154553,41.7019273],[113.5153686,41.7023638],[113.5153396,41.7028046],[113.5153686,41.7032453],[113.5154553,41.7036818],[113.5155989,41.7041099],[113.515798,41.7045253],[113.5160507,41.7049243],[113.5163546,41.7053027],[113.5167067,41.7056572],[113.5171036,41.7059841],[113.5175415,41.7062805],[113.5180163,41.7065434],[113.5185232,41.7067702],[113.5190575,41.7069589],[113.519614,41.7071076],[113.5201873,41.7072148],[113.520772,41.7072795],[113.5213623,41.7073012]]]},"properties":{"name":"1628无名峰(1)","peak_elev":1628,"radius_m":500,"layer":"ATS峰值响应半径","rank_pct":0.6255,"center_lon":113.5213623046875,"center_lat":41.70280456542969,"max_mean_jut":13.2966,"max_ats":7.1895,"r_jmean_peak":375,"r_ats_peak":500,"r_ats_marginal":187.5,"ats_marginal_rate_max":0.027571395101743893,"ats_marginal_interval_start":125.0,"ats_marginal_interval_end":250.0,"is_expanded":false}},{"type":"Feature","geometry":{"type":"Polygon","coordinates":[[[113.514488,41.9098273],[113.5150802,41.9098056],[113.5156667,41.9097409],[113.5162418,41.9096336],[113.5168001,41.909485],[113.5173361,41.9092963],[113.5178446,41.9090695],[113.5183209,41.9088066],[113.5187602,41.9085102],[113.5191584,41.9081833],[113.5195116,41.9078288],[113.5198164,41.9074503],[113.5200699,41.9070514],[113.5202696,41.906636],[113.5204137,41.9062079],[113.5205007,41.9057714],[113.5205298,41.9053307],[113.5205007,41.9048899],[113.5204137,41.9044534],[113.5202696,41.9040254],[113.5200699,41.9036099],[113.5198164,41.903211],[113.5195116,41.9028325],[113.5191584,41.902478],[113.5187602,41.9021511],[113.5183209,41.9018547],[113.5178446,41.9015919],[113.5173361,41.901365],[113.5168001,41.9011763],[113.5162418,41.9010277],[113.5156667,41.9009205],[113.5150802,41.9008557],[113.514488,41.900834],[113.5138958,41.9008557],[113.5133093,41.9009205],[113.5127342,41.9010277],[113.5121759,41.9011763],[113.5116399,41.901365],[113.5111314,41.9015919],[113.5106551,41.9018547],[113.5102158,41.9021511],[113.5098176,41.902478],[113.5094644,41.9028325],[113.5091596,41.903211],[113.5089061,41.9036099],[113.5087064,41.9040254],[113.5085623,41.9044534],[113.5084753,41.9048899],[113.5084462,41.9053307],[113.5084753,41.9057714],[113.5085623,41.9062079],[113.5087064,41.906636],[113.5089061,41.9070514],[113.5091596,41.9074503],[113.5094644,41.9078288],[113.5098176,41.9081833],[113.5102158,41.9085102],[113.5106551,41.9088066],[113.5111314,41.9090695],[113.5116399,41.9092963],[113.5121759,41.909485],[113.5127342,41.9096336],[113.5133093,41.9097409],[113.5138958,41.9098056],[113.514488,41.9098273]]]},"properties":{"name":"1635无名峰(2)","peak_elev":1635,"radius_m":500,"layer":"ATS峰值响应半径","rank_pct":0.6255,"center_lon":113.514488,"center_lat":41.90533065795898,"max_mean_jut":15.2295,"max_ats":9.1107,"r_jmean_peak":500,"r_ats_peak":500,"r_ats_marginal":187.5,"ats_marginal_rate_max":0.03448054032901116,"ats_marginal_interval_start":125.0,"ats_marginal_interval_end":250.0,"is_expanded":false}},{"type":"Feature","geometry":{"type":"Polygon","coordinates":[[[113.090304,41.7504206],[113.0908947,41.750399],[113.0914798,41.7503342],[113.0920535,41.750227],[113.0926103,41.7500783],[113.093145,41.7498897],[113.0936523,41.7496628],[113.0941273,41.7493999],[113.0945656,41.7491036],[113.0949628,41.7487766],[113.0953151,41.7484222],[113.0956191,41.7480437],[113.095872,41.7476448],[113.0960713,41.7472293],[113.096215,41.7468012],[113.0963018,41.7463647],[113.0963308,41.745924],[113.0963018,41.7454833],[113.096215,41.7450468],[113.0960713,41.7446187],[113.095872,41.7442032],[113.0956191,41.7438043],[113.0953151,41.7434258],[113.0949628,41.7430714],[113.0945656,41.7427444],[113.0941273,41.7424481],[113.0936523,41.7421852],[113.093145,41.7419583],[113.0926103,41.7417697],[113.0920535,41.741621],[113.0914798,41.7415138],[113.0908947,41.741449],[113.090304,41.7414274],[113.0897133,41.741449],[113.0891282,41.7415138],[113.0885545,41.741621],[113.0879977,41.7417697],[113.087463,41.7419583],[113.0869557,41.7421852],[113.0864807,41.7424481],[113.0860424,41.7427444],[113.0856452,41.7430714],[113.0852929,41.7434258],[113.0849889,41.7438043],[113.084736,41.7442032],[113.0845367,41.7446187],[113.084393,41.7450468],[113.0843062,41.7454833],[113.0842772,41.745924],[113.0843062,41.7463647],[113.084393,41.7468012],[113.0845367,41.7472293],[113.084736,41.7476448],[113.0849889,41.7480437],[113.0852929,41.7484222],[113.0856452,41.7487766],[113.0860424,41.7491036],[113.0864807,41.7493999],[113.0869557,41.7496628],[113.087463,41.7498897],[113.0879977,41.7500783],[113.0885545,41.750227],[113.0891282,41.7503342],[113.0897133,41.750399],[113.090304,41.7504206]]]},"properties":{"name":"1651无名峰(1)","peak_elev":1651,"radius_m":500,"layer":"ATS峰值响应半径","rank_pct":0.6255,"center_lon":113.090304,"center_lat":41.745924,"max_mean_jut":13.5897,"max_ats":8.501,"r_jmean_peak":500,"r_ats_peak":500,"r_ats_marginal":312.5,"ats_marginal_rate_max":0.016856959284025544,"ats_marginal_interval_start":250.0,"ats_marginal_interval_end":375.0,"is_expanded":false}},{"type":"Feature","geometry":{"type":"Polygon","coordinates":[[[113.292829,41.6408706],[113.2934187,41.640849],[113.2940028,41.6407842],[113.2945755,41.640677],[113.2951314,41.6405283],[113.2956652,41.6403397],[113.2961716,41.6401128],[113.2966458,41.6398499],[113.2970833,41.6395536],[113.2974798,41.6392266],[113.2978316,41.6388722],[113.2981351,41.6384937],[113.2983875,41.6380948],[113.2985865,41.6376793],[113.2987299,41.6372512],[113.2988166,41.6368147],[113.2988455,41.636374],[113.2988166,41.6359333],[113.2987299,41.6354968],[113.2985865,41.6350687],[113.2983875,41.6346532],[113.2981351,41.6342543],[113.2978316,41.6338758],[113.2974798,41.6335214],[113.2970833,41.6331944],[113.2966458,41.6328981],[113.2961716,41.6326352],[113.2956652,41.6324083],[113.2951314,41.6322197],[113.2945755,41.632071],[113.2940028,41.6319638],[113.2934187,41.631899],[113.292829,41.6318774],[113.2922393,41.631899],[113.2916552,41.6319638],[113.2910825,41.632071],[113.2905266,41.6322197],[113.2899928,41.6324083],[113.2894864,41.6326352],[113.2890122,41.6328981],[113.2885747,41.6331944],[113.2881782,41.6335214],[113.2878264,41.6338758],[113.2875229,41.6342543],[113.2872705,41.6346532],[113.2870715,41.6350687],[113.2869281,41.6354968],[113.2868414,41.6359333],[113.2868125,41.636374],[113.2868414,41.6368147],[113.2869281,41.6372512],[113.2870715,41.6376793],[113.2872705,41.6380948],[113.2875229,41.6384937],[113.2878264,41.6388722],[113.2881782,41.6392266],[113.2885747,41.6395536],[113.2890122,41.6398499],[113.2894864,41.6401128],[113.2899928,41.6403397],[113.2905266,41.6405283],[113.2910825,41.640677],[113.2916552,41.6407842],[113.2922393,41.640849],[113.292829,41.6408706]]]},"properties":{"name":"1655无名峰","peak_elev":1656,"radius_m":500,"layer":"ATS峰值响应半径","rank_pct":0.6255,"center_lon":113.292829,"center_lat":41.636374,"max_mean_jut":9.8152,"max_ats":5.7963,"r_jmean_peak":500,"r_ats_peak":500,"r_ats_marginal":187.5,"ats_marginal_rate_max":0.01669658563919433,"ats_marginal_interval_start":125.0,"ats_marginal_interval_end":250.0,"is_expanded":false}},{"type":"Feature","geometry":{"type":"Polygon","coordinates":[[[113.363571,41.9797606],[113.3641639,41.979739],[113.364751,41.9796742],[113.3653268,41.979567],[113.3658856,41.9794183],[113.3664222,41.9792297],[113.3669313,41.9790028],[113.3674081,41.9787399],[113.3678479,41.9784436],[113.3682465,41.9781166],[113.3686001,41.9777622],[113.3689052,41.9773837],[113.369159,41.9769848],[113.369359,41.9765693],[113.3695032,41.9761412],[113.3695903,41.9757047],[113.3696194,41.975264],[113.3695903,41.9748233],[113.3695032,41.9743868],[113.369359,41.9739587],[113.369159,41.9735432],[113.3689052,41.9731443],[113.3686001,41.9727658],[113.3682465,41.9724114],[113.3678479,41.9720844],[113.3674081,41.9717881],[113.3669313,41.9715252],[113.3664222,41.9712983],[113.3658856,41.9711097],[113.3653268,41.970961],[113.364751,41.9708538],[113.3641639,41.970789],[113.363571,41.9707674],[113.3629781,41.970789],[113.362391,41.9708538],[113.3618152,41.970961],[113.3612564,41.9711097],[113.3607198,41.9712983],[113.3602107,41.9715252],[113.3597339,41.9717881],[113.3592941,41.9720844],[113.3588955,41.9724114],[113.3585419,41.9727658],[113.3582368,41.9731443],[113.357983,41.9735432],[113.357783,41.9739587],[113.3576388,41.9743868],[113.3575517,41.9748233],[113.3575226,41.975264],[113.3575517,41.9757047],[113.3576388,41.9761412],[113.357783,41.9765693],[113.357983,41.9769848],[113.3582368,41.9773837],[113.3585419,41.9777622],[113.3588955,41.9781166],[113.3592941,41.9784436],[113.3597339,41.9787399],[113.3602107,41.9790028],[113.3607198,41.9792297],[113.3612564,41.9794183],[113.3618152,41.979567],[113.362391,41.9796742],[113.3629781,41.979739],[113.363571,41.9797606]]]},"properties":{"name":"1656无名峰(1)","peak_elev":1656,"radius_m":500,"layer":"ATS峰值响应半径","rank_pct":0.6255,"center_lon":113.363571,"center_lat":41.975264,"max_mean_jut":11.2815,"max_ats":6.372,"r_jmean_peak":375,"r_ats_peak":500,"r_ats_marginal":187.5,"ats_marginal_rate_max":0.014087599857401795,"ats_marginal_interval_start":125.0,"ats_marginal_interval_end":250.0,"is_expanded":false}},{"type":"Feature","geometry":{"type":"Polygon","coordinates":[[[113.166301,41.749343],[113.1668917,41.7493213],[113.1674767,41.7492566],[113.1680505,41.7491493],[113.1686073,41.7490007],[113.169142,41.748812],[113.1696492,41.7485851],[113.1701243,41.7483223],[113.1705625,41.7480259],[113.1709597,41.747699],[113.171312,41.7473445],[113.1716161,41.746966],[113.1718689,41.7465671],[113.1720682,41.7461516],[113.1722119,41.7457236],[113.1722987,41.7452871],[113.1723277,41.7448463],[113.1722987,41.7444056],[113.1722119,41.7439691],[113.1720682,41.743541],[113.1718689,41.7431256],[113.1716161,41.7427267],[113.171312,41.7423482],[113.1709597,41.7419937],[113.1705625,41.7416668],[113.1701243,41.7413704],[113.1696492,41.7411076],[113.169142,41.7408807],[113.1686073,41.740692],[113.1680505,41.7405434],[113.1674767,41.7404361],[113.1668917,41.7403714],[113.166301,41.7403497],[113.1657103,41.7403714],[113.1651253,41.7404361],[113.1645515,41.7405434],[113.1639947,41.740692],[113.16346,41.7408807],[113.1629528,41.7411076],[113.1624777,41.7413704],[113.1620395,41.7416668],[113.1616423,41.7419937],[113.16129,41.7423482],[113.1609859,41.7427267],[113.1607331,41.7431256],[113.1605338,41.743541],[113.1603901,41.7439691],[113.1603033,41.7444056],[113.1602743,41.7448463],[113.1603033,41.7452871],[113.1603901,41.7457236],[113.1605338,41.7461516],[113.1607331,41.7465671],[113.1609859,41.746966],[113.16129,41.7473445],[113.1616423,41.747699],[113.1620395,41.7480259],[113.1624777,41.7483223],[113.1629528,41.7485851],[113.16346,41.748812],[113.1639947,41.7490007],[113.1645515,41.7491493],[113.1651253,41.7492566],[113.1657103,41.7493213],[113.166301,41.749343]]]},"properties":{"name":"1671无名峰","peak_elev":1671,"radius_m":500,"layer":"ATS峰值响应半径","rank_pct":0.6255,"center_lon":113.166301,"center_lat":41.74484634399414,"max_mean_jut":12.3275,"max_ats":7.9612,"r_jmean_peak":500,"r_ats_peak":500,"r_ats_marginal":187.5,"ats_marginal_rate_max":0.020871282170019503,"ats_marginal_interval_start":125.0,"ats_marginal_interval_end":250.0,"is_expanded":false}},{"type":"Feature","geometry":{"type":"Polygon","coordinates":[[[114.276349,42.1418616],[114.2769434,42.14184],[114.277532,42.1417752],[114.2781093,42.141668],[114.2786696,42.1415193],[114.2792075,42.1413307],[114.2797179,42.1411038],[114.2801959,42.1408409],[114.2806368,42.1405446],[114.2810365,42.1402176],[114.2813909,42.1398632],[114.2816969,42.1394847],[114.2819513,42.1390858],[114.2821518,42.1386703],[114.2822964,42.1382422],[114.2823837,42.1378057],[114.2824129,42.137365],[114.2823837,42.1369243],[114.2822964,42.1364878],[114.2821518,42.1360597],[114.2819513,42.1356442],[114.2816969,42.1352453],[114.2813909,42.1348668],[114.2810365,42.1345124],[114.2806368,42.1341854],[114.2801959,42.1338891],[114.2797179,42.1336262],[114.2792075,42.1333993],[114.2786696,42.1332107],[114.2781093,42.133062],[114.277532,42.1329548],[114.2769434,42.13289],[114.276349,42.1328684],[114.2757546,42.13289],[114.275166,42.1329548],[114.2745887,42.133062],[114.2740284,42.1332107],[114.2734905,42.1333993],[114.2729801,42.1336262],[114.2725021,42.1338891],[114.2720612,42.1341854],[114.2716615,42.1345124],[114.2713071,42.1348668],[114.2710011,42.1352453],[114.2707467,42.1356442],[114.2705462,42.1360597],[114.2704016,42.1364878],[114.2703143,42.1369243],[114.2702851,42.137365],[114.2703143,42.1378057],[114.2704016,42.1382422],[114.2705462,42.1386703],[114.2707467,42.1390858],[114.2710011,42.1394847],[114.2713071,42.1398632],[114.2716615,42.1402176],[114.2720612,42.1405446],[114.2725021,42.1408409],[114.2729801,42.1411038],[114.2734905,42.1413307],[114.2740284,42.1415193],[114.2745887,42.141668],[114.275166,42.1417752],[114.2757546,42.14184],[114.276349,42.1418616]]]},"properties":{"name":"1673无名峰(2)","peak_elev":1673,"radius_m":500,"layer":"ATS峰值响应半径","rank_pct":0.6255,"center_lon":114.276349,"center_lat":42.137365,"max_mean_jut":16.241,"max_ats":7.9762,"r_jmean_peak":500,"r_ats_peak":500,"r_ats_marginal":187.5,"ats_marginal_rate_max":0.027133654526425792,"ats_marginal_interval_start":125.0,"ats_marginal_interval_end":250.0,"is_expanded":false}},{"type":"Feature","geometry":{"type":"Polygon","coordinates":[[[113.382843,41.639659],[113.3834327,41.6396373],[113.3840168,41.6395726],[113.3845895,41.6394653],[113.3851454,41.6393167],[113.3856791,41.639128],[113.3861856,41.6389011],[113.3866598,41.6386383],[113.3870973,41.6383419],[113.3874938,41.638015],[113.3878455,41.6376605],[113.388149,41.637282],[113.3884015,41.6368831],[113.3886004,41.6364676],[113.3887438,41.6360396],[113.3888305,41.6356031],[113.3888594,41.6351624],[113.3888305,41.6347216],[113.3887438,41.6342851],[113.3886004,41.6338571],[113.3884015,41.6334416],[113.388149,41.6330427],[113.3878455,41.6326642],[113.3874938,41.6323097],[113.3870973,41.6319828],[113.3866598,41.6316864],[113.3861856,41.6314236],[113.3856791,41.6311967],[113.3851454,41.631008],[113.3845895,41.6308594],[113.3840168,41.6307521],[113.3834327,41.6306874],[113.382843,41.6306657],[113.3822533,41.6306874],[113.3816693,41.6307521],[113.3810965,41.6308594],[113.3805406,41.631008],[113.3800069,41.6311967],[113.3795005,41.6314236],[113.3790262,41.6316864],[113.3785888,41.6319828],[113.3781923,41.6323097],[113.3778406,41.6326642],[113.377537,41.6330427],[113.3772846,41.6334416],[113.3770857,41.6338571],[113.3769422,41.6342851],[113.3768556,41.6347216],[113.3768266,41.6351624],[113.3768556,41.6356031],[113.3769422,41.6360396],[113.3770857,41.6364676],[113.3772846,41.6368831],[113.377537,41.637282],[113.3778406,41.6376605],[113.3781923,41.638015],[113.3785888,41.6383419],[113.3790262,41.6386383],[113.3795005,41.6389011],[113.3800069,41.639128],[113.3805406,41.6393167],[113.3810965,41.6394653],[113.3816693,41.6395726],[113.3822533,41.6396373],[113.382843,41.639659]]]},"properties":{"name":"1681无名峰","peak_elev":1681,"radius_m":500,"layer":"ATS峰值响应半径","rank_pct":0.6255,"center_lon":113.38284301757812,"center_lat":41.635162353515625,"max_mean_jut":12.5978,"max_ats":7.8097,"r_jmean_peak":500,"r_ats_peak":500,"r_ats_marginal":187.5,"ats_marginal_rate_max":0.023499081812308663,"ats_marginal_interval_start":125.0,"ats_marginal_interval_end":250.0,"is_expanded":false}},{"type":"Feature","geometry":{"type":"Polygon","coordinates":[[[113.3399887,41.6480126],[113.3405785,41.647991],[113.3411626,41.6479262],[113.3417354,41.647819],[113.3422914,41.6476703],[113.3428252,41.6474817],[113.3433317,41.6472548],[113.343806,41.6469919],[113.3442435,41.6466956],[113.3446401,41.6463686],[113.3449918,41.6460142],[113.3452954,41.6456357],[113.3455479,41.6452368],[113.3457468,41.6448213],[113.3458903,41.6443932],[113.3459769,41.6439567],[113.3460059,41.643516],[113.3459769,41.6430753],[113.3458903,41.6426388],[113.3457468,41.6422107],[113.3455479,41.6417952],[113.3452954,41.6413963],[113.3449918,41.6410178],[113.3446401,41.6406634],[113.3442435,41.6403364],[113.343806,41.6400401],[113.3433317,41.6397772],[113.3428252,41.6395503],[113.3422914,41.6393617],[113.3417354,41.639213],[113.3411626,41.6391058],[113.3405785,41.639041],[113.3399887,41.6390194],[113.3393989,41.639041],[113.3388148,41.6391058],[113.338242,41.639213],[113.337686,41.6393617],[113.3371522,41.6395503],[113.3366457,41.6397772],[113.3361714,41.6400401],[113.3357339,41.6403364],[113.3353374,41.6406634],[113.3349856,41.6410178],[113.334682,41.6413963],[113.3344295,41.6417952],[113.3342306,41.6422107],[113.3340871,41.6426388],[113.3340005,41.6430753],[113.3339715,41.643516],[113.3340005,41.6439567],[113.3340871,41.6443932],[113.3342306,41.6448213],[113.3344295,41.6452368],[113.334682,41.6456357],[113.3349856,41.6460142],[113.3353374,41.6463686],[113.3357339,41.6466956],[113.3361714,41.6469919],[113.3366457,41.6472548],[113.3371522,41.6474817],[113.337686,41.6476703],[113.338242,41.647819],[113.3388148,41.6479262],[113.3393989,41.647991],[113.3399887,41.6480126]]]},"properties":{"name":"1688无名峰","peak_elev":1688,"radius_m":500,"layer":"ATS峰值响应半径","rank_pct":0.6255,"center_lon":113.3399887084961,"center_lat":41.643516,"max_mean_jut":8.8765,"max_ats":4.9721,"r_jmean_peak":500,"r_ats_peak":500,"r_ats_marginal":187.5,"ats_marginal_rate_max":0.01438332306246256,"ats_marginal_interval_start":125.0,"ats_marginal_interval_end":250.0,"is_expanded":false}},{"type":"Feature","geometry":{"type":"Polygon","coordinates":[[[113.328537,41.6709196],[113.329127,41.670898],[113.3297113,41.6708332],[113.3302843,41.670726],[113.3308405,41.6705773],[113.3313745,41.6703887],[113.3318812,41.6701618],[113.3323556,41.6698989],[113.3327933,41.6696026],[113.33319,41.6692756],[113.3335419,41.6689212],[113.3338456,41.6685427],[113.3340981,41.6681438],[113.3342971,41.6677283],[113.3344407,41.6673002],[113.3345273,41.6668637],[113.3345563,41.666423],[113.3345273,41.6659823],[113.3344407,41.6655458],[113.3342971,41.6651177],[113.3340981,41.6647022],[113.3338456,41.6643033],[113.3335419,41.6639248],[113.33319,41.6635704],[113.3327933,41.6632434],[113.3323556,41.6629471],[113.3318812,41.6626842],[113.3313745,41.6624573],[113.3308405,41.6622687],[113.3302843,41.66212],[113.3297113,41.6620128],[113.329127,41.661948],[113.328537,41.6619264],[113.327947,41.661948],[113.3273627,41.6620128],[113.3267897,41.66212],[113.3262335,41.6622687],[113.3256995,41.6624573],[113.3251928,41.6626842],[113.3247184,41.6629471],[113.3242807,41.6632434],[113.323884,41.6635704],[113.3235321,41.6639248],[113.3232284,41.6643033],[113.3229759,41.6647022],[113.3227769,41.6651177],[113.3226333,41.6655458],[113.3225467,41.6659823],[113.3225177,41.666423],[113.3225467,41.6668637],[113.3226333,41.6673002],[113.3227769,41.6677283],[113.3229759,41.6681438],[113.3232284,41.6685427],[113.3235321,41.6689212],[113.323884,41.6692756],[113.3242807,41.6696026],[113.3247184,41.6698989],[113.3251928,41.6701618],[113.3256995,41.6703887],[113.3262335,41.6705773],[113.3267897,41.670726],[113.3273627,41.6708332],[113.327947,41.670898],[113.328537,41.6709196]]]},"properties":{"name":"1690无名峰(2)","peak_elev":1690,"radius_m":500,"layer":"ATS峰值响应半径","rank_pct":0.6255,"center_lon":113.328537,"center_lat":41.666423,"max_mean_jut":10.2638,"max_ats":6.1092,"r_jmean_peak":500,"r_ats_peak":500,"r_ats_marginal":187.5,"ats_marginal_rate_max":0.017380422376591886,"ats_marginal_interval_start":125.0,"ats_marginal_interval_end":250.0,"is_expanded":false}},{"type":"Feature","geometry":{"type":"Polygon","coordinates":[[[113.7455826,42.0050926],[113.7461757,42.005071],[113.746763,42.0050062],[113.747339,42.004899],[113.7478981,42.0047503],[113.7484349,42.0045617],[113.7489442,42.0043348],[113.7494212,42.0040719],[113.7498612,42.0037756],[113.7502599,42.0034486],[113.7506137,42.0030942],[113.7509189,42.0027157],[113.7511728,42.0023168],[113.7513729,42.0019013],[113.7515172,42.0014732],[113.7516043,42.0010367],[113.7516334,42.000596],[113.7516043,42.0001553],[113.7515172,41.9997188],[113.7513729,41.9992907],[113.7511728,41.9988752],[113.7509189,41.9984763],[113.7506137,41.9980978],[113.7502599,41.9977434],[113.7498612,41.9974164],[113.7494212,41.9971201],[113.7489442,41.9968572],[113.7484349,41.9966303],[113.7478981,41.9964417],[113.747339,41.996293],[113.746763,41.9961858],[113.7461757,41.996121],[113.7455826,41.9960994],[113.7449895,41.996121],[113.7444021,41.9961858],[113.7438261,41.996293],[113.743267,41.9964417],[113.7427302,41.9966303],[113.7422209,41.9968572],[113.741744,41.9971201],[113.741304,41.9974164],[113.7409052,41.9977434],[113.7405515,41.9980978],[113.7402462,41.9984763],[113.7399923,41.9988752],[113.7397923,41.9992907],[113.739648,41.9997188],[113.7395609,42.0001553],[113.7395317,42.000596],[113.7395609,42.0010367],[113.739648,42.0014732],[113.7397923,42.0019013],[113.7399923,42.0023168],[113.7402462,42.0027157],[113.7405515,42.0030942],[113.7409052,42.0034486],[113.741304,42.0037756],[113.741744,42.0040719],[113.7422209,42.0043348],[113.7427302,42.0045617],[113.743267,42.0047503],[113.7438261,42.004899],[113.7444021,42.0050062],[113.7449895,42.005071],[113.7455826,42.0050926]]]},"properties":{"name":"1694无名峰","peak_elev":1694,"radius_m":500,"layer":"ATS峰值响应半径","rank_pct":0.6255,"center_lon":113.7455825805664,"center_lat":42.000596,"max_mean_jut":11.0483,"max_ats":6.6495,"r_jmean_peak":500,"r_ats_peak":500,"r_ats_marginal":187.5,"ats_marginal_rate_max":0.02268343076196556,"ats_marginal_interval_start":125.0,"ats_marginal_interval_end":250.0,"is_expanded":false}},{"type":"Feature","geometry":{"type":"Polygon","coordinates":[[[113.276929,41.6610836],[113.2775189,41.661062],[113.2781031,41.6609972],[113.2786761,41.66089],[113.2792321,41.6607413],[113.2797661,41.6605527],[113.2802727,41.6603258],[113.280747,41.6600629],[113.2811847,41.6597666],[113.2815813,41.6594396],[113.2819331,41.6590852],[113.2822368,41.6587067],[113.2824893,41.6583078],[113.2826883,41.6578923],[113.2828318,41.6574642],[113.2829184,41.6570277],[113.2829474,41.656587],[113.2829184,41.6561463],[113.2828318,41.6557098],[113.2826883,41.6552817],[113.2824893,41.6548662],[113.2822368,41.6544673],[113.2819331,41.6540888],[113.2815813,41.6537344],[113.2811847,41.6534074],[113.280747,41.6531111],[113.2802727,41.6528482],[113.2797661,41.6526213],[113.2792321,41.6524327],[113.2786761,41.652284],[113.2781031,41.6521768],[113.2775189,41.652112],[113.276929,41.6520904],[113.2763391,41.652112],[113.2757549,41.6521768],[113.2751819,41.652284],[113.2746259,41.6524327],[113.2740919,41.6526213],[113.2735853,41.6528482],[113.273111,41.6531111],[113.2726733,41.6534074],[113.2722767,41.6537344],[113.2719249,41.6540888],[113.2716212,41.6544673],[113.2713687,41.6548662],[113.2711697,41.6552817],[113.2710262,41.6557098],[113.2709396,41.6561463],[113.2709106,41.656587],[113.2709396,41.6570277],[113.2710262,41.6574642],[113.2711697,41.6578923],[113.2713687,41.6583078],[113.2716212,41.6587067],[113.2719249,41.6590852],[113.2722767,41.6594396],[113.2726733,41.6597666],[113.273111,41.6600629],[113.2735853,41.6603258],[113.2740919,41.6605527],[113.2746259,41.6607413],[113.2751819,41.66089],[113.2757549,41.6609972],[113.2763391,41.661062],[113.276929,41.6610836]]]},"properties":{"name":"1732无名峰(2)","peak_elev":1732,"radius_m":500,"layer":"ATS峰值响应半径","rank_pct":0.6255,"center_lon":113.276929,"center_lat":41.656587,"max_mean_jut":13.6116,"max_ats":7.0059,"r_jmean_peak":500,"r_ats_peak":500,"r_ats_marginal":187.5,"ats_marginal_rate_max":0.022300299049576477,"ats_marginal_interval_start":125.0,"ats_marginal_interval_end":250.0,"is_expanded":false}},{"type":"Feature","geometry":{"type":"Polygon","coordinates":[[[114.472002,42.3460036],[114.4725983,42.3459819],[114.4731888,42.3459172],[114.473768,42.3458099],[114.4743301,42.3456613],[114.4748698,42.3454726],[114.4753818,42.3452458],[114.4758614,42.3449829],[114.4763037,42.3446865],[114.4767046,42.3443596],[114.4770603,42.3440051],[114.4773672,42.3436266],[114.4776225,42.3432277],[114.4778236,42.3428123],[114.4779686,42.3423842],[114.4780562,42.3419477],[114.4780855,42.341507],[114.4780562,42.3410662],[114.4779686,42.3406297],[114.4778236,42.3402017],[114.4776225,42.3397862],[114.4773672,42.3393873],[114.4770603,42.3390088],[114.4767046,42.3386543],[114.4763037,42.3383274],[114.4758614,42.338031],[114.4753818,42.3377682],[114.4748698,42.3375413],[114.4743301,42.3373526],[114.473768,42.337204],[114.4731888,42.3370968],[114.4725983,42.337032],[114.472002,42.3370103],[114.4714057,42.337032],[114.4708152,42.3370968],[114.470236,42.337204],[114.4696739,42.3373526],[114.4691342,42.3375413],[114.4686222,42.3377682],[114.4681426,42.338031],[114.4677003,42.3383274],[114.4672994,42.3386543],[114.4669437,42.3390088],[114.4666368,42.3393873],[114.4663815,42.3397862],[114.4661804,42.3402017],[114.4660354,42.3406297],[114.4659478,42.3410662],[114.4659185,42.341507],[114.4659478,42.3419477],[114.4660354,42.3423842],[114.4661804,42.3428123],[114.4663815,42.3432277],[114.4666368,42.3436266],[114.4669437,42.3440051],[114.4672994,42.3443596],[114.4677003,42.3446865],[114.4681426,42.3449829],[114.4686222,42.3452458],[114.4691342,42.3454726],[114.4696739,42.3456613],[114.470236,42.3458099],[114.4708152,42.3459172],[114.4714057,42.3459819],[114.472002,42.3460036]]]},"properties":{"name":"毛德特浑迪1458","peak_elev":1458,"radius_m":500,"layer":"ATS峰值响应半径","rank_pct":0.6255,"center_lon":114.472002,"center_lat":42.34150695800781,"max_mean_jut":9.6571,"max_ats":5.2674,"r_jmean_peak":375,"r_ats_peak":500,"r_ats_marginal":187.5,"ats_marginal_rate_max":0.018238644432946385,"ats_marginal_interval_start":125.0,"ats_marginal_interval_end":250.0,"is_expanded":false}},{"type":"Feature","geometry":{"type":"Polygon","coordinates":[[[113.287843,42.3120476],[113.288439,42.312026],[113.2890292,42.3119612],[113.289608,42.311854],[113.2901698,42.3117053],[113.2907092,42.3115167],[113.291221,42.3112898],[113.2917003,42.3110269],[113.2921424,42.3107306],[113.2925431,42.3104036],[113.2928985,42.3100492],[113.2932053,42.3096707],[113.2934604,42.3092718],[113.2936614,42.3088563],[113.2938064,42.3084282],[113.293894,42.3079917],[113.2939233,42.307551],[113.293894,42.3071103],[113.2938064,42.3066738],[113.2936614,42.3062457],[113.2934604,42.3058302],[113.2932053,42.3054313],[113.2928985,42.3050528],[113.2925431,42.3046984],[113.2921424,42.3043714],[113.2917003,42.3040751],[113.291221,42.3038122],[113.2907092,42.3035853],[113.2901698,42.3033967],[113.289608,42.303248],[113.2890292,42.3031408],[113.288439,42.303076],[113.287843,42.3030544],[113.287247,42.303076],[113.2866568,42.3031408],[113.286078,42.303248],[113.2855162,42.3033967],[113.2849768,42.3035853],[113.284465,42.3038122],[113.2839857,42.3040751],[113.2835436,42.3043714],[113.2831429,42.3046984],[113.2827875,42.3050528],[113.2824807,42.3054313],[113.2822256,42.3058302],[113.2820246,42.3062457],[113.2818796,42.3066738],[113.281792,42.3071103],[113.2817627,42.307551],[113.281792,42.3079917],[113.2818796,42.3084282],[113.2820246,42.3088563],[113.2822256,42.3092718],[113.2824807,42.3096707],[113.2827875,42.3100492],[113.2831429,42.3104036],[113.2835436,42.3107306],[113.2839857,42.3110269],[113.284465,42.3112898],[113.2849768,42.3115167],[113.2855162,42.3117053],[113.286078,42.311854],[113.2866568,42.3119612],[113.287247,42.312026],[113.287843,42.3120476]]]},"properties":{"name":"浩尧尔敖包1358","peak_elev":1358,"radius_m":500,"layer":"ATS峰值响应半径","rank_pct":0.6255,"center_lon":113.287843,"center_lat":42.307551,"max_mean_jut":10.6718,"max_ats":6.9458,"r_jmean_peak":500,"r_ats_peak":500,"r_ats_marginal":187.5,"ats_marginal_rate_max":0.0295020856944759,"ats_marginal_interval_start":125.0,"ats_marginal_interval_end":250.0,"is_expanded":false}},{"type":"Feature","geometry":{"type":"Polygon","coordinates":[[[113.596414,41.7331725],[113.5970046,41.7331508],[113.5975895,41.733086],[113.598163,41.7329788],[113.5987197,41.7328302],[113.5992542,41.7326415],[113.5997614,41.7324146],[113.6002363,41.7321518],[113.6006744,41.7318554],[113.6010715,41.7315285],[113.6014237,41.731174],[113.6017277,41.7307955],[113.6019805,41.7303966],[113.6021797,41.7299811],[113.6023234,41.7295531],[113.6024101,41.7291166],[113.6024392,41.7286758],[113.6024101,41.7282351],[113.6023234,41.7277986],[113.6021797,41.7273705],[113.6019805,41.7269551],[113.6017277,41.7265562],[113.6014237,41.7261777],[113.6010715,41.7258232],[113.6006744,41.7254963],[113.6002363,41.7251999],[113.5997614,41.724937],[113.5992542,41.7247102],[113.5987197,41.7245215],[113.598163,41.7243729],[113.5975895,41.7242656],[113.5970046,41.7242009],[113.596414,41.7241792],[113.5958234,41.7242009],[113.5952385,41.7242656],[113.594665,41.7243729],[113.5941083,41.7245215],[113.5935738,41.7247102],[113.5930666,41.724937],[113.5925917,41.7251999],[113.5921536,41.7254963],[113.5917565,41.7258232],[113.5914043,41.7261777],[113.5911003,41.7265562],[113.5908475,41.7269551],[113.5906483,41.7273705],[113.5905046,41.7277986],[113.5904179,41.7282351],[113.5903888,41.7286758],[113.5904179,41.7291166],[113.5905046,41.7295531],[113.5906483,41.7299811],[113.5908475,41.7303966],[113.5911003,41.7307955],[113.5914043,41.731174],[113.5917565,41.7315285],[113.5921536,41.7318554],[113.5925917,41.7321518],[113.5930666,41.7324146],[113.5935738,41.7326415],[113.5941083,41.7328302],[113.594665,41.7329788],[113.5952385,41.733086],[113.5958234,41.7331508],[113.596414,41.7331725]]]},"properties":{"name":"黄龙洞山1639","peak_elev":1639,"radius_m":500,"layer":"ATS峰值响应半径","rank_pct":0.6255,"center_lon":113.596414,"center_lat":41.72867584228516,"max_mean_jut":11.4608,"max_ats":7.0679,"r_jmean_peak":625,"r_ats_peak":500,"r_ats_marginal":187.5,"ats_marginal_rate_max":0.02238064185426657,"ats_marginal_interval_start":125.0,"ats_marginal_interval_end":250.0,"is_expanded":false}},{"type":"Feature","geometry":{"type":"Polygon","coordinates":[[[113.191633,42.3006823],[113.1920799,42.3006661],[113.1925225,42.3006175],[113.1929565,42.3005371],[113.1933778,42.3004256],[113.1937823,42.3002841],[113.1941661,42.300114],[113.1945255,42.2999168],[113.194857,42.2996946],[113.1951575,42.2994493],[113.195424,42.2991835],[113.1956541,42.2988996],[113.1958454,42.2986005],[113.1959961,42.2982888],[113.1961048,42.2979678],[113.1961705,42.2976404],[113.1961925,42.2973099],[113.1961705,42.2969793],[113.1961048,42.2966519],[113.1959961,42.2963309],[113.1958454,42.2960193],[113.1956541,42.2957201],[113.195424,42.2954362],[113.1951575,42.2951704],[113.194857,42.2949252],[113.1945255,42.2947029],[113.1941661,42.2945058],[113.1937823,42.2943356],[113.1933778,42.2941941],[113.1929565,42.2940826],[113.1925225,42.2940022],[113.1920799,42.2939537],[113.191633,42.2939374],[113.1911861,42.2939537],[113.1907435,42.2940022],[113.1903095,42.2940826],[113.1898882,42.2941941],[113.1894837,42.2943356],[113.1890999,42.2945058],[113.1887405,42.2947029],[113.188409,42.2949252],[113.1881085,42.2951704],[113.187842,42.2954362],[113.1876119,42.2957201],[113.1874206,42.2960193],[113.1872699,42.2963309],[113.1871612,42.2966519],[113.1870955,42.2969793],[113.1870735,42.2973099],[113.1870955,42.2976404],[113.1871612,42.2979678],[113.1872699,42.2982888],[113.1874206,42.2986005],[113.1876119,42.2988996],[113.187842,42.2991835],[113.1881085,42.2994493],[113.188409,42.2996946],[113.1887405,42.2999168],[113.1890999,42.300114],[113.1894837,42.3002841],[113.1898882,42.3004256],[113.1903095,42.3005371],[113.1907435,42.3006175],[113.1911861,42.3006661],[113.191633,42.3006823]]]},"properties":{"name":"1366无名峰","peak_elev":1366,"radius_m":375,"layer":"ATS峰值响应半径","rank_pct":0.8165,"center_lon":113.191633,"center_lat":42.29730987548828,"max_mean_jut":5.9953,"max_ats":3.6366,"r_jmean_peak":375,"r_ats_peak":375,"r_ats_marginal":187.5,"ats_marginal_rate_max":0.0019082557850698904,"ats_marginal_interval_start":125.0,"ats_marginal_interval_end":250.0,"is_expanded":false}},{"type":"Feature","geometry":{"type":"Polygon","coordinates":[[[114.477392,42.4206075],[114.4778398,42.4205912],[114.4782832,42.4205427],[114.4787181,42.4204622],[114.4791402,42.4203507],[114.4795454,42.4202092],[114.4799299,42.4200391],[114.48029,42.4198419],[114.4806222,42.4196197],[114.4809232,42.4193745],[114.4811903,42.4191086],[114.4814208,42.4188248],[114.4816124,42.4185256],[114.4817635,42.418214],[114.4818724,42.4178929],[114.4819382,42.4175656],[114.4819602,42.417235],[114.4819382,42.4169044],[114.4818724,42.4165771],[114.4817635,42.416256],[114.4816124,42.4159444],[114.4814208,42.4156452],[114.4811903,42.4153614],[114.4809232,42.4150955],[114.4806222,42.4148503],[114.48029,42.4146281],[114.4799299,42.4144309],[114.4795454,42.4142608],[114.4791402,42.4141193],[114.4787181,42.4140078],[114.4782832,42.4139273],[114.4778398,42.4138788],[114.477392,42.4138625],[114.4769442,42.4138788],[114.4765008,42.4139273],[114.4760659,42.4140078],[114.4756438,42.4141193],[114.4752386,42.4142608],[114.4748541,42.4144309],[114.474494,42.4146281],[114.4741618,42.4148503],[114.4738608,42.4150955],[114.4735937,42.4153614],[114.4733632,42.4156452],[114.4731716,42.4159444],[114.4730205,42.416256],[114.4729116,42.4165771],[114.4728458,42.4169044],[114.4728238,42.417235],[114.4728458,42.4175656],[114.4729116,42.4178929],[114.4730205,42.418214],[114.4731716,42.4185256],[114.4733632,42.4188248],[114.4735937,42.4191086],[114.4738608,42.4193745],[114.4741618,42.4196197],[114.474494,42.4198419],[114.4748541,42.4200391],[114.4752386,42.4202092],[114.4756438,42.4203507],[114.4760659,42.4204622],[114.4765008,42.4205427],[114.4769442,42.4205912],[114.477392,42.4206075]]]},"properties":{"name":"1372无名峰","peak_elev":1372,"radius_m":375,"layer":"ATS峰值响应半径","rank_pct":0.8165,"center_lon":114.477392,"center_lat":42.417235,"max_mean_jut":5.1978,"max_ats":2.7834,"r_jmean_peak":375,"r_ats_peak":375,"r_ats_marginal":187.5,"ats_marginal_rate_max":0.0013902240055203095,"ats_marginal_interval_start":125.0,"ats_marginal_interval_end":250.0,"is_expanded":false}},{"type":"Feature","geometry":{"type":"Polygon","coordinates":[[[113.323416,42.2141745],[113.3238623,42.2141582],[113.3243043,42.2141097],[113.3247377,42.2140292],[113.3251584,42.2139177],[113.3255624,42.2137762],[113.3259456,42.2136061],[113.3263045,42.2134089],[113.3266356,42.2131867],[113.3269357,42.2129415],[113.3272018,42.2126756],[113.3274316,42.2123918],[113.3276226,42.2120926],[113.3277731,42.211781],[113.3278817,42.2114599],[113.3279473,42.2111326],[113.3279692,42.210802],[113.3279473,42.2104714],[113.3278817,42.2101441],[113.3277731,42.209823],[113.3276226,42.2095114],[113.3274316,42.2092122],[113.3272018,42.2089284],[113.3269357,42.2086625],[113.3266356,42.2084173],[113.3263045,42.2081951],[113.3259456,42.2079979],[113.3255624,42.2078278],[113.3251584,42.2076863],[113.3247377,42.2075748],[113.3243043,42.2074943],[113.3238623,42.2074458],[113.323416,42.2074295],[113.3229697,42.2074458],[113.3225277,42.2074943],[113.3220943,42.2075748],[113.3216736,42.2076863],[113.3212696,42.2078278],[113.3208864,42.2079979],[113.3205275,42.2081951],[113.3201964,42.2084173],[113.3198963,42.2086625],[113.3196302,42.2089284],[113.3194004,42.2092122],[113.3192094,42.2095114],[113.3190589,42.209823],[113.3189503,42.2101441],[113.3188847,42.2104714],[113.3188628,42.210802],[113.3188847,42.2111326],[113.3189503,42.2114599],[113.3190589,42.211781],[113.3192094,42.2120926],[113.3194004,42.2123918],[113.3196302,42.2126756],[113.3198963,42.2129415],[113.3201964,42.2131867],[113.3205275,42.2134089],[113.3208864,42.2136061],[113.3212696,42.2137762],[113.3216736,42.2139177],[113.3220943,42.2140292],[113.3225277,42.2141097],[113.3229697,42.2141582],[113.323416,42.2141745]]]},"properties":{"name":"1395无名峰","peak_elev":1395,"radius_m":375,"layer":"ATS峰值响应半径","rank_pct":0.8165,"center_lon":113.323416,"center_lat":42.210802,"max_mean_jut":8.2339,"max_ats":4.9083,"r_jmean_peak":375,"r_ats_peak":375,"r_ats_marginal":187.5,"ats_marginal_rate_max":0.016713655145154476,"ats_marginal_interval_start":125.0,"ats_marginal_interval_end":250.0,"is_expanded":false}},{"type":"Feature","geometry":{"type":"Polygon","coordinates":[[[113.283801,42.1389855],[113.2842468,42.1389692],[113.2846882,42.1389207],[113.2851212,42.1388402],[113.2855414,42.1387287],[113.2859448,42.1385872],[113.2863276,42.1384171],[113.2866861,42.1382199],[113.2870168,42.1379977],[113.2873165,42.1377525],[113.2875824,42.1374866],[113.2878118,42.1372028],[113.2880026,42.1369036],[113.288153,42.136592],[113.2882614,42.1362709],[113.2883269,42.1359436],[113.2883488,42.135613],[113.2883269,42.1352824],[113.2882614,42.1349551],[113.288153,42.134634],[113.2880026,42.1343224],[113.2878118,42.1340232],[113.2875824,42.1337394],[113.2873165,42.1334735],[113.2870168,42.1332283],[113.2866861,42.1330061],[113.2863276,42.1328089],[113.2859448,42.1326388],[113.2855414,42.1324973],[113.2851212,42.1323858],[113.2846882,42.1323053],[113.2842468,42.1322568],[113.283801,42.1322405],[113.2833552,42.1322568],[113.2829138,42.1323053],[113.2824808,42.1323858],[113.2820606,42.1324973],[113.2816572,42.1326388],[113.2812744,42.1328089],[113.2809159,42.1330061],[113.2805852,42.1332283],[113.2802855,42.1334735],[113.2800196,42.1337394],[113.2797902,42.1340232],[113.2795994,42.1343224],[113.279449,42.134634],[113.2793406,42.1349551],[113.2792751,42.1352824],[113.2792532,42.135613],[113.2792751,42.1359436],[113.2793406,42.1362709],[113.279449,42.136592],[113.2795994,42.1369036],[113.2797902,42.1372028],[113.2800196,42.1374866],[113.2802855,42.1377525],[113.2805852,42.1379977],[113.2809159,42.1382199],[113.2812744,42.1384171],[113.2816572,42.1385872],[113.2820606,42.1387287],[113.2824808,42.1388402],[113.2829138,42.1389207],[113.2833552,42.1389692],[113.283801,42.1389855]]]},"properties":{"name":"1468无名峰","peak_elev":1468,"radius_m":375,"layer":"ATS峰值响应半径","rank_pct":0.8165,"center_lon":113.283801,"center_lat":42.135613,"max_mean_jut":7.9525,"max_ats":4.7369,"r_jmean_peak":375,"r_ats_peak":375,"r_ats_marginal":187.5,"ats_marginal_rate_max":0.010397041995809516,"ats_marginal_interval_start":125.0,"ats_marginal_interval_end":250.0,"is_expanded":false}},{"type":"Feature","geometry":{"type":"Polygon","coordinates":[[[114.491271,42.1837215],[114.4917171,42.1837052],[114.4921589,42.1836567],[114.4925921,42.1835762],[114.4930126,42.1834647],[114.4934163,42.1833232],[114.4937994,42.1831531],[114.4941581,42.1829559],[114.494489,42.1827337],[114.494789,42.1824885],[114.495055,42.1822226],[114.4952846,42.1819388],[114.4954756,42.1816396],[114.495626,42.181328],[114.4957346,42.1810069],[114.4958001,42.1806796],[114.495822,42.180349],[114.4958001,42.1800184],[114.4957346,42.1796911],[114.495626,42.17937],[114.4954756,42.1790584],[114.4952846,42.1787592],[114.495055,42.1784754],[114.494789,42.1782095],[114.494489,42.1779643],[114.4941581,42.1777421],[114.4937994,42.1775449],[114.4934163,42.1773748],[114.4930126,42.1772333],[114.4925921,42.1771218],[114.4921589,42.1770413],[114.4917171,42.1769928],[114.491271,42.1769765],[114.4908249,42.1769928],[114.4903831,42.1770413],[114.4899499,42.1771218],[114.4895294,42.1772333],[114.4891257,42.1773748],[114.4887426,42.1775449],[114.4883839,42.1777421],[114.488053,42.1779643],[114.487753,42.1782095],[114.487487,42.1784754],[114.4872574,42.1787592],[114.4870664,42.1790584],[114.486916,42.17937],[114.4868074,42.1796911],[114.4867419,42.1800184],[114.48672,42.180349],[114.4867419,42.1806796],[114.4868074,42.1810069],[114.486916,42.181328],[114.4870664,42.1816396],[114.4872574,42.1819388],[114.487487,42.1822226],[114.487753,42.1824885],[114.488053,42.1827337],[114.4883839,42.1829559],[114.4887426,42.1831531],[114.4891257,42.1833232],[114.4895294,42.1834647],[114.4899499,42.1835762],[114.4903831,42.1836567],[114.4908249,42.1837052],[114.491271,42.1837215]]]},"properties":{"name":"1469无名峰","peak_elev":1469,"radius_m":375,"layer":"ATS峰值响应半径","rank_pct":0.8165,"center_lon":114.491271,"center_lat":42.180349,"max_mean_jut":11.0873,"max_ats":6.5927,"r_jmean_peak":375,"r_ats_peak":375,"r_ats_marginal":187.5,"ats_marginal_rate_max":0.020323445006198926,"ats_marginal_interval_start":125.0,"ats_marginal_interval_end":250.0,"is_expanded":false}},{"type":"Feature","geometry":{"type":"Polygon","coordinates":[[[114.453677,42.3022998],[114.4541239,42.3022835],[114.4545665,42.302235],[114.4550006,42.3021545],[114.4554219,42.3020431],[114.4558264,42.3019015],[114.4562102,42.3017314],[114.4565696,42.3015343],[114.4569011,42.301312],[114.4572016,42.3010668],[114.4574681,42.3008009],[114.4576982,42.3005171],[114.4578895,42.3002179],[114.4580402,42.2999063],[114.458149,42.2995852],[114.4582146,42.2992579],[114.4582366,42.2989273],[114.4582146,42.2985967],[114.458149,42.2982694],[114.4580402,42.2979483],[114.4578895,42.2976367],[114.4576982,42.2973375],[114.4574681,42.2970537],[114.4572016,42.2967878],[114.4569011,42.2965426],[114.4565696,42.2963204],[114.4562102,42.2961232],[114.4558264,42.2959531],[114.4554219,42.2958116],[114.4550006,42.2957001],[114.4545665,42.2956197],[114.4541239,42.2955711],[114.453677,42.2955549],[114.4532301,42.2955711],[114.4527875,42.2956197],[114.4523534,42.2957001],[114.4519321,42.2958116],[114.4515276,42.2959531],[114.4511438,42.2961232],[114.4507844,42.2963204],[114.4504529,42.2965426],[114.4501524,42.2967878],[114.4498859,42.2970537],[114.4496558,42.2973375],[114.4494645,42.2976367],[114.4493138,42.2979483],[114.449205,42.2982694],[114.4491394,42.2985967],[114.4491174,42.2989273],[114.4491394,42.2992579],[114.449205,42.2995852],[114.4493138,42.2999063],[114.4494645,42.3002179],[114.4496558,42.3005171],[114.4498859,42.3008009],[114.4501524,42.3010668],[114.4504529,42.301312],[114.4507844,42.3015343],[114.4511438,42.3017314],[114.4515276,42.3019015],[114.4519321,42.3020431],[114.4523534,42.3021545],[114.4527875,42.302235],[114.4532301,42.3022835],[114.453677,42.3022998]]]},"properties":{"name":"1478无名峰(2)","peak_elev":1478,"radius_m":375,"layer":"ATS峰值响应半径","rank_pct":0.8165,"center_lon":114.453677,"center_lat":42.298927307128906,"max_mean_jut":9.2072,"max_ats":5.4974,"r_jmean_peak":375,"r_ats_peak":375,"r_ats_marginal":187.5,"ats_marginal_rate_max":0.01640479048811443,"ats_marginal_interval_start":125.0,"ats_marginal_interval_end":250.0,"is_expanded":false}},{"type":"Feature","geometry":{"type":"Polygon","coordinates":[[[114.459605,42.2793925],[114.4600518,42.2793763],[114.4604942,42.2793277],[114.4609281,42.2792473],[114.4613492,42.2791358],[114.4617536,42.2789943],[114.4621372,42.2788241],[114.4624965,42.278627],[114.4628279,42.2784047],[114.4631283,42.2781595],[114.4633948,42.2778937],[114.4636247,42.2776098],[114.463816,42.2773106],[114.4639666,42.276999],[114.4640753,42.276678],[114.464141,42.2763506],[114.4641629,42.2760201],[114.464141,42.2756895],[114.4640753,42.2753621],[114.4639666,42.2750411],[114.463816,42.2747295],[114.4636247,42.2744303],[114.4633948,42.2741464],[114.4631283,42.2738806],[114.4628279,42.2736354],[114.4624965,42.2734131],[114.4621372,42.273216],[114.4617536,42.2730458],[114.4613492,42.2729043],[114.4609281,42.2727928],[114.4604942,42.2727124],[114.4600518,42.2726638],[114.459605,42.2726476],[114.4591582,42.2726638],[114.4587158,42.2727124],[114.4582819,42.2727928],[114.4578608,42.2729043],[114.4574564,42.2730458],[114.4570728,42.273216],[114.4567135,42.2734131],[114.4563821,42.2736354],[114.4560817,42.2738806],[114.4558152,42.2741464],[114.4555853,42.2744303],[114.455394,42.2747295],[114.4552434,42.2750411],[114.4551347,42.2753621],[114.455069,42.2756895],[114.4550471,42.2760201],[114.455069,42.2763506],[114.4551347,42.276678],[114.4552434,42.276999],[114.455394,42.2773106],[114.4555853,42.2776098],[114.4558152,42.2778937],[114.4560817,42.2781595],[114.4563821,42.2784047],[114.4567135,42.278627],[114.4570728,42.2788241],[114.4574564,42.2789943],[114.4578608,42.2791358],[114.4582819,42.2792473],[114.4587158,42.2793277],[114.4591582,42.2793763],[114.459605,42.2793925]]]},"properties":{"name":"1484无名峰","peak_elev":1484,"radius_m":375,"layer":"ATS峰值响应半径","rank_pct":0.8165,"center_lon":114.459605,"center_lat":42.27602005004883,"max_mean_jut":10.0853,"max_ats":6.3441,"r_jmean_peak":250,"r_ats_peak":375,"r_ats_marginal":187.5,"ats_marginal_rate_max":0.016488813940527376,"ats_marginal_interval_start":125.0,"ats_marginal_interval_end":250.0,"is_expanded":false}},{"type":"Feature","geometry":{"type":"Polygon","coordinates":[[[113.350096,42.1451845],[113.3505418,42.1451682],[113.3509833,42.1451197],[113.3514163,42.1450392],[113.3518365,42.1449277],[113.35224,42.1447862],[113.3526229,42.1446161],[113.3529814,42.1444189],[113.3533121,42.1441967],[113.3536118,42.1439515],[113.3538777,42.1436856],[113.3541072,42.1434018],[113.354298,42.1431026],[113.3544484,42.142791],[113.3545568,42.1424699],[113.3546223,42.1421426],[113.3546442,42.141812],[113.3546223,42.1414814],[113.3545568,42.1411541],[113.3544484,42.140833],[113.354298,42.1405214],[113.3541072,42.1402222],[113.3538777,42.1399384],[113.3536118,42.1396725],[113.3533121,42.1394273],[113.3529814,42.1392051],[113.3526229,42.1390079],[113.35224,42.1388378],[113.3518365,42.1386963],[113.3514163,42.1385848],[113.3509833,42.1385043],[113.3505418,42.1384558],[113.350096,42.1384395],[113.3496502,42.1384558],[113.3492087,42.1385043],[113.3487757,42.1385848],[113.3483555,42.1386963],[113.347952,42.1388378],[113.3475691,42.1390079],[113.3472106,42.1392051],[113.3468799,42.1394273],[113.3465802,42.1396725],[113.3463143,42.1399384],[113.3460848,42.1402222],[113.345894,42.1405214],[113.3457436,42.140833],[113.3456352,42.1411541],[113.3455697,42.1414814],[113.3455478,42.141812],[113.3455697,42.1421426],[113.3456352,42.1424699],[113.3457436,42.142791],[113.345894,42.1431026],[113.3460848,42.1434018],[113.3463143,42.1436856],[113.3465802,42.1439515],[113.3468799,42.1441967],[113.3472106,42.1444189],[113.3475691,42.1446161],[113.347952,42.1447862],[113.3483555,42.1449277],[113.3487757,42.1450392],[113.3492087,42.1451197],[113.3496502,42.1451682],[113.350096,42.1451845]]]},"properties":{"name":"1491无名峰(1)","peak_elev":1491,"radius_m":375,"layer":"ATS峰值响应半径","rank_pct":0.8165,"center_lon":113.350096,"center_lat":42.141812,"max_mean_jut":12.575,"max_ats":7.6785,"r_jmean_peak":375,"r_ats_peak":375,"r_ats_marginal":187.5,"ats_marginal_rate_max":0.02784364362182186,"ats_marginal_interval_start":125.0,"ats_marginal_interval_end":250.0,"is_expanded":false}},{"type":"Feature","geometry":{"type":"Polygon","coordinates":[[[113.782231,42.1554245],[113.7826769,42.1554082],[113.7831185,42.1553597],[113.7835515,42.1552792],[113.7839718,42.1551677],[113.7843754,42.1550262],[113.7847583,42.1548561],[113.7851168,42.1546589],[113.7854476,42.1544367],[113.7857474,42.1541915],[113.7860133,42.1539256],[113.7862428,42.1536418],[113.7864337,42.1533426],[113.7865841,42.153031],[113.7866926,42.1527099],[113.7867581,42.1523826],[113.78678,42.152052],[113.7867581,42.1517214],[113.7866926,42.1513941],[113.7865841,42.151073],[113.7864337,42.1507614],[113.7862428,42.1504622],[113.7860133,42.1501784],[113.7857474,42.1499125],[113.7854476,42.1496673],[113.7851168,42.1494451],[113.7847583,42.1492479],[113.7843754,42.1490778],[113.7839718,42.1489363],[113.7835515,42.1488248],[113.7831185,42.1487443],[113.7826769,42.1486958],[113.782231,42.1486795],[113.7817851,42.1486958],[113.7813435,42.1487443],[113.7809105,42.1488248],[113.7804902,42.1489363],[113.7800866,42.1490778],[113.7797037,42.1492479],[113.7793452,42.1494451],[113.7790144,42.1496673],[113.7787146,42.1499125],[113.7784487,42.1501784],[113.7782192,42.1504622],[113.7780283,42.1507614],[113.7778779,42.151073],[113.7777694,42.1513941],[113.7777039,42.1517214],[113.777682,42.152052],[113.7777039,42.1523826],[113.7777694,42.1527099],[113.7778779,42.153031],[113.7780283,42.1533426],[113.7782192,42.1536418],[113.7784487,42.1539256],[113.7787146,42.1541915],[113.7790144,42.1544367],[113.7793452,42.1546589],[113.7797037,42.1548561],[113.7800866,42.1550262],[113.7804902,42.1551677],[113.7809105,42.1552792],[113.7813435,42.1553597],[113.7817851,42.1554082],[113.782231,42.1554245]]]},"properties":{"name":"1494无名峰","peak_elev":1494,"radius_m":375,"layer":"ATS峰值响应半径","rank_pct":0.8165,"center_lon":113.782231,"center_lat":42.152052,"max_mean_jut":5.6082,"max_ats":2.8963,"r_jmean_peak":null,"r_ats_peak":375,"r_ats_marginal":187.5,"ats_marginal_rate_max":0.00309575291484812,"ats_marginal_interval_start":125.0,"ats_marginal_interval_end":250.0,"is_expanded":false}},{"type":"Feature","geometry":{"type":"Polygon","coordinates":[[[114.475236,42.3109235],[114.475683,42.3109072],[114.4761256,42.3108587],[114.4765598,42.3107782],[114.4769811,42.3106667],[114.4773857,42.3105252],[114.4777695,42.3103551],[114.478129,42.3101579],[114.4784605,42.3099357],[114.4787611,42.3096905],[114.4790277,42.3094246],[114.4792577,42.3091408],[114.4794491,42.3088416],[114.4795998,42.30853],[114.4797086,42.3082089],[114.4797742,42.3078816],[114.4797962,42.307551],[114.4797742,42.3072204],[114.4797086,42.3068931],[114.4795998,42.306572],[114.4794491,42.3062604],[114.4792577,42.3059612],[114.4790277,42.3056774],[114.4787611,42.3054115],[114.4784605,42.3051663],[114.478129,42.3049441],[114.4777695,42.3047469],[114.4773857,42.3045768],[114.4769811,42.3044353],[114.4765598,42.3043238],[114.4761256,42.3042433],[114.475683,42.3041948],[114.475236,42.3041785],[114.474789,42.3041948],[114.4743464,42.3042433],[114.4739122,42.3043238],[114.4734909,42.3044353],[114.4730863,42.3045768],[114.4727025,42.3047469],[114.472343,42.3049441],[114.4720115,42.3051663],[114.4717109,42.3054115],[114.4714443,42.3056774],[114.4712143,42.3059612],[114.4710229,42.3062604],[114.4708722,42.306572],[114.4707634,42.3068931],[114.4706978,42.3072204],[114.4706758,42.307551],[114.4706978,42.3078816],[114.4707634,42.3082089],[114.4708722,42.30853],[114.4710229,42.3088416],[114.4712143,42.3091408],[114.4714443,42.3094246],[114.4717109,42.3096905],[114.4720115,42.3099357],[114.472343,42.3101579],[114.4727025,42.3103551],[114.4730863,42.3105252],[114.4734909,42.3106667],[114.4739122,42.3107782],[114.4743464,42.3108587],[114.474789,42.3109072],[114.475236,42.3109235]]]},"properties":{"name":"1506无名峰(3)","peak_elev":1506,"radius_m":375,"layer":"ATS峰值响应半径","rank_pct":0.8165,"center_lon":114.475236,"center_lat":42.307551,"max_mean_jut":12.7318,"max_ats":6.3705,"r_jmean_peak":250,"r_ats_peak":375,"r_ats_marginal":187.5,"ats_marginal_rate_max":0.022501528839814277,"ats_marginal_interval_start":125.0,"ats_marginal_interval_end":250.0,"is_expanded":false}},{"type":"Feature","geometry":{"type":"Polygon","coordinates":[[[114.486285,42.2201035],[114.4867313,42.2200872],[114.4871734,42.2200387],[114.4876068,42.2199582],[114.4880276,42.2198467],[114.4884316,42.2197052],[114.4888149,42.2195351],[114.4891738,42.2193379],[114.4895049,42.2191157],[114.489805,42.2188705],[114.4900712,42.2186046],[114.4903009,42.2183208],[114.490492,42.2180216],[114.4906426,42.21771],[114.4907511,42.2173889],[114.4908167,42.2170616],[114.4908386,42.216731],[114.4908167,42.2164004],[114.4907511,42.2160731],[114.4906426,42.215752],[114.490492,42.2154404],[114.4903009,42.2151412],[114.4900712,42.2148574],[114.489805,42.2145915],[114.4895049,42.2143463],[114.4891738,42.2141241],[114.4888149,42.2139269],[114.4884316,42.2137568],[114.4880276,42.2136153],[114.4876068,42.2135038],[114.4871734,42.2134233],[114.4867313,42.2133748],[114.486285,42.2133585],[114.4858387,42.2133748],[114.4853966,42.2134233],[114.4849632,42.2135038],[114.4845424,42.2136153],[114.4841384,42.2137568],[114.4837551,42.2139269],[114.4833962,42.2141241],[114.4830651,42.2143463],[114.482765,42.2145915],[114.4824988,42.2148574],[114.4822691,42.2151412],[114.482078,42.2154404],[114.4819274,42.215752],[114.4818189,42.2160731],[114.4817533,42.2164004],[114.4817314,42.216731],[114.4817533,42.2170616],[114.4818189,42.2173889],[114.4819274,42.21771],[114.482078,42.2180216],[114.4822691,42.2183208],[114.4824988,42.2186046],[114.482765,42.2188705],[114.4830651,42.2191157],[114.4833962,42.2193379],[114.4837551,42.2195351],[114.4841384,42.2197052],[114.4845424,42.2198467],[114.4849632,42.2199582],[114.4853966,42.2200387],[114.4858387,42.2200872],[114.486285,42.2201035]]]},"properties":{"name":"1513无名峰(2)","peak_elev":1513,"radius_m":375,"layer":"ATS峰值响应半径","rank_pct":0.8165,"center_lon":114.486285,"center_lat":42.216731,"max_mean_jut":12.6708,"max_ats":7.8805,"r_jmean_peak":375,"r_ats_peak":375,"r_ats_marginal":187.5,"ats_marginal_rate_max":0.027262372149098782,"ats_marginal_interval_start":125.0,"ats_marginal_interval_end":250.0,"is_expanded":false}},{"type":"Feature","geometry":{"type":"Polygon","coordinates":[[[113.762962,41.6932415],[113.7634047,41.6932252],[113.7638431,41.6931767],[113.764273,41.6930962],[113.7646903,41.6929847],[113.7650909,41.6928432],[113.765471,41.6926731],[113.765827,41.6924759],[113.7661554,41.6922537],[113.766453,41.6920085],[113.766717,41.6917426],[113.7669449,41.6914588],[113.7671344,41.6911596],[113.7672837,41.690848],[113.7673914,41.6905269],[113.7674564,41.6901996],[113.7674781,41.689869],[113.7674564,41.6895384],[113.7673914,41.6892111],[113.7672837,41.68889],[113.7671344,41.6885784],[113.7669449,41.6882792],[113.766717,41.6879954],[113.766453,41.6877295],[113.7661554,41.6874843],[113.765827,41.6872621],[113.765471,41.6870649],[113.7650909,41.6868948],[113.7646903,41.6867533],[113.764273,41.6866418],[113.7638431,41.6865613],[113.7634047,41.6865128],[113.762962,41.6864965],[113.7625193,41.6865128],[113.7620809,41.6865613],[113.761651,41.6866418],[113.7612337,41.6867533],[113.7608331,41.6868948],[113.760453,41.6870649],[113.760097,41.6872621],[113.7597686,41.6874843],[113.759471,41.6877295],[113.759207,41.6879954],[113.7589791,41.6882792],[113.7587896,41.6885784],[113.7586403,41.68889],[113.7585326,41.6892111],[113.7584676,41.6895384],[113.7584459,41.689869],[113.7584676,41.6901996],[113.7585326,41.6905269],[113.7586403,41.690848],[113.7587896,41.6911596],[113.7589791,41.6914588],[113.759207,41.6917426],[113.759471,41.6920085],[113.7597686,41.6922537],[113.760097,41.6924759],[113.760453,41.6926731],[113.7608331,41.6928432],[113.7612337,41.6929847],[113.761651,41.6930962],[113.7620809,41.6931767],[113.7625193,41.6932252],[113.762962,41.6932415]]]},"properties":{"name":"1519无名峰(2)","peak_elev":1519,"radius_m":375,"layer":"ATS峰值响应半径","rank_pct":0.8165,"center_lon":113.762962,"center_lat":41.689869,"max_mean_jut":7.3834,"max_ats":4.8954,"r_jmean_peak":null,"r_ats_peak":375,"r_ats_marginal":187.5,"ats_marginal_rate_max":0.018833748603165255,"ats_marginal_interval_start":125.0,"ats_marginal_interval_end":250.0,"is_expanded":false}},{"type":"Feature","geometry":{"type":"Polygon","coordinates":[[[114.421607,42.2475915],[114.4220535,42.2475752],[114.4224958,42.2475267],[114.4229294,42.2474462],[114.4233504,42.2473347],[114.4237545,42.2471932],[114.424138,42.2470231],[114.4244971,42.2468259],[114.4248283,42.2466037],[114.4251285,42.2463585],[114.4253949,42.2460926],[114.4256247,42.2458088],[114.4258158,42.2455096],[114.4259664,42.245198],[114.4260751,42.2448769],[114.4261407,42.2445496],[114.4261626,42.244219],[114.4261407,42.2438884],[114.4260751,42.2435611],[114.4259664,42.24324],[114.4258158,42.2429284],[114.4256247,42.2426292],[114.4253949,42.2423454],[114.4251285,42.2420795],[114.4248283,42.2418343],[114.4244971,42.2416121],[114.424138,42.2414149],[114.4237545,42.2412448],[114.4233504,42.2411033],[114.4229294,42.2409918],[114.4224958,42.2409113],[114.4220535,42.2408628],[114.421607,42.2408465],[114.4211605,42.2408628],[114.4207182,42.2409113],[114.4202846,42.2409918],[114.4198636,42.2411033],[114.4194595,42.2412448],[114.419076,42.2414149],[114.4187169,42.2416121],[114.4183857,42.2418343],[114.4180855,42.2420795],[114.4178191,42.2423454],[114.4175893,42.2426292],[114.4173982,42.2429284],[114.4172476,42.24324],[114.4171389,42.2435611],[114.4170733,42.2438884],[114.4170514,42.244219],[114.4170733,42.2445496],[114.4171389,42.2448769],[114.4172476,42.245198],[114.4173982,42.2455096],[114.4175893,42.2458088],[114.4178191,42.2460926],[114.4180855,42.2463585],[114.4183857,42.2466037],[114.4187169,42.2468259],[114.419076,42.2470231],[114.4194595,42.2471932],[114.4198636,42.2473347],[114.4202846,42.2474462],[114.4207182,42.2475267],[114.4211605,42.2475752],[114.421607,42.2475915]]]},"properties":{"name":"1524无名峰(2)","peak_elev":1524,"radius_m":375,"layer":"ATS峰值响应半径","rank_pct":0.8165,"center_lon":114.421607,"center_lat":42.244219,"max_mean_jut":7.9404,"max_ats":4.7009,"r_jmean_peak":375,"r_ats_peak":375,"r_ats_marginal":187.5,"ats_marginal_rate_max":0.016374501014684316,"ats_marginal_interval_start":125.0,"ats_marginal_interval_end":250.0,"is_expanded":false}},{"type":"Feature","geometry":{"type":"Polygon","coordinates":[[[114.426727,42.2723855],[114.4271737,42.2723692],[114.4276161,42.2723207],[114.4280499,42.2722402],[114.428471,42.2721287],[114.4288753,42.2719872],[114.429259,42.2718171],[114.4296182,42.2716199],[114.4299496,42.2713977],[114.4302499,42.2711525],[114.4305163,42.2708866],[114.4307463,42.2706028],[114.4309375,42.2703036],[114.4310882,42.269992],[114.4311968,42.2696709],[114.4312625,42.2693436],[114.4312844,42.269013],[114.4312625,42.2686824],[114.4311968,42.2683551],[114.4310882,42.268034],[114.4309375,42.2677224],[114.4307463,42.2674232],[114.4305163,42.2671394],[114.4302499,42.2668735],[114.4299496,42.2666283],[114.4296182,42.2664061],[114.429259,42.2662089],[114.4288753,42.2660388],[114.428471,42.2658973],[114.4280499,42.2657858],[114.4276161,42.2657053],[114.4271737,42.2656568],[114.426727,42.2656405],[114.4262803,42.2656568],[114.4258379,42.2657053],[114.4254041,42.2657858],[114.424983,42.2658973],[114.4245787,42.2660388],[114.424195,42.2662089],[114.4238358,42.2664061],[114.4235044,42.2666283],[114.4232041,42.2668735],[114.4229377,42.2671394],[114.4227077,42.2674232],[114.4225165,42.2677224],[114.4223658,42.268034],[114.4222572,42.2683551],[114.4221915,42.2686824],[114.4221696,42.269013],[114.4221915,42.2693436],[114.4222572,42.2696709],[114.4223658,42.269992],[114.4225165,42.2703036],[114.4227077,42.2706028],[114.4229377,42.2708866],[114.4232041,42.2711525],[114.4235044,42.2713977],[114.4238358,42.2716199],[114.424195,42.2718171],[114.4245787,42.2719872],[114.424983,42.2721287],[114.4254041,42.2722402],[114.4258379,42.2723207],[114.4262803,42.2723692],[114.426727,42.2723855]]]},"properties":{"name":"1534无名峰","peak_elev":1534,"radius_m":375,"layer":"ATS峰值响应半径","rank_pct":0.8165,"center_lon":114.426727,"center_lat":42.269013,"max_mean_jut":7.7897,"max_ats":4.1994,"r_jmean_peak":375,"r_ats_peak":375,"r_ats_marginal":312.5,"ats_marginal_rate_max":0.008152818476944485,"ats_marginal_interval_start":250.0,"ats_marginal_interval_end":375.0,"is_expanded":false}},{"type":"Feature","geometry":{"type":"Polygon","coordinates":[[[113.949991,42.1158095],[113.9504366,42.1157932],[113.9508779,42.1157447],[113.9513107,42.1156642],[113.9517307,42.1155527],[113.952134,42.1154112],[113.9525167,42.1152411],[113.952875,42.1150439],[113.9532056,42.1148217],[113.9535052,42.1145765],[113.953771,42.1143106],[113.9540003,42.1140268],[113.9541911,42.1137276],[113.9543414,42.113416],[113.9544498,42.1130949],[113.9545152,42.1127676],[113.9545371,42.112437],[113.9545152,42.1121064],[113.9544498,42.1117791],[113.9543414,42.111458],[113.9541911,42.1111464],[113.9540003,42.1108472],[113.953771,42.1105634],[113.9535052,42.1102975],[113.9532056,42.1100523],[113.952875,42.1098301],[113.9525167,42.1096329],[113.952134,42.1094628],[113.9517307,42.1093213],[113.9513107,42.1092098],[113.9508779,42.1091293],[113.9504366,42.1090808],[113.949991,42.1090645],[113.9495454,42.1090808],[113.9491041,42.1091293],[113.9486713,42.1092098],[113.9482513,42.1093213],[113.947848,42.1094628],[113.9474653,42.1096329],[113.947107,42.1098301],[113.9467764,42.1100523],[113.9464768,42.1102975],[113.946211,42.1105634],[113.9459817,42.1108472],[113.9457909,42.1111464],[113.9456406,42.111458],[113.9455322,42.1117791],[113.9454668,42.1121064],[113.9454449,42.112437],[113.9454668,42.1127676],[113.9455322,42.1130949],[113.9456406,42.113416],[113.9457909,42.1137276],[113.9459817,42.1140268],[113.946211,42.1143106],[113.9464768,42.1145765],[113.9467764,42.1148217],[113.947107,42.1150439],[113.9474653,42.1152411],[113.947848,42.1154112],[113.9482513,42.1155527],[113.9486713,42.1156642],[113.9491041,42.1157447],[113.9495454,42.1157932],[113.949991,42.1158095]]]},"properties":{"name":"1538无名峰(4)","peak_elev":1538,"radius_m":375,"layer":"ATS峰值响应半径","rank_pct":0.8165,"center_lon":113.949991,"center_lat":42.112437,"max_mean_jut":17.6496,"max_ats":10.8205,"r_jmean_peak":375,"r_ats_peak":375,"r_ats_marginal":187.5,"ats_marginal_rate_max":0.04509381174518586,"ats_marginal_interval_start":125.0,"ats_marginal_interval_end":250.0,"is_expanded":false}},{"type":"Feature","geometry":{"type":"Polygon","coordinates":[[[113.752991,41.6584765],[113.7534334,41.6584602],[113.7538716,41.6584117],[113.7543013,41.6583312],[113.7547183,41.6582197],[113.7551187,41.6580782],[113.7554987,41.6579081],[113.7558545,41.6577109],[113.7561827,41.6574887],[113.7564801,41.6572435],[113.756744,41.6569776],[113.7569717,41.6566938],[113.7571611,41.6563946],[113.7573103,41.656083],[113.757418,41.6557619],[113.757483,41.6554346],[113.7575047,41.655104],[113.757483,41.6547734],[113.757418,41.6544461],[113.7573103,41.654125],[113.7571611,41.6538134],[113.7569717,41.6535142],[113.756744,41.6532304],[113.7564801,41.6529645],[113.7561827,41.6527193],[113.7558545,41.6524971],[113.7554987,41.6522999],[113.7551187,41.6521298],[113.7547183,41.6519883],[113.7543013,41.6518768],[113.7538716,41.6517963],[113.7534334,41.6517478],[113.752991,41.6517315],[113.7525486,41.6517478],[113.7521104,41.6517963],[113.7516807,41.6518768],[113.7512637,41.6519883],[113.7508633,41.6521298],[113.7504833,41.6522999],[113.7501275,41.6524971],[113.7497993,41.6527193],[113.7495019,41.6529645],[113.749238,41.6532304],[113.7490103,41.6535142],[113.7488209,41.6538134],[113.7486717,41.654125],[113.748564,41.6544461],[113.748499,41.6547734],[113.7484773,41.655104],[113.748499,41.6554346],[113.748564,41.6557619],[113.7486717,41.656083],[113.7488209,41.6563946],[113.7490103,41.6566938],[113.749238,41.6569776],[113.7495019,41.6572435],[113.7497993,41.6574887],[113.7501275,41.6577109],[113.7504833,41.6579081],[113.7508633,41.6580782],[113.7512637,41.6582197],[113.7516807,41.6583312],[113.7521104,41.6584117],[113.7525486,41.6584602],[113.752991,41.6584765]]]},"properties":{"name":"1549无名峰(1)","peak_elev":1549,"radius_m":375,"layer":"ATS峰值响应半径","rank_pct":0.8165,"center_lon":113.752991,"center_lat":41.655104,"max_mean_jut":12.9312,"max_ats":8.0585,"r_jmean_peak":375,"r_ats_peak":375,"r_ats_marginal":187.5,"ats_marginal_rate_max":0.01959974390168407,"ats_marginal_interval_start":125.0,"ats_marginal_interval_end":250.0,"is_expanded":false}},{"type":"Feature","geometry":{"type":"Polygon","coordinates":[[[113.973437,42.0249895],[113.973882,42.0249732],[113.9743226,42.0249247],[113.9747548,42.0248442],[113.9751742,42.0247327],[113.975577,42.0245912],[113.9759591,42.0244211],[113.9763169,42.0242239],[113.976647,42.0240017],[113.9769462,42.0237565],[113.9772116,42.0234906],[113.9774406,42.0232068],[113.9776311,42.0229076],[113.9777812,42.022596],[113.9778894,42.0222749],[113.9779548,42.0219476],[113.9779766,42.021617],[113.9779548,42.0212864],[113.9778894,42.0209591],[113.9777812,42.020638],[113.9776311,42.0203264],[113.9774406,42.0200272],[113.9772116,42.0197434],[113.9769462,42.0194775],[113.976647,42.0192323],[113.9763169,42.0190101],[113.9759591,42.0188129],[113.975577,42.0186428],[113.9751742,42.0185013],[113.9747548,42.0183898],[113.9743226,42.0183093],[113.973882,42.0182608],[113.973437,42.0182445],[113.972992,42.0182608],[113.9725514,42.0183093],[113.9721192,42.0183898],[113.9716998,42.0185013],[113.971297,42.0186428],[113.9709149,42.0188129],[113.9705571,42.0190101],[113.970227,42.0192323],[113.9699278,42.0194775],[113.9696624,42.0197434],[113.9694334,42.0200272],[113.9692429,42.0203264],[113.9690928,42.020638],[113.9689846,42.0209591],[113.9689192,42.0212864],[113.9688974,42.021617],[113.9689192,42.0219476],[113.9689846,42.0222749],[113.9690928,42.022596],[113.9692429,42.0229076],[113.9694334,42.0232068],[113.9696624,42.0234906],[113.9699278,42.0237565],[113.970227,42.0240017],[113.9705571,42.0242239],[113.9709149,42.0244211],[113.971297,42.0245912],[113.9716998,42.0247327],[113.9721192,42.0248442],[113.9725514,42.0249247],[113.972992,42.0249732],[113.973437,42.0249895]]]},"properties":{"name":"胡勒包1552","peak_elev":1552,"radius_m":375,"layer":"ATS峰值响应半径","rank_pct":0.8165,"center_lon":113.973437,"center_lat":42.021617,"max_mean_jut":9.1576,"max_ats":5.4082,"r_jmean_peak":375,"r_ats_peak":375,"r_ats_marginal":187.5,"ats_marginal_rate_max":0.014555567004528026,"ats_marginal_interval_start":125.0,"ats_marginal_interval_end":250.0,"is_expanded":false}},{"type":"Feature","geometry":{"type":"Polygon","coordinates":[[[113.795571,41.6908165],[113.7960136,41.6908002],[113.796452,41.6907517],[113.7968819,41.6906712],[113.7972992,41.6905597],[113.7976998,41.6904182],[113.7980799,41.6902481],[113.7984359,41.6900509],[113.7987643,41.6898287],[113.7990619,41.6895835],[113.7993259,41.6893176],[113.7995537,41.6890338],[113.7997432,41.6887346],[113.7998925,41.688423],[113.8000002,41.6881019],[113.8000652,41.6877746],[113.800087,41.687444],[113.8000652,41.6871134],[113.8000002,41.6867861],[113.7998925,41.686465],[113.7997432,41.6861534],[113.7995537,41.6858542],[113.7993259,41.6855704],[113.7990619,41.6853045],[113.7987643,41.6850593],[113.7984359,41.6848371],[113.7980799,41.6846399],[113.7976998,41.6844698],[113.7972992,41.6843283],[113.7968819,41.6842168],[113.796452,41.6841363],[113.7960136,41.6840878],[113.795571,41.6840715],[113.7951284,41.6840878],[113.79469,41.6841363],[113.7942601,41.6842168],[113.7938428,41.6843283],[113.7934422,41.6844698],[113.7930621,41.6846399],[113.7927061,41.6848371],[113.7923777,41.6850593],[113.7920801,41.6853045],[113.7918161,41.6855704],[113.7915883,41.6858542],[113.7913988,41.6861534],[113.7912495,41.686465],[113.7911418,41.6867861],[113.7910768,41.6871134],[113.791055,41.687444],[113.7910768,41.6877746],[113.7911418,41.6881019],[113.7912495,41.688423],[113.7913988,41.6887346],[113.7915883,41.6890338],[113.7918161,41.6893176],[113.7920801,41.6895835],[113.7923777,41.6898287],[113.7927061,41.6900509],[113.7930621,41.6902481],[113.7934422,41.6904182],[113.7938428,41.6905597],[113.7942601,41.6906712],[113.79469,41.6907517],[113.7951284,41.6908002],[113.795571,41.6908165]]]},"properties":{"name":"1553无名峰(1)","peak_elev":1553,"radius_m":375,"layer":"ATS峰值响应半径","rank_pct":0.8165,"center_lon":113.795571,"center_lat":41.687444,"max_mean_jut":16.3655,"max_ats":9.5814,"r_jmean_peak":375,"r_ats_peak":375,"r_ats_marginal":187.5,"ats_marginal_rate_max":0.030875127449317325,"ats_marginal_interval_start":125.0,"ats_marginal_interval_end":250.0,"is_expanded":false}},{"type":"Feature","geometry":{"type":"Polygon","coordinates":[[[113.233809,41.4644405],[113.2342501,41.4644242],[113.2346869,41.4643757],[113.2351153,41.4642952],[113.2355311,41.4641837],[113.2359304,41.4640422],[113.2363092,41.4638721],[113.2366639,41.4636749],[113.2369911,41.4634527],[113.2372877,41.4632075],[113.2375508,41.4629416],[113.2377778,41.4626578],[113.2379666,41.4623586],[113.2381154,41.462047],[113.2382227,41.4617259],[113.2382875,41.4613986],[113.2383092,41.461068],[113.2382875,41.4607374],[113.2382227,41.4604101],[113.2381154,41.460089],[113.2379666,41.4597774],[113.2377778,41.4594782],[113.2375508,41.4591944],[113.2372877,41.4589285],[113.2369911,41.4586833],[113.2366639,41.4584611],[113.2363092,41.4582639],[113.2359304,41.4580938],[113.2355311,41.4579523],[113.2351153,41.4578408],[113.2346869,41.4577603],[113.2342501,41.4577118],[113.233809,41.4576955],[113.2333679,41.4577118],[113.2329311,41.4577603],[113.2325027,41.4578408],[113.2320869,41.4579523],[113.2316876,41.4580938],[113.2313088,41.4582639],[113.2309541,41.4584611],[113.2306269,41.4586833],[113.2303303,41.4589285],[113.2300672,41.4591944],[113.2298402,41.4594782],[113.2296514,41.4597774],[113.2295026,41.460089],[113.2293953,41.4604101],[113.2293305,41.4607374],[113.2293088,41.461068],[113.2293305,41.4613986],[113.2293953,41.4617259],[113.2295026,41.462047],[113.2296514,41.4623586],[113.2298402,41.4626578],[113.2300672,41.4629416],[113.2303303,41.4632075],[113.2306269,41.4634527],[113.2309541,41.4636749],[113.2313088,41.4638721],[113.2316876,41.4640422],[113.2320869,41.4641837],[113.2325027,41.4642952],[113.2329311,41.4643757],[113.2333679,41.4644242],[113.233809,41.4644405]]]},"properties":{"name":"1562无名峰(1)","peak_elev":1562,"radius_m":375,"layer":"ATS峰值响应半径","rank_pct":0.8165,"center_lon":113.233809,"center_lat":41.461068,"max_mean_jut":11.3269,"max_ats":6.1627,"r_jmean_peak":375,"r_ats_peak":375,"r_ats_marginal":187.5,"ats_marginal_rate_max":0.024125052730992635,"ats_marginal_interval_start":125.0,"ats_marginal_interval_end":250.0,"is_expanded":false}},{"type":"Feature","geometry":{"type":"Polygon","coordinates":[[[113.160372,41.3345445],[113.1608122,41.3345282],[113.1612482,41.3344797],[113.1616757,41.3343992],[113.1620907,41.3342877],[113.1624891,41.3341462],[113.1628672,41.3339761],[113.1632212,41.3337789],[113.1635478,41.3335567],[113.1638437,41.3333115],[113.1641063,41.3330456],[113.1643329,41.3327618],[113.1645213,41.3324626],[113.1646698,41.332151],[113.1647769,41.3318299],[113.1648416,41.3315026],[113.1648632,41.331172],[113.1648416,41.3308414],[113.1647769,41.3305141],[113.1646698,41.330193],[113.1645213,41.3298814],[113.1643329,41.3295822],[113.1641063,41.3292984],[113.1638437,41.3290325],[113.1635478,41.3287873],[113.1632212,41.3285651],[113.1628672,41.3283679],[113.1624891,41.3281978],[113.1620907,41.3280563],[113.1616757,41.3279448],[113.1612482,41.3278643],[113.1608122,41.3278158],[113.160372,41.3277995],[113.1599318,41.3278158],[113.1594958,41.3278643],[113.1590683,41.3279448],[113.1586533,41.3280563],[113.1582549,41.3281978],[113.1578768,41.3283679],[113.1575228,41.3285651],[113.1571962,41.3287873],[113.1569003,41.3290325],[113.1566377,41.3292984],[113.1564111,41.3295822],[113.1562227,41.3298814],[113.1560742,41.330193],[113.1559671,41.3305141],[113.1559024,41.3308414],[113.1558808,41.331172],[113.1559024,41.3315026],[113.1559671,41.3318299],[113.1560742,41.332151],[113.1562227,41.3324626],[113.1564111,41.3327618],[113.1566377,41.3330456],[113.1569003,41.3333115],[113.1571962,41.3335567],[113.1575228,41.3337789],[113.1578768,41.3339761],[113.1582549,41.3341462],[113.1586533,41.3342877],[113.1590683,41.3343992],[113.1594958,41.3344797],[113.1599318,41.3345282],[113.160372,41.3345445]]]},"properties":{"name":"1579无名峰(2)","peak_elev":1579,"radius_m":375,"layer":"ATS峰值响应半径","rank_pct":0.8165,"center_lon":113.160372,"center_lat":41.331172,"max_mean_jut":11.1678,"max_ats":6.2106,"r_jmean_peak":250,"r_ats_peak":375,"r_ats_marginal":187.5,"ats_marginal_rate_max":0.019718330334212355,"ats_marginal_interval_start":125.0,"ats_marginal_interval_end":250.0,"is_expanded":false}},{"type":"Feature","geometry":{"type":"Polygon","coordinates":[[[113.957268,42.0117845],[113.9577129,42.0117682],[113.9581535,42.0117197],[113.9585855,42.0116392],[113.9590049,42.0115277],[113.9594075,42.0113862],[113.9597896,42.0112161],[113.9601473,42.0110189],[113.9604773,42.0107967],[113.9607765,42.0105515],[113.9610418,42.0102856],[113.9612708,42.0100018],[113.9614612,42.0097026],[113.9616113,42.009391],[113.9617195,42.0090699],[113.9617848,42.0087426],[113.9618067,42.008412],[113.9617848,42.0080814],[113.9617195,42.0077541],[113.9616113,42.007433],[113.9614612,42.0071214],[113.9612708,42.0068222],[113.9610418,42.0065384],[113.9607765,42.0062725],[113.9604773,42.0060273],[113.9601473,42.0058051],[113.9597896,42.0056079],[113.9594075,42.0054378],[113.9590049,42.0052963],[113.9585855,42.0051848],[113.9581535,42.0051043],[113.9577129,42.0050558],[113.957268,42.0050395],[113.9568231,42.0050558],[113.9563825,42.0051043],[113.9559505,42.0051848],[113.9555311,42.0052963],[113.9551285,42.0054378],[113.9547464,42.0056079],[113.9543887,42.0058051],[113.9540587,42.0060273],[113.9537595,42.0062725],[113.9534942,42.0065384],[113.9532652,42.0068222],[113.9530748,42.0071214],[113.9529247,42.007433],[113.9528165,42.0077541],[113.9527512,42.0080814],[113.9527293,42.008412],[113.9527512,42.0087426],[113.9528165,42.0090699],[113.9529247,42.009391],[113.9530748,42.0097026],[113.9532652,42.0100018],[113.9534942,42.0102856],[113.9537595,42.0105515],[113.9540587,42.0107967],[113.9543887,42.0110189],[113.9547464,42.0112161],[113.9551285,42.0113862],[113.9555311,42.0115277],[113.9559505,42.0116392],[113.9563825,42.0117197],[113.9568231,42.0117682],[113.957268,42.0117845]]]},"properties":{"name":"1584无名峰(2)","peak_elev":1584,"radius_m":375,"layer":"ATS峰值响应半径","rank_pct":0.8165,"center_lon":113.957268,"center_lat":42.008412,"max_mean_jut":11.9109,"max_ats":7.5867,"r_jmean_peak":375,"r_ats_peak":375,"r_ats_marginal":187.5,"ats_marginal_rate_max":0.02392603549817008,"ats_marginal_interval_start":125.0,"ats_marginal_interval_end":250.0,"is_expanded":false}},{"type":"Feature","geometry":{"type":"Polygon","coordinates":[[[113.725233,42.0179827],[113.7256779,42.0179665],[113.7261185,42.0179179],[113.7265506,42.0178375],[113.72697,42.017726],[113.7273727,42.0175845],[113.7277548,42.0174144],[113.7281126,42.0172172],[113.7284426,42.016995],[113.7287418,42.0167498],[113.7290071,42.0164839],[113.7292362,42.0162001],[113.7294266,42.0159009],[113.7295767,42.0155893],[113.7296849,42.0152682],[113.7297503,42.0149408],[113.7297721,42.0146103],[113.7297503,42.0142797],[113.7296849,42.0139524],[113.7295767,42.0136313],[113.7294266,42.0133197],[113.7292362,42.0130205],[113.7290071,42.0127367],[113.7287418,42.0124708],[113.7284426,42.0122256],[113.7281126,42.0120033],[113.7277548,42.0118062],[113.7273727,42.011636],[113.72697,42.0114945],[113.7265506,42.0113831],[113.7261185,42.0113026],[113.7256779,42.0112541],[113.725233,42.0112378],[113.7247881,42.0112541],[113.7243475,42.0113026],[113.7239154,42.0113831],[113.723496,42.0114945],[113.7230933,42.011636],[113.7227112,42.0118062],[113.7223534,42.0120033],[113.7220234,42.0122256],[113.7217242,42.0124708],[113.7214589,42.0127367],[113.7212298,42.0130205],[113.7210394,42.0133197],[113.7208893,42.0136313],[113.7207811,42.0139524],[113.7207157,42.0142797],[113.7206939,42.0146103],[113.7207157,42.0149408],[113.7207811,42.0152682],[113.7208893,42.0155893],[113.7210394,42.0159009],[113.7212298,42.0162001],[113.7214589,42.0164839],[113.7217242,42.0167498],[113.7220234,42.016995],[113.7223534,42.0172172],[113.7227112,42.0174144],[113.7230933,42.0175845],[113.723496,42.017726],[113.7239154,42.0178375],[113.7243475,42.0179179],[113.7247881,42.0179665],[113.725233,42.0179827]]]},"properties":{"name":"1612无名峰(3)","peak_elev":1612,"radius_m":375,"layer":"ATS峰值响应半径","rank_pct":0.8165,"center_lon":113.725233,"center_lat":42.014610290527344,"max_mean_jut":11.7159,"max_ats":7.673,"r_jmean_peak":null,"r_ats_peak":375,"r_ats_marginal":187.5,"ats_marginal_rate_max":0.030474618606790037,"ats_marginal_interval_start":125.0,"ats_marginal_interval_end":250.0,"is_expanded":false}},{"type":"Feature","geometry":{"type":"Polygon","coordinates":[[[113.623633,42.0074733],[113.6240778,42.007457],[113.6245184,42.0074085],[113.6249504,42.007328],[113.6253698,42.0072165],[113.6257724,42.007075],[113.6261544,42.0069049],[113.6265121,42.0067077],[113.6268421,42.0064855],[113.6271412,42.0062403],[113.6274065,42.0059744],[113.6276355,42.0056906],[113.6278259,42.0053914],[113.627976,42.0050798],[113.6280842,42.0047587],[113.6281495,42.0044314],[113.6281714,42.0041008],[113.6281495,42.0037702],[113.6280842,42.0034429],[113.627976,42.0031218],[113.6278259,42.0028102],[113.6276355,42.002511],[113.6274065,42.0022272],[113.6271412,42.0019613],[113.6268421,42.0017161],[113.6265121,42.0014939],[113.6261544,42.0012967],[113.6257724,42.0011266],[113.6253698,42.0009851],[113.6249504,42.0008736],[113.6245184,42.0007931],[113.6240778,42.0007446],[113.623633,42.0007283],[113.6231882,42.0007446],[113.6227476,42.0007931],[113.6223156,42.0008736],[113.6218962,42.0009851],[113.6214936,42.0011266],[113.6211116,42.0012967],[113.6207539,42.0014939],[113.6204239,42.0017161],[113.6201248,42.0019613],[113.6198595,42.0022272],[113.6196305,42.002511],[113.6194401,42.0028102],[113.61929,42.0031218],[113.6191818,42.0034429],[113.6191165,42.0037702],[113.6190946,42.0041008],[113.6191165,42.0044314],[113.6191818,42.0047587],[113.61929,42.0050798],[113.6194401,42.0053914],[113.6196305,42.0056906],[113.6198595,42.0059744],[113.6201248,42.0062403],[113.6204239,42.0064855],[113.6207539,42.0067077],[113.6211116,42.0069049],[113.6214936,42.007075],[113.6218962,42.0072165],[113.6223156,42.007328],[113.6227476,42.0074085],[113.6231882,42.007457],[113.623633,42.0074733]]]},"properties":{"name":"1614无名峰(2)","peak_elev":1614,"radius_m":375,"layer":"ATS峰值响应半径","rank_pct":0.8165,"center_lon":113.623633,"center_lat":42.00410079956055,"max_mean_jut":9.2679,"max_ats":5.5849,"r_jmean_peak":375,"r_ats_peak":375,"r_ats_marginal":187.5,"ats_marginal_rate_max":0.01967532998784157,"ats_marginal_interval_start":125.0,"ats_marginal_interval_end":250.0,"is_expanded":false}},{"type":"Feature","geometry":{"type":"Polygon","coordinates":[[[113.139801,41.3409236],[113.1402413,41.3409073],[113.1406773,41.3408588],[113.1411049,41.3407784],[113.1415199,41.3406669],[113.1419183,41.3405254],[113.1422964,41.3403552],[113.1426505,41.3401581],[113.1429771,41.3399358],[113.1432731,41.3396906],[113.1435357,41.3394248],[113.1437623,41.3391409],[113.1439507,41.3388417],[113.1440992,41.3385301],[113.1442063,41.3382091],[113.144271,41.3378817],[113.1442926,41.3375511],[113.144271,41.3372206],[113.1442063,41.3368932],[113.1440992,41.3365721],[113.1439507,41.3362605],[113.1437623,41.3359614],[113.1435357,41.3356775],[113.1432731,41.3354117],[113.1429771,41.3351664],[113.1426505,41.3349442],[113.1422964,41.334747],[113.1419183,41.3345769],[113.1415199,41.3344354],[113.1411049,41.3343239],[113.1406773,41.3342435],[113.1402413,41.3341949],[113.139801,41.3341787],[113.1393607,41.3341949],[113.1389247,41.3342435],[113.1384971,41.3343239],[113.1380821,41.3344354],[113.1376837,41.3345769],[113.1373056,41.334747],[113.1369515,41.3349442],[113.1366249,41.3351664],[113.1363289,41.3354117],[113.1360663,41.3356775],[113.1358397,41.3359614],[113.1356513,41.3362605],[113.1355028,41.3365721],[113.1353957,41.3368932],[113.135331,41.3372206],[113.1353094,41.3375511],[113.135331,41.3378817],[113.1353957,41.3382091],[113.1355028,41.3385301],[113.1356513,41.3388417],[113.1358397,41.3391409],[113.1360663,41.3394248],[113.1363289,41.3396906],[113.1366249,41.3399358],[113.1369515,41.3401581],[113.1373056,41.3403552],[113.1376837,41.3405254],[113.1380821,41.3406669],[113.1384971,41.3407784],[113.1389247,41.3408588],[113.1393607,41.3409073],[113.139801,41.3409236]]]},"properties":{"name":"1618无名峰(1)","peak_elev":1618,"radius_m":375,"layer":"ATS峰值响应半径","rank_pct":0.8165,"center_lon":113.139801,"center_lat":41.33755111694336,"max_mean_jut":10.1933,"max_ats":6.0905,"r_jmean_peak":null,"r_ats_peak":375,"r_ats_marginal":187.5,"ats_marginal_rate_max":0.02439498579879671,"ats_marginal_interval_start":125.0,"ats_marginal_interval_end":250.0,"is_expanded":false}},{"type":"Feature","geometry":{"type":"Polygon","coordinates":[[[114.425649,41.9896853],[114.4260937,41.9896691],[114.4265341,41.9896205],[114.4269661,41.9895401],[114.4273853,41.9894286],[114.4277878,41.9892871],[114.4281697,41.989117],[114.4285273,41.9889198],[114.4288572,41.9886976],[114.4291562,41.9884523],[114.4294215,41.9881865],[114.4296504,41.9879026],[114.4298407,41.9876034],[114.4299907,41.9872918],[114.4300989,41.9869708],[114.4301643,41.9866434],[114.4301861,41.9863129],[114.4301643,41.9859823],[114.4300989,41.9856549],[114.4299907,41.9853339],[114.4298407,41.9850223],[114.4296504,41.9847231],[114.4294215,41.9844392],[114.4291562,41.9841734],[114.4288572,41.9839282],[114.4285273,41.9837059],[114.4281697,41.9835088],[114.4277878,41.9833386],[114.4273853,41.9831971],[114.4269661,41.9830856],[114.4265341,41.9830052],[114.4260937,41.9829566],[114.425649,41.9829404],[114.4252043,41.9829566],[114.4247639,41.9830052],[114.4243319,41.9830856],[114.4239127,41.9831971],[114.4235102,41.9833386],[114.4231283,41.9835088],[114.4227707,41.9837059],[114.4224408,41.9839282],[114.4221418,41.9841734],[114.4218765,41.9844392],[114.4216476,41.9847231],[114.4214573,41.9850223],[114.4213073,41.9853339],[114.4211991,41.9856549],[114.4211337,41.9859823],[114.4211119,41.9863129],[114.4211337,41.9866434],[114.4211991,41.9869708],[114.4213073,41.9872918],[114.4214573,41.9876034],[114.4216476,41.9879026],[114.4218765,41.9881865],[114.4221418,41.9884523],[114.4224408,41.9886976],[114.4227707,41.9889198],[114.4231283,41.989117],[114.4235102,41.9892871],[114.4239127,41.9894286],[114.4243319,41.9895401],[114.4247639,41.9896205],[114.4252043,41.9896691],[114.425649,41.9896853]]]},"properties":{"name":"1623无名峰(3)","peak_elev":1623,"radius_m":375,"layer":"ATS峰值响应半径","rank_pct":0.8165,"center_lon":114.425649,"center_lat":41.98631286621094,"max_mean_jut":7.8238,"max_ats":4.7649,"r_jmean_peak":null,"r_ats_peak":375,"r_ats_marginal":187.5,"ats_marginal_rate_max":0.006910128123489315,"ats_marginal_interval_start":125.0,"ats_marginal_interval_end":250.0,"is_expanded":false}},{"type":"Feature","geometry":{"type":"Polygon","coordinates":[[[113.243107,41.4221305],[113.2435478,41.4221142],[113.2439844,41.4220657],[113.2444125,41.4219852],[113.244828,41.4218737],[113.245227,41.4217322],[113.2456055,41.4215621],[113.24596,41.4213649],[113.246287,41.4211427],[113.2465834,41.4208975],[113.2468463,41.4206316],[113.2470732,41.4203478],[113.2472619,41.4200486],[113.2474106,41.419737],[113.2475178,41.4194159],[113.2475826,41.4190886],[113.2476042,41.418758],[113.2475826,41.4184274],[113.2475178,41.4181001],[113.2474106,41.417779],[113.2472619,41.4174674],[113.2470732,41.4171682],[113.2468463,41.4168844],[113.2465834,41.4166185],[113.246287,41.4163733],[113.24596,41.4161511],[113.2456055,41.4159539],[113.245227,41.4157838],[113.244828,41.4156423],[113.2444125,41.4155308],[113.2439844,41.4154503],[113.2435478,41.4154018],[113.243107,41.4153855],[113.2426662,41.4154018],[113.2422296,41.4154503],[113.2418015,41.4155308],[113.241386,41.4156423],[113.240987,41.4157838],[113.2406085,41.4159539],[113.240254,41.4161511],[113.239927,41.4163733],[113.2396306,41.4166185],[113.2393677,41.4168844],[113.2391408,41.4171682],[113.2389521,41.4174674],[113.2388034,41.417779],[113.2386962,41.4181001],[113.2386314,41.4184274],[113.2386098,41.418758],[113.2386314,41.4190886],[113.2386962,41.4194159],[113.2388034,41.419737],[113.2389521,41.4200486],[113.2391408,41.4203478],[113.2393677,41.4206316],[113.2396306,41.4208975],[113.239927,41.4211427],[113.240254,41.4213649],[113.2406085,41.4215621],[113.240987,41.4217322],[113.241386,41.4218737],[113.2418015,41.4219852],[113.2422296,41.4220657],[113.2426662,41.4221142],[113.243107,41.4221305]]]},"properties":{"name":"1634无名峰","peak_elev":1634,"radius_m":375,"layer":"ATS峰值响应半径","rank_pct":0.8165,"center_lon":113.243107,"center_lat":41.418758,"max_mean_jut":16.8677,"max_ats":9.5908,"r_jmean_peak":250,"r_ats_peak":375,"r_ats_marginal":187.5,"ats_marginal_rate_max":0.04265166771220081,"ats_marginal_interval_start":125.0,"ats_marginal_interval_end":250.0,"is_expanded":false}},{"type":"Feature","geometry":{"type":"Polygon","coordinates":[[[113.2660141,41.9659705],[113.2664586,41.9659542],[113.2668989,41.9659057],[113.2673307,41.9658252],[113.2677497,41.9657137],[113.2681521,41.9655722],[113.2685338,41.9654021],[113.2688913,41.9652049],[113.2692211,41.9649827],[113.26952,41.9647375],[113.2697852,41.9644716],[113.270014,41.9641878],[113.2702043,41.9638886],[113.2703542,41.963577],[113.2704624,41.9632559],[113.2705277,41.9629286],[113.2705495,41.962598],[113.2705277,41.9622674],[113.2704624,41.9619401],[113.2703542,41.961619],[113.2702043,41.9613074],[113.270014,41.9610082],[113.2697852,41.9607244],[113.26952,41.9604585],[113.2692211,41.9602133],[113.2688913,41.9599911],[113.2685338,41.9597939],[113.2681521,41.9596238],[113.2677497,41.9594823],[113.2673307,41.9593708],[113.2668989,41.9592903],[113.2664586,41.9592418],[113.2660141,41.9592255],[113.2655695,41.9592418],[113.2651293,41.9592903],[113.2646975,41.9593708],[113.2642785,41.9594823],[113.2638761,41.9596238],[113.2634944,41.9597939],[113.2631369,41.9599911],[113.2628071,41.9602133],[113.2625082,41.9604585],[113.262243,41.9607244],[113.2620142,41.9610082],[113.2618239,41.9613074],[113.261674,41.961619],[113.2615658,41.9619401],[113.2615005,41.9622674],[113.2614787,41.962598],[113.2615005,41.9629286],[113.2615658,41.9632559],[113.261674,41.963577],[113.2618239,41.9638886],[113.2620142,41.9641878],[113.262243,41.9644716],[113.2625082,41.9647375],[113.2628071,41.9649827],[113.2631369,41.9652049],[113.2634944,41.9654021],[113.2638761,41.9655722],[113.2642785,41.9657137],[113.2646975,41.9658252],[113.2651293,41.9659057],[113.2655695,41.9659542],[113.2660141,41.9659705]]]},"properties":{"name":"1636无名峰(1)","peak_elev":1636,"radius_m":375,"layer":"ATS峰值响应半径","rank_pct":0.8165,"center_lon":113.2660140991211,"center_lat":41.962598,"max_mean_jut":16.0069,"max_ats":9.3389,"r_jmean_peak":375,"r_ats_peak":375,"r_ats_marginal":187.5,"ats_marginal_rate_max":0.029938034462748796,"ats_marginal_interval_start":125.0,"ats_marginal_interval_end":250.0,"is_expanded":false}},{"type":"Feature","geometry":{"type":"Polygon","coordinates":[[[114.232152,42.073498],[114.2325973,42.0734818],[114.2330383,42.0734332],[114.2334708,42.0733528],[114.2338906,42.0732413],[114.2342936,42.0730998],[114.234676,42.0729297],[114.2350341,42.0727325],[114.2353645,42.0725103],[114.2356639,42.072265],[114.2359294,42.0719992],[114.2361587,42.0717153],[114.2363493,42.0714162],[114.2364995,42.0711046],[114.2366078,42.0707835],[114.2366732,42.0704561],[114.2366951,42.0701256],[114.2366732,42.069795],[114.2366078,42.0694676],[114.2364995,42.0691466],[114.2363493,42.068835],[114.2361587,42.0685358],[114.2359294,42.0682519],[114.2356639,42.0679861],[114.2353645,42.0677409],[114.2350341,42.0675186],[114.234676,42.0673215],[114.2342936,42.0671513],[114.2338906,42.0670098],[114.2334708,42.0668983],[114.2330383,42.0668179],[114.2325973,42.0667694],[114.232152,42.0667531],[114.2317067,42.0667694],[114.2312657,42.0668179],[114.2308332,42.0668983],[114.2304134,42.0670098],[114.2300104,42.0671513],[114.229628,42.0673215],[114.2292699,42.0675186],[114.2289395,42.0677409],[114.2286401,42.0679861],[114.2283746,42.0682519],[114.2281453,42.0685358],[114.2279547,42.068835],[114.2278045,42.0691466],[114.2276962,42.0694676],[114.2276308,42.069795],[114.2276089,42.0701256],[114.2276308,42.0704561],[114.2276962,42.0707835],[114.2278045,42.0711046],[114.2279547,42.0714162],[114.2281453,42.0717153],[114.2283746,42.0719992],[114.2286401,42.072265],[114.2289395,42.0725103],[114.2292699,42.0727325],[114.229628,42.0729297],[114.2300104,42.0730998],[114.2304134,42.0732413],[114.2308332,42.0733528],[114.2312657,42.0734332],[114.2317067,42.0734818],[114.232152,42.073498]]]},"properties":{"name":"1641无名峰","peak_elev":1641,"radius_m":375,"layer":"ATS峰值响应半径","rank_pct":0.8165,"center_lon":114.232152,"center_lat":42.070125579833984,"max_mean_jut":16.508,"max_ats":8.1151,"r_jmean_peak":375,"r_ats_peak":375,"r_ats_marginal":187.5,"ats_marginal_rate_max":0.035823975488255874,"ats_marginal_interval_start":125.0,"ats_marginal_interval_end":250.0,"is_expanded":false}},{"type":"Feature","geometry":{"type":"Polygon","coordinates":[[[113.160103,41.7552255],[113.1605461,41.7552092],[113.1609849,41.7551607],[113.1614152,41.7550802],[113.1618329,41.7549687],[113.1622339,41.7548272],[113.1626145,41.7546571],[113.1629708,41.7544599],[113.1632995,41.7542377],[113.1635974,41.7539925],[113.1638617,41.7537266],[113.1640897,41.7534428],[113.1642794,41.7531436],[113.1644289,41.752832],[113.1645366,41.7525109],[113.1646017,41.7521836],[113.1646235,41.751853],[113.1646017,41.7515224],[113.1645366,41.7511951],[113.1644289,41.750874],[113.1642794,41.7505624],[113.1640897,41.7502632],[113.1638617,41.7499794],[113.1635974,41.7497135],[113.1632995,41.7494683],[113.1629708,41.7492461],[113.1626145,41.7490489],[113.1622339,41.7488788],[113.1618329,41.7487373],[113.1614152,41.7486258],[113.1609849,41.7485453],[113.1605461,41.7484968],[113.160103,41.7484805],[113.1596599,41.7484968],[113.1592211,41.7485453],[113.1587908,41.7486258],[113.1583731,41.7487373],[113.1579721,41.7488788],[113.1575915,41.7490489],[113.1572352,41.7492461],[113.1569065,41.7494683],[113.1566086,41.7497135],[113.1563443,41.7499794],[113.1561163,41.7502632],[113.1559266,41.7505624],[113.1557771,41.750874],[113.1556694,41.7511951],[113.1556043,41.7515224],[113.1555825,41.751853],[113.1556043,41.7521836],[113.1556694,41.7525109],[113.1557771,41.752832],[113.1559266,41.7531436],[113.1561163,41.7534428],[113.1563443,41.7537266],[113.1566086,41.7539925],[113.1569065,41.7542377],[113.1572352,41.7544599],[113.1575915,41.7546571],[113.1579721,41.7548272],[113.1583731,41.7549687],[113.1587908,41.7550802],[113.1592211,41.7551607],[113.1596599,41.7552092],[113.160103,41.7552255]]]},"properties":{"name":"1659无名峰(3)","peak_elev":1659,"radius_m":375,"layer":"ATS峰值响应半径","rank_pct":0.8165,"center_lon":113.160103,"center_lat":41.751853,"max_mean_jut":14.4463,"max_ats":8.6111,"r_jmean_peak":375,"r_ats_peak":375,"r_ats_marginal":187.5,"ats_marginal_rate_max":0.039193087186087425,"ats_marginal_interval_start":125.0,"ats_marginal_interval_end":250.0,"is_expanded":false}},{"type":"Feature","geometry":{"type":"Polygon","coordinates":[[[114.200352,42.0557115],[114.2007972,42.0556952],[114.2012381,42.0556467],[114.2016704,42.0555662],[114.2020901,42.0554547],[114.202493,42.0553132],[114.2028753,42.0551431],[114.2032333,42.0549459],[114.2035636,42.0547237],[114.2038629,42.0544785],[114.2041284,42.0542126],[114.2043575,42.0539288],[114.2045481,42.0536296],[114.2046983,42.053318],[114.2048066,42.0529969],[114.204872,42.0526696],[114.2048938,42.052339],[114.204872,42.0520084],[114.2048066,42.0516811],[114.2046983,42.05136],[114.2045481,42.0510484],[114.2043575,42.0507492],[114.2041284,42.0504654],[114.2038629,42.0501995],[114.2035636,42.0499543],[114.2032333,42.0497321],[114.2028753,42.0495349],[114.202493,42.0493648],[114.2020901,42.0492233],[114.2016704,42.0491118],[114.2012381,42.0490313],[114.2007972,42.0489828],[114.200352,42.0489665],[114.1999068,42.0489828],[114.1994659,42.0490313],[114.1990336,42.0491118],[114.1986139,42.0492233],[114.198211,42.0493648],[114.1978287,42.0495349],[114.1974707,42.0497321],[114.1971404,42.0499543],[114.1968411,42.0501995],[114.1965756,42.0504654],[114.1963465,42.0507492],[114.1961559,42.0510484],[114.1960057,42.05136],[114.1958974,42.0516811],[114.195832,42.0520084],[114.1958102,42.052339],[114.195832,42.0526696],[114.1958974,42.0529969],[114.1960057,42.053318],[114.1961559,42.0536296],[114.1963465,42.0539288],[114.1965756,42.0542126],[114.1968411,42.0544785],[114.1971404,42.0547237],[114.1974707,42.0549459],[114.1978287,42.0551431],[114.198211,42.0553132],[114.1986139,42.0554547],[114.1990336,42.0555662],[114.1994659,42.0556467],[114.1999068,42.0556952],[114.200352,42.0557115]]]},"properties":{"name":"1665无名峰","peak_elev":1665,"radius_m":375,"layer":"ATS峰值响应半径","rank_pct":0.8165,"center_lon":114.200352,"center_lat":42.052339,"max_mean_jut":7.0253,"max_ats":3.8458,"r_jmean_peak":375,"r_ats_peak":375,"r_ats_marginal":187.5,"ats_marginal_rate_max":0.013603160572186334,"ats_marginal_interval_start":125.0,"ats_marginal_interval_end":250.0,"is_expanded":false}},{"type":"Feature","geometry":{"type":"Polygon","coordinates":[[[113.334466,41.9468365],[113.3349104,41.9468202],[113.3353506,41.9467717],[113.3357822,41.9466912],[113.3362011,41.9465797],[113.3366033,41.9464382],[113.336985,41.9462681],[113.3373424,41.9460709],[113.3376721,41.9458487],[113.3379709,41.9456035],[113.3382359,41.9453376],[113.3384647,41.9450538],[113.3386549,41.9447546],[113.3388048,41.944443],[113.3389129,41.9441219],[113.3389782,41.9437946],[113.3390001,41.943464],[113.3389782,41.9431334],[113.3389129,41.9428061],[113.3388048,41.942485],[113.3386549,41.9421734],[113.3384647,41.9418742],[113.3382359,41.9415904],[113.3379709,41.9413245],[113.3376721,41.9410793],[113.3373424,41.9408571],[113.336985,41.9406599],[113.3366033,41.9404898],[113.3362011,41.9403483],[113.3357822,41.9402368],[113.3353506,41.9401563],[113.3349104,41.9401078],[113.334466,41.9400915],[113.3340216,41.9401078],[113.3335814,41.9401563],[113.3331498,41.9402368],[113.3327309,41.9403483],[113.3323287,41.9404898],[113.331947,41.9406599],[113.3315896,41.9408571],[113.3312599,41.9410793],[113.3309611,41.9413245],[113.3306961,41.9415904],[113.3304673,41.9418742],[113.3302771,41.9421734],[113.3301272,41.942485],[113.3300191,41.9428061],[113.3299538,41.9431334],[113.3299319,41.943464],[113.3299538,41.9437946],[113.3300191,41.9441219],[113.3301272,41.944443],[113.3302771,41.9447546],[113.3304673,41.9450538],[113.3306961,41.9453376],[113.3309611,41.9456035],[113.3312599,41.9458487],[113.3315896,41.9460709],[113.331947,41.9462681],[113.3323287,41.9464382],[113.3327309,41.9465797],[113.3331498,41.9466912],[113.3335814,41.9467717],[113.3340216,41.9468202],[113.334466,41.9468365]]]},"properties":{"name":"1683无名峰(1)","peak_elev":1683,"radius_m":375,"layer":"ATS峰值响应半径","rank_pct":0.8165,"center_lon":113.334466,"center_lat":41.943464,"max_mean_jut":8.5791,"max_ats":4.9919,"r_jmean_peak":375,"r_ats_peak":375,"r_ats_marginal":187.5,"ats_marginal_rate_max":0.017874973841153875,"ats_marginal_interval_start":125.0,"ats_marginal_interval_end":250.0,"is_expanded":false}},{"type":"Feature","geometry":{"type":"Polygon","coordinates":[[[113.228824,41.8196345],[113.2292675,41.8196182],[113.2297068,41.8195697],[113.2301376,41.8194892],[113.2305557,41.8193777],[113.2309571,41.8192362],[113.231338,41.8190661],[113.2316947,41.8188689],[113.2320237,41.8186467],[113.2323219,41.8184015],[113.2325864,41.8181356],[113.2328147,41.8178518],[113.2330046,41.8175526],[113.2331542,41.817241],[113.2332621,41.8169199],[113.2333273,41.8165926],[113.233349,41.816262],[113.2333273,41.8159314],[113.2332621,41.8156041],[113.2331542,41.815283],[113.2330046,41.8149714],[113.2328147,41.8146722],[113.2325864,41.8143884],[113.2323219,41.8141225],[113.2320237,41.8138773],[113.2316947,41.8136551],[113.231338,41.8134579],[113.2309571,41.8132878],[113.2305557,41.8131463],[113.2301376,41.8130348],[113.2297068,41.8129543],[113.2292675,41.8129058],[113.228824,41.8128895],[113.2283805,41.8129058],[113.2279412,41.8129543],[113.2275104,41.8130348],[113.2270923,41.8131463],[113.2266909,41.8132878],[113.22631,41.8134579],[113.2259533,41.8136551],[113.2256243,41.8138773],[113.2253261,41.8141225],[113.2250616,41.8143884],[113.2248333,41.8146722],[113.2246434,41.8149714],[113.2244938,41.815283],[113.2243859,41.8156041],[113.2243207,41.8159314],[113.224299,41.816262],[113.2243207,41.8165926],[113.2243859,41.8169199],[113.2244938,41.817241],[113.2246434,41.8175526],[113.2248333,41.8178518],[113.2250616,41.8181356],[113.2253261,41.8184015],[113.2256243,41.8186467],[113.2259533,41.8188689],[113.22631,41.8190661],[113.2266909,41.8192362],[113.2270923,41.8193777],[113.2275104,41.8194892],[113.2279412,41.8195697],[113.2283805,41.8196182],[113.228824,41.8196345]]]},"properties":{"name":"1705无名峰(4)","peak_elev":1705,"radius_m":375,"layer":"ATS峰值响应半径","rank_pct":0.8165,"center_lon":113.228824,"center_lat":41.816262,"max_mean_jut":18.376,"max_ats":11.5874,"r_jmean_peak":375,"r_ats_peak":375,"r_ats_marginal":187.5,"ats_marginal_rate_max":0.04421680121839931,"ats_marginal_interval_start":125.0,"ats_marginal_interval_end":250.0,"is_expanded":false}},{"type":"Feature","geometry":{"type":"Polygon","coordinates":[[[113.102431,41.5862506],[113.1028729,41.5862343],[113.1033106,41.5861858],[113.1037398,41.5861054],[113.1041564,41.5859939],[113.1045564,41.5858524],[113.1049359,41.5856822],[113.1052913,41.5854851],[113.1056191,41.5852628],[113.1059162,41.5850176],[113.1061798,41.5847517],[113.1064073,41.5844679],[113.1065965,41.5841687],[113.1067455,41.5838571],[113.106853,41.583536],[113.1069179,41.5832087],[113.1069397,41.5828781],[113.1069179,41.5825476],[113.106853,41.5822202],[113.1067455,41.5818991],[113.1065965,41.5815875],[113.1064073,41.5812883],[113.1061798,41.5810045],[113.1059162,41.5807386],[113.1056191,41.5804934],[113.1052913,41.5802712],[113.1049359,41.580074],[113.1045564,41.5799039],[113.1041564,41.5797624],[113.1037398,41.5796509],[113.1033106,41.5795705],[113.1028729,41.5795219],[113.102431,41.5795057],[113.1019891,41.5795219],[113.1015514,41.5795705],[113.1011222,41.5796509],[113.1007056,41.5797624],[113.1003056,41.5799039],[113.0999261,41.580074],[113.0995707,41.5802712],[113.0992429,41.5804934],[113.0989458,41.5807386],[113.0986822,41.5810045],[113.0984547,41.5812883],[113.0982655,41.5815875],[113.0981165,41.5818991],[113.098009,41.5822202],[113.0979441,41.5825476],[113.0979223,41.5828781],[113.0979441,41.5832087],[113.098009,41.583536],[113.0981165,41.5838571],[113.0982655,41.5841687],[113.0984547,41.5844679],[113.0986822,41.5847517],[113.0989458,41.5850176],[113.0992429,41.5852628],[113.0995707,41.5854851],[113.0999261,41.5856822],[113.1003056,41.5858524],[113.1007056,41.5859939],[113.1011222,41.5861054],[113.1015514,41.5861858],[113.1019891,41.5862343],[113.102431,41.5862506]]]},"properties":{"name":"南炼丹炉/六号火山1583","peak_elev":1583,"radius_m":375,"layer":"ATS峰值响应半径","rank_pct":0.8165,"center_lon":113.102431,"center_lat":41.58287811279297,"max_mean_jut":12.7475,"max_ats":8.9363,"r_jmean_peak":250,"r_ats_peak":375,"r_ats_marginal":187.5,"ats_marginal_rate_max":0.03078993103066331,"ats_marginal_interval_start":125.0,"ats_marginal_interval_end":250.0,"is_expanded":false}},{"type":"Feature","geometry":{"type":"Polygon","coordinates":[[[113.258468,41.4342578],[113.2589089,41.4342415],[113.2593455,41.434193],[113.2597737,41.4341126],[113.2601893,41.4340011],[113.2605884,41.4338596],[113.260967,41.4336894],[113.2613216,41.4334923],[113.2616486,41.43327],[113.2619451,41.4330248],[113.262208,41.432759],[113.262435,41.4324751],[113.2626237,41.4321759],[113.2627724,41.4318643],[113.2628797,41.4315432],[113.2629444,41.4312159],[113.2629661,41.4308853],[113.2629444,41.4305548],[113.2628797,41.4302274],[113.2627724,41.4299063],[113.2626237,41.4295947],[113.262435,41.4292956],[113.262208,41.4290117],[113.2619451,41.4287459],[113.2616486,41.4285006],[113.2613216,41.4282784],[113.260967,41.4280812],[113.2605884,41.4279111],[113.2601893,41.4277696],[113.2597737,41.4276581],[113.2593455,41.4275777],[113.2589089,41.4275291],[113.258468,41.4275129],[113.2580271,41.4275291],[113.2575905,41.4275777],[113.2571623,41.4276581],[113.2567467,41.4277696],[113.2563476,41.4279111],[113.255969,41.4280812],[113.2556144,41.4282784],[113.2552874,41.4285006],[113.2549909,41.4287459],[113.254728,41.4290117],[113.254501,41.4292956],[113.2543123,41.4295947],[113.2541636,41.4299063],[113.2540563,41.4302274],[113.2539916,41.4305548],[113.2539699,41.4308853],[113.2539916,41.4312159],[113.2540563,41.4315432],[113.2541636,41.4318643],[113.2543123,41.4321759],[113.254501,41.4324751],[113.254728,41.432759],[113.2549909,41.4330248],[113.2552874,41.43327],[113.2556144,41.4334923],[113.255969,41.4336894],[113.2563476,41.4338596],[113.2567467,41.4340011],[113.2571623,41.4341126],[113.2575905,41.434193],[113.2580271,41.4342415],[113.258468,41.4342578]]]},"properties":{"name":"察汗脑包1566","peak_elev":1566,"radius_m":375,"layer":"ATS峰值响应半径","rank_pct":0.8165,"center_lon":113.258468,"center_lat":41.430885314941406,"max_mean_jut":11.3295,"max_ats":6.9869,"r_jmean_peak":375,"r_ats_peak":375,"r_ats_marginal":187.5,"ats_marginal_rate_max":0.020035094669478525,"ats_marginal_interval_start":125.0,"ats_marginal_interval_end":250.0,"is_expanded":false}},{"type":"Feature","geometry":{"type":"Polygon","coordinates":[[[114.486285,42.1809803],[114.4865824,42.1809695],[114.4868769,42.1809371],[114.4871657,42.1808835],[114.487446,42.1808092],[114.4877152,42.1807148],[114.4879706,42.1806014],[114.4882097,42.18047],[114.4884303,42.1803218],[114.4886303,42.1801583],[114.4888076,42.1799811],[114.4889607,42.1797918],[114.489088,42.1795924],[114.4891883,42.1793846],[114.4892606,42.1791706],[114.4893043,42.1789524],[114.4893189,42.178732],[114.4893043,42.1785116],[114.4892606,42.1782934],[114.4891883,42.1780794],[114.489088,42.1778716],[114.4889607,42.1776722],[114.4888076,42.1774829],[114.4886303,42.1773057],[114.4884303,42.1771422],[114.4882097,42.176994],[114.4879706,42.1768626],[114.4877152,42.1767492],[114.487446,42.1766548],[114.4871657,42.1765805],[114.4868769,42.1765269],[114.4865824,42.1764945],[114.486285,42.1764837],[114.4859876,42.1764945],[114.4856931,42.1765269],[114.4854043,42.1765805],[114.485124,42.1766548],[114.4848548,42.1767492],[114.4845994,42.1768626],[114.4843603,42.176994],[114.4841397,42.1771422],[114.4839397,42.1773057],[114.4837624,42.1774829],[114.4836093,42.1776722],[114.483482,42.1778716],[114.4833817,42.1780794],[114.4833094,42.1782934],[114.4832657,42.1785116],[114.4832511,42.178732],[114.4832657,42.1789524],[114.4833094,42.1791706],[114.4833817,42.1793846],[114.483482,42.1795924],[114.4836093,42.1797918],[114.4837624,42.1799811],[114.4839397,42.1801583],[114.4841397,42.1803218],[114.4843603,42.18047],[114.4845994,42.1806014],[114.4848548,42.1807148],[114.485124,42.1808092],[114.4854043,42.1808835],[114.4856931,42.1809371],[114.4859876,42.1809695],[114.486285,42.1809803]]]},"properties":{"name":"1476无名峰","peak_elev":1476,"radius_m":250,"layer":"ATS峰值响应半径","rank_pct":0.9438,"center_lon":114.486285,"center_lat":42.178732,"max_mean_jut":12.5527,"max_ats":6.1084,"r_jmean_peak":250,"r_ats_peak":250,"r_ats_marginal":187.5,"ats_marginal_rate_max":0.027192305357955384,"ats_marginal_interval_start":125.0,"ats_marginal_interval_end":250.0,"is_expanded":false}},{"type":"Feature","geometry":{"type":"Polygon","coordinates":[[[113.928971,42.1195363],[113.9292681,42.1195255],[113.9295623,42.1194931],[113.9298508,42.1194395],[113.9301309,42.1193652],[113.9303998,42.1192708],[113.9306549,42.1191574],[113.9308938,42.119026],[113.9311142,42.1188778],[113.931314,42.1187143],[113.9314912,42.1185371],[113.9316441,42.1183478],[113.9317713,42.1181484],[113.9318715,42.1179406],[113.9319437,42.1177266],[113.9319874,42.1175084],[113.932002,42.117288],[113.9319874,42.1170676],[113.9319437,42.1168494],[113.9318715,42.1166354],[113.9317713,42.1164276],[113.9316441,42.1162282],[113.9314912,42.1160389],[113.931314,42.1158617],[113.9311142,42.1156982],[113.9308938,42.11555],[113.9306549,42.1154186],[113.9303998,42.1153052],[113.9301309,42.1152108],[113.9298508,42.1151365],[113.9295623,42.1150829],[113.9292681,42.1150505],[113.928971,42.1150397],[113.9286739,42.1150505],[113.9283797,42.1150829],[113.9280912,42.1151365],[113.9278111,42.1152108],[113.9275422,42.1153052],[113.9272871,42.1154186],[113.9270482,42.11555],[113.9268278,42.1156982],[113.926628,42.1158617],[113.9264508,42.1160389],[113.9262979,42.1162282],[113.9261707,42.1164276],[113.9260705,42.1166354],[113.9259983,42.1168494],[113.9259546,42.1170676],[113.92594,42.117288],[113.9259546,42.1175084],[113.9259983,42.1177266],[113.9260705,42.1179406],[113.9261707,42.1181484],[113.9262979,42.1183478],[113.9264508,42.1185371],[113.926628,42.1187143],[113.9268278,42.1188778],[113.9270482,42.119026],[113.9272871,42.1191574],[113.9275422,42.1192708],[113.9278111,42.1193652],[113.9280912,42.1194395],[113.9283797,42.1194931],[113.9286739,42.1195255],[113.928971,42.1195363]]]},"properties":{"name":"1537无名峰(2)","peak_elev":1537,"radius_m":250,"layer":"ATS峰值响应半径","rank_pct":0.9438,"center_lon":113.928971,"center_lat":42.117288,"max_mean_jut":8.9469,"max_ats":4.4822,"r_jmean_peak":250,"r_ats_peak":250,"r_ats_marginal":187.5,"ats_marginal_rate_max":0.01754094233977762,"ats_marginal_interval_start":125.0,"ats_marginal_interval_end":250.0,"is_expanded":false}},{"type":"Feature","geometry":{"type":"Polygon","coordinates":[[[114.235925,42.1076789],[114.236222,42.1076681],[114.2365162,42.1076357],[114.2368047,42.1075821],[114.2370847,42.1075078],[114.2373535,42.1074134],[114.2376086,42.1073],[114.2378475,42.1071686],[114.2380678,42.1070204],[114.2382675,42.1068569],[114.2384447,42.1066797],[114.2385976,42.1064904],[114.2387247,42.106291],[114.2388249,42.1060833],[114.2388972,42.1058692],[114.2389408,42.105651],[114.2389554,42.1054306],[114.2389408,42.1052102],[114.2388972,42.104992],[114.2388249,42.104778],[114.2387247,42.1045702],[114.2385976,42.1043708],[114.2384447,42.1041815],[114.2382675,42.1040043],[114.2380678,42.1038408],[114.2378475,42.1036926],[114.2376086,42.1035612],[114.2373535,42.1034478],[114.2370847,42.1033534],[114.2368047,42.1032791],[114.2365162,42.1032255],[114.236222,42.1031931],[114.235925,42.1031823],[114.235628,42.1031931],[114.2353338,42.1032255],[114.2350453,42.1032791],[114.2347653,42.1033534],[114.2344965,42.1034478],[114.2342414,42.1035612],[114.2340025,42.1036926],[114.2337822,42.1038408],[114.2335825,42.1040043],[114.2334053,42.1041815],[114.2332524,42.1043708],[114.2331253,42.1045702],[114.2330251,42.104778],[114.2329528,42.104992],[114.2329092,42.1052102],[114.2328946,42.1054306],[114.2329092,42.105651],[114.2329528,42.1058692],[114.2330251,42.1060833],[114.2331253,42.106291],[114.2332524,42.1064904],[114.2334053,42.1066797],[114.2335825,42.1068569],[114.2337822,42.1070204],[114.2340025,42.1071686],[114.2342414,42.1073],[114.2344965,42.1074134],[114.2347653,42.1075078],[114.2350453,42.1075821],[114.2353338,42.1076357],[114.235628,42.1076681],[114.235925,42.1076789]]]},"properties":{"name":"1589无名峰(2)","peak_elev":1589,"radius_m":250,"layer":"ATS峰值响应半径","rank_pct":0.9438,"center_lon":114.235925,"center_lat":42.105430603027344,"max_mean_jut":10.6391,"max_ats":6.8123,"r_jmean_peak":250,"r_ats_peak":250,"r_ats_marginal":187.5,"ats_marginal_rate_max":0.02065223707215982,"ats_marginal_interval_start":125.0,"ats_marginal_interval_end":250.0,"is_expanded":false}},{"type":"Feature","geometry":{"type":"Polygon","coordinates":[[[114.2973709,42.1631942],[114.2976682,42.1631834],[114.2979626,42.163151],[114.2982514,42.1630974],[114.2985316,42.1630231],[114.2988007,42.1629287],[114.299056,42.1628153],[114.2992951,42.1626839],[114.2995156,42.1625357],[114.2997155,42.1623722],[114.2998928,42.162195],[114.3000458,42.1620057],[114.3001731,42.1618063],[114.3002734,42.1615985],[114.3003457,42.1613845],[114.3003894,42.1611663],[114.300404,42.1609459],[114.3003894,42.1607255],[114.3003457,42.1605073],[114.3002734,42.1602932],[114.3001731,42.1600855],[114.3000458,42.159886],[114.2998928,42.1596968],[114.2997155,42.1595196],[114.2995156,42.1593561],[114.2992951,42.1592079],[114.299056,42.1590765],[114.2988007,42.1589631],[114.2985316,42.1588687],[114.2982514,42.1587944],[114.2979626,42.1587408],[114.2976682,42.1587084],[114.2973709,42.1586976],[114.2970736,42.1587084],[114.2967792,42.1587408],[114.2964905,42.1587944],[114.2962102,42.1588687],[114.2959411,42.1589631],[114.2956858,42.1590765],[114.2954467,42.1592079],[114.2952262,42.1593561],[114.2950263,42.1595196],[114.294849,42.1596968],[114.294696,42.159886],[114.2945687,42.1600855],[114.2944684,42.1602932],[114.2943961,42.1605073],[114.2943524,42.1607255],[114.2943378,42.1609459],[114.2943524,42.1611663],[114.2943961,42.1613845],[114.2944684,42.1615985],[114.2945687,42.1618063],[114.294696,42.1620057],[114.294849,42.162195],[114.2950263,42.1623722],[114.2952262,42.1625357],[114.2954467,42.1626839],[114.2956858,42.1628153],[114.2959411,42.1629287],[114.2962102,42.1630231],[114.2964905,42.1630974],[114.2967792,42.163151],[114.2970736,42.1631834],[114.2973709,42.1631942]]]},"properties":{"name":"1608无名峰(2)","peak_elev":1608,"radius_m":250,"layer":"ATS峰值响应半径","rank_pct":0.9438,"center_lon":114.29737091064452,"center_lat":42.160945892333984,"max_mean_jut":9.4986,"max_ats":5.0718,"r_jmean_peak":250,"r_ats_peak":250,"r_ats_marginal":187.5,"ats_marginal_rate_max":0.01633146343170421,"ats_marginal_interval_start":125.0,"ats_marginal_interval_end":250.0,"is_expanded":false}},{"type":"Feature","geometry":{"type":"Polygon","coordinates":[[[114.308419,42.1470243],[114.3087162,42.1470135],[114.3090106,42.1469811],[114.3092992,42.1469275],[114.3095794,42.1468532],[114.3098484,42.1467588],[114.3101037,42.1466454],[114.3103427,42.146514],[114.3105632,42.1463658],[114.310763,42.1462023],[114.3109403,42.1460251],[114.3110932,42.1458358],[114.3112205,42.1456364],[114.3113207,42.1454286],[114.311393,42.1452146],[114.3114367,42.1449964],[114.3114513,42.144776],[114.3114367,42.1445556],[114.311393,42.1443374],[114.3113207,42.1441234],[114.3112205,42.1439156],[114.3110932,42.1437162],[114.3109403,42.1435269],[114.310763,42.1433497],[114.3105632,42.1431862],[114.3103427,42.143038],[114.3101037,42.1429066],[114.3098484,42.1427932],[114.3095794,42.1426988],[114.3092992,42.1426245],[114.3090106,42.1425709],[114.3087162,42.1425385],[114.308419,42.1425277],[114.3081218,42.1425385],[114.3078274,42.1425709],[114.3075388,42.1426245],[114.3072586,42.1426988],[114.3069896,42.1427932],[114.3067343,42.1429066],[114.3064953,42.143038],[114.3062748,42.1431862],[114.306075,42.1433497],[114.3058977,42.1435269],[114.3057448,42.1437162],[114.3056175,42.1439156],[114.3055173,42.1441234],[114.305445,42.1443374],[114.3054013,42.1445556],[114.3053867,42.144776],[114.3054013,42.1449964],[114.305445,42.1452146],[114.3055173,42.1454286],[114.3056175,42.1456364],[114.3057448,42.1458358],[114.3058977,42.1460251],[114.306075,42.1462023],[114.3062748,42.1463658],[114.3064953,42.146514],[114.3067343,42.1466454],[114.3069896,42.1467588],[114.3072586,42.1468532],[114.3075388,42.1469275],[114.3078274,42.1469811],[114.3081218,42.1470135],[114.308419,42.1470243]]]},"properties":{"name":"1625无名峰","peak_elev":1625,"radius_m":250,"layer":"ATS峰值响应半径","rank_pct":0.9438,"center_lon":114.308419,"center_lat":42.144776,"max_mean_jut":13.0823,"max_ats":6.9883,"r_jmean_peak":250,"r_ats_peak":250,"r_ats_marginal":187.5,"ats_marginal_rate_max":0.027111975762653614,"ats_marginal_interval_start":125.0,"ats_marginal_interval_end":250.0,"is_expanded":false}},{"type":"Feature","geometry":{"type":"Polygon","coordinates":[[[113.444689,41.6190843],[113.4449838,41.6190735],[113.4452757,41.6190411],[113.445562,41.6189875],[113.4458399,41.6189132],[113.4461067,41.6188188],[113.4463598,41.6187054],[113.4465968,41.618574],[113.4468155,41.6184258],[113.4470137,41.6182623],[113.4471895,41.6180851],[113.4473412,41.6178958],[113.4474674,41.6176964],[113.4475669,41.6174886],[113.4476386,41.6172746],[113.4476819,41.6170564],[113.4476964,41.616836],[113.4476819,41.6166156],[113.4476386,41.6163974],[113.4475669,41.6161834],[113.4474674,41.6159756],[113.4473412,41.6157762],[113.4471895,41.6155869],[113.4470137,41.6154097],[113.4468155,41.6152462],[113.4465968,41.615098],[113.4463598,41.6149666],[113.4461067,41.6148532],[113.4458399,41.6147588],[113.445562,41.6146845],[113.4452757,41.6146309],[113.4449838,41.6145985],[113.444689,41.6145877],[113.4443942,41.6145985],[113.4441023,41.6146309],[113.443816,41.6146845],[113.4435381,41.6147588],[113.4432713,41.6148532],[113.4430182,41.6149666],[113.4427812,41.615098],[113.4425625,41.6152462],[113.4423643,41.6154097],[113.4421885,41.6155869],[113.4420368,41.6157762],[113.4419106,41.6159756],[113.4418111,41.6161834],[113.4417394,41.6163974],[113.4416961,41.6166156],[113.4416816,41.616836],[113.4416961,41.6170564],[113.4417394,41.6172746],[113.4418111,41.6174886],[113.4419106,41.6176964],[113.4420368,41.6178958],[113.4421885,41.6180851],[113.4423643,41.6182623],[113.4425625,41.6184258],[113.4427812,41.618574],[113.4430182,41.6187054],[113.4432713,41.6188188],[113.4435381,41.6189132],[113.443816,41.6189875],[113.4441023,41.6190411],[113.4443942,41.6190735],[113.444689,41.6190843]]]},"properties":{"name":"1626无名峰(1)","peak_elev":1626,"radius_m":250,"layer":"ATS峰值响应半径","rank_pct":0.9438,"center_lon":113.444689,"center_lat":41.616836,"max_mean_jut":9.3789,"max_ats":4.9591,"r_jmean_peak":250,"r_ats_peak":250,"r_ats_marginal":187.5,"ats_marginal_rate_max":0.02131520640968304,"ats_marginal_interval_start":125.0,"ats_marginal_interval_end":250.0,"is_expanded":false}},{"type":"Feature","geometry":{"type":"Polygon","coordinates":[[[113.079793,41.7284993],[113.0800883,41.7284885],[113.0803807,41.7284561],[113.0806675,41.7284025],[113.0809458,41.7283282],[113.0812131,41.7282338],[113.0814666,41.7281204],[113.0817041,41.727989],[113.0819231,41.7278408],[113.0821217,41.7276773],[113.0822978,41.7275001],[113.0824498,41.7273108],[113.0825762,41.7271114],[113.0826758,41.7269036],[113.0827476,41.7266896],[113.082791,41.7264714],[113.0828055,41.726251],[113.082791,41.7260306],[113.0827476,41.7258124],[113.0826758,41.7255984],[113.0825762,41.7253906],[113.0824498,41.7251912],[113.0822978,41.7250019],[113.0821217,41.7248247],[113.0819231,41.7246612],[113.0817041,41.724513],[113.0814666,41.7243816],[113.0812131,41.7242682],[113.0809458,41.7241738],[113.0806675,41.7240995],[113.0803807,41.7240459],[113.0800883,41.7240135],[113.079793,41.7240027],[113.0794977,41.7240135],[113.0792053,41.7240459],[113.0789185,41.7240995],[113.0786402,41.7241738],[113.0783729,41.7242682],[113.0781194,41.7243816],[113.0778819,41.724513],[113.0776629,41.7246612],[113.0774643,41.7248247],[113.0772882,41.7250019],[113.0771362,41.7251912],[113.0770098,41.7253906],[113.0769102,41.7255984],[113.0768384,41.7258124],[113.076795,41.7260306],[113.0767805,41.726251],[113.076795,41.7264714],[113.0768384,41.7266896],[113.0769102,41.7269036],[113.0770098,41.7271114],[113.0771362,41.7273108],[113.0772882,41.7275001],[113.0774643,41.7276773],[113.0776629,41.7278408],[113.0778819,41.727989],[113.0781194,41.7281204],[113.0783729,41.7282338],[113.0786402,41.7283282],[113.0789185,41.7284025],[113.0792053,41.7284561],[113.0794977,41.7284885],[113.079793,41.7284993]]]},"properties":{"name":"1637无名峰","peak_elev":1637,"radius_m":250,"layer":"ATS峰值响应半径","rank_pct":0.9438,"center_lon":113.079793,"center_lat":41.726251,"max_mean_jut":10.3752,"max_ats":5.7635,"r_jmean_peak":250,"r_ats_peak":250,"r_ats_marginal":187.5,"ats_marginal_rate_max":0.015011317477642106,"ats_marginal_interval_start":125.0,"ats_marginal_interval_end":250.0,"is_expanded":false}},{"type":"Feature","geometry":{"type":"Polygon","coordinates":[[[113.312367,41.8177023],[113.3126627,41.8176915],[113.3129555,41.8176591],[113.3132427,41.8176055],[113.3135214,41.8175312],[113.313789,41.8174368],[113.314043,41.8173234],[113.3142807,41.817192],[113.3145001,41.8170438],[113.3146989,41.8168803],[113.3148753,41.8167031],[113.3150275,41.8165138],[113.315154,41.8163144],[113.3152538,41.8161066],[113.3153257,41.8158926],[113.3153691,41.8156744],[113.3153837,41.815454],[113.3153691,41.8152336],[113.3153257,41.8150154],[113.3152538,41.8148014],[113.315154,41.8145936],[113.3150275,41.8143942],[113.3148753,41.8142049],[113.3146989,41.8140277],[113.3145001,41.8138642],[113.3142807,41.813716],[113.314043,41.8135846],[113.313789,41.8134712],[113.3135214,41.8133768],[113.3132427,41.8133025],[113.3129555,41.8132489],[113.3126627,41.8132165],[113.312367,41.8132057],[113.3120713,41.8132165],[113.3117785,41.8132489],[113.3114913,41.8133025],[113.3112126,41.8133768],[113.310945,41.8134712],[113.310691,41.8135846],[113.3104533,41.813716],[113.3102339,41.8138642],[113.3100351,41.8140277],[113.3098587,41.8142049],[113.3097065,41.8143942],[113.30958,41.8145936],[113.3094802,41.8148014],[113.3094083,41.8150154],[113.3093649,41.8152336],[113.3093503,41.815454],[113.3093649,41.8156744],[113.3094083,41.8158926],[113.3094802,41.8161066],[113.30958,41.8163144],[113.3097065,41.8165138],[113.3098587,41.8167031],[113.3100351,41.8168803],[113.3102339,41.8170438],[113.3104533,41.817192],[113.310691,41.8173234],[113.310945,41.8174368],[113.3112126,41.8175312],[113.3114913,41.8176055],[113.3117785,41.8176591],[113.3120713,41.8176915],[113.312367,41.8177023]]]},"properties":{"name":"1649无名峰(1)","peak_elev":1649,"radius_m":250,"layer":"ATS峰值响应半径","rank_pct":0.9438,"center_lon":113.312367,"center_lat":41.815454,"max_mean_jut":8.0087,"max_ats":5.4782,"r_jmean_peak":null,"r_ats_peak":250,"r_ats_marginal":187.5,"ats_marginal_rate_max":0.01930712367182873,"ats_marginal_interval_start":125.0,"ats_marginal_interval_end":250.0,"is_expanded":false}},{"type":"Feature","geometry":{"type":"Polygon","coordinates":[[[113.275985,42.0968986],[113.276282,42.0968877],[113.2765761,42.0968554],[113.2768645,42.0968018],[113.2771445,42.0967274],[113.2774133,42.0966331],[113.2776683,42.0965197],[113.2779071,42.0963882],[113.2781275,42.0962401],[113.2783271,42.0960766],[113.2785043,42.0958994],[113.2786571,42.0957101],[113.2787843,42.0955107],[113.2788844,42.0953029],[113.2789567,42.0950889],[113.2790003,42.0948706],[113.2790149,42.0946503],[113.2790003,42.0944299],[113.2789567,42.0942116],[113.2788844,42.0939976],[113.2787843,42.0937899],[113.2786571,42.0935904],[113.2785043,42.0934012],[113.2783271,42.093224],[113.2781275,42.0930605],[113.2779071,42.0929123],[113.2776683,42.0927809],[113.2774133,42.0926674],[113.2771445,42.0925731],[113.2768645,42.0924988],[113.2765761,42.0924452],[113.276282,42.0924128],[113.275985,42.092402],[113.275688,42.0924128],[113.2753939,42.0924452],[113.2751055,42.0924988],[113.2748255,42.0925731],[113.2745567,42.0926674],[113.2743017,42.0927809],[113.2740629,42.0929123],[113.2738425,42.0930605],[113.2736429,42.093224],[113.2734657,42.0934012],[113.2733129,42.0935904],[113.2731857,42.0937899],[113.2730856,42.0939976],[113.2730133,42.0942116],[113.2729697,42.0944299],[113.2729551,42.0946503],[113.2729697,42.0948706],[113.2730133,42.0950889],[113.2730856,42.0953029],[113.2731857,42.0955107],[113.2733129,42.0957101],[113.2734657,42.0958994],[113.2736429,42.0960766],[113.2738425,42.0962401],[113.2740629,42.0963882],[113.2743017,42.0965197],[113.2745567,42.0966331],[113.2748255,42.0967274],[113.2751055,42.0968018],[113.2753939,42.0968554],[113.275688,42.0968877],[113.275985,42.0968986]]]},"properties":{"name":"哈登乌拉1518","peak_elev":1518,"radius_m":250,"layer":"ATS峰值响应半径","rank_pct":0.9438,"center_lon":113.275985,"center_lat":42.09465026855469,"max_mean_jut":10.0651,"max_ats":6.3303,"r_jmean_peak":250,"r_ats_peak":250,"r_ats_marginal":187.5,"ats_marginal_rate_max":0.013623253761801287,"ats_marginal_interval_start":125.0,"ats_marginal_interval_end":250.0,"is_expanded":false}},{"type":"Feature","geometry":{"type":"Polygon","coordinates":[[[113.812818,42.2852292],[113.8129669,42.2852237],[113.8131144,42.2852076],[113.8132591,42.2851807],[113.8133995,42.2851436],[113.8135343,42.2850964],[113.8136622,42.2850397],[113.813782,42.284974],[113.8138924,42.2848999],[113.8139926,42.2848182],[113.8140814,42.2847295],[113.8141581,42.2846349],[113.8142218,42.2845352],[113.8142721,42.2844313],[113.8143083,42.2843243],[113.8143302,42.2842152],[113.8143375,42.284105],[113.8143302,42.2839948],[113.8143083,42.2838857],[113.8142721,42.2837787],[113.8142218,42.2836748],[113.8141581,42.2835751],[113.8140814,42.2834805],[113.8139926,42.2833918],[113.8138924,42.2833101],[113.813782,42.283236],[113.8136622,42.2831703],[113.8135343,42.2831136],[113.8133995,42.2830664],[113.8132591,42.2830293],[113.8131144,42.2830024],[113.8129669,42.2829863],[113.812818,42.2829808],[113.8126691,42.2829863],[113.8125216,42.2830024],[113.8123769,42.2830293],[113.8122365,42.2830664],[113.8121017,42.2831136],[113.8119738,42.2831703],[113.811854,42.283236],[113.8117436,42.2833101],[113.8116434,42.2833918],[113.8115546,42.2834805],[113.8114779,42.2835751],[113.8114142,42.2836748],[113.8113639,42.2837787],[113.8113277,42.2838857],[113.8113058,42.2839948],[113.8112985,42.284105],[113.8113058,42.2842152],[113.8113277,42.2843243],[113.8113639,42.2844313],[113.8114142,42.2845352],[113.8114779,42.2846349],[113.8115546,42.2847295],[113.8116434,42.2848182],[113.8117436,42.2848999],[113.811854,42.284974],[113.8119738,42.2850397],[113.8121017,42.2850964],[113.8122365,42.2851436],[113.8123769,42.2851807],[113.8125216,42.2852076],[113.8126691,42.2852237],[113.812818,42.2852292]]]},"properties":{"name":"1407无名峰","peak_elev":1407,"radius_m":125,"layer":"ATS峰值响应半径","rank_pct":0.9775,"center_lon":113.812818,"center_lat":42.284105,"max_mean_jut":4.9663,"max_ats":3.0024,"r_jmean_peak":125,"r_ats_peak":125,"r_ats_marginal":687.5,"ats_marginal_rate_max":0.0005378216793531774,"ats_marginal_interval_start":625.0,"ats_marginal_interval_end":750.0,"is_expanded":false}},{"type":"Feature","geometry":{"type":"Polygon","coordinates":[[[113.2767944,42.2078846],[113.2769432,42.2078791],[113.2770905,42.207863],[113.277235,42.2078362],[113.2773752,42.207799],[113.2775098,42.2077518],[113.2776376,42.2076951],[113.2777572,42.2076294],[113.2778676,42.2075553],[113.2779676,42.2074736],[113.2780563,42.207385],[113.2781329,42.2072903],[113.2781965,42.2071906],[113.2782467,42.2070867],[113.2782829,42.2069797],[113.2783048,42.2068706],[113.2783121,42.2067604],[113.2783048,42.2066502],[113.2782829,42.2065411],[113.2782467,42.2064341],[113.2781965,42.2063302],[113.2781329,42.2062305],[113.2780563,42.2061359],[113.2779676,42.2060473],[113.2778676,42.2059655],[113.2777572,42.2058914],[113.2776376,42.2058257],[113.2775098,42.205769],[113.2773752,42.2057218],[113.277235,42.2056847],[113.2770905,42.2056579],[113.2769432,42.2056417],[113.2767944,42.2056363],[113.2766457,42.2056417],[113.2764984,42.2056579],[113.2763539,42.2056847],[113.2762137,42.2057218],[113.276079,42.205769],[113.2759513,42.2058257],[113.2758317,42.2058914],[113.2757213,42.2059655],[113.2756213,42.2060473],[113.2755326,42.2061359],[113.275456,42.2062305],[113.2753923,42.2063302],[113.2753421,42.2064341],[113.275306,42.2065411],[113.2752841,42.2066502],[113.2752768,42.2067604],[113.2752841,42.2068706],[113.275306,42.2069797],[113.2753421,42.2070867],[113.2753923,42.2071906],[113.275456,42.2072903],[113.2755326,42.207385],[113.2756213,42.2074736],[113.2757213,42.2075553],[113.2758317,42.2076294],[113.2759513,42.2076951],[113.276079,42.2077518],[113.2762137,42.207799],[113.2763539,42.2078362],[113.2764984,42.207863],[113.2766457,42.2078791],[113.2767944,42.2078846]]]},"properties":{"name":"1448无名峰","peak_elev":1448,"radius_m":125,"layer":"ATS峰值响应半径","rank_pct":0.9775,"center_lon":113.27679443359376,"center_lat":42.20676040649414,"max_mean_jut":3.883,"max_ats":1.8999,"r_jmean_peak":null,"r_ats_peak":125,"r_ats_marginal":312.5,"ats_marginal_rate_max":-0.0011181535628316083,"ats_marginal_interval_start":250.0,"ats_marginal_interval_end":375.0,"is_expanded":false}},{"type":"Feature","geometry":{"type":"Polygon","coordinates":[[[113.023738,41.255759],[113.0238846,41.2557536],[113.0240297,41.2557374],[113.0241721,41.2557106],[113.0243102,41.2556734],[113.0244429,41.2556263],[113.0245687,41.2555696],[113.0246866,41.2555038],[113.0247953,41.2554298],[113.0248939,41.255348],[113.0249813,41.2552594],[113.0250567,41.2551648],[113.0251195,41.2550651],[113.0251689,41.2549612],[113.0252046,41.2548542],[113.0252261,41.254745],[113.0252333,41.2546349],[113.0252261,41.2545247],[113.0252046,41.2544155],[113.0251689,41.2543085],[113.0251195,41.2542047],[113.0250567,41.2541049],[113.0249813,41.2540103],[113.0248939,41.2539217],[113.0247953,41.25384],[113.0246866,41.2537659],[113.0245687,41.2537002],[113.0244429,41.2536434],[113.0243102,41.2535963],[113.0241721,41.2535591],[113.0240297,41.2535323],[113.0238846,41.2535161],[113.023738,41.2535107],[113.0235914,41.2535161],[113.0234463,41.2535323],[113.0233039,41.2535591],[113.0231658,41.2535963],[113.0230331,41.2536434],[113.0229073,41.2537002],[113.0227894,41.2537659],[113.0226807,41.25384],[113.0225821,41.2539217],[113.0224947,41.2540103],[113.0224193,41.2541049],[113.0223565,41.2542047],[113.0223071,41.2543085],[113.0222714,41.2544155],[113.0222499,41.2545247],[113.0222427,41.2546349],[113.0222499,41.254745],[113.0222714,41.2548542],[113.0223071,41.2549612],[113.0223565,41.2550651],[113.0224193,41.2551648],[113.0224947,41.2552594],[113.0225821,41.255348],[113.0226807,41.2554298],[113.0227894,41.2555038],[113.0229073,41.2555696],[113.0230331,41.2556263],[113.0231658,41.2556734],[113.0233039,41.2557106],[113.0234463,41.2557374],[113.0235914,41.2557536],[113.023738,41.255759]]]},"properties":{"name":"1796无名峰","peak_elev":1796,"radius_m":125,"layer":"ATS峰值响应半径","rank_pct":0.9775,"center_lon":113.023738,"center_lat":41.25463485717773,"max_mean_jut":7.3691,"max_ats":3.5619,"r_jmean_peak":125,"r_ats_peak":125,"r_ats_marginal":1312.5,"ats_marginal_rate_max":-0.0007576243610303557,"ats_marginal_interval_start":1250.0,"ats_marginal_interval_end":1375.0,"is_expanded":false}},{"type":"Feature","geometry":{"type":"Polygon","coordinates":[[[113.020504,41.2501002],[113.0206506,41.2500947],[113.0207957,41.2500786],[113.020938,41.2500517],[113.0210762,41.2500146],[113.0212088,41.2499674],[113.0213347,41.2499107],[113.0214525,41.249845],[113.0215613,41.2497709],[113.0216598,41.2496892],[113.0217472,41.2496005],[113.0218226,41.2495059],[113.0218854,41.2494062],[113.0219348,41.2493023],[113.0219704,41.2491953],[113.021992,41.2490862],[113.0219992,41.248976],[113.021992,41.2488658],[113.0219704,41.2487567],[113.0219348,41.2486497],[113.0218854,41.2485458],[113.0218226,41.2484461],[113.0217472,41.2483515],[113.0216598,41.2482628],[113.0215613,41.2481811],[113.0214525,41.248107],[113.0213347,41.2480413],[113.0212088,41.2479846],[113.0210762,41.2479374],[113.020938,41.2479003],[113.0207957,41.2478734],[113.0206506,41.2478573],[113.020504,41.2478518],[113.0203574,41.2478573],[113.0202123,41.2478734],[113.02007,41.2479003],[113.0199318,41.2479374],[113.0197992,41.2479846],[113.0196733,41.2480413],[113.0195555,41.248107],[113.0194467,41.2481811],[113.0193482,41.2482628],[113.0192608,41.2483515],[113.0191854,41.2484461],[113.0191226,41.2485458],[113.0190732,41.2486497],[113.0190376,41.2487567],[113.019016,41.2488658],[113.0190088,41.248976],[113.019016,41.2490862],[113.0190376,41.2491953],[113.0190732,41.2493023],[113.0191226,41.2494062],[113.0191854,41.2495059],[113.0192608,41.2496005],[113.0193482,41.2496892],[113.0194467,41.2497709],[113.0195555,41.249845],[113.0196733,41.2499107],[113.0197992,41.2499674],[113.0199318,41.2500146],[113.02007,41.2500517],[113.0202123,41.2500786],[113.0203574,41.2500947],[113.020504,41.2501002]]]},"properties":{"name":"1817无名峰","peak_elev":1817,"radius_m":125,"layer":"ATS峰值响应半径","rank_pct":0.9775,"center_lon":113.020504,"center_lat":41.248976,"max_mean_jut":6.6885,"max_ats":4.5432,"r_jmean_peak":125,"r_ats_peak":125,"r_ats_marginal":812.5,"ats_marginal_rate_max":0.0005149277669091959,"ats_marginal_interval_start":750.0,"ats_marginal_interval_end":875.0,"is_expanded":false}},{"type":"Feature","geometry":{"type":"Polygon","coordinates":[[[113.896092,42.6687191],[113.8962419,42.6687136],[113.8963903,42.6686975],[113.8965358,42.6686707],[113.8966771,42.6686335],[113.8968127,42.6685863],[113.8969414,42.6685296],[113.8970619,42.6684639],[113.8971731,42.6683898],[113.8972738,42.6683081],[113.8973632,42.6682195],[113.8974403,42.6681248],[113.8975045,42.6680251],[113.897555,42.6679212],[113.8975915,42.6678142],[113.8976135,42.6677051],[113.8976208,42.6675949],[113.8976135,42.6674847],[113.8975915,42.6673756],[113.897555,42.6672686],[113.8975045,42.6671647],[113.8974403,42.667065],[113.8973632,42.6669704],[113.8972738,42.6668818],[113.8971731,42.6668],[113.8970619,42.6667259],[113.8969414,42.6666602],[113.8968127,42.6666035],[113.8966771,42.6665563],[113.8965358,42.6665192],[113.8963903,42.6664924],[113.8962419,42.6664762],[113.896092,42.6664708],[113.8959421,42.6664762],[113.8957937,42.6664924],[113.8956482,42.6665192],[113.8955069,42.6665563],[113.8953713,42.6666035],[113.8952426,42.6666602],[113.8951221,42.6667259],[113.8950109,42.6668],[113.8949102,42.6668818],[113.8948208,42.6669704],[113.8947437,42.667065],[113.8946795,42.6671647],[113.894629,42.6672686],[113.8945925,42.6673756],[113.8945705,42.6674847],[113.8945632,42.6675949],[113.8945705,42.6677051],[113.8945925,42.6678142],[113.894629,42.6679212],[113.8946795,42.6680251],[113.8947437,42.6681248],[113.8948208,42.6682195],[113.8949102,42.6683081],[113.8950109,42.6683898],[113.8951221,42.6684639],[113.8952426,42.6685296],[113.8953713,42.6685863],[113.8955069,42.6686335],[113.8956482,42.6686707],[113.8957937,42.6686975],[113.8959421,42.6687136],[113.896092,42.6687191]]]},"properties":{"name":"瑙滚努如1248","peak_elev":1248,"radius_m":125,"layer":"ATS峰值响应半径","rank_pct":0.9775,"center_lon":113.896092,"center_lat":42.66759490966797,"max_mean_jut":4.0723,"max_ats":2.5807,"r_jmean_peak":125,"r_ats_peak":125,"r_ats_marginal":1812.5,"ats_marginal_rate_max":0.0006236578990060959,"ats_marginal_interval_start":1750.0,"ats_marginal_interval_end":1875.0,"is_expanded":false}},{"type":"Feature","geometry":{"type":"Polygon","coordinates":[[[113.5346985,42.9834888],[113.5348491,42.9834834],[113.5349983,42.9834672],[113.5351446,42.9834404],[113.5352865,42.9834032],[113.5354229,42.9833561],[113.5355522,42.9832994],[113.5356733,42.9832336],[113.5357851,42.9831596],[113.5358863,42.9830778],[113.5359762,42.9829892],[113.5360537,42.9828946],[113.5361182,42.9827948],[113.536169,42.982691],[113.5362056,42.982584],[113.5362277,42.9824748],[113.5362351,42.9823647],[113.5362277,42.9822545],[113.5362056,42.9821453],[113.536169,42.9820383],[113.5361182,42.9819345],[113.5360537,42.9818347],[113.5359762,42.9817401],[113.5358863,42.9816515],[113.5357851,42.9815698],[113.5356733,42.9814957],[113.5355522,42.98143],[113.5354229,42.9813732],[113.5352865,42.9813261],[113.5351446,42.9812889],[113.5349983,42.9812621],[113.5348491,42.9812459],[113.5346985,42.9812405],[113.5345479,42.9812459],[113.5343987,42.9812621],[113.5342524,42.9812889],[113.5341104,42.9813261],[113.5339741,42.9813732],[113.5338448,42.98143],[113.5337237,42.9814957],[113.5336119,42.9815698],[113.5335106,42.9816515],[113.5334208,42.9817401],[113.5333433,42.9818347],[113.5332788,42.9819345],[113.533228,42.9820383],[113.5331914,42.9821453],[113.5331692,42.9822545],[113.5331618,42.9823647],[113.5331692,42.9824748],[113.5331914,42.982584],[113.533228,42.982691],[113.5332788,42.9827948],[113.5333433,42.9828946],[113.5334208,42.9829892],[113.5335106,42.9830778],[113.5336119,42.9831596],[113.5337237,42.9832336],[113.5338448,42.9832994],[113.5339741,42.9833561],[113.5341104,42.9834032],[113.5342524,42.9834404],[113.5343987,42.9834672],[113.5345479,42.9834834],[113.5346985,42.9834888]]]},"properties":{"name":"赛汉乌力吉1180","peak_elev":1180,"radius_m":125,"layer":"ATS峰值响应半径","rank_pct":0.9775,"center_lon":113.53469848632812,"center_lat":42.982364654541016,"max_mean_jut":4.3823,"max_ats":3.1026,"r_jmean_peak":125,"r_ats_peak":125,"r_ats_marginal":3125.0,"ats_marginal_rate_max":0.0004413388160234506,"ats_marginal_interval_start":3000.0,"ats_marginal_interval_end":3250.0,"is_expanded":false}},{"type":"Feature","geometry":{"type":"Polygon","coordinates":[[[113.405747,42.3631132],[113.4058961,42.3631077],[113.4060438,42.3630916],[113.4061886,42.3630647],[113.4063292,42.3630276],[113.4064642,42.3629804],[113.4065922,42.3629237],[113.4067122,42.362858],[113.4068228,42.3627839],[113.406923,42.3627022],[113.407012,42.3626135],[113.4070887,42.3625189],[113.4071526,42.3624192],[113.4072029,42.3623153],[113.4072391,42.3622083],[113.4072611,42.3620992],[113.4072684,42.361989],[113.4072611,42.3618788],[113.4072391,42.3617697],[113.4072029,42.3616627],[113.4071526,42.3615588],[113.4070887,42.3614591],[113.407012,42.3613645],[113.406923,42.3612758],[113.4068228,42.3611941],[113.4067122,42.36112],[113.4065922,42.3610543],[113.4064642,42.3609976],[113.4063292,42.3609504],[113.4061886,42.3609133],[113.4060438,42.3608864],[113.4058961,42.3608703],[113.405747,42.3608648],[113.4055979,42.3608703],[113.4054502,42.3608864],[113.4053054,42.3609133],[113.4051648,42.3609504],[113.4050298,42.3609976],[113.4049018,42.3610543],[113.4047818,42.36112],[113.4046712,42.3611941],[113.404571,42.3612758],[113.404482,42.3613645],[113.4044053,42.3614591],[113.4043414,42.3615588],[113.4042911,42.3616627],[113.4042549,42.3617697],[113.4042329,42.3618788],[113.4042256,42.361989],[113.4042329,42.3620992],[113.4042549,42.3622083],[113.4042911,42.3623153],[113.4043414,42.3624192],[113.4044053,42.3625189],[113.404482,42.3626135],[113.404571,42.3627022],[113.4046712,42.3627839],[113.4047818,42.362858],[113.4049018,42.3629237],[113.4050298,42.3629804],[113.4051648,42.3630276],[113.4053054,42.3630647],[113.4054502,42.3630916],[113.4055979,42.3631077],[113.405747,42.3631132]]]},"properties":{"name":"都仁乌力吉1375","peak_elev":1375,"radius_m":125,"layer":"ATS峰值响应半径","rank_pct":0.9775,"center_lon":113.405747,"center_lat":42.361989,"max_mean_jut":6.335,"max_ats":2.8235,"r_jmean_peak":125,"r_ats_peak":125,"r_ats_marginal":1062.5,"ats_marginal_rate_max":0.0011307577623489262,"ats_marginal_interval_start":1000.0,"ats_marginal_interval_end":1125.0,"is_expanded":false}}]}